<eac-cpf xmlns="urn:isbn:1-931666-33-4"
         xmlns:xsi="http://www.w3.org/2001/XMLSchema-instance"
         xsi:schemaLocation="urn:isbn:1-931666-33-4 cpf.xsd">
   <control>
      <recordId>FRAN_NP_005051</recordId>
      <otherRecordId localType="Ancien_identifiant">5101/IGAC</otherRecordId>
      <maintenanceStatus>revised</maintenanceStatus>
      <maintenanceAgency>
         <agencyName>Archives nationales de France</agencyName>
      </maintenanceAgency>
      <languageDeclaration>
         <language languageCode="fre">Français</language>
         <script scriptCode="Latn"/>
      </languageDeclaration>
      <conventionDeclaration>
         <citation>Notice établie conformément à la norme ICA-ISAAR (CPF) 2004, aux normes ISO 8601 pour le système de normalisation des dates utilisé, ainsi que AFNOR NF Z 44-061, juin 1986. Catalogage : forme et structure des vedettes noms de personne, des vedettes titres, des rubriques de classement et des titres forgés.</citation>
      </conventionDeclaration>
      <localControl localType="niveau_de_detail">
         <term>Moyenne</term>
      </localControl>
      <maintenanceHistory>
         <maintenanceEvent>
            <eventType>derived</eventType>
            <eventDateTime>2013-04-23</eventDateTime>
            <agentType>machine</agentType>
            <agent>Import_SIA</agent>
         </maintenanceEvent>
         <maintenanceEvent>
            <eventType>revised</eventType>
            <eventDateTime>2016-03-14</eventDateTime>
            <agentType>human</agentType>
            <agent>Marine ZELVERTE</agent>
            <eventDescription>F. Clavaud, 14 mars 2016 : revu lien BnF et liens IR ; pas d'ISNI</eventDescription>
         </maintenanceEvent>
      </maintenanceHistory>
      <sources>
         <source>
            <descriptiveNote>
               <p>Notice BnF: http://catalogue.bnf.fr/ark:/12148/cb12255288t</p>
            </descriptiveNote>
         </source>
      </sources>
   </control>
   <cpfDescription>
      <identity>
         <entityType>corporateBody</entityType>
         <nameEntry localType="autorisée" scriptCode="Latn" xml:lang="fre">
            <part>France. Ministère de la Culture et de la Communication. Inspection générale des affaires culturelles (1959-....)</part>
         </nameEntry>
         <nameEntry>
            <part>Inspection générale de l'administration des affaires culturelles</part>
            <useDates>
               <dateRange>
                  <fromDate standardDate="1973-01-01">1973</fromDate>
                  <toDate standardDate="2008-12-31">2008</toDate>
               </dateRange>
            </useDates>
         </nameEntry>
         <nameEntry>
            <part>Inspection générale des services administratifs</part>
            <useDates>
               <dateRange>
                  <fromDate standardDate="1959-01-01">1959</fromDate>
                  <toDate standardDate="1973-12-31">1973</toDate>
               </dateRange>
            </useDates>
         </nameEntry>
         <nameEntry>
            <part>IGAC</part>
            <useDates>
               <dateRange>
                  <fromDate standardDate="2008-01-01">2008</fromDate>
               </dateRange>
            </useDates>
         </nameEntry>
         <nameEntry>
            <part>IGAAC</part>
            <useDates>
               <dateRange>
                  <fromDate standardDate="1973-01-01">1973</fromDate>
                  <toDate standardDate="2008-12-31">2008</toDate>
               </dateRange>
            </useDates>
         </nameEntry>
      </identity>
      <description>
         <existDates>
            <dateRange>
               <fromDate standardDate="1959-01-01">1959</fromDate>
            </dateRange>
         </existDates>
         <legalStatuses>
            <legalStatus>
               <term vocabularySource="d5blonaxbw--1mt8t42bokzts">service d'administration centrale</term>
            </legalStatus>
         </legalStatuses>
         <functions>
            <function>
               <term vocabularySource="d3nyui03cb-w7bln4jba4fn">inspection</term>
            </function>
         </functions>
         <mandates>
            <mandate>
               <descriptiveNote>
                  <p>Décret n°73-1060 du 22 novembre 1973 PORTANT STATUT DU CORPS DE L'INSPECTION GENERALE DE L'ADMINISTRATION DES AFFAIRES CULTURELLES (RECRUTEMENT ET AVANCEMENT)</p>
                  <p> Décret n°73-1061 du 22 novembre 1973 COMPLETANT LE DECRET 63396 DU 10-04-1963 POUR L'APPLICATION DE L'ART. 20 (AL. 2) DU STATUT GENERAL DES FONCTIONNAIRES (INSPECTION GENERALE DE L'ADMINISTRATION DES AFFAIRES CULTURELLES) </p>
                  <p>Décret n° 2003-446 du 19 mai 2003 portant statut du corps de l'inspection générale de l'administration des affaires culturelles </p>
                  <p>Décret n° 2003-729 du 1er août 2003 portant organisation de l'inspection générale de l'administration des affaires culturelles</p>
                  <p>Décret n° 2008-144 du 15 février 2008 modifiant le décret n° 2003-446 du 19 mai 2003 portant statut du corps de l'inspection générale de l'administration des affaires culturelles et le décret n° 2003-729 du 1er août 2003 portant organisation de l'inspection générale de l'administration des affaires culturelles </p>
               </descriptiveNote>
            </mandate>
         </mandates>
         <biogHist>
            <p>Le service a été créé le 22 novembre 1973, par le décret n°73-1060, sous le nom d'Inspection générale de l'administration des affaires culturelles (IGAAC). Auparavant, il existait des inspecteurs généraux des services administratifs et un inspecteur général de la création artistique. </p>
            <p/>
            <p>Le service d'inspection comprend : </p>
            <list>
               <item>un chef du service, choisi parmi les inspecteurs généraux, mais titulaire d'un emploi spécifique ; </item>
               <item>les inspecteurs généraux ; </item>
               <item>des chargés de mission de catégorie A nommés pour deux ans. </item>
            </list>
            <p>Le chef de service est chargé de répartir les missions entre les inspecteurs et de coordonner leurs travaux. Parmi les inspecteurs, quatre sur cinq sont choisis parmi les fonctionnaires déjà en poste : </p>
            <list>
               <item>Directeurs et délégués de l'administration centrale ; </item>
               <item>Directeurs adjoints, sous-directeurs et chefs de service de l'administration centrale, directeurs régionaux des affaires culturelles et fonctionnaires occupant certains postes fonctionnels ; </item>
               <item>Administrateurs civils ayant une ancienneté suffisante. </item>
            </list>
            <p>Un inspecteur sur cinq est nommé au tour extérieur par décret en conseil des ministres. La personne ainsi nommée peut être ou non fonctionnaire, mais doit être âgée de 45 ans. Dans le statut de 1973, le corps comprenait alors des inspecteurs généraux de 2e et de 1re classes. Ce statut a ensuite été modifié en 1985, en 1987, en 1989 et en 1998, les modifications touchant le mode de recrutement et la structure du corps. En 1998 est créé un emploi de chef du service de l'inspection générale. Le décret de 1973 est finalement abrogé et remplacé par le décret no 2003-446 du 19 mai 2003. Cette réforme de 2003 élargit encore les possibilités de recrutement et supprime la division entre 2e et 1re classe. Il y avait alors 19 inspecteurs, dont deux en détachement. Le décret du 19 mai est complété par un autre décret, du 1er août 2003, sur l'organisation de l'Inspection en tant que service. </p>
            <p>L'Inspection générale change finalement de nom par le décret no 2008-144 du 15 février 2008 et prend son intitulé actuel IGAC (inspection générale des affaires culturelles). </p>
            <p/>
            <p>La mission de l'Inspection générale des affaires culturelles est très large. Elle peut s'exercer à l'égard de l'administration centrale, des services déconcentrés et des établissements publics sous tutelle du ministère de la Culture, mais également de toute personne ou collectivité pour ses activités subventionnées par le ministère. À ce titre, le rôle de l'Inspection peut s'étendre à une collectivité territoriale ou établissement public local, ou encore à une association ou une entreprise. En outre, à la demande du ministre, l'inspection peut intervenir auprès d'une autre administration française, nationale ou locale, ou étrangère, ou encore d'une personne privée. Outre l'inspection proprement dite, le service joue souvent un rôle d'étude et de conseil. L'Inspection générale des affaires culturelles rend, seule ou conjointement avec un autre service d'inspection, des rapports destinés à éclairer les politiques du ministère et à les évaluer. Elle peut aussi intervenir dans une situation ponctuelle, par exemple pour assurer une médiation entre un fonctionnaire du ministère et sa hiérarchie. Certains inspecteurs se voient confier des missions de plus longue durée, au titre de l'hygiène et de la sécurité ou comme correspondant du défenseur des droits. </p>
         </biogHist>
      </description>
      <relations>
         <cpfRelation xmlns:xlink="http://www.w3.org/1999/xlink"
                      cpfRelationType="associative"
                      xlink:href="FRAN_NP_051334"
                      xlink:type="simple">
            <relationEntry>Anthonioz, Bernard (1921-1994)</relationEntry>
            <dateRange>
               <fromDate standardDate="1966-01-01">1966</fromDate>
               <toDate standardDate="1986-12-31">1986</toDate>
            </dateRange>
         </cpfRelation>
         <cpfRelation xmlns:xlink="http://www.w3.org/1999/xlink"
                      cpfRelationType="associative"
                      xlink:href="FRAN_NP_051459"
                      xlink:type="simple">
            <relationEntry>Fosseyeux, Jean (1938-....)</relationEntry>
            <dateRange>
               <fromDate standardDate="1993-01-01">1993</fromDate>
            </dateRange>
            <descriptiveNote>
               <p>
     @isMemberOf@
    </p>
            </descriptiveNote>
         </cpfRelation>
         <cpfRelation xmlns:xlink="http://www.w3.org/1999/xlink"
                      cpfRelationType="hierarchical-parent"
                      xlink:href="FRAN_NP_000005"
                      xlink:type="simple">
            <relationEntry>Ministère de la Culture et de la Communication</relationEntry>
            <dateRange>
               <fromDate standardDate="1959-02-03">3 février 1959</fromDate>
               <toDate/>
            </dateRange>
         </cpfRelation>
         <resourceRelation xmlns:xlink="http://www.w3.org/1999/xlink"
                           resourceRelationType="creatorOf"
                           xlink:href="FRAN_IR_009789"
                           xlink:type="simple">
            <relationEntry localType="archival">Culture ; Cabinet et services rattachés au Ministre ; Inspection générale de l'administration (1883-1994)</relationEntry>
         </resourceRelation>
         <resourceRelation xmlns:xlink="http://www.w3.org/1999/xlink"
                           resourceRelationType="creatorOf"
                           xlink:href="FRAN_IR_009748"
                           xlink:type="simple">
            <relationEntry localType="archival">Culture ; Cabinet et services rattachés au Ministre ; Inspection générale de l'administration (1924-1995)</relationEntry>
         </resourceRelation>
         <resourceRelation xmlns:xlink="http://www.w3.org/1999/xlink"
                           resourceRelationType="creatorOf"
                           xlink:href="FRAN_IR_015067"
                           xlink:type="simple">
            <relationEntry localType="archival">Culture ; Cabinet et services rattachés au Ministre ; Inspection générale de l'administration (1957-1987)</relationEntry>
         </resourceRelation>
         <resourceRelation xmlns:xlink="http://www.w3.org/1999/xlink"
                           resourceRelationType="creatorOf"
                           xlink:href="FRAN_IR_016038"
                           xlink:type="simple">
            <relationEntry localType="archival">Culture ; Cabinet et services rattachés au Ministre ; Inspection générale de l'administration (1960-1994)</relationEntry>
         </resourceRelation>
         <resourceRelation xmlns:xlink="http://www.w3.org/1999/xlink"
                           resourceRelationType="creatorOf"
                           xlink:href="FRAN_IR_015777"
                           xlink:type="simple">
            <relationEntry localType="archival">Culture ; Cabinet et services rattachés au Ministre ; Inspection générale de l'administration (1960-1995)</relationEntry>
         </resourceRelation>
         <resourceRelation xmlns:xlink="http://www.w3.org/1999/xlink"
                           resourceRelationType="creatorOf"
                           xlink:href="FRAN_IR_009201"
                           xlink:type="simple">
            <relationEntry localType="archival">Culture ; Cabinet et services rattachés au Ministre ; Inspection générale de l'administration (1961-1985)</relationEntry>
         </resourceRelation>
         <resourceRelation xmlns:xlink="http://www.w3.org/1999/xlink"
                           resourceRelationType="creatorOf"
                           xlink:href="FRAN_IR_017935"
                           xlink:type="simple">
            <relationEntry localType="archival">Culture ; Cabinet et services rattachés au Ministre ; Inspection générale de l'administration (1961-1991)</relationEntry>
         </resourceRelation>
         <resourceRelation xmlns:xlink="http://www.w3.org/1999/xlink"
                           resourceRelationType="creatorOf"
                           xlink:href="FRAN_IR_007514"
                           xlink:type="simple">
            <relationEntry localType="archival">Culture ; Cabinet et services rattachés au Ministre ; Inspection générale de l'administration (1966-1989)</relationEntry>
         </resourceRelation>
         <resourceRelation xmlns:xlink="http://www.w3.org/1999/xlink"
                           resourceRelationType="creatorOf"
                           xlink:href="FRAN_IR_009792"
                           xlink:type="simple">
            <relationEntry localType="archival">Culture ; Cabinet et services rattachés au Ministre ; Inspection générale de l'administration (1966-1994)</relationEntry>
         </resourceRelation>
         <resourceRelation xmlns:xlink="http://www.w3.org/1999/xlink"
                           resourceRelationType="creatorOf"
                           xlink:href="FRAN_IR_009794"
                           xlink:type="simple">
            <relationEntry localType="archival">Culture ; Cabinet et services rattachés au Ministre ; Inspection générale de l'administration (1970-1995)</relationEntry>
         </resourceRelation>
         <resourceRelation xmlns:xlink="http://www.w3.org/1999/xlink"
                           resourceRelationType="creatorOf"
                           xlink:href="FRAN_IR_008549"
                           xlink:type="simple">
            <relationEntry localType="archival">Culture ; Cabinet et services rattachés au Ministre ; Inspection générale de l'administration (1978-1988)</relationEntry>
         </resourceRelation>
         <resourceRelation xmlns:xlink="http://www.w3.org/1999/xlink"
                           resourceRelationType="creatorOf"
                           xlink:href="FRAN_IR_015778"
                           xlink:type="simple">
            <relationEntry localType="archival">Culture ; Cabinet et services rattachés au Ministre ; Inspection générale de l'administration (1981-1996)</relationEntry>
         </resourceRelation>
         <resourceRelation xmlns:xlink="http://www.w3.org/1999/xlink"
                           resourceRelationType="creatorOf"
                           xlink:href="FRAN_IR_018632"
                           xlink:type="simple">
            <relationEntry localType="archival">Culture ; Cabinet et services rattachés au Ministre ; Inspection générale de l'administration (1983-1990)</relationEntry>
         </resourceRelation>
         <resourceRelation xmlns:xlink="http://www.w3.org/1999/xlink"
                           resourceRelationType="creatorOf"
                           xlink:href="FRAN_IR_008971"
                           xlink:type="simple">
            <relationEntry localType="archival">Culture ; Cabinet et services rattachés au Ministre ; Inspection générale de l'administration (1985-1992)</relationEntry>
         </resourceRelation>
         <resourceRelation xmlns:xlink="http://www.w3.org/1999/xlink"
                           resourceRelationType="creatorOf"
                           xlink:href="FRAN_IR_009202"
                           xlink:type="simple">
            <relationEntry localType="archival">Culture ; Cabinet et services rattachés au Ministre ; Inspection générale de l'administration (1986-1993)</relationEntry>
         </resourceRelation>
         <resourceRelation xmlns:xlink="http://www.w3.org/1999/xlink"
                           resourceRelationType="creatorOf"
                           xlink:href="FRAN_IR_023460"
                           xlink:type="simple">
            <relationEntry localType="archival">Culture ; Cabinet et services rattachés au Ministre ; Inspection générale de l'administration (1959-2002)</relationEntry>
         </resourceRelation>
         <resourceRelation xmlns:xlink="http://www.w3.org/1999/xlink"
                           resourceRelationType="creatorOf"
                           xlink:href="FRAN_IR_023474"
                           xlink:type="simple">
            <relationEntry localType="archival">Culture ; Cabinet et services rattachés au Ministre ; Inspection générale de l'administration (1991-2001)</relationEntry>
         </resourceRelation>
         <resourceRelation xmlns:xlink="http://www.w3.org/1999/xlink"
                           resourceRelationType="creatorOf"
                           xlink:href="FRAN_IR_023921"
                           xlink:type="simple">
            <relationEntry localType="archival">Culture ; Cabinet et services rattachés au Ministre ; Inspection générale de l'administration (1997-1998)</relationEntry>
         </resourceRelation>
         <resourceRelation xmlns:xlink="http://www.w3.org/1999/xlink"
                           resourceRelationType="creatorOf"
                           xlink:href="FRAN_IR_050656"
                           xlink:type="simple">
            <relationEntry localType="archival">Inspection générale de l'administration des affaires culturelles</relationEntry>
         </resourceRelation>
         <resourceRelation xmlns:xlink="http://www.w3.org/1999/xlink"
                           resourceRelationType="creatorOf"
                           xlink:href="FRAN_IR_054428"
                           xlink:type="simple">
            <relationEntry localType="archival">Inspection générale des affaires culturelles</relationEntry>
         </resourceRelation>
         <resourceRelation xmlns:xlink="http://www.w3.org/1999/xlink"
                           resourceRelationType="creatorOf"
                           xlink:href="FRAN_IR_055116"
                           xlink:type="simple">
            <relationEntry localType="archival">Dossiers de Bernard Anthonioz, chargé de mission au cabinet d'André Malraux (1958-1962), chef du service de la Création artistique (1962-1982) et inspecteur général de la Création artistique (1966-1985) au ministère de la Culture</relationEntry>
         </resourceRelation>
         <resourceRelation xmlns:xlink="http://www.w3.org/1999/xlink"
                           resourceRelationType="creatorOf"
                           xlink:href="FRAN_IR_056423"
                           xlink:type="simple">
            <relationEntry localType="archival">INSPECTION GÉNÉRALE DE L'ADMINISTRATION DES AFFAIRES CULTURELLES. Rapports d'inspection (1981-1992)</relationEntry>
         </resourceRelation>
      </relations>
   </cpfDescription>
</eac-cpf>
