<eac-cpf xmlns="urn:isbn:1-931666-33-4"
         xmlns:xsi="http://www.w3.org/2001/XMLSchema-instance"
         xsi:schemaLocation="urn:isbn:1-931666-33-4 cpf.xsd">
   <control>
      <recordId>FRAN_NP_010111</recordId>
      <maintenanceStatus>revised</maintenanceStatus>
      <maintenanceAgency>
         <agencyName>Archives nationales de France</agencyName>
      </maintenanceAgency>
      <languageDeclaration>
         <language languageCode="fre">Français</language>
         <script scriptCode="Latn"/>
      </languageDeclaration>
      <conventionDeclaration>
         <citation>Notice établie conformément à la norme ICA-ISAAR (CPF) 2004, aux normes ISO 8601 pour le système de normalisation des dates utilisé, ainsi que AFNOR NF Z 44-061, juin 1986. Catalogage : forme et structure des vedettes noms de personne, des vedettes titres, des rubriques de classement et des titres forgés.</citation>
      </conventionDeclaration>
      <localControl localType="niveau_de_detail">
         <term>Moyenne</term>
      </localControl>
      <maintenanceHistory>
         <maintenanceEvent>
            <eventType>derived</eventType>
            <eventDateTime>2013-04-23</eventDateTime>
            <agentType>machine</agentType>
            <agent>Import_SIA</agent>
         </maintenanceEvent>
         <maintenanceEvent>
            <eventType>revised</eventType>
            <eventDateTime>2017-02-27</eventDateTime>
            <agentType>human</agentType>
            <agent>Mission.referentiels MISSION.REFERENTIELS</agent>
         </maintenanceEvent>
         <maintenanceEvent>
            <eventType>updated</eventType>
            <eventDateTime>2017-02-27</eventDateTime>
            <agentType>human</agentType>
            <agent>Mission.referentiels MISSION.REFERENTIELS</agent>
            <eventDescription>F. clavaud, 27 février 2017 : notice remplie sur la base de la fiche word fournie par Bénédicte Fichet (DEL). Ajout liens d'identité, ISNI, liens d'association, indexation</eventDescription>
         </maintenanceEvent>
      </maintenanceHistory>
      <sources>
         <source>
            <sourceEntry>Dictionnaire des parlementaires français; notices biographiques sur les ministres, députés et sénateurs français de 1889 à 1940, sous la dir. de Jean Jolly, Paris, Assemblée nationale, 1960-1977.</sourceEntry>
         </source>
         <source>
            <sourceEntry>Dictionnaire des parlementaires français de 1940 à 1958, vol.5, Paris, La Documentation française, 2005.</sourceEntry>
         </source>
         <source>
            <sourceEntry>Lacouture (Jean), Pierre Mendès France, Paris, éditions du Seuil, 1981.</sourceEntry>
         </source>
      </sources>
   </control>
   <cpfDescription>
      <identity>
         <entityId>ISNI 0000 0001 2147 1707</entityId>
         <entityType>person</entityType>
         <nameEntry localType="autorisée" scriptCode="Latn" xml:lang="fre">
            <part>Mendès France, Pierre (1907-1982)</part>
         </nameEntry>
         <nameEntry>
            <part>Mendès France, Pierre Isaac Isidore</part>
         </nameEntry>
      </identity>
      <description>
         <existDates>
            <dateRange>
               <fromDate standardDate="1907-01-11">11 janvier 1907</fromDate>
               <toDate standardDate="1982-10-18">18 octobre 1982</toDate>
            </dateRange>
         </existDates>
         <places>
            <place>
               <placeRole>Lieu général</placeRole>
               <placeEntry localType="nomLieu">Louviers (Eure)</placeEntry>
               <placeEntry localType="lieu" vocabularySource="d3ntgj3z0g-hh873dzw468y">Louviers (Eure)</placeEntry>
               <descriptiveNote>
                  <p>P. Mendès France, maire de Louviers</p>
               </descriptiveNote>
            </place>
            <place>
               <placeRole>Lieu général</placeRole>
               <placeEntry localType="nomLieu">Paris (France)</placeEntry>
               <placeEntry localType="lieu" vocabularySource="d5bdppt147--176wwvjcctrx0">Paris (France)</placeEntry>
               <descriptiveNote>
                  <p>Naissance, études, fonctions parlementaires et gouvernementales, décès.</p>
               </descriptiveNote>
            </place>
            <place>
               <placeRole>Lieu général</placeRole>
               <placeEntry localType="nomLieu">Isère</placeEntry>
               <placeEntry localType="lieu" vocabularySource="d3ntb7zns3-w0k2gr4p0iqu">Isère (Rhône-Alpes , département)</placeEntry>
               <dateRange>
                  <fromDate standardDate="1967-01-01">1967</fromDate>
                  <toDate standardDate="1968-12-31">1968</toDate>
               </dateRange>
               <descriptiveNote>
                  <p>P. Mendès France, député de l'Isère</p>
               </descriptiveNote>
            </place>
            <place>
               <placeRole>Lieu général</placeRole>
               <placeEntry localType="nomLieu">Eure</placeEntry>
               <placeEntry localType="lieu" vocabularySource="d3ntb7o8hq-1b5fuvt2evll9">Eure (Haute-Normandie , département)</placeEntry>
               <dateRange>
                  <fromDate standardDate="1932-01-01">1932</fromDate>
                  <toDate standardDate="1958-12-31">1958</toDate>
               </dateRange>
               <descriptiveNote>
                  <p>P. Mendès France, député de l'Eure (1932-1940 puis 1946-1958)</p>
               </descriptiveNote>
            </place>
         </places>
         <occupations>
            <occupation>
               <term vocabularySource="d699msj742x--12cnnohd8i9wj">avocat</term>
            </occupation>
            <occupation>
               <term vocabularySource="d699msjyazt-1f0ggfyf3is8u">élu local</term>
               <descriptiveNote>
                  <p>maire de Louviers</p>
               </descriptiveNote>
            </occupation>
            <occupation>
               <term vocabularySource="d699msjnw86-64seh0fmw8hj">ministre</term>
               <dateRange>
                  <fromDate standardDate="1956-01-01">1956</fromDate>
                  <toDate standardDate="1956-12-31">1956</toDate>
               </dateRange>
               <descriptiveNote>
                  <p>ministre d'Etat</p>
               </descriptiveNote>
            </occupation>
            <occupation>
               <term vocabularySource="d699msjnw86-64seh0fmw8hj">ministre</term>
               <dateRange>
                  <fromDate standardDate="1954-06-01">juin 1954</fromDate>
                  <toDate standardDate="1955-02-28">février 1955</toDate>
               </dateRange>
               <descriptiveNote>
                  <p>ministre des Affaires étrangères (juin 1954-février 1955)</p>
               </descriptiveNote>
            </occupation>
            <occupation>
               <term vocabularySource="d699msjoa3b--rixjtrrcp6f0">président du Conseil</term>
               <dateRange>
                  <fromDate standardDate="1954-06-01">juin 1954</fromDate>
                  <toDate standardDate="1955-02-28">février 1955</toDate>
               </dateRange>
            </occupation>
            <occupation>
               <term vocabularySource="d699msjnw86-64seh0fmw8hj">ministre</term>
               <dateRange>
                  <fromDate standardDate="1944-01-01">1944</fromDate>
                  <toDate standardDate="1945-12-31">1945</toDate>
               </dateRange>
               <descriptiveNote>
                  <p>ministre de l'Économie nationale</p>
               </descriptiveNote>
            </occupation>
            <occupation>
               <term vocabularySource="d699msjnw86-64seh0fmw8hj">ministre</term>
               <dateRange>
                  <fromDate standardDate="1938-01-01">1938</fromDate>
                  <toDate standardDate="1938-12-31">1938</toDate>
               </dateRange>
               <descriptiveNote>
                  <p>sous-secrétaire d'État au Trésor</p>
               </descriptiveNote>
            </occupation>
            <occupation>
               <term vocabularySource="d699msiribo--1dn34eg8lht4f">député</term>
               <dateRange>
                  <fromDate standardDate="1932-01-01">1932</fromDate>
                  <toDate standardDate="1968-12-31">1968</toDate>
               </dateRange>
               <descriptiveNote>
                  <p>Député de l'Eure (1932-1940, puis 1946-1958), député de l'Isère (1967-1968) </p>
               </descriptiveNote>
            </occupation>
         </occupations>
         <generalContext>
            <p>Pierre Mendès France fut un acteur plein et entier de l'histoire politique française de la IIIe à la Ve République. Sous la IIIe République, il fut député, maire et conseiller général et participa de façon éphémère à l'aventure du Front populaire, en 1938, sous la houlette de Léon Blum, à un poste-clé : celui du Trésor. La Seconde Guerre mondiale le voit engagé dans les forces armées pendant la drôle de Guerre, puis dans l'épopée du Massilia. Incarcéré par le régime de Vichy, il subit un procès inique fondé sur ses origines juives et sur une prétendue trahison. Il participe bientôt à la Résistance, à Londres, sous l'autorité du général de Gaulle, malgré leurs différences idéologiques. Ce dernier en fit un des piliers du Gouvernement de la Libération. Leur collaboration fut assez brève, en raison de divergences de stratégie économique : Mendès France fut toujours un partisan de la rigueur économique et financière. Sous la IVe République, il fut un radical très actif au plan national comme au plan local, sur le même bord politique que Vincent Auriol, premier président de la IVe République. Ses compétences furent enfin reconnues quand il fut élu président du Conseil en 1954, sous la présidence de René Coty. À ce poste stratégique, il fut le moteur de la décolonisation, tout d'abord en Indochine, puis au Maghreb. Il fut un opposant résolu de la Ve République dès sa création et le demeura tout au long de sa vie et de ses travaux.</p>
         </generalContext>
         <biogHist>
            <p>Né le 11 janvier 1907 à Paris. Pierre Mendès France devient étudiant à la faculté de droit de Paris. En 1926, sa licence terminée, il s'inscrit au barreau de Paris. Il est alors le plus jeune avocat de France, comme il sera en 1928 le plus jeune docteur en droit. Après avoir animé la Ligue d'action universitaire républicaine et socialiste qui, à l'époque du cartel des Gauches, s'opposa en Sorbonne aux étudiants de l'Action française, il adhère au Parti radical dès 1924 où, avec Jean Zay, Pierre Cot, Jacques Kayser et Gaston Bergery, il fait partie des « Jeunes Turcs », sous l'égide de leur aîné, Édouard Daladier.</p>
            <p>Pierre Mendès France tient souvent des réunions locales et entre ainsi, un peu par hasard, en relations avec les membres du Parti dans le département de l'Eure. Ces derniers, après leur échec électoral de 1928, préparent leur revanche et lui proposent d'être leur candidat aux élections suivantes. Comme le Gouvernement vient de rétablir le tribunal de Louviers, supprimé quelques années plus tôt, et que le barreau de la ville ne compte qu'un seul membre, Mendès France accepte tout à la fois, dès 1929, de s'installer à Louviers, d'y ouvrir un cabinet d'avocat et d'y préparer les élections législatives de 1932, à l'issue desquelles il est élu, devenant le plus jeune député de France. Ses activités politiques, son métier d'avocat, ne l'empêchent pas de poursuivre des études économiques. Il collabore également aux Cahiers bleus de Georges Valois, comme spécialiste économique et financier du Parti radical. Secrétaire de ce parti, il prend position en faveur du Front populaire : sous ce drapeau, maire de Louviers et conseiller général depuis 1935, il se représente aux élections de 1936 et, au second tour, est réélu.</p>
            <p>Au sein du Parti radical, il défend inlassablement le contrat de majorité passé entre le Gouvernement Blum II et le Parlement. C'est au sein de ce gouvernement, en mars 1938, qu'il devient sous-secrétaire d'État au Trésor. Mendès France est alors, à 31 ans, le plus jeune ministre de France. Mais l'ensemble des conceptions du Gouvernement rencontre l'hostilité du Sénat et le cabinet Blum II tombe le 10 avril 1938.</p>
            <p>À l'aube de la guerre, Pierre Mendès France, député de l'Eure, refusant les facilités dont il pouvait bénéficier, s'engage comme lieutenant d'aviation et se trouve en France lors de l'invasion de mai-juin 1940. Il embarque finalement le 20 juin sur le Massilia avec sa famille pour le Maroc, comme militaire rejoignant son unité partie pour le Maroc, pour continuer à se battre. À Rabat, il est arrêté par les autorités de Vichy, puis incarcéré à Casablanca fin août.</p>
            <p>Transféré en octobre à la prison de Clermont-Ferrand, déchu de ses mandats électifs en raison de ses origines juives, il est condamné le 9 mai 1941 à six ans d'emprisonnement pour désertion au terme d'un procès inique. Un mois plus tard, il parvient à s'évader et rejoint Londres en février 1942. Après sa rencontre avec le chef de la France libre, il retrouve son escadrille « Lorraine ». Le général de Gaulle l'appelle à Alger en novembre 1943 en qualité de commissaire aux Finances du Comité français de libération nationale. Pierre Mendès France se met au travail, créant notamment la direction du Plan qui deviendra plus tard le Commissariat au Plan.</p>
            <p>En juin 1944, il dirige la mission française à la conférence de Bretton Woods et négocie à Washington les parités financières qui seront établies entre le dollar et les monnaies alliées. Paris libéré, Pierre Mendès France, âgé seulement de 35 ans, s'installe rue de Rivoli pour prendre ses fonctions de ministre d'une économie nationale ruinée. Démissionnaire le 5 avril 1945, il retrouve le conseil général de l'Eure, dont il devient président. En revanche, il échoue, le 21 octobre de la même année, aux élections à l'Assemblée nationale constituante, avant d'être élu, le 2 juin 1946, aux élections à la seconde Assemblée nationale constituante.</p>
            <p>Il mène aussi une véritable carrière politique internationale : gouverneur du Fonds monétaire international et gouverneur adjoint de la Banque internationale pour la reconstruction et le développement de 1946 à 1958, il est aussi, de 1947 à 1951, le représentant permanent de la France au Conseil économique et social de l'Organisation des Nations-unies. De retour au Palais Bourbon, Pierre Mendès France retrouve la commission des Finances et du Contrôle budgétaire. Vers la fin de cette première législature, il commence à interpeller vivement le Gouvernement sur l'Indochine, se transformant peu à peu en « procureur parlementaire » sur cette question.</p>
            <p>Le 17 juin 1951, il est de nouveau député de l'Eure. Le 17 juin 1954, il est désigné comme président du Conseil. Son gouvernement va durer sept mois et dix-sept jours, période brève, sans rapport avec l'ampleur des réformes accomplies et le souvenir laissé dans l'esprit des Français. La « Toussaint sanglante » scelle, à terme, le sort du Gouvernement Mendès France : une série d'attentats marque le début de l'insurrection en Algérie le 1er novembre 1954. Il est renversé le 5 février 1955.</p>
            <p>Redevenu simple député, réélu dans l'Eure, Pierre Mendès France s'emploie à rénover le Parti radical-socialiste. L'ancien président du Conseil, doublé par Guy Mollet, devient ministre d'État, sans attributions particulières, dans le cabinet du Front républicain en février 1956. Il en démissionne le 23 mai, abandonnant aussi la direction du Parti radical. Candidat dans l’Eure (Louviers) aux élections législatives des 23 et 30 novembre 1958, il essuie un échec sévère dès le premier tour, dans le contexte du retour du général de Gaulle au pouvoir.</p>
            <p>Pierre Mendès France choisit alors de se consacrer essentiellement à la réflexion politique et à l’écriture. Membre du Parti socialiste autonome en 1959, puis adhérent du Parti socialiste unifié l’année suivante, il manifeste son ralliement à un socialisme de « démocratie économique et politique ». Il soutient François Mitterrand lors de l’élection présidentielle de 1965. Les élections législatives des 5 et 12 mars 1967 sont l’occasion d’un véritable retour. Pierre Mendès France accepte de se présenter dans la 9e circonscription de l’Isère. Apparenté au groupe de la Fédération de la gauche démocrate et socialiste [FGDS], il l’emporte logiquement au second tour sur son adversaire gaulliste.</p>
            <p>Candidat à sa propre succession à l’occasion des élections législatives anticipées des 23 et 30 juin 1968, Pierre Mendès France est battu par Jean-Marcel Jeanneney avec 69 bulletins d’avance, dans le contexte des événements de mai 1968. Cet échec électoral est le dernier de la carrière de l’ancien président du Conseil. Il décide alors de démissionner du PSU, mais accepte de suivre Gaston Defferre dans son aventure présidentielle, le 1er juin 1969. Mendès essuie, certes non nominalement mais personnellement, un revers électoral mesurable aux quelque 5% de voix recueillies par le maire de Marseille.</p>
            <p>La dernière décennie de son existence sera marquée par un investissement personnel important dans l'écriture et un déplacement de ses préoccupations vers la paix au Proche-Orient, la crise mondiale ou la mise en garde d’une gauche française contre les tentations d’ignorer les impératifs de la rationalité, sinon du réalisme économique. L’homme, pour savoir ne plus devoir y tenir une place active, se veut aiguillon et s’espère garde-fou d’une Gauche appelée à gouverner. Ce rêve, dont il se serait sans doute volontiers vu l’incarnation mais qu’il abandonne à d’autres, prend chair dans cette accolade donnée par François Mitterrand le 21 mai 1981 lors de sa cérémonie d’installation. Pierre Mendès France meurt à sa table de travail le 18 octobre 1982 dans son domicile parisien, rue du Conseiller-Collignon.</p>
         </biogHist>
      </description>
      <relations>
         <cpfRelation xmlns:xlink="http://www.w3.org/1999/xlink"
                      cpfRelationType="identity"
                      xlink:href="http://catalogue.bnf.fr/ark:/12148/cb119155657"
                      xlink:type="simple">
            <relationEntry>Mendès France, Pierre (1907-1982)</relationEntry>
            <dateRange>
               <fromDate standardDate="1907-01-11">11 janvier 1907</fromDate>
               <toDate standardDate="1982-10-18">18 octobre 1982</toDate>
            </dateRange>
         </cpfRelation>
         <cpfRelation xmlns:xlink="http://www.w3.org/1999/xlink"
                      cpfRelationType="associative"
                      xlink:href="FRAN_NP_050235"
                      xlink:type="simple">
            <relationEntry>Parti socialiste unifié (PSU)</relationEntry>
            <dateRange>
               <fromDate standardDate="1960-01-01">1960</fromDate>
               <toDate standardDate="1968-12-31">1968</toDate>
            </dateRange>
            <descriptiveNote>
               <p>P. Mendès France, membre du PSU</p>
            </descriptiveNote>
         </cpfRelation>
         <cpfRelation xmlns:xlink="http://www.w3.org/1999/xlink"
                      cpfRelationType="associative"
                      xlink:href="FRAN_NP_007079"
                      xlink:type="simple">
            <relationEntry>Ministère de l'Économie et des Finances</relationEntry>
            <dateRange>
               <fromDate standardDate="1944-01-01">1944</fromDate>
               <toDate standardDate="1945-04-30">avril 1945</toDate>
            </dateRange>
            <descriptiveNote>
               <p>P. Mendès France, ministre de l'Economie nationale</p>
            </descriptiveNote>
         </cpfRelation>
         <cpfRelation xmlns:xlink="http://www.w3.org/1999/xlink"
                      cpfRelationType="associative"
                      xlink:href="FRAN_NP_002084"
                      xlink:type="simple">
            <relationEntry>Ministère des Affaires étrangères</relationEntry>
            <dateRange>
               <fromDate standardDate="1954-06-01">juin 1954</fromDate>
               <toDate standardDate="1955-02-28">février 1955</toDate>
            </dateRange>
            <descriptiveNote>
               <p>P. Mendès France, ministre des Affaires étrangères</p>
            </descriptiveNote>
         </cpfRelation>
         <cpfRelation xmlns:xlink="http://www.w3.org/1999/xlink"
                      cpfRelationType="associative"
                      xlink:href="FRAN_NP_050284"
                      xlink:type="simple">
            <relationEntry>Coty, René</relationEntry>
            <dateRange>
               <fromDate standardDate="1954-06-01">juin 1954</fromDate>
               <toDate standardDate="1955-02-28">février 1955</toDate>
            </dateRange>
            <descriptiveNote>
               <p>P. Mendès France, président du Conseil, R. Coty étant président de la République</p>
            </descriptiveNote>
         </cpfRelation>
         <cpfRelation xmlns:xlink="http://www.w3.org/1999/xlink"
                      cpfRelationType="associative"
                      xlink:href="FRAN_NP_052068"
                      xlink:type="simple">
            <relationEntry>Parti radical (France ; 1901-....)</relationEntry>
            <dateRange>
               <fromDate standardDate="1955-01-01">1955</fromDate>
               <toDate standardDate="1957-12-31">1957</toDate>
            </dateRange>
            <descriptiveNote>
               <p>
     Premier vice-président de 1955 à 1957 puis président par interim en 1957.
    </p>
            </descriptiveNote>
         </cpfRelation>
         <cpfRelation xmlns:xlink="http://www.w3.org/1999/xlink"
                      cpfRelationType="identity"
                      xlink:href="https://fr.wikipedia.org/wiki/Pierre_Mend%C3%A8s_France"
                      xlink:type="simple">
            <relationEntry>Pierre Mendès France</relationEntry>
            <dateRange>
               <fromDate standardDate="1907-01-11">11 janvier 1907</fromDate>
               <toDate standardDate="1982-10-18">18 octobre 1982</toDate>
            </dateRange>
         </cpfRelation>
         <cpfRelation xmlns:xlink="http://www.w3.org/1999/xlink"
                      cpfRelationType="associative"
                      xlink:href="FRAN_NP_050274"
                      xlink:type="simple">
            <relationEntry>Zay, Jean (1904-1944)</relationEntry>
            <dateRange>
               <fromDate standardDate="1938-03-01">mars 1938</fromDate>
               <toDate standardDate="1938-04-30">avril 1938</toDate>
            </dateRange>
            <descriptiveNote>
               <p>P. Mendès France et Jean Zay (ministre de l'Education nationale) dans le même gouvernement</p>
            </descriptiveNote>
         </cpfRelation>
         <cpfRelation xmlns:xlink="http://www.w3.org/1999/xlink"
                      cpfRelationType="associative"
                      xlink:href="FRAN_NP_050200"
                      xlink:type="simple">
            <relationEntry>Blum, Léon (1872-1950)</relationEntry>
            <dateRange>
               <fromDate standardDate="1938-01-01">1938</fromDate>
               <toDate standardDate="1938-12-31">1938</toDate>
            </dateRange>
            <descriptiveNote>
               <p>Pierre Mendès France, sous-secrétaire d'Etat dans le gouvernement de Léon Blum, président du Conseil</p>
            </descriptiveNote>
         </cpfRelation>
         <cpfRelation xmlns:xlink="http://www.w3.org/1999/xlink"
                      cpfRelationType="associative"
                      xlink:href="FRAN_NP_050317"
                      xlink:type="simple">
            <relationEntry>Faure, Edgar (1908-1988)</relationEntry>
            <dateRange>
               <fromDate standardDate="1954-06-01">juin 1954</fromDate>
               <toDate standardDate="1955-02-28">février 1955</toDate>
            </dateRange>
            <descriptiveNote>
               <p>
      P. Mendès France, président du Conseil de juin 1954 à février 1955, Edgar Faure étant ministre 
    </p>
            </descriptiveNote>
         </cpfRelation>
         <cpfRelation xmlns:xlink="http://www.w3.org/1999/xlink"
                      cpfRelationType="temporal-later"
                      xlink:href="FRAN_NP_050317"
                      xlink:type="simple">
            <relationEntry>Faure, Edgar (1908-1988)</relationEntry>
            <dateRange>
               <fromDate standardDate="1955-02-01">février 1955</fromDate>
            </dateRange>
            <descriptiveNote>
               <p>
      P. Mendès France a pour successeur Edgar Faure à la présidence du Conseil 
    </p>
            </descriptiveNote>
         </cpfRelation>
         <resourceRelation xmlns:xlink="http://www.w3.org/1999/xlink"
                           resourceRelationType="creatorOf"
                           xlink:href="FRAN_IR_053792"
                           xlink:type="simple">
            <relationEntry localType="archival">Fonds Pierre Mendès France</relationEntry>
         </resourceRelation>
      </relations>
   </cpfDescription>
</eac-cpf>
