<eac-cpf xmlns="urn:isbn:1-931666-33-4"
         xmlns:xsi="http://www.w3.org/2001/XMLSchema-instance"
         xsi:schemaLocation="urn:isbn:1-931666-33-4 cpf.xsd">
   <control>
      <recordId>FRAN_NP_010190</recordId>
      <otherRecordId localType="Ancien_identifiant">FRDAFANCH00MC_NAETUDE_063</otherRecordId>
      <maintenanceStatus>derived</maintenanceStatus>
      <maintenanceAgency>
         <agencyName>Archives nationales de France</agencyName>
      </maintenanceAgency>
      <languageDeclaration>
         <language languageCode="fre">Français</language>
         <script scriptCode="Latn"/>
      </languageDeclaration>
      <conventionDeclaration>
         <citation>Notice établie conformément à la norme ICA-ISAAR (CPF) 2004, aux normes ISO 8601 pour le système de normalisation des dates utilisé, ainsi que AFNOR NF Z 44-061, juin 1986. Catalogage : forme et structure des vedettes noms de personne, des vedettes titres, des rubriques de classement et des titres forgés.</citation>
      </conventionDeclaration>
      <localControl localType="niveau_de_detail">
         <term>Moyenne</term>
      </localControl>
      <maintenanceHistory>
         <maintenanceEvent>
            <eventType>derived</eventType>
            <eventDateTime>2013-04-23</eventDateTime>
            <agentType>machine</agentType>
            <agent>Migration ETANOT</agent>
         </maintenanceEvent>
      </maintenanceHistory>
   </control>
   <cpfDescription>
      <identity>
         <entityType>corporateBody</entityType>
         <nameEntry localType="autorisée" scriptCode="Latn" xml:lang="fre">
            <part>Etude LXIII</part>
         </nameEntry>
         <nameEntry>
            <part>indéterminé</part>
         </nameEntry>
      </identity>
      <description>
         <existDates>
            <dateRange>
               <fromDate standardDate="1617-01-01">1617</fromDate>
            </dateRange>
         </existDates>
         <functions>
            <function>
               <term vocabularySource="d3nyui3o8w--11y7jgy8q3wnt">notaire à paris</term>
               <dateRange>
                  <fromDate standardDate="1617-01-01">1617</fromDate>
                  <toDate/>
               </dateRange>
            </function>
         </functions>
         <biogHist>
            <p>Fusion avec les études XV et XL en 1973. Les minutes anciennes de cette étude ont été presque entièrement détruites en 1871, lors des incendies de la Commune. Ses titulaires ont résidé dans le voisinage du Châtelet : rue Saint-Jacques -de-la-Boucherie au XVIIème siècle ; rue des Lombards de 1689 à 1842 ; place du Châtelet de 1842 à 1856 ; boulevard Sébastopol de 1856 à 1872 ; enfin avenue Victoria et rue de Rivoli depuis 1887.</p>
         </biogHist>
      </description>
      <relations>
         <cpfRelation xmlns:xlink="http://www.w3.org/1999/xlink"
                      cpfRelationType="associative"
                      xlink:href="FRAN_NP_010992"
                      xlink:type="simple">
            <relationEntry>Poultier, Clément Denis</relationEntry>
            <dateRange>
               <fromDate standardDate="1742-12-18">18 décembre 1742</fromDate>
               <toDate standardDate="1752-10-14">14 octobre 1752</toDate>
            </dateRange>
         </cpfRelation>
         <cpfRelation xmlns:xlink="http://www.w3.org/1999/xlink"
                      cpfRelationType="associative"
                      xlink:href="FRAN_NP_010456"
                      xlink:type="simple">
            <relationEntry>Thouard, Hippolyte</relationEntry>
            <dateRange>
               <fromDate standardDate="1852-10-27">27 octobre 1852</fromDate>
               <toDate standardDate="1870-03-29">29 mars 1870</toDate>
            </dateRange>
         </cpfRelation>
         <cpfRelation xmlns:xlink="http://www.w3.org/1999/xlink"
                      cpfRelationType="associative"
                      xlink:href="FRAN_NP_010483"
                      xlink:type="simple">
            <relationEntry>Trianon, Jean Augustin</relationEntry>
            <dateRange>
               <fromDate standardDate="1803-01-27">27 janvier 1803</fromDate>
               <toDate standardDate="1818-12-26">26 décembre 1818</toDate>
            </dateRange>
         </cpfRelation>
         <cpfRelation xmlns:xlink="http://www.w3.org/1999/xlink"
                      cpfRelationType="associative"
                      xlink:href="FRAN_NP_010625"
                      xlink:type="simple">
            <relationEntry>Raymond, Louis Xavier</relationEntry>
            <dateRange>
               <fromDate standardDate="1721-08-06">6 août 1721</fromDate>
               <toDate standardDate="1742-12-18">18 décembre 1742</toDate>
            </dateRange>
         </cpfRelation>
         <cpfRelation xmlns:xlink="http://www.w3.org/1999/xlink"
                      cpfRelationType="associative"
                      xlink:href="FRAN_NP_013120"
                      xlink:type="simple">
            <relationEntry>Anceaume, Jean</relationEntry>
            <dateRange>
               <fromDate standardDate="1617-07-21">21 juillet 1617</fromDate>
               <toDate standardDate="1648-08-19">19 août 1648</toDate>
            </dateRange>
         </cpfRelation>
         <cpfRelation xmlns:xlink="http://www.w3.org/1999/xlink"
                      cpfRelationType="associative"
                      xlink:href="FRAN_NP_012014"
                      xlink:type="simple">
            <relationEntry>Fabreguettes, Jean</relationEntry>
            <dateRange>
               <fromDate standardDate="1715-05-17">17 mai 1715</fromDate>
               <toDate standardDate="1721-08-06">6 août 1721</toDate>
            </dateRange>
         </cpfRelation>
         <cpfRelation xmlns:xlink="http://www.w3.org/1999/xlink"
                      cpfRelationType="associative"
                      xlink:href="FRAN_NP_013157"
                      xlink:type="simple">
            <relationEntry>Aubron, Maxime</relationEntry>
            <dateRange>
               <fromDate standardDate="1896-02-13">13 février 1896</fromDate>
               <toDate standardDate="1925-01-31">31 janvier 1925</toDate>
            </dateRange>
         </cpfRelation>
         <cpfRelation xmlns:xlink="http://www.w3.org/1999/xlink"
                      cpfRelationType="associative"
                      xlink:href="FRAN_NP_013156"
                      xlink:type="simple">
            <relationEntry>Aubron, Isidore Auguste</relationEntry>
            <dateRange>
               <fromDate standardDate="1870-03-29">29 mars 1870</fromDate>
               <toDate standardDate="1896-02-13">13 février 1896</toDate>
            </dateRange>
         </cpfRelation>
         <cpfRelation xmlns:xlink="http://www.w3.org/1999/xlink"
                      cpfRelationType="associative"
                      xlink:href="FRAN_NP_013166"
                      xlink:type="simple">
            <relationEntry>Aumont, Nicolas</relationEntry>
            <dateRange>
               <fromDate standardDate="1689-04-01">1er avril 1689</fromDate>
               <toDate standardDate="1715-05-17">17 mai 1715</toDate>
            </dateRange>
         </cpfRelation>
         <cpfRelation xmlns:xlink="http://www.w3.org/1999/xlink"
                      cpfRelationType="associative"
                      xlink:href="FRAN_NP_013159"
                      xlink:type="simple">
            <relationEntry>Aubron, Yves Jean</relationEntry>
            <dateRange>
               <fromDate standardDate="1953-02-06">6 février 1953</fromDate>
               <toDate standardDate="1973-04-18">18 avril 1973</toDate>
            </dateRange>
         </cpfRelation>
         <cpfRelation xmlns:xlink="http://www.w3.org/1999/xlink"
                      cpfRelationType="associative"
                      xlink:href="FRAN_NP_013158"
                      xlink:type="simple">
            <relationEntry>Aubron, Robert Jean Maxime</relationEntry>
            <dateRange>
               <fromDate standardDate="1925-01-31">31 janvier 1925</fromDate>
               <toDate standardDate="1953-02-06">6 février 1953</toDate>
            </dateRange>
         </cpfRelation>
         <cpfRelation xmlns:xlink="http://www.w3.org/1999/xlink"
                      cpfRelationType="associative"
                      xlink:href="FRAN_NP_012950"
                      xlink:type="simple">
            <relationEntry>Bonnefons, Georges Benoît</relationEntry>
            <dateRange>
               <fromDate standardDate="1818-12-26">26 décembre 1818</fromDate>
               <toDate standardDate="1827-12-28">28 décembre 1827</toDate>
            </dateRange>
         </cpfRelation>
         <cpfRelation xmlns:xlink="http://www.w3.org/1999/xlink"
                      cpfRelationType="associative"
                      xlink:href="FRAN_NP_010614"
                      xlink:type="simple">
            <relationEntry>Rallu, Jacques</relationEntry>
            <dateRange>
               <fromDate standardDate="1648-08-19">19 août 1648</fromDate>
               <toDate standardDate="1689-04-01">1er avril 1689</toDate>
            </dateRange>
         </cpfRelation>
         <cpfRelation xmlns:xlink="http://www.w3.org/1999/xlink"
                      cpfRelationType="associative"
                      xlink:href="FRAN_NP_010735"
                      xlink:type="simple">
            <relationEntry>Rousseau, Denis Auguste</relationEntry>
            <dateRange>
               <fromDate standardDate="1827-12-28">28 décembre 1827</fromDate>
               <toDate standardDate="1842-06-04">4 juin 1842</toDate>
            </dateRange>
         </cpfRelation>
         <cpfRelation xmlns:xlink="http://www.w3.org/1999/xlink"
                      cpfRelationType="associative"
                      xlink:href="FRAN_NP_010499"
                      xlink:type="simple">
            <relationEntry>Troyon, Pierre Eugène</relationEntry>
            <dateRange>
               <fromDate standardDate="1842-06-04">4 juin 1842</fromDate>
               <toDate standardDate="1852-10-27">27 octobre 1852</toDate>
            </dateRange>
         </cpfRelation>
         <cpfRelation xmlns:xlink="http://www.w3.org/1999/xlink"
                      cpfRelationType="associative"
                      xlink:href="FRAN_NP_011357"
                      xlink:type="simple">
            <relationEntry>Larcher, Louis Jacques</relationEntry>
            <dateRange>
               <fromDate standardDate="1777-04-29">29 avril 1777</fromDate>
               <toDate standardDate="1803-01-27">27 janvier 1803</toDate>
            </dateRange>
         </cpfRelation>
         <cpfRelation xmlns:xlink="http://www.w3.org/1999/xlink"
                      cpfRelationType="associative"
                      xlink:href="FRAN_NP_012304"
                      xlink:type="simple">
            <relationEntry>Davier, Philippe Elie</relationEntry>
            <dateRange>
               <fromDate standardDate="1752-10-14">14 octobre 1752</fromDate>
               <toDate standardDate="1777-03-29">29 mars 1777</toDate>
            </dateRange>
         </cpfRelation>
         <resourceRelation xmlns:xlink="http://www.w3.org/1999/xlink"
                           resourceRelationType="subjectOf"
                           xlink:href="FRAN_IR_042455"
                           xlink:type="simple">
            <relationEntry localType="archival">Minutes et répertoires du notaire Isidore Auguste AUBRON, 29 mars 1870 - 13 juillet 1896 (étude LXIII)</relationEntry>
         </resourceRelation>
         <resourceRelation xmlns:xlink="http://www.w3.org/1999/xlink"
                           resourceRelationType="subjectOf"
                           xlink:href="FRAN_IR_042457"
                           xlink:type="simple">
            <relationEntry localType="archival">Minutes et répertoires du notaire Hippolyte THOUARD, 27 octobre 1852 - 29 mars 1870 (étude LXIII)</relationEntry>
         </resourceRelation>
         <resourceRelation xmlns:xlink="http://www.w3.org/1999/xlink"
                           resourceRelationType="creatorOf"
                           xlink:href="FRAN_IR_042454"
                           xlink:type="simple">
            <relationEntry localType="archival">Minutes et répertoires du notaire Jacques RALLU, 17 janvier 1656 - 1er avril 1689 (étude LXIII)</relationEntry>
         </resourceRelation>
         <resourceRelation xmlns:xlink="http://www.w3.org/1999/xlink"
                           resourceRelationType="creatorOf"
                           xlink:href="FRAN_IR_042452"
                           xlink:type="simple">
            <relationEntry localType="archival">Minutes et répertoires du notaire Philippe Élie DAVIER, 14 octobre 1752 - 29 mars 1777 (étude LXIII)</relationEntry>
         </resourceRelation>
         <resourceRelation xmlns:xlink="http://www.w3.org/1999/xlink"
                           resourceRelationType="creatorOf"
                           xlink:href="FRAN_IR_042453"
                           xlink:type="simple">
            <relationEntry localType="archival">Minutes et répertoires du notaire Jean Augustin TRIANON, 27 janvier 1803 - 30 avril 1804 (étude LXIII)</relationEntry>
         </resourceRelation>
         <resourceRelation xmlns:xlink="http://www.w3.org/1999/xlink"
                           resourceRelationType="creatorOf"
                           xlink:href="FRAN_IR_042456"
                           xlink:type="simple">
            <relationEntry localType="archival">Minutes et répertoires du notaire Pierre Eugène TROYON, 23 mars 1850 - 27 octobre 1852 (étude LXIII)</relationEntry>
         </resourceRelation>
         <resourceRelation xmlns:xlink="http://www.w3.org/1999/xlink"
                           resourceRelationType="creatorOf"
                           xlink:href="FRAN_IR_052285"
                           xlink:type="simple">
            <relationEntry localType="archival">Images du répertoire du notaire Hippolyte Thouard pour l'étude LXIII</relationEntry>
         </resourceRelation>
         <resourceRelation xmlns:xlink="http://www.w3.org/1999/xlink"
                           resourceRelationType="creatorOf"
                           xlink:href="FRAN_IR_052300"
                           xlink:type="simple">
            <relationEntry localType="archival">Images des répertoires du notaire Isidore Auguste Aubron pour l'étude LXIII</relationEntry>
         </resourceRelation>
         <resourceRelation xmlns:xlink="http://www.w3.org/1999/xlink"
                           resourceRelationType="creatorOf"
                           xlink:href="FRAN_IR_052301"
                           xlink:type="simple">
            <relationEntry localType="archival">Images des répertoires du notaire Maxime Aubron pour l'étude LXIII</relationEntry>
         </resourceRelation>
         <resourceRelation xmlns:xlink="http://www.w3.org/1999/xlink"
                           resourceRelationType="creatorOf"
                           xlink:href="FRAN_IR_042451"
                           xlink:type="simple">
            <relationEntry localType="archival">Archives de l'étude LXIII</relationEntry>
         </resourceRelation>
      </relations>
   </cpfDescription>
</eac-cpf>
