<eac-cpf xmlns="urn:isbn:1-931666-33-4"
         xmlns:xsi="http://www.w3.org/2001/XMLSchema-instance"
         xsi:schemaLocation="urn:isbn:1-931666-33-4 cpf.xsd">
   <control>
      <recordId>FRAN_NP_009218</recordId>
      <otherRecordId localType="Ancien_identifiant">9841/BUGNA</otherRecordId>
      <maintenanceStatus>revised</maintenanceStatus>
      <maintenanceAgency>
         <agencyName>Archives nationales de France</agencyName>
      </maintenanceAgency>
      <languageDeclaration>
         <language languageCode="fre">Français</language>
         <script scriptCode="Latn"/>
      </languageDeclaration>
      <conventionDeclaration>
         <citation>Notice établie conformément à la norme ICA-ISAAR (CPF) 2004, aux normes ISO 8601 pour le système de normalisation des dates utilisé, ainsi que AFNOR NF Z 44-061, juin 1986. Catalogage : forme et structure des vedettes noms de personne, des vedettes titres, des rubriques de classement et des titres forgés.</citation>
      </conventionDeclaration>
      <localControl localType="niveau_de_detail">
         <term>Moyenne</term>
      </localControl>
      <maintenanceHistory>
         <maintenanceEvent>
            <eventType>derived</eventType>
            <eventDateTime>2013-04-23</eventDateTime>
            <agentType>machine</agentType>
            <agent>Import_SIA</agent>
         </maintenanceEvent>
         <maintenanceEvent>
            <eventType>revised</eventType>
            <eventDateTime>2015-09-30</eventDateTime>
            <agentType>human</agentType>
            <agent>Catherine MÉROT</agent>
            <eventDescription>F. Clavaud, 2 mars 2015 : changé forme du nom, ajouté indexation activités, revu un lien IR</eventDescription>
         </maintenanceEvent>
      </maintenanceHistory>
      <sources>
         <source>
            <descriptiveNote>
               <p>Introduction du versement 20060293</p>
            </descriptiveNote>
         </source>
      </sources>
   </control>
   <cpfDescription>
      <identity>
         <entityType>person</entityType>
         <nameEntry localType="autorisée" scriptCode="Latn" xml:lang="fre">
            <part>Bugnard, Louis (1901-1978)</part>
         </nameEntry>
      </identity>
      <description>
         <existDates>
            <dateRange>
               <fromDate standardDate="1901-07-07">7 juillet 1901</fromDate>
               <toDate standardDate="1978-06-12">12 juin 1978</toDate>
            </dateRange>
         </existDates>
         <occupations>
            <occupation>
               <term vocabularySource="d699msjarlu--l5x9bzdkopz8">médecin</term>
            </occupation>
            <occupation>
               <term vocabularySource="d-l0jya1ik6x--16fn7glte863o">responsable d'établissement public</term>
               <dateRange>
                  <fromDate standardDate="1946-01-01">1946</fromDate>
                  <toDate standardDate="1964-12-31">1964</toDate>
               </dateRange>
               <descriptiveNote>
                  <p>directeur de l'Institut national d'hygiène</p>
               </descriptiveNote>
            </occupation>
         </occupations>
         <biogHist>
            <p>Professeur de médecine. </p>
            <p>Deuxième directeur de l'Institut national d'hygiène créé en 1941 et qui préfigure l'INSERM créé en 1964.</p>
         </biogHist>
      </description>
      <relations>
         <cpfRelation xmlns:xlink="http://www.w3.org/1999/xlink"
                      cpfRelationType="associative"
                      xlink:href="FRAN_NP_004556"
                      xlink:type="simple">
            <relationEntry>Institut national d'hygiène</relationEntry>
            <dateRange>
               <fromDate standardDate="1946-01-01">1946</fromDate>
               <toDate standardDate="1964-12-31">1964</toDate>
            </dateRange>
         </cpfRelation>
         <resourceRelation xmlns:xlink="http://www.w3.org/1999/xlink"
                           resourceRelationType="creatorOf"
                           xlink:href="FRAN_IR_023874"
                           xlink:type="simple">
            <relationEntry localType="archival">Santé - INSERM- Papiers Louis Bugnard (1933-1998)</relationEntry>
         </resourceRelation>
         <resourceRelation xmlns:xlink="http://www.w3.org/1999/xlink"
                           resourceRelationType="creatorOf"
                           xlink:href="FRAN_IR_026365"
                           xlink:type="simple">
            <relationEntry localType="archival">Santé - INSERM - Papiers Louis Bugnard (1946-1960)</relationEntry>
         </resourceRelation>
         <resourceRelation xmlns:xlink="http://www.w3.org/1999/xlink"
                           resourceRelationType="creatorOf"
                           xlink:href="FRAN_IR_020219"
                           xlink:type="simple">
            <relationEntry localType="archival">Santé - INSERM- Papiers Bugnard (1956-1976)</relationEntry>
         </resourceRelation>
         <resourceRelation xmlns:xlink="http://www.w3.org/1999/xlink"
                           resourceRelationType="creatorOf"
                           xlink:href="FRAN_IR_026346"
                           xlink:type="simple">
            <relationEntry localType="archival">
    Fonds privés ; Archives personnelles et familiales ; Fonds Louis Bugnard (1917-1978)
   </relationEntry>
         </resourceRelation>
      </relations>
   </cpfDescription>
</eac-cpf>
