<eac-cpf xmlns="urn:isbn:1-931666-33-4"
         xmlns:xsi="http://www.w3.org/2001/XMLSchema-instance"
         xsi:schemaLocation="urn:isbn:1-931666-33-4 cpf.xsd">
   <control>
      <recordId>FRAN_NP_009901</recordId>
      <maintenanceStatus>revised</maintenanceStatus>
      <maintenanceAgency>
         <agencyName>Archives nationales de France</agencyName>
      </maintenanceAgency>
      <languageDeclaration>
         <language languageCode="fre">Français</language>
         <script scriptCode="Latn"/>
      </languageDeclaration>
      <conventionDeclaration>
         <citation>Notice établie conformément à la norme ICA-ISAAR (CPF) 2004, aux normes ISO 8601 pour le système de normalisation des dates utilisé, ainsi que AFNOR NF Z 44-061, juin 1986. Catalogage : forme et structure des vedettes noms de personne, des vedettes titres, des rubriques de classement et des titres forgés.</citation>
      </conventionDeclaration>
      <localControl localType="niveau_de_detail">
         <term>Complète</term>
      </localControl>
      <maintenanceHistory>
         <maintenanceEvent>
            <eventType>derived</eventType>
            <eventDateTime>2013-04-23</eventDateTime>
            <agentType>machine</agentType>
            <agent>Import_SIA</agent>
         </maintenanceEvent>
         <maintenanceEvent>
            <eventType>revised</eventType>
            <eventDateTime>2015-10-23</eventDateTime>
            <agentType>human</agentType>
            <agent>Monique LEBLOIS-PECHON</agent>
            <eventDescription>F. Clavaud, 23 octobre 2015 : revu le nom, ajouté descripteur fonction</eventDescription>
         </maintenanceEvent>
      </maintenanceHistory>
      <sources>
         <source>
            <descriptiveNote>
               <p>Introduction de l'inventaire des archives du Commissariat aux questions juives (IR 31020) par Marie-Thérèse Chabord et Jean Pouëssel, 1998</p>
            </descriptiveNote>
         </source>
      </sources>
   </control>
   <cpfDescription>
      <identity>
         <entityType>corporateBody</entityType>
         <nameEntry localType="autorisée" scriptCode="Latn" xml:lang="fre">
            <part>France. Service de restitution des biens des victimes des lois et mesures de spoliation (1944-1950)</part>
         </nameEntry>
      </identity>
      <description>
         <existDates>
            <dateRange>
               <fromDate standardDate="1944-11-14">14 novembre 1944</fromDate>
               <toDate standardDate="1950-06-30">juin 1950</toDate>
            </dateRange>
         </existDates>
         <legalStatuses>
            <legalStatus>
               <term vocabularySource="d5blonaxbw--1mt8t42bokzts">service d'administration centrale</term>
            </legalStatus>
         </legalStatuses>
         <functions>
            <function>
               <term vocabularySource="d3nyuhxzoi-nbw0nxwwzfuk">indemnisation</term>
               <descriptiveNote>
                  <p>restitution des biens spoliés pendant la 2e guerre mondiale</p>
               </descriptiveNote>
            </function>
         </functions>
         <mandates>
            <mandate>
               <descriptiveNote>
                  <p>Ordonnance du 14 novembre 1944 (J.O. du 15 novembre 1944) déterminant les premières règles à suivre concernant la restitution des bien spoliés.</p>
                  <p>Ordonnance du 21 avril 1945 (J.O. du 22 avril 1945) confirmant la nullité de droit des cessions ou liquidations de biens, droits et intérêts accomplies sous l'Occupation.</p>
               </descriptiveNote>
            </mandate>
         </mandates>
         <structureOrGenealogy>
            <p>L’organisation du service reprend celle de la direction de l’aryanisation économique (du commissariat général aux questions juives) en sections et délégations régionales. Les services reprennent les dossiers de l’aryanisation économique, faisant une distinction entre les biens revendiqués et les biens non revendiqués. Ils envoient successivement fin 1945 et début 1946, 2 circulaires aux personnes spoliées, demandant des renseignements sur leurs biens et sur les administrateurs provisoires.</p>
         </structureOrGenealogy>
         <biogHist>
            <p>La direction du Blocus du ministère des Finances crée le 1er janvier 1945 le service de restitution des biens des victimes des mesures de spoliation, chargé de mettre en œuvre les dispositions réglementaires concernant la restitution des biens spoliés. Le service est dirigé par le professeur Terroine, professeur d’université et ancien résistant, qui avait été nommé dès septembre 1944 administrateur séquestre du Commissariat aux affaires juives de Lyon.</p>
            <p>Dès novembre 1943, le Comité français de Libération nationale, à Alger, avait proclamé la nullité des actes de spoliation accomplis par l’ennemi ou sous son contrôle. Une ordonnance du 14 novembre 1944 précise les premières règles à suivre : les biens mis sous séquestre ou sous administration provisoire qui n’ont pas été liquidés doivent être restitués de plein droit à leurs propriétaires légitimes. Les administrateurs provisoires étaient tenus de rendre compte de leur gestion.</p>
            <p>Le 21 avril 1945 une nouvelle ordonnance confirmait la nullité de droit des cessions et liquidations de biens, droits et intérêts accomplis sous l’Occupation et ordonnait la restitution du bien par l’acquéreur, à la requête du propriétaire dépossédé. De nouvelles dispositions législatives furent prises dans les années suivantes, en particulier la loi du 16 juin 1948 mettant en œuvre le remboursement des prélèvements exercés sur les personnes spoliées.</p>
            <p>Par ailleurs, le Ministère de la Justice crée le 2 février 1945 un Service de contrôle des administrateurs provisoires et liquidateurs de biens israélites, chargé, comme le précédent service de contrôle, de surveiller la gestion des administrateurs provisoires et de recevoir et traiter les plaintes des spoliés envers leurs administrateurs provisoires.</p>
            <p>Les restitutions des immeubles, entreprises, commerces ont été effectuées soit à l’amiable, soit à la suite d’actions en justice. Concernant les meubles, œuvres d’art, pianos, dont un grand nombre avaient été pillés et abandonnés par les Allemands ou emmenés en Allemagne, le travail d’identification fut confié à l’Office des biens et intérêts privés (OBIP) et à la Commission de récupération artistique.</p>
         </biogHist>
      </description>
      <relations>
         <cpfRelation xmlns:xlink="http://www.w3.org/1999/xlink"
                      cpfRelationType="temporal-earlier"
                      xlink:href="FRAN_NP_009900"
                      xlink:type="simple">
            <relationEntry>Commissariat général aux questions juives</relationEntry>
            <dateRange>
               <fromDate standardDate="1944-11-14">14 novembre 1944</fromDate>
            </dateRange>
         </cpfRelation>
         <resourceRelation xmlns:xlink="http://www.w3.org/1999/xlink"
                           resourceRelationType="creatorOf"
                           xlink:href="FRAN_IR_054031"
                           xlink:type="simple">
            <relationEntry localType="archival">Commissariat général aux questions juives et Service de restitution des biens des victimes des lois et mesures de spoliation (3/3)</relationEntry>
         </resourceRelation>
      </relations>
   </cpfDescription>
</eac-cpf>
