<eac-cpf xmlns="urn:isbn:1-931666-33-4"
         xmlns:xsi="http://www.w3.org/2001/XMLSchema-instance"
         xsi:schemaLocation="urn:isbn:1-931666-33-4 cpf.xsd">
   <control>
      <recordId>FRAN_NP_010202</recordId>
      <otherRecordId localType="Ancien_identifiant">FRDAFANCH00MC_NAETUDE_075</otherRecordId>
      <maintenanceStatus>derived</maintenanceStatus>
      <maintenanceAgency>
         <agencyName>Archives nationales de France</agencyName>
      </maintenanceAgency>
      <languageDeclaration>
         <language languageCode="fre">Français</language>
         <script scriptCode="Latn"/>
      </languageDeclaration>
      <conventionDeclaration>
         <citation>Notice établie conformément à la norme ICA-ISAAR (CPF) 2004, aux normes ISO 8601 pour le système de normalisation des dates utilisé, ainsi que AFNOR NF Z 44-061, juin 1986. Catalogage : forme et structure des vedettes noms de personne, des vedettes titres, des rubriques de classement et des titres forgés.</citation>
      </conventionDeclaration>
      <localControl localType="niveau_de_detail">
         <term>Moyenne</term>
      </localControl>
      <maintenanceHistory>
         <maintenanceEvent>
            <eventType>derived</eventType>
            <eventDateTime>2015-09-30</eventDateTime>
            <agentType>machine</agentType>
            <agent>Migration ETANOT</agent>
         </maintenanceEvent>
      </maintenanceHistory>
   </control>
   <cpfDescription>
      <identity>
         <entityType>corporateBody</entityType>
         <nameEntry localType="autorisée" scriptCode="Latn" xml:lang="fre">
            <part>Etude LXXV</part>
         </nameEntry>
         <nameEntry>
            <part>75203</part>
         </nameEntry>
      </identity>
      <description>
         <existDates>
            <dateRange>
               <fromDate standardDate="1622-01-01">1622</fromDate>
            </dateRange>
         </existDates>
         <places>
            <place>
               <placeRole>Lieu de Paris</placeRole>
               <placeEntry localType="nomLieu">11, rue de Beaujolais, BP 2645, 75026 PARIS cedex 01</placeEntry>
            </place>
         </places>
         <functions>
            <function>
               <term vocabularySource="d3nyui3o8w--11y7jgy8q3wnt">notaire à paris</term>
               <dateRange>
                  <fromDate standardDate="1622-01-01">1622</fromDate>
                  <toDate/>
               </dateRange>
            </function>
         </functions>
         <biogHist>
            <p>Étude du quartier Saint-Merri : elle est installée rue Sainte-Avoie de 1622 à 1781, puis rue Saint-Merri (jusqu'en 1854), et ensuite rue de Rivoli (jusqu'en 1887). A la fin du XIXème siècle, elle atteint la rue Étienne Marcel et la rue de Beaujolais.</p>
         </biogHist>
      </description>
      <relations>
         <cpfRelation xmlns:xlink="http://www.w3.org/1999/xlink"
                      cpfRelationType="associative"
                      xlink:href="FRAN_NP_010807"
                      xlink:type="simple">
            <relationEntry>Noël, Gérard</relationEntry>
            <dateRange>
               <fromDate standardDate="1976-12-29">29 décembre 1976</fromDate>
               <toDate standardDate="1982-08-11">11 août 1982</toDate>
            </dateRange>
         </cpfRelation>
         <cpfRelation xmlns:xlink="http://www.w3.org/1999/xlink"
                      cpfRelationType="associative"
                      xlink:href="FRAN_NP_011515"
                      xlink:type="simple">
            <relationEntry>Lemaitre, Paul</relationEntry>
            <dateRange>
               <fromDate standardDate="1854-12-30">30 décembre 1854</fromDate>
               <toDate standardDate="1884-05-02">2 mai 1884</toDate>
            </dateRange>
         </cpfRelation>
         <cpfRelation xmlns:xlink="http://www.w3.org/1999/xlink"
                      cpfRelationType="associative"
                      xlink:href="FRAN_NP_011216"
                      xlink:type="simple">
            <relationEntry>Moreau, Jean-Baptiste</relationEntry>
            <dateRange>
               <fromDate standardDate="1825-01-22">22 janvier 1825</fromDate>
               <toDate standardDate="1854-12-30">30 décembre 1854</toDate>
            </dateRange>
         </cpfRelation>
         <cpfRelation xmlns:xlink="http://www.w3.org/1999/xlink"
                      cpfRelationType="associative"
                      xlink:href="FRAN_NP_010471"
                      xlink:type="simple">
            <relationEntry>Toupet, François</relationEntry>
            <dateRange>
               <fromDate standardDate="1731-03-17">17 mars 1731</fromDate>
               <toDate standardDate="1745-05-29">29 mai 1745</toDate>
            </dateRange>
         </cpfRelation>
         <cpfRelation xmlns:xlink="http://www.w3.org/1999/xlink"
                      cpfRelationType="associative"
                      xlink:href="FRAN_NP_012925"
                      xlink:type="simple">
            <relationEntry>Blanchet, Thierry</relationEntry>
            <dateRange>
               <fromDate standardDate="1986-06-11">11 juin 1986</fromDate>
            </dateRange>
         </cpfRelation>
         <cpfRelation xmlns:xlink="http://www.w3.org/1999/xlink"
                      cpfRelationType="associative"
                      xlink:href="FRAN_NP_012928"
                      xlink:type="simple">
            <relationEntry>Blosse, Pierre</relationEntry>
            <dateRange>
               <fromDate standardDate="1622-03-03">3 mars 1622</fromDate>
               <toDate standardDate="1636-06-21">21 juin 1636</toDate>
            </dateRange>
         </cpfRelation>
         <cpfRelation xmlns:xlink="http://www.w3.org/1999/xlink"
                      cpfRelationType="associative"
                      xlink:href="FRAN_NP_012921"
                      xlink:type="simple">
            <relationEntry>Blanchet, Charles-Eugène</relationEntry>
            <dateRange>
               <fromDate standardDate="1884-05-02">2 mai 1884</fromDate>
               <toDate standardDate="1921-12-22">22 décembre 1921</toDate>
            </dateRange>
         </cpfRelation>
         <cpfRelation xmlns:xlink="http://www.w3.org/1999/xlink"
                      cpfRelationType="associative"
                      xlink:href="FRAN_NP_012922"
                      xlink:type="simple">
            <relationEntry>Blanchet, Jean Henri</relationEntry>
            <dateRange>
               <fromDate standardDate="1921-12-22">22 décembre 1921</fromDate>
               <toDate standardDate="1960-02-03">3 février 1960</toDate>
            </dateRange>
         </cpfRelation>
         <cpfRelation xmlns:xlink="http://www.w3.org/1999/xlink"
                      cpfRelationType="associative"
                      xlink:href="FRAN_NP_012920"
                      xlink:type="simple">
            <relationEntry>Blanchet, Cédric</relationEntry>
            <dateRange>
               <fromDate standardDate="1997-04-02">2 avril 1997</fromDate>
            </dateRange>
         </cpfRelation>
         <cpfRelation xmlns:xlink="http://www.w3.org/1999/xlink"
                      cpfRelationType="associative"
                      xlink:href="FRAN_NP_012923"
                      xlink:type="simple">
            <relationEntry>Blanchet, René Charles</relationEntry>
            <dateRange>
               <fromDate standardDate="1960-02-03">3 février 1960</fromDate>
               <toDate standardDate="1997-03-20">20 mars 1997</toDate>
            </dateRange>
         </cpfRelation>
         <cpfRelation xmlns:xlink="http://www.w3.org/1999/xlink"
                      cpfRelationType="associative"
                      xlink:href="FRAN_NP_011836"
                      xlink:type="simple">
            <relationEntry>Gallois, Philippe</relationEntry>
            <dateRange>
               <fromDate standardDate="1636-07-30">30 juillet 1636</fromDate>
               <toDate standardDate="1687-03-22">22 mars 1687</toDate>
            </dateRange>
         </cpfRelation>
         <cpfRelation xmlns:xlink="http://www.w3.org/1999/xlink"
                      cpfRelationType="associative"
                      xlink:href="FRAN_NP_012641"
                      xlink:type="simple">
            <relationEntry>Caillet, Pierre</relationEntry>
            <dateRange>
               <fromDate standardDate="1682-12-09">9 décembre 1682</fromDate>
               <toDate standardDate="1731-02-20">20 février 1731</toDate>
            </dateRange>
         </cpfRelation>
         <cpfRelation xmlns:xlink="http://www.w3.org/1999/xlink"
                      cpfRelationType="associative"
                      xlink:href="FRAN_NP_011606"
                      xlink:type="simple">
            <relationEntry>Lherbette, Charles</relationEntry>
            <dateRange>
               <fromDate standardDate="1781-07-20">20 juillet 1781</fromDate>
               <toDate standardDate="1825-01-22">22 janvier 1825</toDate>
            </dateRange>
         </cpfRelation>
         <cpfRelation xmlns:xlink="http://www.w3.org/1999/xlink"
                      cpfRelationType="associative"
                      xlink:href="FRAN_NP_011696"
                      xlink:type="simple">
            <relationEntry>Jourdain, Jean-Louis</relationEntry>
            <dateRange>
               <fromDate standardDate="1745-06-01">1er juin 1745</fromDate>
               <toDate standardDate="1781-07-17">17 juillet 1781</toDate>
            </dateRange>
         </cpfRelation>
         <cpfRelation xmlns:xlink="http://www.w3.org/1999/xlink"
                      cpfRelationType="associative"
                      xlink:href="FRAN_NP_012369"
                      xlink:type="simple">
            <relationEntry>Destrem, Dominique Georges</relationEntry>
            <dateRange>
               <fromDate standardDate="1976-12-29">29 décembre 1976</fromDate>
               <toDate standardDate="1982-08-11">11 août 1982</toDate>
            </dateRange>
         </cpfRelation>
         <resourceRelation xmlns:xlink="http://www.w3.org/1999/xlink"
                           resourceRelationType="subjectOf"
                           xlink:href="FRAN_IR_042668"
                           xlink:type="simple">
            <relationEntry localType="archival">Minutes et répertoires du notaire Pierre BLOSSE, 3 mars 1622 - 21 juin 1636 (étude LXXV)</relationEntry>
         </resourceRelation>
         <resourceRelation xmlns:xlink="http://www.w3.org/1999/xlink"
                           resourceRelationType="subjectOf"
                           xlink:href="FRAN_IR_042671"
                           xlink:type="simple">
            <relationEntry localType="archival">Minutes et répertoires du notaire François TOUPET, 17 mars 1731 - 29 mai 1745 (étude LXXV)</relationEntry>
         </resourceRelation>
         <resourceRelation xmlns:xlink="http://www.w3.org/1999/xlink"
                           resourceRelationType="creatorOf"
                           xlink:href="FRAN_IR_053963"
                           xlink:type="simple">
            <relationEntry localType="archival">«Mélanges» (dossiers de clients) de l’étude LXXV. MC/ET/LXXV/1004-MC/ET/LXXV/1005 (1731-1825)</relationEntry>
         </resourceRelation>
         <resourceRelation xmlns:xlink="http://www.w3.org/1999/xlink"
                           resourceRelationType="creatorOf"
                           xlink:href="FRAN_IR_042673"
                           xlink:type="simple">
            <relationEntry localType="archival">Minutes et répertoires du notaire Charles LHERBETTE, 20 juillet 1781 - 22 janvier 1825 (étude LXXV)</relationEntry>
         </resourceRelation>
         <resourceRelation xmlns:xlink="http://www.w3.org/1999/xlink"
                           resourceRelationType="creatorOf"
                           xlink:href="FRAN_IR_042676"
                           xlink:type="simple">
            <relationEntry localType="archival">Minutes et répertoires du notaire Charles Eugène BLANCHET, 2 mai 1884 - 22 décembre 1921 (étude LXXV)</relationEntry>
         </resourceRelation>
         <resourceRelation xmlns:xlink="http://www.w3.org/1999/xlink"
                           resourceRelationType="creatorOf"
                           xlink:href="FRAN_IR_042672"
                           xlink:type="simple">
            <relationEntry localType="archival">Minutes et répertoires du notaire Jean Louis JOURDAIN, 1er juin 1745 - 17 juillet 1781 (étude LXXV)</relationEntry>
         </resourceRelation>
         <resourceRelation xmlns:xlink="http://www.w3.org/1999/xlink"
                           resourceRelationType="creatorOf"
                           xlink:href="FRAN_IR_051602"
                           xlink:type="simple">
            <relationEntry localType="archival">Images du répertoire du notaire Pierre Blosse pour l'étude LXXV</relationEntry>
         </resourceRelation>
         <resourceRelation xmlns:xlink="http://www.w3.org/1999/xlink"
                           resourceRelationType="creatorOf"
                           xlink:href="FRAN_IR_051601"
                           xlink:type="simple">
            <relationEntry localType="archival">Images des répertoires du notaire Charles Eugène Blanchet pour l'étude LXXV</relationEntry>
         </resourceRelation>
         <resourceRelation xmlns:xlink="http://www.w3.org/1999/xlink"
                           resourceRelationType="creatorOf"
                           xlink:href="FRAN_IR_051403"
                           xlink:type="simple">
            <relationEntry localType="archival">Images des répertoires du notaire Jean Louis Jourdain pour l'étude LXXV</relationEntry>
         </resourceRelation>
         <resourceRelation xmlns:xlink="http://www.w3.org/1999/xlink"
                           resourceRelationType="creatorOf"
                           xlink:href="FRAN_IR_042675"
                           xlink:type="simple">
            <relationEntry localType="archival">Minutes et répertoires du notaire Paul LEMAITRE, 30 décembre 1854 - 2 mai 1884 (étude LXXV)</relationEntry>
         </resourceRelation>
         <resourceRelation xmlns:xlink="http://www.w3.org/1999/xlink"
                           resourceRelationType="creatorOf"
                           xlink:href="FRAN_IR_051224"
                           xlink:type="simple">
            <relationEntry localType="archival">Images du répertoire du notaire François Toupet pour l'étude LXXV</relationEntry>
         </resourceRelation>
         <resourceRelation xmlns:xlink="http://www.w3.org/1999/xlink"
                           resourceRelationType="creatorOf"
                           xlink:href="FRAN_IR_051396"
                           xlink:type="simple">
            <relationEntry localType="archival">Images des répertoires du notaire Charles Lherbette pour l'étude LXXV</relationEntry>
         </resourceRelation>
         <resourceRelation xmlns:xlink="http://www.w3.org/1999/xlink"
                           resourceRelationType="creatorOf"
                           xlink:href="FRAN_IR_051553"
                           xlink:type="simple">
            <relationEntry localType="archival">Images des répertoires du notaire Pierre Caillet pour l'étude LXXV</relationEntry>
         </resourceRelation>
         <resourceRelation xmlns:xlink="http://www.w3.org/1999/xlink"
                           resourceRelationType="creatorOf"
                           xlink:href="FRAN_IR_051328"
                           xlink:type="simple">
            <relationEntry localType="archival">Images des répertoires du notaire Jean-Baptiste Moreau pour l'étude LXXV</relationEntry>
         </resourceRelation>
         <resourceRelation xmlns:xlink="http://www.w3.org/1999/xlink"
                           resourceRelationType="creatorOf"
                           xlink:href="FRAN_IR_042674"
                           xlink:type="simple">
            <relationEntry localType="archival">Minutes et répertoires du notaire Jean-Baptiste MOREAU, 22 janvier 1825 - 30 décembre 1854 (étude LXXV)</relationEntry>
         </resourceRelation>
         <resourceRelation xmlns:xlink="http://www.w3.org/1999/xlink"
                           resourceRelationType="creatorOf"
                           xlink:href="FRAN_IR_055790"
                           xlink:type="simple">
            <relationEntry localType="archival">Images des répertoires du notaire Paul Lemaitre pour l'étude LXXV</relationEntry>
         </resourceRelation>
         <resourceRelation xmlns:xlink="http://www.w3.org/1999/xlink"
                           resourceRelationType="creatorOf"
                           xlink:href="FRAN_IR_052800"
                           xlink:type="simple">
            <relationEntry localType="archival">Images des répertoires du notaire Philippe Gallois pour l'étude LXXV</relationEntry>
         </resourceRelation>
         <resourceRelation xmlns:xlink="http://www.w3.org/1999/xlink"
                           resourceRelationType="creatorOf"
                           xlink:href="FRAN_IR_042667"
                           xlink:type="simple">
            <relationEntry localType="archival">Archives de l'étude LXXV</relationEntry>
         </resourceRelation>
         <resourceRelation xmlns:xlink="http://www.w3.org/1999/xlink"
                           resourceRelationType="creatorOf"
                           xlink:href="FRAN_IR_042670"
                           xlink:type="simple">
            <relationEntry localType="archival">Minutes et répertoires du notaire Pierre CAILLET, 9 décembre 1682 - 20 février 1731 (étude LXXV)</relationEntry>
         </resourceRelation>
      </relations>
   </cpfDescription>
</eac-cpf>
