<eac-cpf xmlns="urn:isbn:1-931666-33-4"
         xmlns:xsi="http://www.w3.org/2001/XMLSchema-instance"
         xsi:schemaLocation="urn:isbn:1-931666-33-4 cpf.xsd">
   <control>
      <recordId>FRAN_NP_010233</recordId>
      <otherRecordId localType="Ancien_identifiant">FRDAFANCH00MC_NAETUDE_106</otherRecordId>
      <maintenanceStatus>derived</maintenanceStatus>
      <maintenanceAgency>
         <agencyName>Archives nationales de France</agencyName>
      </maintenanceAgency>
      <languageDeclaration>
         <language languageCode="fre">Français</language>
         <script scriptCode="Latn"/>
      </languageDeclaration>
      <conventionDeclaration>
         <citation>Notice établie conformément à la norme ICA-ISAAR (CPF) 2004, aux normes ISO 8601 pour le système de normalisation des dates utilisé, ainsi que AFNOR NF Z 44-061, juin 1986. Catalogage : forme et structure des vedettes noms de personne, des vedettes titres, des rubriques de classement et des titres forgés.</citation>
      </conventionDeclaration>
      <localControl localType="niveau_de_detail">
         <term>Moyenne</term>
      </localControl>
      <maintenanceHistory>
         <maintenanceEvent>
            <eventType>derived</eventType>
            <eventDateTime>2015-09-30</eventDateTime>
            <agentType>machine</agentType>
            <agent>Migration ETANOT</agent>
         </maintenanceEvent>
      </maintenanceHistory>
      <sources>
         <source>
            <descriptiveNote>
               <p>Poisson (Jean-Paul), " Introduction à l'étude du rôle socio-économique du notariat à la fin du XVIIe siècle : trois offices parisiens en 1698 " études XCI, CVI et CVIII, Notaires et société. Travaux d'histoire et de sociologie notariales, t. I, 1985, p. 247.</p>
            </descriptiveNote>
         </source>
      </sources>
   </control>
   <cpfDescription>
      <identity>
         <entityType>corporateBody</entityType>
         <nameEntry localType="autorisée" scriptCode="Latn" xml:lang="fre">
            <part>Etude CVI</part>
         </nameEntry>
         <nameEntry>
            <part>indéterminé</part>
         </nameEntry>
      </identity>
      <description>
         <existDates>
            <dateRange>
               <fromDate standardDate="1652-01-01">1652</fromDate>
            </dateRange>
         </existDates>
         <functions>
            <function>
               <term vocabularySource="d3nyui3o8w--11y7jgy8q3wnt">notaire à paris</term>
               <dateRange>
                  <fromDate standardDate="1652-01-01">1652</fromDate>
                  <toDate/>
               </dateRange>
            </function>
         </functions>
         <biogHist>
            <p>Étude installée paroisse Saint-Sulpice en 1652. Elle demeure dans ce quartier jusqu'à la Révolution. En l'an V, elle se transporte vers la paroisse Saint-Roch : rue Saint-Honoré ; rue des Petits-Champs (1823) ; rue de Richelieu (1863). Cesse son activité en 1972. Fusion avec l'étude LXVIII (qui récupère les minutes).</p>
         </biogHist>
      </description>
      <relations>
         <cpfRelation xmlns:xlink="http://www.w3.org/1999/xlink"
                      cpfRelationType="associative"
                      xlink:href="FRAN_NP_011401"
                      xlink:type="simple">
            <relationEntry>Le cointe, Jean-Pierre</relationEntry>
            <dateRange>
               <fromDate standardDate="1752-06-30">30 juin 1752</fromDate>
               <toDate standardDate="1759-12-14">14 décembre 1759</toDate>
            </dateRange>
         </cpfRelation>
         <cpfRelation xmlns:xlink="http://www.w3.org/1999/xlink"
                      cpfRelationType="associative"
                      xlink:href="FRAN_NP_011408"
                      xlink:type="simple">
            <relationEntry>Le franc, Nicolas</relationEntry>
            <dateRange>
               <fromDate standardDate="1652-02-05">5 février 1652</fromDate>
               <toDate standardDate="1688-05-03">3 mai 1688</toDate>
            </dateRange>
         </cpfRelation>
         <cpfRelation xmlns:xlink="http://www.w3.org/1999/xlink"
                      cpfRelationType="associative"
                      xlink:href="FRAN_NP_011514"
                      xlink:type="simple">
            <relationEntry>Lemaître, Alexandre</relationEntry>
            <dateRange>
               <fromDate standardDate="1805-03-07">7 mars 1805</fromDate>
               <toDate standardDate="1821-05-15">15 mai 1821</toDate>
            </dateRange>
         </cpfRelation>
         <cpfRelation xmlns:xlink="http://www.w3.org/1999/xlink"
                      cpfRelationType="associative"
                      xlink:href="FRAN_NP_011526"
                      xlink:type="simple">
            <relationEntry>Le moine, Etienne-Nicolas</relationEntry>
            <dateRange>
               <fromDate standardDate="1744-05-22">22 mai 1744</fromDate>
               <toDate standardDate="1752-06-29">29 juin 1752</toDate>
            </dateRange>
         </cpfRelation>
         <cpfRelation xmlns:xlink="http://www.w3.org/1999/xlink"
                      cpfRelationType="associative"
                      xlink:href="FRAN_NP_012695"
                      xlink:type="simple">
            <relationEntry>Castel, Hippolyte</relationEntry>
            <dateRange>
               <fromDate standardDate="1821-05-15">15 mai 1821</fromDate>
               <toDate standardDate="1835-04-07">7 avril 1835</toDate>
            </dateRange>
         </cpfRelation>
         <cpfRelation xmlns:xlink="http://www.w3.org/1999/xlink"
                      cpfRelationType="associative"
                      xlink:href="FRAN_NP_011907"
                      xlink:type="simple">
            <relationEntry>Girardin, Albert</relationEntry>
            <dateRange>
               <fromDate standardDate="1896-07-16">16 juillet 1896</fromDate>
               <toDate standardDate="1931-05-20">20 mai 1931</toDate>
            </dateRange>
         </cpfRelation>
         <cpfRelation xmlns:xlink="http://www.w3.org/1999/xlink"
                      cpfRelationType="associative"
                      xlink:href="FRAN_NP_011756"
                      xlink:type="simple">
            <relationEntry>Hémart, Pierre-Charles</relationEntry>
            <dateRange>
               <fromDate standardDate="1779-08-17">17 août 1779</fromDate>
               <toDate standardDate="1789-01-07">7 janvier 1789</toDate>
            </dateRange>
         </cpfRelation>
         <cpfRelation xmlns:xlink="http://www.w3.org/1999/xlink"
                      cpfRelationType="associative"
                      xlink:href="FRAN_NP_012944"
                      xlink:type="simple">
            <relationEntry>Bonhomme, Antoine</relationEntry>
            <dateRange>
               <fromDate standardDate="1688-05-05">5 mai 1688</fromDate>
               <toDate standardDate="1707-08-30">30 août 1707</toDate>
            </dateRange>
         </cpfRelation>
         <cpfRelation xmlns:xlink="http://www.w3.org/1999/xlink"
                      cpfRelationType="associative"
                      xlink:href="FRAN_NP_011787"
                      xlink:type="simple">
            <relationEntry>Horque de cerville, Claude</relationEntry>
            <dateRange>
               <fromDate standardDate="1760-03-21">21 mars 1760</fromDate>
               <toDate standardDate="1779-06-25">25 juin 1779</toDate>
            </dateRange>
         </cpfRelation>
         <cpfRelation xmlns:xlink="http://www.w3.org/1999/xlink"
                      cpfRelationType="associative"
                      xlink:href="FRAN_NP_012837"
                      xlink:type="simple">
            <relationEntry>Bellargent, Guy René Emilien</relationEntry>
            <dateRange>
               <fromDate standardDate="1964-02-19">19 février 1964</fromDate>
               <toDate standardDate="1972-08-10">10 août 1972</toDate>
            </dateRange>
         </cpfRelation>
         <cpfRelation xmlns:xlink="http://www.w3.org/1999/xlink"
                      cpfRelationType="associative"
                      xlink:href="FRAN_NP_011906"
                      xlink:type="simple">
            <relationEntry>Girardin, Louis</relationEntry>
            <dateRange>
               <fromDate standardDate="1859-08-24">24 août 1859</fromDate>
               <toDate standardDate="1896-07-16">16 juillet 1896</toDate>
            </dateRange>
         </cpfRelation>
         <cpfRelation xmlns:xlink="http://www.w3.org/1999/xlink"
                      cpfRelationType="associative"
                      xlink:href="FRAN_NP_011135"
                      xlink:type="simple">
            <relationEntry>Ménard de marsainvilliers, Denis</relationEntry>
            <dateRange>
               <fromDate standardDate="1789-01-07">7 janvier 1789</fromDate>
               <toDate standardDate="1805-03-07">7 mars 1805</toDate>
            </dateRange>
         </cpfRelation>
         <cpfRelation xmlns:xlink="http://www.w3.org/1999/xlink"
                      cpfRelationType="associative"
                      xlink:href="FRAN_NP_011528"
                      xlink:type="simple">
            <relationEntry>Le moine, Nicolas</relationEntry>
            <dateRange>
               <fromDate standardDate="1710-05-30">30 mai 1710</fromDate>
               <toDate standardDate="1744-05-21">21 mai 1744</toDate>
            </dateRange>
         </cpfRelation>
         <cpfRelation xmlns:xlink="http://www.w3.org/1999/xlink"
                      cpfRelationType="associative"
                      xlink:href="FRAN_NP_011633"
                      xlink:type="simple">
            <relationEntry>Lorry, Pierre</relationEntry>
            <dateRange>
               <fromDate standardDate="1707-08-30">30 août 1707</fromDate>
               <toDate standardDate="1710-05-29">29 mai 1710</toDate>
            </dateRange>
         </cpfRelation>
         <cpfRelation xmlns:xlink="http://www.w3.org/1999/xlink"
                      cpfRelationType="associative"
                      xlink:href="FRAN_NP_011653"
                      xlink:type="simple">
            <relationEntry>Kastler, Roger</relationEntry>
            <dateRange>
               <fromDate standardDate="1931-05-30">30 mai 1931</fromDate>
               <toDate standardDate="1964-02-19">19 février 1964</toDate>
            </dateRange>
         </cpfRelation>
         <cpfRelation xmlns:xlink="http://www.w3.org/1999/xlink"
                      cpfRelationType="associative"
                      xlink:href="FRAN_NP_011682"
                      xlink:type="simple">
            <relationEntry>Jaussaud, Charles-Joseph</relationEntry>
            <dateRange>
               <fromDate standardDate="1835-04-07">7 avril 1835</fromDate>
               <toDate standardDate="1859-08-24">24 août 1859</toDate>
            </dateRange>
         </cpfRelation>
         <resourceRelation xmlns:xlink="http://www.w3.org/1999/xlink"
                           resourceRelationType="subjectOf"
                           xlink:href="FRAN_IR_043198"
                           xlink:type="simple">
            <relationEntry localType="archival">Minutes et répertoires du notaire Pierre LORRY, 30 août 1707 - 29 mai 1710 (étude CVI)</relationEntry>
         </resourceRelation>
         <resourceRelation xmlns:xlink="http://www.w3.org/1999/xlink"
                           resourceRelationType="subjectOf"
                           xlink:href="FRAN_IR_043201"
                           xlink:type="simple">
            <relationEntry localType="archival">Minutes et répertoires du notaire Jean Pierre LE COINTE, 30 juin 1752 - 14 décembre 1759 (étude CVI)</relationEntry>
         </resourceRelation>
         <resourceRelation xmlns:xlink="http://www.w3.org/1999/xlink"
                           resourceRelationType="subjectOf"
                           xlink:href="FRAN_IR_043204"
                           xlink:type="simple">
            <relationEntry localType="archival">Minutes et répertoires du notaire Denis MÉNARD de MARSAINVILLIERS, 7 janvier 1789 - 7 mars 1805 (étude CVI)</relationEntry>
         </resourceRelation>
         <resourceRelation xmlns:xlink="http://www.w3.org/1999/xlink"
                           resourceRelationType="subjectOf"
                           xlink:href="FRAN_IR_043199"
                           xlink:type="simple">
            <relationEntry localType="archival">Minutes et répertoires du notaire Nicolas LE MOINE, 30 mai 1710 - 21 mai 1744 (étude CVI)</relationEntry>
         </resourceRelation>
         <resourceRelation xmlns:xlink="http://www.w3.org/1999/xlink"
                           resourceRelationType="subjectOf"
                           xlink:href="FRAN_IR_043205"
                           xlink:type="simple">
            <relationEntry localType="archival">Minutes et répertoires du notaire Alexandre LEMAÎTRE, 7 mars 1805 - 15 mai 1821 (étude CVI)</relationEntry>
         </resourceRelation>
         <resourceRelation xmlns:xlink="http://www.w3.org/1999/xlink"
                           resourceRelationType="creatorOf"
                           xlink:href="FRAN_IR_054359"
                           xlink:type="simple">
            <relationEntry localType="archival">«Mélanges» (dossiers de clients) de l’étude CVI. MC/ET/CVI/673-MC/ET/CVI/700, MC/ET/CVI/876-MC/ET/CVI/879 (1403-1932)</relationEntry>
         </resourceRelation>
         <resourceRelation xmlns:xlink="http://www.w3.org/1999/xlink"
                           resourceRelationType="creatorOf"
                           xlink:href="FRAN_IR_043207"
                           xlink:type="simple">
            <relationEntry localType="archival">Minutes et répertoires du notaire Charles Joseph JAUSSAUD, 7 avril 1835 - 24 août 1859 (étude CVI)</relationEntry>
         </resourceRelation>
         <resourceRelation xmlns:xlink="http://www.w3.org/1999/xlink"
                           resourceRelationType="creatorOf"
                           xlink:href="FRAN_IR_054616"
                           xlink:type="simple">
            <relationEntry localType="archival">Minutes et répertoires du notaire Albert GIRARDIN, 16 juillet 1896 - 20 mai 1931 (étude CVI)</relationEntry>
         </resourceRelation>
         <resourceRelation xmlns:xlink="http://www.w3.org/1999/xlink"
                           resourceRelationType="creatorOf"
                           xlink:href="FRAN_IR_043200"
                           xlink:type="simple">
            <relationEntry localType="archival">Minutes et répertoires du notaire Étienne Nicolas LE MOINE, 22 mai 1744 - 29 juin 1752 (étude CVI)</relationEntry>
         </resourceRelation>
         <resourceRelation xmlns:xlink="http://www.w3.org/1999/xlink"
                           resourceRelationType="creatorOf"
                           xlink:href="FRAN_IR_043206"
                           xlink:type="simple">
            <relationEntry localType="archival">Minutes et répertoires du notaire Hippolyte CASTEL, 15 mai 1821 - 7 avril 1835 (étude CVI)</relationEntry>
         </resourceRelation>
         <resourceRelation xmlns:xlink="http://www.w3.org/1999/xlink"
                           resourceRelationType="creatorOf"
                           xlink:href="FRAN_IR_043196"
                           xlink:type="simple">
            <relationEntry localType="archival">Minutes et répertoires du notaire Nicolas LE FRANC, 5 février 1652 - 3 mai 1688 (étude CVI)</relationEntry>
         </resourceRelation>
         <resourceRelation xmlns:xlink="http://www.w3.org/1999/xlink"
                           resourceRelationType="creatorOf"
                           xlink:href="FRAN_IR_043197"
                           xlink:type="simple">
            <relationEntry localType="archival">Minutes et répertoires du notaire Antoine BONHOMME, 5 mai 1688 - 30 août 1707 (étude CVI)</relationEntry>
         </resourceRelation>
         <resourceRelation xmlns:xlink="http://www.w3.org/1999/xlink"
                           resourceRelationType="creatorOf"
                           xlink:href="FRAN_IR_043203"
                           xlink:type="simple">
            <relationEntry localType="archival">Minutes et répertoires du notaire Pierre Charles HÉMART, 17 août 1779 - 7 janvier 1789 (étude CVI)</relationEntry>
         </resourceRelation>
         <resourceRelation xmlns:xlink="http://www.w3.org/1999/xlink"
                           resourceRelationType="creatorOf"
                           xlink:href="FRAN_IR_043202"
                           xlink:type="simple">
            <relationEntry localType="archival">Minutes et répertoires du notaire Claude HORQUE de CERVILLE, 21 mars 1760 - 25 juin 1779 (étude CVI)</relationEntry>
         </resourceRelation>
         <resourceRelation xmlns:xlink="http://www.w3.org/1999/xlink"
                           resourceRelationType="creatorOf"
                           xlink:href="FRAN_IR_055388"
                           xlink:type="simple">
            <relationEntry localType="archival">Images des répertoires du notaire Claude Horque de Cerville pour l'étude CVI</relationEntry>
         </resourceRelation>
         <resourceRelation xmlns:xlink="http://www.w3.org/1999/xlink"
                           resourceRelationType="creatorOf"
                           xlink:href="FRAN_IR_055389"
                           xlink:type="simple">
            <relationEntry localType="archival">Images des répertoires du notaire Pierre Charles Hémart pour l'étude CVI</relationEntry>
         </resourceRelation>
         <resourceRelation xmlns:xlink="http://www.w3.org/1999/xlink"
                           resourceRelationType="creatorOf"
                           xlink:href="FRAN_IR_053238"
                           xlink:type="simple">
            <relationEntry localType="archival">Images du répertoire du notaire Nicolas Le Franc pour l'étude CVI</relationEntry>
         </resourceRelation>
         <resourceRelation xmlns:xlink="http://www.w3.org/1999/xlink"
                           resourceRelationType="creatorOf"
                           xlink:href="FRAN_IR_053468"
                           xlink:type="simple">
            <relationEntry localType="archival">Images du répertoire du notaire Antoine Bonhomme pour l'étude CVI</relationEntry>
         </resourceRelation>
         <resourceRelation xmlns:xlink="http://www.w3.org/1999/xlink"
                           resourceRelationType="creatorOf"
                           xlink:href="FRAN_IR_053264"
                           xlink:type="simple">
            <relationEntry localType="archival">Images du répertoire du notaire Pierre Lorry pour l'étude CVI</relationEntry>
         </resourceRelation>
         <resourceRelation xmlns:xlink="http://www.w3.org/1999/xlink"
                           resourceRelationType="creatorOf"
                           xlink:href="FRAN_IR_053251"
                           xlink:type="simple">
            <relationEntry localType="archival">Images des répertoires du notaire Nicolas Le Moine pour l'étude CVI</relationEntry>
         </resourceRelation>
         <resourceRelation xmlns:xlink="http://www.w3.org/1999/xlink"
                           resourceRelationType="creatorOf"
                           xlink:href="FRAN_IR_053249"
                           xlink:type="simple">
            <relationEntry localType="archival">Images du répertoire du notaire Etienne Nicolas Le Moine pour l'étude CVI</relationEntry>
         </resourceRelation>
         <resourceRelation xmlns:xlink="http://www.w3.org/1999/xlink"
                           resourceRelationType="creatorOf"
                           xlink:href="FRAN_IR_053236"
                           xlink:type="simple">
            <relationEntry localType="archival">Images du répertoire du notaire Jean Pierre Le Cointe pour l'étude CVI</relationEntry>
         </resourceRelation>
         <resourceRelation xmlns:xlink="http://www.w3.org/1999/xlink"
                           resourceRelationType="creatorOf"
                           xlink:href="FRAN_IR_053204"
                           xlink:type="simple">
            <relationEntry localType="archival">Images des répertoires du notaire Denis de Ménard de Marsainvilliers pour l'étude CVI</relationEntry>
         </resourceRelation>
         <resourceRelation xmlns:xlink="http://www.w3.org/1999/xlink"
                           resourceRelationType="creatorOf"
                           xlink:href="FRAN_IR_053248"
                           xlink:type="simple">
            <relationEntry localType="archival">Images des répertoires du notaire Alexandre Lemaître pour l'étude CVI</relationEntry>
         </resourceRelation>
         <resourceRelation xmlns:xlink="http://www.w3.org/1999/xlink"
                           resourceRelationType="creatorOf"
                           xlink:href="FRAN_IR_053354"
                           xlink:type="simple">
            <relationEntry localType="archival">Images des répertoires du notaire Hippolyte Castel pour l'étude CVI</relationEntry>
         </resourceRelation>
         <resourceRelation xmlns:xlink="http://www.w3.org/1999/xlink"
                           resourceRelationType="creatorOf"
                           xlink:href="FRAN_IR_053276"
                           xlink:type="simple">
            <relationEntry localType="archival">Images des répertoires du notaire Charles Joseph Jaussaud pour l'étude CVI</relationEntry>
         </resourceRelation>
         <resourceRelation xmlns:xlink="http://www.w3.org/1999/xlink"
                           resourceRelationType="creatorOf"
                           xlink:href="FRAN_IR_043195"
                           xlink:type="simple">
            <relationEntry localType="archival">Archives de l'étude CVI</relationEntry>
         </resourceRelation>
      </relations>
   </cpfDescription>
</eac-cpf>
