<eac-cpf xmlns="urn:isbn:1-931666-33-4"
         xmlns:xsi="http://www.w3.org/2001/XMLSchema-instance"
         xsi:schemaLocation="urn:isbn:1-931666-33-4 cpf.xsd">
   <control>
      <recordId>FRAN_NP_005205</recordId>
      <otherRecordId localType="Ancien_identifiant">5108</otherRecordId>
      <maintenanceStatus>revised</maintenanceStatus>
      <maintenanceAgency>
         <agencyName>Archives nationales de France</agencyName>
      </maintenanceAgency>
      <languageDeclaration>
         <language languageCode="fre">Français</language>
         <script scriptCode="Latn"/>
      </languageDeclaration>
      <conventionDeclaration>
         <citation>Notice établie conformément à la norme ICA-ISAAR (CPF) 2004, aux normes ISO 8601 pour le système de normalisation des dates utilisé, ainsi que AFNOR NF Z 44-061, juin 1986. Catalogage : forme et structure des vedettes noms de personne, des vedettes titres, des rubriques de classement et des titres forgés.</citation>
      </conventionDeclaration>
      <localControl localType="niveau_de_detail">
         <term>Complète</term>
      </localControl>
      <maintenanceHistory>
         <maintenanceEvent>
            <eventType>derived</eventType>
            <eventDateTime>2013-04-23</eventDateTime>
            <agentType>machine</agentType>
            <agent>Import_SIA</agent>
         </maintenanceEvent>
         <maintenanceEvent>
            <eventType>revised</eventType>
            <eventDateTime>2015-09-30</eventDateTime>
            <agentType>human</agentType>
            <agent>Clothilde ROULLIER</agent>
            <eventDescription>F. Clavaud, 28 août 2014 : ajouté n° notice d'autorité BnF, autre forme du nom, lien hiérarchique vers ministère de l'éducation, revu lien IR</eventDescription>
         </maintenanceEvent>
         <maintenanceEvent>
            <eventType>revised</eventType>
            <eventDateTime>2015-11-16</eventDateTime>
            <agentType>human</agentType>
            <agent>Florence CLAVAUD</agent>
            <eventDescription>F. Clavaud, 16 novembre 2015 : revu le nom, ajouté ISNI</eventDescription>
         </maintenanceEvent>
         <maintenanceEvent>
            <eventType>revised</eventType>
            <eventDateTime>2016-04-22</eventDateTime>
            <agentType>human</agentType>
            <agent>Marine ZELVERTE</agent>
            <eventDescription/>
         </maintenanceEvent>
         <maintenanceEvent>
            <eventType>updated</eventType>
            <eventDateTime>2017-03-17</eventDateTime>
            <agentType>human</agentType>
            <agent>Marine ZELVERTE</agent>
         </maintenanceEvent>
         <maintenanceEvent>
            <eventType>updated</eventType>
            <eventDateTime>2017-03-17</eventDateTime>
            <agentType>human</agentType>
            <agent>Mission.referentiels MISSION.REFERENTIELS</agent>
            <eventDescription>F. Clavaud, 17 mars 2017 : ajouté lien d'identité et fonction</eventDescription>
         </maintenanceEvent>
      </maintenanceHistory>
      <sources>
         <source>
            <sourceEntry>Journal officiel de la République française</sourceEntry>
         </source>
         <source>
            <sourceEntry>Bottin administratif</sourceEntry>
         </source>
         <source>
            <sourceEntry>Notice d'autorité BnF n° FRBNF13572495</sourceEntry>
         </source>
         <source>
            <sourceEntry>Dardy-Cretin (Michèle), Histoire administrative du ministère de la culture et de la communication (1959-2012). Paris: Collection du Comité d'histoire du ministère de la culture et de la communication, 2012 </sourceEntry>
         </source>
      </sources>
   </control>
   <cpfDescription>
      <identity>
         <entityId>ISNI : 0000 0001 0666 5044</entityId>
         <entityType>corporateBody</entityType>
         <nameEntry localType="autorisée" scriptCode="Latn" xml:lang="fre">
            <part>France. Direction générale des arts et des lettres (1944-1969)</part>
         </nameEntry>
         <nameEntry>
            <part>DGAL</part>
         </nameEntry>
      </identity>
      <description>
         <existDates>
            <dateRange>
               <fromDate standardDate="1944-11-20">20 novembre 1944</fromDate>
               <toDate standardDate="1969-12-31">1969</toDate>
            </dateRange>
         </existDates>
         <legalStatuses>
            <legalStatus>
               <term vocabularySource="d5blonaxbw--1mt8t42bokzts">service d'administration centrale</term>
            </legalStatus>
         </legalStatuses>
         <functions>
            <function>
               <term vocabularySource="d-5y3g3ef6o-1651r6rgctc85">arts</term>
            </function>
         </functions>
         <mandates>
            <mandate>
               <descriptiveNote>
                  <p>Ordonnance du 20 novembre 1944 portant réorganisation de l'administration centrale du ministère de l'Éducation nationale (https://www.legifrance.gouv.fr/affichTexte.do?cidTexte=JORFTEXT000000874492&amp;fastPos=3&amp;fastReqId=1605640365&amp;categorieLien=id&amp;oldAction=rechTexte).</p>
                  <p>Décret n° 45-1889 du 18 août 1945 portant organisation de la direction générale des Arts et des Lettres. </p>
                  <p>Arrêté du 18 août 1945 sur les attributions des bureaux de la direction générale des Arts et Lettres. </p>
                  <p>Décret n° 59-889 du 24 juillet 1959 portant organisation du ministère d'État chargé des Affaires culturelles, modifié par le décret n° 61-236 du 7 mars 1961 (https://www.legifrance.gouv.fr/affichTexte.do?cidTexte=JORFTEXT000000299564&amp;fastPos=2&amp;fastReqId=1046380118&amp;categorieLien=id&amp;oldAction=rechTexte). </p>
                  <p>Décret du 17 juillet 1961 portant nomination du directeur général des Arts et des Lettres au ministère d'État chargé des Affaires culturelles.</p>
                  <p>Arrêté du 25 avril 1967 relatif aux attributions du directeur général des Arts et des Lettres. </p>
                  <p>Décret du 7 mars 1969 mettant fin aux fonctions du directeur général des Arts et des Lettres au ministère des Affaires culturelles. </p>
                  <p>Arrêté du 26 avril 1969 relatif au transfert au directeur de l'Administration générale des certaines attributions en matière de personnel antérieurement exercées par le directeur général des Arts et des Lettres. </p>
               </descriptiveNote>
            </mandate>
         </mandates>
         <structureOrGenealogy>
            <p>La DGAL est composée, en 1944, de six directions et services :</p>
            <list>
               <item>Direction des Arts plastiques ; </item>
               <item>Direction des Musées de France ; </item>
               <item>Direction des Spectacles et de la Musique ; </item>
               <item>Direction des Bibliothèques de France et de la Lecture publique ; </item>
               <item>Direction des Archives de France ; </item>
               <item>Service des Lettres. </item>
            </list>
            <p>Cette organisation évolue jusqu’en 1959, date de la fin de la DGAL en tant que telle et de la création d’un ministère d’État chargé des Affaires culturelles, sous la direction d’André Malraux. La direction est alors placée sous l’autorité du nouveau ministère, et regroupe : </p>
            <list>
               <item>une sous-direction des Spectacles et de la Musique ; </item>
               <item>trois bureaux se partageant le domaine des arts plastiques ; </item>
               <item>la direction des Musées de France.</item>
            </list>
            <p>Dans les années 1960 sont installés un service des enseignements artistiques et un service de la musique.</p>
         </structureOrGenealogy>
         <biogHist>
            <p>La direction générale des Arts et des Lettres (DGAL) est créée le 20 novembre 1944, par une ordonnance du gouvernement provisoire de la République française portant réorganisation de l'administration centrale du ministère de l'Éducation nationale. Le décret n° 45-1889 du 18 août 1945 définit l'organisation et détaille ses attributions. </p>
            <p>Pour autant, il existait déjà une administration des Beaux-Arts depuis 1789, avec la nomination de François-Emmanuel Guignard de Saint-Priest comme ministre de la Maison du roi. Il est ensuite devenu ministre de l'Intérieur et a reçu certaines attributions des Beaux-Arts. Lors de la chute de la Monarchie, le 10 août 1792, l’ensemble des compétences des Beaux-Arts a été transféré au ministère de l’Intérieur (décret du 15 septembre 1792). Celui-ci a majoritairement conservé les attributions relatives aux Beaux-Arts, pour la période allant de 1792 à 1852, malgré des exceptions, notamment de 1831 à 1834. À partir de 1852, les compétences des Beaux-Arts ont été réparties entre le ministère d’État et la nouvelle Maison de l’Empereur, et ce jusqu’en 1863. À cette date, la Maison de l’Empereur a pris le nom de « Maison de l’Empereur et des Beaux-Arts ». En 1870, les compétences des Beaux-Arts ont rejoint le ministère de l’Instruction publique. Ainsi à partir de cette période, l’administration des Beaux-Arts s’est stabilisée et a été placée sous la tutelle du ministère de l’Éducation nationale, nouvelle appellation de l’ancien ministère de l’Instruction publique (1938-1959).</p>
            <p>La DGAL est donc plus indépendante pour mener la politique culturelle et est chargée de « toutes les questions relatives au progrès et à la diffusion des lettres, des arts plastiques, des spectacles, de la musique ainsi que des bibliothèques et des archives » (décret n° 45-1889 du 18 août 1945, article 1er). Cependant, elle connaît des difficultés sous la IVe République : la direction des arts plastiques est ramenée au rang de sous-direction, la direction des bibliothèques et de la lecture publique est ramenée au rang de service, les emplois de chef du service des lettres et de directeur des spectacles et de la musique sont supprimés, les effectifs diminuent.</p>
            <p>La création du ministère de la Culture en 1959 est l'occasion de lancer une enquête administrative sur la DGAL et son manque de moyens, mais les projets de réforme n'aboutissent pas. Dans les années 1960, la DGAL est progressivement vidée de sa substance en raison de la prise d'autonomie de ses composantes. Le 1er décembre 1967, le directeur général des Arts et des Lettres Pierre Moinot remet un rapport préconisant la suppression de la DGAL.</p>
            <p>Elle est supprimée en 1969 et les services et directions qui en dépendaient deviennent autonomes au sein du ministère des Affaires culturelles. Le décret n° 69-297 du 2 avril 1969 institue à sa place une direction de l'action culturelle, dont les textes d'application ne seront jamais publiés.</p>
            <p/>
            <p>La DGAL est dirigée :</p>
            <list>
               <item>de 1944 à 1959, par Jacques Jaujard (1895-1967) ; </item>
               <item>de 1960 à 1966, par Gaëtan Picon (1915-1976) ; </item>
               <item>de 1967 à 1969, par Pierre Moinot (1920-2007). </item>
            </list>
         </biogHist>
      </description>
      <relations>
         <cpfRelation xmlns:xlink="http://www.w3.org/1999/xlink"
                      cpfRelationType="hierarchical-child"
                      xlink:href="FRAN_NP_005200"
                      xlink:type="simple">
            <relationEntry>Service des enseignements artistiques</relationEntry>
            <dateRange>
               <fromDate standardDate="1945-01-01">1945</fromDate>
               <toDate standardDate="1969-12-31">1969</toDate>
            </dateRange>
         </cpfRelation>
         <cpfRelation xmlns:xlink="http://www.w3.org/1999/xlink"
                      cpfRelationType="hierarchical-child"
                      xlink:href="FRAN_NP_005201"
                      xlink:type="simple">
            <relationEntry>Bureau des affaires générales (direction générale des arts et lettres)</relationEntry>
            <dateRange>
               <fromDate standardDate="1959-01-01">1959</fromDate>
               <toDate standardDate="1969-12-31">1969</toDate>
            </dateRange>
         </cpfRelation>
         <cpfRelation xmlns:xlink="http://www.w3.org/1999/xlink"
                      cpfRelationType="hierarchical-child"
                      xlink:href="FRAN_NP_005203"
                      xlink:type="simple">
            <relationEntry>Cabinet du directeur général des arts et lettres</relationEntry>
            <dateRange>
               <fromDate standardDate="1945-01-01">1945</fromDate>
               <toDate standardDate="1969-12-31">1969</toDate>
            </dateRange>
         </cpfRelation>
         <cpfRelation xmlns:xlink="http://www.w3.org/1999/xlink"
                      cpfRelationType="hierarchical-parent"
                      xlink:href="FRAN_NP_000005"
                      xlink:type="simple">
            <relationEntry>Ministère de la Culture et de la Communication</relationEntry>
            <dateRange>
               <fromDate standardDate="1959-02-03">3 février 1959</fromDate>
               <toDate standardDate="1969-12-31">1969</toDate>
            </dateRange>
            <descriptiveNote>
               <p>@isPartOf@</p>
            </descriptiveNote>
         </cpfRelation>
         <cpfRelation xmlns:xlink="http://www.w3.org/1999/xlink"
                      cpfRelationType="associative"
                      xlink:href="FRAN_NP_051284"
                      xlink:type="simple">
            <relationEntry>Moinot, Pierre (1920-2007)</relationEntry>
            <dateRange>
               <fromDate standardDate="1966-01-01">1966</fromDate>
               <toDate standardDate="1969-12-31">1969</toDate>
            </dateRange>
            <descriptiveNote>
               <p>
     isDirectorOf | isDirectedBy
    </p>
            </descriptiveNote>
         </cpfRelation>
         <cpfRelation xmlns:xlink="http://www.w3.org/1999/xlink"
                      cpfRelationType="hierarchical-child"
                      xlink:href="FRAN_NP_005204"
                      xlink:type="simple">
            <relationEntry>France. Service de la création artistique (1962-1987)</relationEntry>
            <dateRange>
               <fromDate standardDate="1962-01-01">1962</fromDate>
               <toDate standardDate="1968-12-31">1968</toDate>
            </dateRange>
         </cpfRelation>
         <cpfRelation xmlns:xlink="http://www.w3.org/1999/xlink"
                      cpfRelationType="associative"
                      xlink:href="FRAN_NP_005075"
                      xlink:type="simple">
            <relationEntry>Centre national du livre (France)</relationEntry>
            <dateRange>
               <fromDate standardDate="1946-10-11">11 octobre 1946</fromDate>
               <toDate standardDate="1969-12-31">1969</toDate>
            </dateRange>
            <descriptiveNote>
               <p>
     @isAssociatedWithForItsControl@
    </p>
            </descriptiveNote>
         </cpfRelation>
         <cpfRelation xmlns:xlink="http://www.w3.org/1999/xlink"
                      cpfRelationType="hierarchical-child"
                      xlink:href="FRAN_NP_051804"
                      xlink:type="simple">
            <relationEntry>France. Bureau des Travaux d'art (1882-1965)</relationEntry>
            <dateRange>
               <fromDate standardDate="1944-11-20">20 novembre 1944</fromDate>
               <toDate standardDate="1965-12-31">1965</toDate>
            </dateRange>
         </cpfRelation>
         <cpfRelation xmlns:xlink="http://www.w3.org/1999/xlink"
                      cpfRelationType="hierarchical-child"
                      xlink:href="FRAN_NP_009943"
                      xlink:type="simple">
            <relationEntry>France. Direction des bibliothèques et de la lecture publique (1945-1975)</relationEntry>
            <dateRange>
               <fromDate standardDate="1945-08-18">18 août 1945</fromDate>
               <toDate standardDate="1950-12-31">1950</toDate>
            </dateRange>
            <descriptiveNote>
               <p>
     @isPartOf@
    </p>
            </descriptiveNote>
         </cpfRelation>
         <cpfRelation xmlns:xlink="http://www.w3.org/1999/xlink"
                      cpfRelationType="temporal-earlier"
                      xlink:href="FRAN_NP_051163"
                      xlink:type="simple">
            <relationEntry>France. Ministère de l'Éducation nationale. Secrétariat général des Beaux-Arts (1940-1944)</relationEntry>
            <dateRange>
               <fromDate standardDate="1944-11-20">20 novembre 1944</fromDate>
            </dateRange>
         </cpfRelation>
         <cpfRelation xmlns:xlink="http://www.w3.org/1999/xlink"
                      cpfRelationType="associative"
                      xlink:href="FRAN_NP_050836"
                      xlink:type="simple">
            <relationEntry>Jaujard, Jacques (1895-1967)</relationEntry>
            <dateRange>
               <fromDate standardDate="1944-11-20">20 novembre 1944</fromDate>
               <toDate standardDate="1959-12-31">1959</toDate>
            </dateRange>
            <descriptiveNote>
               <p>@isDirectedBy@</p>
            </descriptiveNote>
         </cpfRelation>
         <cpfRelation xmlns:xlink="http://www.w3.org/1999/xlink"
                      cpfRelationType="hierarchical-parent"
                      xlink:href="FRAN_NP_000016"
                      xlink:type="simple">
            <relationEntry>Ministère de l'Éducation nationale</relationEntry>
            <dateRange>
               <fromDate standardDate="1944-11-20">20 novembre 1944</fromDate>
               <toDate standardDate="1959-02-02">2 février 1959</toDate>
            </dateRange>
            <descriptiveNote>
               <p>@isPartOf@</p>
            </descriptiveNote>
         </cpfRelation>
         <cpfRelation xmlns:xlink="http://www.w3.org/1999/xlink"
                      cpfRelationType="identity"
                      xlink:href="http://catalogue.bnf.fr/ark:/12148/cb135724950"
                      xlink:type="simple">
            <relationEntry>France. Direction générale des arts et des lettres</relationEntry>
            <dateRange>
               <fromDate standardDate="1944-11-20">20 novembre 1944</fromDate>
               <toDate standardDate="1969-12-31">1969</toDate>
            </dateRange>
            <descriptiveNote>
               <p>Notice d'autorité BnF</p>
            </descriptiveNote>
         </cpfRelation>
         <resourceRelation xmlns:xlink="http://www.w3.org/1999/xlink"
                           resourceRelationType="creatorOf"
                           xlink:href="FRAN_IR_016197"
                           xlink:type="simple">
            <relationEntry localType="archival">Culture ; Direction générale des arts et lettres (1960-1967)</relationEntry>
         </resourceRelation>
         <resourceRelation xmlns:xlink="http://www.w3.org/1999/xlink"
                           resourceRelationType="creatorOf"
                           xlink:href="FRAN_IR_021769"
                           xlink:type="simple">
            <relationEntry localType="archival">Culture ; Cabinet et services rattachés au Ministre ; Délégation générale aux expositions et aux échanges culturels (1956-1979)</relationEntry>
         </resourceRelation>
         <resourceRelation xmlns:xlink="http://www.w3.org/1999/xlink"
                           resourceRelationType="creatorOf"
                           xlink:href="FRAN_IR_050397"
                           xlink:type="simple">
            <relationEntry localType="archival">Direction générale des Arts et des Lettres (DGAL), 1re période (1944-1959). Fonds du secrétariat du directeur général Jacques Jaujard</relationEntry>
         </resourceRelation>
         <resourceRelation xmlns:xlink="http://www.w3.org/1999/xlink"
                           resourceRelationType="creatorOf"
                           xlink:href="FRAN_IR_054955"
                           xlink:type="simple">
            <relationEntry localType="archival">Direction générale des Arts et des Lettres (DGAL). Archives de Pierre Moinot, directeur général des Arts et Lettres de 1966 à 1969</relationEntry>
         </resourceRelation>
         <resourceRelation xmlns:xlink="http://www.w3.org/1999/xlink"
                           resourceRelationType="creatorOf"
                           xlink:href="FRAN_IR_050931"
                           xlink:type="simple">
            <relationEntry localType="archival">Archives de l'administration des Beaux-Arts. Politique du cinéma (années 1920-1950)</relationEntry>
         </resourceRelation>
         <resourceRelation xmlns:xlink="http://www.w3.org/1999/xlink"
                           resourceRelationType="creatorOf"
                           xlink:href="FRAN_IR_055688"
                           xlink:type="simple">
            <relationEntry localType="archival">Centres dramatiques nationaux (1919, 1947-1967).</relationEntry>
         </resourceRelation>
         <resourceRelation xmlns:xlink="http://www.w3.org/1999/xlink"
                           resourceRelationType="creatorOf"
                           xlink:href="FRAN_IR_054718"
                           xlink:type="simple">
            <relationEntry localType="archival">Archives de l'administration des Beaux-Arts. Politique musicale (1857-1967)</relationEntry>
         </resourceRelation>
         <resourceRelation xmlns:xlink="http://www.w3.org/1999/xlink"
                           resourceRelationType="creatorOf"
                           xlink:href="FRAN_IR_018751"
                           xlink:type="simple">
            <relationEntry localType="archival">Culture ; Direction générale des Arts et Lettres ; Service de la création artistique (1924-1972)</relationEntry>
         </resourceRelation>
      </relations>
   </cpfDescription>
</eac-cpf>
