<eac-cpf xmlns="urn:isbn:1-931666-33-4"
         xmlns:xsi="http://www.w3.org/2001/XMLSchema-instance"
         xsi:schemaLocation="urn:isbn:1-931666-33-4 cpf.xsd">
   <control>
      <recordId>FRAN_NP_003117</recordId>
      <otherRecordId localType="Ancien_identifiant">3183/PHIST</otherRecordId>
      <maintenanceStatus>revised</maintenanceStatus>
      <maintenanceAgency>
         <agencyName>Archives nationales de France</agencyName>
      </maintenanceAgency>
      <languageDeclaration>
         <language languageCode="fre">Français</language>
         <script scriptCode="Latn"/>
      </languageDeclaration>
      <conventionDeclaration>
         <citation>Notice établie conformément à la norme ICA-ISAAR (CPF) 2004, aux normes ISO 8601 pour le système de normalisation des dates utilisé, ainsi que AFNOR NF Z 44-061, juin 1986. Catalogage : forme et structure des vedettes noms de personne, des vedettes titres, des rubriques de classement et des titres forgés.</citation>
      </conventionDeclaration>
      <localControl localType="niveau_de_detail">
         <term>Moyenne</term>
      </localControl>
      <maintenanceHistory>
         <maintenanceEvent>
            <eventType>derived</eventType>
            <eventDateTime>2013-04-23</eventDateTime>
            <agentType>machine</agentType>
            <agent>Import_SIA</agent>
         </maintenanceEvent>
         <maintenanceEvent>
            <eventType>revised</eventType>
            <eventDateTime>2018-08-20</eventDateTime>
            <agentType>human</agentType>
            <agent>Anne ROHFRITSCH</agent>
            <eventDescription>Mise à jour le 20/08/2018 (A. Rohfritsch, DECAS) : modifications de la forme autorisée du nom et des autres formes du nom ; ajout ISNI ; ajout historique ; ajout textes de référence ; ajout sources ; ajout Lieux ; ajout Fonctions</eventDescription>
         </maintenanceEvent>
         <maintenanceEvent>
            <eventType>updated</eventType>
            <eventDateTime>2018-08-27</eventDateTime>
            <agentType>human</agentType>
            <agent>Catherine MÉROT</agent>
         </maintenanceEvent>
      </maintenanceHistory>
      <sources>
         <source>
            <sourceEntry>Site Internet du LARHRA : http://rhe.ish-lyon.cnrs.fr/</sourceEntry>
         </source>
         <source>
            <sourceEntry>Ancien site Internet du SHE : http://www.inrp.fr/recherche/she.htm</sourceEntry>
         </source>
         <source>
            <sourceEntry>Notice BNF : https://catalogue.bnf.fr/ark:/12148/cb11864559x</sourceEntry>
         </source>
         <source>
            <sourceEntry>Caplat Guy. Le Service d'histoire de l'éducation : historique et missions. In: Histoire de l'éducation. n° 1, 1978. pp. 3-11 : https://doi.org/10.3406/hedu.1978.909</sourceEntry>
         </source>
      </sources>
   </control>
   <cpfDescription>
      <identity>
         <entityId>ISNI 0000 0001 2295 2334</entityId>
         <entityType>corporateBody</entityType>
         <nameEntry localType="autorisée" scriptCode="Latn" xml:lang="fre">
            <part>Institut national de recherche pédagogique (France). Service d'histoire de l'éducation (1977-2010)</part>
         </nameEntry>
         <nameEntry>
            <part>Institut national de recherche pédagogique, programme Histoire de l'éducation</part>
         </nameEntry>
         <nameEntry>
            <part>SHE</part>
         </nameEntry>
      </identity>
      <description>
         <existDates>
            <dateRange>
               <fromDate standardDate="1977-01-01">1977</fromDate>
               <toDate standardDate="2010-12-31">2010</toDate>
            </dateRange>
         </existDates>
         <places>
            <place>
               <placeRole>Lieu de Paris</placeRole>
               <placeEntry localType="nomLieu"> 29 rue d'Ulm, 75230 Paris 05</placeEntry>
               <placeEntry localType="voie" vocabularySource="d3nzdlud4x--106llaae0lz0b">Ulm (rue d')</placeEntry>
            </place>
         </places>
         <legalStatuses>
            <legalStatus>
               <term vocabularySource="d5blonb3ky--u69ytier8ih6">établissement public à caractère administratif</term>
            </legalStatus>
         </legalStatuses>
         <functions>
            <function>
               <term vocabularySource="d3nyuic5p0-ktmsglhlnhvr">recherche</term>
            </function>
            <function>
               <term vocabularySource="d5bhvihav4-158rf7kzztoxz">éducation nationale</term>
            </function>
         </functions>
         <mandates>
            <mandate>
               <descriptiveNote>
                  <p>Arrêté du 6 juillet 1970 portant nomination d'un haut fonctionnaire chargé de l'histoire de l'éducation.</p>
                  <p>Arrêté du 5 juillet 1972 portant création d'une commission permanente de l'histoire de l'éducation.</p>
                  <p>Arrêté du 3 mars 1977 - Moyens et services de l'Institut national de recherche pédagogique (INRP) et du Centre national de documentation pédagogique (https://www.legifrance.gouv.fr/jo_pdf.do?id=JORFTEXT000000325912).</p>
                  <p>Décret n° 2010-1649 du 28 décembre 2010 portant dissolution de l'Institut national de recherche pédagogique (NOR: MENF1029733D ; ELI: https://www.legifrance.gouv.fr/eli/decret/2010/12/28/MENF1029733D/jo/texte).</p>
               </descriptiveNote>
            </mandate>
         </mandates>
         <structureOrGenealogy/>
         <biogHist>
            <p>Créé en 1977, le Service d’histoire de l'éducation (SHE) est un laboratoire de recherche et de service. Il a pour missions de : prendre toutes mesures pour promouvoir la recherche en histoire de l’éducation ; établir et mettre à jour le bilan des recherches dans ce domaine ; veiller à la sauvegarde du patrimoine éducatif. </p>
            <p/>
            <p>Le SHE trouve ses origines, en 1970, dans la nomination, au sein du ministère de l'Éducation nationale, d'un haut fonctionnaire chargé de l'histoire de l'éducation, assisté d'une commission permanente et doté de moyens propres, en crédits et en personnels. Tout d'abord implantée au sein du ministère de l'Éducation nationale (1970-1976), la mission d’histoire de l’éducation devient à partir de 1977 un service rattaché à l’Institut national de recherche pédagogique (INRP). Le SHE appartient, de 1977 à 1980, au département de la recherche historique, documentaire et comparée, avant de constituer de 1980 à 1990 une des huit directions de programme de l'INRP. À partir de 1990, il forme, avec la bibliothèque de l'INRP et le musée national de l'Éducation, implanté à Rouen et à Mont-Saint-Aignan, le département « Mémoire de l'éducation ». En 1997, ce département ne réunit plus que le SHE et le musée.</p>
            <p>Le SHE devient une unité associée au Centre national de la recherche scientifique (CNRS) à partir de 1989 (section 33 : Formation du monde moderne). Il cesse officiellement d’exister au moment de la dissolution de l’INRP (décret n° 2010-1649 du 28 décembre 2010). L’équipe « Histoire de l’éducation », héritière du SHE intégré en 2011 à l’ENS de Lyon et à l’Institut français de l’éducation (IFÉ), a rejoint le laboratoire de recherche historique Rhône-Alpes (LARHRA, UMR CNRS 5190) en 2012. </p>
         </biogHist>
      </description>
      <relations>
         <cpfRelation xmlns:xlink="http://www.w3.org/1999/xlink"
                      cpfRelationType="hierarchical-parent"
                      xlink:href="FRAN_NP_003121"
                      xlink:type="simple">
            <relationEntry>Institut national de recherche pédagogique, direction des programmes de recherche</relationEntry>
            <dateRange>
               <fromDate standardDate="1977-01-01">1977</fromDate>
               <toDate standardDate="2010-12-31">2010</toDate>
            </dateRange>
         </cpfRelation>
         <cpfRelation xmlns:xlink="http://www.w3.org/1999/xlink"
                      cpfRelationType="identity"
                      xlink:href="https://catalogue.bnf.fr/ark:/12148/cb11864559x"
                      xlink:type="simple">
            <relationEntry>Institut national de recherche pédagogique (France). Service d'histoire de l'éducation</relationEntry>
            <dateRange>
               <fromDate standardDate="1977-01-01">1977</fromDate>
               <toDate standardDate="2010-12-31">2010</toDate>
            </dateRange>
            <descriptiveNote>
               <p>Notice d'autorité BnF</p>
            </descriptiveNote>
         </cpfRelation>
         <resourceRelation xmlns:xlink="http://www.w3.org/1999/xlink"
                           resourceRelationType="creatorOf"
                           xlink:href="FRAN_IR_021698"
                           xlink:type="simple">
            <relationEntry localType="archival">Éducation nationale ; Institut national de recherche pédagogique (INRP) ; Histoire de l'éducation (1962-1986)</relationEntry>
         </resourceRelation>
         <resourceRelation xmlns:xlink="http://www.w3.org/1999/xlink"
                           resourceRelationType="creatorOf"
                           xlink:href="FRAN_IR_013396"
                           xlink:type="simple">
            <relationEntry localType="archival">éducation nationale ; Institut national de recherche pédagogique (INRP) ; Histoire de l'éducation (1969-1986)</relationEntry>
         </resourceRelation>
      </relations>
   </cpfDescription>
</eac-cpf>
