<eac-cpf xmlns="urn:isbn:1-931666-33-4"
         xmlns:xsi="http://www.w3.org/2001/XMLSchema-instance"
         xsi:schemaLocation="urn:isbn:1-931666-33-4 cpf.xsd">
   <control>
      <recordId>FRAN_NP_010196</recordId>
      <otherRecordId localType="Ancien_identifiant">FRDAFANCH00MC_NAETUDE_069</otherRecordId>
      <maintenanceStatus>derived</maintenanceStatus>
      <maintenanceAgency>
         <agencyName>Archives nationales de France</agencyName>
      </maintenanceAgency>
      <languageDeclaration>
         <language languageCode="fre">Français</language>
         <script scriptCode="Latn"/>
      </languageDeclaration>
      <conventionDeclaration>
         <citation>Notice établie conformément à la norme ICA-ISAAR (CPF) 2004, aux normes ISO 8601 pour le système de normalisation des dates utilisé, ainsi que AFNOR NF Z 44-061, juin 1986. Catalogage : forme et structure des vedettes noms de personne, des vedettes titres, des rubriques de classement et des titres forgés.</citation>
      </conventionDeclaration>
      <localControl localType="niveau_de_detail">
         <term>Moyenne</term>
      </localControl>
      <maintenanceHistory>
         <maintenanceEvent>
            <eventType>derived</eventType>
            <eventDateTime>2013-04-23</eventDateTime>
            <agentType>machine</agentType>
            <agent>Migration ETANOT</agent>
         </maintenanceEvent>
      </maintenanceHistory>
   </control>
   <cpfDescription>
      <identity>
         <entityType>corporateBody</entityType>
         <nameEntry localType="autorisée" scriptCode="Latn" xml:lang="fre">
            <part>Etude LXIX</part>
         </nameEntry>
         <nameEntry>
            <part>75007</part>
         </nameEntry>
      </identity>
      <description>
         <existDates>
            <dateRange>
               <fromDate standardDate="1518-01-01">1518</fromDate>
            </dateRange>
         </existDates>
         <places>
            <place>
               <placeRole>Lieu de Paris</placeRole>
               <placeEntry localType="nomLieu">24, rue Vignon, BP 257, 75424 PARIS</placeEntry>
            </place>
         </places>
         <functions>
            <function>
               <term vocabularySource="d3nyui3o8w--11y7jgy8q3wnt">notaire à paris</term>
               <dateRange>
                  <fromDate standardDate="1518-01-01">1518</fromDate>
                  <toDate/>
               </dateRange>
            </function>
         </functions>
         <biogHist>
            <p>Cette étude est installée rue Saint-Denis du XVIème siècle jusqu'au XIXème siècle, dans le voisinage de l'hôpital de la Trinité. Elle déménage ensuite rue de la Trinité, puis rue Neuve-Saint-Merri, enfin rue Aubry-le-Boucher. Transférée rue de Richelieu en 1814, puis rue Menars en 1833, elle se retrouve avenue de l'Opéra en 1878 et se fixe rue Saint-Florentin (1896).</p>
         </biogHist>
      </description>
      <relations>
         <cpfRelation xmlns:xlink="http://www.w3.org/1999/xlink"
                      cpfRelationType="associative"
                      xlink:href="FRAN_NP_010344"
                      xlink:type="simple">
            <relationEntry>Vatel, Claude</relationEntry>
            <dateRange>
               <fromDate standardDate="1679-12-22">22 décembre 1679</fromDate>
               <toDate standardDate="1706-05-18">18 mai 1706</toDate>
            </dateRange>
         </cpfRelation>
         <cpfRelation xmlns:xlink="http://www.w3.org/1999/xlink"
                      cpfRelationType="associative"
                      xlink:href="FRAN_NP_010995"
                      xlink:type="simple">
            <relationEntry>Pourcel, Claude</relationEntry>
            <dateRange>
               <fromDate standardDate="1591-03-08">8 mars 1591</fromDate>
               <toDate standardDate="1623-11-28">28 novembre 1623</toDate>
            </dateRange>
         </cpfRelation>
         <cpfRelation xmlns:xlink="http://www.w3.org/1999/xlink"
                      cpfRelationType="associative"
                      xlink:href="FRAN_NP_010996"
                      xlink:type="simple">
            <relationEntry>Pourcel, Jean</relationEntry>
            <dateRange>
               <fromDate standardDate="1625-02-14">14 février 1625</fromDate>
               <toDate standardDate="1634-05-23">23 mai 1634</toDate>
            </dateRange>
         </cpfRelation>
         <cpfRelation xmlns:xlink="http://www.w3.org/1999/xlink"
                      cpfRelationType="associative"
                      xlink:href="FRAN_NP_010997"
                      xlink:type="simple">
            <relationEntry>Pourcel, Louis</relationEntry>
            <dateRange>
               <fromDate standardDate="1623-11-28">28 novembre 1623</fromDate>
               <toDate standardDate="1651-03-18">18 mars 1651</toDate>
            </dateRange>
         </cpfRelation>
         <cpfRelation xmlns:xlink="http://www.w3.org/1999/xlink"
                      cpfRelationType="associative"
                      xlink:href="FRAN_NP_011470"
                      xlink:type="simple">
            <relationEntry>Lefebvre, Claude I</relationEntry>
            <dateRange>
               <fromDate standardDate="1683-01-16">16 janvier 1683</fromDate>
               <toDate standardDate="1707-08-02">2 août 1707</toDate>
            </dateRange>
         </cpfRelation>
         <cpfRelation xmlns:xlink="http://www.w3.org/1999/xlink"
                      cpfRelationType="associative"
                      xlink:href="FRAN_NP_011183"
                      xlink:type="simple">
            <relationEntry>Milliard, Jean</relationEntry>
            <dateRange>
               <fromDate standardDate="1628-01-01">1628</fromDate>
               <toDate standardDate="1631-12-31">1631</toDate>
            </dateRange>
         </cpfRelation>
         <cpfRelation xmlns:xlink="http://www.w3.org/1999/xlink"
                      cpfRelationType="associative"
                      xlink:href="FRAN_NP_012626"
                      xlink:type="simple">
            <relationEntry>Coutellier, Louis</relationEntry>
            <dateRange>
               <fromDate standardDate="1662-02-28">28 février 1662</fromDate>
               <toDate standardDate="1676-06-26">26 juin 1676</toDate>
            </dateRange>
         </cpfRelation>
         <cpfRelation xmlns:xlink="http://www.w3.org/1999/xlink"
                      cpfRelationType="associative"
                      xlink:href="FRAN_NP_012624"
                      xlink:type="simple">
            <relationEntry>Champia, Pierre-Hector</relationEntry>
            <dateRange>
               <fromDate standardDate="1746-01-20">20 janvier 1746</fromDate>
               <toDate standardDate="1746-05-15">15 mai 1746</toDate>
            </dateRange>
         </cpfRelation>
         <cpfRelation xmlns:xlink="http://www.w3.org/1999/xlink"
                      cpfRelationType="associative"
                      xlink:href="FRAN_NP_011059"
                      xlink:type="simple">
            <relationEntry>Maine-Glatiny, François-Achille</relationEntry>
            <dateRange>
               <fromDate standardDate="1810-11-28">28 novembre 1810</fromDate>
               <toDate standardDate="1828-11-26">26 novembre 1828</toDate>
            </dateRange>
         </cpfRelation>
         <cpfRelation xmlns:xlink="http://www.w3.org/1999/xlink"
                      cpfRelationType="associative"
                      xlink:href="FRAN_NP_010442"
                      xlink:type="simple">
            <relationEntry>Thifaine-Desauneaux, Jean-Marie-Henri</relationEntry>
            <dateRange>
               <fromDate standardDate="1829-06-26">26 juin 1829</fromDate>
               <toDate standardDate="1853-08-20">20 août 1853</toDate>
            </dateRange>
         </cpfRelation>
         <cpfRelation xmlns:xlink="http://www.w3.org/1999/xlink"
                      cpfRelationType="associative"
                      xlink:href="FRAN_NP_011806"
                      xlink:type="simple">
            <relationEntry>Huet, Alexandre</relationEntry>
            <dateRange>
               <fromDate standardDate="1733-09-02">2 septembre 1733</fromDate>
               <toDate standardDate="1759-06-13">13 juin 1759</toDate>
            </dateRange>
         </cpfRelation>
         <cpfRelation xmlns:xlink="http://www.w3.org/1999/xlink"
                      cpfRelationType="associative"
                      xlink:href="FRAN_NP_011852"
                      xlink:type="simple">
            <relationEntry>Gary, Pierre</relationEntry>
            <dateRange>
               <fromDate standardDate="1651-03-18">18 mars 1651</fromDate>
               <toDate standardDate="1679-12-22">22 décembre 1679</toDate>
            </dateRange>
         </cpfRelation>
         <cpfRelation xmlns:xlink="http://www.w3.org/1999/xlink"
                      cpfRelationType="associative"
                      xlink:href="FRAN_NP_012804"
                      xlink:type="simple">
            <relationEntry>Bazin, Eugène-Marie</relationEntry>
            <dateRange>
               <fromDate standardDate="1889-05-08">8 mai 1889</fromDate>
               <toDate standardDate="1924-12-22">22 décembre 1924</toDate>
            </dateRange>
         </cpfRelation>
         <cpfRelation xmlns:xlink="http://www.w3.org/1999/xlink"
                      cpfRelationType="associative"
                      xlink:href="FRAN_NP_013047"
                      xlink:type="simple">
            <relationEntry>Brian, Jean-Charles</relationEntry>
            <dateRange>
               <fromDate standardDate="1828-11-26">26 novembre 1828</fromDate>
               <toDate standardDate="1829-06-26">26 juin 1829</toDate>
            </dateRange>
         </cpfRelation>
         <cpfRelation xmlns:xlink="http://www.w3.org/1999/xlink"
                      cpfRelationType="associative"
                      xlink:href="FRAN_NP_011766"
                      xlink:type="simple">
            <relationEntry>Herbert, Pierre</relationEntry>
            <dateRange>
               <fromDate standardDate="1676-06-26">26 juin 1676</fromDate>
               <toDate standardDate="1683-01-16">16 janvier 1683</toDate>
            </dateRange>
         </cpfRelation>
         <cpfRelation xmlns:xlink="http://www.w3.org/1999/xlink"
                      cpfRelationType="associative"
                      xlink:href="FRAN_NP_011736"
                      xlink:type="simple">
            <relationEntry>Hamel, Jean François</relationEntry>
            <dateRange>
               <fromDate standardDate="1772-02-15">15 février 1772</fromDate>
               <toDate standardDate="1784-09-18">18 septembre 1784</toDate>
            </dateRange>
         </cpfRelation>
         <cpfRelation xmlns:xlink="http://www.w3.org/1999/xlink"
                      cpfRelationType="associative"
                      xlink:href="FRAN_NP_012095"
                      xlink:type="simple">
            <relationEntry>Fourchy, François</relationEntry>
            <dateRange>
               <fromDate standardDate="1784-09-18">18 septembre 1784</fromDate>
               <toDate standardDate="1810-11-28">28 novembre 1810</toDate>
            </dateRange>
         </cpfRelation>
         <cpfRelation xmlns:xlink="http://www.w3.org/1999/xlink"
                      cpfRelationType="associative"
                      xlink:href="FRAN_NP_013121"
                      xlink:type="simple">
            <relationEntry>Ancel, Guillaume</relationEntry>
            <dateRange>
               <fromDate standardDate="1561-01-01">1561</fromDate>
               <toDate standardDate="1563-12-31">1563</toDate>
            </dateRange>
         </cpfRelation>
         <cpfRelation xmlns:xlink="http://www.w3.org/1999/xlink"
                      cpfRelationType="associative"
                      xlink:href="FRAN_NP_011730"
                      xlink:type="simple">
            <relationEntry>Haguenier, Martin I</relationEntry>
            <dateRange>
               <fromDate standardDate="1574-04-07">7 avril 1574</fromDate>
               <toDate standardDate="1591-04-10">10 avril 1591</toDate>
            </dateRange>
         </cpfRelation>
         <cpfRelation xmlns:xlink="http://www.w3.org/1999/xlink"
                      cpfRelationType="associative"
                      xlink:href="FRAN_NP_010664"
                      xlink:type="simple">
            <relationEntry>Richen, François</relationEntry>
            <dateRange>
               <fromDate standardDate="1989-09-13">13 septembre 1989</fromDate>
            </dateRange>
         </cpfRelation>
         <cpfRelation xmlns:xlink="http://www.w3.org/1999/xlink"
                      cpfRelationType="associative"
                      xlink:href="FRAN_NP_013019"
                      xlink:type="simple">
            <relationEntry>Boussier, Francis</relationEntry>
            <dateRange>
               <fromDate standardDate="1976-01-28">28 janvier 1976</fromDate>
               <toDate standardDate="2001-11-29">29 novembre 2001</toDate>
            </dateRange>
         </cpfRelation>
         <cpfRelation xmlns:xlink="http://www.w3.org/1999/xlink"
                      cpfRelationType="associative"
                      xlink:href="FRAN_NP_012803"
                      xlink:type="simple">
            <relationEntry>Bazin, Eugène-Louis</relationEntry>
            <dateRange>
               <fromDate standardDate="1853-08-20">20 août 1853</fromDate>
               <toDate standardDate="1889-05-08">8 mai 1889</toDate>
            </dateRange>
         </cpfRelation>
         <cpfRelation xmlns:xlink="http://www.w3.org/1999/xlink"
                      cpfRelationType="associative"
                      xlink:href="FRAN_NP_012805"
                      xlink:type="simple">
            <relationEntry>Bazin, François Arthur</relationEntry>
            <dateRange>
               <fromDate standardDate="1924-12-22">22 décembre 1924</fromDate>
               <toDate standardDate="1948-03-23">23 mars 1948</toDate>
            </dateRange>
         </cpfRelation>
         <cpfRelation xmlns:xlink="http://www.w3.org/1999/xlink"
                      cpfRelationType="associative"
                      xlink:href="FRAN_NP_011854"
                      xlink:type="simple">
            <relationEntry>Gaschier, Jean</relationEntry>
            <dateRange>
               <fromDate standardDate="1707-08-03">3 août 1707</fromDate>
               <toDate standardDate="1727-09-10">10 septembre 1727</toDate>
            </dateRange>
         </cpfRelation>
         <cpfRelation xmlns:xlink="http://www.w3.org/1999/xlink"
                      cpfRelationType="associative"
                      xlink:href="FRAN_NP_011044"
                      xlink:type="simple">
            <relationEntry>Maheut, Charles</relationEntry>
            <dateRange>
               <fromDate standardDate="1518-01-01">1518</fromDate>
               <toDate standardDate="1587-12-31">1587</toDate>
            </dateRange>
         </cpfRelation>
         <cpfRelation xmlns:xlink="http://www.w3.org/1999/xlink"
                      cpfRelationType="associative"
                      xlink:href="FRAN_NP_011045"
                      xlink:type="simple">
            <relationEntry>Maheut, Valère</relationEntry>
            <dateRange>
               <fromDate standardDate="1562-11-19">19 novembre 1562</fromDate>
               <toDate standardDate="1608-12-31">1608</toDate>
            </dateRange>
         </cpfRelation>
         <cpfRelation xmlns:xlink="http://www.w3.org/1999/xlink"
                      cpfRelationType="associative"
                      xlink:href="FRAN_NP_012623"
                      xlink:type="simple">
            <relationEntry>Champia, Guillaume-Pierre</relationEntry>
            <dateRange>
               <fromDate standardDate="1727-09-10">10 septembre 1727</fromDate>
               <toDate standardDate="1745-12-16">16 décembre 1745</toDate>
            </dateRange>
         </cpfRelation>
         <cpfRelation xmlns:xlink="http://www.w3.org/1999/xlink"
                      cpfRelationType="associative"
                      xlink:href="FRAN_NP_012625"
                      xlink:type="simple">
            <relationEntry>Cléret, Nicolas-Philippe</relationEntry>
            <dateRange>
               <fromDate standardDate="1706-05-18">18 mai 1706</fromDate>
               <toDate standardDate="1733-09-02">2 septembre 1733</toDate>
            </dateRange>
         </cpfRelation>
         <cpfRelation xmlns:xlink="http://www.w3.org/1999/xlink"
                      cpfRelationType="associative"
                      xlink:href="FRAN_NP_010582"
                      xlink:type="simple">
            <relationEntry>Sibire, Augustin-Amable</relationEntry>
            <dateRange>
               <fromDate standardDate="1759-06-13">13 juin 1759</fromDate>
               <toDate standardDate="1772-02-15">15 février 1772</toDate>
            </dateRange>
         </cpfRelation>
         <cpfRelation xmlns:xlink="http://www.w3.org/1999/xlink"
                      cpfRelationType="associative"
                      xlink:href="FRAN_NP_010557"
                      xlink:type="simple">
            <relationEntry>Schaeffer, Jean Pierre</relationEntry>
            <dateRange>
               <fromDate standardDate="1984-07-17">17 juillet 1984</fromDate>
               <toDate standardDate="2010-05-21">21 mai 2010</toDate>
            </dateRange>
         </cpfRelation>
         <cpfRelation xmlns:xlink="http://www.w3.org/1999/xlink"
                      cpfRelationType="associative"
                      xlink:href="FRAN_NP_011500"
                      xlink:type="simple">
            <relationEntry>Legrain, Jean Emile Alfred Marie</relationEntry>
            <dateRange>
               <fromDate standardDate="1948-03-23">23 mars 1948</fromDate>
               <toDate standardDate="1976-01-28">28 janvier 1976</toDate>
            </dateRange>
         </cpfRelation>
         <cpfRelation xmlns:xlink="http://www.w3.org/1999/xlink"
                      cpfRelationType="associative"
                      xlink:href="FRAN_NP_011655"
                      xlink:type="simple">
            <relationEntry>Key, Philippe</relationEntry>
            <dateRange>
               <fromDate standardDate="1993-03-31">31 mars 1993</fromDate>
            </dateRange>
         </cpfRelation>
         <cpfRelation xmlns:xlink="http://www.w3.org/1999/xlink"
                      cpfRelationType="associative"
                      xlink:href="FRAN_NP_012222"
                      xlink:type="simple">
            <relationEntry>David, René</relationEntry>
            <dateRange>
               <fromDate standardDate="1636-07-30">30 juillet 1636</fromDate>
               <toDate standardDate="1662-02-28">28 février 1662</toDate>
            </dateRange>
         </cpfRelation>
         <cpfRelation xmlns:xlink="http://www.w3.org/1999/xlink"
                      cpfRelationType="associative"
                      xlink:href="FRAN_NP_013510"
                      xlink:type="simple">
            <relationEntry>Launais, François-Xavier</relationEntry>
            <dateRange>
               <fromDate standardDate="2011-07-19">19 juillet 2011</fromDate>
            </dateRange>
         </cpfRelation>
         <cpfRelation xmlns:xlink="http://www.w3.org/1999/xlink"
                      cpfRelationType="associative"
                      xlink:href="FRAN_NP_013511"
                      xlink:type="simple">
            <relationEntry>Thabaut, Isabelle</relationEntry>
            <dateRange>
               <fromDate standardDate="2011-07-19">19 juillet 2011</fromDate>
            </dateRange>
         </cpfRelation>
         <resourceRelation xmlns:xlink="http://www.w3.org/1999/xlink"
                           resourceRelationType="subjectOf"
                           xlink:href="FRAN_IR_042562"
                           xlink:type="simple">
            <relationEntry localType="archival">Minutes et répertoires du notaire François FOURCHY, 18 septembre 1784 - 28 novembre 1810 (étude LXIX)</relationEntry>
         </resourceRelation>
         <resourceRelation xmlns:xlink="http://www.w3.org/1999/xlink"
                           resourceRelationType="subjectOf"
                           xlink:href="FRAN_IR_042549"
                           xlink:type="simple">
            <relationEntry localType="archival">Minutes et répertoires du notaire René DAVID, août 1637 - 28 février 1662 (étude LXIX)</relationEntry>
         </resourceRelation>
         <resourceRelation xmlns:xlink="http://www.w3.org/1999/xlink"
                           resourceRelationType="subjectOf"
                           xlink:href="FRAN_IR_042551"
                           xlink:type="simple">
            <relationEntry localType="archival">Minutes et répertoires du notaire Louis COUTELLIER, 28 février 1662 - 28 avril 1676 (étude LXIX)</relationEntry>
         </resourceRelation>
         <resourceRelation xmlns:xlink="http://www.w3.org/1999/xlink"
                           resourceRelationType="subjectOf"
                           xlink:href="FRAN_IR_042550"
                           xlink:type="simple">
            <relationEntry localType="archival">Minutes et répertoires du notaire Pierre GARY, 18 mars 1651 - 22 décembre 1679 (étude LXIX)</relationEntry>
         </resourceRelation>
         <resourceRelation xmlns:xlink="http://www.w3.org/1999/xlink"
                           resourceRelationType="subjectOf"
                           xlink:href="FRAN_IR_042553"
                           xlink:type="simple">
            <relationEntry localType="archival">Minutes et répertoires du notaire Claude VATEL, 23 décembre 1679 - 18 mai 1706 (étude LXIX)</relationEntry>
         </resourceRelation>
         <resourceRelation xmlns:xlink="http://www.w3.org/1999/xlink"
                           resourceRelationType="subjectOf"
                           xlink:href="FRAN_IR_042554"
                           xlink:type="simple">
            <relationEntry localType="archival">Minutes et répertoires du notaire Claude I LEFEBVRE, 16 janvier 1683 - 2 août 1707 (étude LXIX)</relationEntry>
         </resourceRelation>
         <resourceRelation xmlns:xlink="http://www.w3.org/1999/xlink"
                           resourceRelationType="subjectOf"
                           xlink:href="FRAN_IR_042555"
                           xlink:type="simple">
            <relationEntry localType="archival">Minutes et répertoires du notaire Nicolas Philippe CLÉRET, 19 mai 1706 - 2 septembre 1733 (étude LXIX)</relationEntry>
         </resourceRelation>
         <resourceRelation xmlns:xlink="http://www.w3.org/1999/xlink"
                           resourceRelationType="subjectOf"
                           xlink:href="FRAN_IR_042556"
                           xlink:type="simple">
            <relationEntry localType="archival">Minutes et répertoires du notaire Jean GASCHIER, 3 août 1707 - 9 septembre 1727 (étude LXIX)</relationEntry>
         </resourceRelation>
         <resourceRelation xmlns:xlink="http://www.w3.org/1999/xlink"
                           resourceRelationType="subjectOf"
                           xlink:href="FRAN_IR_042557"
                           xlink:type="simple">
            <relationEntry localType="archival">Minutes et répertoires du notaire Pierre Hector CHAMPIA, 20 janvier 1746 - 15 mai 1746 (étude LXIX)</relationEntry>
         </resourceRelation>
         <resourceRelation xmlns:xlink="http://www.w3.org/1999/xlink"
                           resourceRelationType="subjectOf"
                           xlink:href="FRAN_IR_042561"
                           xlink:type="simple">
            <relationEntry localType="archival">Minutes et répertoires du notaire Jean François HAMEL, 15 février 1772 - 16 septembre 1784 (étude LXIX)</relationEntry>
         </resourceRelation>
         <resourceRelation xmlns:xlink="http://www.w3.org/1999/xlink"
                           resourceRelationType="subjectOf"
                           xlink:href="FRAN_IR_042565"
                           xlink:type="simple">
            <relationEntry localType="archival">Minutes et répertoires du notaire Jean Charles BRIAN, 26 novembre 1828 - 26 juin 1829 (étude LXIX)</relationEntry>
         </resourceRelation>
         <resourceRelation xmlns:xlink="http://www.w3.org/1999/xlink"
                           resourceRelationType="subjectOf"
                           xlink:href="FRAN_IR_042563"
                           xlink:type="simple">
            <relationEntry localType="archival">Minutes et répertoires du notaire François Achille MAINE-GLATIGNY, 28 novembre 1810 - 26 novembre 1828 (étude LXIX)</relationEntry>
         </resourceRelation>
         <resourceRelation xmlns:xlink="http://www.w3.org/1999/xlink"
                           resourceRelationType="subjectOf"
                           xlink:href="FRAN_IR_042558"
                           xlink:type="simple">
            <relationEntry localType="archival">Minutes et répertoires du notaire Guillaume Pierre CHAMPIA, 10 septembre 1727 - 16 décembre 1745 (étude LXIX)</relationEntry>
         </resourceRelation>
         <resourceRelation xmlns:xlink="http://www.w3.org/1999/xlink"
                           resourceRelationType="creatorOf"
                           xlink:href="FRAN_IR_042559"
                           xlink:type="simple">
            <relationEntry localType="archival">Minutes et répertoires du notaire Alexandre HUET, 2 septembre 1733 - 5 juin 1759 (étude LXIX)</relationEntry>
         </resourceRelation>
         <resourceRelation xmlns:xlink="http://www.w3.org/1999/xlink"
                           resourceRelationType="creatorOf"
                           xlink:href="FRAN_IR_042560"
                           xlink:type="simple">
            <relationEntry localType="archival">Minutes et répertoires du notaire Augustin Amable SIBIRE, 13 juin 1759 - 13 février 1772 (étude LXIX)</relationEntry>
         </resourceRelation>
         <resourceRelation xmlns:xlink="http://www.w3.org/1999/xlink"
                           resourceRelationType="creatorOf"
                           xlink:href="FRAN_IR_052366"
                           xlink:type="simple">
            <relationEntry localType="archival">Images des répertoires du notaire René David pour l'étude LXIX</relationEntry>
         </resourceRelation>
         <resourceRelation xmlns:xlink="http://www.w3.org/1999/xlink"
                           resourceRelationType="creatorOf"
                           xlink:href="FRAN_IR_042547"
                           xlink:type="simple">
            <relationEntry localType="archival">Minutes et répertoires du notaire Valère MAHEUT, 19 novembre 1562 - 13 avril 1606 (étude LXIX)</relationEntry>
         </resourceRelation>
         <resourceRelation xmlns:xlink="http://www.w3.org/1999/xlink"
                           resourceRelationType="creatorOf"
                           xlink:href="FRAN_IR_042546"
                           xlink:type="simple">
            <relationEntry localType="archival">Minutes et répertoires du notaire Claude POURCEL, 16 mai 1597 - 2 mars 1623 (étude LXIX)</relationEntry>
         </resourceRelation>
         <resourceRelation xmlns:xlink="http://www.w3.org/1999/xlink"
                           resourceRelationType="creatorOf"
                           xlink:href="FRAN_IR_042548"
                           xlink:type="simple">
            <relationEntry localType="archival">Minutes et répertoires du notaire Jean POURCEL, 1626 - 1631 (étude LXIX)</relationEntry>
         </resourceRelation>
         <resourceRelation xmlns:xlink="http://www.w3.org/1999/xlink"
                           resourceRelationType="creatorOf"
                           xlink:href="FRAN_IR_042552"
                           xlink:type="simple">
            <relationEntry localType="archival">Minutes et répertoires du notaire Pierre HERBERT, 26 juin 1676 - 16 janvier 1683 (étude LXIX)</relationEntry>
         </resourceRelation>
         <resourceRelation xmlns:xlink="http://www.w3.org/1999/xlink"
                           resourceRelationType="creatorOf"
                           xlink:href="FRAN_IR_052380"
                           xlink:type="simple">
            <relationEntry localType="archival">Images du répertoire du notaire Louis Coutellier pour l'étude LXIX</relationEntry>
         </resourceRelation>
         <resourceRelation xmlns:xlink="http://www.w3.org/1999/xlink"
                           resourceRelationType="creatorOf"
                           xlink:href="FRAN_IR_052372"
                           xlink:type="simple">
            <relationEntry localType="archival">Images du répertoire du notaire Claude I Lefebvre pour l'étude LXIX</relationEntry>
         </resourceRelation>
         <resourceRelation xmlns:xlink="http://www.w3.org/1999/xlink"
                           resourceRelationType="creatorOf"
                           xlink:href="FRAN_IR_052368"
                           xlink:type="simple">
            <relationEntry localType="archival">Images du répertoire du notaire Jean Gaschier pour l'étude LXIX</relationEntry>
         </resourceRelation>
         <resourceRelation xmlns:xlink="http://www.w3.org/1999/xlink"
                           resourceRelationType="creatorOf"
                           xlink:href="FRAN_IR_052383"
                           xlink:type="simple">
            <relationEntry localType="archival">Images du répertoire du notaire Guillaume Pierre Champia pour l'étude LXIX</relationEntry>
         </resourceRelation>
         <resourceRelation xmlns:xlink="http://www.w3.org/1999/xlink"
                           resourceRelationType="creatorOf"
                           xlink:href="FRAN_IR_052382"
                           xlink:type="simple">
            <relationEntry localType="archival">Images du répertoire du notaire Pierre Hector Champia pour l'étude LXIX</relationEntry>
         </resourceRelation>
         <resourceRelation xmlns:xlink="http://www.w3.org/1999/xlink"
                           resourceRelationType="creatorOf"
                           xlink:href="FRAN_IR_052369"
                           xlink:type="simple">
            <relationEntry localType="archival">Images du répertoire du notaire Pierre Gary pour l'étude LXIX</relationEntry>
         </resourceRelation>
         <resourceRelation xmlns:xlink="http://www.w3.org/1999/xlink"
                           resourceRelationType="creatorOf"
                           xlink:href="FRAN_IR_052358"
                           xlink:type="simple">
            <relationEntry localType="archival">Images du répertoire du notaire Claude Vatel pour l'étude LXIX</relationEntry>
         </resourceRelation>
         <resourceRelation xmlns:xlink="http://www.w3.org/1999/xlink"
                           resourceRelationType="creatorOf"
                           xlink:href="FRAN_IR_052381"
                           xlink:type="simple">
            <relationEntry localType="archival">Images du répertoire du notaire Nicolas Philippe Cléret pour l'étude LXIX</relationEntry>
         </resourceRelation>
         <resourceRelation xmlns:xlink="http://www.w3.org/1999/xlink"
                           resourceRelationType="creatorOf"
                           xlink:href="FRAN_IR_052370"
                           xlink:type="simple">
            <relationEntry localType="archival">Images du répertoire du notaire Alexandre Huet pour l'étude LXIX</relationEntry>
         </resourceRelation>
         <resourceRelation xmlns:xlink="http://www.w3.org/1999/xlink"
                           resourceRelationType="creatorOf"
                           xlink:href="FRAN_IR_052374"
                           xlink:type="simple">
            <relationEntry localType="archival">Images du répertoire du notaire Augustin Amable Sibire pour l'étude LXIX</relationEntry>
         </resourceRelation>
         <resourceRelation xmlns:xlink="http://www.w3.org/1999/xlink"
                           resourceRelationType="creatorOf"
                           xlink:href="FRAN_IR_052371"
                           xlink:type="simple">
            <relationEntry localType="archival">Images du répertoire du notaire Jean François Hamel pour l'étude LXIX</relationEntry>
         </resourceRelation>
         <resourceRelation xmlns:xlink="http://www.w3.org/1999/xlink"
                           resourceRelationType="creatorOf"
                           xlink:href="FRAN_IR_052367"
                           xlink:type="simple">
            <relationEntry localType="archival">Images des répertoires du notaire François Fourchy pour l'étude LXIX</relationEntry>
         </resourceRelation>
         <resourceRelation xmlns:xlink="http://www.w3.org/1999/xlink"
                           resourceRelationType="creatorOf"
                           xlink:href="FRAN_IR_052373"
                           xlink:type="simple">
            <relationEntry localType="archival">Images des répertoires du notaire François Achille Maine-Glatigny pour l'étude LXIX</relationEntry>
         </resourceRelation>
         <resourceRelation xmlns:xlink="http://www.w3.org/1999/xlink"
                           resourceRelationType="creatorOf"
                           xlink:href="FRAN_IR_052377"
                           xlink:type="simple">
            <relationEntry localType="archival">Images du répertoire du notaire Jean Charles Brian pour l'étude LXIX</relationEntry>
         </resourceRelation>
         <resourceRelation xmlns:xlink="http://www.w3.org/1999/xlink"
                           resourceRelationType="creatorOf"
                           xlink:href="FRAN_IR_052357"
                           xlink:type="simple">
            <relationEntry localType="archival">Images des répertoires du notaire Jean Marie Henri Thifaine-Desauneaux pour l'étude LXIX</relationEntry>
         </resourceRelation>
         <resourceRelation xmlns:xlink="http://www.w3.org/1999/xlink"
                           resourceRelationType="creatorOf"
                           xlink:href="FRAN_IR_052379"
                           xlink:type="simple">
            <relationEntry localType="archival">Images des répertoires du notaire Eugène Louis Bazin pour l'étude LXIX</relationEntry>
         </resourceRelation>
         <resourceRelation xmlns:xlink="http://www.w3.org/1999/xlink"
                           resourceRelationType="creatorOf"
                           xlink:href="FRAN_IR_052378"
                           xlink:type="simple">
            <relationEntry localType="archival">Images du répertoire du notaire Eugène Marie Bazin pour l'étude LXIX</relationEntry>
         </resourceRelation>
         <resourceRelation xmlns:xlink="http://www.w3.org/1999/xlink"
                           resourceRelationType="creatorOf"
                           xlink:href="FRAN_IR_042544"
                           xlink:type="simple">
            <relationEntry localType="archival">Archives de l'étude LXIX</relationEntry>
         </resourceRelation>
         <resourceRelation xmlns:xlink="http://www.w3.org/1999/xlink"
                           resourceRelationType="creatorOf"
                           xlink:href="FRAN_IR_042567"
                           xlink:type="simple">
            <relationEntry localType="archival">Minutes et répertoires du notaire Eugène Marie BAZIN, 8 mai 1889 - 22 décembre 1924 (étude LXIX)</relationEntry>
         </resourceRelation>
         <resourceRelation xmlns:xlink="http://www.w3.org/1999/xlink"
                           resourceRelationType="creatorOf"
                           xlink:href="FRAN_IR_055913"
                           xlink:type="simple">
            <relationEntry localType="archival">Minutes et répertoires du notaire François Arthur BAZIN, 22 décembre 1924 - 31 décembre 1938 (étude LXIX)</relationEntry>
         </resourceRelation>
         <resourceRelation xmlns:xlink="http://www.w3.org/1999/xlink"
                           resourceRelationType="creatorOf"
                           xlink:href="FRAN_IR_042566"
                           xlink:type="simple">
            <relationEntry localType="archival">Minutes et répertoires du notaire Eugène Louis BAZIN, 20 août 1853 - 8 mai 1889 (étude LXIX)</relationEntry>
         </resourceRelation>
      </relations>
   </cpfDescription>
</eac-cpf>
