<eac-cpf xmlns="urn:isbn:1-931666-33-4"
         xmlns:xsi="http://www.w3.org/2001/XMLSchema-instance"
         xsi:schemaLocation="urn:isbn:1-931666-33-4 cpf.xsd">
   <control>
      <recordId>FRAN_NP_005481</recordId>
      <maintenanceStatus>revised</maintenanceStatus>
      <maintenanceAgency>
         <agencyName>Archives nationales de France</agencyName>
      </maintenanceAgency>
      <languageDeclaration>
         <language languageCode="fre">Français</language>
         <script scriptCode="Latn"/>
      </languageDeclaration>
      <conventionDeclaration>
         <citation>Notice établie conformément à la norme ICA-ISAAR (CPF) 2004, aux normes ISO 8601 pour le système de normalisation des dates utilisé, ainsi que AFNOR NF Z 44-061, juin 1986. Catalogage : forme et structure des vedettes noms de personne, des vedettes titres, des rubriques de classement et des titres forgés.</citation>
      </conventionDeclaration>
      <localControl localType="niveau_de_detail">
         <term>Moyenne</term>
      </localControl>
      <maintenanceHistory>
         <maintenanceEvent>
            <eventType>derived</eventType>
            <eventDateTime>2013-04-23</eventDateTime>
            <agentType>machine</agentType>
            <agent>Import_SIA</agent>
         </maintenanceEvent>
         <maintenanceEvent>
            <eventType>revised</eventType>
            <eventDateTime>2016-05-27</eventDateTime>
            <agentType>human</agentType>
            <agent>Pascal RIVIALE</agent>
         </maintenanceEvent>
         <maintenanceEvent>
            <eventType>updated</eventType>
            <eventDateTime>2016-10-03</eventDateTime>
            <agentType>human</agentType>
            <agent>Mission.referentiels MISSION.REFERENTIELS</agent>
         </maintenanceEvent>
         <maintenanceEvent>
            <eventType>updated</eventType>
            <eventDateTime>2016-10-07</eventDateTime>
            <agentType>human</agentType>
            <agent>Mission.referentiels MISSION.REFERENTIELS</agent>
         </maintenanceEvent>
      </maintenanceHistory>
      <sources>
         <source>
            <descriptiveNote>
               <p>Site internet du musée : http://www.musee-orsay.fr/fr/info/etablissement-public/statut.html</p>
               <p>Notice BnF FRBNF11990767 : http://catalogue.bnf.fr/ark:/12148/cb16592380h</p>
            </descriptiveNote>
         </source>
      </sources>
   </control>
   <cpfDescription>
      <identity>
         <entityId/>
         <entityType>corporateBody</entityType>
         <nameEntry localType="autorisée" scriptCode="Latn" xml:lang="fre">
            <part>Établissement public du musée d'Orsay et du musée de l'Orangerie (Paris ; 2010-....)</part>
         </nameEntry>
      </identity>
      <description>
         <existDates>
            <dateRange>
               <fromDate standardDate="2010-01-01">2010</fromDate>
            </dateRange>
         </existDates>
         <places>
            <place>
               <placeRole>Lieu de Paris</placeRole>
               <placeEntry localType="edifice" vocabularySource="d3nzume43p--f5ruv601wdei">Orsay (gare d')</placeEntry>
               <placeEntry localType="edifice" vocabularySource="d3nzuqar5w--juhxp1bfs0yz">Tuileries (jardin des)</placeEntry>
            </place>
         </places>
         <legalStatuses>
            <legalStatus>
               <term vocabularySource="d5blonb3ky--u69ytier8ih6">établissement public à caractère administratif</term>
            </legalStatus>
         </legalStatuses>
         <functions>
            <function>
               <term vocabularySource="d-5y3g3ef6o-1651r6rgctc85">arts</term>
            </function>
            <function>
               <term vocabularySource="d5bhviikk9--y6te63k761ib">culture</term>
            </function>
         </functions>
         <mandates>
            <mandate>
               <descriptiveNote>
                  <p>décret du 26 décembre 2003 : https://www.legifrance.gouv.fr/jo_pdf.do?id=JORFTEXT000000611798</p>
                  <p>décret du 27 mai 2010 : https://www.legifrance.gouv.fr/jo_pdf.do?id=JORFTEXT000022272160</p>
               </descriptiveNote>
            </mandate>
         </mandates>
         <biogHist>
            <p>Le musée d'Orsay est un musée national du Ministère de la Culture. Il est, avant 2004, un service à compétence nationale et devient établissement public à caractère administratif par décret du 26 décembre 2003 (modifié par le décret du 27 mai 2010), placé sous la tutelle du ministre chargé de la culture. </p>
            <p>Depuis le 1er janvier 2004, le musée d'Orsay regroupe le musée d'Orsay et le musée Hébert. Le musée de l’Orangerie, qui était lui-même un service à compétence nationale, est rattaché en mai 2010 à l’établissement public du musée d’Orsay, qui devient l’établissement public des musées d’Orsay et de l’Orangerie. </p>
            <p>Après deux ans de rénovation, le nouvel Orsay est inauguré le 20 octobre 2011. </p>
         </biogHist>
      </description>
      <relations>
         <cpfRelation xmlns:xlink="http://www.w3.org/1999/xlink"
                      cpfRelationType="hierarchical-parent"
                      xlink:href="FRAN_NP_005437"
                      xlink:type="simple">
            <relationEntry>France. Ministère de la Culture et de la Communication. Direction générale des patrimoines (2010-....)</relationEntry>
            <dateRange>
               <fromDate standardDate="2010-01-01">2010</fromDate>
            </dateRange>
         </cpfRelation>
         <cpfRelation xmlns:xlink="http://www.w3.org/1999/xlink"
                      cpfRelationType="identity"
                      xlink:href="http://catalogue.bnf.fr/ark:/12148/cb16592380h"
                      xlink:type="simple">
            <relationEntry>Établissement public des musées d'Orsay et de l'Orangerie (France) </relationEntry>
            <dateRange>
               <fromDate standardDate="2010-01-01">2010</fromDate>
               <toDate standardDate="2016-12-31">2016</toDate>
            </dateRange>
         </cpfRelation>
         <cpfRelation xmlns:xlink="http://www.w3.org/1999/xlink"
                      cpfRelationType="associative"
                      xlink:href="FRAN_NP_005437"
                      xlink:type="simple">
            <relationEntry>France. Ministère de la Culture et de la Communication. Direction générale des patrimoines (2010-....)</relationEntry>
            <dateRange>
               <fromDate standardDate="2010-01-01">2010</fromDate>
            </dateRange>
         </cpfRelation>
         <cpfRelation xmlns:xlink="http://www.w3.org/1999/xlink"
                      cpfRelationType="temporal-earlier"
                      xlink:href="FRAN_NP_005226"
                      xlink:type="simple">
            <relationEntry>Musée national de l'Orangerie (Paris ; 1927-2009)</relationEntry>
            <dateRange>
               <fromDate standardDate="2010-01-01">2010</fromDate>
            </dateRange>
            <descriptiveNote>
               <p/>
            </descriptiveNote>
         </cpfRelation>
         <cpfRelation xmlns:xlink="http://www.w3.org/1999/xlink"
                      cpfRelationType="temporal-earlier"
                      xlink:href="FRAN_NP_005229"
                      xlink:type="simple">
            <relationEntry>Établissement public du musée d'Orsay (Paris ; 2004-2009)</relationEntry>
            <dateRange>
               <fromDate standardDate="2010-01-01">2010</fromDate>
            </dateRange>
         </cpfRelation>
         <resourceRelation xmlns:xlink="http://www.w3.org/1999/xlink"
                           resourceRelationType="creatorOf"
                           xlink:href="FRAN_IR_054614"
                           xlink:type="simple">
            <relationEntry localType="archival">établissement public des musées d'Orsay et de l'orangerie</relationEntry>
         </resourceRelation>
         <resourceRelation xmlns:xlink="http://www.w3.org/1999/xlink"
                           resourceRelationType="creatorOf"
                           xlink:href="FRAN_IR_054613"
                           xlink:type="simple">
            <relationEntry localType="archival">Etablissement public des musées d'Orsay et de l'Orangerie</relationEntry>
         </resourceRelation>
         <resourceRelation xmlns:xlink="http://www.w3.org/1999/xlink"
                           resourceRelationType="creatorOf"
                           xlink:href="FRAN_IR_054444"
                           xlink:type="simple">
            <relationEntry localType="archival">Musée d'Orsay : administration générale</relationEntry>
         </resourceRelation>
         <resourceRelation xmlns:xlink="http://www.w3.org/1999/xlink"
                           resourceRelationType="creatorOf"
                           xlink:href="FRAN_IR_055473"
                           xlink:type="simple">
            <relationEntry localType="archival">ÉTABLISSEMENT PUBLIC Des MUSEEs D'ORSay et de l'orangerie</relationEntry>
         </resourceRelation>
      </relations>
   </cpfDescription>
</eac-cpf>
