<eac-cpf xmlns="urn:isbn:1-931666-33-4"
         xmlns:xsi="http://www.w3.org/2001/XMLSchema-instance"
         xsi:schemaLocation="urn:isbn:1-931666-33-4 cpf.xsd">
   <control>
      <recordId>FRAN_NP_010203</recordId>
      <otherRecordId localType="Ancien_identifiant">FRDAFANCH00MC_NAETUDE_076</otherRecordId>
      <maintenanceStatus>derived</maintenanceStatus>
      <maintenanceAgency>
         <agencyName>Archives nationales de France</agencyName>
      </maintenanceAgency>
      <languageDeclaration>
         <language languageCode="fre">Français</language>
         <script scriptCode="Latn"/>
      </languageDeclaration>
      <conventionDeclaration>
         <citation>Notice établie conformément à la norme ICA-ISAAR (CPF) 2004, aux normes ISO 8601 pour le système de normalisation des dates utilisé, ainsi que AFNOR NF Z 44-061, juin 1986. Catalogage : forme et structure des vedettes noms de personne, des vedettes titres, des rubriques de classement et des titres forgés.</citation>
      </conventionDeclaration>
      <localControl localType="niveau_de_detail">
         <term>Moyenne</term>
      </localControl>
      <maintenanceHistory>
         <maintenanceEvent>
            <eventType>derived</eventType>
            <eventDateTime>2015-09-30</eventDateTime>
            <agentType>machine</agentType>
            <agent>Migration ETANOT</agent>
         </maintenanceEvent>
      </maintenanceHistory>
   </control>
   <cpfDescription>
      <identity>
         <entityType>corporateBody</entityType>
         <nameEntry localType="autorisée" scriptCode="Latn" xml:lang="fre">
            <part>Etude LXXVI</part>
         </nameEntry>
         <nameEntry>
            <part>75005</part>
         </nameEntry>
      </identity>
      <description>
         <existDates>
            <dateRange>
               <fromDate standardDate="1659-01-01">1659</fromDate>
            </dateRange>
         </existDates>
         <places>
            <place>
               <placeRole>Lieu de Paris</placeRole>
               <placeEntry localType="nomLieu">34 bis, rue de l'Université, 75007 PARIS</placeEntry>
            </place>
         </places>
         <functions>
            <function>
               <term vocabularySource="d3nyui3o8w--11y7jgy8q3wnt">notaire à paris</term>
               <dateRange>
                  <fromDate standardDate="1659-01-01">1659</fromDate>
                  <toDate/>
               </dateRange>
            </function>
         </functions>
         <biogHist>
            <p>Étude de la rive gauche qui connaît le glissement caractéristique vers l'Ouest. Installée depuis 1656 rue de la Harpe, elle passe rue de Seine (1789), gagne la rue de Lille (1855), s'arrête rue de Bellechasse (1875) et aboutit finalement rue de Mailly (1884).</p>
         </biogHist>
      </description>
      <relations>
         <cpfRelation xmlns:xlink="http://www.w3.org/1999/xlink"
                      cpfRelationType="associative"
                      xlink:href="FRAN_NP_010942"
                      xlink:type="simple">
            <relationEntry>Pipault, Louis</relationEntry>
            <dateRange>
               <fromDate standardDate="1692-02-13">13 février 1692</fromDate>
               <toDate standardDate="1696-04-02">2 avril 1696</toDate>
            </dateRange>
         </cpfRelation>
         <cpfRelation xmlns:xlink="http://www.w3.org/1999/xlink"
                      cpfRelationType="associative"
                      xlink:href="FRAN_NP_011427"
                      xlink:type="simple">
            <relationEntry>Le secq de launay, Thomas</relationEntry>
            <dateRange>
               <fromDate standardDate="1659-10-10">10 octobre 1659</fromDate>
               <toDate standardDate="1692-02-13">13 février 1692</toDate>
            </dateRange>
         </cpfRelation>
         <cpfRelation xmlns:xlink="http://www.w3.org/1999/xlink"
                      cpfRelationType="associative"
                      xlink:href="FRAN_NP_012115"
                      xlink:type="simple">
            <relationEntry>Frémyn, Valentin-Etienne</relationEntry>
            <dateRange>
               <fromDate standardDate="1823-04-22">22 avril 1823</fromDate>
               <toDate standardDate="1855-01-16">16 janvier 1855</toDate>
            </dateRange>
         </cpfRelation>
         <cpfRelation xmlns:xlink="http://www.w3.org/1999/xlink"
                      cpfRelationType="associative"
                      xlink:href="FRAN_NP_013532"
                      xlink:type="simple">
            <relationEntry>Dugaud, Nathalie</relationEntry>
            <dateRange>
               <fromDate standardDate="2011-11-17">17 novembre 2011</fromDate>
            </dateRange>
         </cpfRelation>
         <cpfRelation xmlns:xlink="http://www.w3.org/1999/xlink"
                      cpfRelationType="associative"
                      xlink:href="FRAN_NP_012643"
                      xlink:type="simple">
            <relationEntry>Chiboust, Louis-Alexandre</relationEntry>
            <dateRange>
               <fromDate standardDate="1794-08-14">14 août 1794</fromDate>
               <toDate standardDate="1816-05-22">22 mai 1816</toDate>
            </dateRange>
         </cpfRelation>
         <cpfRelation xmlns:xlink="http://www.w3.org/1999/xlink"
                      cpfRelationType="associative"
                      xlink:href="FRAN_NP_011988"
                      xlink:type="simple">
            <relationEntry>Guespereau, Jacques-Pierre</relationEntry>
            <dateRange>
               <fromDate standardDate="1769-06-23">23 juin 1769</fromDate>
               <toDate standardDate="1789-07-04">4 juillet 1789</toDate>
            </dateRange>
         </cpfRelation>
         <cpfRelation xmlns:xlink="http://www.w3.org/1999/xlink"
                      cpfRelationType="associative"
                      xlink:href="FRAN_NP_010401"
                      xlink:type="simple">
            <relationEntry>Tampe, Augustin</relationEntry>
            <dateRange>
               <fromDate standardDate="1816-05-22">22 mai 1816</fromDate>
               <toDate standardDate="1823-04-22">22 avril 1823</toDate>
            </dateRange>
         </cpfRelation>
         <cpfRelation xmlns:xlink="http://www.w3.org/1999/xlink"
                      cpfRelationType="associative"
                      xlink:href="FRAN_NP_012763"
                      xlink:type="simple">
            <relationEntry>Baratte, Dominique Pierre</relationEntry>
            <dateRange>
               <fromDate standardDate="1968-01-03">3 janvier 1968</fromDate>
               <toDate standardDate="1996-12-31">1996</toDate>
            </dateRange>
         </cpfRelation>
         <cpfRelation xmlns:xlink="http://www.w3.org/1999/xlink"
                      cpfRelationType="associative"
                      xlink:href="FRAN_NP_010602"
                      xlink:type="simple">
            <relationEntry>Raffalli, Laurence</relationEntry>
            <dateRange>
               <fromDate standardDate="1995-10-18">18 octobre 1995</fromDate>
            </dateRange>
         </cpfRelation>
         <cpfRelation xmlns:xlink="http://www.w3.org/1999/xlink"
                      cpfRelationType="associative"
                      xlink:href="FRAN_NP_012764"
                      xlink:type="simple">
            <relationEntry>Baratte, Georges Antony</relationEntry>
            <dateRange>
               <fromDate standardDate="1931-06-10">10 juin 1931</fromDate>
               <toDate standardDate="1968-01-03">3 janvier 1968</toDate>
            </dateRange>
         </cpfRelation>
         <cpfRelation xmlns:xlink="http://www.w3.org/1999/xlink"
                      cpfRelationType="associative"
                      xlink:href="FRAN_NP_011037"
                      xlink:type="simple">
            <relationEntry>Magne, Georges</relationEntry>
            <dateRange>
               <fromDate standardDate="1875-09-22">22 septembre 1875</fromDate>
               <toDate standardDate="1896-08-06">6 août 1896</toDate>
            </dateRange>
         </cpfRelation>
         <cpfRelation xmlns:xlink="http://www.w3.org/1999/xlink"
                      cpfRelationType="associative"
                      xlink:href="FRAN_NP_011088"
                      xlink:type="simple">
            <relationEntry>Marreau, Charles</relationEntry>
            <dateRange>
               <fromDate standardDate="1696-04-03">3 avril 1696</fromDate>
               <toDate standardDate="1703-05-16">16 mai 1703</toDate>
            </dateRange>
         </cpfRelation>
         <cpfRelation xmlns:xlink="http://www.w3.org/1999/xlink"
                      cpfRelationType="associative"
                      xlink:href="FRAN_NP_011093"
                      xlink:type="simple">
            <relationEntry>Martin de lagenois, Charles-Jérôme</relationEntry>
            <dateRange>
               <fromDate standardDate="1789-07-04">4 juillet 1789</fromDate>
               <toDate standardDate="1794-02-02">2 février 1794</toDate>
            </dateRange>
         </cpfRelation>
         <cpfRelation xmlns:xlink="http://www.w3.org/1999/xlink"
                      cpfRelationType="associative"
                      xlink:href="FRAN_NP_012642"
                      xlink:type="simple">
            <relationEntry>Carré, François</relationEntry>
            <dateRange>
               <fromDate standardDate="1984-06-13">13 juin 1984</fromDate>
            </dateRange>
         </cpfRelation>
         <cpfRelation xmlns:xlink="http://www.w3.org/1999/xlink"
                      cpfRelationType="associative"
                      xlink:href="FRAN_NP_011255"
                      xlink:type="simple">
            <relationEntry>Mouette, Pierre</relationEntry>
            <dateRange>
               <fromDate standardDate="1730-06-10">10 juin 1730</fromDate>
               <toDate standardDate="1769-06-22">22 juin 1769</toDate>
            </dateRange>
         </cpfRelation>
         <cpfRelation xmlns:xlink="http://www.w3.org/1999/xlink"
                      cpfRelationType="associative"
                      xlink:href="FRAN_NP_012116"
                      xlink:type="simple">
            <relationEntry>Frémyn, Victor-Auguste</relationEntry>
            <dateRange>
               <fromDate standardDate="1855-01-16">16 janvier 1855</fromDate>
               <toDate standardDate="1875-09-22">22 septembre 1875</toDate>
            </dateRange>
         </cpfRelation>
         <cpfRelation xmlns:xlink="http://www.w3.org/1999/xlink"
                      cpfRelationType="associative"
                      xlink:href="FRAN_NP_012330"
                      xlink:type="simple">
            <relationEntry>Delapalme, Léon Félix</relationEntry>
            <dateRange>
               <fromDate standardDate="1896-08-06">6 août 1896</fromDate>
               <toDate standardDate="1931-06-10">10 juin 1931</toDate>
            </dateRange>
         </cpfRelation>
         <cpfRelation xmlns:xlink="http://www.w3.org/1999/xlink"
                      cpfRelationType="associative"
                      xlink:href="FRAN_NP_012331"
                      xlink:type="simple">
            <relationEntry>Desécures, Jacques</relationEntry>
            <dateRange>
               <fromDate standardDate="1703-05-18">18 mai 1703</fromDate>
               <toDate standardDate="1730-05-12">12 mai 1730</toDate>
            </dateRange>
         </cpfRelation>
         <resourceRelation xmlns:xlink="http://www.w3.org/1999/xlink"
                           resourceRelationType="subjectOf"
                           xlink:href="FRAN_IR_042681"
                           xlink:type="simple">
            <relationEntry localType="archival">Minutes et répertoires du notaire Jacques DESÉCURES, 18 mai 1703 - 12 mai 1730 (étude LXXVI)</relationEntry>
         </resourceRelation>
         <resourceRelation xmlns:xlink="http://www.w3.org/1999/xlink"
                           resourceRelationType="subjectOf"
                           xlink:href="FRAN_IR_042688"
                           xlink:type="simple">
            <relationEntry localType="archival">Minutes et répertoires du notaire Victor Auguste FRÉMYN, 16 janvier 1855 - 22 septembre 1875 (étude LXXVI)</relationEntry>
         </resourceRelation>
         <resourceRelation xmlns:xlink="http://www.w3.org/1999/xlink"
                           resourceRelationType="subjectOf"
                           xlink:href="FRAN_IR_042679"
                           xlink:type="simple">
            <relationEntry localType="archival">Minutes et répertoires du notaire Louis PIPAULT, 13 février 1692 - 2 avril 1696 (étude LXXVI)</relationEntry>
         </resourceRelation>
         <resourceRelation xmlns:xlink="http://www.w3.org/1999/xlink"
                           resourceRelationType="creatorOf"
                           xlink:href="FRAN_IR_053685"
                           xlink:type="simple">
            <relationEntry localType="archival">Minutes et répertoires du notaire Léon Félix DELAPALME, 8 août 1896 - 10 juin 1931 (étude LXXVI)</relationEntry>
         </resourceRelation>
         <resourceRelation xmlns:xlink="http://www.w3.org/1999/xlink"
                           resourceRelationType="creatorOf"
                           xlink:href="FRAN_IR_053802"
                           xlink:type="simple">
            <relationEntry localType="archival">Minutes et répertoires du notaire Georges Antony BARATTE, 10 juin 1931 - 31 décembre 1938 (étude LXXVI)</relationEntry>
         </resourceRelation>
         <resourceRelation xmlns:xlink="http://www.w3.org/1999/xlink"
                           resourceRelationType="creatorOf"
                           xlink:href="FRAN_IR_053964"
                           xlink:type="simple">
            <relationEntry localType="archival">«Mélanges» (dossiers de clients) de l’étude LXXVI. MC/ET/LXXVI/766-MC/ET/LXXVI/768 (1793-1840)</relationEntry>
         </resourceRelation>
         <resourceRelation xmlns:xlink="http://www.w3.org/1999/xlink"
                           resourceRelationType="creatorOf"
                           xlink:href="FRAN_IR_042677"
                           xlink:type="simple">
            <relationEntry localType="archival">Archives de l'étude LXXVI</relationEntry>
         </resourceRelation>
         <resourceRelation xmlns:xlink="http://www.w3.org/1999/xlink"
                           resourceRelationType="creatorOf"
                           xlink:href="FRAN_IR_042682"
                           xlink:type="simple">
            <relationEntry localType="archival">Minutes et répertoires du notaire Pierre MOUETTE, 10 juin 1730 - 22 juin 1769 (étude LXXVI)</relationEntry>
         </resourceRelation>
         <resourceRelation xmlns:xlink="http://www.w3.org/1999/xlink"
                           resourceRelationType="creatorOf"
                           xlink:href="FRAN_IR_051288"
                           xlink:type="simple">
            <relationEntry localType="archival">Images du répertoire du notaire Louis Pipault pour l'étude LXXVI</relationEntry>
         </resourceRelation>
         <resourceRelation xmlns:xlink="http://www.w3.org/1999/xlink"
                           resourceRelationType="creatorOf"
                           xlink:href="FRAN_IR_051335"
                           xlink:type="simple">
            <relationEntry localType="archival">Images des répertoires du notaire Pierre Mouette pour l'étude LXXVI</relationEntry>
         </resourceRelation>
         <resourceRelation xmlns:xlink="http://www.w3.org/1999/xlink"
                           resourceRelationType="creatorOf"
                           xlink:href="FRAN_IR_051555"
                           xlink:type="simple">
            <relationEntry localType="archival">Images des répertoires du notaire Louis Alexandre Chiboust pour l'étude LXXVI</relationEntry>
         </resourceRelation>
         <resourceRelation xmlns:xlink="http://www.w3.org/1999/xlink"
                           resourceRelationType="creatorOf"
                           xlink:href="FRAN_IR_051465"
                           xlink:type="simple">
            <relationEntry localType="archival">Images des répertoires du notaire Victor Auguste Frémyn pour l'étude LXXVI</relationEntry>
         </resourceRelation>
         <resourceRelation xmlns:xlink="http://www.w3.org/1999/xlink"
                           resourceRelationType="creatorOf"
                           xlink:href="FRAN_IR_051464"
                           xlink:type="simple">
            <relationEntry localType="archival">Images des répertoires du notaire Valentin Étienne Frémyn pour l'étude LXXVI</relationEntry>
         </resourceRelation>
         <resourceRelation xmlns:xlink="http://www.w3.org/1999/xlink"
                           resourceRelationType="creatorOf"
                           xlink:href="FRAN_IR_051303"
                           xlink:type="simple">
            <relationEntry localType="archival">Images des répertoires du notaire Georges Magne pour l'étude LXXVI</relationEntry>
         </resourceRelation>
         <resourceRelation xmlns:xlink="http://www.w3.org/1999/xlink"
                           resourceRelationType="creatorOf"
                           xlink:href="FRAN_IR_042687"
                           xlink:type="simple">
            <relationEntry localType="archival">Minutes et répertoires du notaire Valentin Étienne FRÉMYN, 22 avril 1823 - 15 janvier 1855 (étude LXXVI)</relationEntry>
         </resourceRelation>
         <resourceRelation xmlns:xlink="http://www.w3.org/1999/xlink"
                           resourceRelationType="creatorOf"
                           xlink:href="FRAN_IR_051450"
                           xlink:type="simple">
            <relationEntry localType="archival">Images du répertoire du notaire Jacques Pierre Guespereau pour l'étude LXXVI</relationEntry>
         </resourceRelation>
         <resourceRelation xmlns:xlink="http://www.w3.org/1999/xlink"
                           resourceRelationType="creatorOf"
                           xlink:href="FRAN_IR_051311"
                           xlink:type="simple">
            <relationEntry localType="archival">Images des répertoires du notaire Charles Jérôme Martin de Lagenois pour l'étude LXXVI</relationEntry>
         </resourceRelation>
         <resourceRelation xmlns:xlink="http://www.w3.org/1999/xlink"
                           resourceRelationType="creatorOf"
                           xlink:href="FRAN_IR_051365"
                           xlink:type="simple">
            <relationEntry localType="archival">Images des répertoires du notaire Thomas Le Secq de Launay pour l'étude LXXVI</relationEntry>
         </resourceRelation>
         <resourceRelation xmlns:xlink="http://www.w3.org/1999/xlink"
                           resourceRelationType="creatorOf"
                           xlink:href="FRAN_IR_042678"
                           xlink:type="simple">
            <relationEntry localType="archival">Minutes et répertoires du notaire Thomas LE SECQ de LAUNAY, 11 octobre 1659 - 13 février 1692 (étude LXXVI)</relationEntry>
         </resourceRelation>
         <resourceRelation xmlns:xlink="http://www.w3.org/1999/xlink"
                           resourceRelationType="creatorOf"
                           xlink:href="FRAN_IR_055160"
                           xlink:type="simple">
            <relationEntry localType="archival">Dossiers de clients de l'étude LXXVI (1781-1965)</relationEntry>
         </resourceRelation>
         <resourceRelation xmlns:xlink="http://www.w3.org/1999/xlink"
                           resourceRelationType="creatorOf"
                           xlink:href="FRAN_IR_042683"
                           xlink:type="simple">
            <relationEntry localType="archival">Minutes et répertoires du notaire Jacques Pierre GUESPEREAU, 23 juin 1769 - 4 juillet 1789 (étude LXXVI)</relationEntry>
         </resourceRelation>
         <resourceRelation xmlns:xlink="http://www.w3.org/1999/xlink"
                           resourceRelationType="creatorOf"
                           xlink:href="FRAN_IR_052822"
                           xlink:type="simple">
            <relationEntry localType="archival">Images des répertoires du notaire Jacques Desécures pour l'étude LXXVI</relationEntry>
         </resourceRelation>
         <resourceRelation xmlns:xlink="http://www.w3.org/1999/xlink"
                           resourceRelationType="creatorOf"
                           xlink:href="FRAN_IR_055786"
                           xlink:type="simple">
            <relationEntry localType="archival">Images des répertoires du notaire Augustin Tampe pour l'étude LXXVI</relationEntry>
         </resourceRelation>
         <resourceRelation xmlns:xlink="http://www.w3.org/1999/xlink"
                           resourceRelationType="creatorOf"
                           xlink:href="FRAN_IR_042680"
                           xlink:type="simple">
            <relationEntry localType="archival">Minutes et répertoires du notaire Charles MARREAU, 3 avril 1696 - 16 mai 1703 (étude LXXVI)</relationEntry>
         </resourceRelation>
         <resourceRelation xmlns:xlink="http://www.w3.org/1999/xlink"
                           resourceRelationType="creatorOf"
                           xlink:href="FRAN_IR_042685"
                           xlink:type="simple">
            <relationEntry localType="archival">Minutes et répertoires du notaire Louis Alexandre CHIBOUST, 18 août 1794 - 22 mai 1816 (étude LXXVI)</relationEntry>
         </resourceRelation>
         <resourceRelation xmlns:xlink="http://www.w3.org/1999/xlink"
                           resourceRelationType="creatorOf"
                           xlink:href="FRAN_IR_042686"
                           xlink:type="simple">
            <relationEntry localType="archival">Minutes et répertoires du notaire Augustin TAMPE, 22 mai 1816 - 22 avril 1823 (étude LXXVI)</relationEntry>
         </resourceRelation>
         <resourceRelation xmlns:xlink="http://www.w3.org/1999/xlink"
                           resourceRelationType="creatorOf"
                           xlink:href="FRAN_IR_042689"
                           xlink:type="simple">
            <relationEntry localType="archival">Minutes et répertoires du notaire Georges MAGNE, 22 septembre 1875 - 6 août 1896 (étude LXXVI)</relationEntry>
         </resourceRelation>
      </relations>
   </cpfDescription>
</eac-cpf>
