<eac-cpf xmlns="urn:isbn:1-931666-33-4"
         xmlns:xsi="http://www.w3.org/2001/XMLSchema-instance"
         xsi:schemaLocation="urn:isbn:1-931666-33-4 cpf.xsd">
   <control>
      <recordId>FRAN_NP_010099</recordId>
      <maintenanceStatus>revised</maintenanceStatus>
      <maintenanceAgency>
         <agencyName>Archives nationales de France</agencyName>
      </maintenanceAgency>
      <languageDeclaration>
         <language languageCode="fre">Français</language>
         <script scriptCode="Latn"/>
      </languageDeclaration>
      <conventionDeclaration>
         <citation>Notice établie conformément à la norme ICA-ISAAR (CPF) 2004, aux normes ISO 8601 pour le système de normalisation des dates utilisé, ainsi que AFNOR NF Z 44-061, juin 1986. Catalogage : forme et structure des vedettes noms de personne, des vedettes titres, des rubriques de classement et des titres forgés.</citation>
      </conventionDeclaration>
      <localControl localType="niveau_de_detail">
         <term>Moyenne</term>
      </localControl>
      <maintenanceHistory>
         <maintenanceEvent>
            <eventType>derived</eventType>
            <eventDateTime>2013-04-23</eventDateTime>
            <agentType>machine</agentType>
            <agent>Import_SIA</agent>
         </maintenanceEvent>
         <maintenanceEvent>
            <eventType>revised</eventType>
            <eventDateTime>2017-11-22</eventDateTime>
            <agentType>human</agentType>
            <agent>Isabelle ARISTIDE-HASTIR</agent>
            <eventDescription>Ajout Historique, ISNI, Sources, liens Identité (juillet 2017). Pas d'IR.</eventDescription>
         </maintenanceEvent>
      </maintenanceHistory>
      <sources>
         <source>
            <sourceEntry>Notice d'autorité BnF n° : FRBNF12115608.</sourceEntry>
         </source>
         <source>
            <sourceEntry>Article Bruno Delmas de Wikipédia en français (http://fr.wikipedia.org/wiki/Bruno_Delmas).</sourceEntry>
         </source>
         <source>
            <sourceEntry>Archives nationales, fonds Bruno Delmas (721 AP).</sourceEntry>
         </source>
      </sources>
   </control>
   <cpfDescription>
      <identity>
         <entityId>ISNI 0000 0001 0928 9902</entityId>
         <entityType>person</entityType>
         <nameEntry localType="autorisée" scriptCode="Latn" xml:lang="fre">
            <part>Delmas, Bruno (1941-....)</part>
         </nameEntry>
      </identity>
      <description>
         <existDates>
            <dateRange>
               <fromDate standardDate="1941-09-24">24 septembre 1941</fromDate>
            </dateRange>
         </existDates>
         <places>
            <place>
               <placeRole>Lieu général</placeRole>
               <placeEntry localType="nomLieu">Tunis</placeEntry>
               <placeEntry localType="lieu" vocabularySource="d3ntxly60m--alytytl85l0a">Tunisie</placeEntry>
               <dateRange>
                  <fromDate standardDate="1982-01-01">1982</fromDate>
                  <toDate standardDate="1990-12-31">1990</toDate>
               </dateRange>
            </place>
            <place>
               <placeRole>Lieu général</placeRole>
               <placeEntry localType="nomLieu">Dakar</placeEntry>
               <placeEntry localType="lieu" vocabularySource="d3ntxkeexy-r0188j1zvdpe">Côte d’Ivoire</placeEntry>
               <dateRange>
                  <fromDate standardDate="1973-01-01">1973</fromDate>
                  <toDate standardDate="1976-12-31">1976</toDate>
               </dateRange>
            </place>
            <place>
               <placeRole>Lieu général</placeRole>
               <placeEntry localType="nomLieu">Côte d'Ivoire</placeEntry>
               <placeEntry localType="lieu" vocabularySource="d3ntxm58dl-15htmdy8i12g1">Territoires et villes étrangers</placeEntry>
               <dateRange>
                  <fromDate standardDate="1972-01-01">1972</fromDate>
                  <toDate standardDate="1976-12-31">1976</toDate>
               </dateRange>
            </place>
         </places>
         <occupations>
            <occupation>
               <term vocabularySource="d699msirr1g-3naumnfaswc">archiviste</term>
            </occupation>
            <occupation>
               <term vocabularySource="d3m0bl6u27z--1eg4fqfkrzwxv">conservateur (patrimoine)</term>
            </occupation>
            <occupation>
               <term vocabularySource="d699msj02xm-19qbb7wdtto3j">enseignant</term>
            </occupation>
         </occupations>
         <biogHist>
            <p>Bruno Delmas, né le 24 septembre 1941 à Montpellier, est élève de l'École nationale des chartes, il y obtient le diplôme d'archiviste paléographe en 1966 avec une thèse intitulée 
     <span style="italic">Le chancelier Jacques Angeli et la médecine à Montpellier au milieu du XVe siècle</span>. 
    </p>
            <p>Il est nommé conservateur aux Archives nationales (1966-1971) puis participe à la coopération par l'intermédiaire de l'UNESCO, comme chargé de projet des Archives nationales de Côte d'Ivoire (1972-1973) puis responsable du centre de formation des archivistes de l'université de Dakar (1973-1976).</p>
            <p>Il rentre en France en 1976 comme conservateur à la direction des archives de France. Mais dès 1977, il est élu professeur d'archivistique contemporaine à l'École nationale des chartes, où il termine sa carrière (1977-2007).</p>
            <p>En sus de cette charge, il exerce d'autres missions : il est notamment directeur de l'INTD de 1981 à 1996, responsable de la filière archives de l'Institut supérieur de documentation de Tunis (1982-1990), directeur des archives de l'INA (1997-2001).</p>
            <p>Historien du document contemporain, il est membre du Comité des travaux historiques et scientifiques (CTHS), dont il a été président de section, ainsi que du Conseil supérieur des archives (1988-2001). Il est élu membre de l'Académie des sciences d'outre-mer en 2007 et en préside la première section.</p>
         </biogHist>
      </description>
      <relations>
         <cpfRelation xmlns:xlink="http://www.w3.org/1999/xlink"
                      cpfRelationType="identity"
                      xlink:href="https://fr.wikipedia.org/wiki/Bruno_Delmas"
                      xlink:type="simple">
            <relationEntry>Bruno Delmas</relationEntry>
            <dateRange>
               <fromDate standardDate="1941-09-24">24 septembre 1941</fromDate>
               <toDate standardDate="2017-12-31">2017</toDate>
            </dateRange>
            <descriptiveNote>
               <p>Notice wikipédia</p>
            </descriptiveNote>
         </cpfRelation>
         <cpfRelation xmlns:xlink="http://www.w3.org/1999/xlink"
                      cpfRelationType="identity"
                      xlink:href="http://catalogue.bnf.fr/ark:/12148/cb12115608f"
                      xlink:type="simple">
            <relationEntry>Delmas, Bruno (1941-....)</relationEntry>
            <dateRange>
               <fromDate standardDate="1941-09-24">24 septembre 1941</fromDate>
               <toDate standardDate="2017-12-31">2017</toDate>
            </dateRange>
            <descriptiveNote>
               <p>Notice d'autorité BnF</p>
            </descriptiveNote>
         </cpfRelation>
         <cpfRelation xmlns:xlink="http://www.w3.org/1999/xlink"
                      cpfRelationType="associative"
                      xlink:href="FRAN_NP_005430"
                      xlink:type="simple">
            <relationEntry>Institut national de l'audiovisuel</relationEntry>
            <dateRange>
               <fromDate standardDate="1997-01-01">1997</fromDate>
               <toDate standardDate="2001-12-31">2001</toDate>
            </dateRange>
            <descriptiveNote>
               <p>Directeur de l'INA</p>
            </descriptiveNote>
         </cpfRelation>
         <cpfRelation xmlns:xlink="http://www.w3.org/1999/xlink"
                      cpfRelationType="associative"
                      xlink:href="FRAN_NP_005073"
                      xlink:type="simple">
            <relationEntry>France. Ministère de la Culture et de la Communication. Direction des Archives de France (1897-2010)</relationEntry>
            <dateRange>
               <fromDate standardDate="1976-01-01">1976</fromDate>
               <toDate standardDate="1977-12-31">1977</toDate>
            </dateRange>
         </cpfRelation>
         <cpfRelation xmlns:xlink="http://www.w3.org/1999/xlink"
                      cpfRelationType="associative"
                      xlink:href="FRAN_NP_005061"
                      xlink:type="simple">
            <relationEntry>Archives nationales (France ; 1790-....)</relationEntry>
            <dateRange>
               <fromDate standardDate="1966-01-01">1966</fromDate>
               <toDate standardDate="1971-12-31">1971</toDate>
            </dateRange>
            <descriptiveNote>
               <p>conservateur</p>
            </descriptiveNote>
         </cpfRelation>
         <cpfRelation xmlns:xlink="http://www.w3.org/1999/xlink"
                      cpfRelationType="associative"
                      xlink:href="FRAN_NP_009963"
                      xlink:type="simple">
            <relationEntry>École nationale des chartes (Paris ; 1821-....)</relationEntry>
            <dateRange>
               <fromDate standardDate="1977-01-01">1977</fromDate>
               <toDate standardDate="2007-12-31">2007</toDate>
            </dateRange>
            <descriptiveNote>
               <p>professeur</p>
            </descriptiveNote>
         </cpfRelation>
      </relations>
   </cpfDescription>
</eac-cpf>
