<eac-cpf xmlns="urn:isbn:1-931666-33-4"
         xmlns:xsi="http://www.w3.org/2001/XMLSchema-instance"
         xsi:schemaLocation="urn:isbn:1-931666-33-4 cpf.xsd">
   <control>
      <recordId>FRAN_NP_004651</recordId>
      <otherRecordId localType="Ancien_identifiant">4284</otherRecordId>
      <maintenanceStatus>revised</maintenanceStatus>
      <maintenanceAgency>
         <agencyName>Archives nationales de France</agencyName>
      </maintenanceAgency>
      <languageDeclaration>
         <language languageCode="fre">Français</language>
         <script scriptCode="Latn"/>
      </languageDeclaration>
      <conventionDeclaration>
         <citation>Notice établie conformément à la norme ICA-ISAAR (CPF) 2004, aux normes ISO 8601 pour le système de normalisation des dates utilisé, ainsi que AFNOR NF Z 44-061, juin 1986. Catalogage : forme et structure des vedettes noms de personne, des vedettes titres, des rubriques de classement et des titres forgés.</citation>
      </conventionDeclaration>
      <localControl localType="niveau_de_detail">
         <term>Complète</term>
      </localControl>
      <maintenanceHistory>
         <maintenanceEvent>
            <eventType>derived</eventType>
            <eventDateTime>2013-04-23</eventDateTime>
            <agentType>machine</agentType>
            <agent>Import_SIA</agent>
         </maintenanceEvent>
         <maintenanceEvent>
            <eventType>revised</eventType>
            <eventDateTime>2014-09-17</eventDateTime>
            <agentType>human</agentType>
            <agent>Florence CLAVAUD</agent>
            <eventDescription>F. Clavaud : ajout de formes du nom, des n°s ISNI et notice BnF ; ajout des informations fournies par E. Alquier ; revision des liens IR</eventDescription>
         </maintenanceEvent>
      </maintenanceHistory>
      <sources>
         <source>
            <descriptiveNote>
               <p>Informations fournies par E. Alquier (mission des archives au ministère des Affaires sociales et de la santé)</p>
               <p>Notice d'autorité BnF n° FRBNF11862572</p>
            </descriptiveNote>
         </source>
      </sources>
   </control>
   <cpfDescription>
      <identity>
         <entityId>ISNI 0000 0001 2190 2300</entityId>
         <entityType>corporateBody</entityType>
         <nameEntry localType="autorisée" scriptCode="Latn" xml:lang="fre">
            <part>Caisse nationale d'assurance vieillesse (France)</part>
         </nameEntry>
         <nameEntry>
            <part>CNAVTS</part>
         </nameEntry>
         <nameEntry>
            <part>Caisse nationale d'assurance vieillesse des travailleurs salariés</part>
         </nameEntry>
         <nameEntry>
            <part>CNAV</part>
         </nameEntry>
      </identity>
      <description>
         <existDates>
            <dateRange>
               <fromDate standardDate="1967-01-01">1967</fromDate>
            </dateRange>
         </existDates>
         <legalStatuses>
            <legalStatus>
               <term vocabularySource="d5blonb3ky--u69ytier8ih6">établissement public à caractère administratif</term>
            </legalStatus>
         </legalStatuses>
         <mandates>
            <mandate>
               <descriptiveNote>
                  <p>Quatre ordonnances datées du 21 août 1967 réorganisent le régime général de la Sécurité sociale. Cette réforme dite Jeanneney (du nom du ministre des Affaires sociales de l’époque) assure la séparation financière des risques dans trois « branches » distinctes (santé, vieillesse, famille). Cette séparation financière est consacrée, au plan institutionnel, par la création de trois caisses nationales, la Caisse nationale d’assurance maladie des travailleurs salariés (CNAMTS), la Caisse nationale d’assurance vieillesse des travailleurs salariés (CNAVTS), la Caisse nationale des allocations familiales (CNAF). La gestion de la trésorerie des différentes branches est confiée à l’Agence centrale des organismes de sécurité sociale (ACOSS).</p>
               </descriptiveNote>
            </mandate>
         </mandates>
         <structureOrGenealogy>
            <p>La CNAV se compose de :</p>
            <p>
               <span style="bold">- la Direction financière et comptable de l’établissement – Département comptabilité et trésorerie de l’établissement</span>
            </p>
            <p>Composante de l’Agence Comptable de la CNAV, la Direction financière et comptable de l’établissement regroupe, pour l’Île de France, l’ensemble des activités assumées dans les agences comptables d’une caisse régionale.</p>
            <p>Ses deux grandes missions :</p>
            <p>1) Garantir aux assurés le versement, régulier et juste, de leur pension par le contrôle des prestations, la gestion du compte prestataire, et l’archivage numérique des pièces justificatives nécessaires au paiement des prestations.</p>
            <p>2) Assurer le contrôle des opérations budgétaires, la gestion financière et la comptabilisation de l'ensemble des opérations de la Cnav Établissement. </p>
            <p>A ce titre, le Département Comptabilité et Trésorerie de l’Établissement (DCTE) contrôle et paye les prestations et prêts d'action sociale.</p>
            <p>
               <span style="bold">- la Direction des ressources humaines</span>
            </p>
            <p>La Direction des Ressources Humaines de la CNAV accompagne l'ensemble des salariés de la Cnav tout au long de leur vie professionnelle. La Cnav compte environ 3500 collaborateurs en 2014. Elle est organisée en : </p>
            <p>- un Pôle développement RH composé de : 2 départements : Recrutement/Gestion des carrières et Formation ; 1 service : Études et Prospective Emploi ; </p>
            <p>- 3 départements :  Accueil et Administration du Personnel ;  Conseil juridique et relations sociales ; sur Tours : un département unique regroupant l'administration du personnel, la santé au travail, le service social et la formation sous la responsabilité d'un Responsable RH dédié.</p>
            <p>- 2 services : Santé au travail ; Service Social </p>
            <p>Le Département Accueil et administration du personnel de la direction des ressources humaines a pour misions : la gestion des dossiers administratifs des salariés de la Cnav, de la rédaction du contrat de travail jusqu'au départ du salarié ; le traitement de la paie dans le cadre d'un planning mensuel assorti d'une date de mise en paiement à J - 3 ouvrés de la fin du mois ; l'information et le conseil auprès des managers et salariés ; la gestion de la partie relevant de la responsabilité de l'employeur le régime complémentaire de couverture des frais de santé obligatoire institué en 2009 ; l'administration du système d'information des ressources humaines.</p>
            <p>Ses principales missions s'exercent dans un contexte structurant en terme réglementaire et technique.</p>
            <p>- l' 
     <span style="bold">Agence comptable</span>
            </p>
            <p>L’agence comptable doit assurer le soutien des métiers et le pilotage des processus de son périmètre d’action en tant qu’opérateur de la trésorerie et des paiements, du contrôle de la gestion des comptes prestataires et du recouvrement amiable.</p>
            <p>En tant que producteur des comptes de la branche et évaluateur de la maîtrise des risques financiers, elle doit assurer la fiabilité des comptes et la maîtrise du risque financier dans un objectif de certification des comptes de la Cnav et de la branche.</p>
            <p>Elle a pour objectifs :</p>
            <p>- à l'échelle nationale : la comptabilité et trésorerie nationale, la validation des comptes, la maîtrise des risques financiers, le pilotage et l'animation du réseau ;</p>
            <p>- à l'échelle régionale : le contrôle des dossiers et la gestion des comptes prestataires ;</p>
            <p>- au niveau de l'établissement : la comptabilité et trésorerie de l’établissement.</p>
            <p>- la 
     <span style="bold"> Direction des agences d’Île de France</span>
            </p>
            <p>La Direction des Agences d’Île-de-France coordonne l'action de 34 points d'accueil et 61 agences retraite pour préparer la retraite, et instruire les dossiers. </p>
            <p>- la 
     <span style="bold">Direction des Assurés de l’Étranger</span>
            </p>
            <p>La direction des Assurés de l’Étranger géographiquement installée sur le site de Tours prend en charge les dossiers des assurés de l'étranger depuis le 1er février 1996. </p>
            <p>- l' 
     <span style="bold">Ex-CAMR et régime général d'assurances vieillesse, Direction financière et comptable nationale (Département des régimes intégrés et adossés)</span>
            </p>
            <p>Le fonds spécial d'assurance vieillesse des chemins de fer secondaires, géré par la Cnav depuis 1992, a hérité de la caisse autonome mutuelle de retraite (CAMR) des agents des chemins de fer secondaires d'intérêt général, d'intérêt local et des tramways. Ce régime est fermé depuis 1954. Les nouveaux salariés du secteur relèvent, depuis, du régime général de sécurité sociale et du régime complémentaire géré par la caisse autonome de retraites complémentaires et de prévoyance du transport (Carcept). La gestion des prestations est assurée par le Département des Régimes Intégrés et Adossés de la Direction Financière et Comptable Nationale. Ce dernier assure la gestion des prestations de services au titre des régimes intégrés, adossés et du régime spécial des Chemins de Fer Secondaires : Contrôle des prestations, paiement et comptabilisation des prestations, qualification des outils spécifiques utilisés.</p>
         </structureOrGenealogy>
         <biogHist>
            <p>Premier organisme français de retraite, la CNAV est l'établissement public chargé d'organiser et de gérer la retraite du régime général de la Sécurité sociale. C'est le régime de base des salariés de l'industrie, des services et du commerce, soit près de 70% de la population active. </p>
            <p>En tant que caisse nationale, la CNAV définit les orientations de l'Assurance Retraite en matière d'assurance vieillesse et d'action sociale. En Île-de-France, elle assure la tenue des comptes des cotisants, le calcul et le paiement des retraites et des prestations d'action sociale.</p>
         </biogHist>
      </description>
      <relations>
         <cpfRelation xmlns:xlink="http://www.w3.org/1999/xlink"
                      cpfRelationType="hierarchical-parent"
                      xlink:href="FRAN_NP_009838"
                      xlink:type="simple">
            <relationEntry>Ministère des Affaires sociales et de la Santé</relationEntry>
            <dateRange>
               <fromDate standardDate="2012-05-16">16 mai 2012</fromDate>
               <toDate/>
            </dateRange>
         </cpfRelation>
         <cpfRelation xmlns:xlink="http://www.w3.org/1999/xlink"
                      cpfRelationType="associative"
                      xlink:href="FRAN_NP_007079"
                      xlink:type="simple">
            <relationEntry>Ministère de l'Économie et des Finances</relationEntry>
            <dateRange>
               <fromDate standardDate="2012-05-16">16 mai 2012</fromDate>
               <toDate/>
            </dateRange>
         </cpfRelation>
         <resourceRelation xmlns:xlink="http://www.w3.org/1999/xlink"
                           resourceRelationType="creatorOf"
                           xlink:href="FRAN_IR_020083"
                           xlink:type="simple">
            <relationEntry localType="archival">Santé et Solidarités ; Caisse nationale d'assurance vieillesse des travailleurs salariés (CNAVTS) (1950-1998)</relationEntry>
         </resourceRelation>
         <resourceRelation xmlns:xlink="http://www.w3.org/1999/xlink"
                           resourceRelationType="creatorOf"
                           xlink:href="FRAN_IR_020084"
                           xlink:type="simple">
            <relationEntry localType="archival">Santé et Solidarités ; Caisse nationale d'assurance vieillesse des travailleurs salariés (CNAVTS) (1994-1994)</relationEntry>
         </resourceRelation>
         <resourceRelation xmlns:xlink="http://www.w3.org/1999/xlink"
                           resourceRelationType="creatorOf"
                           xlink:href="FRAN_IR_023876"
                           xlink:type="simple">
            <relationEntry localType="archival">Santé et Solidarité ; Caisse nationale de l'assurance vieillesse des travailleurs salariés (1995-1995)</relationEntry>
         </resourceRelation>
         <resourceRelation xmlns:xlink="http://www.w3.org/1999/xlink"
                           resourceRelationType="creatorOf"
                           xlink:href="FRAN_IR_016391"
                           xlink:type="simple">
            <relationEntry localType="archival">Santé et protection sociale ; Direction de la caisse nationale d'assurance vieillesse des travailleurs salariés (1983-1993)</relationEntry>
         </resourceRelation>
         <resourceRelation xmlns:xlink="http://www.w3.org/1999/xlink"
                           resourceRelationType="creatorOf"
                           xlink:href="FRAN_IR_023781"
                           xlink:type="simple">
            <relationEntry localType="archival">Santé et solidarité ; Caisse nationale de prévoyance vieillesse des travailleurs salariés (CNAVTS) (1956-2005)</relationEntry>
         </resourceRelation>
         <resourceRelation xmlns:xlink="http://www.w3.org/1999/xlink"
                           resourceRelationType="creatorOf"
                           xlink:href="FRAN_IR_023780"
                           xlink:type="simple">
            <relationEntry localType="archival">Santé et solidarité ; Caisse nationale de l'assurance vieillesse des travailleurs salariés (1991-1991)</relationEntry>
         </resourceRelation>
         <resourceRelation xmlns:xlink="http://www.w3.org/1999/xlink"
                           resourceRelationType="creatorOf"
                           xlink:href="FRAN_IR_010213"
                           xlink:type="simple">
            <relationEntry localType="archival">Sécurité Sociale ; Caisse nationale d'assurance vieillesse des travailleurs salariés (1949-1989)</relationEntry>
         </resourceRelation>
         <resourceRelation xmlns:xlink="http://www.w3.org/1999/xlink"
                           resourceRelationType="creatorOf"
                           xlink:href="FRAN_IR_010242"
                           xlink:type="simple">
            <relationEntry localType="archival">Sécurité Sociale ; Caisse nationale d'assurance vieillesse des travailleurs salariés (1952-1966)</relationEntry>
         </resourceRelation>
         <resourceRelation xmlns:xlink="http://www.w3.org/1999/xlink"
                           resourceRelationType="creatorOf"
                           xlink:href="FRAN_IR_010243"
                           xlink:type="simple">
            <relationEntry localType="archival">Sécurité Sociale ; Caisse nationale d'assurance vieillesse des travailleurs salariés (1972-1998)</relationEntry>
         </resourceRelation>
         <resourceRelation xmlns:xlink="http://www.w3.org/1999/xlink"
                           resourceRelationType="creatorOf"
                           xlink:href="FRAN_IR_010392"
                           xlink:type="simple">
            <relationEntry localType="archival">Sécurité Sociale ; Caisse nationale d'assurance vieillesse des travailleurs salariés (1974-1992)</relationEntry>
         </resourceRelation>
         <resourceRelation xmlns:xlink="http://www.w3.org/1999/xlink"
                           resourceRelationType="creatorOf"
                           xlink:href="FRAN_IR_010051"
                           xlink:type="simple">
            <relationEntry localType="archival">Sécurité Sociale ; Caisse nationale d'assurance vieillesse des travailleurs salariés (1980-1983)</relationEntry>
         </resourceRelation>
         <resourceRelation xmlns:xlink="http://www.w3.org/1999/xlink"
                           resourceRelationType="subjectOf"
                           xlink:href="FRAN_IR_052872"
                           xlink:type="simple">
            <relationEntry localType="archival">Comptabilité et budget de la Caisse nationale d'assurance vieillesse</relationEntry>
         </resourceRelation>
         <resourceRelation xmlns:xlink="http://www.w3.org/1999/xlink"
                           resourceRelationType="creatorOf"
                           xlink:href="FRAN_IR_055069"
                           xlink:type="simple">
            <relationEntry localType="archival">échantillon de DOSSIERS DU PERSONNEL RADIE DE LA CAISSE NATIONALE D'ASSURANCE VIEILLESSE (CNAV) aGENTS NES EN 1921, 1922 et 1923</relationEntry>
         </resourceRelation>
         <resourceRelation xmlns:xlink="http://www.w3.org/1999/xlink"
                           resourceRelationType="creatorOf"
                           xlink:href="FRAN_IR_056399"
                           xlink:type="simple">
            <relationEntry localType="archival">Caisse nationale d'assurance vieillesse : séances du conseil d'administration (2001-2005)</relationEntry>
         </resourceRelation>
         <resourceRelation xmlns:xlink="http://www.w3.org/1999/xlink"
                           resourceRelationType="creatorOf"
                           xlink:href="FRAN_IR_056612"
                           xlink:type="simple">
            <relationEntry localType="archival">Caisse nationale d'assurance vieillesse des travailleurs salariés (CNAVTS) : action sanitaire et sociale (1959-1999)</relationEntry>
         </resourceRelation>
         <resourceRelation xmlns:xlink="http://www.w3.org/1999/xlink"
                           resourceRelationType="creatorOf"
                           xlink:href="FRAN_IR_056613"
                           xlink:type="simple">
            <relationEntry localType="archival">Caisse nationale d'assurance vieillesse des travailleurs salariés (CNAVTS) : comptabilité et budget (2000)</relationEntry>
         </resourceRelation>
         <resourceRelation xmlns:xlink="http://www.w3.org/1999/xlink"
                           resourceRelationType="creatorOf"
                           xlink:href="FRAN_IR_056614"
                           xlink:type="simple">
            <relationEntry localType="archival">Caisse nationale d'assurance vieillesse des travailleurs salariés (CNAVTS) : comptabilité et budget (2000)</relationEntry>
         </resourceRelation>
         <resourceRelation xmlns:xlink="http://www.w3.org/1999/xlink"
                           resourceRelationType="creatorOf"
                           xlink:href="FRAN_IR_056617"
                           xlink:type="simple">
            <relationEntry localType="archival">Caisse nationale d'assurance vieillesse des travailleurs salariés (CNAVTS) : rapports d'activité et statistiques (1999)</relationEntry>
         </resourceRelation>
         <resourceRelation xmlns:xlink="http://www.w3.org/1999/xlink"
                           resourceRelationType="creatorOf"
                           xlink:href="FRAN_IR_056618"
                           xlink:type="simple">
            <relationEntry localType="archival">Caisse nationale d'assurance vieillesse des travailleurs salariés (CNAVTS) : publications « Retraite et société », « Repères » et « Forum retraite » (1989-2009)</relationEntry>
         </resourceRelation>
         <resourceRelation xmlns:xlink="http://www.w3.org/1999/xlink"
                           resourceRelationType="creatorOf"
                           xlink:href="FRAN_IR_056619"
                           xlink:type="simple">
            <relationEntry localType="archival">Caisse nationale d'assurance vieillesse des travailleurs salariés (CNAVTS) : documents présentés devant la commission des comptes de la Sécurité sociale (1989-1995) et échantillons de dossiers individuels (dossiers de pension 1999-2000, dossiers de personnels nés en 1914 et 1915)</relationEntry>
         </resourceRelation>
         <resourceRelation xmlns:xlink="http://www.w3.org/1999/xlink"
                           resourceRelationType="creatorOf"
                           xlink:href="FRAN_IR_056620"
                           xlink:type="simple">
            <relationEntry localType="archival">Caisse nationale d'assurance vieillesse des travailleurs salariés (CNAVTS) : Fonds nationaux (1934-1995)</relationEntry>
         </resourceRelation>
         <resourceRelation xmlns:xlink="http://www.w3.org/1999/xlink"
                           resourceRelationType="creatorOf"
                           xlink:href="FRAN_IR_056622"
                           xlink:type="simple">
            <relationEntry localType="archival">Caisse nationale d'assurance vieillesse des travailleurs salariés (CNAVTS) :
     fonctionnement et instances (1931-2000)</relationEntry>
         </resourceRelation>
      </relations>
   </cpfDescription>
</eac-cpf>
