<eac-cpf xmlns="urn:isbn:1-931666-33-4"
         xmlns:xsi="http://www.w3.org/2001/XMLSchema-instance"
         xsi:schemaLocation="urn:isbn:1-931666-33-4 cpf.xsd">
   <control>
      <recordId>FRAN_NP_010201</recordId>
      <otherRecordId localType="Ancien_identifiant">FRDAFANCH00MC_NAETUDE_074</otherRecordId>
      <maintenanceStatus>revised</maintenanceStatus>
      <maintenanceAgency>
         <agencyName>Archives nationales de France</agencyName>
      </maintenanceAgency>
      <languageDeclaration>
         <language languageCode="fre">Français</language>
         <script scriptCode="Latn"/>
      </languageDeclaration>
      <conventionDeclaration>
         <citation>Notice établie conformément à la norme ICA-ISAAR (CPF) 2004, aux normes ISO 8601 pour le système de normalisation des dates utilisé, ainsi que AFNOR NF Z 44-061, juin 1986. Catalogage : forme et structure des vedettes noms de personne, des vedettes titres, des rubriques de classement et des titres forgés.</citation>
      </conventionDeclaration>
      <localControl localType="niveau_de_detail">
         <term>Moyenne</term>
      </localControl>
      <maintenanceHistory>
         <maintenanceEvent>
            <eventType>derived</eventType>
            <eventDateTime>2013-04-23</eventDateTime>
            <agentType>machine</agentType>
            <agent>Migration ETANOT</agent>
         </maintenanceEvent>
         <maintenanceEvent>
            <eventType>revised</eventType>
            <eventDateTime>2015-09-30</eventDateTime>
            <agentType>human</agentType>
            <agent>Marie-Françoise LIMON-BONNET</agent>
            <eventDescription>F. Clavaud, 20 août 2015 : revu tous les liens IR, ajouté lieu</eventDescription>
         </maintenanceEvent>
      </maintenanceHistory>
   </control>
   <cpfDescription>
      <identity>
         <entityType>corporateBody</entityType>
         <nameEntry localType="autorisée" scriptCode="Latn" xml:lang="fre">
            <part>Etude LXXIV</part>
         </nameEntry>
         <nameEntry>
            <part>75073</part>
         </nameEntry>
      </identity>
      <description>
         <existDates>
            <dateRange>
               <fromDate standardDate="1603-01-01">1603</fromDate>
            </dateRange>
         </existDates>
         <places>
            <place>
               <placeRole>Lieu de Paris</placeRole>
               <placeEntry localType="nomLieu">rue Biot, 75017 Paris</placeEntry>
               <placeEntry localType="voie" vocabularySource="d3nz8vh8hv--ynclwpibhwid">Biot (rue)</placeEntry>
               <placeEntry localType="arrondissement_actuel"
                           vocabularySource="d3nyv8ljb1--rjak82kccgxp">17e arrondissement</placeEntry>
               <dateRange>
                  <fromDate standardDate="1866-01-01">1866</fromDate>
               </dateRange>
            </place>
         </places>
         <legalStatuses>
            <legalStatus>
               <term>office notarial</term>
            </legalStatus>
         </legalStatuses>
         <functions>
            <function>
               <term vocabularySource="d3nyui3o8w--11y7jgy8q3wnt">notaire à Paris</term>
               <dateRange>
                  <fromDate standardDate="1603-01-01">1603</fromDate>
                  <toDate/>
               </dateRange>
            </function>
         </functions>
         <biogHist>
            <p>Cette étude est formée des anciens notariats de Chaillot, Monceaux, Clichy-la-Garenne, Aubervilliers et des Batignolles-Monceaux. Lors de son rattachement à Paris, elle est installée rue d'Antin en 1859, puis rue Biot en 1866.</p>
            <p>Elle comprend les documents suivants :</p>
            <p>- greffe et tabellionage de la prévôté de Chaillot, 1611-1785 (art. 1-30)</p>
            <p>- greffe et tabellionage de la prévôté de Monceau (ou notariat du baillage de Clichy résident à Monceau), 1603-1826 (art. 32-159)</p>
            <p>- greffe et tabellionage du baillage de Clichy-la-Garenne, 1599-1790 (art. 160-201)</p>
            <p>- greffe et tabellionage d'Aubervilliers pour la partie dépendant du baillage de Clichy et tabellionage de la commanderie de Saint-Jean de Latran à Aubervilliers, 1637-1711 (art. 214-220)</p>
         </biogHist>
      </description>
      <relations>
         <cpfRelation xmlns:xlink="http://www.w3.org/1999/xlink"
                      cpfRelationType="associative"
                      xlink:href="FRAN_NP_010332"
                      xlink:type="simple">
            <relationEntry>Vallier, Nicolas</relationEntry>
            <dateRange>
               <fromDate standardDate="1704-01-01">1704</fromDate>
               <toDate standardDate="1720-12-31">1720</toDate>
            </dateRange>
         </cpfRelation>
         <cpfRelation xmlns:xlink="http://www.w3.org/1999/xlink"
                      cpfRelationType="associative"
                      xlink:href="FRAN_NP_010804"
                      xlink:type="simple">
            <relationEntry>Noblet, Charles</relationEntry>
            <dateRange>
               <fromDate standardDate="1627-01-01">1627</fromDate>
               <toDate standardDate="1650-12-31">1650</toDate>
            </dateRange>
         </cpfRelation>
         <cpfRelation xmlns:xlink="http://www.w3.org/1999/xlink"
                      cpfRelationType="associative"
                      xlink:href="FRAN_NP_011361"
                      xlink:type="simple">
            <relationEntry>Lasailly, Louis</relationEntry>
            <dateRange>
               <fromDate standardDate="1619-01-01">1619</fromDate>
               <toDate standardDate="1635-12-31">1635</toDate>
            </dateRange>
         </cpfRelation>
         <cpfRelation xmlns:xlink="http://www.w3.org/1999/xlink"
                      cpfRelationType="associative"
                      xlink:href="FRAN_NP_011485"
                      xlink:type="simple">
            <relationEntry>Lefevre, Pierre Robert</relationEntry>
            <dateRange>
               <fromDate standardDate="1935-12-31">31 décembre 1935</fromDate>
               <toDate standardDate="1970-06-30">30 juin 1970</toDate>
            </dateRange>
         </cpfRelation>
         <cpfRelation xmlns:xlink="http://www.w3.org/1999/xlink"
                      cpfRelationType="associative"
                      xlink:href="FRAN_NP_011549"
                      xlink:type="simple">
            <relationEntry>Leroux, Charles-Maurice</relationEntry>
            <dateRange>
               <fromDate standardDate="1824-07-28">28 juillet 1824</fromDate>
               <toDate standardDate="1830-07-01">1er juillet 1830</toDate>
            </dateRange>
         </cpfRelation>
         <cpfRelation xmlns:xlink="http://www.w3.org/1999/xlink"
                      cpfRelationType="associative"
                      xlink:href="FRAN_NP_010518"
                      xlink:type="simple">
            <relationEntry>Sabot, Henri Etienne</relationEntry>
            <dateRange>
               <fromDate standardDate="1908-02-20">20 février 1908</fromDate>
               <toDate standardDate="1935-12-31">31 décembre 1935</toDate>
            </dateRange>
         </cpfRelation>
         <cpfRelation xmlns:xlink="http://www.w3.org/1999/xlink"
                      cpfRelationType="associative"
                      xlink:href="FRAN_NP_010590"
                      xlink:type="simple">
            <relationEntry>Siot, Julien</relationEntry>
            <dateRange>
               <fromDate standardDate="1748-03-16">16 mars 1748</fromDate>
               <toDate standardDate="1785-04-25">25 avril 1785</toDate>
            </dateRange>
         </cpfRelation>
         <cpfRelation xmlns:xlink="http://www.w3.org/1999/xlink"
                      cpfRelationType="associative"
                      xlink:href="FRAN_NP_012639"
                      xlink:type="simple">
            <relationEntry>Chrétien, Jean</relationEntry>
            <dateRange>
               <fromDate standardDate="1694-11-17">17 novembre 1694</fromDate>
               <toDate standardDate="1737-02-15">15 février 1737</toDate>
            </dateRange>
         </cpfRelation>
         <cpfRelation xmlns:xlink="http://www.w3.org/1999/xlink"
                      cpfRelationType="associative"
                      xlink:href="FRAN_NP_012640"
                      xlink:type="simple">
            <relationEntry>Cornu, François</relationEntry>
            <dateRange>
               <fromDate standardDate="1655-08-16">16 août 1655</fromDate>
               <toDate standardDate="1676-06-11">11 juin 1676</toDate>
            </dateRange>
         </cpfRelation>
         <cpfRelation xmlns:xlink="http://www.w3.org/1999/xlink"
                      cpfRelationType="associative"
                      xlink:href="FRAN_NP_011992"
                      xlink:type="simple">
            <relationEntry>Guignebesche, Jean</relationEntry>
            <dateRange>
               <fromDate standardDate="1717-03-16">16 mars 1717</fromDate>
               <toDate standardDate="1729-07-08">8 juillet 1729</toDate>
            </dateRange>
         </cpfRelation>
         <cpfRelation xmlns:xlink="http://www.w3.org/1999/xlink"
                      cpfRelationType="associative"
                      xlink:href="FRAN_NP_011036"
                      xlink:type="simple">
            <relationEntry>Magnan, Jean Louis</relationEntry>
            <dateRange>
               <fromDate standardDate="1970-10-07">7 octobre 1970</fromDate>
               <toDate standardDate="1976-09-30">30 septembre 1976</toDate>
            </dateRange>
         </cpfRelation>
         <cpfRelation xmlns:xlink="http://www.w3.org/1999/xlink"
                      cpfRelationType="associative"
                      xlink:href="FRAN_NP_011018"
                      xlink:type="simple">
            <relationEntry>Provost</relationEntry>
            <dateRange>
               <fromDate standardDate="1713-01-09">9 janvier 1713</fromDate>
               <toDate standardDate="1717-03-16">16 mars 1717</toDate>
            </dateRange>
         </cpfRelation>
         <cpfRelation xmlns:xlink="http://www.w3.org/1999/xlink"
                      cpfRelationType="associative"
                      xlink:href="FRAN_NP_013311"
                      xlink:type="simple">
            <relationEntry>Guimier-Menard, Virginie</relationEntry>
            <dateRange>
               <fromDate standardDate="2006-11-29">29 novembre 2006</fromDate>
            </dateRange>
         </cpfRelation>
         <cpfRelation xmlns:xlink="http://www.w3.org/1999/xlink"
                      cpfRelationType="associative"
                      xlink:href="FRAN_NP_013310"
                      xlink:type="simple">
            <relationEntry>Etasse, Alexandra</relationEntry>
            <dateRange>
               <fromDate standardDate="2006-11-29">29 novembre 2006</fromDate>
            </dateRange>
         </cpfRelation>
         <cpfRelation xmlns:xlink="http://www.w3.org/1999/xlink"
                      cpfRelationType="associative"
                      xlink:href="FRAN_NP_013376"
                      xlink:type="simple">
            <relationEntry>Jacob</relationEntry>
            <dateRange>
               <fromDate standardDate="1725-01-01">1725</fromDate>
               <toDate standardDate="1737-12-31">1737</toDate>
            </dateRange>
         </cpfRelation>
         <cpfRelation xmlns:xlink="http://www.w3.org/1999/xlink"
                      cpfRelationType="associative"
                      xlink:href="FRAN_NP_010709"
                      xlink:type="simple">
            <relationEntry>Roblin, Jules</relationEntry>
            <dateRange>
               <fromDate standardDate="1642-06-09">9 juin 1642</fromDate>
               <toDate standardDate="1655-12-31">1655</toDate>
            </dateRange>
         </cpfRelation>
         <cpfRelation xmlns:xlink="http://www.w3.org/1999/xlink"
                      cpfRelationType="associative"
                      xlink:href="FRAN_NP_012807"
                      xlink:type="simple">
            <relationEntry>Bazoche, Bernard-Dominique</relationEntry>
            <dateRange>
               <fromDate standardDate="1830-07-01">1er juillet 1830</fromDate>
               <toDate standardDate="1832-11-02">2 novembre 1832</toDate>
            </dateRange>
         </cpfRelation>
         <cpfRelation xmlns:xlink="http://www.w3.org/1999/xlink"
                      cpfRelationType="associative"
                      xlink:href="FRAN_NP_013043"
                      xlink:type="simple">
            <relationEntry>Bretteville, Louis</relationEntry>
            <dateRange>
               <fromDate standardDate="1646-01-01">1646</fromDate>
               <toDate standardDate="1676-11-15">15 novembre 1676</toDate>
            </dateRange>
         </cpfRelation>
         <cpfRelation xmlns:xlink="http://www.w3.org/1999/xlink"
                      cpfRelationType="associative"
                      xlink:href="FRAN_NP_011715"
                      xlink:type="simple">
            <relationEntry>Jullien</relationEntry>
            <dateRange>
               <fromDate standardDate="1696-01-01">1er janvier 1696</fromDate>
               <toDate standardDate="1696-12-31">31 décembre 1696</toDate>
            </dateRange>
         </cpfRelation>
         <cpfRelation xmlns:xlink="http://www.w3.org/1999/xlink"
                      cpfRelationType="associative"
                      xlink:href="FRAN_NP_010686"
                      xlink:type="simple">
            <relationEntry>Rivoire, Noël</relationEntry>
            <dateRange>
               <fromDate standardDate="1976-06-30">30 juin 1976</fromDate>
               <toDate standardDate="1998-12-31">1998</toDate>
            </dateRange>
         </cpfRelation>
         <cpfRelation xmlns:xlink="http://www.w3.org/1999/xlink"
                      cpfRelationType="associative"
                      xlink:href="FRAN_NP_012046"
                      xlink:type="simple">
            <relationEntry>Ferrent</relationEntry>
            <dateRange>
               <fromDate standardDate="1603-01-01">1603</fromDate>
               <toDate standardDate="1684-12-31">1684</toDate>
            </dateRange>
         </cpfRelation>
         <cpfRelation xmlns:xlink="http://www.w3.org/1999/xlink"
                      cpfRelationType="associative"
                      xlink:href="FRAN_NP_012963"
                      xlink:type="simple">
            <relationEntry>Bordier, Claude</relationEntry>
            <dateRange>
               <fromDate standardDate="1676-06-12">12 juin 1676</fromDate>
               <toDate standardDate="1692-01-21">21 janvier 1692</toDate>
            </dateRange>
         </cpfRelation>
         <cpfRelation xmlns:xlink="http://www.w3.org/1999/xlink"
                      cpfRelationType="associative"
                      xlink:href="FRAN_NP_013161"
                      xlink:type="simple">
            <relationEntry>Aubry, Robert</relationEntry>
            <dateRange>
               <fromDate standardDate="1737-03-10">10 mars 1737</fromDate>
               <toDate standardDate="1768-03-20">20 mars 1768</toDate>
            </dateRange>
         </cpfRelation>
         <cpfRelation xmlns:xlink="http://www.w3.org/1999/xlink"
                      cpfRelationType="associative"
                      xlink:href="FRAN_NP_013176"
                      xlink:type="simple">
            <relationEntry>Dubois, Jean II</relationEntry>
            <dateRange>
               <fromDate standardDate="1629-01-01">1629</fromDate>
               <toDate standardDate="1684-12-31">1684</toDate>
            </dateRange>
         </cpfRelation>
         <cpfRelation xmlns:xlink="http://www.w3.org/1999/xlink"
                      cpfRelationType="associative"
                      xlink:href="FRAN_NP_013193"
                      xlink:type="simple">
            <relationEntry>Geslin-Gagnez, Sophie</relationEntry>
            <dateRange>
               <fromDate standardDate="2002-02-13">13 février 2002</fromDate>
            </dateRange>
         </cpfRelation>
         <cpfRelation xmlns:xlink="http://www.w3.org/1999/xlink"
                      cpfRelationType="associative"
                      xlink:href="FRAN_NP_012906"
                      xlink:type="simple">
            <relationEntry>Billard, Paul-Alphonse</relationEntry>
            <dateRange>
               <fromDate standardDate="1791-01-02">2 janvier 1791</fromDate>
               <toDate standardDate="1803-05-03">3 mai 1803</toDate>
            </dateRange>
         </cpfRelation>
         <cpfRelation xmlns:xlink="http://www.w3.org/1999/xlink"
                      cpfRelationType="associative"
                      xlink:href="FRAN_NP_012927"
                      xlink:type="simple">
            <relationEntry>Blondis, Michel</relationEntry>
            <dateRange>
               <fromDate standardDate="1676-11-16">16 novembre 1676</fromDate>
               <toDate standardDate="1682-03-24">24 mars 1682</toDate>
            </dateRange>
         </cpfRelation>
         <cpfRelation xmlns:xlink="http://www.w3.org/1999/xlink"
                      cpfRelationType="associative"
                      xlink:href="FRAN_NP_012971"
                      xlink:type="simple">
            <relationEntry>Lebouc, Jacques</relationEntry>
            <dateRange>
               <fromDate standardDate="1636-01-01">1636</fromDate>
               <toDate standardDate="1642-06-09">9 juin 1642</toDate>
            </dateRange>
         </cpfRelation>
         <cpfRelation xmlns:xlink="http://www.w3.org/1999/xlink"
                      cpfRelationType="associative"
                      xlink:href="FRAN_NP_012042"
                      xlink:type="simple">
            <relationEntry>Ferrand, Alexandre</relationEntry>
            <dateRange>
               <fromDate standardDate="1659-01-01">1659</fromDate>
               <toDate standardDate="1665-12-31">1665</toDate>
            </dateRange>
         </cpfRelation>
         <cpfRelation xmlns:xlink="http://www.w3.org/1999/xlink"
                      cpfRelationType="associative"
                      xlink:href="FRAN_NP_010665"
                      xlink:type="simple">
            <relationEntry>Richer, Charles (16..-16..)</relationEntry>
            <dateRange>
               <fromDate standardDate="1636-01-01">1636</fromDate>
               <toDate standardDate="1654-12-31">1654</toDate>
            </dateRange>
         </cpfRelation>
         <cpfRelation xmlns:xlink="http://www.w3.org/1999/xlink"
                      cpfRelationType="associative"
                      xlink:href="FRAN_NP_011758"
                      xlink:type="simple">
            <relationEntry>Hennequin, Antoine-Xavier</relationEntry>
            <dateRange>
               <fromDate standardDate="1768-06-21">21 juin 1768</fromDate>
               <toDate standardDate="1790-12-21">21 décembre 1790</toDate>
            </dateRange>
         </cpfRelation>
         <cpfRelation xmlns:xlink="http://www.w3.org/1999/xlink"
                      cpfRelationType="associative"
                      xlink:href="FRAN_NP_013042"
                      xlink:type="simple">
            <relationEntry>Breton, François-Lambert</relationEntry>
            <dateRange>
               <fromDate standardDate="1804-11-15">15 novembre 1804</fromDate>
               <toDate standardDate="1812-09-24">24 septembre 1812</toDate>
            </dateRange>
         </cpfRelation>
         <cpfRelation xmlns:xlink="http://www.w3.org/1999/xlink"
                      cpfRelationType="associative"
                      xlink:href="FRAN_NP_010779"
                      xlink:type="simple">
            <relationEntry>Ossy, Nicolas</relationEntry>
            <dateRange>
               <fromDate standardDate="1682-03-24">24 mars 1682</fromDate>
               <toDate standardDate="1694-10-03">3 octobre 1694</toDate>
            </dateRange>
         </cpfRelation>
         <cpfRelation xmlns:xlink="http://www.w3.org/1999/xlink"
                      cpfRelationType="associative"
                      xlink:href="FRAN_NP_011881"
                      xlink:type="simple">
            <relationEntry>Gérard</relationEntry>
            <dateRange>
               <fromDate standardDate="1736-05-21">21 mai 1736</fromDate>
               <toDate standardDate="1748-03-16">16 mars 1748</toDate>
            </dateRange>
         </cpfRelation>
         <cpfRelation xmlns:xlink="http://www.w3.org/1999/xlink"
                      cpfRelationType="associative"
                      xlink:href="FRAN_NP_012759"
                      xlink:type="simple">
            <relationEntry>Bancarel, Bernard</relationEntry>
            <dateRange>
               <fromDate standardDate="2001-05-21">21 mai 2001</fromDate>
               <toDate standardDate="2004-05-28">28 mai 2004</toDate>
            </dateRange>
         </cpfRelation>
         <cpfRelation xmlns:xlink="http://www.w3.org/1999/xlink"
                      cpfRelationType="associative"
                      xlink:href="FRAN_NP_012779"
                      xlink:type="simple">
            <relationEntry>Baron, Paul</relationEntry>
            <dateRange>
               <fromDate standardDate="1854-08-05">5 août 1854</fromDate>
               <toDate standardDate="1877-08-29">29 août 1877</toDate>
            </dateRange>
         </cpfRelation>
         <cpfRelation xmlns:xlink="http://www.w3.org/1999/xlink"
                      cpfRelationType="associative"
                      xlink:href="FRAN_NP_012754"
                      xlink:type="simple">
            <relationEntry>Balagny, Auguste-Prosper</relationEntry>
            <dateRange>
               <fromDate standardDate="1832-11-03">3 novembre 1832</fromDate>
               <toDate standardDate="1854-08-05">5 août 1854</toDate>
            </dateRange>
         </cpfRelation>
         <cpfRelation xmlns:xlink="http://www.w3.org/1999/xlink"
                      cpfRelationType="associative"
                      xlink:href="FRAN_NP_011016"
                      xlink:type="simple">
            <relationEntry>Prodhomme, Pierre</relationEntry>
            <dateRange>
               <fromDate standardDate="1813-01-12">12 janvier 1813</fromDate>
               <toDate standardDate="1815-10-01">1er octobre 1815</toDate>
            </dateRange>
         </cpfRelation>
         <cpfRelation xmlns:xlink="http://www.w3.org/1999/xlink"
                      cpfRelationType="associative"
                      xlink:href="FRAN_NP_011035"
                      xlink:type="simple">
            <relationEntry>Magnan, Annie</relationEntry>
            <dateRange>
               <fromDate standardDate="1986-01-03">3 janvier 1986</fromDate>
               <toDate standardDate="1998-12-31">1998</toDate>
            </dateRange>
         </cpfRelation>
         <cpfRelation xmlns:xlink="http://www.w3.org/1999/xlink"
                      cpfRelationType="associative"
                      xlink:href="FRAN_NP_011091"
                      xlink:type="simple">
            <relationEntry>Mars, Michel de</relationEntry>
            <dateRange>
               <fromDate standardDate="1701-01-01">1701</fromDate>
               <toDate standardDate="1711-12-31">1711</toDate>
            </dateRange>
         </cpfRelation>
         <cpfRelation xmlns:xlink="http://www.w3.org/1999/xlink"
                      cpfRelationType="associative"
                      xlink:href="FRAN_NP_012637"
                      xlink:type="simple">
            <relationEntry>Charles, Jean</relationEntry>
            <dateRange>
               <fromDate standardDate="1638-01-01">1er janvier 1638</fromDate>
               <toDate standardDate="1639-12-31">31 décembre 1639</toDate>
            </dateRange>
         </cpfRelation>
         <cpfRelation xmlns:xlink="http://www.w3.org/1999/xlink"
                      cpfRelationType="associative"
                      xlink:href="FRAN_NP_012636"
                      xlink:type="simple">
            <relationEntry>Carré</relationEntry>
            <dateRange>
               <fromDate standardDate="1729-07-08">8 juillet 1729</fromDate>
               <toDate standardDate="1734-10-03">3 octobre 1734</toDate>
            </dateRange>
         </cpfRelation>
         <cpfRelation xmlns:xlink="http://www.w3.org/1999/xlink"
                      cpfRelationType="associative"
                      xlink:href="FRAN_NP_010517"
                      xlink:type="simple">
            <relationEntry>Sabot, Edmond</relationEntry>
            <dateRange>
               <fromDate standardDate="1877-08-29">29 août 1877</fromDate>
               <toDate standardDate="1908-02-20">20 février 1908</toDate>
            </dateRange>
         </cpfRelation>
         <cpfRelation xmlns:xlink="http://www.w3.org/1999/xlink"
                      cpfRelationType="associative"
                      xlink:href="FRAN_NP_011251"
                      xlink:type="simple">
            <relationEntry>Motte, Denis</relationEntry>
            <dateRange>
               <fromDate standardDate="1611-01-01">1611</fromDate>
               <toDate standardDate="1618-12-31">1618</toDate>
            </dateRange>
         </cpfRelation>
         <cpfRelation xmlns:xlink="http://www.w3.org/1999/xlink"
                      cpfRelationType="associative"
                      xlink:href="FRAN_NP_012135"
                      xlink:type="simple">
            <relationEntry>Etasse, Gilbert</relationEntry>
            <dateRange>
               <fromDate standardDate="1994-01-26">26 janvier 1994</fromDate>
            </dateRange>
         </cpfRelation>
         <cpfRelation xmlns:xlink="http://www.w3.org/1999/xlink"
                      cpfRelationType="associative"
                      xlink:href="FRAN_NP_012136"
                      xlink:type="simple">
            <relationEntry>Etasse, Marie Thérèse</relationEntry>
            <dateRange>
               <fromDate standardDate="1994-01-26">26 janvier 1994</fromDate>
            </dateRange>
         </cpfRelation>
         <cpfRelation xmlns:xlink="http://www.w3.org/1999/xlink"
                      cpfRelationType="associative"
                      xlink:href="FRAN_NP_012328"
                      xlink:type="simple">
            <relationEntry>Deguingand, Elie</relationEntry>
            <dateRange>
               <fromDate standardDate="1815-11-19">19 novembre 1815</fromDate>
               <toDate standardDate="1824-07-27">27 juillet 1824</toDate>
            </dateRange>
         </cpfRelation>
         <cpfRelation xmlns:xlink="http://www.w3.org/1999/xlink"
                      cpfRelationType="associative"
                      xlink:href="FRAN_NP_012329"
                      xlink:type="simple">
            <relationEntry>Dubois, Jean I</relationEntry>
            <dateRange>
               <fromDate standardDate="1618-01-01">1618</fromDate>
               <toDate standardDate="1635-12-31">1635</toDate>
            </dateRange>
         </cpfRelation>
         <cpfRelation xmlns:xlink="http://www.w3.org/1999/xlink"
                      cpfRelationType="associative"
                      xlink:href="FRAN_NP_013485"
                      xlink:type="simple">
            <relationEntry>Amdjad, Faïz</relationEntry>
            <dateRange>
               <fromDate standardDate="2010-10-08">8 octobre 2010</fromDate>
            </dateRange>
         </cpfRelation>
         <cpfRelation xmlns:xlink="http://www.w3.org/1999/xlink"
                      cpfRelationType="associative"
                      xlink:href="FRAN_NP_012638"
                      xlink:type="simple">
            <relationEntry>Choin</relationEntry>
            <dateRange>
               <fromDate standardDate="1723-10-08">8 octobre 1723</fromDate>
               <toDate standardDate="1736-04-10">10 avril 1736</toDate>
            </dateRange>
         </cpfRelation>
         <resourceRelation xmlns:xlink="http://www.w3.org/1999/xlink"
                           resourceRelationType="creatorOf"
                           xlink:href="FRAN_IR_042636"
                           xlink:type="simple">
            <relationEntry localType="archival">Archives de l'étude LXXIV</relationEntry>
         </resourceRelation>
         <resourceRelation xmlns:xlink="http://www.w3.org/1999/xlink"
                           resourceRelationType="creatorOf"
                           xlink:href="FRAN_IR_051571"
                           xlink:type="simple">
            <relationEntry localType="archival">Images des répertoires du notaire Auguste Prosper Balagny pour l'étude LXXIV</relationEntry>
         </resourceRelation>
         <resourceRelation xmlns:xlink="http://www.w3.org/1999/xlink"
                           resourceRelationType="creatorOf"
                           xlink:href="FRAN_IR_051583"
                           xlink:type="simple">
            <relationEntry localType="archival">Images des répertoires du notaire Bernard Dominique Bazoche pour l'étude LXXIV</relationEntry>
         </resourceRelation>
         <resourceRelation xmlns:xlink="http://www.w3.org/1999/xlink"
                           resourceRelationType="creatorOf"
                           xlink:href="FRAN_IR_051386"
                           xlink:type="simple">
            <relationEntry localType="archival">Images des répertoires du notaire Charles Maurice Leroux pour l'étude LXXIV</relationEntry>
         </resourceRelation>
         <resourceRelation xmlns:xlink="http://www.w3.org/1999/xlink"
                           resourceRelationType="creatorOf"
                           xlink:href="FRAN_IR_051231"
                           xlink:type="simple">
            <relationEntry localType="archival">Images des répertoires du notaire Edmond Sabot pour l'étude LXXIV</relationEntry>
         </resourceRelation>
         <resourceRelation xmlns:xlink="http://www.w3.org/1999/xlink"
                           resourceRelationType="creatorOf"
                           xlink:href="FRAN_IR_051504"
                           xlink:type="simple">
            <relationEntry localType="archival">Images des répertoires du notaire Elie Deguingand pour l'étude LXXIV</relationEntry>
         </resourceRelation>
         <resourceRelation xmlns:xlink="http://www.w3.org/1999/xlink"
                           resourceRelationType="creatorOf"
                           xlink:href="FRAN_IR_052856"
                           xlink:type="simple">
            <relationEntry localType="archival">Images des répertoires du notaire François Lambert Breton pour l'étude LXXIV</relationEntry>
         </resourceRelation>
         <resourceRelation xmlns:xlink="http://www.w3.org/1999/xlink"
                           resourceRelationType="creatorOf"
                           xlink:href="FRAN_IR_051578"
                           xlink:type="simple">
            <relationEntry localType="archival">Images des répertoires du notaire Paul Baron pour l'étude LXXIV</relationEntry>
         </resourceRelation>
         <resourceRelation xmlns:xlink="http://www.w3.org/1999/xlink"
                           resourceRelationType="creatorOf"
                           xlink:href="FRAN_IR_051552"
                           xlink:type="simple">
            <relationEntry localType="archival">Images du répertoire du notaire Jean Chrétien pour l'étude LXXIV</relationEntry>
         </resourceRelation>
         <resourceRelation xmlns:xlink="http://www.w3.org/1999/xlink"
                           resourceRelationType="creatorOf"
                           xlink:href="FRAN_IR_051597"
                           xlink:type="simple">
            <relationEntry localType="archival">Images du répertoire du notaire Paul Alphonse Billard pour l'étude LXXIV</relationEntry>
         </resourceRelation>
         <resourceRelation xmlns:xlink="http://www.w3.org/1999/xlink"
                           resourceRelationType="creatorOf"
                           xlink:href="FRAN_IR_051301"
                           xlink:type="simple">
            <relationEntry localType="archival">Images du répertoire du notaire Pierre Prodhomme pour l'étude LXXIV</relationEntry>
         </resourceRelation>
         <resourceRelation xmlns:xlink="http://www.w3.org/1999/xlink"
                           resourceRelationType="creatorOf"
                           xlink:href="FRAN_IR_042645"
                           xlink:type="simple">
            <relationEntry localType="archival">Minutes et répertoires du notaire Antoine Xavier HENNEQUIN, 21 juin 1768 - 21 décembre 1790 (étude LXXIV)</relationEntry>
         </resourceRelation>
         <resourceRelation xmlns:xlink="http://www.w3.org/1999/xlink"
                           resourceRelationType="creatorOf"
                           xlink:href="FRAN_IR_042664"
                           xlink:type="simple">
            <relationEntry localType="archival">Minutes et répertoires du notaire Auguste Prosper BALAGNY, 3 novembre 1832 - 5 août 1854 (étude LXXIV)</relationEntry>
         </resourceRelation>
         <resourceRelation xmlns:xlink="http://www.w3.org/1999/xlink"
                           resourceRelationType="creatorOf"
                           xlink:href="FRAN_IR_042663"
                           xlink:type="simple">
            <relationEntry localType="archival">Minutes et répertoires du notaire Bernard Dominique BAZOCHE, 1er juillet 1830 - 2 novembre 1832 (étude LXXIV)</relationEntry>
         </resourceRelation>
         <resourceRelation xmlns:xlink="http://www.w3.org/1999/xlink"
                           resourceRelationType="creatorOf"
                           xlink:href="FRAN_IR_042654"
                           xlink:type="simple">
            <relationEntry localType="archival">Minutes et répertoires du notaire CARRÉ, 8 juillet 1729 - 3 octobre 1734 (étude LXXIV)</relationEntry>
         </resourceRelation>
         <resourceRelation xmlns:xlink="http://www.w3.org/1999/xlink"
                           resourceRelationType="creatorOf"
                           xlink:href="FRAN_IR_042657"
                           xlink:type="simple">
            <relationEntry localType="archival">Minutes et répertoires du notaire CHOIN, 1732 - 1784 (étude LXXIV)</relationEntry>
         </resourceRelation>
         <resourceRelation xmlns:xlink="http://www.w3.org/1999/xlink"
                           resourceRelationType="creatorOf"
                           xlink:href="FRAN_IR_042662"
                           xlink:type="simple">
            <relationEntry localType="archival">Minutes et répertoires du notaire Charles Maurice LEROUX, 28 juillet 1824 - 1er juillet 1830 (étude LXXIV)</relationEntry>
         </resourceRelation>
         <resourceRelation xmlns:xlink="http://www.w3.org/1999/xlink"
                           resourceRelationType="creatorOf"
                           xlink:href="FRAN_IR_042640"
                           xlink:type="simple">
            <relationEntry localType="archival">Minutes et répertoires du notaire Charles NOBLET, 1627 - 1650 (étude LXXIV)</relationEntry>
         </resourceRelation>
         <resourceRelation xmlns:xlink="http://www.w3.org/1999/xlink"
                           resourceRelationType="creatorOf"
                           xlink:href="FRAN_IR_042648"
                           xlink:type="simple">
            <relationEntry localType="archival">Minutes et répertoires du notaire Claude BORDIER, 12 juin 1676 - 21 janvier 1692 (étude LXXIV)</relationEntry>
         </resourceRelation>
         <resourceRelation xmlns:xlink="http://www.w3.org/1999/xlink"
                           resourceRelationType="creatorOf"
                           xlink:href="FRAN_IR_042666"
                           xlink:type="simple">
            <relationEntry localType="archival">Minutes et répertoires du notaire Edmond SABOT, 29 août 1877 - 12 juillet 1902 (étude LXXIV)</relationEntry>
         </resourceRelation>
         <resourceRelation xmlns:xlink="http://www.w3.org/1999/xlink"
                           resourceRelationType="creatorOf"
                           xlink:href="FRAN_IR_042646"
                           xlink:type="simple">
            <relationEntry localType="archival">Minutes et répertoires du notaire François CORNU, 16 août 1655 - 11 juin 1676 (étude LXXIV)</relationEntry>
         </resourceRelation>
         <resourceRelation xmlns:xlink="http://www.w3.org/1999/xlink"
                           resourceRelationType="creatorOf"
                           xlink:href="FRAN_IR_042658"
                           xlink:type="simple">
            <relationEntry localType="archival">Minutes et répertoires du notaire François Lambert BRETON, 15 novembre 1804 - 24 septembre 1812 (étude LXXIV)</relationEntry>
         </resourceRelation>
         <resourceRelation xmlns:xlink="http://www.w3.org/1999/xlink"
                           resourceRelationType="creatorOf"
                           xlink:href="FRAN_IR_042653"
                           xlink:type="simple">
            <relationEntry localType="archival">Minutes et répertoires du notaire GÉRARD, 21 mai 1736 - 16 mars 1748 (étude LXXIV)</relationEntry>
         </resourceRelation>
         <resourceRelation xmlns:xlink="http://www.w3.org/1999/xlink"
                           resourceRelationType="creatorOf"
                           xlink:href="FRAN_IR_042656"
                           xlink:type="simple">
            <relationEntry localType="archival">Minutes et répertoires du notaire JACOB, 1725 - 1737 (étude LXXIV)</relationEntry>
         </resourceRelation>
         <resourceRelation xmlns:xlink="http://www.w3.org/1999/xlink"
                           resourceRelationType="creatorOf"
                           xlink:href="FRAN_IR_042647"
                           xlink:type="simple">
            <relationEntry localType="archival">Minutes et répertoires du notaire Jacques LEBOUC, 1637 - 9 juin 1642 (étude LXXIV)</relationEntry>
         </resourceRelation>
         <resourceRelation xmlns:xlink="http://www.w3.org/1999/xlink"
                           resourceRelationType="creatorOf"
                           xlink:href="FRAN_IR_042638"
                           xlink:type="simple">
            <relationEntry localType="archival">Minutes et répertoires du notaire Jean CHRÉTIEN, 17 novembre 1694 - 15 février 1737 (étude LXXIV)</relationEntry>
         </resourceRelation>
         <resourceRelation xmlns:xlink="http://www.w3.org/1999/xlink"
                           resourceRelationType="creatorOf"
                           xlink:href="FRAN_IR_042655"
                           xlink:type="simple">
            <relationEntry localType="archival">Minutes et répertoires du notaire Jean GUIGNEBESCHE, 16 mars 1717 - 8 juillet 1729 (étude LXXIV)</relationEntry>
         </resourceRelation>
         <resourceRelation xmlns:xlink="http://www.w3.org/1999/xlink"
                           resourceRelationType="creatorOf"
                           xlink:href="FRAN_IR_042642"
                           xlink:type="simple">
            <relationEntry localType="archival">Minutes et répertoires du notaire Jean I DUBOIS, 1618 - 1635 (étude LXXIV)</relationEntry>
         </resourceRelation>
         <resourceRelation xmlns:xlink="http://www.w3.org/1999/xlink"
                           resourceRelationType="creatorOf"
                           xlink:href="FRAN_IR_042641"
                           xlink:type="simple">
            <relationEntry localType="archival">Minutes et répertoires du notaire Jean II DUBOIS, 1629 - 1684 (étude LXXIV)</relationEntry>
         </resourceRelation>
         <resourceRelation xmlns:xlink="http://www.w3.org/1999/xlink"
                           resourceRelationType="creatorOf"
                           xlink:href="FRAN_IR_042652"
                           xlink:type="simple">
            <relationEntry localType="archival">Minutes et répertoires du notaire Julien SIOT, 14 mai 1743 - 2 mai 1785 (étude LXXIV)</relationEntry>
         </resourceRelation>
         <resourceRelation xmlns:xlink="http://www.w3.org/1999/xlink"
                           resourceRelationType="creatorOf"
                           xlink:href="FRAN_IR_042637"
                           xlink:type="simple">
            <relationEntry localType="archival">Minutes et répertoires du notaire Louis BRETTEVILLE, 1646 - 15 novembre 1676 (étude LXXIV)</relationEntry>
         </resourceRelation>
         <resourceRelation xmlns:xlink="http://www.w3.org/1999/xlink"
                           resourceRelationType="creatorOf"
                           xlink:href="FRAN_IR_042649"
                           xlink:type="simple">
            <relationEntry localType="archival">Minutes et répertoires du notaire Michel BLONDIS, 16 novembre 1676 - 24 mars 1682 (étude LXXIV)</relationEntry>
         </resourceRelation>
         <resourceRelation xmlns:xlink="http://www.w3.org/1999/xlink"
                           resourceRelationType="creatorOf"
                           xlink:href="FRAN_IR_042651"
                           xlink:type="simple">
            <relationEntry localType="archival">Minutes et répertoires du notaire Michel de MARS, 1701 - 1711 (étude LXXIV)</relationEntry>
         </resourceRelation>
         <resourceRelation xmlns:xlink="http://www.w3.org/1999/xlink"
                           resourceRelationType="creatorOf"
                           xlink:href="FRAN_IR_042639"
                           xlink:type="simple">
            <relationEntry localType="archival">Minutes et répertoires du notaire Nicolas OSSY, 24 mars 1682 - 3 octobre 1694 (étude LXXIV)</relationEntry>
         </resourceRelation>
         <resourceRelation xmlns:xlink="http://www.w3.org/1999/xlink"
                           resourceRelationType="creatorOf"
                           xlink:href="FRAN_IR_042650"
                           xlink:type="simple">
            <relationEntry localType="archival">Minutes et répertoires du notaire Nicolas VALLIER, 1704 - 1720 (étude LXXIV)</relationEntry>
         </resourceRelation>
         <resourceRelation xmlns:xlink="http://www.w3.org/1999/xlink"
                           resourceRelationType="creatorOf"
                           xlink:href="FRAN_IR_042659"
                           xlink:type="simple">
            <relationEntry localType="archival">Minutes et répertoires du notaire Paul Alphonse BILLARD, 2 janvier 1791 - 3 mai 1803 (étude LXXIV)</relationEntry>
         </resourceRelation>
         <resourceRelation xmlns:xlink="http://www.w3.org/1999/xlink"
                           resourceRelationType="creatorOf"
                           xlink:href="FRAN_IR_042660"
                           xlink:type="simple">
            <relationEntry localType="archival">Minutes et répertoires du notaire Pierre PRODHOMME, 12 janvier 1813 - 1er octobre 1815 (étude LXXIV)</relationEntry>
         </resourceRelation>
         <resourceRelation xmlns:xlink="http://www.w3.org/1999/xlink"
                           resourceRelationType="creatorOf"
                           xlink:href="FRAN_IR_042643"
                           xlink:type="simple">
            <relationEntry localType="archival">Minutes et répertoires du notaire notaires divers, 1611 - 1718 (étude LXXIV)</relationEntry>
         </resourceRelation>
         <resourceRelation xmlns:xlink="http://www.w3.org/1999/xlink"
                           resourceRelationType="creatorOf"
                           xlink:href="FRAN_IR_042661"
                           xlink:type="simple">
            <relationEntry localType="archival">Minutes et répertoires du notaire Élie DEGUINGAND, 19 novembre 1815 - 27 juillet 1824 (étude LXXIV)</relationEntry>
         </resourceRelation>
         <resourceRelation xmlns:xlink="http://www.w3.org/1999/xlink"
                           resourceRelationType="creatorOf"
                           xlink:href="FRAN_IR_053959"
                           xlink:type="simple">
            <relationEntry localType="archival">«Mélanges» (dossiers de clients) de l’étude LXXIV. MC/ET/LXXIV/200-MC/ET/LXXIV/201 (XVIIe-XVIIIe siècles)</relationEntry>
         </resourceRelation>
         <resourceRelation xmlns:xlink="http://www.w3.org/1999/xlink"
                           resourceRelationType="creatorOf"
                           xlink:href="FRAN_IR_042644"
                           xlink:type="simple">
            <relationEntry localType="archival">Minutes et répertoires du notaire Robert AUBRY, 10 mars 1737 - 20 mars 1768 (étude LXXIV)</relationEntry>
         </resourceRelation>
         <resourceRelation xmlns:xlink="http://www.w3.org/1999/xlink"
                           resourceRelationType="creatorOf"
                           xlink:href="FRAN_IR_055799"
                           xlink:type="simple">
            <relationEntry localType="archival">Images des répertoires du notaire Robert Aubry pour l'étude LXXIV</relationEntry>
         </resourceRelation>
      </relations>
   </cpfDescription>
</eac-cpf>
