<eac-cpf xmlns="urn:isbn:1-931666-33-4"
         xmlns:xsi="http://www.w3.org/2001/XMLSchema-instance"
         xsi:schemaLocation="urn:isbn:1-931666-33-4 cpf.xsd">
   <control>
      <recordId>FRAN_NP_010165</recordId>
      <otherRecordId localType="Ancien_identifiant">FRDAFANCH00MC_NAETUDE_038</otherRecordId>
      <maintenanceStatus>derived</maintenanceStatus>
      <maintenanceAgency>
         <agencyName>Archives nationales de France</agencyName>
      </maintenanceAgency>
      <languageDeclaration>
         <language languageCode="fre">Français</language>
         <script scriptCode="Latn"/>
      </languageDeclaration>
      <conventionDeclaration>
         <citation>Notice établie conformément à la norme ICA-ISAAR (CPF) 2004, aux normes ISO 8601 pour le système de normalisation des dates utilisé, ainsi que AFNOR NF Z 44-061, juin 1986. Catalogage : forme et structure des vedettes noms de personne, des vedettes titres, des rubriques de classement et des titres forgés.</citation>
      </conventionDeclaration>
      <localControl localType="niveau_de_detail">
         <term>Moyenne</term>
      </localControl>
      <maintenanceHistory>
         <maintenanceEvent>
            <eventType>derived</eventType>
            <eventDateTime>2013-04-23</eventDateTime>
            <agentType>machine</agentType>
            <agent>Migration ETANOT</agent>
         </maintenanceEvent>
      </maintenanceHistory>
   </control>
   <cpfDescription>
      <identity>
         <entityType>corporateBody</entityType>
         <nameEntry localType="autorisée" scriptCode="Latn" xml:lang="fre">
            <part>Etude XXXVIII</part>
         </nameEntry>
         <nameEntry>
            <part>75195</part>
         </nameEntry>
      </identity>
      <description>
         <existDates>
            <dateRange>
               <fromDate standardDate="1543-01-01">1543</fromDate>
            </dateRange>
         </existDates>
         <places>
            <place>
               <placeRole>Lieu de Paris</placeRole>
               <placeEntry localType="nomLieu">4, rue de la Paix, 75002 PARIS</placeEntry>
            </place>
         </places>
         <functions>
            <function>
               <term vocabularySource="d3nyui3o8w--11y7jgy8q3wnt">notaire à paris</term>
               <dateRange>
                  <fromDate standardDate="1543-01-01">1543</fromDate>
                  <toDate/>
               </dateRange>
            </function>
         </functions>
         <biogHist>
            <p>Cette étude est installée rue Saint-Martin, au voisinage de Saint-Nicolas des Champs, depuis la fin du XVIIème siècle. Ce n'est qu'en 1840 qu'elle se transporte rue de l'Échiquier, puis rue Choiseul (1861) et enfin rue de la Paix (1892).</p>
         </biogHist>
      </description>
      <relations>
         <cpfRelation xmlns:xlink="http://www.w3.org/1999/xlink"
                      cpfRelationType="associative"
                      xlink:href="FRAN_NP_010318"
                      xlink:type="simple">
            <relationEntry>Watin, Edouard</relationEntry>
            <dateRange>
               <fromDate standardDate="1847-05-19">19 mai 1847</fromDate>
               <toDate standardDate="1864-09-16">16 septembre 1864</toDate>
            </dateRange>
         </cpfRelation>
         <cpfRelation xmlns:xlink="http://www.w3.org/1999/xlink"
                      cpfRelationType="associative"
                      xlink:href="FRAN_NP_010357"
                      xlink:type="simple">
            <relationEntry>Venard, Nicolas-François</relationEntry>
            <dateRange>
               <fromDate standardDate="1765-10-01">1er octobre 1765</fromDate>
               <toDate standardDate="1773-01-29">29 janvier 1773</toDate>
            </dateRange>
         </cpfRelation>
         <cpfRelation xmlns:xlink="http://www.w3.org/1999/xlink"
                      cpfRelationType="associative"
                      xlink:href="FRAN_NP_010362"
                      xlink:type="simple">
            <relationEntry>Viard, Pierre I</relationEntry>
            <dateRange>
               <fromDate standardDate="1548-01-19">19 janvier 1548</fromDate>
               <toDate standardDate="1568-08-28">28 août 1568</toDate>
            </dateRange>
         </cpfRelation>
         <cpfRelation xmlns:xlink="http://www.w3.org/1999/xlink"
                      cpfRelationType="associative"
                      xlink:href="FRAN_NP_010908"
                      xlink:type="simple">
            <relationEntry>Peyras, Claude de</relationEntry>
            <dateRange>
               <fromDate standardDate="1606-07-01">juillet 1606</fromDate>
               <toDate standardDate="1619-11-14">14 novembre 1619</toDate>
            </dateRange>
         </cpfRelation>
         <cpfRelation xmlns:xlink="http://www.w3.org/1999/xlink"
                      cpfRelationType="associative"
                      xlink:href="FRAN_NP_010909"
                      xlink:type="simple">
            <relationEntry>Peyras, Jean de</relationEntry>
            <dateRange>
               <fromDate standardDate="1574-11-28">28 novembre 1574</fromDate>
               <toDate standardDate="1606-07-31">juillet 1606</toDate>
            </dateRange>
         </cpfRelation>
         <cpfRelation xmlns:xlink="http://www.w3.org/1999/xlink"
                      cpfRelationType="associative"
                      xlink:href="FRAN_NP_011407"
                      xlink:type="simple">
            <relationEntry>Le franc, Jean</relationEntry>
            <dateRange>
               <fromDate standardDate="1669-07-22">22 juillet 1669</fromDate>
               <toDate standardDate="1682-12-09">9 décembre 1682</toDate>
            </dateRange>
         </cpfRelation>
         <cpfRelation xmlns:xlink="http://www.w3.org/1999/xlink"
                      cpfRelationType="associative"
                      xlink:href="FRAN_NP_011456"
                      xlink:type="simple">
            <relationEntry>L'ecoufflet, Etienne</relationEntry>
            <dateRange>
               <fromDate standardDate="1773-10-30">30 octobre 1773</fromDate>
               <toDate standardDate="1780-02-01">1er février 1780</toDate>
            </dateRange>
         </cpfRelation>
         <cpfRelation xmlns:xlink="http://www.w3.org/1999/xlink"
                      cpfRelationType="associative"
                      xlink:href="FRAN_NP_011900"
                      xlink:type="simple">
            <relationEntry>Gillet, Jacques</relationEntry>
            <dateRange>
               <fromDate standardDate="1730-04-22">22 avril 1730</fromDate>
               <toDate standardDate="1755-09-26">26 septembre 1755</toDate>
            </dateRange>
         </cpfRelation>
         <cpfRelation xmlns:xlink="http://www.w3.org/1999/xlink"
                      cpfRelationType="associative"
                      xlink:href="FRAN_NP_013366"
                      xlink:type="simple">
            <relationEntry>Farabolini, Isabelle</relationEntry>
            <dateRange>
               <fromDate standardDate="2008-04-10">10 avril 2008</fromDate>
            </dateRange>
         </cpfRelation>
         <cpfRelation xmlns:xlink="http://www.w3.org/1999/xlink"
                      cpfRelationType="associative"
                      xlink:href="FRAN_NP_010768"
                      xlink:type="simple">
            <relationEntry>Oeillemot, François</relationEntry>
            <dateRange>
               <fromDate standardDate="1584-11-20">20 novembre 1584</fromDate>
               <toDate standardDate="1598-11-17">17 novembre 1598</toDate>
            </dateRange>
         </cpfRelation>
         <cpfRelation xmlns:xlink="http://www.w3.org/1999/xlink"
                      cpfRelationType="associative"
                      xlink:href="FRAN_NP_011847"
                      xlink:type="simple">
            <relationEntry>Garnier, Toussaint-Nicolas</relationEntry>
            <dateRange>
               <fromDate standardDate="1780-02-01">1er février 1780</fromDate>
               <toDate standardDate="1802-03-21">21 mars 1802</toDate>
            </dateRange>
         </cpfRelation>
         <cpfRelation xmlns:xlink="http://www.w3.org/1999/xlink"
                      cpfRelationType="associative"
                      xlink:href="FRAN_NP_012888"
                      xlink:type="simple">
            <relationEntry>Besnier, Pierre</relationEntry>
            <dateRange>
               <fromDate standardDate="1719-12-05">5 décembre 1719</fromDate>
               <toDate standardDate="1730-04-21">21 avril 1730</toDate>
            </dateRange>
         </cpfRelation>
         <cpfRelation xmlns:xlink="http://www.w3.org/1999/xlink"
                      cpfRelationType="associative"
                      xlink:href="FRAN_NP_013073"
                      xlink:type="simple">
            <relationEntry>Brunel, Adrien Jean Henri</relationEntry>
            <dateRange>
               <fromDate standardDate="1910-02-16">16 février 1910</fromDate>
               <toDate standardDate="1943-06-16">16 juin 1943</toDate>
            </dateRange>
         </cpfRelation>
         <cpfRelation xmlns:xlink="http://www.w3.org/1999/xlink"
                      cpfRelationType="associative"
                      xlink:href="FRAN_NP_011786"
                      xlink:type="simple">
            <relationEntry>Horen, François Xavier</relationEntry>
            <dateRange>
               <fromDate standardDate="1974-04-30">30 avril 1974</fromDate>
               <toDate standardDate="2004-08-13">13 août 2004</toDate>
            </dateRange>
         </cpfRelation>
         <cpfRelation xmlns:xlink="http://www.w3.org/1999/xlink"
                      cpfRelationType="associative"
                      xlink:href="FRAN_NP_012047"
                      xlink:type="simple">
            <relationEntry>Ferret, Geoffroy I</relationEntry>
            <dateRange>
               <fromDate standardDate="1619-11-19">19 novembre 1619</fromDate>
               <toDate standardDate="1650-04-23">23 avril 1650</toDate>
            </dateRange>
         </cpfRelation>
         <cpfRelation xmlns:xlink="http://www.w3.org/1999/xlink"
                      cpfRelationType="associative"
                      xlink:href="FRAN_NP_013171"
                      xlink:type="simple">
            <relationEntry>Aveline, Pierre (16..-17..)</relationEntry>
            <dateRange>
               <fromDate standardDate="1687-04-09">9 avril 1687</fromDate>
               <toDate standardDate="1719-12-05">5 décembre 1719</toDate>
            </dateRange>
         </cpfRelation>
         <cpfRelation xmlns:xlink="http://www.w3.org/1999/xlink"
                      cpfRelationType="associative"
                      xlink:href="FRAN_NP_012049"
                      xlink:type="simple">
            <relationEntry>Ferret, Jean-Baptiste II</relationEntry>
            <dateRange>
               <fromDate standardDate="1650-04-23">23 avril 1650</fromDate>
               <toDate standardDate="1669-07-20">20 juillet 1669</toDate>
            </dateRange>
         </cpfRelation>
         <cpfRelation xmlns:xlink="http://www.w3.org/1999/xlink"
                      cpfRelationType="associative"
                      xlink:href="FRAN_NP_010683"
                      xlink:type="simple">
            <relationEntry>Rivière, Marie Théophile François Joseph</relationEntry>
            <dateRange>
               <fromDate standardDate="1893-02-09">9 février 1893</fromDate>
               <toDate standardDate="1910-02-16">16 février 1910</toDate>
            </dateRange>
         </cpfRelation>
         <cpfRelation xmlns:xlink="http://www.w3.org/1999/xlink"
                      cpfRelationType="associative"
                      xlink:href="FRAN_NP_013074"
                      xlink:type="simple">
            <relationEntry>Brunel, Jean Paul Marie Jules</relationEntry>
            <dateRange>
               <fromDate standardDate="1943-06-16">16 juin 1943</fromDate>
               <toDate standardDate="1974-04-30">30 avril 1974</toDate>
            </dateRange>
         </cpfRelation>
         <cpfRelation xmlns:xlink="http://www.w3.org/1999/xlink"
                      cpfRelationType="associative"
                      xlink:href="FRAN_NP_012870"
                      xlink:type="simple">
            <relationEntry>Bernier, Claude</relationEntry>
            <dateRange>
               <fromDate standardDate="1574-02-26">26 février 1574</fromDate>
               <toDate standardDate="1587-05-27">27 mai 1587</toDate>
            </dateRange>
         </cpfRelation>
         <cpfRelation xmlns:xlink="http://www.w3.org/1999/xlink"
                      cpfRelationType="associative"
                      xlink:href="FRAN_NP_011839"
                      xlink:type="simple">
            <relationEntry>Gamard, Georges-Marie</relationEntry>
            <dateRange>
               <fromDate standardDate="1864-09-16">16 septembre 1864</fromDate>
               <toDate standardDate="1893-02-09">9 février 1893</toDate>
            </dateRange>
         </cpfRelation>
         <cpfRelation xmlns:xlink="http://www.w3.org/1999/xlink"
                      cpfRelationType="associative"
                      xlink:href="FRAN_NP_010737"
                      xlink:type="simple">
            <relationEntry>Rousseau, Marc</relationEntry>
            <dateRange>
               <fromDate standardDate="1543-06-20">20 juin 1543</fromDate>
               <toDate standardDate="1548-04-03">3 avril 1548</toDate>
            </dateRange>
         </cpfRelation>
         <cpfRelation xmlns:xlink="http://www.w3.org/1999/xlink"
                      cpfRelationType="associative"
                      xlink:href="FRAN_NP_013371"
                      xlink:type="simple">
            <relationEntry>Chollet, André</relationEntry>
            <dateRange>
               <fromDate standardDate="1573-08-14">14 août 1573</fromDate>
               <toDate standardDate="1574-02-25">25 février 1574</toDate>
            </dateRange>
         </cpfRelation>
         <cpfRelation xmlns:xlink="http://www.w3.org/1999/xlink"
                      cpfRelationType="associative"
                      xlink:href="FRAN_NP_010396"
                      xlink:type="simple">
            <relationEntry>Voulges, Gabriel-Pasquier de</relationEntry>
            <dateRange>
               <fromDate standardDate="1755-09-27">27 septembre 1755</fromDate>
               <toDate standardDate="1765-09-07">7 septembre 1765</toDate>
            </dateRange>
         </cpfRelation>
         <cpfRelation xmlns:xlink="http://www.w3.org/1999/xlink"
                      cpfRelationType="associative"
                      xlink:href="FRAN_NP_011187"
                      xlink:type="simple">
            <relationEntry>Mirabel-Chambaud, Jean-Auguste</relationEntry>
            <dateRange>
               <fromDate standardDate="1840-08-14">14 août 1840</fromDate>
               <toDate standardDate="1847-05-19">19 mai 1847</toDate>
            </dateRange>
         </cpfRelation>
         <cpfRelation xmlns:xlink="http://www.w3.org/1999/xlink"
                      cpfRelationType="associative"
                      xlink:href="FRAN_NP_011458"
                      xlink:type="simple">
            <relationEntry>Lecuyer, Etienne</relationEntry>
            <dateRange>
               <fromDate standardDate="1999-11-03">3 novembre 1999</fromDate>
            </dateRange>
         </cpfRelation>
         <cpfRelation xmlns:xlink="http://www.w3.org/1999/xlink"
                      cpfRelationType="associative"
                      xlink:href="FRAN_NP_011459"
                      xlink:type="simple">
            <relationEntry>Lecuyer, Philippe</relationEntry>
            <dateRange>
               <fromDate standardDate="1974-04-30">30 avril 1974</fromDate>
            </dateRange>
         </cpfRelation>
         <cpfRelation xmlns:xlink="http://www.w3.org/1999/xlink"
                      cpfRelationType="associative"
                      xlink:href="FRAN_NP_011605"
                      xlink:type="simple">
            <relationEntry>Levi, Muriel</relationEntry>
            <dateRange>
               <fromDate standardDate="1999-11-03">3 novembre 1999</fromDate>
            </dateRange>
         </cpfRelation>
         <cpfRelation xmlns:xlink="http://www.w3.org/1999/xlink"
                      cpfRelationType="associative"
                      xlink:href="FRAN_NP_011636"
                      xlink:type="simple">
            <relationEntry>Louveau, Eugène-Pierre</relationEntry>
            <dateRange>
               <fromDate standardDate="1827-01-06">6 janvier 1827</fromDate>
               <toDate standardDate="1840-08-14">14 août 1840</toDate>
            </dateRange>
         </cpfRelation>
         <cpfRelation xmlns:xlink="http://www.w3.org/1999/xlink"
                      cpfRelationType="associative"
                      xlink:href="FRAN_NP_011637"
                      xlink:type="simple">
            <relationEntry>Louveau, Pierre</relationEntry>
            <dateRange>
               <fromDate standardDate="1802-03-23">23 mars 1802</fromDate>
               <toDate standardDate="1827-01-06">6 janvier 1827</toDate>
            </dateRange>
         </cpfRelation>
         <cpfRelation xmlns:xlink="http://www.w3.org/1999/xlink"
                      cpfRelationType="associative"
                      xlink:href="FRAN_NP_012558"
                      xlink:type="simple">
            <relationEntry>Carpentier, Jean</relationEntry>
            <dateRange>
               <fromDate standardDate="1569-01-01">1569</fromDate>
               <toDate standardDate="1574-12-31">1574</toDate>
            </dateRange>
         </cpfRelation>
         <cpfRelation xmlns:xlink="http://www.w3.org/1999/xlink"
                      cpfRelationType="associative"
                      xlink:href="FRAN_NP_013436"
                      xlink:type="simple">
            <relationEntry>Lecuyer, Stanislas</relationEntry>
            <dateRange>
               <fromDate standardDate="2009-07-15">15 juillet 2009</fromDate>
            </dateRange>
         </cpfRelation>
         <resourceRelation xmlns:xlink="http://www.w3.org/1999/xlink"
                           resourceRelationType="creatorOf"
                           xlink:href="FRAN_IR_041998"
                           xlink:type="simple">
            <relationEntry localType="archival">Archives de l'étude XXXVIII</relationEntry>
         </resourceRelation>
         <resourceRelation xmlns:xlink="http://www.w3.org/1999/xlink"
                           resourceRelationType="creatorOf"
                           xlink:href="FRAN_IR_042001"
                           xlink:type="simple">
            <relationEntry localType="archival">Minutes et répertoires du notaire Pierre AVELINE, 22 avril 1687 - 5 décembre 1719 (étude XXXVIII)</relationEntry>
         </resourceRelation>
         <resourceRelation xmlns:xlink="http://www.w3.org/1999/xlink"
                           resourceRelationType="creatorOf"
                           xlink:href="FRAN_IR_042002"
                           xlink:type="simple">
            <relationEntry localType="archival">Minutes et répertoires du notaire Pierre BESNIER, 5 décembre 1719 - 21 avril 1730 (étude XXXVIII)</relationEntry>
         </resourceRelation>
         <resourceRelation xmlns:xlink="http://www.w3.org/1999/xlink"
                           resourceRelationType="creatorOf"
                           xlink:href="FRAN_IR_041999"
                           xlink:type="simple">
            <relationEntry localType="archival">Minutes et répertoires du notaire Jean-Baptiste II FERRET, 23 avril 1650 - 20 juillet 1669 (étude XXXVIII)</relationEntry>
         </resourceRelation>
         <resourceRelation xmlns:xlink="http://www.w3.org/1999/xlink"
                           resourceRelationType="creatorOf"
                           xlink:href="FRAN_IR_042015"
                           xlink:type="simple">
            <relationEntry localType="archival">Minutes et répertoires du notaire Georges Marie GAMARD, 16 septembre 1864 - 8 février 1893 (étude XXXVIII)</relationEntry>
         </resourceRelation>
         <resourceRelation xmlns:xlink="http://www.w3.org/1999/xlink"
                           resourceRelationType="creatorOf"
                           xlink:href="FRAN_IR_042008"
                           xlink:type="simple">
            <relationEntry localType="archival">Minutes et répertoires du notaire Toussaint Nicolas GARNIER, février 1780 - 21 mars 1802 (étude XXXVIII)</relationEntry>
         </resourceRelation>
         <resourceRelation xmlns:xlink="http://www.w3.org/1999/xlink"
                           resourceRelationType="creatorOf"
                           xlink:href="FRAN_IR_042003"
                           xlink:type="simple">
            <relationEntry localType="archival">Minutes et répertoires du notaire Jacques GILLET, 22 avril 1730 - 26 septembre 1755 (étude XXXVIII)</relationEntry>
         </resourceRelation>
         <resourceRelation xmlns:xlink="http://www.w3.org/1999/xlink"
                           resourceRelationType="creatorOf"
                           xlink:href="FRAN_IR_042004"
                           xlink:type="simple">
            <relationEntry localType="archival">Minutes et répertoires du notaire Jacques GILLET, 22 avril 1730 - décembre 1739 (étude XXXVIII)</relationEntry>
         </resourceRelation>
         <resourceRelation xmlns:xlink="http://www.w3.org/1999/xlink"
                           resourceRelationType="creatorOf"
                           xlink:href="FRAN_IR_042005"
                           xlink:type="simple">
            <relationEntry localType="archival">Minutes et répertoires du notaire Jacques GILLET, janvier 1740 - décembre 1749 (étude XXXVIII)</relationEntry>
         </resourceRelation>
         <resourceRelation xmlns:xlink="http://www.w3.org/1999/xlink"
                           resourceRelationType="creatorOf"
                           xlink:href="FRAN_IR_042006"
                           xlink:type="simple">
            <relationEntry localType="archival">Minutes et répertoires du notaire Jacques GILLET, janvier 1750 - 26 septembre 1755 (étude XXXVIII)</relationEntry>
         </resourceRelation>
         <resourceRelation xmlns:xlink="http://www.w3.org/1999/xlink"
                           resourceRelationType="creatorOf"
                           xlink:href="FRAN_IR_042010"
                           xlink:type="simple">
            <relationEntry localType="archival">Minutes et répertoires du notaire Étienne L'ECOUFFLET, 30 janvier 1773 - 28 janvier 1780 (étude XXXVIII)</relationEntry>
         </resourceRelation>
         <resourceRelation xmlns:xlink="http://www.w3.org/1999/xlink"
                           resourceRelationType="creatorOf"
                           xlink:href="FRAN_IR_042000"
                           xlink:type="simple">
            <relationEntry localType="archival">Minutes et répertoires du notaire Jean LE FRANC, 31 juillet 1669 - décembre 1681 (étude XXXVIII)</relationEntry>
         </resourceRelation>
         <resourceRelation xmlns:xlink="http://www.w3.org/1999/xlink"
                           resourceRelationType="creatorOf"
                           xlink:href="FRAN_IR_042012"
                           xlink:type="simple">
            <relationEntry localType="archival">Minutes et répertoires du notaire Eugène Pierre LOUVEAU, 6 janvier 1827 - 14 août 1840 (étude XXXVIII)</relationEntry>
         </resourceRelation>
         <resourceRelation xmlns:xlink="http://www.w3.org/1999/xlink"
                           resourceRelationType="creatorOf"
                           xlink:href="FRAN_IR_042011"
                           xlink:type="simple">
            <relationEntry localType="archival">Minutes et répertoires du notaire Pierre LOUVEAU, 23 mars 1802 - 6 janvier 1827 (étude XXXVIII)</relationEntry>
         </resourceRelation>
         <resourceRelation xmlns:xlink="http://www.w3.org/1999/xlink"
                           resourceRelationType="creatorOf"
                           xlink:href="FRAN_IR_042014"
                           xlink:type="simple">
            <relationEntry localType="archival">Minutes et répertoires du notaire Jean Auguste MIRABEL-CHAMBAUD, 14 août 1840 - 18 mai 1847 (étude XXXVIII)</relationEntry>
         </resourceRelation>
         <resourceRelation xmlns:xlink="http://www.w3.org/1999/xlink"
                           resourceRelationType="creatorOf"
                           xlink:href="FRAN_IR_042016"
                           xlink:type="simple">
            <relationEntry localType="archival">Minutes et répertoires du notaire Marie Théophile François Joseph RIVIÈRE, 9 février 1893 - 9 août 1901 (étude XXXVIII)</relationEntry>
         </resourceRelation>
         <resourceRelation xmlns:xlink="http://www.w3.org/1999/xlink"
                           resourceRelationType="creatorOf"
                           xlink:href="FRAN_IR_042009"
                           xlink:type="simple">
            <relationEntry localType="archival">Minutes et répertoires du notaire Nicolas François VENARD, 4 octobre 1765 - 27 janvier 1773 (étude XXXVIII)</relationEntry>
         </resourceRelation>
         <resourceRelation xmlns:xlink="http://www.w3.org/1999/xlink"
                           resourceRelationType="creatorOf"
                           xlink:href="FRAN_IR_042007"
                           xlink:type="simple">
            <relationEntry localType="archival">Minutes et répertoires du notaire Gabriel Pasquier de VOULGES, 27 septembre 1755 - 4 octobre 1765 (étude XXXVIII)</relationEntry>
         </resourceRelation>
         <resourceRelation xmlns:xlink="http://www.w3.org/1999/xlink"
                           resourceRelationType="creatorOf"
                           xlink:href="FRAN_IR_042013"
                           xlink:type="simple">
            <relationEntry localType="archival">Minutes et répertoires du notaire Édouard WATIN, 19 mai 1847 - 15 septembre 1864 (étude XXXVIII)</relationEntry>
         </resourceRelation>
         <resourceRelation xmlns:xlink="http://www.w3.org/1999/xlink"
                           resourceRelationType="creatorOf"
                           xlink:href="FRAN_IR_051966"
                           xlink:type="simple">
            <relationEntry localType="archival">Images du répertoire du notaire Jean-Baptiste II Ferret pour l'étude XXXVIII</relationEntry>
         </resourceRelation>
         <resourceRelation xmlns:xlink="http://www.w3.org/1999/xlink"
                           resourceRelationType="creatorOf"
                           xlink:href="FRAN_IR_051968"
                           xlink:type="simple">
            <relationEntry localType="archival">Images des répertoires du notaire Pierre Aveline pour l'étude XXXVIII</relationEntry>
         </resourceRelation>
         <resourceRelation xmlns:xlink="http://www.w3.org/1999/xlink"
                           resourceRelationType="creatorOf"
                           xlink:href="FRAN_IR_051969"
                           xlink:type="simple">
            <relationEntry localType="archival">Images du répertoire du notaire Pierre Besnier pour l'étude XXXVIII</relationEntry>
         </resourceRelation>
         <resourceRelation xmlns:xlink="http://www.w3.org/1999/xlink"
                           resourceRelationType="creatorOf"
                           xlink:href="FRAN_IR_054304"
                           xlink:type="simple">
            <relationEntry localType="archival">Images des répertoires du notaire Jacques Gillet pour l'étude XXXVIII</relationEntry>
         </resourceRelation>
         <resourceRelation xmlns:xlink="http://www.w3.org/1999/xlink"
                           resourceRelationType="creatorOf"
                           xlink:href="FRAN_IR_051959"
                           xlink:type="simple">
            <relationEntry localType="archival">Images du répertoire du notaire Gabriel Pasquier de Voulges pour l'étude XXXVIII</relationEntry>
         </resourceRelation>
         <resourceRelation xmlns:xlink="http://www.w3.org/1999/xlink"
                           resourceRelationType="creatorOf"
                           xlink:href="FRAN_IR_051956"
                           xlink:type="simple">
            <relationEntry localType="archival">Images du répertoire du notaire Nicolas François Venard pour l'étude XXXVIII</relationEntry>
         </resourceRelation>
         <resourceRelation xmlns:xlink="http://www.w3.org/1999/xlink"
                           resourceRelationType="creatorOf"
                           xlink:href="FRAN_IR_051961"
                           xlink:type="simple">
            <relationEntry localType="archival">Images du répertoire du notaire Etienne L'Ecoufflet pour l'étude XXXVIII</relationEntry>
         </resourceRelation>
         <resourceRelation xmlns:xlink="http://www.w3.org/1999/xlink"
                           resourceRelationType="creatorOf"
                           xlink:href="FRAN_IR_051964"
                           xlink:type="simple">
            <relationEntry localType="archival">Images des répertoires du notaire Toussaint Nicolas Garnier pour l'étude XXXVIII</relationEntry>
         </resourceRelation>
         <resourceRelation xmlns:xlink="http://www.w3.org/1999/xlink"
                           resourceRelationType="creatorOf"
                           xlink:href="FRAN_IR_051965"
                           xlink:type="simple">
            <relationEntry localType="archival">Images des répertoires du notaire Pierre Louveau pour l'étude XXXVIII</relationEntry>
         </resourceRelation>
         <resourceRelation xmlns:xlink="http://www.w3.org/1999/xlink"
                           resourceRelationType="creatorOf"
                           xlink:href="FRAN_IR_051962"
                           xlink:type="simple">
            <relationEntry localType="archival">Images des répertoires du notaire Eugène Pierre Louveau pour l'étude XXXVIII</relationEntry>
         </resourceRelation>
         <resourceRelation xmlns:xlink="http://www.w3.org/1999/xlink"
                           resourceRelationType="creatorOf"
                           xlink:href="FRAN_IR_051960"
                           xlink:type="simple">
            <relationEntry localType="archival">Images du répertoire du notaire Jean Auguste Mirabel-Chambaud pour l'étude XXXVIII</relationEntry>
         </resourceRelation>
         <resourceRelation xmlns:xlink="http://www.w3.org/1999/xlink"
                           resourceRelationType="creatorOf"
                           xlink:href="FRAN_IR_054351"
                           xlink:type="simple">
            <relationEntry localType="archival">Images des répertoires du notaire Edouard Watin pour l'étude XXXVIII</relationEntry>
         </resourceRelation>
         <resourceRelation xmlns:xlink="http://www.w3.org/1999/xlink"
                           resourceRelationType="creatorOf"
                           xlink:href="FRAN_IR_051958"
                           xlink:type="simple">
            <relationEntry localType="archival">Images du répertoire du notaire Marie Théophile François Joseph Rivière pour l'étude XXXVIII</relationEntry>
         </resourceRelation>
         <resourceRelation xmlns:xlink="http://www.w3.org/1999/xlink"
                           resourceRelationType="creatorOf"
                           xlink:href="FRAN_IR_056092"
                           xlink:type="simple">
            <relationEntry localType="archival">Images des répertoires du notaire Georges Marie Gamard pour l'étude XXXVIII</relationEntry>
         </resourceRelation>
      </relations>
   </cpfDescription>
</eac-cpf>
