<eac-cpf xmlns="urn:isbn:1-931666-33-4"
         xmlns:xsi="http://www.w3.org/2001/XMLSchema-instance"
         xsi:schemaLocation="urn:isbn:1-931666-33-4 cpf.xsd">
   <control>
      <recordId>FRAN_NP_002655</recordId>
      <otherRecordId localType="Ancien_identifiant">3124/PFORM</otherRecordId>
      <maintenanceStatus>revised</maintenanceStatus>
      <maintenanceAgency>
         <agencyName>Archives nationales de France</agencyName>
      </maintenanceAgency>
      <languageDeclaration>
         <language languageCode="fre">Français</language>
         <script scriptCode="Latn"/>
      </languageDeclaration>
      <conventionDeclaration>
         <citation>Notice établie conformément à la norme ICA-ISAAR (CPF) 2004, aux normes ISO 8601 pour le système de normalisation des dates utilisé, ainsi que AFNOR NF Z 44-061, juin 1986. Catalogage : forme et structure des vedettes noms de personne, des vedettes titres, des rubriques de classement et des titres forgés.</citation>
      </conventionDeclaration>
      <localControl localType="niveau_de_detail">
         <term>Moyenne</term>
      </localControl>
      <maintenanceHistory>
         <maintenanceEvent>
            <eventType>derived</eventType>
            <eventDateTime>2013-04-23</eventDateTime>
            <agentType>machine</agentType>
            <agent>Import_SIA</agent>
         </maintenanceEvent>
         <maintenanceEvent>
            <eventType>revised</eventType>
            <eventDateTime>2015-08-20</eventDateTime>
            <agentType>human</agentType>
            <agent>Emmanuelle GIRY</agent>
            <eventDescription>F. Clavaud, 20 août 2015 : revu le nom, les liens IR, ajouté indexation fonctions</eventDescription>
         </maintenanceEvent>
         <maintenanceEvent>
            <eventType>revised</eventType>
            <eventDateTime>2015-09-30</eventDateTime>
            <agentType>human</agentType>
            <agent>Florence CLAVAUD</agent>
         </maintenanceEvent>
      </maintenanceHistory>
   </control>
   <cpfDescription>
      <identity>
         <entityType>corporateBody</entityType>
         <nameEntry localType="autorisée" scriptCode="Latn" xml:lang="fre">
            <part>France. Ministère de l'Education nationale. Direction des collèges. Sous-direction des personnels enseignants. Bureau du recrutement et de la formation</part>
         </nameEntry>
         <nameEntry>
            <part>Bureau du recrutement, de la formation et de l'inspection des personnels</part>
            <useDates>
               <dateRange>
                  <fromDate standardDate="1976-01-01">1976</fromDate>
                  <toDate standardDate="1978-12-31">1978</toDate>
               </dateRange>
            </useDates>
         </nameEntry>
      </identity>
      <description>
         <existDates>
            <dateRange>
               <fromDate standardDate="1974-01-01">1974</fromDate>
               <toDate standardDate="1984-12-31">1984</toDate>
            </dateRange>
         </existDates>
         <legalStatuses>
            <legalStatus>
               <term vocabularySource="d5blonaxbw--1mt8t42bokzts">service d'administration centrale</term>
            </legalStatus>
         </legalStatuses>
         <functions>
            <function>
               <term vocabularySource="d3nyuhrig1--3acyzmp9v988">formation</term>
               <descriptiveNote>
                  <p>formation des enseignants</p>
               </descriptiveNote>
            </function>
            <function>
               <term vocabularySource="d3nyuich4a--1xmt90d5s8n8k">recrutement</term>
               <descriptiveNote>
                  <p>recrutement d'enseignants</p>
               </descriptiveNote>
            </function>
            <function>
               <term vocabularySource="d5bhvihav4-158rf7kzztoxz">éducation nationale</term>
            </function>
         </functions>
      </description>
      <relations>
         <cpfRelation xmlns:xlink="http://www.w3.org/1999/xlink"
                      cpfRelationType="hierarchical-parent"
                      xlink:href="FRAN_NP_002660"
                      xlink:type="simple">
            <relationEntry>Sous-direction des personnels enseignants (direction des collèges)</relationEntry>
            <dateRange>
               <fromDate standardDate="1974-01-01">1974</fromDate>
               <toDate standardDate="1984-12-31">1984</toDate>
            </dateRange>
         </cpfRelation>
         <cpfRelation xmlns:xlink="http://www.w3.org/1999/xlink"
                      cpfRelationType="temporal-later"
                      xlink:href="FRAN_NP_002730"
                      xlink:type="simple">
            <relationEntry>Bureau de la formation continue des professeurs en collège</relationEntry>
            <dateRange>
               <fromDate standardDate="1986-01-01">1986</fromDate>
            </dateRange>
         </cpfRelation>
         <cpfRelation xmlns:xlink="http://www.w3.org/1999/xlink"
                      cpfRelationType="temporal-earlier"
                      xlink:href="FRAN_NP_002270"
                      xlink:type="simple">
            <relationEntry>Sous-direction de la prévision du recrutement, de la réglementation et de l'organisation des concours de recrutement, de la formation et du perfectionnement des enseignants du premier et du second degré</relationEntry>
            <dateRange>
               <fromDate standardDate="1974-01-01">1974</fromDate>
            </dateRange>
         </cpfRelation>
         <resourceRelation xmlns:xlink="http://www.w3.org/1999/xlink"
                           resourceRelationType="creatorOf"
                           xlink:href="FRAN_IR_020548"
                           xlink:type="simple">
            <relationEntry localType="archival">Education nationale ; Direction des collèges ; Sous-direction des personnels ; Bureau recrutement, formation, inspection des personnels (1976-1978) - Bureau recrutement, formation (1975-1981)</relationEntry>
         </resourceRelation>
         <resourceRelation xmlns:xlink="http://www.w3.org/1999/xlink"
                           resourceRelationType="creatorOf"
                           xlink:href="FRAN_IR_007186"
                           xlink:type="simple">
            <relationEntry localType="archival">Education nationale ; Direction des collèges ; Sous-direction des personnels ; Bureau recrutement, formation, inspection des personnels (1976-1978) - Bureau recrutement, formation (1979-1981)</relationEntry>
         </resourceRelation>
         <resourceRelation xmlns:xlink="http://www.w3.org/1999/xlink"
                           resourceRelationType="creatorOf"
                           xlink:href="FRAN_IR_006078"
                           xlink:type="simple">
            <relationEntry localType="archival">
    Stages de formation continue pour enseignants (1973-1976)
   </relationEntry>
         </resourceRelation>
      </relations>
   </cpfDescription>
</eac-cpf>
