<eac-cpf xmlns="urn:isbn:1-931666-33-4"
         xmlns:xsi="http://www.w3.org/2001/XMLSchema-instance"
         xsi:schemaLocation="urn:isbn:1-931666-33-4 cpf.xsd">
   <control>
      <recordId>FRAN_NP_010247</recordId>
      <otherRecordId localType="Ancien_identifiant">FRDAFANCH00MC_NAETUDE_120</otherRecordId>
      <maintenanceStatus>revised</maintenanceStatus>
      <maintenanceAgency>
         <agencyName>Archives nationales de France</agencyName>
      </maintenanceAgency>
      <languageDeclaration>
         <language languageCode="fre">Français</language>
         <script scriptCode="Latn"/>
      </languageDeclaration>
      <conventionDeclaration>
         <citation>Notice établie conformément à la norme ICA-ISAAR (CPF) 2004, aux normes ISO 8601 pour le système de normalisation des dates utilisé, ainsi que AFNOR NF Z 44-061, juin 1986. Catalogage : forme et structure des vedettes noms de personne, des vedettes titres, des rubriques de classement et des titres forgés.</citation>
      </conventionDeclaration>
      <localControl localType="niveau_de_detail">
         <term>Moyenne</term>
      </localControl>
      <maintenanceHistory>
         <maintenanceEvent>
            <eventType>derived</eventType>
            <eventDateTime>2013-04-23</eventDateTime>
            <agentType>machine</agentType>
            <agent>Migration ETANOT</agent>
         </maintenanceEvent>
         <maintenanceEvent>
            <eventType>revised</eventType>
            <eventDateTime>2014-03-31</eventDateTime>
            <agentType>human</agentType>
            <agent>Marie-Françoise LIMON-BONNET</agent>
            <eventDescription>F. Clavaud, 31 mars 2014 : révision liens IR</eventDescription>
         </maintenanceEvent>
      </maintenanceHistory>
      <sources>
         <source>
            <descriptiveNote>
               <p>
                  <span style="bold">Voir : </span>
               </p>
               <p>Limon-Bonnet (M.-F.) [dir.], 
      <span style="italic">122 minutes d'histoire. Actes des notaires de Paris, XVIe-XXe siècle</span>, Paris, 2012, pp. 244-245. 
     </p>
               <p>
                  <span style="italic">Annuaire officiel du notariat</span>, 2012. 
     </p>
            </descriptiveNote>
         </source>
      </sources>
   </control>
   <cpfDescription>
      <identity>
         <entityType>corporateBody</entityType>
         <nameEntry localType="autorisée" scriptCode="Latn" xml:lang="fre">
            <part>Etude CXX</part>
         </nameEntry>
         <nameEntry>
            <part>75100</part>
         </nameEntry>
         <nameEntry>
            <part>MICHAUD Pierre-André et HERBRETEAU Benoît, SCP</part>
         </nameEntry>
      </identity>
      <description>
         <existDates>
            <dateRange>
               <fromDate standardDate="1738-01-01">1738</fromDate>
            </dateRange>
         </existDates>
         <places>
            <place>
               <placeRole>Lieu de Paris</placeRole>
               <placeEntry localType="nomLieu">17, avenue d'Italie, 75013 PARIS</placeEntry>
            </place>
         </places>
         <legalStatuses>
            <legalStatus>
               <term>office notarial</term>
            </legalStatus>
         </legalStatuses>
         <functions>
            <function>
               <term vocabularySource="d3nyui3o8w--11y7jgy8q3wnt">notaire à Paris</term>
               <dateRange>
                  <fromDate standardDate="1738-01-01">1738</fromDate>
                  <toDate/>
               </dateRange>
            </function>
         </functions>
         <mandates>
            <mandate/>
         </mandates>
         <biogHist>
            <p>Les notaires de cette étude, l'ancien notariat de Gentilly rattaché à Paris en 1859, exercent sous l'Ancien Régime deux fonctions juridiques : notaire tabellion et greffier au tribunal de la prévôté de Gentilly. A son rattachement à Paris, l'étude s'installe 21, place de la Barrière d'Italie (devenue route d'Italie et, aujourd'hui, avenue d'Italie). Au XIXe siècle, la clientèle reste essentiellement rurale et artisanale : le jardinier de Gentilly, le marchand de vin de Bagneux, le cultivateur de Villejuif, le charcutier d'Ivry-sur-Seine croisent le serrurier de Montrouge, le carrier d'Arcueil et le blanchisseur de linge de Cachan. Cette étude semble donc drainer les populations établies dans le nord de l'actuel département du Val-de-Marne. A partir de 1860, l'étude conserve bon nombre d'actes intéressants l'actuel XIIIe arrondissement de Paris. En 1872, la Compagnie des chemins de fer d'Orléans procède à de nombreux achats de terrains quai de la Gare, en vue de la création de la ligne aboutissant à la gare d'Orsay et reste attachée à cette étude au-delà du XIXe siècle.</p>
            <p>L'étude est installée au 17-21, avenue d'Italie.</p>
            <p>Le Minutier central conserve les minutes de l'étude CXX à partir de l'année 1738.</p>
            <p>Les minutes de cette étude ont été versées aux Archives nationales (2013) jusqu'au 31 décembre 1938, mais elles ne sont pas encore cotées. Leur communication en salle de lecture n'est donc pas encore possible.</p>
         </biogHist>
      </description>
      <relations>
         <cpfRelation xmlns:xlink="http://www.w3.org/1999/xlink"
                      cpfRelationType="associative"
                      xlink:href="FRAN_NP_011167"
                      xlink:type="simple">
            <relationEntry>Michaud, Pierre André</relationEntry>
            <dateRange>
               <fromDate standardDate="1993-06-30">30 juin 1993</fromDate>
            </dateRange>
         </cpfRelation>
         <cpfRelation xmlns:xlink="http://www.w3.org/1999/xlink"
                      cpfRelationType="associative"
                      xlink:href="FRAN_NP_010589"
                      xlink:type="simple">
            <relationEntry>Sinet, Pierre</relationEntry>
            <dateRange>
               <fromDate standardDate="1775-03-18">18 mars 1775</fromDate>
               <toDate standardDate="1808-06-18">18 juin 1808</toDate>
            </dateRange>
         </cpfRelation>
         <cpfRelation xmlns:xlink="http://www.w3.org/1999/xlink"
                      cpfRelationType="associative"
                      xlink:href="FRAN_NP_012772"
                      xlink:type="simple">
            <relationEntry>Bardin, Louis</relationEntry>
            <dateRange>
               <fromDate standardDate="1758-04-17">17 avril 1758</fromDate>
               <toDate standardDate="1775-03-18">18 mars 1775</toDate>
            </dateRange>
         </cpfRelation>
         <cpfRelation xmlns:xlink="http://www.w3.org/1999/xlink"
                      cpfRelationType="associative"
                      xlink:href="FRAN_NP_013025"
                      xlink:type="simple">
            <relationEntry>Bouvery, François-Alphonse</relationEntry>
            <dateRange>
               <fromDate standardDate="1861-09-28">28 septembre 1861</fromDate>
               <toDate standardDate="1873-08-01">1er août 1873</toDate>
            </dateRange>
         </cpfRelation>
         <cpfRelation xmlns:xlink="http://www.w3.org/1999/xlink"
                      cpfRelationType="associative"
                      xlink:href="FRAN_NP_010633"
                      xlink:type="simple">
            <relationEntry>Régnier, Jacques Louis Emile</relationEntry>
            <dateRange>
               <fromDate standardDate="1931-01-07">7 janvier 1931</fromDate>
               <toDate standardDate="1963-08-28">28 août 1963</toDate>
            </dateRange>
         </cpfRelation>
         <cpfRelation xmlns:xlink="http://www.w3.org/1999/xlink"
                      cpfRelationType="associative"
                      xlink:href="FRAN_NP_011723"
                      xlink:type="simple">
            <relationEntry>Juteau, Jean Claude</relationEntry>
            <dateRange>
               <fromDate standardDate="1990-07-04">4 juillet 1990</fromDate>
            </dateRange>
         </cpfRelation>
         <cpfRelation xmlns:xlink="http://www.w3.org/1999/xlink"
                      cpfRelationType="associative"
                      xlink:href="FRAN_NP_013154"
                      xlink:type="simple">
            <relationEntry>Aubouin, Claude-Thomas</relationEntry>
            <dateRange>
               <fromDate standardDate="1810-12-22">22 décembre 1810</fromDate>
               <toDate standardDate="1833-05-07">7 mai 1833</toDate>
            </dateRange>
         </cpfRelation>
         <cpfRelation xmlns:xlink="http://www.w3.org/1999/xlink"
                      cpfRelationType="associative"
                      xlink:href="FRAN_NP_013132"
                      xlink:type="simple">
            <relationEntry>Anne, Octave-Louis-Stanislas d'</relationEntry>
            <dateRange>
               <fromDate standardDate="1833-05-07">7 mai 1833</fromDate>
               <toDate standardDate="1843-02-16">16 février 1843</toDate>
            </dateRange>
         </cpfRelation>
         <cpfRelation xmlns:xlink="http://www.w3.org/1999/xlink"
                      cpfRelationType="associative"
                      xlink:href="FRAN_NP_011779"
                      xlink:type="simple">
            <relationEntry>Hillemand, Jacques-Constant</relationEntry>
            <dateRange>
               <fromDate standardDate="1843-02-16">16 février 1843</fromDate>
               <toDate standardDate="1861-09-28">28 septembre 1861</toDate>
            </dateRange>
         </cpfRelation>
         <cpfRelation xmlns:xlink="http://www.w3.org/1999/xlink"
                      cpfRelationType="associative"
                      xlink:href="FRAN_NP_010632"
                      xlink:type="simple">
            <relationEntry>Régnier, Alain Pierre Emile</relationEntry>
            <dateRange>
               <fromDate standardDate="1963-08-28">28 août 1963</fromDate>
               <toDate standardDate="1990-07-04">4 juillet 1990</toDate>
            </dateRange>
         </cpfRelation>
         <cpfRelation xmlns:xlink="http://www.w3.org/1999/xlink"
                      cpfRelationType="associative"
                      xlink:href="FRAN_NP_013037"
                      xlink:type="simple">
            <relationEntry>Brécheux, Jules-Marie</relationEntry>
            <dateRange>
               <fromDate standardDate="1898-05-05">5 mai 1898</fromDate>
               <toDate standardDate="1931-01-07">7 janvier 1931</toDate>
            </dateRange>
         </cpfRelation>
         <cpfRelation xmlns:xlink="http://www.w3.org/1999/xlink"
                      cpfRelationType="associative"
                      xlink:href="FRAN_NP_012720"
                      xlink:type="simple">
            <relationEntry>Colleau, Charles-Louis</relationEntry>
            <dateRange>
               <fromDate standardDate="1873-08-01">1er août 1873</fromDate>
               <toDate standardDate="1898-05-05">5 mai 1898</toDate>
            </dateRange>
         </cpfRelation>
         <cpfRelation xmlns:xlink="http://www.w3.org/1999/xlink"
                      cpfRelationType="associative"
                      xlink:href="FRAN_NP_010540"
                      xlink:type="simple">
            <relationEntry>Sallandrouze, Augustin</relationEntry>
            <dateRange>
               <fromDate standardDate="1808-06-18">18 juin 1808</fromDate>
               <toDate standardDate="1810-12-22">22 décembre 1810</toDate>
            </dateRange>
         </cpfRelation>
         <cpfRelation xmlns:xlink="http://www.w3.org/1999/xlink"
                      cpfRelationType="associative"
                      xlink:href="FRAN_NP_011664"
                      xlink:type="simple">
            <relationEntry>Jacquier, Joseph</relationEntry>
            <dateRange>
               <fromDate standardDate="1738-03-18">18 mars 1738</fromDate>
               <toDate standardDate="1758-04-17">17 avril 1758</toDate>
            </dateRange>
         </cpfRelation>
         <resourceRelation xmlns:xlink="http://www.w3.org/1999/xlink"
                           resourceRelationType="subjectOf"
                           xlink:href="FRAN_IR_043491"
                           xlink:type="simple">
            <relationEntry localType="archival">Minutes et répertoires du notaire François Alphonse BOUVERY, 28 septembre 1861 - 1er août 1873 (étude CXX)</relationEntry>
         </resourceRelation>
         <resourceRelation xmlns:xlink="http://www.w3.org/1999/xlink"
                           resourceRelationType="subjectOf"
                           xlink:href="FRAN_IR_043489"
                           xlink:type="simple">
            <relationEntry localType="archival">Minutes et répertoires du notaire Octave Louis Stanislas d' ANNE, 7 mai 1833 - 16 février 1843 (étude CXX)</relationEntry>
         </resourceRelation>
         <resourceRelation xmlns:xlink="http://www.w3.org/1999/xlink"
                           resourceRelationType="subjectOf"
                           xlink:href="FRAN_IR_043488"
                           xlink:type="simple">
            <relationEntry localType="archival">Minutes et répertoires du notaire Claude Thomas AUBOUIN, 22 décembre 1810 - 6 mai 1833 (étude CXX)</relationEntry>
         </resourceRelation>
         <resourceRelation xmlns:xlink="http://www.w3.org/1999/xlink"
                           resourceRelationType="subjectOf"
                           xlink:href="FRAN_IR_043487"
                           xlink:type="simple">
            <relationEntry localType="archival">Minutes et répertoires du notaire Augustin SALLANDROUZE, 18 juin 1808 - 5 décembre 1810 (étude CXX)</relationEntry>
         </resourceRelation>
         <resourceRelation xmlns:xlink="http://www.w3.org/1999/xlink"
                           resourceRelationType="subjectOf"
                           xlink:href="FRAN_IR_043486"
                           xlink:type="simple">
            <relationEntry localType="archival">Minutes et répertoires du notaire Pierre SINET, 18 mars 1775-18 juin 1808 (étude CXX)</relationEntry>
         </resourceRelation>
         <resourceRelation xmlns:xlink="http://www.w3.org/1999/xlink"
                           resourceRelationType="creatorOf"
                           xlink:href="FRAN_IR_054551"
                           xlink:type="simple">
            <relationEntry localType="archival">«Mélanges» (dossiers de clients) de l’étude CXX. MC/ET/CXX/244/B-MC/ET/CXX/244/H (1453-1925)</relationEntry>
         </resourceRelation>
         <resourceRelation xmlns:xlink="http://www.w3.org/1999/xlink"
                           resourceRelationType="creatorOf"
                           xlink:href="FRAN_IR_043490"
                           xlink:type="simple">
            <relationEntry localType="archival">Minutes et répertoires du notaire Jacques Constant HILLEMAND, 16 février 1843 - 28 septembre 1861 (étude CXX)</relationEntry>
         </resourceRelation>
         <resourceRelation xmlns:xlink="http://www.w3.org/1999/xlink"
                           resourceRelationType="creatorOf"
                           xlink:href="FRAN_IR_054134"
                           xlink:type="simple">
            <relationEntry localType="archival">Minutes et répertoires du notaire Jacques Louis Émile RÉGNIER, 7 janvier 1931 - 31 décembre 1938 (étude CXX)</relationEntry>
         </resourceRelation>
         <resourceRelation xmlns:xlink="http://www.w3.org/1999/xlink"
                           resourceRelationType="creatorOf"
                           xlink:href="FRAN_IR_043492"
                           xlink:type="simple">
            <relationEntry localType="archival">Minutes et répertoires du notaire Charles Louis COLLEAU, 1er août 1873 - 5 mai 1898 (étude CXX)</relationEntry>
         </resourceRelation>
         <resourceRelation xmlns:xlink="http://www.w3.org/1999/xlink"
                           resourceRelationType="creatorOf"
                           xlink:href="FRAN_IR_053153"
                           xlink:type="simple">
            <relationEntry localType="archival">Images du répertoire du notaire Pierre Sinet pour l'étude CXX</relationEntry>
         </resourceRelation>
         <resourceRelation xmlns:xlink="http://www.w3.org/1999/xlink"
                           resourceRelationType="creatorOf"
                           xlink:href="FRAN_IR_053452"
                           xlink:type="simple">
            <relationEntry localType="archival">Images du répertoire du notaire Louis Bardin pour l'étude CXX</relationEntry>
         </resourceRelation>
         <resourceRelation xmlns:xlink="http://www.w3.org/1999/xlink"
                           resourceRelationType="creatorOf"
                           xlink:href="FRAN_IR_053274"
                           xlink:type="simple">
            <relationEntry localType="archival">Images du répertoire du notaire Joseph Jacquier pour l'étude CXX</relationEntry>
         </resourceRelation>
         <resourceRelation xmlns:xlink="http://www.w3.org/1999/xlink"
                           resourceRelationType="creatorOf"
                           xlink:href="FRAN_IR_053150"
                           xlink:type="simple">
            <relationEntry localType="archival">Images du répertoire du notaire Augustin Sallandrouze pour l'étude CXX</relationEntry>
         </resourceRelation>
         <resourceRelation xmlns:xlink="http://www.w3.org/1999/xlink"
                           resourceRelationType="creatorOf"
                           xlink:href="FRAN_IR_053484"
                           xlink:type="simple">
            <relationEntry localType="archival">Images des répertoires du notaire Claude Thomas Aubouin pour l'étude CXX</relationEntry>
         </resourceRelation>
         <resourceRelation xmlns:xlink="http://www.w3.org/1999/xlink"
                           resourceRelationType="creatorOf"
                           xlink:href="FRAN_IR_053482"
                           xlink:type="simple">
            <relationEntry localType="archival">Images des répertoires du notaire Octave Louis Stanislas d'Anne pour l'étude CXX</relationEntry>
         </resourceRelation>
         <resourceRelation xmlns:xlink="http://www.w3.org/1999/xlink"
                           resourceRelationType="creatorOf"
                           xlink:href="FRAN_IR_053287"
                           xlink:type="simple">
            <relationEntry localType="archival">Images des répertoires du notaire Jacques Constant Hillemand pour l'étude CXX</relationEntry>
         </resourceRelation>
         <resourceRelation xmlns:xlink="http://www.w3.org/1999/xlink"
                           resourceRelationType="creatorOf"
                           xlink:href="FRAN_IR_053476"
                           xlink:type="simple">
            <relationEntry localType="archival">Images des répertoires du notaire François Alphonse Bouvery pour l'étude CXX</relationEntry>
         </resourceRelation>
         <resourceRelation xmlns:xlink="http://www.w3.org/1999/xlink"
                           resourceRelationType="creatorOf"
                           xlink:href="FRAN_IR_053447"
                           xlink:type="simple">
            <relationEntry localType="archival">Images des répertoires du notaire Charles Louis Colleau pour l'étude CXX</relationEntry>
         </resourceRelation>
         <resourceRelation xmlns:xlink="http://www.w3.org/1999/xlink"
                           resourceRelationType="creatorOf"
                           xlink:href="FRAN_IR_055151"
                           xlink:type="simple">
            <relationEntry localType="archival">Images des répertoires du notaire Jules Marie Brécheux pour l'étude CXX</relationEntry>
         </resourceRelation>
         <resourceRelation xmlns:xlink="http://www.w3.org/1999/xlink"
                           resourceRelationType="creatorOf"
                           xlink:href="FRAN_IR_043484"
                           xlink:type="simple">
            <relationEntry localType="archival">Minutes et répertoires du notaire Joseph JACQUIER, 18 mars 1738 -  17 avril 1758 (étude CXX)</relationEntry>
         </resourceRelation>
         <resourceRelation xmlns:xlink="http://www.w3.org/1999/xlink"
                           resourceRelationType="creatorOf"
                           xlink:href="FRAN_IR_043485"
                           xlink:type="simple">
            <relationEntry localType="archival">Minutes et répertoires du notaire Louis BARDIN, 9 juin 1758 - décembre 1774 (étude CXX)</relationEntry>
         </resourceRelation>
      </relations>
   </cpfDescription>
</eac-cpf>
