<eac-cpf xmlns="urn:isbn:1-931666-33-4"
         xmlns:xsi="http://www.w3.org/2001/XMLSchema-instance"
         xsi:schemaLocation="urn:isbn:1-931666-33-4 cpf.xsd">
   <control>
      <recordId>FRAN_NP_009254</recordId>
      <otherRecordId localType="Ancien_identifiant">9863/MAR</otherRecordId>
      <maintenanceStatus>revised</maintenanceStatus>
      <maintenanceAgency>
         <agencyName>Archives nationales de France</agencyName>
      </maintenanceAgency>
      <languageDeclaration>
         <language languageCode="fre">Français</language>
         <script scriptCode="Latn"/>
      </languageDeclaration>
      <conventionDeclaration>
         <citation>Notice établie conformément à la norme ICA-ISAAR (CPF) 2004, aux normes ISO 8601 pour le système de normalisation des dates utilisé, ainsi que AFNOR NF Z 44-061, juin 1986. Catalogage : forme et structure des vedettes noms de personne, des vedettes titres, des rubriques de classement et des titres forgés.</citation>
      </conventionDeclaration>
      <localControl localType="niveau_de_detail">
         <term>Élémentaire</term>
      </localControl>
      <maintenanceHistory>
         <maintenanceEvent>
            <eventType>derived</eventType>
            <eventDateTime>2013-04-23</eventDateTime>
            <agentType>machine</agentType>
            <agent>Import_SIA</agent>
         </maintenanceEvent>
         <maintenanceEvent>
            <eventType>revised</eventType>
            <eventDateTime>2017-08-03</eventDateTime>
            <agentType>human</agentType>
            <agent>Virginie GREGOIRE</agent>
            <eventDescription>- Ajout lien IR, notice biographique, ajout activités et fonctions ( notice autorité BNf inexistante). Pas de n° ISNI. Pas de notice wikipedia.</eventDescription>
         </maintenanceEvent>
         <maintenanceEvent>
            <eventType>updated</eventType>
            <eventDateTime>2017-10-30</eventDateTime>
            <agentType>human</agentType>
            <agent>Isabelle ARISTIDE-HASTIR</agent>
            <eventDescription>Recherche de l'identifiant ISNI infructueuse (30/10/2017).</eventDescription>
         </maintenanceEvent>
      </maintenanceHistory>
      <sources>
         <source>
            <sourceEntry>- Archives de l'Institut national de la recherche agronomique (INRA). </sourceEntry>
         </source>
         <source>
            <sourceEntry>- Archives nationales, fonds Jean Marrou (20080261).</sourceEntry>
         </source>
      </sources>
   </control>
   <cpfDescription>
      <identity>
         <entityType>person</entityType>
         <nameEntry localType="autorisée" scriptCode="Latn" xml:lang="fre">
            <part>Marrou, Jean (1933-....)</part>
         </nameEntry>
      </identity>
      <description>
         <existDates>
            <dateRange>
               <fromDate standardDate="1933-02-18">18 février 1933</fromDate>
            </dateRange>
         </existDates>
         <functions>
            <function>
               <term vocabularySource="d5bhvikz03--iqa08pprge9n">agriculture</term>
            </function>
            <function>
               <term vocabularySource="d3nyuic5p0-ktmsglhlnhvr">recherche</term>
            </function>
         </functions>
         <occupations>
            <occupation>
               <term vocabularySource="d699msk5oth-xqvujelh8c39">chercheur</term>
               <dateRange>
                  <fromDate standardDate="1956-01-01">1956</fromDate>
                  <toDate standardDate="1996-12-31">1996</toDate>
               </dateRange>
            </occupation>
         </occupations>
         <biogHist>
            <p>Après des études secondaires à Lyon au lycée Ampère puis à Sceaux au lycée Lakanal, Jean Marrou intègre l'École nationale d'Horticulture de Versailles (Yvelines). En 1956 il est recruté par le Centre technique interprofessionnel des fruits et légumes (CTIFL) dans l'équipe des ingénieurs de recherche et de développement en poste au centre de l'Institut national pour la recherche agronomique (INRA) à Versailles (Yvelines).</p>
            <p>Il intègre par la suite l'INRA en tant qu'agent scientifique (1957-1961), chargé de recherches (1961-1967) puis directeur de recherches (1967-1996). Ses activités de chercheur et ses travaux de laboratoire l'amène également à être nommé directeur de la sation pathologie végétale du centre d'Avignon (1968), puis administrateur du Centre de recherche agronomiques du Sud-Est (1975).</p>
            <p>Jean Marrou termine sa carrière en tant que conseiller technique au ministère de l'Agriculture d'abord à la direction de la production et des échanges (1988-1996) puis à la direction générale de l'alimentation (1996-1997).</p>
         </biogHist>
      </description>
      <relations>
         <cpfRelation xmlns:xlink="http://www.w3.org/1999/xlink"
                      cpfRelationType="associative"
                      xlink:href="FRAN_NP_009004"
                      xlink:type="simple">
            <relationEntry>Institut national de la recherche agronomique</relationEntry>
            <dateRange>
               <fromDate standardDate="1956-01-01">1956</fromDate>
               <toDate standardDate="1996-12-31">1996</toDate>
            </dateRange>
         </cpfRelation>
         <resourceRelation xmlns:xlink="http://www.w3.org/1999/xlink"
                           resourceRelationType="creatorOf"
                           xlink:href="FRAN_IR_056288"
                           xlink:type="simple">
            <relationEntry localType="archival">Fonds Jean Marrou (1954-1998).</relationEntry>
         </resourceRelation>
      </relations>
   </cpfDescription>
</eac-cpf>
