<eac-cpf xmlns="urn:isbn:1-931666-33-4"
         xmlns:xsi="http://www.w3.org/2001/XMLSchema-instance"
         xsi:schemaLocation="urn:isbn:1-931666-33-4 cpf.xsd">
   <control>
      <recordId>FRAN_NP_010212</recordId>
      <otherRecordId localType="Ancien_identifiant">FRDAFANCH00MC_NAETUDE_085</otherRecordId>
      <maintenanceStatus>revised</maintenanceStatus>
      <maintenanceAgency>
         <agencyName>Archives nationales de France</agencyName>
      </maintenanceAgency>
      <languageDeclaration>
         <language languageCode="fre">Français</language>
         <script scriptCode="Latn"/>
      </languageDeclaration>
      <conventionDeclaration>
         <citation>Notice établie conformément à la norme ICA-ISAAR (CPF) 2004, aux normes ISO 8601 pour le système de normalisation des dates utilisé, ainsi que AFNOR NF Z 44-061, juin 1986. Catalogage : forme et structure des vedettes noms de personne, des vedettes titres, des rubriques de classement et des titres forgés.</citation>
      </conventionDeclaration>
      <localControl localType="niveau_de_detail">
         <term>Moyenne</term>
      </localControl>
      <maintenanceHistory>
         <maintenanceEvent>
            <eventType>derived</eventType>
            <eventDateTime>2013-04-23</eventDateTime>
            <agentType>machine</agentType>
            <agent>Migration ETANOT</agent>
         </maintenanceEvent>
         <maintenanceEvent>
            <eventType>revised</eventType>
            <eventDateTime>2015-09-30</eventDateTime>
            <agentType>human</agentType>
            <agent>Marie-Françoise LIMON-BONNET</agent>
            <eventDescription>F. Clavaud, 31 mars 2014 : révision de l'indexation lieux et des liens IR</eventDescription>
         </maintenanceEvent>
      </maintenanceHistory>
      <sources>
         <source>
            <descriptiveNote>
               <p>
                  <span style="bold">Voir : </span>
               </p>
               <p>Limon-Bonnet (M.-F.) [dir.], 
      <span style="italic"> 122 minutes d'histoire. Actes des notaires de Paris, XVIe-XXe siècle</span>, Paris, 2012, pp. 174-175. 
     </p>
               <p>
                  <span style="italic">Annuaire officiel du notariat</span>, 2012. 
     </p>
            </descriptiveNote>
         </source>
      </sources>
   </control>
   <cpfDescription>
      <identity>
         <entityType>corporateBody</entityType>
         <nameEntry localType="autorisée" scriptCode="Latn" xml:lang="fre">
            <part>Etude LXXXV</part>
         </nameEntry>
         <nameEntry>
            <part>75112</part>
         </nameEntry>
         <nameEntry>
            <part>THIBIERGE Nicolas, PÔNE André, FREMEAUX Eliane, PALUD Henri, SRAZIN Hervé, SAGAUT Jean-François et CHAPUT Jean-Christophe, SCP BAILLEUL Eric, COURTET Frédéric, KLAA Marjorie, POTIER PAscal, RENUCCI Jacques-Laurent, VIDAL Philippe, notaires au sein de l'étude</part>
         </nameEntry>
      </identity>
      <description>
         <existDates>
            <dateRange>
               <fromDate standardDate="1537-01-01">1537</fromDate>
            </dateRange>
         </existDates>
         <places>
            <place>
               <placeRole>Lieu de Paris</placeRole>
               <placeEntry localType="nomLieu">9, rue d'Astorg, 75384, PARIS Cedex 08</placeEntry>
               <placeEntry localType="voie" vocabularySource="d3nz8ll5ti--1va27rt7dfrcr">Astorg (rue d')</placeEntry>
               <placeEntry localType="arrondissement_actuel"
                           vocabularySource="d3nyv8i9m0-ys1mraoxv8ln">08e arrondissement</placeEntry>
            </place>
         </places>
         <legalStatuses>
            <legalStatus>
               <term>office notarial</term>
            </legalStatus>
         </legalStatuses>
         <functions>
            <function>
               <term vocabularySource="d3nyui3o8w--11y7jgy8q3wnt">notaire à Paris</term>
               <dateRange>
                  <fromDate standardDate="1537-01-01">1537</fromDate>
                  <toDate/>
               </dateRange>
            </function>
         </functions>
         <mandates>
            <mandate/>
         </mandates>
         <biogHist>
            <p>Après deux siècles et demi passés rue Saint-Jacques-de-la-Boucherie (1549-1794), l'étude gagne sous la Révolution la rue Meslay où elle reste jusqu'en 1856, année d'un très court déménagement boulevard Saint-Matin, du côté relevant du IIIe arrondissement. A l'instar d'un certain nombre de ses confrères, André-Georges Thibierge, notaire pendant l'entre-deux-guerres, se transporte vers l'Ouest parisien, rue d'Astorg dans le VIIIe arrondissement où ses successeurs demeurent aujourd'hui. Le fonds de l'étude recèle plusieurs actes remarquables depuis l'Ancien Régime jusqu'au XIXe siècle, comme le contrat de mariage entre Samuel de Champlain, fondateur de Québec, et Hélène Boullé, le 27 décembre 1610 ; ou encore l'inventaire après décès de Louis Le Vau (1670), architecte qui participa à la réalisation des châteaux de Vaux-le-Vicomte et de Versailles, ou, pour l'histoire de la presse, la cession de privilège sur les droits du 
     <span style="italic">Journal des Dames</span>, une des premières revues traitant de spectacles, livres et beaux-arts, dirigée entre 1775-1776 par l'écrivain, journaliste et publiciste Louis Sébastien Mercier. Dans un domaine voisin, le testament de l'éditeur et humaniste Maurice La Châtre, passé par le saint-simonisme et le socialisme, est déposé dans l'étude, laquelle est chargée de l'inventaire de ses biens après sa mort survenue en 1900. L'essor économique amène également, dans le courant du XIXe siècle, une nouvelle clientèle dans l'étude ; en témoigne l'importante présence du Comptoir national d'escompte de Paris, à l'origine de la banque BNP-Paribas, qui vient y passer ses actes dès 1851, soit trois années après sa création. L'étude conserve également l'acte de souscription qui contribue à fonder la Société générale au mois de mai 1864, afin de "favoriser les développements du commerce et de l'industrie en France". 
    </p>
            <p>Le Minutier central conserve les minutes de l'étude LXXXV à partir de l'année 1539.</p>
            <p>Les minutes de cette étude ont été versées aux Archives nationales (2013) jusqu'au 31 décembre 1938, mais elles ne sont pas encore cotées. Leur communication en salle de lecture n'est donc pas encore possible.</p>
         </biogHist>
      </description>
      <relations>
         <cpfRelation xmlns:xlink="http://www.w3.org/1999/xlink"
                      cpfRelationType="associative"
                      xlink:href="FRAN_NP_010359"
                      xlink:type="simple">
            <relationEntry>Vergnes, Jean-Joseph</relationEntry>
            <dateRange>
               <fromDate standardDate="1767-11-04">4 novembre 1767</fromDate>
               <toDate standardDate="1780-03-14">14 mars 1780</toDate>
            </dateRange>
         </cpfRelation>
         <cpfRelation xmlns:xlink="http://www.w3.org/1999/xlink"
                      cpfRelationType="associative"
                      xlink:href="FRAN_NP_010829"
                      xlink:type="simple">
            <relationEntry>Palud, Henri</relationEntry>
            <dateRange>
               <fromDate standardDate="1990-01-17">17 janvier 1990</fromDate>
            </dateRange>
         </cpfRelation>
         <cpfRelation xmlns:xlink="http://www.w3.org/1999/xlink"
                      cpfRelationType="associative"
                      xlink:href="FRAN_NP_010869"
                      xlink:type="simple">
            <relationEntry>Pecheteau, Pierre</relationEntry>
            <dateRange>
               <fromDate standardDate="1982-04-29">29 avril 1982</fromDate>
               <toDate standardDate="2004-07-23">23 juillet 2004</toDate>
            </dateRange>
         </cpfRelation>
         <cpfRelation xmlns:xlink="http://www.w3.org/1999/xlink"
                      cpfRelationType="associative"
                      xlink:href="FRAN_NP_010933"
                      xlink:type="simple">
            <relationEntry>Pillon, Guillaume</relationEntry>
            <dateRange>
               <fromDate standardDate="1712-01-20">20 janvier 1712</fromDate>
               <toDate standardDate="1724-10-13">13 octobre 1724</toDate>
            </dateRange>
         </cpfRelation>
         <cpfRelation xmlns:xlink="http://www.w3.org/1999/xlink"
                      cpfRelationType="associative"
                      xlink:href="FRAN_NP_010973"
                      xlink:type="simple">
            <relationEntry>Pone, André</relationEntry>
            <dateRange>
               <fromDate standardDate="1982-04-29">29 avril 1982</fromDate>
            </dateRange>
         </cpfRelation>
         <cpfRelation xmlns:xlink="http://www.w3.org/1999/xlink"
                      cpfRelationType="associative"
                      xlink:href="FRAN_NP_010981"
                      xlink:type="simple">
            <relationEntry>Portefin, Georges-Auguste</relationEntry>
            <dateRange>
               <fromDate standardDate="1876-05-03">3 mai 1876</fromDate>
               <toDate standardDate="1900-05-03">3 mai 1900</toDate>
            </dateRange>
         </cpfRelation>
         <cpfRelation xmlns:xlink="http://www.w3.org/1999/xlink"
                      cpfRelationType="associative"
                      xlink:href="FRAN_NP_011385"
                      xlink:type="simple">
            <relationEntry>Le bois, Louis</relationEntry>
            <dateRange>
               <fromDate standardDate="1671-11-28">28 novembre 1671</fromDate>
               <toDate standardDate="1677-03-31">mars 1677</toDate>
            </dateRange>
         </cpfRelation>
         <cpfRelation xmlns:xlink="http://www.w3.org/1999/xlink"
                      cpfRelationType="associative"
                      xlink:href="FRAN_NP_011402"
                      xlink:type="simple">
            <relationEntry>Le cointre, Gilles</relationEntry>
            <dateRange>
               <fromDate standardDate="1780-03-14">14 mars 1780</fromDate>
               <toDate standardDate="1808-03-15">15 mars 1808</toDate>
            </dateRange>
         </cpfRelation>
         <cpfRelation xmlns:xlink="http://www.w3.org/1999/xlink"
                      cpfRelationType="associative"
                      xlink:href="FRAN_NP_011436"
                      xlink:type="simple">
            <relationEntry>Lebeuf, Jacques</relationEntry>
            <dateRange>
               <fromDate standardDate="1655-12-01">décembre 1655</fromDate>
               <toDate standardDate="1681-07-10">10 juillet 1681</toDate>
            </dateRange>
         </cpfRelation>
         <cpfRelation xmlns:xlink="http://www.w3.org/1999/xlink"
                      cpfRelationType="associative"
                      xlink:href="FRAN_NP_011584"
                      xlink:type="simple">
            <relationEntry>Lestoré, Charles</relationEntry>
            <dateRange>
               <fromDate standardDate="1622-04-08">8 avril 1622</fromDate>
               <toDate standardDate="1655-12-07">7 décembre 1655</toDate>
            </dateRange>
         </cpfRelation>
         <cpfRelation xmlns:xlink="http://www.w3.org/1999/xlink"
                      cpfRelationType="associative"
                      xlink:href="FRAN_NP_010545"
                      xlink:type="simple">
            <relationEntry>Sarazin, Hervé</relationEntry>
            <dateRange>
               <fromDate standardDate="1999-12-01">1er décembre 1999</fromDate>
            </dateRange>
         </cpfRelation>
         <cpfRelation xmlns:xlink="http://www.w3.org/1999/xlink"
                      cpfRelationType="associative"
                      xlink:href="FRAN_NP_011214"
                      xlink:type="simple">
            <relationEntry>Morand, Raphaël-Henri</relationEntry>
            <dateRange>
               <fromDate standardDate="1808-03-15">15 mars 1808</fromDate>
               <toDate standardDate="1828-04-22">22 avril 1828</toDate>
            </dateRange>
         </cpfRelation>
         <cpfRelation xmlns:xlink="http://www.w3.org/1999/xlink"
                      cpfRelationType="associative"
                      xlink:href="FRAN_NP_012659"
                      xlink:type="simple">
            <relationEntry>Cottin, Germain-Henri</relationEntry>
            <dateRange>
               <fromDate standardDate="1856-04-29">29 avril 1856</fromDate>
               <toDate standardDate="1876-05-03">3 mai 1876</toDate>
            </dateRange>
         </cpfRelation>
         <cpfRelation xmlns:xlink="http://www.w3.org/1999/xlink"
                      cpfRelationType="associative"
                      xlink:href="FRAN_NP_013256"
                      xlink:type="simple">
            <relationEntry>Chaput, Jean-Christophe</relationEntry>
            <dateRange>
               <fromDate standardDate="2004-07-09">9 juillet 2004</fromDate>
            </dateRange>
         </cpfRelation>
         <cpfRelation xmlns:xlink="http://www.w3.org/1999/xlink"
                      cpfRelationType="associative"
                      xlink:href="FRAN_NP_010435"
                      xlink:type="simple">
            <relationEntry>Thibierge, André Georges</relationEntry>
            <dateRange>
               <fromDate standardDate="1926-06-30">30 juin 1926</fromDate>
               <toDate standardDate="1949-07-13">13 juillet 1949</toDate>
            </dateRange>
         </cpfRelation>
         <cpfRelation xmlns:xlink="http://www.w3.org/1999/xlink"
                      cpfRelationType="associative"
                      xlink:href="FRAN_NP_010437"
                      xlink:type="simple">
            <relationEntry>Thibierge, Nicolas</relationEntry>
            <dateRange>
               <fromDate standardDate="1982-04-29">29 avril 1982</fromDate>
            </dateRange>
         </cpfRelation>
         <cpfRelation xmlns:xlink="http://www.w3.org/1999/xlink"
                      cpfRelationType="associative"
                      xlink:href="FRAN_NP_013145"
                      xlink:type="simple">
            <relationEntry>Arragon, Louis</relationEntry>
            <dateRange>
               <fromDate standardDate="1587-10-17">17 octobre 1587</fromDate>
               <toDate standardDate="1622-02-07">7 février 1622</toDate>
            </dateRange>
         </cpfRelation>
         <cpfRelation xmlns:xlink="http://www.w3.org/1999/xlink"
                      cpfRelationType="associative"
                      xlink:href="FRAN_NP_012012"
                      xlink:type="simple">
            <relationEntry>Guyot, Jean-Baptiste</relationEntry>
            <dateRange>
               <fromDate standardDate="1677-04-01">1er avril 1677</fromDate>
               <toDate standardDate="1712-01-03">3 janvier 1712</toDate>
            </dateRange>
         </cpfRelation>
         <cpfRelation xmlns:xlink="http://www.w3.org/1999/xlink"
                      cpfRelationType="associative"
                      xlink:href="FRAN_NP_013144"
                      xlink:type="simple">
            <relationEntry>Arragon, Adrien</relationEntry>
            <dateRange>
               <fromDate standardDate="1544-01-02">2 janvier 1544</fromDate>
               <toDate standardDate="1587-10-31">octobre 1587</toDate>
            </dateRange>
         </cpfRelation>
         <cpfRelation xmlns:xlink="http://www.w3.org/1999/xlink"
                      cpfRelationType="associative"
                      xlink:href="FRAN_NP_010766"
                      xlink:type="simple">
            <relationEntry>Quetin, Jean</relationEntry>
            <dateRange>
               <fromDate standardDate="1537-01-01">1537</fromDate>
               <toDate standardDate="1555-12-31">1555</toDate>
            </dateRange>
         </cpfRelation>
         <cpfRelation xmlns:xlink="http://www.w3.org/1999/xlink"
                      cpfRelationType="associative"
                      xlink:href="FRAN_NP_011956"
                      xlink:type="simple">
            <relationEntry>Grange, Henri</relationEntry>
            <dateRange>
               <fromDate standardDate="1900-05-03">3 mai 1900</fromDate>
               <toDate standardDate="1926-06-30">30 juin 1926</toDate>
            </dateRange>
         </cpfRelation>
         <cpfRelation xmlns:xlink="http://www.w3.org/1999/xlink"
                      cpfRelationType="associative"
                      xlink:href="FRAN_NP_010436"
                      xlink:type="simple">
            <relationEntry>Thibierge, Claude Marie André</relationEntry>
            <dateRange>
               <fromDate standardDate="1949-07-13">13 juillet 1949</fromDate>
               <toDate standardDate="1973-11-28">28 novembre 1973</toDate>
            </dateRange>
         </cpfRelation>
         <cpfRelation xmlns:xlink="http://www.w3.org/1999/xlink"
                      cpfRelationType="associative"
                      xlink:href="FRAN_NP_012660"
                      xlink:type="simple">
            <relationEntry>Cruquet, Jean</relationEntry>
            <dateRange>
               <fromDate standardDate="1549-05-01">1er mai 1549</fromDate>
               <toDate standardDate="1562-07-21">21 juillet 1562</toDate>
            </dateRange>
         </cpfRelation>
         <cpfRelation xmlns:xlink="http://www.w3.org/1999/xlink"
                      cpfRelationType="associative"
                      xlink:href="FRAN_NP_012658"
                      xlink:type="simple">
            <relationEntry>Cordelle, Jean</relationEntry>
            <dateRange>
               <fromDate standardDate="1539-10-25">25 octobre 1539</fromDate>
               <toDate standardDate="1553-12-31">1553</toDate>
            </dateRange>
         </cpfRelation>
         <cpfRelation xmlns:xlink="http://www.w3.org/1999/xlink"
                      cpfRelationType="associative"
                      xlink:href="FRAN_NP_013211"
                      xlink:type="simple">
            <relationEntry>Sagaut, Jean-François</relationEntry>
            <dateRange>
               <fromDate standardDate="2001-01-31">31 janvier 2001</fromDate>
            </dateRange>
         </cpfRelation>
         <cpfRelation xmlns:xlink="http://www.w3.org/1999/xlink"
                      cpfRelationType="associative"
                      xlink:href="FRAN_NP_011286"
                      xlink:type="simple">
            <relationEntry>La pille, Simon</relationEntry>
            <dateRange>
               <fromDate standardDate="1761-10-29">29 octobre 1761</fromDate>
               <toDate standardDate="1767-11-05">5 novembre 1767</toDate>
            </dateRange>
         </cpfRelation>
         <cpfRelation xmlns:xlink="http://www.w3.org/1999/xlink"
                      cpfRelationType="associative"
                      xlink:href="FRAN_NP_011642"
                      xlink:type="simple">
            <relationEntry>Loyson, Augustin</relationEntry>
            <dateRange>
               <fromDate standardDate="1724-10-14">14 octobre 1724</fromDate>
               <toDate standardDate="1761-10-28">28 octobre 1761</toDate>
            </dateRange>
         </cpfRelation>
         <cpfRelation xmlns:xlink="http://www.w3.org/1999/xlink"
                      cpfRelationType="associative"
                      xlink:href="FRAN_NP_012113"
                      xlink:type="simple">
            <relationEntry>Frémeaux, Eliane</relationEntry>
            <dateRange>
               <fromDate standardDate="1990-01-17">17 janvier 1990</fromDate>
            </dateRange>
         </cpfRelation>
         <cpfRelation xmlns:xlink="http://www.w3.org/1999/xlink"
                      cpfRelationType="associative"
                      xlink:href="FRAN_NP_012131"
                      xlink:type="simple">
            <relationEntry>Esnée, Nicolas-Joseph</relationEntry>
            <dateRange>
               <fromDate standardDate="1828-04-22">22 avril 1828</fromDate>
               <toDate standardDate="1856-04-29">29 avril 1856</toDate>
            </dateRange>
         </cpfRelation>
         <cpfRelation xmlns:xlink="http://www.w3.org/1999/xlink"
                      cpfRelationType="associative"
                      xlink:href="FRAN_NP_012343"
                      xlink:type="simple">
            <relationEntry>Daublon, Georges</relationEntry>
            <dateRange>
               <fromDate standardDate="1973-11-28">28 novembre 1973</fromDate>
               <toDate standardDate="1999-11-10">10 novembre 1999</toDate>
            </dateRange>
         </cpfRelation>
         <cpfRelation xmlns:xlink="http://www.w3.org/1999/xlink"
                      cpfRelationType="associative"
                      xlink:href="FRAN_NP_013457"
                      xlink:type="simple">
            <relationEntry>Bailleul, Éric</relationEntry>
            <dateRange>
               <fromDate standardDate="2010-05-26">26 mai 2010</fromDate>
            </dateRange>
         </cpfRelation>
         <cpfRelation xmlns:xlink="http://www.w3.org/1999/xlink"
                      cpfRelationType="associative"
                      xlink:href="FRAN_NP_013458"
                      xlink:type="simple">
            <relationEntry>Courtet, Frédéric</relationEntry>
            <dateRange>
               <fromDate standardDate="2010-05-26">26 mai 2010</fromDate>
            </dateRange>
         </cpfRelation>
         <cpfRelation xmlns:xlink="http://www.w3.org/1999/xlink"
                      cpfRelationType="associative"
                      xlink:href="FRAN_NP_013459"
                      xlink:type="simple">
            <relationEntry>Klaa, Marjorie</relationEntry>
            <dateRange>
               <fromDate standardDate="2010-05-26">26 mai 2010</fromDate>
            </dateRange>
         </cpfRelation>
         <cpfRelation xmlns:xlink="http://www.w3.org/1999/xlink"
                      cpfRelationType="associative"
                      xlink:href="FRAN_NP_013460"
                      xlink:type="simple">
            <relationEntry>Potier, Pascal</relationEntry>
            <dateRange>
               <fromDate standardDate="2010-05-26">26 mai 2010</fromDate>
            </dateRange>
         </cpfRelation>
         <cpfRelation xmlns:xlink="http://www.w3.org/1999/xlink"
                      cpfRelationType="associative"
                      xlink:href="FRAN_NP_013461"
                      xlink:type="simple">
            <relationEntry>Renucci, Jacques-Laurent</relationEntry>
            <dateRange>
               <fromDate standardDate="2010-05-26">26 mai 2010</fromDate>
            </dateRange>
         </cpfRelation>
         <cpfRelation xmlns:xlink="http://www.w3.org/1999/xlink"
                      cpfRelationType="associative"
                      xlink:href="FRAN_NP_013462"
                      xlink:type="simple">
            <relationEntry>Vidal, Philippe</relationEntry>
            <dateRange>
               <fromDate standardDate="2010-05-26">26 mai 2010</fromDate>
            </dateRange>
         </cpfRelation>
         <resourceRelation xmlns:xlink="http://www.w3.org/1999/xlink"
                           resourceRelationType="creatorOf"
                           xlink:href="FRAN_IR_042838"
                           xlink:type="simple">
            <relationEntry localType="archival">Minutes et répertoires du notaire Georges Auguste PORTEFIN, 3 mai 1876 - 3 mai 1900 (étude LXXXV)</relationEntry>
         </resourceRelation>
         <resourceRelation xmlns:xlink="http://www.w3.org/1999/xlink"
                           resourceRelationType="subjectOf"
                           xlink:href="FRAN_IR_042827"
                           xlink:type="simple">
            <relationEntry localType="archival">Minutes et répertoires du notaire Jacques LEBEUF, 27 juillet 1655 - 10 juillet 1681 (étude LXXXV)</relationEntry>
         </resourceRelation>
         <resourceRelation xmlns:xlink="http://www.w3.org/1999/xlink"
                           resourceRelationType="subjectOf"
                           xlink:href="FRAN_IR_042837"
                           xlink:type="simple">
            <relationEntry localType="archival">Minutes et répertoires du notaire Germain Henri COTTIN, 29 avril 1856 - 3 mai 1876 (étude LXXXV)</relationEntry>
         </resourceRelation>
         <resourceRelation xmlns:xlink="http://www.w3.org/1999/xlink"
                           resourceRelationType="subjectOf"
                           xlink:href="FRAN_IR_042835"
                           xlink:type="simple">
            <relationEntry localType="archival">Minutes et répertoires du notaire Raphaël Henri MORAND, 15 mars 1808 - 22 avril 1828 (étude LXXXV)</relationEntry>
         </resourceRelation>
         <resourceRelation xmlns:xlink="http://www.w3.org/1999/xlink"
                           resourceRelationType="subjectOf"
                           xlink:href="FRAN_IR_042831"
                           xlink:type="simple">
            <relationEntry localType="archival">Minutes et répertoires du notaire Guillaume PILLON, 20 janvier 1712 - 13 octobre 1724 (étude LXXXV)</relationEntry>
         </resourceRelation>
         <resourceRelation xmlns:xlink="http://www.w3.org/1999/xlink"
                           resourceRelationType="creatorOf"
                           xlink:href="FRAN_IR_053978"
                           xlink:type="simple">
            <relationEntry localType="archival">«Mélanges» (dossiers de clients) de l’étude LXXXV. MC/ET/LXXXV/910-MC/ET/LXXXV/911 (1722-1855)</relationEntry>
         </resourceRelation>
         <resourceRelation xmlns:xlink="http://www.w3.org/1999/xlink"
                           resourceRelationType="creatorOf"
                           xlink:href="FRAN_IR_042820"
                           xlink:type="simple">
            <relationEntry localType="archival">Archives de l'étude LXXXV</relationEntry>
         </resourceRelation>
         <resourceRelation xmlns:xlink="http://www.w3.org/1999/xlink"
                           resourceRelationType="creatorOf"
                           xlink:href="FRAN_IR_042828"
                           xlink:type="simple">
            <relationEntry localType="archival">Minutes et répertoires du notaire Jean-Baptiste GUYOT, 1er avril 1677 - 3 janvier 1712 (étude LXXXV)</relationEntry>
         </resourceRelation>
         <resourceRelation xmlns:xlink="http://www.w3.org/1999/xlink"
                           resourceRelationType="creatorOf"
                           xlink:href="FRAN_IR_042830"
                           xlink:type="simple">
            <relationEntry localType="archival">Minutes et répertoires du notaire Augustin LOYSON, 14 octobre 1724 - 28 octobre 1761 (étude LXXXV)</relationEntry>
         </resourceRelation>
         <resourceRelation xmlns:xlink="http://www.w3.org/1999/xlink"
                           resourceRelationType="creatorOf"
                           xlink:href="FRAN_IR_042826"
                           xlink:type="simple">
            <relationEntry localType="archival">Minutes et répertoires du notaire Charles LESTORÉ, 9 avril 1622 - 7 décembre 1655 (étude LXXXV)</relationEntry>
         </resourceRelation>
         <resourceRelation xmlns:xlink="http://www.w3.org/1999/xlink"
                           resourceRelationType="creatorOf"
                           xlink:href="FRAN_IR_052464"
                           xlink:type="simple">
            <relationEntry localType="archival">Images du répertoire du notaire Jean Joseph Vergnes pour l'étude LXXXV</relationEntry>
         </resourceRelation>
         <resourceRelation xmlns:xlink="http://www.w3.org/1999/xlink"
                           resourceRelationType="creatorOf"
                           xlink:href="FRAN_IR_042833"
                           xlink:type="simple">
            <relationEntry localType="archival">Minutes et répertoires du notaire Jean Joseph VERGNES, 4 novembre 1767 - 14 mars 1780 (étude LXXXV)</relationEntry>
         </resourceRelation>
         <resourceRelation xmlns:xlink="http://www.w3.org/1999/xlink"
                           resourceRelationType="creatorOf"
                           xlink:href="FRAN_IR_055574"
                           xlink:type="simple">
            <relationEntry localType="archival">Images des répertoires du notaire Auguste Georges Portefin pour l'étude LXXXV</relationEntry>
         </resourceRelation>
         <resourceRelation xmlns:xlink="http://www.w3.org/1999/xlink"
                           resourceRelationType="creatorOf"
                           xlink:href="FRAN_IR_055681"
                           xlink:type="simple">
            <relationEntry localType="archival">Images des répertoires du notaire Louis Arragon pour l'étude LXXXV</relationEntry>
         </resourceRelation>
         <resourceRelation xmlns:xlink="http://www.w3.org/1999/xlink"
                           resourceRelationType="creatorOf"
                           xlink:href="FRAN_IR_055682"
                           xlink:type="simple">
            <relationEntry localType="archival">Images du répertoire du notaire Jacques Lebeuf pour l'étude LXXXV</relationEntry>
         </resourceRelation>
         <resourceRelation xmlns:xlink="http://www.w3.org/1999/xlink"
                           resourceRelationType="creatorOf"
                           xlink:href="FRAN_IR_055683"
                           xlink:type="simple">
            <relationEntry localType="archival">Images des répertoires du notaire Gilles Le Cointre pour l'étude LXXXV</relationEntry>
         </resourceRelation>
         <resourceRelation xmlns:xlink="http://www.w3.org/1999/xlink"
                           resourceRelationType="creatorOf"
                           xlink:href="FRAN_IR_055684"
                           xlink:type="simple">
            <relationEntry localType="archival">Images des répertoires du notaire Germain Henri Cottin pour l'étude LXXXV</relationEntry>
         </resourceRelation>
         <resourceRelation xmlns:xlink="http://www.w3.org/1999/xlink"
                           resourceRelationType="creatorOf"
                           xlink:href="FRAN_IR_042821"
                           xlink:type="simple">
            <relationEntry localType="archival">Minutes et répertoires du notaire Jean CORDELLE, 25 octobre 1539 - décembre 1552 (étude LXXXV)</relationEntry>
         </resourceRelation>
         <resourceRelation xmlns:xlink="http://www.w3.org/1999/xlink"
                           resourceRelationType="creatorOf"
                           xlink:href="FRAN_IR_042823"
                           xlink:type="simple">
            <relationEntry localType="archival">Minutes et répertoires du notaire Jean CRUQUET, 1er mai 1549 - 21 juillet 1562 (étude LXXXV)</relationEntry>
         </resourceRelation>
         <resourceRelation xmlns:xlink="http://www.w3.org/1999/xlink"
                           resourceRelationType="creatorOf"
                           xlink:href="FRAN_IR_042824"
                           xlink:type="simple">
            <relationEntry localType="archival">Minutes et répertoires du notaire Jean QUETIN, 1er avril 1553 - 8 août 1555 (étude LXXXV)</relationEntry>
         </resourceRelation>
         <resourceRelation xmlns:xlink="http://www.w3.org/1999/xlink"
                           resourceRelationType="creatorOf"
                           xlink:href="FRAN_IR_042822"
                           xlink:type="simple">
            <relationEntry localType="archival">Minutes et répertoires du notaire Adrien ARRAGON, 12 février 1545 - 22 août 1587 (étude LXXXV)</relationEntry>
         </resourceRelation>
         <resourceRelation xmlns:xlink="http://www.w3.org/1999/xlink"
                           resourceRelationType="creatorOf"
                           xlink:href="FRAN_IR_042829"
                           xlink:type="simple">
            <relationEntry localType="archival">Minutes et répertoires du notaire Louis LE BOIS, 28 novembre 1671 - mars 1677 (étude LXXXV)</relationEntry>
         </resourceRelation>
         <resourceRelation xmlns:xlink="http://www.w3.org/1999/xlink"
                           resourceRelationType="creatorOf"
                           xlink:href="FRAN_IR_052456"
                           xlink:type="simple">
            <relationEntry localType="archival">Images du répertoire du notaire Henri Grange pour l'étude LXXXV</relationEntry>
         </resourceRelation>
         <resourceRelation xmlns:xlink="http://www.w3.org/1999/xlink"
                           resourceRelationType="creatorOf"
                           xlink:href="FRAN_IR_055697"
                           xlink:type="simple">
            <relationEntry localType="archival">Images du répertoire du notaire Charles Lestoré pour l'étude LXXXV</relationEntry>
         </resourceRelation>
         <resourceRelation xmlns:xlink="http://www.w3.org/1999/xlink"
                           resourceRelationType="creatorOf"
                           xlink:href="FRAN_IR_055699"
                           xlink:type="simple">
            <relationEntry localType="archival">Images des répertoires du notaire Jean-Baptiste Guyot pour l'étude LXXXV</relationEntry>
         </resourceRelation>
         <resourceRelation xmlns:xlink="http://www.w3.org/1999/xlink"
                           resourceRelationType="creatorOf"
                           xlink:href="FRAN_IR_055700"
                           xlink:type="simple">
            <relationEntry localType="archival">Images du répertoire du notaire Guillaume Pillon pour l'étude LXXXV</relationEntry>
         </resourceRelation>
         <resourceRelation xmlns:xlink="http://www.w3.org/1999/xlink"
                           resourceRelationType="creatorOf"
                           xlink:href="FRAN_IR_055701"
                           xlink:type="simple">
            <relationEntry localType="archival">Images des répertoires du notaire Augustin Loyson pour l'étude LXXXV</relationEntry>
         </resourceRelation>
         <resourceRelation xmlns:xlink="http://www.w3.org/1999/xlink"
                           resourceRelationType="creatorOf"
                           xlink:href="FRAN_IR_055702"
                           xlink:type="simple">
            <relationEntry localType="archival">Images du répertoire du notaire Simon La Pille pour l'étude LXXXV</relationEntry>
         </resourceRelation>
         <resourceRelation xmlns:xlink="http://www.w3.org/1999/xlink"
                           resourceRelationType="creatorOf"
                           xlink:href="FRAN_IR_055703"
                           xlink:type="simple">
            <relationEntry localType="archival">Images des répertoires du notaire Raphaël Henri Morand pour l'étude LXXXV</relationEntry>
         </resourceRelation>
         <resourceRelation xmlns:xlink="http://www.w3.org/1999/xlink"
                           resourceRelationType="creatorOf"
                           xlink:href="FRAN_IR_055704"
                           xlink:type="simple">
            <relationEntry localType="archival">Images des répertoires du notaire Nicolas Joseph Esnée pour l'étude LXXXV</relationEntry>
         </resourceRelation>
         <resourceRelation xmlns:xlink="http://www.w3.org/1999/xlink"
                           resourceRelationType="creatorOf"
                           xlink:href="FRAN_IR_042836"
                           xlink:type="simple">
            <relationEntry localType="archival">Minutes et répertoires du notaire Nicolas Joseph ESNÉE, 22 avril 1828 - 29 avril 1856 (étude LXXXV)</relationEntry>
         </resourceRelation>
         <resourceRelation xmlns:xlink="http://www.w3.org/1999/xlink"
                           resourceRelationType="creatorOf"
                           xlink:href="FRAN_IR_042834"
                           xlink:type="simple">
            <relationEntry localType="archival">Minutes et répertoires du notaire Simon LA PILLE, 29 octobre 1761 - 4 novembre 1767 (étude LXXXV)</relationEntry>
         </resourceRelation>
      </relations>
   </cpfDescription>
</eac-cpf>
