<eac-cpf xmlns="urn:isbn:1-931666-33-4"
         xmlns:xsi="http://www.w3.org/2001/XMLSchema-instance"
         xsi:schemaLocation="urn:isbn:1-931666-33-4 cpf.xsd">
   <control>
      <recordId>FRAN_NP_003907</recordId>
      <otherRecordId localType="Ancien_identifiant">3381</otherRecordId>
      <maintenanceStatus>revised</maintenanceStatus>
      <maintenanceAgency>
         <agencyName>Archives nationales de France</agencyName>
      </maintenanceAgency>
      <languageDeclaration>
         <language languageCode="fre">Français</language>
         <script scriptCode="Latn"/>
      </languageDeclaration>
      <conventionDeclaration>
         <citation>Notice établie conformément à la norme ICA-ISAAR (CPF) 2004, aux normes ISO 8601 pour le système de normalisation des dates utilisé, ainsi que AFNOR NF Z 44-061, juin 1986. Catalogage : forme et structure des vedettes noms de personne, des vedettes titres, des rubriques de classement et des titres forgés.</citation>
      </conventionDeclaration>
      <localControl localType="niveau_de_detail">
         <term>Moyenne</term>
      </localControl>
      <maintenanceHistory>
         <maintenanceEvent>
            <eventType>derived</eventType>
            <eventDateTime>2013-04-23</eventDateTime>
            <agentType>machine</agentType>
            <agent>Import_SIA</agent>
         </maintenanceEvent>
         <maintenanceEvent>
            <eventType>revised</eventType>
            <eventDateTime>2018-07-25</eventDateTime>
            <agentType>human</agentType>
            <agent>Catherine MÉROT</agent>
         </maintenanceEvent>
         <maintenanceEvent>
            <eventType>updated</eventType>
            <eventDateTime>2018-07-25</eventDateTime>
            <agentType>human</agentType>
            <agent>Catherine MÉROT</agent>
            <eventDescription>révision par erreur de cette notice en voulant mettre à jour le lien associatif avec la NP 50824</eventDescription>
         </maintenanceEvent>
         <maintenanceEvent>
            <eventType>updated</eventType>
            <eventDateTime>2018-07-31</eventDateTime>
            <agentType>human</agentType>
            <agent>Catherine MÉROT</agent>
            <eventDescription>liens d'identité + lien IR créateur corrigés</eventDescription>
         </maintenanceEvent>
         <maintenanceEvent>
            <eventType>updated</eventType>
            <eventDateTime>2018-08-02</eventDateTime>
            <agentType>human</agentType>
            <agent>Mission.referentiels MISSION.REFERENTIELS</agent>
            <eventDescription>F. Clavaud, 2 août 2018 : suppression lien d'association vers notice F. Héritier</eventDescription>
         </maintenanceEvent>
      </maintenanceHistory>
   </control>
   <cpfDescription>
      <identity>
         <entityId>ISNI 0000 0001 2179 2236</entityId>
         <entityType>corporateBody</entityType>
         <nameEntry localType="autorisée" scriptCode="Latn" xml:lang="fre">
            <part>Collège de France (1530-...)</part>
         </nameEntry>
         <nameEntry localType="autres normes">
            <part>Collège royal</part>
            <useDates>
               <dateRange>
                  <fromDate standardDate="1530-01-01">1530</fromDate>
                  <toDate standardDate="1870-12-31">1870</toDate>
               </dateRange>
            </useDates>
         </nameEntry>
         <nameEntry localType="autres normes">
            <part>Collège impérial</part>
            <useDates>
               <dateRange>
                  <fromDate standardDate="1804-01-01">1804</fromDate>
                  <toDate standardDate="1815-12-31">1815</toDate>
               </dateRange>
            </useDates>
         </nameEntry>
         <nameEntry localType="autres normes">
            <part>Collège impérial</part>
            <useDates>
               <dateRange>
                  <fromDate standardDate="1852-01-01">1852</fromDate>
                  <toDate standardDate="1870-12-31">1870</toDate>
               </dateRange>
            </useDates>
         </nameEntry>
      </identity>
      <description>
         <existDates>
            <dateRange>
               <fromDate standardDate="1530-01-01">1530</fromDate>
            </dateRange>
         </existDates>
         <legalStatuses>
            <legalStatus>
               <term vocabularySource="d5bloma37i--zasxhhwa4h0">établissement public à caractère scientifique, culturel et professionnel</term>
            </legalStatus>
         </legalStatuses>
         <functions>
            <function>
               <term vocabularySource="d5bhviikk9--y6te63k761ib">culture</term>
            </function>
            <function>
               <term vocabularySource="d5bhvihxhx--1dol4k5w0lb2i">enseignement supérieur</term>
            </function>
         </functions>
         <mandates>
            <mandate>
               <descriptiveNote>
                  <p>Décret 90-909 du 5 octobre 1990 portant organisation du Collège de France</p>
               </descriptiveNote>
            </mandate>
         </mandates>
         <biogHist>
            <p>Grand établissement d'enseignement et de recherche. Il dispense des cours non diplômants de haut niveau dans des disciplines scientifiques, littéraires et artistiques. </p>
            <p>D'abord appelé « Collège royal », l'institution, sise dans le Quartier latin à PAris, a connu différentes appellations (« Collège impérial »), avant de recevoir son nom actuel en 1870. Les "Lecteurs royaux" institués par François Ier en 1530, ne relevant que de l'autorité du roi, avaient pour fonction de donner des enseignements qui n'étaient pas encore admis ailleurs. </p>
            <p>De nos jours, établissement public à caractère scientifique, culturel et professionnel, le Collège de France dispense des cours non diplômants de haut niveau dans des disciplines scientifiques, littéraires et artistiques. Il recrute sans aucune condition de grade, ne prépare à aucun examen et ses enseignements ne sont asssujettis à aucun programme. L'accès des salles d'enseignement est entièrement libre.</p>
         </biogHist>
      </description>
      <relations>
         <cpfRelation xmlns:xlink="http://www.w3.org/1999/xlink"
                      cpfRelationType="associative"
                      xlink:href="FRAN_NP_009968"
                      xlink:type="simple">
            <relationEntry>Pézard, André</relationEntry>
            <dateRange>
               <fromDate standardDate="1951-01-01">1951</fromDate>
               <toDate standardDate="1963-12-31">1963</toDate>
            </dateRange>
         </cpfRelation>
         <cpfRelation xmlns:xlink="http://www.w3.org/1999/xlink"
                      cpfRelationType="associative"
                      xlink:href="FRAN_NP_051758"
                      xlink:type="simple">
            <relationEntry>Brunhes, Jean (1869-1930)</relationEntry>
            <dateRange>
               <fromDate standardDate="1912-01-01">1912</fromDate>
               <toDate standardDate="1930-08-25">25 août 1930</toDate>
            </dateRange>
         </cpfRelation>
         <cpfRelation xmlns:xlink="http://www.w3.org/1999/xlink"
                      cpfRelationType="associative"
                      xlink:href="FRAN_NP_050334"
                      xlink:type="simple">
            <relationEntry>Piéron, Henri (1881-1964)</relationEntry>
            <dateRange>
               <fromDate standardDate="1923-01-01">1923</fromDate>
               <toDate standardDate="1964-09-30">30 septembre 1964</toDate>
            </dateRange>
         </cpfRelation>
         <cpfRelation xmlns:xlink="http://www.w3.org/1999/xlink"
                      cpfRelationType="associative"
                      xlink:href="FRAN_NP_050824"
                      xlink:type="simple">
            <relationEntry>Héritier, Françoise (1933-2017)</relationEntry>
            <dateRange>
               <fromDate standardDate="1982-01-01">1982</fromDate>
               <toDate standardDate="2017-11-15">15 novembre 2017</toDate>
            </dateRange>
            <descriptiveNote>
               <p>
     Françoise Héritier, professeur au Collège de France
    </p>
            </descriptiveNote>
         </cpfRelation>
         <cpfRelation xmlns:xlink="http://www.w3.org/1999/xlink"
                      cpfRelationType="associative"
                      xlink:href="FRAN_NP_051774"
                      xlink:type="simple">
            <relationEntry>Roques, Mario (1875-1961)</relationEntry>
            <dateRange>
               <fromDate standardDate="1937-01-01">1937</fromDate>
               <toDate standardDate="1947-12-31">1947</toDate>
            </dateRange>
         </cpfRelation>
         <cpfRelation xmlns:xlink="http://www.w3.org/1999/xlink"
                      cpfRelationType="hierarchical-parent"
                      xlink:href="FRAN_NP_000017"
                      xlink:type="simple">
            <relationEntry>Ministère de l'Enseignement supérieur et de la Recherche</relationEntry>
            <dateRange>
               <fromDate standardDate="2007-05-18">18 mai 2007</fromDate>
               <toDate/>
            </dateRange>
         </cpfRelation>
         <cpfRelation xmlns:xlink="http://www.w3.org/1999/xlink"
                      cpfRelationType="identity"
                      xlink:href="https://fr.wikipedia.org/w/index.php?title=Coll%C3%A8ge_de_France&amp;oldid=150135274"
                      xlink:type="simple">
            <relationEntry>Collège de France</relationEntry>
            <dateRange>
               <fromDate standardDate="1530-01-01">1530</fromDate>
            </dateRange>
            <descriptiveNote>
               <p>Notice Wikipédia</p>
            </descriptiveNote>
         </cpfRelation>
         <cpfRelation xmlns:xlink="http://www.w3.org/1999/xlink"
                      cpfRelationType="identity"
                      xlink:href="http://catalogue.bnf.fr/ark:/12148/cb11863147k"
                      xlink:type="simple">
            <relationEntry>Collège de France</relationEntry>
            <dateRange>
               <fromDate standardDate="1530-01-01">1530</fromDate>
            </dateRange>
            <descriptiveNote>
               <p>Notice BnF</p>
            </descriptiveNote>
         </cpfRelation>
         <resourceRelation xmlns:xlink="http://www.w3.org/1999/xlink"
                           resourceRelationType="creatorOf"
                           xlink:href="FRAN_IR_023925"
                           xlink:type="simple">
            <relationEntry localType="archival">Collège de France ; affaires culturelles et relations extérieures (1909-1939)</relationEntry>
         </resourceRelation>
         <resourceRelation xmlns:xlink="http://www.w3.org/1999/xlink"
                           resourceRelationType="creatorOf"
                           xlink:href="FRAN_IR_023924"
                           xlink:type="simple">
            <relationEntry localType="archival">Collège de France ; affaires culturelles et relations extérieures (1939-1939)</relationEntry>
         </resourceRelation>
         <resourceRelation xmlns:xlink="http://www.w3.org/1999/xlink"
                           resourceRelationType="creatorOf"
                           xlink:href="FRAN_IR_026354"
                           xlink:type="simple">
            <relationEntry localType="archival">Recherche ; Collège de France (1724-1976)</relationEntry>
         </resourceRelation>
         <resourceRelation xmlns:xlink="http://www.w3.org/1999/xlink"
                           resourceRelationType="creatorOf"
                           xlink:href="FRAN_IR_023926"
                           xlink:type="simple">
            <relationEntry localType="archival">Recherche ; Collège de France (1939-1944)</relationEntry>
         </resourceRelation>
      </relations>
   </cpfDescription>
</eac-cpf>
