<eac-cpf xmlns="urn:isbn:1-931666-33-4"
         xmlns:xsi="http://www.w3.org/2001/XMLSchema-instance"
         xsi:schemaLocation="urn:isbn:1-931666-33-4 cpf.xsd">
   <control>
      <recordId>FRAN_NP_010137</recordId>
      <otherRecordId localType="Ancien_identifiant">FRDAFANCH00MC_NAETUDE_010</otherRecordId>
      <maintenanceStatus>derived</maintenanceStatus>
      <maintenanceAgency>
         <agencyName>Archives nationales de France</agencyName>
      </maintenanceAgency>
      <languageDeclaration>
         <language languageCode="fre">Français</language>
         <script scriptCode="Latn"/>
      </languageDeclaration>
      <conventionDeclaration>
         <citation>Notice établie conformément à la norme ICA-ISAAR (CPF) 2004, aux normes ISO 8601 pour le système de normalisation des dates utilisé, ainsi que AFNOR NF Z 44-061, juin 1986. Catalogage : forme et structure des vedettes noms de personne, des vedettes titres, des rubriques de classement et des titres forgés.</citation>
      </conventionDeclaration>
      <localControl localType="niveau_de_detail">
         <term>Moyenne</term>
      </localControl>
      <maintenanceHistory>
         <maintenanceEvent>
            <eventType>derived</eventType>
            <eventDateTime>2013-04-23</eventDateTime>
            <agentType>machine</agentType>
            <agent>Migration ETANOT</agent>
         </maintenanceEvent>
      </maintenanceHistory>
   </control>
   <cpfDescription>
      <identity>
         <entityType>corporateBody</entityType>
         <nameEntry localType="autorisée" scriptCode="Latn" xml:lang="fre">
            <part>Etude X</part>
         </nameEntry>
         <nameEntry>
            <part>75057</part>
         </nameEntry>
      </identity>
      <description>
         <existDates>
            <dateRange>
               <fromDate standardDate="1591-01-01">1591</fromDate>
            </dateRange>
         </existDates>
         <places>
            <place>
               <placeRole>Lieu de Paris</placeRole>
               <placeEntry localType="nomLieu">8, rue Auber, 75009 PARIS</placeEntry>
            </place>
         </places>
         <functions>
            <function>
               <term vocabularySource="d3nyui3o8w--11y7jgy8q3wnt">notaire à paris</term>
               <dateRange>
                  <fromDate standardDate="1591-01-01">1591</fromDate>
                  <toDate/>
               </dateRange>
            </function>
         </functions>
         <biogHist>
            <p>De 1606 à 1840, l'étude reste établie rue Saint-Denis, au voisinage de l'église Saint-Leu-Saint-Gilles. Depuis le milieu du XIXème siècle, elle est installée boulevard Bonne-Nouvelle.</p>
         </biogHist>
      </description>
      <relations>
         <cpfRelation xmlns:xlink="http://www.w3.org/1999/xlink"
                      cpfRelationType="associative"
                      xlink:href="FRAN_NP_012157"
                      xlink:type="simple">
            <relationEntry>Decloux, Henri</relationEntry>
            <dateRange>
               <fromDate standardDate="1894-07-19">19 juillet 1894</fromDate>
               <toDate standardDate="1910-02-16">16 février 1910</toDate>
            </dateRange>
         </cpfRelation>
         <cpfRelation xmlns:xlink="http://www.w3.org/1999/xlink"
                      cpfRelationType="associative"
                      xlink:href="FRAN_NP_012158"
                      xlink:type="simple">
            <relationEntry>Dejean de la batie, Joël Bruno Lambert</relationEntry>
            <dateRange>
               <fromDate standardDate="1963-12-18">18 décembre 1963</fromDate>
               <toDate standardDate="1999-07-10">10 juillet 1999</toDate>
            </dateRange>
         </cpfRelation>
         <cpfRelation xmlns:xlink="http://www.w3.org/1999/xlink"
                      cpfRelationType="associative"
                      xlink:href="FRAN_NP_012161"
                      xlink:type="simple">
            <relationEntry>Ditte, Jean Henri Honoré Marie</relationEntry>
            <dateRange>
               <fromDate standardDate="1910-02-16">16 février 1910</fromDate>
               <toDate standardDate="1935-08-28">28 août 1935</toDate>
            </dateRange>
         </cpfRelation>
         <cpfRelation xmlns:xlink="http://www.w3.org/1999/xlink"
                      cpfRelationType="associative"
                      xlink:href="FRAN_NP_011394"
                      xlink:type="simple">
            <relationEntry>Le cat, Michel</relationEntry>
            <dateRange>
               <fromDate standardDate="1638-09-21">21 septembre 1638</fromDate>
               <toDate standardDate="1643-07-04">4 juillet 1643</toDate>
            </dateRange>
         </cpfRelation>
         <cpfRelation xmlns:xlink="http://www.w3.org/1999/xlink"
                      cpfRelationType="associative"
                      xlink:href="FRAN_NP_012482"
                      xlink:type="simple">
            <relationEntry>Collet, Pierre</relationEntry>
            <dateRange>
               <fromDate standardDate="1764-02-18">18 février 1764</fromDate>
               <toDate standardDate="1782-12-18">18 décembre 1782</toDate>
            </dateRange>
         </cpfRelation>
         <cpfRelation xmlns:xlink="http://www.w3.org/1999/xlink"
                      cpfRelationType="associative"
                      xlink:href="FRAN_NP_010576"
                      xlink:type="simple">
            <relationEntry>Sensier, Jean-Baptiste-Théodore</relationEntry>
            <dateRange>
               <fromDate standardDate="1806-10-01">1er octobre 1806</fromDate>
               <toDate standardDate="1821-03-01">1er mars 1821</toDate>
            </dateRange>
         </cpfRelation>
         <cpfRelation xmlns:xlink="http://www.w3.org/1999/xlink"
                      cpfRelationType="associative"
                      xlink:href="FRAN_NP_011066"
                      xlink:type="simple">
            <relationEntry>Manchon, Gervais</relationEntry>
            <dateRange>
               <fromDate standardDate="1643-01-29">29 janvier 1643</fromDate>
               <toDate standardDate="1656-03-07">7 mars 1656</toDate>
            </dateRange>
         </cpfRelation>
         <cpfRelation xmlns:xlink="http://www.w3.org/1999/xlink"
                      cpfRelationType="associative"
                      xlink:href="FRAN_NP_011924"
                      xlink:type="simple">
            <relationEntry>Gobin, Nicolas-Jean-Baptiste</relationEntry>
            <dateRange>
               <fromDate standardDate="1783-01-08">8 janvier 1783</fromDate>
               <toDate standardDate="1806-10-01">1er octobre 1806</toDate>
            </dateRange>
         </cpfRelation>
         <cpfRelation xmlns:xlink="http://www.w3.org/1999/xlink"
                      cpfRelationType="associative"
                      xlink:href="FRAN_NP_011729"
                      xlink:type="simple">
            <relationEntry>Haguenier, Martin II</relationEntry>
            <dateRange>
               <fromDate standardDate="1591-04-10">10 avril 1591</fromDate>
               <toDate standardDate="1638-09-20">20 septembre 1638</toDate>
            </dateRange>
         </cpfRelation>
         <cpfRelation xmlns:xlink="http://www.w3.org/1999/xlink"
                      cpfRelationType="associative"
                      xlink:href="FRAN_NP_013168"
                      xlink:type="simple">
            <relationEntry>Aumont-Thiéville, Léon</relationEntry>
            <dateRange>
               <fromDate standardDate="1869-10-15">15 octobre 1869</fromDate>
               <toDate standardDate="1894-07-19">19 juillet 1894</toDate>
            </dateRange>
         </cpfRelation>
         <cpfRelation xmlns:xlink="http://www.w3.org/1999/xlink"
                      cpfRelationType="associative"
                      xlink:href="FRAN_NP_013165"
                      xlink:type="simple">
            <relationEntry>Aumont, Michel</relationEntry>
            <dateRange>
               <fromDate standardDate="1821-03-01">1er mars 1821</fromDate>
               <toDate standardDate="1834-04-29">29 avril 1834</toDate>
            </dateRange>
         </cpfRelation>
         <cpfRelation xmlns:xlink="http://www.w3.org/1999/xlink"
                      cpfRelationType="associative"
                      xlink:href="FRAN_NP_013167"
                      xlink:type="simple">
            <relationEntry>Aumont-Thiéville, Arsène</relationEntry>
            <dateRange>
               <fromDate standardDate="1834-04-29">29 avril 1834</fromDate>
               <toDate standardDate="1869-10-15">15 octobre 1869</toDate>
            </dateRange>
         </cpfRelation>
         <cpfRelation xmlns:xlink="http://www.w3.org/1999/xlink"
                      cpfRelationType="associative"
                      xlink:href="FRAN_NP_011733"
                      xlink:type="simple">
            <relationEntry>Haizet, Roger Marie Joseph Jules</relationEntry>
            <dateRange>
               <fromDate standardDate="1935-08-28">28 août 1935</fromDate>
               <toDate standardDate="1963-12-18">18 décembre 1963</toDate>
            </dateRange>
         </cpfRelation>
         <cpfRelation xmlns:xlink="http://www.w3.org/1999/xlink"
                      cpfRelationType="associative"
                      xlink:href="FRAN_NP_011796"
                      xlink:type="simple">
            <relationEntry>Huart, Pierre I</relationEntry>
            <dateRange>
               <fromDate standardDate="1595-02-04">4 février 1595</fromDate>
               <toDate standardDate="1642-12-31">31 décembre 1642</toDate>
            </dateRange>
         </cpfRelation>
         <cpfRelation xmlns:xlink="http://www.w3.org/1999/xlink"
                      cpfRelationType="associative"
                      xlink:href="FRAN_NP_011032"
                      xlink:type="simple">
            <relationEntry>Macquer, Jacques</relationEntry>
            <dateRange>
               <fromDate standardDate="1748-06-22">22 juin 1748</fromDate>
               <toDate standardDate="1764-02-16">16 février 1764</toDate>
            </dateRange>
         </cpfRelation>
         <cpfRelation xmlns:xlink="http://www.w3.org/1999/xlink"
                      cpfRelationType="associative"
                      xlink:href="FRAN_NP_010565"
                      xlink:type="simple">
            <relationEntry>Sédillot, Hervé</relationEntry>
            <dateRange>
               <fromDate standardDate="1986-01-03">3 janvier 1986</fromDate>
            </dateRange>
         </cpfRelation>
         <cpfRelation xmlns:xlink="http://www.w3.org/1999/xlink"
                      cpfRelationType="associative"
                      xlink:href="FRAN_NP_013554"
                      xlink:type="simple">
            <relationEntry>Rouvrais, Jean-Michel</relationEntry>
            <dateRange>
               <fromDate standardDate="2012-06-12">12 juin 2012</fromDate>
            </dateRange>
         </cpfRelation>
         <cpfRelation xmlns:xlink="http://www.w3.org/1999/xlink"
                      cpfRelationType="associative"
                      xlink:href="FRAN_NP_013481"
                      xlink:type="simple">
            <relationEntry>Dinielle, Anne</relationEntry>
            <dateRange>
               <fromDate standardDate="2010-09-13">13 septembre 2010</fromDate>
            </dateRange>
         </cpfRelation>
         <cpfRelation xmlns:xlink="http://www.w3.org/1999/xlink"
                      cpfRelationType="associative"
                      xlink:href="FRAN_NP_011435"
                      xlink:type="simple">
            <relationEntry>Lebeuf, Denis</relationEntry>
            <dateRange>
               <fromDate standardDate="1656-03-07">7 mars 1656</fromDate>
               <toDate standardDate="1698-11-17">17 novembre 1698</toDate>
            </dateRange>
         </cpfRelation>
         <cpfRelation xmlns:xlink="http://www.w3.org/1999/xlink"
                      cpfRelationType="associative"
                      xlink:href="FRAN_NP_012160"
                      xlink:type="simple">
            <relationEntry>La fosse, Louis de</relationEntry>
            <dateRange>
               <fromDate standardDate="1731-04-07">7 avril 1731</fromDate>
               <toDate standardDate="1748-06-21">21 juin 1748</toDate>
            </dateRange>
         </cpfRelation>
         <cpfRelation xmlns:xlink="http://www.w3.org/1999/xlink"
                      cpfRelationType="associative"
                      xlink:href="FRAN_NP_012159"
                      xlink:type="simple">
            <relationEntry>La fosse, Antoine de</relationEntry>
            <dateRange>
               <fromDate standardDate="1698-11-18">18 novembre 1698</fromDate>
               <toDate standardDate="1731-04-06">6 avril 1731</toDate>
            </dateRange>
         </cpfRelation>
         <cpfRelation xmlns:xlink="http://www.w3.org/1999/xlink"
                      cpfRelationType="associative"
                      xlink:href="FRAN_NP_012155"
                      xlink:type="simple">
            <relationEntry>Dumas, Bernard</relationEntry>
            <dateRange>
               <fromDate standardDate="1994-03-30">30 mars 1994</fromDate>
            </dateRange>
         </cpfRelation>
         <resourceRelation xmlns:xlink="http://www.w3.org/1999/xlink"
                           resourceRelationType="creatorOf"
                           xlink:href="FRAN_IR_041347"
                           xlink:type="simple">
            <relationEntry localType="archival">Minutes et répertoires du notaire Pierre I HUART, janvier 1606 - décembre 1642 (étude X)</relationEntry>
         </resourceRelation>
         <resourceRelation xmlns:xlink="http://www.w3.org/1999/xlink"
                           resourceRelationType="creatorOf"
                           xlink:href="FRAN_IR_041346"
                           xlink:type="simple">
            <relationEntry localType="archival">Minutes et répertoires du notaire Martin II HAGUENIER, janvier 1606 - juin 1638 (étude X)</relationEntry>
         </resourceRelation>
         <resourceRelation xmlns:xlink="http://www.w3.org/1999/xlink"
                           resourceRelationType="creatorOf"
                           xlink:href="FRAN_IR_041348"
                           xlink:type="simple">
            <relationEntry localType="archival">Minutes et répertoires du notaire Michel LE CAT, 21 septembre 1638 - 1er juillet 1643 (étude X)</relationEntry>
         </resourceRelation>
         <resourceRelation xmlns:xlink="http://www.w3.org/1999/xlink"
                           resourceRelationType="creatorOf"
                           xlink:href="FRAN_IR_041349"
                           xlink:type="simple">
            <relationEntry localType="archival">Minutes et répertoires du notaire Gervais MANCHON, 1er juillet 1643 - 4 mars 1656 (étude X)</relationEntry>
         </resourceRelation>
         <resourceRelation xmlns:xlink="http://www.w3.org/1999/xlink"
                           resourceRelationType="creatorOf"
                           xlink:href="FRAN_IR_041350"
                           xlink:type="simple">
            <relationEntry localType="archival">Minutes et répertoires du notaire Denis LEBEUF, 7 mars 1656 - 18 novembre 1698 (étude X)</relationEntry>
         </resourceRelation>
         <resourceRelation xmlns:xlink="http://www.w3.org/1999/xlink"
                           resourceRelationType="creatorOf"
                           xlink:href="FRAN_IR_041351"
                           xlink:type="simple">
            <relationEntry localType="archival">Minutes et répertoires du notaire Antoine de LA FOSSE, 19 novembre 1698 - 4 avril 1731 (étude X)</relationEntry>
         </resourceRelation>
         <resourceRelation xmlns:xlink="http://www.w3.org/1999/xlink"
                           resourceRelationType="creatorOf"
                           xlink:href="FRAN_IR_041352"
                           xlink:type="simple">
            <relationEntry localType="archival">Minutes et répertoires du notaire Louis de LA FOSSE, 7 avril 1731 - 21 juin 1748 (étude X)</relationEntry>
         </resourceRelation>
         <resourceRelation xmlns:xlink="http://www.w3.org/1999/xlink"
                           resourceRelationType="creatorOf"
                           xlink:href="FRAN_IR_041353"
                           xlink:type="simple">
            <relationEntry localType="archival">Minutes et répertoires du notaire Jacques MACQUER, 22 juin 1748 - 15 février 1764 (étude X)</relationEntry>
         </resourceRelation>
         <resourceRelation xmlns:xlink="http://www.w3.org/1999/xlink"
                           resourceRelationType="creatorOf"
                           xlink:href="FRAN_IR_041354"
                           xlink:type="simple">
            <relationEntry localType="archival">Minutes et répertoires du notaire Pierre COLLET, 18 février 1764 - 28 décembre 1782 (étude X)</relationEntry>
         </resourceRelation>
         <resourceRelation xmlns:xlink="http://www.w3.org/1999/xlink"
                           resourceRelationType="creatorOf"
                           xlink:href="FRAN_IR_041355"
                           xlink:type="simple">
            <relationEntry localType="archival">Minutes et répertoires du notaire Nicolas Jean-Baptiste GOBIN, 8 janvier 1783 - 30 septembre 1806 (étude X)</relationEntry>
         </resourceRelation>
         <resourceRelation xmlns:xlink="http://www.w3.org/1999/xlink"
                           resourceRelationType="creatorOf"
                           xlink:href="FRAN_IR_041356"
                           xlink:type="simple">
            <relationEntry localType="archival">Minutes et répertoires du notaire Jean-Baptiste Théodore SENSIER, 1er octobre 1806 - 28 février 1821 (étude X)</relationEntry>
         </resourceRelation>
         <resourceRelation xmlns:xlink="http://www.w3.org/1999/xlink"
                           resourceRelationType="creatorOf"
                           xlink:href="FRAN_IR_041357"
                           xlink:type="simple">
            <relationEntry localType="archival">Minutes et répertoires du notaire Michel AUMONT, 3 mars 1821 - 28 avril 1834 (étude X)</relationEntry>
         </resourceRelation>
         <resourceRelation xmlns:xlink="http://www.w3.org/1999/xlink"
                           resourceRelationType="creatorOf"
                           xlink:href="FRAN_IR_041358"
                           xlink:type="simple">
            <relationEntry localType="archival">Minutes et répertoires du notaire Arsène AUMONT-THIÉVILLE, 29 avril 1834 - 15 octobre 1869 (étude X)</relationEntry>
         </resourceRelation>
         <resourceRelation xmlns:xlink="http://www.w3.org/1999/xlink"
                           resourceRelationType="creatorOf"
                           xlink:href="FRAN_IR_041359"
                           xlink:type="simple">
            <relationEntry localType="archival">Minutes et répertoires du notaire Léon AUMONT-THIÉVILLE, 16 octobre 1869 - 18 juillet 1894 (étude X)</relationEntry>
         </resourceRelation>
         <resourceRelation xmlns:xlink="http://www.w3.org/1999/xlink"
                           resourceRelationType="creatorOf"
                           xlink:href="FRAN_IR_041360"
                           xlink:type="simple">
            <relationEntry localType="archival">Minutes et répertoires du notaire Henri DECLOUX, 19 juillet 1894 - 9 juillet 1895 (étude X)</relationEntry>
         </resourceRelation>
         <resourceRelation xmlns:xlink="http://www.w3.org/1999/xlink"
                           resourceRelationType="creatorOf"
                           xlink:href="FRAN_IR_041345"
                           xlink:type="simple">
            <relationEntry localType="archival">Archives de l'étude X</relationEntry>
         </resourceRelation>
         <resourceRelation xmlns:xlink="http://www.w3.org/1999/xlink"
                           resourceRelationType="creatorOf"
                           xlink:href="FRAN_IR_050276"
                           xlink:type="simple">
            <relationEntry localType="archival">Dossiers de clients de l'étude X</relationEntry>
         </resourceRelation>
         <resourceRelation xmlns:xlink="http://www.w3.org/1999/xlink"
                           resourceRelationType="creatorOf"
                           xlink:href="FRAN_IR_051358"
                           xlink:type="simple">
            <relationEntry localType="archival">Images du répertoire du notaire Michel Le Cat pour l'étude X</relationEntry>
         </resourceRelation>
         <resourceRelation xmlns:xlink="http://www.w3.org/1999/xlink"
                           resourceRelationType="creatorOf"
                           xlink:href="FRAN_IR_051535"
                           xlink:type="simple">
            <relationEntry localType="archival">Images des répertoires du notaire Pierre Collet pour l'étude X</relationEntry>
         </resourceRelation>
         <resourceRelation xmlns:xlink="http://www.w3.org/1999/xlink"
                           resourceRelationType="creatorOf"
                           xlink:href="FRAN_IR_051472"
                           xlink:type="simple">
            <relationEntry localType="archival">Images des répertoires du notaire Antoine de La Fosse pour l'étude X</relationEntry>
         </resourceRelation>
         <resourceRelation xmlns:xlink="http://www.w3.org/1999/xlink"
                           resourceRelationType="creatorOf"
                           xlink:href="FRAN_IR_051638"
                           xlink:type="simple">
            <relationEntry localType="archival">Images des répertoires du notaire Michel Aumont pour l'étude X</relationEntry>
         </resourceRelation>
         <resourceRelation xmlns:xlink="http://www.w3.org/1999/xlink"
                           resourceRelationType="creatorOf"
                           xlink:href="FRAN_IR_051239"
                           xlink:type="simple">
            <relationEntry localType="archival">Images des répertoires du notaire Jean-Baptiste Théodore Sensier pour l'étude X</relationEntry>
         </resourceRelation>
         <resourceRelation xmlns:xlink="http://www.w3.org/1999/xlink"
                           resourceRelationType="creatorOf"
                           xlink:href="FRAN_IR_051640"
                           xlink:type="simple">
            <relationEntry localType="archival">Images des répertoires du notaire Léon Aumont-Thiéville pour l'étude X</relationEntry>
         </resourceRelation>
         <resourceRelation xmlns:xlink="http://www.w3.org/1999/xlink"
                           resourceRelationType="creatorOf"
                           xlink:href="FRAN_IR_051302"
                           xlink:type="simple">
            <relationEntry localType="archival">Images des répertoires du notaire Jacques Macquer pour l'étude X</relationEntry>
         </resourceRelation>
         <resourceRelation xmlns:xlink="http://www.w3.org/1999/xlink"
                           resourceRelationType="creatorOf"
                           xlink:href="FRAN_IR_051306"
                           xlink:type="simple">
            <relationEntry localType="archival">Images des répertoires du notaire Gervais Manchon pour l'étude X</relationEntry>
         </resourceRelation>
         <resourceRelation xmlns:xlink="http://www.w3.org/1999/xlink"
                           resourceRelationType="creatorOf"
                           xlink:href="FRAN_IR_051368"
                           xlink:type="simple">
            <relationEntry localType="archival">Images des répertoires du notaire Denis Lebeuf pour l'étude X</relationEntry>
         </resourceRelation>
         <resourceRelation xmlns:xlink="http://www.w3.org/1999/xlink"
                           resourceRelationType="creatorOf"
                           xlink:href="FRAN_IR_055386"
                           xlink:type="simple">
            <relationEntry localType="archival">Images des répertoires du notaire Arsène Aumont-Thiéville pour l'étude X</relationEntry>
         </resourceRelation>
         <resourceRelation xmlns:xlink="http://www.w3.org/1999/xlink"
                           resourceRelationType="creatorOf"
                           xlink:href="FRAN_IR_053592"
                           xlink:type="simple">
            <relationEntry localType="archival">Images des répertoires du notaire Pierre I Huart pour l'étude X</relationEntry>
         </resourceRelation>
         <resourceRelation xmlns:xlink="http://www.w3.org/1999/xlink"
                           resourceRelationType="creatorOf"
                           xlink:href="FRAN_IR_053593"
                           xlink:type="simple">
            <relationEntry localType="archival">Images du répertoire du notaire Louis de La Fosse pour l'étude X</relationEntry>
         </resourceRelation>
         <resourceRelation xmlns:xlink="http://www.w3.org/1999/xlink"
                           resourceRelationType="creatorOf"
                           xlink:href="FRAN_IR_052804"
                           xlink:type="simple">
            <relationEntry localType="archival">Images des répertoires du notaire Nicolas Jean-Baptiste Gobin pour l'étude X</relationEntry>
         </resourceRelation>
         <resourceRelation xmlns:xlink="http://www.w3.org/1999/xlink"
                           resourceRelationType="creatorOf"
                           xlink:href="FRAN_IR_052820"
                           xlink:type="simple">
            <relationEntry localType="archival">Images du répertoire du notaire Henri Decloux pour l'étude X</relationEntry>
         </resourceRelation>
         <resourceRelation xmlns:xlink="http://www.w3.org/1999/xlink"
                           resourceRelationType="creatorOf"
                           xlink:href="FRAN_IR_056649"
                           xlink:type="simple">
            <relationEntry localType="archival">Images des répertoires du notaire Martin II Haguenier pour l'étude X</relationEntry>
         </resourceRelation>
      </relations>
   </cpfDescription>
</eac-cpf>
