<eac-cpf xmlns="urn:isbn:1-931666-33-4"
         xmlns:xsi="http://www.w3.org/2001/XMLSchema-instance"
         xsi:schemaLocation="urn:isbn:1-931666-33-4 cpf.xsd">
   <control>
      <recordId>FRAN_NP_004511</recordId>
      <otherRecordId localType="Ancien_identifiant">4113</otherRecordId>
      <maintenanceStatus>revised</maintenanceStatus>
      <maintenanceAgency>
         <agencyName>Archives nationales de France</agencyName>
      </maintenanceAgency>
      <languageDeclaration>
         <language languageCode="fre">Français</language>
         <script scriptCode="Latn"/>
      </languageDeclaration>
      <conventionDeclaration>
         <citation>Notice établie conformément à la norme ICA-ISAAR (CPF) 2004, aux normes ISO 8601 pour le système de normalisation des dates utilisé, ainsi que AFNOR NF Z 44-061, juin 1986. Catalogage : forme et structure des vedettes noms de personne, des vedettes titres, des rubriques de classement et des titres forgés.</citation>
      </conventionDeclaration>
      <localControl localType="niveau_de_detail">
         <term>Moyenne</term>
      </localControl>
      <maintenanceHistory>
         <maintenanceEvent>
            <eventType>derived</eventType>
            <eventDateTime>2013-04-23</eventDateTime>
            <agentType>machine</agentType>
            <agent>Import_SIA</agent>
         </maintenanceEvent>
         <maintenanceEvent>
            <eventType>revised</eventType>
            <eventDateTime>2015-01-27</eventDateTime>
            <agentType>human</agentType>
            <agent>Catherine MÉROT</agent>
            <eventDescription>F. Clavaud, 27 janvier 2015 : changé nom, ajouté n°s ISNI et notice BnF</eventDescription>
         </maintenanceEvent>
      </maintenanceHistory>
      <sources>
         <source>
            <descriptiveNote>
               <p>Notice d'autorité BnF n° FRBNF11863908</p>
            </descriptiveNote>
         </source>
      </sources>
   </control>
   <cpfDescription>
      <identity>
         <entityId>ISNI 0000 0001 2156 3660</entityId>
         <entityType>corporateBody</entityType>
         <nameEntry localType="autorisée" scriptCode="Latn" xml:lang="fre">
            <part>France. Direction de la population et des migrations (1981-2007)</part>
         </nameEntry>
      </identity>
      <description>
         <existDates>
            <dateRange>
               <fromDate standardDate="1966-07-06">6 juillet 1966</fromDate>
               <toDate standardDate="2007-12-31">2007</toDate>
            </dateRange>
         </existDates>
         <legalStatuses>
            <legalStatus>
               <term vocabularySource="d5blonaxbw--1mt8t42bokzts">service d'administration centrale</term>
            </legalStatus>
         </legalStatuses>
         <mandates>
            <mandate>
               <descriptiveNote>
                  <p>Décret de création du 6 juillet 1966</p>
               </descriptiveNote>
            </mandate>
         </mandates>
         <biogHist>
            <p>La Direction de la Population et des Migrations (DPM) a été créée par décret du 6 juillet 1966 pour répondre au phénomène des mouvements migratoires qui ont marqué l'après-guerre. L'arrivée de travailleurs étrangers, l'ouverture progressive des frontières de l'Europe, la politique d'accueil des étrangers, combinée avec l'installation permanente d'un grand nombre de populations sur le territoire français ont conduit au développement de le DPM et de ses missions.</p>
            <p>Ainsi, elle s'est vu confier l'élaboration et le suivi de la politique démographique et de celle concernant l'immigration, l'intégration des populations d'origine étrangère et la lutte contre les discriminations. </p>
            <p>Pour mener à bien ces missions, la DPM était structurée en 3 sous-directions : </p>
            <p>de la démographie, des mouvements de population et des questions internationales (DMI)</p>
            <p>de l'accueil et de l'intégration</p>
            <p>des naturalisations.</p>
            <p>La DPM a cessé son activité au 31 décembre 2007. Ses différents bureaux et services ont alors été intégrés au nouveau ministère de l'immigration, de l'intégration, de l'identité nationale et du codéveloppement, créé au lendemain de l'élection présidentielle de mai 2007. Ce ministère ayant lui-même cessé d’exister, les missions qui étaient celles de la DPM, sont désormais assurées au sein du ministère de l'intérieur par la direction générale des étrangers en France (DGEF).</p>
         </biogHist>
      </description>
      <relations>
         <cpfRelation xmlns:xlink="http://www.w3.org/1999/xlink"
                      cpfRelationType="hierarchical-parent"
                      xlink:href="FRAN_NP_000003"
                      xlink:type="simple">
            <relationEntry>Administration centrale des ministères chargés des affaires sociales</relationEntry>
            <dateRange>
               <fromDate standardDate="1981-01-01">1981</fromDate>
               <toDate standardDate="2007-12-31">2007</toDate>
            </dateRange>
         </cpfRelation>
         <cpfRelation xmlns:xlink="http://www.w3.org/1999/xlink"
                      cpfRelationType="hierarchical-child"
                      xlink:href="FRAN_NP_004496"
                      xlink:type="simple">
            <relationEntry>Sous-direction de l'accueil et de l'intégration (direction de la population et des migrations)</relationEntry>
            <dateRange>
               <fromDate standardDate="1981-01-01">1981</fromDate>
               <toDate standardDate="2007-12-31">2007</toDate>
            </dateRange>
         </cpfRelation>
         <cpfRelation xmlns:xlink="http://www.w3.org/1999/xlink"
                      cpfRelationType="hierarchical-child"
                      xlink:href="FRAN_NP_004497"
                      xlink:type="simple">
            <relationEntry>Secrétariat du directeur (direction de la population et des migrations) (1981-2007)</relationEntry>
            <dateRange>
               <fromDate standardDate="1981-01-01">1981</fromDate>
               <toDate standardDate="2007-12-31">2007</toDate>
            </dateRange>
         </cpfRelation>
         <cpfRelation xmlns:xlink="http://www.w3.org/1999/xlink"
                      cpfRelationType="hierarchical-child"
                      xlink:href="FRAN_NP_004498"
                      xlink:type="simple">
            <relationEntry>Directeur et services rattachés (direction de la population et des migrations)</relationEntry>
            <dateRange>
               <fromDate standardDate="1981-01-01">1981</fromDate>
               <toDate standardDate="2007-12-31">2007</toDate>
            </dateRange>
         </cpfRelation>
         <cpfRelation xmlns:xlink="http://www.w3.org/1999/xlink"
                      cpfRelationType="associative"
                      xlink:href="FRAN_NP_004976"
                      xlink:type="simple">
            <relationEntry>Haut Comité de la population et de la famille</relationEntry>
            <dateRange>
               <fromDate standardDate="1981-01-01">1981</fromDate>
               <toDate standardDate="1985-12-31">1985</toDate>
            </dateRange>
         </cpfRelation>
         <cpfRelation xmlns:xlink="http://www.w3.org/1999/xlink"
                      cpfRelationType="temporal-later"
                      xlink:href="FRAN_NP_002128"
                      xlink:type="simple">
            <relationEntry>Direction de l'accueil, de l'intégration et de la citoyenneté (secrétariat général à l'immigration et à l'intégration)</relationEntry>
            <dateRange>
               <fromDate standardDate="2008-01-01">2008</fromDate>
            </dateRange>
         </cpfRelation>
         <cpfRelation xmlns:xlink="http://www.w3.org/1999/xlink"
                      cpfRelationType="hierarchical-child"
                      xlink:href="FRAN_NP_004504"
                      xlink:type="simple">
            <relationEntry>Sous-direction de la démographie, des mouvements de population et des questions internationales (direction de la population et des migrations)</relationEntry>
            <dateRange>
               <fromDate standardDate="1981-01-01">1981</fromDate>
               <toDate standardDate="2007-12-31">2007</toDate>
            </dateRange>
         </cpfRelation>
         <cpfRelation xmlns:xlink="http://www.w3.org/1999/xlink"
                      cpfRelationType="associative"
                      xlink:href="FRAN_NP_004919"
                      xlink:type="simple">
            <relationEntry>Service social d'aide aux émigrants</relationEntry>
            <dateRange>
               <fromDate standardDate="1981-01-01">1981</fromDate>
               <toDate standardDate="2005-12-31">2005</toDate>
            </dateRange>
         </cpfRelation>
         <cpfRelation xmlns:xlink="http://www.w3.org/1999/xlink"
                      cpfRelationType="associative"
                      xlink:href="FRAN_NP_002099"
                      xlink:type="simple">
            <relationEntry>Ministère de l'Immigration, de l'Intégration, de l'Identité nationale et du Codéveloppement</relationEntry>
            <dateRange>
               <fromDate standardDate="2007-05-18">18 mai 2007</fromDate>
               <toDate standardDate="2007-12-31">2007</toDate>
            </dateRange>
         </cpfRelation>
         <cpfRelation xmlns:xlink="http://www.w3.org/1999/xlink"
                      cpfRelationType="temporal-earlier"
                      xlink:href="FRAN_NP_004781"
                      xlink:type="simple">
            <relationEntry>Direction de la population et des migrations (1966-1980)</relationEntry>
            <dateRange>
               <fromDate standardDate="1981-01-01">1981</fromDate>
            </dateRange>
         </cpfRelation>
         <resourceRelation xmlns:xlink="http://www.w3.org/1999/xlink"
                           resourceRelationType="creatorOf"
                           xlink:href="FRAN_IR_053883"
                           xlink:type="simple">
            <relationEntry localType="archival">Études commandées et financées par la Direction de la Population et des migrations et/ou le Fonds d'action sociale pour les travailleurs immigrés et leurs familles (1973-2007)</relationEntry>
         </resourceRelation>
         <resourceRelation xmlns:xlink="http://www.w3.org/1999/xlink"
                           resourceRelationType="creatorOf"
                           xlink:href="FRAN_IR_013680"
                           xlink:type="simple">
            <relationEntry localType="archival">Ministère des Affaires sociales, direction de la population et des migrations :
     application de la loi du 10 août 1932 relative à l’emploi de la main-d’œuvre étrangère
     (1926-1969)</relationEntry>
         </resourceRelation>
      </relations>
   </cpfDescription>
</eac-cpf>
