<eac-cpf xmlns="urn:isbn:1-931666-33-4"
         xmlns:xsi="http://www.w3.org/2001/XMLSchema-instance"
         xsi:schemaLocation="urn:isbn:1-931666-33-4 cpf.xsd">
   <control>
      <recordId>FRAN_NP_003285</recordId>
      <maintenanceStatus>revised</maintenanceStatus>
      <maintenanceAgency>
         <agencyName>Archives nationales de France</agencyName>
      </maintenanceAgency>
      <languageDeclaration>
         <language languageCode="fre">Français</language>
         <script scriptCode="Latn"/>
      </languageDeclaration>
      <conventionDeclaration>
         <citation>Notice établie conformément à la norme ICA-ISAAR (CPF) 2004, aux normes ISO 8601 pour le système de normalisation des dates utilisé, ainsi que AFNOR NF Z 44-061, juin 1986. Catalogage : forme et structure des vedettes noms de personne, des vedettes titres, des rubriques de classement et des titres forgés.</citation>
      </conventionDeclaration>
      <localControl localType="niveau_de_detail">
         <term>Élémentaire</term>
      </localControl>
      <maintenanceHistory>
         <maintenanceEvent>
            <eventType>derived</eventType>
            <eventDateTime>2013-04-23</eventDateTime>
            <agentType>machine</agentType>
            <agent>Import_SIA</agent>
         </maintenanceEvent>
         <maintenanceEvent>
            <eventType>revised</eventType>
            <eventDateTime>2017-05-02</eventDateTime>
            <agentType>human</agentType>
            <agent>Anne ROHFRITSCH</agent>
            <eventDescription>Révision le 29/08/2018 (A. Rohfritsch, DECAS) : révision nom, historique, organisation interne</eventDescription>
         </maintenanceEvent>
         <maintenanceEvent>
            <eventType>updated</eventType>
            <eventDateTime>2018-09-20</eventDateTime>
            <agentType>human</agentType>
            <agent>Catherine MÉROT</agent>
            <eventDescription>P. Charbonnier, 20 septembre 2018 : absence d'identifiant ISNI, de notice BnF et Wikipédia</eventDescription>
         </maintenanceEvent>
      </maintenanceHistory>
      <sources>
         <source>
            <sourceEntry>Informations fournies par la Mission des archives et du patrimoine culturel du MENESR.</sourceEntry>
         </source>
      </sources>
   </control>
   <cpfDescription>
      <identity>
         <entityType>corporateBody</entityType>
         <nameEntry localType="autorisée" scriptCode="Latn" xml:lang="fre">
            <part>France. Ministères de l'Éducation nationale et de l'Enseignement supérieur et de la Recherche. Mission de la modernisation et des politiques locales (2009-....)</part>
         </nameEntry>
         <nameEntry>
            <part>MMPL</part>
         </nameEntry>
      </identity>
      <description>
         <existDates>
            <dateRange>
               <fromDate standardDate="2009-01-01">2009</fromDate>
            </dateRange>
         </existDates>
         <legalStatuses>
            <legalStatus>
               <term vocabularySource="d5blonaxbw--1mt8t42bokzts">service d'administration centrale</term>
            </legalStatus>
         </legalStatuses>
         <structureOrGenealogy>
            <p>La Mission de la modernisation et des politiques locales se compose de deux départements qui se partagent les attributions de la Mission : </p>
            <p>- Le département de la modernisation (MMPL1) contribue à l'amélioration de la qualité du service rendu aux usagers et l'optimisation du fonctionnement de l'administration. En ce sens, il accompagne les mesures de simplification administrative dans le contexte de la déconcentration et de l'évolution des systèmes d'information. Il participe également à la mise en œuvre de projets de simplification pour les usagers et les agents. Il soutient des études portant sur le fonctionnement des services centraux et déconcentrés ;</p>
            <p>- Le département des politiques locales (MMPL2) pilote les mesures de décentralisation. De plus, il est chargé de l'analyse des politiques éducatives locales, et veille à assurer le partage des compétences entre les collectivités territoriales et le ministère. Il assure le secrétariat du Conseil territorial de l’Éducation nationale (CTEN) et prépare le rapport du Gouvernement au Parlement sur les questions de modernisation des politiques locales. Au plan interministériel, il participe aux travaux sur la réforme de l'administration territoriale de l’État, qui contribue à partir de 2004 à renforcer le rôle des préfets.</p>
         </structureOrGenealogy>
         <biogHist>
            <p>La Mission de la modernisation et des politiques locales (MMPL) est chargée de l'animation de la modernisation de l'action administrative et des mesures de décentralisation. Elle assure le suivi à la fois des politiques interministérielles de modernisation et des réformes des politiques territoriales de l’État. Par ailleurs, elle soutient et accompagne les projets de modernisation des services académiques et centraux. Enfin, elle a pour objectif d'animer et de suivre les mesures de décentralisation, de renforcer les relations avec les collectivités territoriales et d'assurer le suivi des politiques locales en matière éducative.</p>
            <p>Entre 1986 et 1995, la Direction des personnels administratifs et de service (DPAOS) dirige la mission de modernisation. À partir du 20 avril 1995, et jusqu'au 14 décembre 1997, cette dernière est placée sous l'autorité de la Direction de l'administration et des personnels (DAP), puis, jusqu'en 2000, de la Direction de l'administration, Mission de la modernisation (DA MIMOD). Entre 2000 et 2003, la mission de modernisation est dirigée par la Direction de l'administration, Service du pilotage des services académiques et de la modernisation, Mission de la modernisation (DA SPSAM MIMOD).</p>
            <p>Du 7 avril 2003 au 16 mai 2006, les missions de modernisation et des politiques locales sont attribuées aux départements de la décentralisation (DPMA A8) et de la modernisation (DPMA A9), sous l'autorité de la Sous-direction de la modernisation (SDDM).</p>
            <p>Du 17 mai 2006 au 3 septembre 2009, le SAAM B1 constitue le département des politiques locales ; le SAAM B2 correspond au département de la modernisation. Les deux départements sont dirigés par la sous-direction des politiques locales et de la modernisation (SDPLM).</p>
            <p>Du 4 septembre 2009 au 18 février 2014, la Mission de modernisation et des politiques locales dépend du Service de l'action administrative et des moyens (SAAM), qui est rattaché au Secrétariat général.</p>
            <p>Depuis le 18 février 2014, la Mission de la modernisation et des politiques locales est directement rattachée au Secrétariat général.</p>
         </biogHist>
      </description>
      <relations>
         <cpfRelation xmlns:xlink="http://www.w3.org/1999/xlink"
                      cpfRelationType="hierarchical-parent"
                      xlink:href="FRAN_NP_003151"
                      xlink:type="simple">
            <relationEntry>Service de l'action administrative et de la modernisation (ministères de l'Éducation nationale et de l'Enseignement supérieur et de la Recherche)</relationEntry>
            <dateRange>
               <fromDate standardDate="2009-01-01">2009</fromDate>
               <toDate/>
            </dateRange>
         </cpfRelation>
         <cpfRelation xmlns:xlink="http://www.w3.org/1999/xlink"
                      cpfRelationType="hierarchical-child"
                      xlink:href="FRAN_NP_002849"
                      xlink:type="simple">
            <relationEntry>Département de la modernisation (ministères de l'Éducation nationale et de l'Enseignement supérieur et de la Recherche)</relationEntry>
            <dateRange>
               <fromDate standardDate="2009-08-26">26 août 2009</fromDate>
            </dateRange>
         </cpfRelation>
         <cpfRelation xmlns:xlink="http://www.w3.org/1999/xlink"
                      cpfRelationType="hierarchical-child"
                      xlink:href="FRAN_NP_002848"
                      xlink:type="simple">
            <relationEntry>Département des politiques locales (ministères de l'Éducation nationale et de l'Enseignement supérieur et de la Recherche)</relationEntry>
            <dateRange>
               <fromDate standardDate="2009-08-26">26 août 2009</fromDate>
            </dateRange>
         </cpfRelation>
         <cpfRelation xmlns:xlink="http://www.w3.org/1999/xlink"
                      cpfRelationType="temporal-earlier"
                      xlink:href="FRAN_NP_002847"
                      xlink:type="simple">
            <relationEntry>Sous-direction des politiques locales et de la modernisation (ministères de l'Éducation nationale et de l'Enseignement supérieur et de la Recherche)</relationEntry>
            <dateRange>
               <fromDate standardDate="2009-01-01">2009</fromDate>
            </dateRange>
         </cpfRelation>
      </relations>
   </cpfDescription>
</eac-cpf>
