<eac-cpf xmlns="urn:isbn:1-931666-33-4"
         xmlns:xsi="http://www.w3.org/2001/XMLSchema-instance"
         xsi:schemaLocation="urn:isbn:1-931666-33-4 cpf.xsd">
   <control>
      <recordId>FRAN_NP_008642</recordId>
      <otherRecordId localType="Ancien_identifiant">6314</otherRecordId>
      <maintenanceStatus>revised</maintenanceStatus>
      <maintenanceAgency>
         <agencyName>Archives nationales de France</agencyName>
      </maintenanceAgency>
      <languageDeclaration>
         <language languageCode="fre">Français</language>
         <script scriptCode="Latn"/>
      </languageDeclaration>
      <conventionDeclaration>
         <citation>Notice établie conformément à la norme ICA-ISAAR (CPF) 2004, aux normes ISO 8601 pour le système de normalisation des dates utilisé, ainsi que AFNOR NF Z 44-061, juin 1986. Catalogage : forme et structure des vedettes noms de personne, des vedettes titres, des rubriques de classement et des titres forgés.</citation>
      </conventionDeclaration>
      <localControl localType="niveau_de_detail">
         <term>Moyenne</term>
      </localControl>
      <maintenanceHistory>
         <maintenanceEvent>
            <eventType>derived</eventType>
            <eventDateTime>2015-12-04</eventDateTime>
            <agentType>machine</agentType>
            <agent>Import_SIA</agent>
         </maintenanceEvent>
         <maintenanceEvent>
            <eventType>revised</eventType>
            <eventDateTime>2016-02-17</eventDateTime>
            <agentType>human</agentType>
            <agent>Florence CLAVAUD</agent>
            <eventDescription>F. Clavaud, 17 février 2016 : révision suite à demande de la mission agriculture. Revu le nom, ajouté ISNI, n° notice BnF, historique, textes de référence, fonction. Revu les liens IR (supprimé de nombreux liens)</eventDescription>
         </maintenanceEvent>
      </maintenanceHistory>
      <sources>
         <source>
            <descriptiveNote>
               <p>Notice BnF : http://catalogue.bnf.fr/ark:/12148/cb10123223p</p>
            </descriptiveNote>
         </source>
      </sources>
   </control>
   <cpfDescription>
      <identity>
         <entityId>ISNI 0000 0001 2161 6013</entityId>
         <entityType>corporateBody</entityType>
         <nameEntry localType="autorisée" scriptCode="Latn" xml:lang="fre">
            <part>France. Ministère de l'Agriculture. Direction des forêts (1976-1987)</part>
         </nameEntry>
         <nameEntry>
            <part>Service des forêts</part>
            <useDates>
               <dateRange>
                  <fromDate standardDate="1976-01-01">1976</fromDate>
                  <toDate standardDate="1981-12-31">1981</toDate>
               </dateRange>
            </useDates>
         </nameEntry>
      </identity>
      <description>
         <existDates>
            <dateRange>
               <fromDate standardDate="1976-01-01">1976</fromDate>
               <toDate standardDate="1987-12-31">1987</toDate>
            </dateRange>
         </existDates>
         <legalStatuses>
            <legalStatus>
               <term vocabularySource="d5blonaxbw--1mt8t42bokzts">service d'administration centrale</term>
            </legalStatus>
         </legalStatuses>
         <functions>
            <function>
               <term vocabularySource="d5bhvikz03--iqa08pprge9n">agriculture</term>
               <descriptiveNote>
                  <p>forêts</p>
               </descriptiveNote>
            </function>
         </functions>
         <mandates>
            <mandate>
               <descriptiveNote>
                  <p>Décret n° 76-487 du 2 juin 1976 portant réorganisation du ministère de l'Agriculture</p>
                  <p>Décret n° 81-105 du 4 février 1981 modifiant le décret n° 76-487</p>
                  <p>Décret n° 87-86 du 10 février 1987 portant organisation de l'administration centrale du ministère de l'Agriculture</p>
               </descriptiveNote>
            </mandate>
         </mandates>
         <biogHist>
            <p>En 1976, un service des forêts est créé au ministère de l'Agriculture aux côtés de sept directions et du service des haras et de l'équitation. Il est chargé "d'étudier, animer, coordonner, au sein du ministère de l'agriculture, l'ensemble des actions relatives à la protection, à l'enrichissement et à l'exploitation du patrimoine forestier. Dans ce cadre de compétence et en collaboration avec les autres directeurs et chefs de service intéressés, il prépare les programmes d'investissements correspondants, en gère le financement et en suit l'exécution ; il définit et anime les études techniques concernant les activités de son ressort."</p>
            <p>En 1981, ce service retrouve le statut de direction qu'il avait eu avant 1976 ; ses missions et attributions sont inchangées.</p>
            <p>En 1987, la direction des forêts disparaît. L'élaboration et l'animation de la politique de la forêt et du bois sont désormais du ressort de la direction de l'espace rural et de la forêt.</p>
         </biogHist>
      </description>
      <relations>
         <cpfRelation xmlns:xlink="http://www.w3.org/1999/xlink"
                      cpfRelationType="hierarchical-child"
                      xlink:href="FRAN_NP_008627"
                      xlink:type="simple">
            <relationEntry>Sous-direction des affaires économiques et financières (direction des forêts)</relationEntry>
            <dateRange>
               <fromDate standardDate="1976-01-01">1976</fromDate>
               <toDate standardDate="1984-12-31">1984</toDate>
            </dateRange>
         </cpfRelation>
         <cpfRelation xmlns:xlink="http://www.w3.org/1999/xlink"
                      cpfRelationType="hierarchical-child"
                      xlink:href="FRAN_NP_008630"
                      xlink:type="simple">
            <relationEntry>Sous-direction de l'aménagement forestier (direction des forêts)</relationEntry>
            <dateRange>
               <fromDate standardDate="1976-01-01">1976</fromDate>
               <toDate standardDate="1984-12-31">1984</toDate>
            </dateRange>
         </cpfRelation>
         <cpfRelation xmlns:xlink="http://www.w3.org/1999/xlink"
                      cpfRelationType="hierarchical-child"
                      xlink:href="FRAN_NP_008631"
                      xlink:type="simple">
            <relationEntry>Sous-direction des affaires générales et financières (direction des forêts)</relationEntry>
            <dateRange>
               <fromDate standardDate="1984-01-01">1984</fromDate>
               <toDate standardDate="1987-12-31">1987</toDate>
            </dateRange>
         </cpfRelation>
         <cpfRelation xmlns:xlink="http://www.w3.org/1999/xlink"
                      cpfRelationType="temporal-later"
                      xlink:href="FRAN_NP_008350"
                      xlink:type="simple">
            <relationEntry>Direction de l'espace rural et de la forêt</relationEntry>
            <dateRange>
               <fromDate standardDate="1987-01-01">1987</fromDate>
            </dateRange>
         </cpfRelation>
         <cpfRelation xmlns:xlink="http://www.w3.org/1999/xlink"
                      cpfRelationType="hierarchical-child"
                      xlink:href="FRAN_NP_008640"
                      xlink:type="simple">
            <relationEntry>Sous-direction de l'équipement forestier (direction des forêts)</relationEntry>
            <dateRange>
               <fromDate standardDate="1976-01-01">1976</fromDate>
               <toDate standardDate="1984-12-31">1984</toDate>
            </dateRange>
         </cpfRelation>
         <cpfRelation xmlns:xlink="http://www.w3.org/1999/xlink"
                      cpfRelationType="hierarchical-child"
                      xlink:href="FRAN_NP_008635"
                      xlink:type="simple">
            <relationEntry>Sous-direction de l'aménagement et de l'équipement forestier (direction des forêts)</relationEntry>
            <dateRange>
               <fromDate standardDate="1984-01-01">1984</fromDate>
               <toDate standardDate="1987-12-31">1987</toDate>
            </dateRange>
         </cpfRelation>
         <cpfRelation xmlns:xlink="http://www.w3.org/1999/xlink"
                      cpfRelationType="hierarchical-child"
                      xlink:href="FRAN_NP_008638"
                      xlink:type="simple">
            <relationEntry>Sous-direction des affaires économiques et du financement (direction des forêts)</relationEntry>
            <dateRange>
               <fromDate standardDate="1984-01-01">1984</fromDate>
               <toDate standardDate="1987-12-31">1987</toDate>
            </dateRange>
         </cpfRelation>
         <cpfRelation xmlns:xlink="http://www.w3.org/1999/xlink"
                      cpfRelationType="hierarchical-parent"
                      xlink:href="FRAN_NP_000004"
                      xlink:type="simple">
            <relationEntry>Ministère de l'Agriculture</relationEntry>
            <dateRange>
               <fromDate standardDate="1976-01-01">1976</fromDate>
               <toDate standardDate="1987-12-31">1987</toDate>
            </dateRange>
         </cpfRelation>
         <cpfRelation xmlns:xlink="http://www.w3.org/1999/xlink"
                      cpfRelationType="temporal-earlier"
                      xlink:href="FRAN_NP_051258"
                      xlink:type="simple">
            <relationEntry>France. Ministère de l'Agriculture. Direction générale des eaux et forêts (1909-1976)</relationEntry>
            <dateRange>
               <fromDate standardDate="1976-01-01">1976</fromDate>
            </dateRange>
         </cpfRelation>
         <resourceRelation xmlns:xlink="http://www.w3.org/1999/xlink"
                           resourceRelationType="creatorOf"
                           xlink:href="FRAN_IR_008277"
                           xlink:type="simple">
            <relationEntry localType="archival">Agriculture ; Direction des forêts (1844-1978)</relationEntry>
         </resourceRelation>
         <resourceRelation xmlns:xlink="http://www.w3.org/1999/xlink"
                           resourceRelationType="creatorOf"
                           xlink:href="FRAN_IR_018970"
                           xlink:type="simple">
            <relationEntry localType="archival">Agriculture ; Direction forêts (1938-1987)</relationEntry>
         </resourceRelation>
         <resourceRelation xmlns:xlink="http://www.w3.org/1999/xlink"
                           resourceRelationType="creatorOf"
                           xlink:href="FRAN_IR_018968"
                           xlink:type="simple">
            <relationEntry localType="archival">Agriculture ; Direction forêts (1947-1986)</relationEntry>
         </resourceRelation>
         <resourceRelation xmlns:xlink="http://www.w3.org/1999/xlink"
                           resourceRelationType="creatorOf"
                           xlink:href="FRAN_IR_008042"
                           xlink:type="simple">
            <relationEntry localType="archival">Agriculture ; Direction des forêts (1920-1985)</relationEntry>
         </resourceRelation>
         <resourceRelation xmlns:xlink="http://www.w3.org/1999/xlink"
                           resourceRelationType="creatorOf"
                           xlink:href="FRAN_IR_056494"
                           xlink:type="simple">
            <relationEntry localType="archival">Ministère de l'Agriculture ; Direction des forêts. Société de secours et prêts entre les officiers forestiers (1873-1993).</relationEntry>
         </resourceRelation>
      </relations>
   </cpfDescription>
</eac-cpf>
