<eac-cpf xmlns="urn:isbn:1-931666-33-4"
         xmlns:xsi="http://www.w3.org/2001/XMLSchema-instance"
         xsi:schemaLocation="urn:isbn:1-931666-33-4 cpf.xsd">
   <control>
      <recordId>FRAN_NP_010316</recordId>
      <otherRecordId localType="Ancien_identifiant">FRDAFANCH00MC_NANOTAIRE00016</otherRecordId>
      <maintenanceStatus>derived</maintenanceStatus>
      <maintenanceAgency>
         <agencyName>Archives nationales de France</agencyName>
      </maintenanceAgency>
      <languageDeclaration>
         <language languageCode="fre">Français</language>
         <script scriptCode="Latn"/>
      </languageDeclaration>
      <conventionDeclaration>
         <citation>Notice établie conformément à la norme ICA-ISAAR (CPF) 2004, aux normes ISO 8601 pour le système de normalisation des dates utilisé, ainsi que AFNOR NF Z 44-061, juin 1986. Catalogage : forme et structure des vedettes noms de personne, des vedettes titres, des rubriques de classement et des titres forgés.</citation>
      </conventionDeclaration>
      <localControl localType="niveau_de_detail">
         <term>Moyenne</term>
      </localControl>
      <maintenanceHistory>
         <maintenanceEvent>
            <eventType>derived</eventType>
            <eventDateTime>2013-04-23</eventDateTime>
            <agentType>machine</agentType>
            <agent>Migration ETANOT</agent>
         </maintenanceEvent>
      </maintenanceHistory>
   </control>
   <cpfDescription>
      <identity>
         <entityType>person</entityType>
         <nameEntry localType="autorisée" scriptCode="Latn" xml:lang="fre">
            <part>Wasselin-Desfosses, Alfred-Victor</part>
         </nameEntry>
      </identity>
      <description>
         <existDates>
            <dateRange>
               <fromDate standardDate="1838-08-08">8 août 1838</fromDate>
               <toDate standardDate="1858-09-30">30 septembre 1858</toDate>
            </dateRange>
            <descriptiveNote>
               <p>Les dates d'existence de la personne ne sont pas connues et sont évaluées d'après les dates d'exercice en tant que notaire</p>
            </descriptiveNote>
         </existDates>
         <places>
            <place>
               <placeRole>Lieu de Paris</placeRole>
               <placeEntry localType="voie" vocabularySource="d3nzc9po1c--kgmut2jmymom">notre-dame (parvis)</placeEntry>
               <placeEntry localType="voie" vocabularySource="d3nz8kcppz--1sytuiygpp6bl">arcole (rue d')</placeEntry>
               <placeEntry localType="nomLieu">parvis de Notre-Dame (de 1838 à 1844), 19 rue d'Arcole (de 1844 à 1858)</placeEntry>
            </place>
         </places>
         <functions>
            <function>
               <term vocabularySource="d3nyui3o8w--11y7jgy8q3wnt">notaire à paris</term>
               <dateRange>
                  <fromDate standardDate="1838-08-08">8 août 1838</fromDate>
                  <toDate standardDate="1858-09-30">30 septembre 1858</toDate>
               </dateRange>
            </function>
         </functions>
         <biogHist>
            <p>Né le 2 septembre 1809 à Paris</p>
         </biogHist>
      </description>
      <relations>
         <cpfRelation xmlns:xlink="http://www.w3.org/1999/xlink"
                      cpfRelationType="associative"
                      xlink:href="FRAN_NP_010229"
                      xlink:type="simple">
            <relationEntry>Etude notariale CII</relationEntry>
            <dateRange>
               <fromDate standardDate="1838-08-08">8 août 1838</fromDate>
               <toDate standardDate="1858-09-30">30 septembre 1858</toDate>
            </dateRange>
         </cpfRelation>
         <resourceRelation resourceRelationType="other">
            <relationEntry localType="archival">BB/10/983, 16 juillet 1838, dossier de nomination</relationEntry>
         </resourceRelation>
         <resourceRelation resourceRelationType="other">
            <relationEntry localType="archival">BB/10/1418, 22 janvier 1859, dossier de nomination à l'honorariat</relationEntry>
         </resourceRelation>
         <resourceRelation xmlns:xlink="http://www.w3.org/1999/xlink"
                           resourceRelationType="creatorOf"
                           xlink:href="FRAN_IR_053404"
                           xlink:type="simple">
            <relationEntry localType="archival">Images des répertoires du notaire Alfred Victor Wasselin-Desfosses pour l'étude CII</relationEntry>
         </resourceRelation>
         <resourceRelation xmlns:xlink="http://www.w3.org/1999/xlink"
                           resourceRelationType="creatorOf"
                           xlink:href="FRAN_IR_043119"
                           xlink:type="simple">
            <relationEntry localType="archival">Minutes et répertoires du notaire Alfred Victor WASSELIN-DESFOSSES, 8 août 1838 - 30 septembre 1858 (étude CII)</relationEntry>
         </resourceRelation>
      </relations>
   </cpfDescription>
</eac-cpf>
