<eac-cpf xmlns="urn:isbn:1-931666-33-4"
         xmlns:xsi="http://www.w3.org/2001/XMLSchema-instance"
         xsi:schemaLocation="urn:isbn:1-931666-33-4 cpf.xsd">
   <control>
      <recordId>FRAN_NP_010169</recordId>
      <otherRecordId localType="Ancien_identifiant">FRDAFANCH00MC_NAETUDE_042</otherRecordId>
      <maintenanceStatus>revised</maintenanceStatus>
      <maintenanceAgency>
         <agencyName>Archives nationales de France</agencyName>
      </maintenanceAgency>
      <languageDeclaration>
         <language languageCode="fre">Français</language>
         <script scriptCode="Latn"/>
      </languageDeclaration>
      <conventionDeclaration>
         <citation>Notice établie conformément à la norme ICA-ISAAR (CPF) 2004, aux normes ISO 8601 pour le système de normalisation des dates utilisé, ainsi que AFNOR NF Z 44-061, juin 1986. Catalogage : forme et structure des vedettes noms de personne, des vedettes titres, des rubriques de classement et des titres forgés.</citation>
      </conventionDeclaration>
      <localControl localType="niveau_de_detail">
         <term>Moyenne</term>
      </localControl>
      <maintenanceHistory>
         <maintenanceEvent>
            <eventType>derived</eventType>
            <eventDateTime>2013-04-23</eventDateTime>
            <agentType>machine</agentType>
            <agent>Migration ETANOT</agent>
         </maintenanceEvent>
         <maintenanceEvent>
            <eventType>revised</eventType>
            <eventDateTime>2015-09-30</eventDateTime>
            <agentType>human</agentType>
            <agent>Marie-Françoise LIMON-BONNET</agent>
            <eventDescription>F. Clavaud, 6 octobre 2014 : revu indexation fonction, et tous les liens IR</eventDescription>
         </maintenanceEvent>
      </maintenanceHistory>
      <sources>
         <source>
            <descriptiveNote>
               <p>
                  <span style="bold">Voir : </span>
               </p>
               <p>Limon-Bonnet (M.-F.) [dir.], 
      <span style="italic">122 minutes d'histoire. Actes des notaires de Paris, XVIe-XXe siècle</span>, Paris, 2012, pp. 88-89. 
     </p>
               <p>
                  <span style="italic">Annuaire du notariat français 2012</span>, p. 1043. 
     </p>
            </descriptiveNote>
         </source>
      </sources>
   </control>
   <cpfDescription>
      <identity>
         <entityType>corporateBody</entityType>
         <nameEntry localType="autorisée" scriptCode="Latn" xml:lang="fre">
            <part>Etude XLII</part>
         </nameEntry>
         <nameEntry>
            <part>75067</part>
         </nameEntry>
         <nameEntry>
            <part>Uguen/Vidalenc &amp; Associés</part>
         </nameEntry>
         <nameEntry>
            <part>UGUEN Yann, MARBAUD de BRENIGNAN Agathe, de DROUÂS Bénigne, DELAMARCHE Grégoire et BOURDET Aurélien, SCP</part>
         </nameEntry>
      </identity>
      <description>
         <existDates>
            <dateRange>
               <fromDate standardDate="1568-01-01">1568</fromDate>
            </dateRange>
         </existDates>
         <places>
            <place>
               <placeRole>Lieu de Paris</placeRole>
               <placeEntry localType="nomLieu">4, rue de la Pompe, BP 409, 75116 Paris</placeEntry>
               <placeEntry localType="voie" vocabularySource="d3nzcls2nv--cgfuayygxqze">Pompe (rue de la)</placeEntry>
               <placeEntry localType="arrondissement_actuel"
                           vocabularySource="d3nyv8l7vr--1oyxkw6yfemf2">16e arrondissement</placeEntry>
            </place>
         </places>
         <legalStatuses>
            <legalStatus>
               <term>office notarial</term>
            </legalStatus>
         </legalStatuses>
         <functions>
            <function>
               <term vocabularySource="d3nyui3o8w--11y7jgy8q3wnt">notaire à Paris</term>
               <dateRange>
                  <fromDate standardDate="1568-01-01">1568</fromDate>
               </dateRange>
            </function>
         </functions>
         <mandates>
            <mandate/>
         </mandates>
         <generalContext>
            <p>Les minutes de cette étude ont été versées aux Archives nationales (2014) jusqu'au 31 décembre 1939.</p>
         </generalContext>
         <biogHist>
            <p>L'étude est installée dès 1568 rue Saint-Honoré, et ce jusqu'en 1769. Elle déménage alors rue Montmartre, jusqu'au XXe siècle. Elle est aujourd'hui rue de la Pompe. L'étude possède une belle clientèle, en plein coeur de Paris, rue Saint-Honoré près des Halles. En 1594, Henri IV y signe la vente de la seigneurie de Flavy-sur-Somme à Nicolas Dammerval. Située près du Louvre, elle bénéficie d'une clientèle attachée au service de la maison royale : des médecins du roi comme Daquin et Vallot, l'apothicaire Brillon, le menuisier Pierre Boulle, des peintres et sculpteurs, comme Salomon Perrot, Artus David, Antoine Hérault, Girardin, Briot, des jardiniers comme Mollet, Le Nôtre et Françoise Trouillet, qui travaillèrent aux Tuileries. Me Pain est le notaire de l'église Saint-Roch qui s'élève consécutivement aux marchés passés devant lui à partir de 1617, mais il consigne aussi d'autres marchés, comme, par exemple, pour le ravitaillement des princes et du commun, la fourniture d'huitres de Cancale en 1664 ! Des sociétés se créent pour faciliter les transports : relais de poste, installation de coches sur le Rhône, création de carrosses pour Notre-Dame-de-Liesse. Surtout, cette étude est celle à laquelle s'adressent Molière et les comédiens de sa troupe dès leur retour à Paris en 1659 : 8 actes sont signés de Molière, dont son contrat de mariage et le marché pour les décors du 
     <span style="italic">Don Juan</span> en 1664. Pour le XVIIIe siècle, on peut signaler que Rameau épouse Marie Louise Mangot en 1726, ou qu'en 1785 y est fait l'inventaire après décès de Pilâtre de Rozier, première victime de l'air à l'âge de 41 ans. Au XIXe siècle est constitué dans cette étude la société du passage Jouffroy (1844), celle du passage Verdeau (1846) et, en 1853, y sont enregistrés les statuts de la Société d'assurance générale contre la grêle. 
    </p>
            <p>Le Minutier central conserve les minutes de l'étude XLII à partir de l'année 1568.</p>
            <p>Les minutes de cette étude ont été versées aux Archives nationales (2014) jusqu'au 31 décembre 1939.</p>
         </biogHist>
      </description>
      <relations>
         <cpfRelation xmlns:xlink="http://www.w3.org/1999/xlink"
                      cpfRelationType="associative"
                      xlink:href="FRAN_NP_010366"
                      xlink:type="simple">
            <relationEntry>Vidalenc, Gabriel</relationEntry>
            <dateRange>
               <fromDate standardDate="1979-02-05">5 février 1979</fromDate>
               <toDate standardDate="2011-01-28">28 janvier 2011</toDate>
            </dateRange>
         </cpfRelation>
         <cpfRelation xmlns:xlink="http://www.w3.org/1999/xlink"
                      cpfRelationType="associative"
                      xlink:href="FRAN_NP_010825"
                      xlink:type="simple">
            <relationEntry>Pain, Léonor</relationEntry>
            <dateRange>
               <fromDate standardDate="1655-03-18">18 mars 1655</fromDate>
               <toDate standardDate="1667-03-13">13 mars 1667</toDate>
            </dateRange>
         </cpfRelation>
         <cpfRelation xmlns:xlink="http://www.w3.org/1999/xlink"
                      cpfRelationType="associative"
                      xlink:href="FRAN_NP_011233"
                      xlink:type="simple">
            <relationEntry>Morel, Jacques</relationEntry>
            <dateRange>
               <fromDate standardDate="1605-05-23">23 mai 1605</fromDate>
               <toDate standardDate="1652-11-13">13 novembre 1652</toDate>
            </dateRange>
         </cpfRelation>
         <cpfRelation xmlns:xlink="http://www.w3.org/1999/xlink"
                      cpfRelationType="associative"
                      xlink:href="FRAN_NP_010516"
                      xlink:type="simple">
            <relationEntry>Uguen, Yann</relationEntry>
            <dateRange>
               <fromDate standardDate="1977-06-01">1er juin 1977</fromDate>
            </dateRange>
         </cpfRelation>
         <cpfRelation xmlns:xlink="http://www.w3.org/1999/xlink"
                      cpfRelationType="associative"
                      xlink:href="FRAN_NP_010501"
                      xlink:type="simple">
            <relationEntry>Trubert, Jean Etienne</relationEntry>
            <dateRange>
               <fromDate standardDate="1779-01-02">2 janvier 1779</fromDate>
               <toDate standardDate="1812-07-15">15 juillet 1812</toDate>
            </dateRange>
         </cpfRelation>
         <cpfRelation xmlns:xlink="http://www.w3.org/1999/xlink"
                      cpfRelationType="associative"
                      xlink:href="FRAN_NP_013240"
                      xlink:type="simple">
            <relationEntry>Marbaud de brénignan, Agathe</relationEntry>
            <dateRange>
               <fromDate standardDate="2002-12-19">19 décembre 2002</fromDate>
            </dateRange>
         </cpfRelation>
         <cpfRelation xmlns:xlink="http://www.w3.org/1999/xlink"
                      cpfRelationType="associative"
                      xlink:href="FRAN_NP_013261"
                      xlink:type="simple">
            <relationEntry>Michel, Marin</relationEntry>
            <dateRange>
               <fromDate standardDate="1609-01-28">28 janvier 1609</fromDate>
               <toDate standardDate="1610-03-10">10 mars 1610</toDate>
            </dateRange>
         </cpfRelation>
         <cpfRelation xmlns:xlink="http://www.w3.org/1999/xlink"
                      cpfRelationType="associative"
                      xlink:href="FRAN_NP_013331"
                      xlink:type="simple">
            <relationEntry>Delamarche, Grégoire</relationEntry>
            <dateRange>
               <fromDate standardDate="2007-03-12">12 mars 2007</fromDate>
            </dateRange>
         </cpfRelation>
         <cpfRelation xmlns:xlink="http://www.w3.org/1999/xlink"
                      cpfRelationType="associative"
                      xlink:href="FRAN_NP_010739"
                      xlink:type="simple">
            <relationEntry>Roussel, Charles</relationEntry>
            <dateRange>
               <fromDate standardDate="1727-05-21">21 mai 1727</fromDate>
               <toDate standardDate="1743-03-14">14 mars 1743</toDate>
            </dateRange>
         </cpfRelation>
         <cpfRelation xmlns:xlink="http://www.w3.org/1999/xlink"
                      cpfRelationType="associative"
                      xlink:href="FRAN_NP_012813"
                      xlink:type="simple">
            <relationEntry>Beaufort, Claude de</relationEntry>
            <dateRange>
               <fromDate standardDate="1568-03-24">24 mars 1568</fromDate>
               <toDate standardDate="1605-03-26">26 mars 1605</toDate>
            </dateRange>
         </cpfRelation>
         <cpfRelation xmlns:xlink="http://www.w3.org/1999/xlink"
                      cpfRelationType="associative"
                      xlink:href="FRAN_NP_012050"
                      xlink:type="simple">
            <relationEntry>Ferret, Pierre</relationEntry>
            <dateRange>
               <fromDate standardDate="1667-03-14">14 mars 1667</fromDate>
               <toDate standardDate="1692-06-18">18 juin 1692</toDate>
            </dateRange>
         </cpfRelation>
         <cpfRelation xmlns:xlink="http://www.w3.org/1999/xlink"
                      cpfRelationType="associative"
                      xlink:href="FRAN_NP_013129"
                      xlink:type="simple">
            <relationEntry>Angot, Guillaume</relationEntry>
            <dateRange>
               <fromDate standardDate="1743-04-03">3 avril 1743</fromDate>
               <toDate standardDate="1778-12-31">31 décembre 1778</toDate>
            </dateRange>
         </cpfRelation>
         <cpfRelation xmlns:xlink="http://www.w3.org/1999/xlink"
                      cpfRelationType="associative"
                      xlink:href="FRAN_NP_010639"
                      xlink:type="simple">
            <relationEntry>Remond, Guillaume</relationEntry>
            <dateRange>
               <fromDate standardDate="1653-02-17">17 février 1653</fromDate>
               <toDate standardDate="1655-03-01">1er mars 1655</toDate>
            </dateRange>
         </cpfRelation>
         <cpfRelation xmlns:xlink="http://www.w3.org/1999/xlink"
                      cpfRelationType="associative"
                      xlink:href="FRAN_NP_012842"
                      xlink:type="simple">
            <relationEntry>Bellot, Adrien-Florent</relationEntry>
            <dateRange>
               <fromDate standardDate="1829-07-04">4 juillet 1829</fromDate>
               <toDate standardDate="1832-10-04">4 octobre 1832</toDate>
            </dateRange>
         </cpfRelation>
         <cpfRelation xmlns:xlink="http://www.w3.org/1999/xlink"
                      cpfRelationType="associative"
                      xlink:href="FRAN_NP_013092"
                      xlink:type="simple">
            <relationEntry>Acloque, Charles-André</relationEntry>
            <dateRange>
               <fromDate standardDate="1847-11-16">16 novembre 1847</fromDate>
               <toDate standardDate="1876-07-19">19 juillet 1876</toDate>
            </dateRange>
         </cpfRelation>
         <cpfRelation xmlns:xlink="http://www.w3.org/1999/xlink"
                      cpfRelationType="associative"
                      xlink:href="FRAN_NP_011953"
                      xlink:type="simple">
            <relationEntry>Grandidier, Jacques-François</relationEntry>
            <dateRange>
               <fromDate standardDate="1832-10-04">4 octobre 1832</fromDate>
               <toDate standardDate="1847-11-16">16 novembre 1847</toDate>
            </dateRange>
         </cpfRelation>
         <cpfRelation xmlns:xlink="http://www.w3.org/1999/xlink"
                      cpfRelationType="associative"
                      xlink:href="FRAN_NP_013223"
                      xlink:type="simple">
            <relationEntry>Drouas, Bénigne (de)</relationEntry>
            <dateRange>
               <fromDate standardDate="2002-12-19">19 décembre 2002</fromDate>
            </dateRange>
         </cpfRelation>
         <cpfRelation xmlns:xlink="http://www.w3.org/1999/xlink"
                      cpfRelationType="associative"
                      xlink:href="FRAN_NP_010500"
                      xlink:type="simple">
            <relationEntry>Trubert, Alexandre</relationEntry>
            <dateRange>
               <fromDate standardDate="1812-07-15">15 juillet 1812</fromDate>
               <toDate standardDate="1829-07-04">4 juillet 1829</toDate>
            </dateRange>
         </cpfRelation>
         <cpfRelation xmlns:xlink="http://www.w3.org/1999/xlink"
                      cpfRelationType="associative"
                      xlink:href="FRAN_NP_010515"
                      xlink:type="simple">
            <relationEntry>Uguen, Jean Marie</relationEntry>
            <dateRange>
               <fromDate standardDate="1945-12-10">10 décembre 1945</fromDate>
               <toDate standardDate="1977-06-01">1er juin 1977</toDate>
            </dateRange>
         </cpfRelation>
         <cpfRelation xmlns:xlink="http://www.w3.org/1999/xlink"
                      cpfRelationType="associative"
                      xlink:href="FRAN_NP_011294"
                      xlink:type="simple">
            <relationEntry>Labouret, Adrien</relationEntry>
            <dateRange>
               <fromDate standardDate="1876-07-19">19 juillet 1876</fromDate>
               <toDate standardDate="1906-05-23">23 mai 1906</toDate>
            </dateRange>
         </cpfRelation>
         <cpfRelation xmlns:xlink="http://www.w3.org/1999/xlink"
                      cpfRelationType="associative"
                      xlink:href="FRAN_NP_011295"
                      xlink:type="simple">
            <relationEntry>Labouret, Pierre</relationEntry>
            <dateRange>
               <fromDate standardDate="1906-05-23">23 mai 1906</fromDate>
               <toDate standardDate="1945-10-12">12 octobre 1945</toDate>
            </dateRange>
         </cpfRelation>
         <cpfRelation xmlns:xlink="http://www.w3.org/1999/xlink"
                      cpfRelationType="associative"
                      xlink:href="FRAN_NP_011330"
                      xlink:type="simple">
            <relationEntry>Lambon, Nicolas de</relationEntry>
            <dateRange>
               <fromDate standardDate="1692-06-19">19 juin 1692</fromDate>
               <toDate standardDate="1727-05-20">20 mai 1727</toDate>
            </dateRange>
         </cpfRelation>
         <cpfRelation xmlns:xlink="http://www.w3.org/1999/xlink"
                      cpfRelationType="associative"
                      xlink:href="FRAN_NP_013495"
                      xlink:type="simple">
            <relationEntry>Bourdet, Aurélien</relationEntry>
            <dateRange>
               <fromDate standardDate="2011-01-28">28 janvier 2011</fromDate>
            </dateRange>
         </cpfRelation>
         <resourceRelation xmlns:xlink="http://www.w3.org/1999/xlink"
                           resourceRelationType="creatorOf"
                           xlink:href="FRAN_IR_052009"
                           xlink:type="simple">
            <relationEntry localType="archival">Images des répertoires du notaire Adrien Labouret pour l'étude XLII</relationEntry>
         </resourceRelation>
         <resourceRelation xmlns:xlink="http://www.w3.org/1999/xlink"
                           resourceRelationType="creatorOf"
                           xlink:href="FRAN_IR_052006"
                           xlink:type="simple">
            <relationEntry localType="archival">Images des répertoires du notaire Alexandre Trubert pour l'étude XLII</relationEntry>
         </resourceRelation>
         <resourceRelation xmlns:xlink="http://www.w3.org/1999/xlink"
                           resourceRelationType="creatorOf"
                           xlink:href="FRAN_IR_052015"
                           xlink:type="simple">
            <relationEntry localType="archival">Images des répertoires du notaire Charles André Acloque pour l'étude XLII</relationEntry>
         </resourceRelation>
         <resourceRelation xmlns:xlink="http://www.w3.org/1999/xlink"
                           resourceRelationType="creatorOf"
                           xlink:href="FRAN_IR_052017"
                           xlink:type="simple">
            <relationEntry localType="archival">Images des répertoires du notaire Guillaume Angot pour l'étude XLII</relationEntry>
         </resourceRelation>
         <resourceRelation xmlns:xlink="http://www.w3.org/1999/xlink"
                           resourceRelationType="creatorOf"
                           xlink:href="FRAN_IR_052012"
                           xlink:type="simple">
            <relationEntry localType="archival">Images des répertoires du notaire Jacques François Grandidier pour l'étude XLII</relationEntry>
         </resourceRelation>
         <resourceRelation xmlns:xlink="http://www.w3.org/1999/xlink"
                           resourceRelationType="creatorOf"
                           xlink:href="FRAN_IR_052008"
                           xlink:type="simple">
            <relationEntry localType="archival">Images des répertoires du notaire Jean Etienne Trubert pour l'étude XLII</relationEntry>
         </resourceRelation>
         <resourceRelation xmlns:xlink="http://www.w3.org/1999/xlink"
                           resourceRelationType="creatorOf"
                           xlink:href="FRAN_IR_052011"
                           xlink:type="simple">
            <relationEntry localType="archival">Images des répertoires du notaire Nicolas de Lambon pour l'étude XLII</relationEntry>
         </resourceRelation>
         <resourceRelation xmlns:xlink="http://www.w3.org/1999/xlink"
                           resourceRelationType="creatorOf"
                           xlink:href="FRAN_IR_052007"
                           xlink:type="simple">
            <relationEntry localType="archival">Images du répertoire du notaire Charles Roussel pour l'étude XLII</relationEntry>
         </resourceRelation>
         <resourceRelation xmlns:xlink="http://www.w3.org/1999/xlink"
                           resourceRelationType="creatorOf"
                           xlink:href="FRAN_IR_052010"
                           xlink:type="simple">
            <relationEntry localType="archival">Images des répertoires du notaire Pierre Labouret pour l'étude XLII</relationEntry>
         </resourceRelation>
         <resourceRelation xmlns:xlink="http://www.w3.org/1999/xlink"
                           resourceRelationType="creatorOf"
                           xlink:href="FRAN_IR_051001"
                           xlink:type="simple">
            <relationEntry localType="archival">«Mélanges» (dossiers de clients) de l’étude XLII. MC/ET/XLII/717 (1734-1790)</relationEntry>
         </resourceRelation>
         <resourceRelation xmlns:xlink="http://www.w3.org/1999/xlink"
                           resourceRelationType="subjectOf"
                           xlink:href="FRAN_IR_042081"
                           xlink:type="simple">
            <relationEntry localType="archival">Minutes et répertoires du notaire Adrien Florent BELLOT, 4 juillet 182 - 3 octobre 1832 (étude XLII)</relationEntry>
         </resourceRelation>
         <resourceRelation xmlns:xlink="http://www.w3.org/1999/xlink"
                           resourceRelationType="subjectOf"
                           xlink:href="FRAN_IR_042077"
                           xlink:type="simple">
            <relationEntry localType="archival">Minutes et répertoires du notaire Charles ROUSSEL, 21 mai 1727 - 14 mars 1743 (étude XLII)</relationEntry>
         </resourceRelation>
         <resourceRelation xmlns:xlink="http://www.w3.org/1999/xlink"
                           resourceRelationType="subjectOf"
                           xlink:href="FRAN_IR_042086"
                           xlink:type="simple">
            <relationEntry localType="archival">Minutes et répertoires du notaire Jean Marie UGUEN, 10 décembre 1945 - 1er juin 1977 (étude XLII)</relationEntry>
         </resourceRelation>
         <resourceRelation xmlns:xlink="http://www.w3.org/1999/xlink"
                           resourceRelationType="creatorOf"
                           xlink:href="FRAN_IR_042070"
                           xlink:type="simple">
            <relationEntry localType="archival">Archives de l'étude XLII</relationEntry>
         </resourceRelation>
         <resourceRelation xmlns:xlink="http://www.w3.org/1999/xlink"
                           resourceRelationType="creatorOf"
                           xlink:href="FRAN_IR_042084"
                           xlink:type="simple">
            <relationEntry localType="archival">Minutes et répertoires du notaire Pierre LABOURET, 26 mai 1906 - 31 décembre 1939 (étude XLII)</relationEntry>
         </resourceRelation>
         <resourceRelation xmlns:xlink="http://www.w3.org/1999/xlink"
                           resourceRelationType="creatorOf"
                           xlink:href="FRAN_IR_050935"
                           xlink:type="simple">
            <relationEntry localType="archival">Dossiers de clients de l'étude XLII (1226 - 1934)</relationEntry>
         </resourceRelation>
         <resourceRelation xmlns:xlink="http://www.w3.org/1999/xlink"
                           resourceRelationType="creatorOf"
                           xlink:href="FRAN_IR_051004"
                           xlink:type="simple">
            <relationEntry localType="archival">«Mélanges» (dossiers de clients) de l’étude XLV. MC/ET/XLV/666-MC/ET/XLV/667/B (1546-1846).</relationEntry>
         </resourceRelation>
         <resourceRelation xmlns:xlink="http://www.w3.org/1999/xlink"
                           resourceRelationType="creatorOf"
                           xlink:href="FRAN_IR_042078"
                           xlink:type="simple">
            <relationEntry localType="archival">Minutes et répertoires du notaire Guillaume ANGOT, 3 avril 1743 - décembre 1778 (étude XLII)</relationEntry>
         </resourceRelation>
         <resourceRelation xmlns:xlink="http://www.w3.org/1999/xlink"
                           resourceRelationType="creatorOf"
                           xlink:href="FRAN_IR_042082"
                           xlink:type="simple">
            <relationEntry localType="archival">Minutes et répertoires du notaire Charles André ACLOQUE, 16 novembre 1847 - 19 juillet 1876 (étude XLII)</relationEntry>
         </resourceRelation>
         <resourceRelation xmlns:xlink="http://www.w3.org/1999/xlink"
                           resourceRelationType="creatorOf"
                           xlink:href="FRAN_IR_042079"
                           xlink:type="simple">
            <relationEntry localType="archival">Minutes et répertoires du notaire Jean Étienne TRUBERT, 2 janvier 1779 - 14 juillet 1812 (étude XLII)</relationEntry>
         </resourceRelation>
         <resourceRelation xmlns:xlink="http://www.w3.org/1999/xlink"
                           resourceRelationType="creatorOf"
                           xlink:href="FRAN_IR_042074"
                           xlink:type="simple">
            <relationEntry localType="archival">Minutes et répertoires du notaire Léonor PAIN, 18 mars 1655 - 13 mars 1667 (étude XLII)</relationEntry>
         </resourceRelation>
         <resourceRelation xmlns:xlink="http://www.w3.org/1999/xlink"
                           resourceRelationType="creatorOf"
                           xlink:href="FRAN_IR_042072"
                           xlink:type="simple">
            <relationEntry localType="archival">Minutes et répertoires du notaire Jacques MOREL, 27 mai 1605 - 13 novembre 1652 (étude XLII)</relationEntry>
         </resourceRelation>
         <resourceRelation xmlns:xlink="http://www.w3.org/1999/xlink"
                           resourceRelationType="creatorOf"
                           xlink:href="FRAN_IR_042071"
                           xlink:type="simple">
            <relationEntry localType="archival">Minutes et répertoires du notaire Claude de BEAUFORT, 24 mars 1568 - 23 mars 1605 (étude XLII)</relationEntry>
         </resourceRelation>
         <resourceRelation xmlns:xlink="http://www.w3.org/1999/xlink"
                           resourceRelationType="creatorOf"
                           xlink:href="FRAN_IR_042073"
                           xlink:type="simple">
            <relationEntry localType="archival">Minutes et répertoires du notaire Guillaume REMOND, 17 février 1653 - 1er mars 1655 (étude XLII)</relationEntry>
         </resourceRelation>
         <resourceRelation xmlns:xlink="http://www.w3.org/1999/xlink"
                           resourceRelationType="creatorOf"
                           xlink:href="FRAN_IR_052013"
                           xlink:type="simple">
            <relationEntry localType="archival">Images du répertoire du notaire Pierre Ferret pour l'étude XLII</relationEntry>
         </resourceRelation>
         <resourceRelation xmlns:xlink="http://www.w3.org/1999/xlink"
                           resourceRelationType="creatorOf"
                           xlink:href="FRAN_IR_054324"
                           xlink:type="simple">
            <relationEntry localType="archival">Images des répertoires du notaire Adrien Florent Bellot pour l'étude XLII</relationEntry>
         </resourceRelation>
         <resourceRelation xmlns:xlink="http://www.w3.org/1999/xlink"
                           resourceRelationType="creatorOf"
                           xlink:href="FRAN_IR_042085"
                           xlink:type="simple">
            <relationEntry localType="archival">Minutes et répertoires du notaire Adrien LABOURET, 20 juillet 1876 - 23 mai 1906 (étude XLII)</relationEntry>
         </resourceRelation>
      </relations>
   </cpfDescription>
</eac-cpf>
