<eac-cpf xmlns="urn:isbn:1-931666-33-4"
         xmlns:xsi="http://www.w3.org/2001/XMLSchema-instance"
         xsi:schemaLocation="urn:isbn:1-931666-33-4 cpf.xsd">
   <control>
      <recordId>FRAN_NP_005628</recordId>
      <maintenanceStatus>revised</maintenanceStatus>
      <maintenanceAgency>
         <agencyName>Archives nationales de France</agencyName>
      </maintenanceAgency>
      <languageDeclaration>
         <language languageCode="fre">Français</language>
         <script scriptCode="Latn"/>
      </languageDeclaration>
      <conventionDeclaration>
         <citation>Notice établie conformément à la norme ICA-ISAAR (CPF) 2004, aux normes ISO 8601 pour le système de normalisation des dates utilisé, ainsi que AFNOR NF Z 44-061, juin 1986. Catalogage : forme et structure des vedettes noms de personne, des vedettes titres, des rubriques de classement et des titres forgés.</citation>
      </conventionDeclaration>
      <localControl localType="niveau_de_detail">
         <term>Moyenne</term>
      </localControl>
      <maintenanceHistory>
         <maintenanceEvent>
            <eventType>derived</eventType>
            <eventDateTime>2013-04-23</eventDateTime>
            <agentType>machine</agentType>
            <agent>Import_SIA</agent>
         </maintenanceEvent>
         <maintenanceEvent>
            <eventType>revised</eventType>
            <eventDateTime>2017-04-25</eventDateTime>
            <agentType>human</agentType>
            <agent>Mission.referentiels MISSION.REFERENTIELS</agent>
         </maintenanceEvent>
         <maintenanceEvent>
            <eventType>updated</eventType>
            <eventDateTime>2017-04-25</eventDateTime>
            <agentType>human</agentType>
            <agent>Mission.referentiels MISSION.REFERENTIELS</agent>
            <eventDescription>F. Clavaud, 25 avril 2017 : version recréée avec les infos fournies par Marine Zelverte ; ajout lien d'identité, révision liens NP</eventDescription>
         </maintenanceEvent>
      </maintenanceHistory>
      <sources>
         <source>
            <sourceEntry>Journal Officiel de la République française</sourceEntry>
         </source>
         <source>
            <sourceEntry>Bottin administratif</sourceEntry>
         </source>
         <source>
            <sourceEntry>Site Internet du ministère de la Culture et de la Communication : http://www.culturecommunication.gouv.fr/Politiques-ministerielles/Livre-et-Lecture/Service-du-Livre-et-de-la-Lecture</sourceEntry>
         </source>
      </sources>
   </control>
   <cpfDescription>
      <identity>
         <entityType>corporateBody</entityType>
         <nameEntry localType="autorisée" scriptCode="Latn" xml:lang="fre">
            <part>France. Direction générale des Médias et des Industries culturelles. Service du Livre et de la Lecture (2010-....)</part>
         </nameEntry>
         <nameEntry>
            <part>SLL</part>
         </nameEntry>
      </identity>
      <description>
         <existDates>
            <dateRange>
               <fromDate standardDate="2010-01-13">13 janvier 2010</fromDate>
            </dateRange>
         </existDates>
         <legalStatuses>
            <legalStatus>
               <term vocabularySource="d5blonaxbw--1mt8t42bokzts">service d'administration centrale</term>
            </legalStatus>
         </legalStatuses>
         <functions>
            <function>
               <term vocabularySource="d3nyuh17x9-p3lv1gh3hjbu">contrôle technique</term>
            </function>
            <function>
               <term vocabularySource="d3nyuhj40k--1fa0kxxoydrws">enquête publique</term>
            </function>
            <function>
               <term vocabularySource="d5bhvijq5z-zaaj99p5tmch">gestion du personnel</term>
            </function>
            <function>
               <term vocabularySource="d3nyuicsjl-tb7ampjet3iu">réglementation</term>
            </function>
            <function>
               <term vocabularySource="d3nyuilwmi-zu0efiq3ap4v">tutelle</term>
            </function>
            <function>
               <term vocabularySource="d5bhvihqll-iv6mus5ox250">évaluation</term>
            </function>
         </functions>
         <mandates>
            <mandate>
               <descriptiveNote>
                  <p>Décret n° 2009-1393 du 11 novembre 2009 relatif aux missions et à l'organisation de l'administration centrale du ministère de la culture et de la communication (https://www.legifrance.gouv.fr/affichTexte.do?cidTexte=JORFTEXT000021262661&amp;amp;fastPos=1&amp;amp;fastReqId=1165052470&amp;amp;categorieLien=id&amp;amp;oldAction=rechTexte)</p>
                  <p>Arrêté du 17 novembre 2009 relatif aux missions et à l'organisation de la direction générale des médias et des industries culturelles (https://www.legifrance.gouv.fr/eli/arrete/2009/11/17/MCCB0922702A/jo/texte)</p>
                  <p>Arrêté du 19 janvier 2012 modifiant l'arrêté du 17 novembre 2009 relatif aux missions et à l'organisation de la direction générale des médias et des industries culturelles (https://www.legifrance.gouv.fr/eli/arrete/2012/1/19/MCCB1130198A/jo/texte)</p>
               </descriptiveNote>
            </mandate>
         </mandates>
         <structureOrGenealogy>
            <p>En application de l'arrêté du 17 novembre 2009 (art. 2), le service du Livre et de la Lecture comprend :</p>
            <list>
               <item>le département du patrimoine et de la politique numérique ;</item>
               <item>le département de la lecture ;</item>
               <item>le département de l'édition et de la librairie ;</item>
               <item>le département de la tutelle et du réseau.</item>
            </list>
            <p/>
            <p>Il est réorganisé par l'arrêté du 19 janvier 2012 (art. 1) et comprend alors :</p>
            <list>
               <item>le département des bibliothèques ;</item>
               <item>le département de l'économie du livre ;</item>
               <item>le département des ressources et de l'action territoriale.</item>
            </list>
         </structureOrGenealogy>
         <biogHist>
            <p>
               <span style="underline">Historique</span> : 
    </p>
            <p>Le service du Livre et de la Lecture (SLL) est créé par l'arrêté du 17 novembre 2009 qui définit les missions et l'organisation de la direction générale des Médias et des Industries culturelles (DGMIC), elle-même créée par un décret du 11 novembre 2009. Il est véritablement mis en place à partir du 13 janvier 2010, date à laquelle ces décret et arrêté entrent en application.</p>
            <p>Son organisation est modifiée par l'arrêté du 19 janvier 2012 modifiant l'arrêté du 17 novembre 2009.</p>
            <p/>
            <p>
               <span style="underline">Missions</span> : 
    </p>
            <p>Le SLL assure un rôle d'évaluation et de réglementation dans le domaine de la chaîne du livre, et en particulier dans les champs de la librairie et de l'édition, de la lecture publique, des politiques numériques et patrimoniales. Il exerce la tutelle sur la Bibliothèque nationale de France (BnF), la Bibliothèque publique d'information (BPI) et le Centre national du livre (CNL), et suit les carrières et effectifs des personnels des bibliothèques affectés au ministère. Il s'appuie, pour la mise en œuvre de la politique de l'État, sur les Directions régionales des affaires culturelles (DRAC) et leurs conseillers pour le livre et la lecture.</p>
            <p>Pour cela, en vertu de l'article 2 de l'arrêté du 17 novembre 2009, il est chargé :</p>
            <list>
               <item>d'élaborer, coordonner et évaluer l'action du ministère de la Culture et de la Communication dans le domaine du livre et de la lecture ;</item>
               <item>de veiller à l'équilibre entre les différents acteurs qui interviennent dans le domaine du livre et de la librairie et au développement du secteur de l'édition ;</item>
               <item>de suivre les questions économiques, juridiques et sociales intéressant la création, l'édition, la diffusion, la distribution et la promotion du livre ;</item>
               <item>de mettre en œuvre la tutelle sur les opérateurs relevant de son domaine de compétences ;</item>
               <item>de favoriser le développement de la lecture et de procéder à l'évaluation des politiques dans le domaine de la lecture publique. Il contribue à la modernisation des bibliothèques et des médiathèques, et notamment au renforcement des réseaux et services de coopération. Il veille à la conservation, à l'enrichissement et à la valorisation de leur patrimoine ;</item>
               <item>d'exercer le contrôle technique de l'État sur les bibliothèques et des médiathèques des collectivités territoriales ;</item>
               <item>de réaliser des enquêtes concernant le livre et la lecture.</item>
            </list>
         </biogHist>
      </description>
      <relations>
         <cpfRelation xmlns:xlink="http://www.w3.org/1999/xlink"
                      cpfRelationType="associative"
                      xlink:href="FRAN_NP_051355"
                      xlink:type="simple">
            <relationEntry>Bibliothèque nationale de France (1994-....)</relationEntry>
            <dateRange>
               <fromDate standardDate="2010-01-13">13 janvier 2010</fromDate>
            </dateRange>
            <descriptiveNote>
               <p>
     @isAssociatedWithForItsControl@
    </p>
            </descriptiveNote>
         </cpfRelation>
         <cpfRelation xmlns:xlink="http://www.w3.org/1999/xlink"
                      cpfRelationType="associative"
                      xlink:href="FRAN_NP_005089"
                      xlink:type="simple">
            <relationEntry>Fédération interrégionale du livre et de la lecture (1985-....)</relationEntry>
            <dateRange>
               <fromDate standardDate="2010-01-13">13 janvier 2010</fromDate>
            </dateRange>
            <descriptiveNote>
               <p>
     @isFunctionnallyLinkedTo@
    </p>
            </descriptiveNote>
         </cpfRelation>
         <cpfRelation xmlns:xlink="http://www.w3.org/1999/xlink"
                      cpfRelationType="associative"
                      xlink:href="FRAN_NP_003971"
                      xlink:type="simple">
            <relationEntry>École nationale supérieure des sciences de l'information et des bibliothèques (Villeurbanne, Rhône)</relationEntry>
            <dateRange>
               <fromDate standardDate="2010-01-13">13 janvier 2010</fromDate>
            </dateRange>
            <descriptiveNote>
               <p>
     @isFunctionnallyLinkedTo@
    </p>
            </descriptiveNote>
         </cpfRelation>
         <cpfRelation xmlns:xlink="http://www.w3.org/1999/xlink"
                      cpfRelationType="hierarchical-child"
                      xlink:href="FRAN_NP_005630"
                      xlink:type="simple">
            <relationEntry>France. Direction générale des Médias et des Industries culturelles. Service du Livre et de la Lecture. Département de la lecture (2010-2012)</relationEntry>
            <dateRange>
               <fromDate standardDate="2010-01-13">13 janvier 2010</fromDate>
               <toDate standardDate="2012-02-29">29 février 2012</toDate>
            </dateRange>
            <descriptiveNote>
               <p>
     @isPartOf@
    </p>
            </descriptiveNote>
         </cpfRelation>
         <cpfRelation xmlns:xlink="http://www.w3.org/1999/xlink"
                      cpfRelationType="hierarchical-child"
                      xlink:href="FRAN_NP_005093"
                      xlink:type="simple">
            <relationEntry>Département de l'économie du livre (ministère de la Culture et de la Communication)</relationEntry>
            <dateRange>
               <fromDate standardDate="2010-01-13">13 janvier 2010</fromDate>
            </dateRange>
         </cpfRelation>
         <cpfRelation xmlns:xlink="http://www.w3.org/1999/xlink"
                      cpfRelationType="associative"
                      xlink:href="FRAN_NP_005090"
                      xlink:type="simple">
            <relationEntry>France. Inspection générale des bibliothèques (1822-....)</relationEntry>
            <dateRange>
               <fromDate standardDate="2010-01-13">13 janvier 2010</fromDate>
            </dateRange>
            <descriptiveNote>
               <p>
     @isFunctionnallyLinkedTo@
    </p>
            </descriptiveNote>
         </cpfRelation>
         <cpfRelation xmlns:xlink="http://www.w3.org/1999/xlink"
                      cpfRelationType="associative"
                      xlink:href="FRAN_NP_005075"
                      xlink:type="simple">
            <relationEntry>Centre national du livre (France)</relationEntry>
            <dateRange>
               <fromDate standardDate="2010-01-13">13 janvier 2010</fromDate>
            </dateRange>
            <descriptiveNote>
               <p>
     @isAssociatedWithForItsControl@
    </p>
            </descriptiveNote>
         </cpfRelation>
         <cpfRelation xmlns:xlink="http://www.w3.org/1999/xlink"
                      cpfRelationType="temporal-earlier"
                      xlink:href="FRAN_NP_005097"
                      xlink:type="simple">
            <relationEntry>France. Direction du Livre et de la Lecture. Département des politiques documentaires et patrimoniales (1995-2010)</relationEntry>
            <dateRange>
               <fromDate standardDate="2010-01-13">13 janvier 2010</fromDate>
            </dateRange>
         </cpfRelation>
         <cpfRelation xmlns:xlink="http://www.w3.org/1999/xlink"
                      cpfRelationType="associative"
                      xlink:href="FRAN_NP_005422"
                      xlink:type="simple">
            <relationEntry>Bibliothèque publique d'information (Paris)</relationEntry>
            <dateRange>
               <fromDate standardDate="2010-01-13">13 janvier 2010</fromDate>
            </dateRange>
            <descriptiveNote>
               <p>
     @isAssociatedWithForItsControl@
    </p>
            </descriptiveNote>
         </cpfRelation>
         <cpfRelation xmlns:xlink="http://www.w3.org/1999/xlink"
                      cpfRelationType="hierarchical-child"
                      xlink:href="FRAN_NP_005632"
                      xlink:type="simple">
            <relationEntry>France. Direction générale des Médias et des Industries culturelles. Service du Livre et de la Lecture. Département de la tutelle et du réseau (2010-2012)</relationEntry>
            <dateRange>
               <fromDate standardDate="2010-01-13">13 janvier 2010</fromDate>
               <toDate standardDate="2012-02-29">29 février 2012</toDate>
            </dateRange>
            <descriptiveNote>
               <p>
     @isPartOf@
    </p>
            </descriptiveNote>
         </cpfRelation>
         <cpfRelation xmlns:xlink="http://www.w3.org/1999/xlink"
                      cpfRelationType="hierarchical-child"
                      xlink:href="FRAN_NP_009801"
                      xlink:type="simple">
            <relationEntry>France. Direction générale des Médias et des Industries culturelles. Service du Livre et de la Lecture. Département des bibliothèques (2012-....)</relationEntry>
            <dateRange>
               <fromDate standardDate="2012-03-01">1er mars 2012</fromDate>
            </dateRange>
            <descriptiveNote>
               <p>
     @isPartOf@
    </p>
            </descriptiveNote>
         </cpfRelation>
         <cpfRelation xmlns:xlink="http://www.w3.org/1999/xlink"
                      cpfRelationType="hierarchical-child"
                      xlink:href="FRAN_NP_005629"
                      xlink:type="simple">
            <relationEntry>France. Direction générale des Médias et des Industries culturelles. Service du Livre et de la Lecture. Département du patrimoine et de la politique numérique (2010-2012)</relationEntry>
            <dateRange>
               <fromDate standardDate="2010-01-13">13 janvier 2010</fromDate>
               <toDate standardDate="2012-02-29">29 février 2012</toDate>
            </dateRange>
            <descriptiveNote>
               <p>
     @isPartOf@
    </p>
            </descriptiveNote>
         </cpfRelation>
         <cpfRelation xmlns:xlink="http://www.w3.org/1999/xlink"
                      cpfRelationType="hierarchical-child"
                      xlink:href="FRAN_NP_009802"
                      xlink:type="simple">
            <relationEntry>France. Direction générale des Médias et des Industries culturelles. Service du Livre et de la Lecture. Département des ressources et de l'action territoriale (2012-....)</relationEntry>
            <dateRange>
               <fromDate standardDate="2012-03-01">1er mars 2012</fromDate>
            </dateRange>
            <descriptiveNote>
               <p>
     @isPartOf@
    </p>
            </descriptiveNote>
         </cpfRelation>
         <cpfRelation xmlns:xlink="http://www.w3.org/1999/xlink"
                      cpfRelationType="hierarchical-parent"
                      xlink:href="FRAN_NP_005439"
                      xlink:type="simple">
            <relationEntry>France. Ministère de la Culture et de la Communication. Direction générale des Médias et des Industries culturelles (2010-....)</relationEntry>
            <dateRange>
               <fromDate standardDate="2010-01-13">13 janvier 2010</fromDate>
            </dateRange>
            <descriptiveNote>
               <p>@isPartOf@</p>
            </descriptiveNote>
         </cpfRelation>
         <cpfRelation xmlns:xlink="http://www.w3.org/1999/xlink"
                      cpfRelationType="temporal-earlier"
                      xlink:href="FRAN_NP_005099"
                      xlink:type="simple">
            <relationEntry>France. Ministère de la Culture et de la Communication. Direction du Livre et de la Lecture (1976-2010)</relationEntry>
            <dateRange>
               <fromDate standardDate="2010-01-13">13 janvier 2010</fromDate>
            </dateRange>
         </cpfRelation>
         <cpfRelation xmlns:xlink="http://www.w3.org/1999/xlink"
                      cpfRelationType="identity"
                      xlink:href="http://catalogue.bnf.fr/ark:/12148/cb165199221"
                      xlink:type="simple">
            <relationEntry>France. Service du livre et de la lecture</relationEntry>
            <dateRange>
               <fromDate standardDate="2010-01-13">13 janvier 2010</fromDate>
            </dateRange>
            <descriptiveNote>
               <p>Notice d'autorité BnF</p>
            </descriptiveNote>
         </cpfRelation>
         <resourceRelation xmlns:xlink="http://www.w3.org/1999/xlink"
                           resourceRelationType="creatorOf"
                           xlink:href="FRAN_IR_055352"
                           xlink:type="simple">
            <relationEntry localType="archival">Directeur et Directeur-adjoint de la Direction du Livre et de la Lecture (DLL) puis Service du Livre et de la Lecture (SLL)</relationEntry>
         </resourceRelation>
      </relations>
   </cpfDescription>
</eac-cpf>
