<eac-cpf xmlns="urn:isbn:1-931666-33-4"
         xmlns:xsi="http://www.w3.org/2001/XMLSchema-instance"
         xsi:schemaLocation="urn:isbn:1-931666-33-4 cpf.xsd">
   <control>
      <recordId>FRAN_NP_005282</recordId>
      <otherRecordId localType="Ancien_identifiant">5110</otherRecordId>
      <maintenanceStatus>revised</maintenanceStatus>
      <maintenanceAgency>
         <agencyName>Archives nationales de France</agencyName>
      </maintenanceAgency>
      <languageDeclaration>
         <language languageCode="fre">Français</language>
         <script scriptCode="Latn"/>
      </languageDeclaration>
      <conventionDeclaration>
         <citation>Notice établie conformément à la norme ICA-ISAAR (CPF) 2004, aux normes ISO 8601 pour le système de normalisation des dates utilisé, ainsi que AFNOR NF Z 44-061, juin 1986. Catalogage : forme et structure des vedettes noms de personne, des vedettes titres, des rubriques de classement et des titres forgés.</citation>
      </conventionDeclaration>
      <localControl localType="niveau_de_detail">
         <term>Moyenne</term>
      </localControl>
      <maintenanceHistory>
         <maintenanceEvent>
            <eventType>derived</eventType>
            <eventDateTime>2013-04-23</eventDateTime>
            <agentType>machine</agentType>
            <agent>Import_SIA</agent>
         </maintenanceEvent>
         <maintenanceEvent>
            <eventType>revised</eventType>
            <eventDateTime>2016-01-19</eventDateTime>
            <agentType>human</agentType>
            <agent>Marine ZELVERTE</agent>
            <eventDescription>F. Clavaud, 19 janvier 2016 : revu liens IR, ajouté URL notice BnF</eventDescription>
         </maintenanceEvent>
      </maintenanceHistory>
      <sources>
         <source>
            <descriptiveNote>
               <p>Notice BnF : http://catalogue.bnf.fr/ark:/12148/cb11864060r</p>
            </descriptiveNote>
         </source>
      </sources>
   </control>
   <cpfDescription>
      <identity>
         <entityId>ISNI 0000 0001 2153 822X</entityId>
         <entityType>corporateBody</entityType>
         <nameEntry localType="autorisée" scriptCode="Latn" xml:lang="fre">
            <part>France. Ministère de la Culture et de la Communication. Direction de l'administration générale (1959-2010)</part>
         </nameEntry>
         <nameEntry>
            <part>Direction de l'administration générale et de l'environnement culturel</part>
            <useDates>
               <dateRange>
                  <fromDate standardDate="1986-01-01">1986</fromDate>
                  <toDate standardDate="1990-12-31">1990</toDate>
               </dateRange>
            </useDates>
         </nameEntry>
         <nameEntry>
            <part>Direction de l'administration générale</part>
            <useDates>
               <dateRange>
                  <fromDate standardDate="1961-01-01">1961</fromDate>
                  <toDate standardDate="1986-12-31">1986</toDate>
               </dateRange>
            </useDates>
         </nameEntry>
         <nameEntry>
            <part>Service d'administration générale</part>
            <useDates>
               <dateRange>
                  <fromDate standardDate="1959-01-01">1959</fromDate>
                  <toDate standardDate="1961-12-31">1961</toDate>
               </dateRange>
            </useDates>
         </nameEntry>
      </identity>
      <description>
         <existDates>
            <dateRange>
               <fromDate standardDate="1959-01-01">1959</fromDate>
               <toDate standardDate="2010-12-31">2010</toDate>
            </dateRange>
         </existDates>
         <legalStatuses>
            <legalStatus>
               <term vocabularySource="d5blonaxbw--1mt8t42bokzts">service d'administration centrale</term>
            </legalStatus>
         </legalStatuses>
         <functions>
            <function>
               <term vocabularySource="d3nyugqf1y-blcz6vh7uoov">comptabilité</term>
            </function>
            <function>
               <term vocabularySource="d3nyugtbte--13rem7tfg1o1y">contentieux</term>
            </function>
            <function>
               <term vocabularySource="d5bhvijq5z-zaaj99p5tmch">gestion du personnel</term>
            </function>
            <function>
               <term vocabularySource="d5bhvimbi4--1c33jbciwlk3b">gestion immobilière</term>
            </function>
            <function>
               <term vocabularySource="d5bhvimeqi--bjuveokbemo0">gestion logistique</term>
            </function>
            <function>
               <term vocabularySource="d5bhvijcl3--1u6l4sy8b51az">préparation budgétaire</term>
            </function>
            <function>
               <term vocabularySource="d3nyuicsjl-tb7ampjet3iu">réglementation</term>
            </function>
            <function>
               <term vocabularySource="d3nyuhp1um--qolq4osvi6b5">étude</term>
            </function>
         </functions>
         <mandates>
            <mandate>
               <descriptiveNote>
                  <p>décret n°61-236 du 7 mars 1961 </p>
                  <p>arrêté du 14 avril 1962</p>
                  <p>arrêtés des 25 mars 2002, 18 août 2004, 29 avril 2005 et 15 novembre 2006</p>
                  <p>décret 2009-1393 du 11 novembre 2009</p>
               </descriptiveNote>
            </mandate>
         </mandates>
         <structureOrGenealogy/>
         <biogHist>
            <p>La DAG est une direction de logistique et de moyens. Elle anime, coordonne et évalue la politique de modernisation et de déconcentration du Ministère. Elle élabore et conduit la politique de gestion du personnel. Chargée du contrôle de gestion au sein du ministère, la DAG coordonne sa mise en œuvre. Elle coordonne également la préparation des textes législatifs et réglementaires. Elle représente l’État devant les juridictions. La DAG définit aussi la politique immobilière du Ministère.</p>
            <p/>
            <p>Dès sa création en 1959, le ministère des Affaires culturelles met en place une structure administrative chargée des fonctions support (budget et comptabilité, réglementation générale et contentieux, personnel et affaires sociales, logistique et matériel), le Service de l’administration générale (SAG).</p>
            <p>Ce service est promu au rang de Direction de l’administration générale (DAG) par le décret n°61-236 du 7 mars 1961 modifiant l’art. 2 du décret n°59-212 du 3 février 1959, ses missions sont définies par l’arrêté du 14 avril 1962. “ La DAG du ministère des Affaires culturelles est un organe d’étude, d’information et d’exécution ” (art. 1er-1). Sa structure s’articule en sept bureaux :</p>
            <p>- Réglementation et affaires générales ;</p>
            <p>- Contentieux ;</p>
            <p>- Personnel ;</p>
            <p>- Affaires sociales ;</p>
            <p>- Matériel ;</p>
            <p>- Budget ;</p>
            <p>- Comptabilité.</p>
            <p>À partir de 1967, la DAG compte dix bureaux désormais répartis en deux sous-directions :</p>
            <p>- la sous-direction des personnels et des affaires administratives (SDPAA) ;</p>
            <p>- la sous-direction des affaires financières et immobilières (SDAFI).</p>
            <p>La fonction informatique apparaît en 1973 au sein de la DAG avec la création du bureau central de l’informatique. En 1975, la sous-direction des personnels et des affaires administratives (SDPAA) est divisée en une sous-direction des personnels et des statuts (SDPS) et une sous-direction des affaires générales (SDAG).</p>
            <p>Une troisième structure, la sous-direction des affaires financières et de l’action régionale (SDAFAR) est composée de huit bureaux et d’une division de l’action régionale [déconcentration, création des directions régionales des affaires culturelles (DRAC), liaison avec la délégation du développement de l’action territoriale (DATAR)]. </p>
            <p>En 1981, le bureau du droit d’auteur est transféré de la direction du livre à la nouvelle sous-direction des affaires juridiques et de la propriété intellectuelle, dépendant de la direction de l’administration générale (DAG).</p>
            <p>En 1982, la sous-direction des personnels et des statuts (SDPS) devient un service. Les fonctions d’administration régionale et de gestion budgétaire financière, matérielle et informatique sont confiées à la sous-direction des affaires financières, de l’action régionale et de l’informatique (SDAFARI). Quant aux questions de législation, de contentieux et de droit d’auteur, elles sont regroupées sous la responsabilité de la sous-direction des affaires juridiques et du contentieux (SDAJC).</p>
            <p>En 1985, une mission de la recherche vient étoffer la DAG. Par ailleurs, la sous-direction des affaires financières, de l’action régionale et de l’informatique (SDAFARI) perd ses attributions dans le domaine de l’action régionale et devient la sous-direction des affaires financières et de l’information ; la sous-direction des affaires juridiques et du contentieux (SDAJC) prend le nom de sous-direction des affaires juridiques et de la propriété intellectuelle (SDAJPI).</p>
            <p>Le décret n°86-776 du 23 juin 1986 transforme la DAG en direction de l’administration générale et de l’environnement culturel (DAGEC), suite à la suppression de la direction du développement culturel (DDC) et au rattachement du service des études et des recherches (SER) qui devient le département des études et de la prospective (DEP). Les compétences de la DDC sont confiées à la sous-direction de l’environnement culturel (SDEC) de la nouvelle DAGEC.</p>
            <p>La DAGEC est composée :</p>
            <p>- d’un service des personnels et des affaires sociales (SPAS) ;</p>
            <p>- d’une sous-direction des affaires financières et générales (SDAFG) ;</p>
            <p>- d’un département de l’organisation et des systèmes informations (DOSI) ;</p>
            <p>- d’une sous-direction de la législation et du contentieux (SDLC) ;</p>
            <p>- d’une sous-direction de l’environnement culturel (SDEC) ;</p>
            <p>- d’une sous-direction de l’information et de la communication (SDIC) ;</p>
            <p>- d’un département des études et prospectives (DEP).</p>
            <p>Cette organisation perdure jusqu’en 1990, date à laquelle la direction retrouve sa dénomination originelle (DAG), avec un recentrage sur les missions de gestion, de coordination et d’étude. Les attributions en matière d’environnement culturel sont transférées pour l’essentiel à une nouvelle structure d’administration centrale autonome : la délégation aux enseignements et aux formations (DEF). Elle perd ainsi les sous-directions de l’environnement culturel (SDEC) et de l’information et de la communication. Son dispositif est complété par la mission de la recherche et de la technologie (MRT) et la mission du développement de la déconcentration. L’organisation actuelle de la DAG a été redéfinie par les arrêtés des 25 mars 2002, 18 août 2004, 29 avril 2005 et 15 novembre 2006 modifiant l’arrêté du 25 mars 2002. Ses compétences sont les suivantes :</p>
            <p>- Elle assure la gestion du personnel, des matériels du ministère et de certains de ses établissements publics, la coordination en matière juridique, budgétaire, comptable, fiscale et professionnelle des services, les relations du ministère avec les établissements publics, les services déconcentrés et les autres ministères ;</p>
            <p>- Elle élabore et conduit la politique de gestion du personnel, anime, coordonne et évalue la politique de modernisation et de déconcentration du ministère et veille à sa mise en œuvre ;</p>
            <p>- Elle prépare le budget, suit son exécution et répartit les moyens de fonctionnement et d’équipement des services ;</p>
            <p>- Elle est chargée, en liaison avec les autres directions et délégations, des affaires juridiques, fiscales et professionnelles et coordonne la préparation des textes législatifs et réglementaires ;</p>
            <p>- Elle assure le développement des nouvelles technologies et l’exploitation du système de communication et d’information du ministère.</p>
            <p>La DAG est ainsi constituée : </p>
            <p>- du service du personnel et des affaires sociales (SPAS), comportant deux sous-directions : la sous-direction de la modernisation de la gestion des carrières et la sous-direction des statuts et du développement professionnel et social ;</p>
            <p>- de la sous-direction des affaires financières et générales (SDAFG) ;</p>
            <p>- de la sous-direction des affaires juridiques (SDAJ) ;</p>
            <p>- du département de l'action territoriale (DAT) ;</p>
            <p>- du département des systèmes d'information (DSI) ;</p>
            <p>- de la mission de la modernisation et de la réforme de l’État ;</p>
            <p>- de la mission de la communication interne (MCI) ;</p>
            <p>- de la mission du contrôle de gestion (MCG).</p>
            <p>Dans le cadre de la réforme générale des politiques publiques (RGPP), la DAG disparaît suite au décret 2009-1393 du 11 novembre 2009 relatif aux missions et à l'organisation de l'administration centrale du ministère de la culture et de la communication. Elle laisse place au Secrétariat Général qui assiste le ministre pour l'administration du ministère. Ses missions sont les suivantes : coordonner l'action de l'ensemble des services du ministère, participer à leur évaluation, représenter dans ses domaines de compétence le ministère dans les instances interministérielles.</p>
         </biogHist>
      </description>
      <relations>
         <cpfRelation xmlns:xlink="http://www.w3.org/1999/xlink"
                      cpfRelationType="hierarchical-parent"
                      xlink:href="FRAN_NP_005661"
                      xlink:type="simple">
            <relationEntry>Secrétariat général (ministère de la Culture et de la Communication)</relationEntry>
            <dateRange>
               <fromDate standardDate="2006-11-24">24 novembre 2006</fromDate>
               <toDate standardDate="2010-12-31">2010</toDate>
            </dateRange>
         </cpfRelation>
         <cpfRelation xmlns:xlink="http://www.w3.org/1999/xlink"
                      cpfRelationType="hierarchical-child"
                      xlink:href="FRAN_NP_005485"
                      xlink:type="simple">
            <relationEntry>Mission du contrôle de gestion (ministère de la Culture et de la Communication)</relationEntry>
            <dateRange>
               <fromDate standardDate="2004-01-01">2004</fromDate>
               <toDate standardDate="2010-12-31">2010</toDate>
            </dateRange>
         </cpfRelation>
         <cpfRelation xmlns:xlink="http://www.w3.org/1999/xlink"
                      cpfRelationType="hierarchical-child"
                      xlink:href="FRAN_NP_005281"
                      xlink:type="simple">
            <relationEntry>Département des études et de la prospective (ministère de la Culture et de la Communication)</relationEntry>
            <dateRange>
               <fromDate standardDate="1986-01-01">1986</fromDate>
               <toDate standardDate="2004-12-31">2004</toDate>
            </dateRange>
         </cpfRelation>
         <cpfRelation xmlns:xlink="http://www.w3.org/1999/xlink"
                      cpfRelationType="hierarchical-child"
                      xlink:href="FRAN_NP_005252"
                      xlink:type="simple">
            <relationEntry>Sous-direction des affaires financières et générales (ministère de la Culture et de la Communication)</relationEntry>
            <dateRange>
               <fromDate standardDate="1967-01-01">1967</fromDate>
               <toDate standardDate="2010-12-31">2010</toDate>
            </dateRange>
         </cpfRelation>
         <cpfRelation xmlns:xlink="http://www.w3.org/1999/xlink"
                      cpfRelationType="hierarchical-child"
                      xlink:href="FRAN_NP_005238"
                      xlink:type="simple">
            <relationEntry>Mission des relations publiques (direction de l'administration générale, ministère de la Culture et de la Communication)</relationEntry>
            <dateRange>
               <fromDate standardDate="1994-01-01">1994</fromDate>
               <toDate standardDate="2002-12-31">2002</toDate>
            </dateRange>
         </cpfRelation>
         <cpfRelation xmlns:xlink="http://www.w3.org/1999/xlink"
                      cpfRelationType="associative"
                      xlink:href="FRAN_NP_005076"
                      xlink:type="simple">
            <relationEntry>France. Direction du Livre et de la Lecture. Bureau des affaires générales (1976-2010)</relationEntry>
            <dateRange>
               <fromDate standardDate="1976-01-01">1976</fromDate>
               <toDate standardDate="2010-01-12">12 janvier 2010</toDate>
            </dateRange>
            <descriptiveNote>
               <p>
     @isFunctionnallyLinkedTo@
    </p>
            </descriptiveNote>
         </cpfRelation>
         <cpfRelation xmlns:xlink="http://www.w3.org/1999/xlink"
                      cpfRelationType="associative"
                      xlink:href="FRAN_NP_005055"
                      xlink:type="simple">
            <relationEntry>France. Ministère de la Culture et de la Communication. Service national des travaux (1990-2010)</relationEntry>
            <dateRange>
               <fromDate standardDate="1990-01-05">5 janvier 1990</fromDate>
               <toDate standardDate="2010-07-20">20 juillet 2010</toDate>
            </dateRange>
            <descriptiveNote>
               <p>
     isControlledBy
    </p>
            </descriptiveNote>
         </cpfRelation>
         <cpfRelation xmlns:xlink="http://www.w3.org/1999/xlink"
                      cpfRelationType="associative"
                      xlink:href="FRAN_NP_051459"
                      xlink:type="simple">
            <relationEntry>Fosseyeux, Jean (1938-....)</relationEntry>
            <dateRange>
               <fromDate standardDate="1989-01-01">1989</fromDate>
               <toDate standardDate="1993-12-31">1993</toDate>
            </dateRange>
            <descriptiveNote>
               <p>
     @isEmployeeOf@
    </p>
            </descriptiveNote>
         </cpfRelation>
         <cpfRelation xmlns:xlink="http://www.w3.org/1999/xlink"
                      cpfRelationType="hierarchical-child"
                      xlink:href="FRAN_NP_005239"
                      xlink:type="simple">
            <relationEntry>Directeur (direction de l'administration générale, ministère de la Culture et de la Communication)</relationEntry>
            <dateRange>
               <fromDate standardDate="1961-01-01">1961</fromDate>
               <toDate standardDate="2010-12-31">2010</toDate>
            </dateRange>
         </cpfRelation>
         <cpfRelation xmlns:xlink="http://www.w3.org/1999/xlink"
                      cpfRelationType="hierarchical-child"
                      xlink:href="FRAN_NP_005245"
                      xlink:type="simple">
            <relationEntry>Sous-direction de l'environnement culturel (ministère de la Culture et de la Communication)</relationEntry>
            <dateRange>
               <fromDate standardDate="1986-01-01">1986</fromDate>
               <toDate standardDate="1990-12-31">1990</toDate>
            </dateRange>
         </cpfRelation>
         <cpfRelation xmlns:xlink="http://www.w3.org/1999/xlink"
                      cpfRelationType="hierarchical-child"
                      xlink:href="FRAN_NP_005259"
                      xlink:type="simple">
            <relationEntry>Mission de développement de la déconcentration (ministère de la Culture)</relationEntry>
            <dateRange>
               <fromDate standardDate="1990-01-01">1990</fromDate>
               <toDate standardDate="1995-12-31">1995</toDate>
            </dateRange>
         </cpfRelation>
         <cpfRelation xmlns:xlink="http://www.w3.org/1999/xlink"
                      cpfRelationType="hierarchical-child"
                      xlink:href="FRAN_NP_005486"
                      xlink:type="simple">
            <relationEntry>Mission de la modernisation et de la réforme de l'Etat (ministère de la Culture et de la Communication)</relationEntry>
            <dateRange>
               <fromDate standardDate="2004-01-01">2004</fromDate>
               <toDate standardDate="2010-12-31">2010</toDate>
            </dateRange>
         </cpfRelation>
         <cpfRelation xmlns:xlink="http://www.w3.org/1999/xlink"
                      cpfRelationType="hierarchical-child"
                      xlink:href="FRAN_NP_005737"
                      xlink:type="simple">
            <relationEntry>Sous-direction des affaires générales (ministère de la Culture)</relationEntry>
            <dateRange>
               <fromDate standardDate="1979-01-01">1979</fromDate>
               <toDate standardDate="1982-12-31">1982</toDate>
            </dateRange>
         </cpfRelation>
         <cpfRelation xmlns:xlink="http://www.w3.org/1999/xlink"
                      cpfRelationType="temporal-earlier"
                      xlink:href="FRAN_NP_005331"
                      xlink:type="simple">
            <relationEntry>Direction du développement culturel</relationEntry>
            <dateRange>
               <fromDate standardDate="1986-01-01">1986</fromDate>
            </dateRange>
         </cpfRelation>
         <resourceRelation xmlns:xlink="http://www.w3.org/1999/xlink"
                           resourceRelationType="creatorOf"
                           xlink:href="FRAN_IR_007796"
                           xlink:type="simple">
            <relationEntry localType="archival">Culture ; Direction administration générale (1959-1986) - Direction administration générale, environnement culturel (1987-1990) - Direction administration générale (1990-) (1979-1987)</relationEntry>
         </resourceRelation>
         <resourceRelation xmlns:xlink="http://www.w3.org/1999/xlink"
                           resourceRelationType="creatorOf"
                           xlink:href="FRAN_IR_018178"
                           xlink:type="simple">
            <relationEntry localType="archival">Culture ; Direction administration générale (1959-1986) - Direction administration générale, environnement culturel (1987-1990) - Direction administration générale (1990-) (1985-1988)</relationEntry>
         </resourceRelation>
         <resourceRelation xmlns:xlink="http://www.w3.org/1999/xlink"
                           resourceRelationType="creatorOf"
                           xlink:href="FRAN_IR_026369"
                           xlink:type="simple">
            <relationEntry localType="archival">Culture ; Direction administration générale (1959-1986) ; Direction administration générale, environnement culturel (1987-1990) - Direction administration générale (1990-) (1960-1974)</relationEntry>
         </resourceRelation>
         <resourceRelation xmlns:xlink="http://www.w3.org/1999/xlink"
                           resourceRelationType="creatorOf"
                           xlink:href="FRAN_IR_022681"
                           xlink:type="simple">
            <relationEntry localType="archival">Culture ; Direction administration générale (1959-1986) ; Direction administration générale, environnement culturel (1987-1990) - Direction administration générale (1990-) (1982-1992)</relationEntry>
         </resourceRelation>
         <resourceRelation xmlns:xlink="http://www.w3.org/1999/xlink"
                           resourceRelationType="creatorOf"
                           xlink:href="FRAN_IR_008925"
                           xlink:type="simple">
            <relationEntry localType="archival">Culture ; Direction administration générale (1959-1986) ; Direction administration générale, environnement culturel (1987-1990) - Direction administration générale (1990-) (1988-1993)</relationEntry>
         </resourceRelation>
         <resourceRelation xmlns:xlink="http://www.w3.org/1999/xlink"
                           resourceRelationType="creatorOf"
                           xlink:href="FRAN_IR_010222"
                           xlink:type="simple">
            <relationEntry localType="archival">Culture ; Direction zdministration générale (1959-1986) - Direction administration générale, environnement culturel (1987-1990) - Direction administration générale (1990-) (1978-2000)</relationEntry>
         </resourceRelation>
         <resourceRelation xmlns:xlink="http://www.w3.org/1999/xlink"
                           resourceRelationType="creatorOf"
                           xlink:href="FRAN_IR_054210"
                           xlink:type="simple">
            <relationEntry localType="archival">Archives de la Direction de l'administration générale du ministère de la Culture de 1993 à 2009</relationEntry>
         </resourceRelation>
         <resourceRelation xmlns:xlink="http://www.w3.org/1999/xlink"
                           resourceRelationType="creatorOf"
                           xlink:href="FRAN_IR_055108"
                           xlink:type="simple">
            <relationEntry localType="archival">Fonds de Mme Claudie Georges-François, chargée de mission pour le regroupement immobilier des services centraux</relationEntry>
         </resourceRelation>
      </relations>
   </cpfDescription>
</eac-cpf>
