<eac-cpf xmlns="urn:isbn:1-931666-33-4"
         xmlns:xsi="http://www.w3.org/2001/XMLSchema-instance"
         xsi:schemaLocation="urn:isbn:1-931666-33-4 cpf.xsd">
   <control>
      <recordId>FRAN_NP_004930</recordId>
      <otherRecordId localType="Ancien_identifiant">4385</otherRecordId>
      <maintenanceStatus>revised</maintenanceStatus>
      <maintenanceAgency>
         <agencyName>Archives nationales de France</agencyName>
      </maintenanceAgency>
      <languageDeclaration>
         <language languageCode="fre">Français</language>
         <script scriptCode="Latn"/>
      </languageDeclaration>
      <conventionDeclaration>
         <citation>Notice établie conformément à la norme ICA-ISAAR (CPF) 2004, aux normes ISO 8601 pour le système de normalisation des dates utilisé, ainsi que AFNOR NF Z 44-061, juin 1986. Catalogage : forme et structure des vedettes noms de personne, des vedettes titres, des rubriques de classement et des titres forgés.</citation>
      </conventionDeclaration>
      <localControl localType="niveau_de_detail">
         <term>Moyenne</term>
      </localControl>
      <maintenanceHistory>
         <maintenanceEvent>
            <eventType>derived</eventType>
            <eventDateTime>2013-04-23</eventDateTime>
            <agentType>machine</agentType>
            <agent>Import_SIA</agent>
         </maintenanceEvent>
         <maintenanceEvent>
            <eventType>revised</eventType>
            <eventDateTime>2015-04-28</eventDateTime>
            <agentType>human</agentType>
            <agent>Catherine MÉROT</agent>
            <eventDescription>F. Clavaud, 28 avril 2015 : ajout fonction, révision liens IR</eventDescription>
         </maintenanceEvent>
      </maintenanceHistory>
      <sources>
         <source>
            <descriptiveNote>
               <p>notice BNF FRBNF11862174</p>
            </descriptiveNote>
         </source>
      </sources>
   </control>
   <cpfDescription>
      <identity>
         <entityId>ISNI 0000 0001 2206 5102</entityId>
         <entityType>corporateBody</entityType>
         <nameEntry localType="autorisée" scriptCode="Latn" xml:lang="fre">
            <part>Agence nationale pour l'emploi (France)</part>
         </nameEntry>
         <nameEntry>
            <part>ANPE</part>
         </nameEntry>
      </identity>
      <description>
         <existDates>
            <dateRange>
               <fromDate standardDate="1967-01-01">1967</fromDate>
               <toDate standardDate="2008-12-31">2008</toDate>
            </dateRange>
         </existDates>
         <legalStatuses>
            <legalStatus>
               <term vocabularySource="d5blonb3ky--u69ytier8ih6">établissement public à caractère administratif</term>
            </legalStatus>
         </legalStatuses>
         <functions>
            <function>
               <term vocabularySource="d5bhvikan6-574lz876edtw">emploi</term>
            </function>
         </functions>
         <mandates>
            <mandate>
               <descriptiveNote>
                  <p>ordonnance de création du 13 juillet 1967</p>
                  <p>établissement public à caractère administratif, sous tutelle du Ministère de l’économie, des finances et de l'emploi depuis le décret n° 2007-445 du 27 mars 2007.</p>
                  <p>loi n° 2008-126 du 13 février 2008 créant Pôle Emploi</p>
               </descriptiveNote>
            </mandate>
         </mandates>
         <biogHist>
            <p>L'Agence nationale pour l’emploi (ANPE) était un établissement public à caractère administratif, sous tutelle du Ministère de l’économie, des finances et de l'emploi depuis le décret n° 2007-445 du 27 mars 2007.</p>
            <p>Créée par une ordonnance du 13 juillet 1967, sa mission consistait à conduire, dans le cadre de la politique de l’emploi déterminée par les pouvoirs publics, des interventions diversifiées sous forme de « programmes d’action » ou « contrat de progrès » à partir des années 1990.</p>
            <p>Elle était administrée par un conseil d’administration qui comprenait des représentants de l'État, des employeurs, des collectivités territoriales (depuis mars 2007) et des organisations syndicales.</p>
            <p>Elle a été remplacée par Pôle emploi, créé par la loi n° 2008-126 du 13 février 2008 relative à la réforme de l'organisation du service public de l'emploi et issu de la fusion de l'ANPE et du réseau des Associations pour l'emploi dans l'industrie et le commerce (Assédic).</p>
            <p/>
            <p>
               <span style="bold">Chronologie de l’établissement :</span>
            </p>
            <p>1967-1968 : création de l’Agence nationale pour l'emploi (ANPE) et nomination du premier directeur, Guy Servat.</p>
            <p>1970-1971 : mise en chantier du Répertoire opérationnel des métiers et emplois (ROME).</p>
            <p>1973 : modification des critères de recrutement des agents de l'ANPE par l’instauration d’épreuves écrites, condition de diplôme et l’apparition d’une nouvelle grille indiciaire.</p>
            <p>1974 : parution du premier Répertoire opérationnel des métiers et des emplois (ROME), réalisé par des conseillers de l’ANPE, des représentants des employeurs et des organisations professionnelles.</p>
            <p>1976 : mise en place de l'affichage public des offres d’emploi.</p>
            <p>1982 : mise en place de l’actualisation par correspondance pour éviter aux demandeurs d’emploi de se déplacer pour pointer physiquement à l'Agence. Mise en œuvre de la gestion informatisée des demandes d’emploi (GIDE).</p>
            <p>1983 : nomination de Gérard Vanderpotte comme directeur général de l’ANPE. Mise en place de la gestion informatisée des offres d’emploi.</p>
            <p>1990 : 1er contrat de progrès entre l'État et l’ANPE : l'Agence s’engage à réformer son organisation, l'État à renforcer ses moyens.</p>
            <p>1992 : nomination de Michel Bon comme directeur général de l'ANPE.</p>
            <p>1994 : deuxième contrat de progrès signé le 5 juillet 1994 avec pour objectif l’amélioration des services aux clients.</p>
            <p>1995 : nomination de Michel Bernard comme directeur général de l’ANPE.</p>
            <p>1996 : transfert de l’inscription aux Assedic permettant de simplifier les démarches des demandeurs d’emploi.</p>
            <p>1997 : lancement du site Internet www.anpe.fr le 1er site emploi en France.</p>
            <p>1998 : mise en œuvre du programme « Service personnalisé pour un nouveau départ vers l’emploi » (SPNDE) en direction des demandeurs d’emploi de longue durée et des jeunes en difficulté d’insertion. Création de l’Observatoire de l’Agence nationale pour l'emploi (ANPE) chargé de la publication d’études et de l'organisation des « Entretiens de l’emploi ».</p>
            <p>1999 : l’Agence nationale pour l'emploi (ANPE) est l'un des premiers organismes publics à s’engager dans une démarche de certification des engagements qualité. Signature du 3e contrat de progrès avec pour objectif principal la lutte contre le chômage des jeunes et le chômage de longue durée.</p>
            <p>2000 : lancement du concept ALE 2000 (nouvelle organisation et aménagement des agences).</p>
            <p>2001 : mise en œuvre du Projet d’action personnalisé (PAP) avec notamment un suivi personnalisé à minima tous les 6 mois pour tous les demandeurs d’emploi (indemnisés ou non).</p>
            <p>2002 : dépôt immédiat d’offres en ligne sur www.anpe.fr.</p>
            <p>2003 : mise en ligne d’une banque de profils (CV anonymes) sur www.anpe.fr.</p>
            <p>2004 : plan national de lutte contre les difficultés de recrutement « Objectif 100 000 emplois ». Mise en œuvre des différents dispositifs de la loi de cohésion sociale. Nouveau statut des agents de l'ANPE introduisant une prime de performance individuelle pour le management, en fonction de l’atteinte des objectifs quantitatifs et qualitatifs.</p>
            <p>2005 : nomination de Christian Charpy comme directeur général de l’ANPE. Création des plateformes de vocation en direction des jeunes et adultes en difficulté d’insertion. Mise en œuvre du Plan d’urgence pour l’emploi. Lancement de la Mission emploi quartiers. Fin du monopole de l’ANPE en matière de dépôt obligatoire d'offres d'emploi.</p>
            <p>2006 : mise en place du suivi mensuel personnalisé avec un conseiller référent. Signature du 4e contrat de progrès (2006-2010) entre l'État et l'Agence nationale pour l'emploi (ANPE), avec pour objectif majeur le placement au service de l’ensemble des demandeurs d’emploi et des entreprises.</p>
            <p>2007 : expérimentation d'un dispositif nommé Cap vers l'entreprise (CVE).</p>
            <p>2008 : fusion de l'ANPE avec le réseau des Associations pour l'emploi dans l'industrie et le commerce (Assedic) pour former Pôle emploi.</p>
         </biogHist>
      </description>
      <relations>
         <cpfRelation xmlns:xlink="http://www.w3.org/1999/xlink"
                      cpfRelationType="hierarchical-parent"
                      xlink:href="FRAN_NP_000027"
                      xlink:type="simple">
            <relationEntry>Ministère du Travail (2002-2010)</relationEntry>
            <dateRange>
               <fromDate standardDate="2002-05-07">7 mai 2002</fromDate>
               <toDate standardDate="2007-05-15">15 mai 2007</toDate>
            </dateRange>
         </cpfRelation>
         <cpfRelation xmlns:xlink="http://www.w3.org/1999/xlink"
                      cpfRelationType="temporal-later"
                      xlink:href="FRAN_NP_050839"
                      xlink:type="simple">
            <relationEntry>Pôle emploi (France)</relationEntry>
            <dateRange>
               <fromDate standardDate="2008-02-13">13 février 2008</fromDate>
            </dateRange>
         </cpfRelation>
         <cpfRelation xmlns:xlink="http://www.w3.org/1999/xlink"
                      cpfRelationType="associative"
                      xlink:href="FRAN_NP_004912"
                      xlink:type="simple">
            <relationEntry>Délégation générale à l'emploi et à la formation professionnelle</relationEntry>
            <dateRange>
               <fromDate standardDate="1997-01-01">1997</fromDate>
               <toDate standardDate="2008-12-31">2008</toDate>
            </dateRange>
         </cpfRelation>
         <resourceRelation xmlns:xlink="http://www.w3.org/1999/xlink"
                           resourceRelationType="creatorOf"
                           xlink:href="FRAN_IR_053878"
                           xlink:type="simple">
            <relationEntry localType="archival">Agence nationale pour l'emploi (ANPE) conseil d'administration (1980-2008) et direction generale (2005-2008)</relationEntry>
         </resourceRelation>
         <resourceRelation xmlns:xlink="http://www.w3.org/1999/xlink"
                           resourceRelationType="creatorOf"
                           xlink:href="FRAN_IR_018732"
                           xlink:type="simple">
            <relationEntry localType="archival">Travail ; Agence nationale pour l'emploi (ANPE)</relationEntry>
         </resourceRelation>
         <resourceRelation xmlns:xlink="http://www.w3.org/1999/xlink"
                           resourceRelationType="creatorOf"
                           xlink:href="FRAN_IR_006065"
                           xlink:type="simple">
            <relationEntry localType="archival">Travail ; Agence nationale pour l'emploi (ANPE) (1930-1947)</relationEntry>
         </resourceRelation>
         <resourceRelation xmlns:xlink="http://www.w3.org/1999/xlink"
                           resourceRelationType="creatorOf"
                           xlink:href="FRAN_IR_015584"
                           xlink:type="simple">
            <relationEntry localType="archival">Travail ; Agence nationale pour l'emploi (ANPE) (1945-1992)</relationEntry>
         </resourceRelation>
         <resourceRelation xmlns:xlink="http://www.w3.org/1999/xlink"
                           resourceRelationType="creatorOf"
                           xlink:href="FRAN_IR_006903"
                           xlink:type="simple">
            <relationEntry localType="archival">Travail ; Agence nationale pour l'emploi (ANPE) (1962-1965)</relationEntry>
         </resourceRelation>
         <resourceRelation xmlns:xlink="http://www.w3.org/1999/xlink"
                           resourceRelationType="creatorOf"
                           xlink:href="FRAN_IR_022027"
                           xlink:type="simple">
            <relationEntry localType="archival">Travail ; Agence nationale pour l'emploi (ANPE) (1965-1979)</relationEntry>
         </resourceRelation>
         <resourceRelation xmlns:xlink="http://www.w3.org/1999/xlink"
                           resourceRelationType="creatorOf"
                           xlink:href="FRAN_IR_018731"
                           xlink:type="simple">
            <relationEntry localType="archival">Travail ; Agence nationale pour l'emploi (ANPE) (1967-1988)</relationEntry>
         </resourceRelation>
         <resourceRelation xmlns:xlink="http://www.w3.org/1999/xlink"
                           resourceRelationType="creatorOf"
                           xlink:href="FRAN_IR_018979"
                           xlink:type="simple">
            <relationEntry localType="archival">Travail ; Agence nationale pour l'emploi (ANPE) (1968-1975)</relationEntry>
         </resourceRelation>
         <resourceRelation xmlns:xlink="http://www.w3.org/1999/xlink"
                           resourceRelationType="creatorOf"
                           xlink:href="FRAN_IR_018978"
                           xlink:type="simple">
            <relationEntry localType="archival">Travail ; Agence nationale pour l'emploi (ANPE) (1968-1984)</relationEntry>
         </resourceRelation>
         <resourceRelation xmlns:xlink="http://www.w3.org/1999/xlink"
                           resourceRelationType="creatorOf"
                           xlink:href="FRAN_IR_018980"
                           xlink:type="simple">
            <relationEntry localType="archival">Travail ; Agence nationale pour l'emploi (ANPE) (1968-1989)</relationEntry>
         </resourceRelation>
         <resourceRelation xmlns:xlink="http://www.w3.org/1999/xlink"
                           resourceRelationType="creatorOf"
                           xlink:href="FRAN_IR_015583"
                           xlink:type="simple">
            <relationEntry localType="archival">Travail ; Agence nationale pour l'emploi (ANPE) (1972-1987)</relationEntry>
         </resourceRelation>
         <resourceRelation xmlns:xlink="http://www.w3.org/1999/xlink"
                           resourceRelationType="creatorOf"
                           xlink:href="FRAN_IR_015581"
                           xlink:type="simple">
            <relationEntry localType="archival">Travail ; Agence nationale pour l'emploi (ANPE) (1973-1987)</relationEntry>
         </resourceRelation>
         <resourceRelation xmlns:xlink="http://www.w3.org/1999/xlink"
                           resourceRelationType="creatorOf"
                           xlink:href="FRAN_IR_015582"
                           xlink:type="simple">
            <relationEntry localType="archival">Travail ; Agence nationale pour l'emploi (ANPE) (1973-1988)</relationEntry>
         </resourceRelation>
         <resourceRelation xmlns:xlink="http://www.w3.org/1999/xlink"
                           resourceRelationType="creatorOf"
                           xlink:href="FRAN_IR_018734"
                           xlink:type="simple">
            <relationEntry localType="archival">Travail ; Agence nationale pour l'emploi (ANPE) (1979-1992)</relationEntry>
         </resourceRelation>
         <resourceRelation xmlns:xlink="http://www.w3.org/1999/xlink"
                           resourceRelationType="creatorOf"
                           xlink:href="FRAN_IR_018981"
                           xlink:type="simple">
            <relationEntry localType="archival">Travail ; Agence nationale pour l'emploi (ANPE) (1979-1993)</relationEntry>
         </resourceRelation>
         <resourceRelation xmlns:xlink="http://www.w3.org/1999/xlink"
                           resourceRelationType="creatorOf"
                           xlink:href="FRAN_IR_014067"
                           xlink:type="simple">
            <relationEntry localType="archival">Travail ; Agence nationale pour l'emploi (ANPE) (1980-1986)</relationEntry>
         </resourceRelation>
         <resourceRelation xmlns:xlink="http://www.w3.org/1999/xlink"
                           resourceRelationType="creatorOf"
                           xlink:href="FRAN_IR_015585"
                           xlink:type="simple">
            <relationEntry localType="archival">Travail ; Agence nationale pour l'emploi (ANPE) (1983-1992)</relationEntry>
         </resourceRelation>
         <resourceRelation xmlns:xlink="http://www.w3.org/1999/xlink"
                           resourceRelationType="creatorOf"
                           xlink:href="FRAN_IR_018733"
                           xlink:type="simple">
            <relationEntry localType="archival">Travail ; Agence nationale pour l'emploi (ANPE) (1988-1992)</relationEntry>
         </resourceRelation>
         <resourceRelation xmlns:xlink="http://www.w3.org/1999/xlink"
                           resourceRelationType="creatorOf"
                           xlink:href="FRAN_IR_053885"
                           xlink:type="simple">
            <relationEntry localType="archival">Agence nationale pour l'emploi (ANPE) tableaux STATISTIQUES du MARCHÉ DU TRAVAIL (1974-1995) MICROFIlmS STATISTIQUES du MARCHÉ DU TRAVAIL (1978-1982) GUIDES d'utilisation des tableaux statistiques (1982-1991)</relationEntry>
         </resourceRelation>
         <resourceRelation xmlns:xlink="http://www.w3.org/1999/xlink"
                           resourceRelationType="creatorOf"
                           xlink:href="FRAN_IR_056834"
                           xlink:type="simple">
            <relationEntry localType="archival">Agence nationale pour l'emploi (ANPE), direction des études et statistiques : notes, études, enquêtes (1976-1993)</relationEntry>
         </resourceRelation>
         <resourceRelation xmlns:xlink="http://www.w3.org/1999/xlink"
                           resourceRelationType="creatorOf"
                           xlink:href="FRAN_IR_056835"
                           xlink:type="simple">
            <relationEntry localType="archival">Etudes et enquêtes sur le marché du travail, les entreprises et les demandeurs d'emplois réalisées ou commanditées par l'Agence nationale pour l'emploi (1962-1991)</relationEntry>
         </resourceRelation>
         <resourceRelation xmlns:xlink="http://www.w3.org/1999/xlink"
                           resourceRelationType="creatorOf"
                           xlink:href="FRAN_IR_056836"
                           xlink:type="simple">
            <relationEntry localType="archival">Agence nationale pour l'emploi (ANPE) : Comités de gestion, conseils d'administration et réunions de conseillers techniques (1967-2003)</relationEntry>
         </resourceRelation>
         <resourceRelation xmlns:xlink="http://www.w3.org/1999/xlink"
                           resourceRelationType="creatorOf"
                           xlink:href="FRAN_IR_022025"
                           xlink:type="simple">
            <relationEntry localType="archival">Travail ; Agence nationale pour l'emploi (ANPE) (1973-1986)</relationEntry>
         </resourceRelation>
         <resourceRelation xmlns:xlink="http://www.w3.org/1999/xlink"
                           resourceRelationType="creatorOf"
                           xlink:href="FRAN_IR_022026"
                           xlink:type="simple">
            <relationEntry localType="archival">Travail ; Agence nationale pour l'emploi (ANPE) (1976-1988)</relationEntry>
         </resourceRelation>
      </relations>
   </cpfDescription>
</eac-cpf>
