<eac-cpf xmlns="urn:isbn:1-931666-33-4"
         xmlns:xsi="http://www.w3.org/2001/XMLSchema-instance"
         xsi:schemaLocation="urn:isbn:1-931666-33-4 cpf.xsd">
   <control>
      <recordId>FRAN_NP_010177</recordId>
      <otherRecordId localType="Ancien_identifiant">FRDAFANCH00MC_NAETUDE_050</otherRecordId>
      <maintenanceStatus>derived</maintenanceStatus>
      <maintenanceAgency>
         <agencyName>Archives nationales de France</agencyName>
      </maintenanceAgency>
      <languageDeclaration>
         <language languageCode="fre">Français</language>
         <script scriptCode="Latn"/>
      </languageDeclaration>
      <conventionDeclaration>
         <citation>Notice établie conformément à la norme ICA-ISAAR (CPF) 2004, aux normes ISO 8601 pour le système de normalisation des dates utilisé, ainsi que AFNOR NF Z 44-061, juin 1986. Catalogage : forme et structure des vedettes noms de personne, des vedettes titres, des rubriques de classement et des titres forgés.</citation>
      </conventionDeclaration>
      <localControl localType="niveau_de_detail">
         <term>Moyenne</term>
      </localControl>
      <maintenanceHistory>
         <maintenanceEvent>
            <eventType>derived</eventType>
            <eventDateTime>2013-04-23</eventDateTime>
            <agentType>machine</agentType>
            <agent>Migration ETANOT</agent>
         </maintenanceEvent>
      </maintenanceHistory>
   </control>
   <cpfDescription>
      <identity>
         <entityType>corporateBody</entityType>
         <nameEntry localType="autorisée" scriptCode="Latn" xml:lang="fre">
            <part>Etude L</part>
         </nameEntry>
         <nameEntry>
            <part>75197</part>
         </nameEntry>
      </identity>
      <description>
         <existDates>
            <dateRange>
               <fromDate standardDate="1641-01-01">1641</fromDate>
            </dateRange>
         </existDates>
         <places>
            <place>
               <placeRole>Lieu de Paris</placeRole>
               <placeEntry localType="nomLieu">10, rue de Castiglione, 75001 PARIS</placeEntry>
            </place>
         </places>
         <functions>
            <function>
               <term vocabularySource="d3nyui3o8w--11y7jgy8q3wnt">notaire à paris</term>
               <dateRange>
                  <fromDate standardDate="1641-01-01">1641</fromDate>
                  <toDate/>
               </dateRange>
            </function>
         </functions>
         <biogHist>
            <p>Cette étude est d'abord installée dans la partie médiane de la rue Saint-Martin de 1641 et jusqu'en 1810, puis elle gagne la rue Saint-Honoré (près de la place Vendôme), avant de déménager rue Castiglione (1821). Elle absorbe l'étude LXII en 1975</p>
         </biogHist>
      </description>
      <relations>
         <cpfRelation xmlns:xlink="http://www.w3.org/1999/xlink"
                      cpfRelationType="associative"
                      xlink:href="FRAN_NP_010850"
                      xlink:type="simple">
            <relationEntry>Pasteau, Maurice Albert</relationEntry>
            <dateRange>
               <fromDate standardDate="1975-07-10">10 juillet 1975</fromDate>
               <toDate standardDate="1996-03-06">6 mars 1996</toDate>
            </dateRange>
         </cpfRelation>
         <cpfRelation xmlns:xlink="http://www.w3.org/1999/xlink"
                      cpfRelationType="associative"
                      xlink:href="FRAN_NP_011319"
                      xlink:type="simple">
            <relationEntry>Lalande-Champetier de ribes, Jacques</relationEntry>
            <dateRange>
               <fromDate standardDate="1973-07-19">19 juillet 1973</fromDate>
               <toDate standardDate="2001-10-16">16 octobre 2001</toDate>
            </dateRange>
         </cpfRelation>
         <cpfRelation xmlns:xlink="http://www.w3.org/1999/xlink"
                      cpfRelationType="associative"
                      xlink:href="FRAN_NP_012269"
                      xlink:type="simple">
            <relationEntry>Delapalme, Paul-Charles</relationEntry>
            <dateRange>
               <fromDate standardDate="1849-05-10">10 mai 1849</fromDate>
               <toDate standardDate="1872-01-31">31 janvier 1872</toDate>
            </dateRange>
         </cpfRelation>
         <cpfRelation xmlns:xlink="http://www.w3.org/1999/xlink"
                      cpfRelationType="associative"
                      xlink:href="FRAN_NP_010569"
                      xlink:type="simple">
            <relationEntry>Selaudoux, Jean François</relationEntry>
            <dateRange>
               <fromDate standardDate="1975-07-09">9 juillet 1975</fromDate>
               <toDate standardDate="2006-07-01">1er juillet 2006</toDate>
            </dateRange>
         </cpfRelation>
         <cpfRelation xmlns:xlink="http://www.w3.org/1999/xlink"
                      cpfRelationType="associative"
                      xlink:href="FRAN_NP_012580"
                      xlink:type="simple">
            <relationEntry>Champetier de ribes, Paul Louis Ernest</relationEntry>
            <dateRange>
               <fromDate standardDate="1907-05-02">2 mai 1907</fromDate>
               <toDate standardDate="1941-11-03">3 novembre 1941</toDate>
            </dateRange>
         </cpfRelation>
         <cpfRelation xmlns:xlink="http://www.w3.org/1999/xlink"
                      cpfRelationType="associative"
                      xlink:href="FRAN_NP_012581"
                      xlink:type="simple">
            <relationEntry>Champetier de ribes, Pierre Marie René</relationEntry>
            <dateRange>
               <fromDate standardDate="1941-11-03">3 novembre 1941</fromDate>
               <toDate standardDate="1975-07-09">9 juillet 1975</toDate>
            </dateRange>
         </cpfRelation>
         <cpfRelation xmlns:xlink="http://www.w3.org/1999/xlink"
                      cpfRelationType="associative"
                      xlink:href="FRAN_NP_012583"
                      xlink:type="simple">
            <relationEntry>Chaussière, Jean II</relationEntry>
            <dateRange>
               <fromDate standardDate="1665-05-13">13 mai 1665</fromDate>
               <toDate standardDate="1671-11-15">15 novembre 1671</toDate>
            </dateRange>
         </cpfRelation>
         <cpfRelation xmlns:xlink="http://www.w3.org/1999/xlink"
                      cpfRelationType="associative"
                      xlink:href="FRAN_NP_013280"
                      xlink:type="simple">
            <relationEntry>Marchay, Brigitte</relationEntry>
            <dateRange>
               <fromDate standardDate="2006-07-01">1er juillet 2006</fromDate>
            </dateRange>
         </cpfRelation>
         <cpfRelation xmlns:xlink="http://www.w3.org/1999/xlink"
                      cpfRelationType="associative"
                      xlink:href="FRAN_NP_010399"
                      xlink:type="simple">
            <relationEntry>Tabourier, Firmin-Virgile</relationEntry>
            <dateRange>
               <fromDate standardDate="1838-01-25">25 janvier 1838</fromDate>
               <toDate standardDate="1849-05-10">10 mai 1849</toDate>
            </dateRange>
         </cpfRelation>
         <cpfRelation xmlns:xlink="http://www.w3.org/1999/xlink"
                      cpfRelationType="associative"
                      xlink:href="FRAN_NP_011817"
                      xlink:type="simple">
            <relationEntry>Hurel, Jean-Baptiste</relationEntry>
            <dateRange>
               <fromDate standardDate="1728-09-25">25 septembre 1728</fromDate>
               <toDate standardDate="1742-10-06">6 octobre 1742</toDate>
            </dateRange>
         </cpfRelation>
         <cpfRelation xmlns:xlink="http://www.w3.org/1999/xlink"
                      cpfRelationType="associative"
                      xlink:href="FRAN_NP_012090"
                      xlink:type="simple">
            <relationEntry>Fourcault de pavant, Pierre</relationEntry>
            <dateRange>
               <fromDate standardDate="1797-12-02">2 décembre 1797</fromDate>
               <toDate standardDate="1816-12-24">24 décembre 1816</toDate>
            </dateRange>
         </cpfRelation>
         <cpfRelation xmlns:xlink="http://www.w3.org/1999/xlink"
                      cpfRelationType="associative"
                      xlink:href="FRAN_NP_013196"
                      xlink:type="simple">
            <relationEntry>Lambert, Catherine</relationEntry>
            <dateRange>
               <fromDate standardDate="2001-10-24">24 octobre 2001</fromDate>
            </dateRange>
         </cpfRelation>
         <cpfRelation xmlns:xlink="http://www.w3.org/1999/xlink"
                      cpfRelationType="associative"
                      xlink:href="FRAN_NP_013182"
                      xlink:type="simple">
            <relationEntry>Cagniart, Marc</relationEntry>
            <dateRange>
               <fromDate standardDate="2001-10-24">24 octobre 2001</fromDate>
            </dateRange>
         </cpfRelation>
         <cpfRelation xmlns:xlink="http://www.w3.org/1999/xlink"
                      cpfRelationType="associative"
                      xlink:href="FRAN_NP_013033"
                      xlink:type="simple">
            <relationEntry>Braquilanges, Hugues de</relationEntry>
            <dateRange>
               <fromDate standardDate="1994-09-14">14 septembre 1994</fromDate>
            </dateRange>
         </cpfRelation>
         <cpfRelation xmlns:xlink="http://www.w3.org/1999/xlink"
                      cpfRelationType="associative"
                      xlink:href="FRAN_NP_011816"
                      xlink:type="simple">
            <relationEntry>Hurel, Antoine</relationEntry>
            <dateRange>
               <fromDate standardDate="1692-10-29">29 octobre 1692</fromDate>
               <toDate standardDate="1728-09-21">21 septembre 1728</toDate>
            </dateRange>
         </cpfRelation>
         <cpfRelation xmlns:xlink="http://www.w3.org/1999/xlink"
                      cpfRelationType="associative"
                      xlink:href="FRAN_NP_011915"
                      xlink:type="simple">
            <relationEntry>Girault, Jean-Louis</relationEntry>
            <dateRange>
               <fromDate standardDate="1742-10-12">12 octobre 1742</fromDate>
               <toDate standardDate="1771-11-21">21 novembre 1771</toDate>
            </dateRange>
         </cpfRelation>
         <cpfRelation xmlns:xlink="http://www.w3.org/1999/xlink"
                      cpfRelationType="associative"
                      xlink:href="FRAN_NP_011212"
                      xlink:type="simple">
            <relationEntry>Mony, Jacques-Michel</relationEntry>
            <dateRange>
               <fromDate standardDate="1771-12-07">7 décembre 1771</fromDate>
               <toDate standardDate="1797-12-02">2 décembre 1797</toDate>
            </dateRange>
         </cpfRelation>
         <cpfRelation xmlns:xlink="http://www.w3.org/1999/xlink"
                      cpfRelationType="associative"
                      xlink:href="FRAN_NP_012584"
                      xlink:type="simple">
            <relationEntry>Cottenet, Pierre-Eugène</relationEntry>
            <dateRange>
               <fromDate standardDate="1816-12-24">24 décembre 1816</fromDate>
               <toDate standardDate="1838-01-25">25 janvier 1838</toDate>
            </dateRange>
         </cpfRelation>
         <cpfRelation xmlns:xlink="http://www.w3.org/1999/xlink"
                      cpfRelationType="associative"
                      xlink:href="FRAN_NP_012582"
                      xlink:type="simple">
            <relationEntry>Chaussière, Jean I</relationEntry>
            <dateRange>
               <fromDate standardDate="1641-06-01">1er juin 1641</fromDate>
               <toDate standardDate="1665-04-02">2 avril 1665</toDate>
            </dateRange>
         </cpfRelation>
         <cpfRelation xmlns:xlink="http://www.w3.org/1999/xlink"
                      cpfRelationType="associative"
                      xlink:href="FRAN_NP_012579"
                      xlink:type="simple">
            <relationEntry>Champetier de ribes, Louis-Antoine</relationEntry>
            <dateRange>
               <fromDate standardDate="1872-01-31">31 janvier 1872</fromDate>
               <toDate standardDate="1907-05-02">2 mai 1907</toDate>
            </dateRange>
         </cpfRelation>
         <cpfRelation xmlns:xlink="http://www.w3.org/1999/xlink"
                      cpfRelationType="associative"
                      xlink:href="FRAN_NP_012270"
                      xlink:type="simple">
            <relationEntry>Douet, Louis</relationEntry>
            <dateRange>
               <fromDate standardDate="1684-04-18">18 avril 1684</fromDate>
               <toDate standardDate="1692-10-28">28 octobre 1692</toDate>
            </dateRange>
         </cpfRelation>
         <cpfRelation xmlns:xlink="http://www.w3.org/1999/xlink"
                      cpfRelationType="associative"
                      xlink:href="FRAN_NP_012271"
                      xlink:type="simple">
            <relationEntry>Douet, Pierre</relationEntry>
            <dateRange>
               <fromDate standardDate="1671-11-16">16 novembre 1671</fromDate>
               <toDate standardDate="1684-03-13">13 mars 1684</toDate>
            </dateRange>
         </cpfRelation>
         <cpfRelation xmlns:xlink="http://www.w3.org/1999/xlink"
                      cpfRelationType="associative"
                      xlink:href="FRAN_NP_012272"
                      xlink:type="simple">
            <relationEntry>Drouault, Hervé</relationEntry>
            <dateRange>
               <fromDate standardDate="1986-07-02">2 juillet 1986</fromDate>
            </dateRange>
         </cpfRelation>
         <cpfRelation xmlns:xlink="http://www.w3.org/1999/xlink"
                      cpfRelationType="associative"
                      xlink:href="FRAN_NP_013518"
                      xlink:type="simple">
            <relationEntry>Chardon, Gilles</relationEntry>
            <dateRange>
               <fromDate standardDate="2011-10-07">7 octobre 2011</fromDate>
            </dateRange>
         </cpfRelation>
         <resourceRelation xmlns:xlink="http://www.w3.org/1999/xlink"
                           resourceRelationType="subjectOf"
                           xlink:href="FRAN_IR_042214"
                           xlink:type="simple">
            <relationEntry localType="archival">Minutes et répertoires du notaire Pierre DOUET, 16 novembre 1671 - 13 mars 1684 (étude L)</relationEntry>
         </resourceRelation>
         <resourceRelation xmlns:xlink="http://www.w3.org/1999/xlink"
                           resourceRelationType="subjectOf"
                           xlink:href="FRAN_IR_042218"
                           xlink:type="simple">
            <relationEntry localType="archival">Minutes et répertoires du notaire Jean-Baptiste HUREL, 25 septembre 1728 - 6 octobre 1742 (étude L)</relationEntry>
         </resourceRelation>
         <resourceRelation xmlns:xlink="http://www.w3.org/1999/xlink"
                           resourceRelationType="subjectOf"
                           xlink:href="FRAN_IR_042215"
                           xlink:type="simple">
            <relationEntry localType="archival">Minutes et répertoires du notaire Louis DOUET, 18 avril 1684 - 28 octobre 1692 (étude L)</relationEntry>
         </resourceRelation>
         <resourceRelation xmlns:xlink="http://www.w3.org/1999/xlink"
                           resourceRelationType="subjectOf"
                           xlink:href="FRAN_IR_042222"
                           xlink:type="simple">
            <relationEntry localType="archival">Minutes et répertoires du notaire Firmin Virgile TABOURIER, 25 janvier 1838 - 9 mai 1849 (étude L)</relationEntry>
         </resourceRelation>
         <resourceRelation xmlns:xlink="http://www.w3.org/1999/xlink"
                           resourceRelationType="subjectOf"
                           xlink:href="FRAN_IR_042221"
                           xlink:type="simple">
            <relationEntry localType="archival">Minutes et répertoires du notaire Pierre Eugène COTTENET, 24 décembre 1816 - 25 janvier 1838 (étude L)</relationEntry>
         </resourceRelation>
         <resourceRelation xmlns:xlink="http://www.w3.org/1999/xlink"
                           resourceRelationType="creatorOf"
                           xlink:href="FRAN_IR_042217"
                           xlink:type="simple">
            <relationEntry localType="archival">Minutes et répertoires du notaire Jean Louis GIRAULT, 12 octobre 1742 - novembre 1771 (étude L)</relationEntry>
         </resourceRelation>
         <resourceRelation xmlns:xlink="http://www.w3.org/1999/xlink"
                           resourceRelationType="creatorOf"
                           xlink:href="FRAN_IR_042223"
                           xlink:type="simple">
            <relationEntry localType="archival">Minutes et répertoires du notaire Paul Charles DELAPALME, 10 mai 1849 - 31 janvier 1872 (étude L)</relationEntry>
         </resourceRelation>
         <resourceRelation xmlns:xlink="http://www.w3.org/1999/xlink"
                           resourceRelationType="creatorOf"
                           xlink:href="FRAN_IR_042220"
                           xlink:type="simple">
            <relationEntry localType="archival">Minutes et répertoires du notaire Pierre FOURCAULT de PAVANT, 2 décembre 1797 - 23 décembre 1816 (étude L)</relationEntry>
         </resourceRelation>
         <resourceRelation xmlns:xlink="http://www.w3.org/1999/xlink"
                           resourceRelationType="creatorOf"
                           xlink:href="FRAN_IR_052118"
                           xlink:type="simple">
            <relationEntry localType="archival">Images du répertoire du notaire Jean I Chaussière pour l'étude L</relationEntry>
         </resourceRelation>
         <resourceRelation xmlns:xlink="http://www.w3.org/1999/xlink"
                           resourceRelationType="creatorOf"
                           xlink:href="FRAN_IR_052116"
                           xlink:type="simple">
            <relationEntry localType="archival">Images du répertoire du notaire Jean II Chaussière pour l'étude L</relationEntry>
         </resourceRelation>
         <resourceRelation xmlns:xlink="http://www.w3.org/1999/xlink"
                           resourceRelationType="creatorOf"
                           xlink:href="FRAN_IR_052114"
                           xlink:type="simple">
            <relationEntry localType="archival">Images du répertoire du notaire Pierre Douet pour l'étude L</relationEntry>
         </resourceRelation>
         <resourceRelation xmlns:xlink="http://www.w3.org/1999/xlink"
                           resourceRelationType="creatorOf"
                           xlink:href="FRAN_IR_052113"
                           xlink:type="simple">
            <relationEntry localType="archival">Images du répertoire du notaire Louis Douet pour l'étude L</relationEntry>
         </resourceRelation>
         <resourceRelation xmlns:xlink="http://www.w3.org/1999/xlink"
                           resourceRelationType="creatorOf"
                           xlink:href="FRAN_IR_052108"
                           xlink:type="simple">
            <relationEntry localType="archival">Images des répertoires du notaire Antoine Hurel pour l'étude L</relationEntry>
         </resourceRelation>
         <resourceRelation xmlns:xlink="http://www.w3.org/1999/xlink"
                           resourceRelationType="creatorOf"
                           xlink:href="FRAN_IR_052109"
                           xlink:type="simple">
            <relationEntry localType="archival">Images du répertoire du notaire Jean-Baptiste Hurel pour l'étude L</relationEntry>
         </resourceRelation>
         <resourceRelation xmlns:xlink="http://www.w3.org/1999/xlink"
                           resourceRelationType="creatorOf"
                           xlink:href="FRAN_IR_052110"
                           xlink:type="simple">
            <relationEntry localType="archival">Images du répertoire du notaire Jean Louis Girault pour l'étude L</relationEntry>
         </resourceRelation>
         <resourceRelation xmlns:xlink="http://www.w3.org/1999/xlink"
                           resourceRelationType="creatorOf"
                           xlink:href="FRAN_IR_052106"
                           xlink:type="simple">
            <relationEntry localType="archival">Images des répertoires du notaire Jacques Michel Mony pour l'étude L</relationEntry>
         </resourceRelation>
         <resourceRelation xmlns:xlink="http://www.w3.org/1999/xlink"
                           resourceRelationType="creatorOf"
                           xlink:href="FRAN_IR_052111"
                           xlink:type="simple">
            <relationEntry localType="archival">Images des répertoires du notaire Pierre Fourcault de Pavant pour l'étude L</relationEntry>
         </resourceRelation>
         <resourceRelation xmlns:xlink="http://www.w3.org/1999/xlink"
                           resourceRelationType="creatorOf"
                           xlink:href="FRAN_IR_052117"
                           xlink:type="simple">
            <relationEntry localType="archival">Images des répertoires du notaire Pierre Eugène Cottenet pour l'étude L</relationEntry>
         </resourceRelation>
         <resourceRelation xmlns:xlink="http://www.w3.org/1999/xlink"
                           resourceRelationType="creatorOf"
                           xlink:href="FRAN_IR_052107"
                           xlink:type="simple">
            <relationEntry localType="archival">Images des répertoires du notaire Firmin Virgile Tabourier pour l'étude L</relationEntry>
         </resourceRelation>
         <resourceRelation xmlns:xlink="http://www.w3.org/1999/xlink"
                           resourceRelationType="creatorOf"
                           xlink:href="FRAN_IR_052112"
                           xlink:type="simple">
            <relationEntry localType="archival">Images des répertoires du notaire Paul Charles Delapalme pour l'étude L</relationEntry>
         </resourceRelation>
         <resourceRelation xmlns:xlink="http://www.w3.org/1999/xlink"
                           resourceRelationType="creatorOf"
                           xlink:href="FRAN_IR_054319"
                           xlink:type="simple">
            <relationEntry localType="archival">Images des répertoires du notaire Louis Antoine Champetier de Ribes pour l'étude L</relationEntry>
         </resourceRelation>
         <resourceRelation xmlns:xlink="http://www.w3.org/1999/xlink"
                           resourceRelationType="creatorOf"
                           xlink:href="FRAN_IR_042211"
                           xlink:type="simple">
            <relationEntry localType="archival">Archives de l'étude L</relationEntry>
         </resourceRelation>
      </relations>
   </cpfDescription>
</eac-cpf>
