<eac-cpf xmlns="urn:isbn:1-931666-33-4"
         xmlns:xsi="http://www.w3.org/2001/XMLSchema-instance"
         xsi:schemaLocation="urn:isbn:1-931666-33-4 cpf.xsd">
   <control>
      <recordId>FRAN_NP_003970</recordId>
      <otherRecordId localType="Ancien_identifiant">3296/EFA</otherRecordId>
      <maintenanceStatus>revised</maintenanceStatus>
      <maintenanceAgency>
         <agencyName>Archives nationales de France</agencyName>
      </maintenanceAgency>
      <languageDeclaration>
         <language languageCode="fre">Français</language>
         <script scriptCode="Latn"/>
      </languageDeclaration>
      <conventionDeclaration>
         <citation>Notice établie conformément à la norme ICA-ISAAR (CPF) 2004, aux normes ISO 8601 pour le système de normalisation des dates utilisé, ainsi que AFNOR NF Z 44-061, juin 1986. Catalogage : forme et structure des vedettes noms de personne, des vedettes titres, des rubriques de classement et des titres forgés.</citation>
      </conventionDeclaration>
      <localControl localType="niveau_de_detail">
         <term>Moyenne</term>
      </localControl>
      <maintenanceHistory>
         <maintenanceEvent>
            <eventType>derived</eventType>
            <eventDateTime>2013-04-23</eventDateTime>
            <agentType>machine</agentType>
            <agent>Import_SIA</agent>
         </maintenanceEvent>
         <maintenanceEvent>
            <eventType>revised</eventType>
            <eventDateTime>2018-07-30</eventDateTime>
            <agentType>human</agentType>
            <agent>Anne ROHFRITSCH</agent>
            <eventDescription>Révision le 30/07/2018 (A. Rohfritsch, DECAS) : modification forme autorisée du nom, autres formes du nom, ajout ISNI, historique, textes de référence, organisation interne, sources, fonctions, lieux</eventDescription>
         </maintenanceEvent>
         <maintenanceEvent>
            <eventType>updated</eventType>
            <eventDateTime>2018-08-02</eventDateTime>
            <agentType>human</agentType>
            <agent>Catherine MÉROT</agent>
         </maintenanceEvent>
      </maintenanceHistory>
      <sources>
         <source>
            <sourceEntry>Site internet de l'École française d'Athènes : https://www.efa.gr/index.php/fr/</sourceEntry>
         </source>
         <source>
            <sourceEntry>Notice Wikipédia : https://fr.wikipedia.org/wiki/%C3%89cole_fran%C3%A7aise_d'Ath%C3%A8nes</sourceEntry>
         </source>
         <source>
            <sourceEntry>Notice BNF : https://catalogue.bnf.fr/ark:/12148/cb118634629</sourceEntry>
         </source>
      </sources>
   </control>
   <cpfDescription>
      <identity>
         <entityId>ISNI 0000 0001 2163 0894</entityId>
         <entityType>corporateBody</entityType>
         <nameEntry localType="autorisée" scriptCode="Latn" xml:lang="fre">
            <part>École française d'Athènes (1846-....)</part>
         </nameEntry>
         <nameEntry>
            <part>EFA</part>
         </nameEntry>
         <nameEntry>
            <part>École française d'archéologie d'Athènes</part>
         </nameEntry>
      </identity>
      <description>
         <existDates>
            <dateRange>
               <fromDate standardDate="1846-01-01">1846</fromDate>
            </dateRange>
         </existDates>
         <places>
            <place>
               <placeRole>Lieu général</placeRole>
               <placeEntry localType="nomLieu">6 rue Didotou, 10680 Athènes</placeEntry>
               <placeEntry localType="lieu" vocabularySource="d3m08yqd864-tkkudug30xng">Athènes (Grèce)</placeEntry>
            </place>
         </places>
         <legalStatuses>
            <legalStatus>
               <term vocabularySource="d5bloma37i--zasxhhwa4h0">établissement public à caractère scientifique, culturel et professionnel</term>
            </legalStatus>
         </legalStatuses>
         <functions>
            <function>
               <term vocabularySource="d3nyuhrig1--3acyzmp9v988">formation</term>
               <descriptiveNote>
                  <p> en sciences humaines et sociales (histoire, archéologie, sciences sociales)</p>
               </descriptiveNote>
            </function>
            <function>
               <term vocabularySource="d3nyuic5p0-ktmsglhlnhvr">recherche</term>
               <descriptiveNote>
                  <p> en sciences humaines et sociales (histoire, archéologie, sciences sociales)</p>
               </descriptiveNote>
            </function>
         </functions>
         <mandates>
            <mandate>
               <descriptiveNote>
                  <p> ordonnance royale de création du 11 septembre 1846</p>
                  <p>Décret n° 2011-164 du 10 février 2011 relatif aux écoles françaises à l'étranger (NOR: ESRS1014943D ; https://www.legifrance.gouv.fr/affichTexte.do?cidTexte=JORFTEXT000023567250)</p>
               </descriptiveNote>
            </mandate>
         </mandates>
         <structureOrGenealogy>
            <p>
               <span style="underline">Organisation administrative : </span>
            </p>
            <p>L'école est dirigée par un directeur et est divisée en deux directions des études (études antiques et byzantines, études modernes et contemporaines). Elle comporte également un conseil d'administration, un conseil scientifique et une commission d'admission des membres.</p>
            <p>Le conseil d'administration (CA) est composé de 15 membres comme suit :</p>
            <p>- 6 membres de droit : un représentant de la ministre de l’Éducation nationale, de l'Enseignement supérieur et de la Recherche, le directeur général de l'enseignement supérieur et de l'insertion professionnelle ; un représentant du ministre chargé des affaires étrangères et du développement international ; trois membres de l’Institut de France ; et le président du Centre national de la recherche scientifique.</p>
            <p>- 4 membres désignés par le ministre sur proposition du directeur de l'école : un ancien chef d'établissement public intervenant dans les domaines d’activité de l’École et trois personnalités scientifiques, françaises et étrangères.</p>
            <p>- 5 représentants élus des personnels.</p>
            <p>Des personnalités à voix consultatives peuvent également y participer (président du conseil scientifique, directeur de l'école, responsable administratif, directeur des études élu au conseil scientifique, agent comptable) et des experts peuvent être invités selon les points à l'ordre du jour.</p>
            <p>Le conseil scientifique (CS) comprend 17 membres. Il est composé comme suit :</p>
            <p>- 7 membres de droit : le directeur de l’École, deux représentants de l’État (directeur général de la recherche et de l'innovation, représentant du ministre des affaires étrangères et du développement international), quatre membres de l'Institut de France.</p>
            <p>- 4 personnalités scientifiques, françaises et étrangères, choisies en fonction de leur compétence dans les domaines correspondant aux missions de l’École, désignées par le directeur de l’EFA.</p>
            <p>- 3 représentants d’institutions partenaires choisies par le directeur, dont une au moins exerçant principalement ses activités dans le pays où l’École a son siège.</p>
            <p>- 3 représentants élus des personnels.</p>
            <p>Là encore, des personnalités à voix consultative peuvent y participer : président du CA, responsable administratif, directeur(s) des études, agent comptable, responsable du service des publications. Des experts peuvent aussi être invités.</p>
            <p/>
            <p/>
            <p/>
            <p>
               <span style="underline">Liste des directeurs : </span>
            </p>
            <p>Amédée Daveluy (1846-1867) ; Émile-Louis Burnouf (1867-1875) ; Albert Dumont (1875-1878) ; Paul Foucart (1878-1890) ; Théophile Homolle (1890-1903) ; Maurice Holleaux (1903-1912) ; Théophile Homolle (1912-1913) ; Gustave Fougères (1913-1919) ; Charles Picard (1919-1925) ; Pierre Roussel (1925-1935) ; Robert Demangel (1936-1950) ; Georges Daux (1950-1969) ; Pierre Amandry (1969-1981) ; Olivier Picard (1981-1992) ; Roland Étienne (1992-2001) ; Dominique Mulliez (2002-2011) ; Alexandre Farnoux (2011-).</p>
         </structureOrGenealogy>
         <biogHist>
            <p>
               <span style="underline">Historique : </span>
            </p>
            <p>L’École française d’Athènes (EFA) est un établissement public à caractère scientifique, culturel et professionnel (EPSCP), fondé par ordonnance royale du 11 septembre 1846, placé sous la tutelle du ministère de l’Éducation nationale, de l'Enseignement supérieur et de la Recherche. Elle est l'une des cinq écoles françaises à l’étranger (EFE) régies par le décret n° 2011-164 du 10 février 2011 relatif aux écoles françaises à l'étranger, décret qui renforce l’autonomie et la gouvernance de chacune des EFE.</p>
            <p>Tout d’abord appelée « École française de perfectionnement pour l’étude de la langue, de l’histoire et des antiquités grecques à Athènes », l’EFA est le premier institut étranger à s’établir en Grèce.</p>
            <p/>
            <p>
               <span style="underline">Missions : </span>
            </p>
            <p>L’École française d’Athènes a pour mission la recherche et la formation à la recherche dans toutes les disciplines se rapportant à la Grèce, de la préhistoire à la période byzantine. Elle a également vocation à développer des recherches sur la Grèce et les Balkans aux époques médiévale, moderne et contemporaine.</p>
            <p>Elle est un lieu d'échanges entre les chercheurs spécialistes de ces questions. L'École française d'Athènes accueille des membres, des chercheurs et des enseignants-chercheurs de haut niveau, ainsi que des boursiers.</p>
         </biogHist>
      </description>
      <relations>
         <cpfRelation xmlns:xlink="http://www.w3.org/1999/xlink"
                      cpfRelationType="hierarchical-parent"
                      xlink:href="FRAN_NP_000017"
                      xlink:type="simple">
            <relationEntry>Ministère de l'Enseignement supérieur et de la Recherche</relationEntry>
            <dateRange>
               <fromDate standardDate="2007-05-18">18 mai 2007</fromDate>
               <toDate/>
            </dateRange>
         </cpfRelation>
         <cpfRelation xmlns:xlink="http://www.w3.org/1999/xlink"
                      cpfRelationType="identity"
                      xlink:href="École française d'Athènes"
                      xlink:type="simple">
            <relationEntry>https://catalogue.bnf.fr/ark:/12148/cb118634629</relationEntry>
            <dateRange>
               <fromDate standardDate="1846-01-01">1846</fromDate>
            </dateRange>
            <descriptiveNote>
               <p>notice BnF</p>
            </descriptiveNote>
         </cpfRelation>
         <cpfRelation xmlns:xlink="http://www.w3.org/1999/xlink"
                      cpfRelationType="identity"
                      xlink:href="https://fr.wikipedia.org/wiki/%C3%89cole_fran%C3%A7aise_d'Ath%C3%A8nes"
                      xlink:type="simple">
            <relationEntry>école française d'Athènes</relationEntry>
            <dateRange>
               <fromDate standardDate="1846-01-01">1846</fromDate>
            </dateRange>
            <descriptiveNote>
               <p>notice wikipedia</p>
            </descriptiveNote>
         </cpfRelation>
         <resourceRelation xmlns:xlink="http://www.w3.org/1999/xlink"
                           resourceRelationType="creatorOf"
                           xlink:href="FRAN_IR_019943"
                           xlink:type="simple">
            <relationEntry localType="archival">Archives financières et comptables de l'École française d'Athènes
     (1892-1982)</relationEntry>
         </resourceRelation>
      </relations>
   </cpfDescription>
</eac-cpf>
