<eac-cpf xmlns="urn:isbn:1-931666-33-4"
         xmlns:xsi="http://www.w3.org/2001/XMLSchema-instance"
         xsi:schemaLocation="urn:isbn:1-931666-33-4 cpf.xsd">
   <control>
      <recordId>FRAN_NP_010133</recordId>
      <otherRecordId localType="Ancien_identifiant">FRDAFANCH00MC_NAETUDE_006</otherRecordId>
      <maintenanceStatus>revised</maintenanceStatus>
      <maintenanceAgency>
         <agencyName>Archives nationales de France</agencyName>
      </maintenanceAgency>
      <languageDeclaration>
         <language languageCode="fre">Français</language>
         <script scriptCode="Latn"/>
      </languageDeclaration>
      <conventionDeclaration>
         <citation>Notice établie conformément à la norme ICA-ISAAR (CPF) 2004, aux normes ISO 8601 pour le système de normalisation des dates utilisé, ainsi que AFNOR NF Z 44-061, juin 1986. Catalogage : forme et structure des vedettes noms de personne, des vedettes titres, des rubriques de classement et des titres forgés.</citation>
      </conventionDeclaration>
      <localControl localType="niveau_de_detail">
         <term>Moyenne</term>
      </localControl>
      <maintenanceHistory>
         <maintenanceEvent>
            <eventType>derived</eventType>
            <eventDateTime>2013-04-23</eventDateTime>
            <agentType>machine</agentType>
            <agent>Migration ETANOT</agent>
         </maintenanceEvent>
         <maintenanceEvent>
            <eventType>revised</eventType>
            <eventDateTime>2013-04-30</eventDateTime>
            <agentType>human</agentType>
            <agent>Pascal TANESIE</agent>
         </maintenanceEvent>
      </maintenanceHistory>
   </control>
   <cpfDescription>
      <identity>
         <entityType>corporateBody</entityType>
         <nameEntry localType="autorisée" scriptCode="Latn" xml:lang="fre">
            <part>Etude VI</part>
         </nameEntry>
         <nameEntry>
            <part>75024</part>
         </nameEntry>
      </identity>
      <description>
         <existDates>
            <dateRange>
               <fromDate standardDate="1522-01-01">1522</fromDate>
            </dateRange>
         </existDates>
         <places>
            <place>
               <placeRole>Lieu de Paris</placeRole>
               <placeEntry localType="nomLieu">83, bd Haussmann, 75008 PARIS</placeEntry>
            </place>
         </places>
         <functions>
            <function>
               <term vocabularySource="d3nyui3o8w--11y7jgy8q3wnt">notaire à paris</term>
               <dateRange>
                  <fromDate standardDate="1522-01-01">1522</fromDate>
                  <toDate/>
               </dateRange>
            </function>
         </functions>
         <biogHist>
            <p>Cette étude est constituée, aux XVIème et XVIIème siècles, par la réunion de plusieurs pratiques : Jean de LOUVENCOURT (1524-1561), Étienne BRULE (1542-1582) et Guillaume PAJOT (1592-1605) exercent près de la place de Grève. Pierre ROSSIGNOL (1572-1586) près de la porte Saint Denis. Philippe COTHEREAU (1556-1558), Simon de la BARDE (1588-1604) et Étienne LANDRY (1617-1618) sont établis rue Saint-Christophe. Jacque et Philippe PARQUE (1605-1658) au Marché-Neuf. Claude BOUCOT (1614-1648) exerce au carrefour Guillori, rue Saint-Séverin, de même que LANGLOIS et BOURIN (1650-1666). A partir de 1609, Étienne LEROY instrumente près de la rue des Fossés-Saint-Germain. Ses successeurs y restent jusqu'en 1725, date à laquelle Jacques SYLVESTRE franchit la Seine pour s'installer devant l'église Saint-Paul. En 1808, François DELACROIX se transporte rue du Mail et l'étude déménage plusieurs fois avant de se retrouver boulevard Haussmann.</p>
         </biogHist>
      </description>
      <relations>
         <cpfRelation xmlns:xlink="http://www.w3.org/1999/xlink"
                      cpfRelationType="associative"
                      xlink:href="FRAN_NP_011640"
                      xlink:type="simple">
            <relationEntry>Louvencourt, Jean de</relationEntry>
            <dateRange>
               <fromDate standardDate="1524-11-10">10 novembre 1524</fromDate>
               <toDate standardDate="1561-08-04">4 août 1561</toDate>
            </dateRange>
         </cpfRelation>
         <cpfRelation xmlns:xlink="http://www.w3.org/1999/xlink"
                      cpfRelationType="associative"
                      xlink:href="FRAN_NP_012149"
                      xlink:type="simple">
            <relationEntry>Delacroix, François</relationEntry>
            <dateRange>
               <fromDate standardDate="1805-08-29">29 août 1805</fromDate>
               <toDate standardDate="1822-11-29">29 novembre 1822</toDate>
            </dateRange>
         </cpfRelation>
         <cpfRelation xmlns:xlink="http://www.w3.org/1999/xlink"
                      cpfRelationType="associative"
                      xlink:href="FRAN_NP_011594"
                      xlink:type="simple">
            <relationEntry>Levasseur, Jean</relationEntry>
            <dateRange>
               <fromDate standardDate="1648-01-01">1er janvier 1648</fromDate>
               <toDate standardDate="1648-12-31">31 décembre 1648</toDate>
            </dateRange>
         </cpfRelation>
         <cpfRelation xmlns:xlink="http://www.w3.org/1999/xlink"
                      cpfRelationType="associative"
                      xlink:href="FRAN_NP_010838"
                      xlink:type="simple">
            <relationEntry>Parque, Philippe</relationEntry>
            <dateRange>
               <fromDate standardDate="1640-01-20">20 janvier 1640</fromDate>
               <toDate standardDate="1659-01-14">14 janvier 1659</toDate>
            </dateRange>
         </cpfRelation>
         <cpfRelation xmlns:xlink="http://www.w3.org/1999/xlink"
                      cpfRelationType="associative"
                      xlink:href="FRAN_NP_011564"
                      xlink:type="simple">
            <relationEntry>Leroy, Jean-Baptiste</relationEntry>
            <dateRange>
               <fromDate standardDate="1644-12-12">12 décembre 1644</fromDate>
               <toDate standardDate="1650-07-01">1er juillet 1650</toDate>
            </dateRange>
         </cpfRelation>
         <cpfRelation xmlns:xlink="http://www.w3.org/1999/xlink"
                      cpfRelationType="associative"
                      xlink:href="FRAN_NP_011544"
                      xlink:type="simple">
            <relationEntry>Le pleux, Thierry</relationEntry>
            <dateRange>
               <fromDate standardDate="1995-08-17">17 août 1995</fromDate>
            </dateRange>
         </cpfRelation>
         <cpfRelation xmlns:xlink="http://www.w3.org/1999/xlink"
                      cpfRelationType="associative"
                      xlink:href="FRAN_NP_013452"
                      xlink:type="simple">
            <relationEntry>Moguilewski, Marie</relationEntry>
            <dateRange>
               <fromDate standardDate="2010-03-30">30 mars 2010</fromDate>
            </dateRange>
         </cpfRelation>
         <cpfRelation xmlns:xlink="http://www.w3.org/1999/xlink"
                      cpfRelationType="associative"
                      xlink:href="FRAN_NP_011341"
                      xlink:type="simple">
            <relationEntry>Lange, Denis-Gabriel</relationEntry>
            <dateRange>
               <fromDate standardDate="1674-01-01">1er janvier 1674</fromDate>
               <toDate standardDate="1674-12-31">31 décembre 1674</toDate>
            </dateRange>
         </cpfRelation>
         <cpfRelation xmlns:xlink="http://www.w3.org/1999/xlink"
                      cpfRelationType="associative"
                      xlink:href="FRAN_NP_011236"
                      xlink:type="simple">
            <relationEntry>Morin, Melchior-Thomas</relationEntry>
            <dateRange>
               <fromDate standardDate="1770-11-22">22 novembre 1770</fromDate>
               <toDate standardDate="1805-08-29">29 août 1805</toDate>
            </dateRange>
         </cpfRelation>
         <cpfRelation xmlns:xlink="http://www.w3.org/1999/xlink"
                      cpfRelationType="associative"
                      xlink:href="FRAN_NP_012466"
                      xlink:type="simple">
            <relationEntry>Chardon, Bertrand</relationEntry>
            <dateRange>
               <fromDate standardDate="1986-01-03">3 janvier 1986</fromDate>
            </dateRange>
         </cpfRelation>
         <cpfRelation xmlns:xlink="http://www.w3.org/1999/xlink"
                      cpfRelationType="associative"
                      xlink:href="FRAN_NP_011291"
                      xlink:type="simple">
            <relationEntry>La barde, Simon de</relationEntry>
            <dateRange>
               <fromDate standardDate="1588-09-16">16 septembre 1588</fromDate>
               <toDate standardDate="1604-09-02">2 septembre 1604</toDate>
            </dateRange>
         </cpfRelation>
         <cpfRelation xmlns:xlink="http://www.w3.org/1999/xlink"
                      cpfRelationType="associative"
                      xlink:href="FRAN_NP_012469"
                      xlink:type="simple">
            <relationEntry>Collet, Charles Emile</relationEntry>
            <dateRange>
               <fromDate standardDate="1921-05-23">23 mai 1921</fromDate>
               <toDate standardDate="1957-01-04">4 janvier 1957</toDate>
            </dateRange>
         </cpfRelation>
         <cpfRelation xmlns:xlink="http://www.w3.org/1999/xlink"
                      cpfRelationType="associative"
                      xlink:href="FRAN_NP_010597"
                      xlink:type="simple">
            <relationEntry>Turpin, Pierre</relationEntry>
            <dateRange>
               <fromDate standardDate="1539-07-12">12 juillet 1539</fromDate>
               <toDate standardDate="1555-01-28">28 janvier 1555</toDate>
            </dateRange>
         </cpfRelation>
         <cpfRelation xmlns:xlink="http://www.w3.org/1999/xlink"
                      cpfRelationType="associative"
                      xlink:href="FRAN_NP_010585"
                      xlink:type="simple">
            <relationEntry>Silvestre, Jacques</relationEntry>
            <dateRange>
               <fromDate standardDate="1723-06-21">21 juin 1723</fromDate>
               <toDate standardDate="1752-02-01">1er février 1752</toDate>
            </dateRange>
         </cpfRelation>
         <cpfRelation xmlns:xlink="http://www.w3.org/1999/xlink"
                      cpfRelationType="associative"
                      xlink:href="FRAN_NP_013298"
                      xlink:type="simple">
            <relationEntry>Sarazin, François</relationEntry>
            <dateRange>
               <fromDate standardDate="1530-01-01">1er janvier 1530</fromDate>
               <toDate standardDate="1538-04-13">13 avril 1538</toDate>
            </dateRange>
         </cpfRelation>
         <cpfRelation xmlns:xlink="http://www.w3.org/1999/xlink"
                      cpfRelationType="associative"
                      xlink:href="FRAN_NP_013286"
                      xlink:type="simple">
            <relationEntry>Marie, Anabelle</relationEntry>
            <dateRange>
               <fromDate standardDate="2005-10-25">25 octobre 2005</fromDate>
               <toDate standardDate="2008-07-24">24 juillet 2008</toDate>
            </dateRange>
         </cpfRelation>
         <cpfRelation xmlns:xlink="http://www.w3.org/1999/xlink"
                      cpfRelationType="associative"
                      xlink:href="FRAN_NP_010409"
                      xlink:type="simple">
            <relationEntry>Tarrade, Jean</relationEntry>
            <dateRange>
               <fromDate standardDate="1981-01-05">5 janvier 1981</fromDate>
            </dateRange>
         </cpfRelation>
         <cpfRelation xmlns:xlink="http://www.w3.org/1999/xlink"
                      cpfRelationType="associative"
                      xlink:href="FRAN_NP_010451"
                      xlink:type="simple">
            <relationEntry>Thomas, Antoine</relationEntry>
            <dateRange>
               <fromDate standardDate="1715-01-05">5 janvier 1715</fromDate>
               <toDate standardDate="1721-12-22">22 décembre 1721</toDate>
            </dateRange>
         </cpfRelation>
         <cpfRelation xmlns:xlink="http://www.w3.org/1999/xlink"
                      cpfRelationType="associative"
                      xlink:href="FRAN_NP_011813"
                      xlink:type="simple">
            <relationEntry>Huillier, François-Paul</relationEntry>
            <dateRange>
               <fromDate standardDate="1831-12-15">15 décembre 1831</fromDate>
               <toDate standardDate="1863-03-24">24 mars 1863</toDate>
            </dateRange>
         </cpfRelation>
         <cpfRelation xmlns:xlink="http://www.w3.org/1999/xlink"
                      cpfRelationType="associative"
                      xlink:href="FRAN_NP_010796"
                      xlink:type="simple">
            <relationEntry>Nera, Jean</relationEntry>
            <dateRange>
               <fromDate standardDate="1674-01-01">1674</fromDate>
               <toDate standardDate="1678-12-31">1678</toDate>
            </dateRange>
         </cpfRelation>
         <cpfRelation xmlns:xlink="http://www.w3.org/1999/xlink"
                      cpfRelationType="associative"
                      xlink:href="FRAN_NP_013006"
                      xlink:type="simple">
            <relationEntry>Bourin, Jacques</relationEntry>
            <dateRange>
               <fromDate standardDate="1660-03-22">22 mars 1660</fromDate>
               <toDate standardDate="1666-07-11">11 juillet 1666</toDate>
            </dateRange>
         </cpfRelation>
         <cpfRelation xmlns:xlink="http://www.w3.org/1999/xlink"
                      cpfRelationType="associative"
                      xlink:href="FRAN_NP_011794"
                      xlink:type="simple">
            <relationEntry>Huart, Antoine</relationEntry>
            <dateRange>
               <fromDate standardDate="1673-01-01">1673</fromDate>
               <toDate standardDate="1678-12-31">1678</toDate>
            </dateRange>
         </cpfRelation>
         <cpfRelation xmlns:xlink="http://www.w3.org/1999/xlink"
                      cpfRelationType="associative"
                      xlink:href="FRAN_NP_013143"
                      xlink:type="simple">
            <relationEntry>Arouet, François</relationEntry>
            <dateRange>
               <fromDate standardDate="1684-01-01">1er janvier 1684</fromDate>
               <toDate standardDate="1684-12-31">31 décembre 1684</toDate>
            </dateRange>
         </cpfRelation>
         <cpfRelation xmlns:xlink="http://www.w3.org/1999/xlink"
                      cpfRelationType="associative"
                      xlink:href="FRAN_NP_012905"
                      xlink:type="simple">
            <relationEntry>Bigre, Protais</relationEntry>
            <dateRange>
               <fromDate standardDate="1610-06-14">14 juin 1610</fromDate>
               <toDate standardDate="1616-10-22">22 octobre 1616</toDate>
            </dateRange>
         </cpfRelation>
         <cpfRelation xmlns:xlink="http://www.w3.org/1999/xlink"
                      cpfRelationType="associative"
                      xlink:href="FRAN_NP_012904"
                      xlink:type="simple">
            <relationEntry>Bigot, Pierre</relationEntry>
            <dateRange>
               <fromDate standardDate="1675-03-22">22 mars 1675</fromDate>
               <toDate standardDate="1681-05-01">1er mai 1681</toDate>
            </dateRange>
         </cpfRelation>
         <cpfRelation xmlns:xlink="http://www.w3.org/1999/xlink"
                      cpfRelationType="associative"
                      xlink:href="FRAN_NP_012039"
                      xlink:type="simple">
            <relationEntry>Felin, Michel de</relationEntry>
            <dateRange>
               <fromDate standardDate="1537-01-01">1537</fromDate>
               <toDate standardDate="1538-12-31">1538</toDate>
            </dateRange>
         </cpfRelation>
         <cpfRelation xmlns:xlink="http://www.w3.org/1999/xlink"
                      cpfRelationType="associative"
                      xlink:href="FRAN_NP_012976"
                      xlink:type="simple">
            <relationEntry>Boucot, Claude</relationEntry>
            <dateRange>
               <fromDate standardDate="1614-08-04">4 août 1614</fromDate>
               <toDate standardDate="1648-12-16">16 décembre 1648</toDate>
            </dateRange>
         </cpfRelation>
         <cpfRelation xmlns:xlink="http://www.w3.org/1999/xlink"
                      cpfRelationType="associative"
                      xlink:href="FRAN_NP_013076"
                      xlink:type="simple">
            <relationEntry>Bruslé, Etienne</relationEntry>
            <dateRange>
               <fromDate standardDate="1541-02-10">10 février 1541</fromDate>
               <toDate standardDate="1584-11-08">8 novembre 1584</toDate>
            </dateRange>
         </cpfRelation>
         <cpfRelation xmlns:xlink="http://www.w3.org/1999/xlink"
                      cpfRelationType="associative"
                      xlink:href="FRAN_NP_011824"
                      xlink:type="simple">
            <relationEntry>Gabillon, Jean</relationEntry>
            <dateRange>
               <fromDate standardDate="1650-09-22">22 septembre 1650</fromDate>
               <toDate standardDate="1674-04-27">27 avril 1674</toDate>
            </dateRange>
         </cpfRelation>
         <cpfRelation xmlns:xlink="http://www.w3.org/1999/xlink"
                      cpfRelationType="associative"
                      xlink:href="FRAN_NP_011814"
                      xlink:type="simple">
            <relationEntry>Huillier, Paul</relationEntry>
            <dateRange>
               <fromDate standardDate="1863-03-25">25 mars 1863</fromDate>
               <toDate standardDate="1921-05-23">23 mai 1921</toDate>
            </dateRange>
         </cpfRelation>
         <cpfRelation xmlns:xlink="http://www.w3.org/1999/xlink"
                      cpfRelationType="associative"
                      xlink:href="FRAN_NP_013358"
                      xlink:type="simple">
            <relationEntry>Duhamel, Laurence</relationEntry>
            <dateRange>
               <fromDate standardDate="2008-02-22">22 février 2008</fromDate>
            </dateRange>
         </cpfRelation>
         <cpfRelation xmlns:xlink="http://www.w3.org/1999/xlink"
                      cpfRelationType="associative"
                      xlink:href="FRAN_NP_011981"
                      xlink:type="simple">
            <relationEntry>Guérinet, Jean-Baptiste</relationEntry>
            <dateRange>
               <fromDate standardDate="1822-11-29">29 novembre 1822</fromDate>
               <toDate standardDate="1831-12-15">15 décembre 1831</toDate>
            </dateRange>
         </cpfRelation>
         <cpfRelation xmlns:xlink="http://www.w3.org/1999/xlink"
                      cpfRelationType="associative"
                      xlink:href="FRAN_NP_013285"
                      xlink:type="simple">
            <relationEntry>Moisy-Namand, Adeline</relationEntry>
            <dateRange>
               <fromDate standardDate="2005-10-25">25 octobre 2005</fromDate>
            </dateRange>
         </cpfRelation>
         <cpfRelation xmlns:xlink="http://www.w3.org/1999/xlink"
                      cpfRelationType="associative"
                      xlink:href="FRAN_NP_013284"
                      xlink:type="simple">
            <relationEntry>Tarrade, Pierre Eric</relationEntry>
            <dateRange>
               <fromDate standardDate="2005-10-25">25 octobre 2005</fromDate>
            </dateRange>
         </cpfRelation>
         <cpfRelation xmlns:xlink="http://www.w3.org/1999/xlink"
                      cpfRelationType="associative"
                      xlink:href="FRAN_NP_011202"
                      xlink:type="simple">
            <relationEntry>Monhenault, Laurent II de</relationEntry>
            <dateRange>
               <fromDate standardDate="1670-01-01">1er janvier 1670</fromDate>
               <toDate standardDate="1670-12-31">31 décembre 1670</toDate>
            </dateRange>
         </cpfRelation>
         <cpfRelation xmlns:xlink="http://www.w3.org/1999/xlink"
                      cpfRelationType="associative"
                      xlink:href="FRAN_NP_010584"
                      xlink:type="simple">
            <relationEntry>Silvestre, Abraham-Jacques</relationEntry>
            <dateRange>
               <fromDate standardDate="1752-02-01">1er février 1752</fromDate>
               <toDate standardDate="1758-11-18">18 novembre 1758</toDate>
            </dateRange>
         </cpfRelation>
         <cpfRelation xmlns:xlink="http://www.w3.org/1999/xlink"
                      cpfRelationType="associative"
                      xlink:href="FRAN_NP_011124"
                      xlink:type="simple">
            <relationEntry>Maupeou, Vincent</relationEntry>
            <dateRange>
               <fromDate standardDate="1543-01-01">1543</fromDate>
               <toDate standardDate="1544-12-31">1544</toDate>
            </dateRange>
         </cpfRelation>
         <cpfRelation xmlns:xlink="http://www.w3.org/1999/xlink"
                      cpfRelationType="associative"
                      xlink:href="FRAN_NP_012468"
                      xlink:type="simple">
            <relationEntry>Clersin, Pierre de</relationEntry>
            <dateRange>
               <fromDate standardDate="1681-10-03">3 octobre 1681</fromDate>
               <toDate standardDate="1714-09-29">29 septembre 1714</toDate>
            </dateRange>
         </cpfRelation>
         <cpfRelation xmlns:xlink="http://www.w3.org/1999/xlink"
                      cpfRelationType="associative"
                      xlink:href="FRAN_NP_012467"
                      xlink:type="simple">
            <relationEntry>Chardon, Paul Edmond</relationEntry>
            <dateRange>
               <fromDate standardDate="1957-01-04">4 janvier 1957</fromDate>
               <toDate standardDate="1999-12-31">1999</toDate>
            </dateRange>
         </cpfRelation>
         <cpfRelation xmlns:xlink="http://www.w3.org/1999/xlink"
                      cpfRelationType="associative"
                      xlink:href="FRAN_NP_012470"
                      xlink:type="simple">
            <relationEntry>Cothereau, Philippe I</relationEntry>
            <dateRange>
               <fromDate standardDate="1555-03-22">22 mars 1555</fromDate>
               <toDate standardDate="1588-05-03">3 mai 1588</toDate>
            </dateRange>
         </cpfRelation>
         <cpfRelation xmlns:xlink="http://www.w3.org/1999/xlink"
                      cpfRelationType="associative"
                      xlink:href="FRAN_NP_011339"
                      xlink:type="simple">
            <relationEntry>Landry, Etienne</relationEntry>
            <dateRange>
               <fromDate standardDate="1617-02-17">17 février 1617</fromDate>
               <toDate standardDate="1619-02-04">4 février 1619</toDate>
            </dateRange>
         </cpfRelation>
         <cpfRelation xmlns:xlink="http://www.w3.org/1999/xlink"
                      cpfRelationType="associative"
                      xlink:href="FRAN_NP_011346"
                      xlink:type="simple">
            <relationEntry>Langlois, Louis</relationEntry>
            <dateRange>
               <fromDate standardDate="1649-01-01">1er janvier 1649</fromDate>
               <toDate standardDate="1660-03-20">20 mars 1660</toDate>
            </dateRange>
         </cpfRelation>
         <cpfRelation xmlns:xlink="http://www.w3.org/1999/xlink"
                      cpfRelationType="associative"
                      xlink:href="FRAN_NP_012436"
                      xlink:type="simple">
            <relationEntry>Duparc, Noël</relationEntry>
            <dateRange>
               <fromDate standardDate="1674-01-01">1674</fromDate>
               <toDate standardDate="1677-12-31">1677</toDate>
            </dateRange>
         </cpfRelation>
         <cpfRelation xmlns:xlink="http://www.w3.org/1999/xlink"
                      cpfRelationType="associative"
                      xlink:href="FRAN_NP_011562"
                      xlink:type="simple">
            <relationEntry>Leroy, Étienne</relationEntry>
            <dateRange>
               <fromDate standardDate="1608-03-29">29 mars 1608</fromDate>
               <toDate standardDate="1644-10-24">24 octobre 1644</toDate>
            </dateRange>
         </cpfRelation>
         <cpfRelation xmlns:xlink="http://www.w3.org/1999/xlink"
                      cpfRelationType="associative"
                      xlink:href="FRAN_NP_010827"
                      xlink:type="simple">
            <relationEntry>Pajot, Guillaume</relationEntry>
            <dateRange>
               <fromDate standardDate="1592-01-31">31 janvier 1592</fromDate>
               <toDate standardDate="1605-05-29">29 mai 1605</toDate>
            </dateRange>
         </cpfRelation>
         <cpfRelation xmlns:xlink="http://www.w3.org/1999/xlink"
                      cpfRelationType="associative"
                      xlink:href="FRAN_NP_010836"
                      xlink:type="simple">
            <relationEntry>Parque, Jacques II</relationEntry>
            <dateRange>
               <fromDate standardDate="1603-05-24">24 mai 1603</fromDate>
               <toDate standardDate="1640-01-17">17 janvier 1640</toDate>
            </dateRange>
         </cpfRelation>
         <cpfRelation xmlns:xlink="http://www.w3.org/1999/xlink"
                      cpfRelationType="associative"
                      xlink:href="FRAN_NP_012139"
                      xlink:type="simple">
            <relationEntry>Experton, Marie-Joseph</relationEntry>
            <dateRange>
               <fromDate standardDate="1994-11-30">30 novembre 1994</fromDate>
               <toDate standardDate="1996-08-29">29 août 1996</toDate>
            </dateRange>
         </cpfRelation>
         <cpfRelation xmlns:xlink="http://www.w3.org/1999/xlink"
                      cpfRelationType="associative"
                      xlink:href="FRAN_NP_012150"
                      xlink:type="simple">
            <relationEntry>Du barle, Charles</relationEntry>
            <dateRange>
               <fromDate standardDate="1758-11-18">18 novembre 1758</fromDate>
               <toDate standardDate="1770-11-22">22 novembre 1770</toDate>
            </dateRange>
         </cpfRelation>
         <cpfRelation xmlns:xlink="http://www.w3.org/1999/xlink"
                      cpfRelationType="associative"
                      xlink:href="FRAN_NP_011629"
                      xlink:type="simple">
            <relationEntry>Lorimier, Antoine</relationEntry>
            <dateRange>
               <fromDate standardDate="1677-01-27">27 janvier 1677</fromDate>
               <toDate standardDate="1681-12-31">1681</toDate>
            </dateRange>
         </cpfRelation>
         <resourceRelation xmlns:xlink="http://www.w3.org/1999/xlink"
                           resourceRelationType="creatorOf"
                           xlink:href="FRAN_IR_041201"
                           xlink:type="simple">
            <relationEntry localType="archival">Minutes et répertoires du notaire Jean de LOUVENCOURT, 1524 - 4 août 1561 (étude VI)</relationEntry>
         </resourceRelation>
         <resourceRelation xmlns:xlink="http://www.w3.org/1999/xlink"
                           resourceRelationType="creatorOf"
                           xlink:href="FRAN_IR_041202"
                           xlink:type="simple">
            <relationEntry localType="archival">Minutes et répertoires du notaire François SARAZIN, janvier 1530 - 16 mars 1540 (étude VI)</relationEntry>
         </resourceRelation>
         <resourceRelation xmlns:xlink="http://www.w3.org/1999/xlink"
                           resourceRelationType="creatorOf"
                           xlink:href="FRAN_IR_041219"
                           xlink:type="simple">
            <relationEntry localType="archival">Minutes et répertoires du notaire notaires divers, 1648 - 1684 (étude VI)</relationEntry>
         </resourceRelation>
         <resourceRelation xmlns:xlink="http://www.w3.org/1999/xlink"
                           resourceRelationType="creatorOf"
                           xlink:href="FRAN_IR_041204"
                           xlink:type="simple">
            <relationEntry localType="archival">Minutes et répertoires du notaire Pierre TURPIN, 28 mars 1543 - 28 janvier 1555 (étude VI)</relationEntry>
         </resourceRelation>
         <resourceRelation xmlns:xlink="http://www.w3.org/1999/xlink"
                           resourceRelationType="creatorOf"
                           xlink:href="FRAN_IR_041206"
                           xlink:type="simple">
            <relationEntry localType="archival">Minutes et répertoires du notaire Vincent MAUPEOU, 22 décembre 1563 - 16 avril 1565 (étude VI)</relationEntry>
         </resourceRelation>
         <resourceRelation xmlns:xlink="http://www.w3.org/1999/xlink"
                           resourceRelationType="creatorOf"
                           xlink:href="FRAN_IR_041203"
                           xlink:type="simple">
            <relationEntry localType="archival">Minutes et répertoires du notaire Étienne BRUSLÉ, 10 février 1542 - 8 novembre 1584 (étude VI)</relationEntry>
         </resourceRelation>
         <resourceRelation xmlns:xlink="http://www.w3.org/1999/xlink"
                           resourceRelationType="creatorOf"
                           xlink:href="FRAN_IR_041205"
                           xlink:type="simple">
            <relationEntry localType="archival">Minutes et répertoires du notaire Philippe I COTHEREAU, 22 mars 1556 - 3 mai 1588 (étude VI)</relationEntry>
         </resourceRelation>
         <resourceRelation xmlns:xlink="http://www.w3.org/1999/xlink"
                           resourceRelationType="creatorOf"
                           xlink:href="FRAN_IR_041209"
                           xlink:type="simple">
            <relationEntry localType="archival">Minutes et répertoires du notaire Guillaume PAJOT, 31 janvier 1592 - 1er juillet 1605 (étude VI)</relationEntry>
         </resourceRelation>
         <resourceRelation xmlns:xlink="http://www.w3.org/1999/xlink"
                           resourceRelationType="creatorOf"
                           xlink:href="FRAN_IR_041208"
                           xlink:type="simple">
            <relationEntry localType="archival">Minutes et répertoires du notaire Simon de LA BARDE, février 1588 - 2 septembre 1604 (étude VI)</relationEntry>
         </resourceRelation>
         <resourceRelation xmlns:xlink="http://www.w3.org/1999/xlink"
                           resourceRelationType="creatorOf"
                           xlink:href="FRAN_IR_041207"
                           xlink:type="simple">
            <relationEntry localType="archival">Minutes et répertoires du notaire François ROSSIGNOL, 1572 - 20 juillet 1586 (étude VI)</relationEntry>
         </resourceRelation>
         <resourceRelation xmlns:xlink="http://www.w3.org/1999/xlink"
                           resourceRelationType="creatorOf"
                           xlink:href="FRAN_IR_041214"
                           xlink:type="simple">
            <relationEntry localType="archival">Minutes et répertoires du notaire Protais BIGRE, 14 juin 1610 - 22 octobre 1616 (étude VI)</relationEntry>
         </resourceRelation>
         <resourceRelation xmlns:xlink="http://www.w3.org/1999/xlink"
                           resourceRelationType="creatorOf"
                           xlink:href="FRAN_IR_041216"
                           xlink:type="simple">
            <relationEntry localType="archival">Minutes et répertoires du notaire Étienne LANDRY, 18 février 1617 - 4 février 1619 (étude VI)</relationEntry>
         </resourceRelation>
         <resourceRelation xmlns:xlink="http://www.w3.org/1999/xlink"
                           resourceRelationType="creatorOf"
                           xlink:href="FRAN_IR_041215"
                           xlink:type="simple">
            <relationEntry localType="archival">Minutes et répertoires du notaire Claude BOUCOT, 4 août 1614 - 16 décembre 1648 (étude VI)</relationEntry>
         </resourceRelation>
         <resourceRelation xmlns:xlink="http://www.w3.org/1999/xlink"
                           resourceRelationType="creatorOf"
                           xlink:href="FRAN_IR_041210"
                           xlink:type="simple">
            <relationEntry localType="archival">Minutes et répertoires du notaire Jacques II PARQUE, 24 mai 1603 - 12 janvier 1640 (étude VI)</relationEntry>
         </resourceRelation>
         <resourceRelation xmlns:xlink="http://www.w3.org/1999/xlink"
                           resourceRelationType="creatorOf"
                           xlink:href="FRAN_IR_041211"
                           xlink:type="simple">
            <relationEntry localType="archival">Minutes et répertoires du notaire Philippe PARQUE, 20 janvier 1640 - 14 janvier 1659 (étude VI)</relationEntry>
         </resourceRelation>
         <resourceRelation xmlns:xlink="http://www.w3.org/1999/xlink"
                           resourceRelationType="creatorOf"
                           xlink:href="FRAN_IR_041218"
                           xlink:type="simple">
            <relationEntry localType="archival">Minutes et répertoires du notaire Louis LANGLOIS, 18 décembre 1648 - 20 mars 1660 (étude VI)</relationEntry>
         </resourceRelation>
         <resourceRelation xmlns:xlink="http://www.w3.org/1999/xlink"
                           resourceRelationType="creatorOf"
                           xlink:href="FRAN_IR_041221"
                           xlink:type="simple">
            <relationEntry localType="archival">Minutes et répertoires du notaire Jacques BOURIN, 23 mars 1660 - 11 juillet 1666 (étude VI)</relationEntry>
         </resourceRelation>
         <resourceRelation xmlns:xlink="http://www.w3.org/1999/xlink"
                           resourceRelationType="creatorOf"
                           xlink:href="FRAN_IR_041212"
                           xlink:type="simple">
            <relationEntry localType="archival">Minutes et répertoires du notaire Étienne LEROY, avril 1608 - 24 octobre 1644 (étude VI)</relationEntry>
         </resourceRelation>
         <resourceRelation xmlns:xlink="http://www.w3.org/1999/xlink"
                           resourceRelationType="creatorOf"
                           xlink:href="FRAN_IR_041213"
                           xlink:type="simple">
            <relationEntry localType="archival">Minutes et répertoires du notaire Jean-Baptiste LEROY, 12 décembre 1644 - 1er juillet 1650 (étude VI)</relationEntry>
         </resourceRelation>
         <resourceRelation xmlns:xlink="http://www.w3.org/1999/xlink"
                           resourceRelationType="creatorOf"
                           xlink:href="FRAN_IR_041220"
                           xlink:type="simple">
            <relationEntry localType="archival">Minutes et répertoires du notaire Jean GABILLON, 8 septembre 1650 - 27 avril 1674 (étude VI)</relationEntry>
         </resourceRelation>
         <resourceRelation xmlns:xlink="http://www.w3.org/1999/xlink"
                           resourceRelationType="creatorOf"
                           xlink:href="FRAN_IR_041222"
                           xlink:type="simple">
            <relationEntry localType="archival">Minutes et répertoires du notaire Pierre BIGOT, 22 mars 1675 - 20 août 1681 (étude VI)</relationEntry>
         </resourceRelation>
         <resourceRelation xmlns:xlink="http://www.w3.org/1999/xlink"
                           resourceRelationType="creatorOf"
                           xlink:href="FRAN_IR_041223"
                           xlink:type="simple">
            <relationEntry localType="archival">Minutes et répertoires du notaire Pierre de CLERSIN, 3 octobre 1681 - décembre 1714 (étude VI)</relationEntry>
         </resourceRelation>
         <resourceRelation xmlns:xlink="http://www.w3.org/1999/xlink"
                           resourceRelationType="creatorOf"
                           xlink:href="FRAN_IR_041224"
                           xlink:type="simple">
            <relationEntry localType="archival">Minutes et répertoires du notaire Antoine THOMAS, 5 janvier 1715 - 22 décembre 1721 (étude VI)</relationEntry>
         </resourceRelation>
         <resourceRelation xmlns:xlink="http://www.w3.org/1999/xlink"
                           resourceRelationType="creatorOf"
                           xlink:href="FRAN_IR_041225"
                           xlink:type="simple">
            <relationEntry localType="archival">Minutes et répertoires du notaire Jacques SILVESTRE, 21 juin 1723 - 1er février 1752 (étude VI)</relationEntry>
         </resourceRelation>
         <resourceRelation xmlns:xlink="http://www.w3.org/1999/xlink"
                           resourceRelationType="creatorOf"
                           xlink:href="FRAN_IR_041226"
                           xlink:type="simple">
            <relationEntry localType="archival">Minutes et répertoires du notaire Abraham Jacques SILVESTRE, 2 février 1752 - 17 novembre 1758 (étude VI)</relationEntry>
         </resourceRelation>
         <resourceRelation xmlns:xlink="http://www.w3.org/1999/xlink"
                           resourceRelationType="creatorOf"
                           xlink:href="FRAN_IR_041227"
                           xlink:type="simple">
            <relationEntry localType="archival">Minutes et répertoires du notaire Charles DU BARLE, 18 novembre 1758 - 20 novembre 1770 (étude VI)</relationEntry>
         </resourceRelation>
         <resourceRelation xmlns:xlink="http://www.w3.org/1999/xlink"
                           resourceRelationType="creatorOf"
                           xlink:href="FRAN_IR_041228"
                           xlink:type="simple">
            <relationEntry localType="archival">Minutes et répertoires du notaire Melchior Thomas MORIN, 22 novembre 1770 - 28 août 1805 (étude VI)</relationEntry>
         </resourceRelation>
         <resourceRelation xmlns:xlink="http://www.w3.org/1999/xlink"
                           resourceRelationType="creatorOf"
                           xlink:href="FRAN_IR_041229"
                           xlink:type="simple">
            <relationEntry localType="archival">Minutes et répertoires du notaire François DELACROIX, 29 août 1805 - 28 novembre 1822 (étude VI)</relationEntry>
         </resourceRelation>
         <resourceRelation xmlns:xlink="http://www.w3.org/1999/xlink"
                           resourceRelationType="creatorOf"
                           xlink:href="FRAN_IR_041230"
                           xlink:type="simple">
            <relationEntry localType="archival">Minutes et répertoires du notaire Jean-Baptiste GUÉRINET, 29 novembre 1822 - 15 décembre 1831 (étude VI)</relationEntry>
         </resourceRelation>
         <resourceRelation xmlns:xlink="http://www.w3.org/1999/xlink"
                           resourceRelationType="creatorOf"
                           xlink:href="FRAN_IR_041231"
                           xlink:type="simple">
            <relationEntry localType="archival">Minutes et répertoires du notaire François Paul HUILLIER, 15 décembre 1831 - 24 mars 1863 (étude VI)</relationEntry>
         </resourceRelation>
         <resourceRelation xmlns:xlink="http://www.w3.org/1999/xlink"
                           resourceRelationType="creatorOf"
                           xlink:href="FRAN_IR_041232"
                           xlink:type="simple">
            <relationEntry localType="archival">Minutes et répertoires du notaire Paul HUILLIER, 25 mars 1863 - septembre 1899 (étude VI)</relationEntry>
         </resourceRelation>
         <resourceRelation xmlns:xlink="http://www.w3.org/1999/xlink"
                           resourceRelationType="creatorOf"
                           xlink:href="FRAN_IR_041200"
                           xlink:type="simple">
            <relationEntry localType="archival">Archives de l'étude VI</relationEntry>
         </resourceRelation>
         <resourceRelation xmlns:xlink="http://www.w3.org/1999/xlink"
                           resourceRelationType="creatorOf"
                           xlink:href="FRAN_IR_056392"
                           xlink:type="simple">
            <relationEntry localType="archival">Images des répertoires du notaire Claude Boucot pour l'étude VI</relationEntry>
         </resourceRelation>
         <resourceRelation xmlns:xlink="http://www.w3.org/1999/xlink"
                           resourceRelationType="creatorOf"
                           xlink:href="FRAN_IR_056726"
                           xlink:type="simple">
            <relationEntry localType="archival">Images des répertoires du notaire Guillaume Pajot pour l'étude VI</relationEntry>
         </resourceRelation>
         <resourceRelation xmlns:xlink="http://www.w3.org/1999/xlink"
                           resourceRelationType="creatorOf"
                           xlink:href="FRAN_IR_056727"
                           xlink:type="simple">
            <relationEntry localType="archival">Images des répertoires du notaire Protais Bigre pour l'étude VI</relationEntry>
         </resourceRelation>
         <resourceRelation xmlns:xlink="http://www.w3.org/1999/xlink"
                           resourceRelationType="creatorOf"
                           xlink:href="FRAN_IR_051704"
                           xlink:type="simple">
            <relationEntry localType="archival">Images des répertoires du notaire Philippe Parque pour l'étude VI</relationEntry>
         </resourceRelation>
         <resourceRelation xmlns:xlink="http://www.w3.org/1999/xlink"
                           resourceRelationType="creatorOf"
                           xlink:href="FRAN_IR_051716"
                           xlink:type="simple">
            <relationEntry localType="archival">Images du répertoire du notaire Jacques Bourin pour l'étude VI</relationEntry>
         </resourceRelation>
         <resourceRelation xmlns:xlink="http://www.w3.org/1999/xlink"
                           resourceRelationType="creatorOf"
                           xlink:href="FRAN_IR_056728"
                           xlink:type="simple">
            <relationEntry localType="archival">Images du répertoire du notaire Jacques II Parque pour l'étude VI</relationEntry>
         </resourceRelation>
         <resourceRelation xmlns:xlink="http://www.w3.org/1999/xlink"
                           resourceRelationType="creatorOf"
                           xlink:href="FRAN_IR_056730"
                           xlink:type="simple">
            <relationEntry localType="archival">Images du répertoire du notaire Louis Langlois pour l'étude VI</relationEntry>
         </resourceRelation>
         <resourceRelation xmlns:xlink="http://www.w3.org/1999/xlink"
                           resourceRelationType="creatorOf"
                           xlink:href="FRAN_IR_051707"
                           xlink:type="simple">
            <relationEntry localType="archival">Images du répertoire du notaire Jean Baptiste Leroy pour l'étude VI</relationEntry>
         </resourceRelation>
         <resourceRelation xmlns:xlink="http://www.w3.org/1999/xlink"
                           resourceRelationType="creatorOf"
                           xlink:href="FRAN_IR_051710"
                           xlink:type="simple">
            <relationEntry localType="archival">Images du répertoire du notaire Jean Gabillon pour l'étude VI</relationEntry>
         </resourceRelation>
         <resourceRelation xmlns:xlink="http://www.w3.org/1999/xlink"
                           resourceRelationType="creatorOf"
                           xlink:href="FRAN_IR_051714"
                           xlink:type="simple">
            <relationEntry localType="archival">Images des répertoires du notaire Pierre de Clersin pour l'étude VI</relationEntry>
         </resourceRelation>
         <resourceRelation xmlns:xlink="http://www.w3.org/1999/xlink"
                           resourceRelationType="creatorOf"
                           xlink:href="FRAN_IR_051711"
                           xlink:type="simple">
            <relationEntry localType="archival">Images des répertoires du notaire Jean-Baptiste Guérinet pour l'étude VI</relationEntry>
         </resourceRelation>
         <resourceRelation xmlns:xlink="http://www.w3.org/1999/xlink"
                           resourceRelationType="creatorOf"
                           xlink:href="FRAN_IR_051709"
                           xlink:type="simple">
            <relationEntry localType="archival">Images des répertoires du notaire Paul Huillier pour l'étude VI</relationEntry>
         </resourceRelation>
         <resourceRelation xmlns:xlink="http://www.w3.org/1999/xlink"
                           resourceRelationType="creatorOf"
                           xlink:href="FRAN_IR_056733"
                           xlink:type="simple">
            <relationEntry localType="archival">Images du répertoire du notaire Jacques Silvestre pour l'étude VI</relationEntry>
         </resourceRelation>
         <resourceRelation xmlns:xlink="http://www.w3.org/1999/xlink"
                           resourceRelationType="creatorOf"
                           xlink:href="FRAN_IR_056734"
                           xlink:type="simple">
            <relationEntry localType="archival">Images du répertoire du notaire Abraham Jacques Silvestre pour l'étude VI</relationEntry>
         </resourceRelation>
         <resourceRelation xmlns:xlink="http://www.w3.org/1999/xlink"
                           resourceRelationType="creatorOf"
                           xlink:href="FRAN_IR_051719"
                           xlink:type="simple">
            <relationEntry localType="archival">Images des répertoires du notaire Etienne Leroy pour l'étude VI</relationEntry>
         </resourceRelation>
         <resourceRelation xmlns:xlink="http://www.w3.org/1999/xlink"
                           resourceRelationType="creatorOf"
                           xlink:href="FRAN_IR_056735"
                           xlink:type="simple">
            <relationEntry localType="archival">Images des répertoires du notaire Charles Du Barle pour l'étude VI</relationEntry>
         </resourceRelation>
         <resourceRelation xmlns:xlink="http://www.w3.org/1999/xlink"
                           resourceRelationType="creatorOf"
                           xlink:href="FRAN_IR_056738"
                           xlink:type="simple">
            <relationEntry localType="archival">Images des répertoires du notaire Melchior Thomas Morin pour l'étude VI</relationEntry>
         </resourceRelation>
         <resourceRelation xmlns:xlink="http://www.w3.org/1999/xlink"
                           resourceRelationType="creatorOf"
                           xlink:href="FRAN_IR_056746"
                           xlink:type="simple">
            <relationEntry localType="archival">Images des répertoires du notaire François Delacroix pour l'étude VI</relationEntry>
         </resourceRelation>
         <resourceRelation xmlns:xlink="http://www.w3.org/1999/xlink"
                           resourceRelationType="creatorOf"
                           xlink:href="FRAN_IR_056749"
                           xlink:type="simple">
            <relationEntry localType="archival">Images des répertoires du notaire François Paul Huillier pour l'étude VI</relationEntry>
         </resourceRelation>
         <resourceRelation xmlns:xlink="http://www.w3.org/1999/xlink"
                           resourceRelationType="creatorOf"
                           xlink:href="FRAN_IR_056976"
                           xlink:type="simple">
            <relationEntry localType="archival">Minutes et répertoires du notaire Michel de FELIN, 18 avril 1533 - 16 mars 1540 (étude VI)</relationEntry>
         </resourceRelation>
      </relations>
   </cpfDescription>
</eac-cpf>
