<eac-cpf xmlns="urn:isbn:1-931666-33-4"
         xmlns:xsi="http://www.w3.org/2001/XMLSchema-instance"
         xsi:schemaLocation="urn:isbn:1-931666-33-4 cpf.xsd">
   <control>
      <recordId>FRAN_NP_005674</recordId>
      <maintenanceStatus>revised</maintenanceStatus>
      <maintenanceAgency>
         <agencyName>Archives nationales de France</agencyName>
      </maintenanceAgency>
      <languageDeclaration>
         <language languageCode="fre">Français</language>
         <script scriptCode="Latn"/>
      </languageDeclaration>
      <conventionDeclaration>
         <citation>Notice établie conformément à la norme ICA-ISAAR (CPF) 2004, aux normes ISO 8601 pour le système de normalisation des dates utilisé, ainsi que AFNOR NF Z 44-061, juin 1986. Catalogage : forme et structure des vedettes noms de personne, des vedettes titres, des rubriques de classement et des titres forgés.</citation>
      </conventionDeclaration>
      <localControl localType="niveau_de_detail">
         <term>Complète</term>
      </localControl>
      <maintenanceHistory>
         <maintenanceEvent>
            <eventType>derived</eventType>
            <eventDateTime>2013-04-23</eventDateTime>
            <agentType>machine</agentType>
            <agent>Import_SIA</agent>
         </maintenanceEvent>
         <maintenanceEvent>
            <eventType>revised</eventType>
            <eventDateTime>2015-12-23</eventDateTime>
            <agentType>human</agentType>
            <agent>Marine ZELVERTE</agent>
            <eventDescription/>
         </maintenanceEvent>
         <maintenanceEvent>
            <eventType>updated</eventType>
            <eventDateTime>2017-03-17</eventDateTime>
            <agentType>human</agentType>
            <agent>Marine ZELVERTE</agent>
         </maintenanceEvent>
         <maintenanceEvent>
            <eventType>updated</eventType>
            <eventDateTime>2017-03-22</eventDateTime>
            <agentType>human</agentType>
            <agent>Mission.referentiels MISSION.REFERENTIELS</agent>
         </maintenanceEvent>
      </maintenanceHistory>
      <sources>
         <source>
            <descriptiveNote>
               <p>Journal Officiel de la République française</p>
               <p>Bottin administratif</p>
            </descriptiveNote>
         </source>
      </sources>
   </control>
   <cpfDescription>
      <identity>
         <entityType>corporateBody</entityType>
         <nameEntry localType="autorisée" scriptCode="Latn" xml:lang="fre">
            <part>France. Direction du Livre et de la Lecture. Département de l'action régionale et des bibliothèques territoriales (1993-1995)</part>
         </nameEntry>
      </identity>
      <description>
         <existDates>
            <dateRange>
               <fromDate standardDate="1993-03-22">22 mars 1993</fromDate>
               <toDate standardDate="1995-05-11">11 mai 1995</toDate>
            </dateRange>
         </existDates>
         <legalStatuses>
            <legalStatus>
               <term vocabularySource="d5blonaxbw--1mt8t42bokzts">service d'administration centrale</term>
            </legalStatus>
         </legalStatuses>
         <functions>
            <function>
               <term vocabularySource="d3nyuh17x9-p3lv1gh3hjbu">contrôle technique</term>
            </function>
            <function>
               <term vocabularySource="d5bhviikk9--y6te63k761ib">culture</term>
            </function>
            <function>
               <term vocabularySource="d5bhvihqll-iv6mus5ox250">évaluation</term>
            </function>
         </functions>
         <mandates>
            <mandate>
               <descriptiveNote>
                  <p>Arrêté du 19 mars 1993 relatif à l'organisation de la direction du livre et de la lecture (https://www.legifrance.gouv.fr/affichTexte.do?cidTexte=JORFTEXT000000163938&amp;fastPos=20&amp;fastReqId=2035075412&amp;categorieLien=id&amp;oldAction=rechTexte)</p>
                  <p>Arrêtés du 9 mai 1995 relatifs à l'organisation de la direction du Livre et de la Lecture (https://www.legifrance.gouv.fr/affichTexte.do?cidTexte=JORFTEXT000000353930&amp;fastPos=41&amp;fastReqId=720883689&amp;categorieLien=id&amp;oldAction=rechTexte)</p>
               </descriptiveNote>
            </mandate>
         </mandates>
         <structureOrGenealogy>
            <p>Le département de l'action régionale et des bibliothèques territoriales est composé de trois bureaux :</p>
            <list>
               <item>le bureau des bibliothèques territoriales ;</item>
               <item>le bureau des publics et du développement de la lecture ;</item>
               <item>le bureau du patrimoine.</item>
            </list>
         </structureOrGenealogy>
         <biogHist>
            <p>
               <span style="underline">Historique :</span>
            </p>
            <p>Le département de l'action régionale et des bibliothèques territoriales est créé au sein de la direction du Livre et de la Lecture (DLL) par arrêté du 19 mars 1993 (publié au Journal Officiel le 21 mars). Il reprend une partie des missions du département des bibliothèques (bureau des établissements territoriaux, bureau du développement des collections et du patrimoine) ainsi que celles de la Mission au développement de la lecture et à l'action régionale. </p>
            <p>Il disparaît avec deux arrêtés du 9 mai 1995 qui réorganisent entièrement la DLL (publiés au Journal Officiel le 11 mai).</p>
            <p/>
            <p>
               <span style="underline">Missions :</span>
            </p>
            <p>Les missions du département de l'action régionale et des bibliothèques territoriales sont fixées par l'article 4 de l'arrêté du 19 mars 1993 :</p>
            <list>
               <item>Il est chargé du développement de la lecture publique sur l’ensemble du territoire national, en relation avec les collectivités locales.</item>
               <item>Il suit les opérations d’équipement des établissements de lecture publique, collecte les données nécessaires à l’exercice du contrôle technique et à l’évaluation des politiques publiques dans ce domaine.</item>
               <item>Il veille à la conservation et à la mise en valeur des fonds patrimoniaux des bibliothèques territoriales, notamment par l’exercice du droit de préemption.</item>
               <item>Il est chargé des actions de développement de la lecture en direction des diverses catégories de publics. </item>
            </list>
         </biogHist>
      </description>
      <relations>
         <cpfRelation xmlns:xlink="http://www.w3.org/1999/xlink"
                      cpfRelationType="temporal-later"
                      xlink:href="FRAN_NP_005085"
                      xlink:type="simple">
            <relationEntry>France. Direction du Livre et de la Lecture. Département des bibliothèques territoriales et du développement de la lecture (1995-2010)</relationEntry>
            <dateRange>
               <fromDate standardDate="1995-05-12">12 mai 1995</fromDate>
            </dateRange>
         </cpfRelation>
         <cpfRelation xmlns:xlink="http://www.w3.org/1999/xlink"
                      cpfRelationType="temporal-earlier"
                      xlink:href="FRAN_NP_005094"
                      xlink:type="simple">
            <relationEntry>France. Direction du Livre et de la Lecture. Mission de la communication, de l'innovation et de l'action régionale (1987-1993)</relationEntry>
            <dateRange>
               <fromDate standardDate="1993-03-22">22 mars 1993</fromDate>
            </dateRange>
         </cpfRelation>
         <cpfRelation xmlns:xlink="http://www.w3.org/1999/xlink"
                      cpfRelationType="hierarchical-child"
                      xlink:href="FRAN_NP_005096"
                      xlink:type="simple">
            <relationEntry>France. Direction du Livre et de la Lecture. Bureau du patrimoine (1993-2010)</relationEntry>
            <dateRange>
               <fromDate standardDate="1993-03-22">22 mars 1993</fromDate>
               <toDate standardDate="1995-05-11">11 mai 1995</toDate>
            </dateRange>
            <descriptiveNote>
               <p>
     @isPartOf@
    </p>
            </descriptiveNote>
         </cpfRelation>
         <cpfRelation xmlns:xlink="http://www.w3.org/1999/xlink"
                      cpfRelationType="temporal-later"
                      xlink:href="FRAN_NP_005097"
                      xlink:type="simple">
            <relationEntry>France. Direction du Livre et de la Lecture. Département des politiques documentaires et patrimoniales (1995-2010)</relationEntry>
            <dateRange>
               <fromDate standardDate="1995-05-12">12 mai 1995</fromDate>
            </dateRange>
         </cpfRelation>
         <cpfRelation xmlns:xlink="http://www.w3.org/1999/xlink"
                      cpfRelationType="hierarchical-child"
                      xlink:href="FRAN_NP_005078"
                      xlink:type="simple">
            <relationEntry>France. Direction du Livre et de la Lecture. Bureau du développement de la lecture (1993-2010)</relationEntry>
            <dateRange>
               <fromDate standardDate="1993-03-22">22 mars 1993</fromDate>
               <toDate standardDate="1995-05-11">11 mai 1995</toDate>
            </dateRange>
            <descriptiveNote>
               <p>
     @isPartOf@
    </p>
            </descriptiveNote>
         </cpfRelation>
         <cpfRelation xmlns:xlink="http://www.w3.org/1999/xlink"
                      cpfRelationType="hierarchical-child"
                      xlink:href="FRAN_NP_005077"
                      xlink:type="simple">
            <relationEntry>France. Direction du Livre et de la Lecture. Bureau des bibliothèques territoriales (1993-2010)</relationEntry>
            <dateRange>
               <fromDate standardDate="1993-03-22">22 mars 1993</fromDate>
               <toDate standardDate="1995-05-11">11 mai 1995</toDate>
            </dateRange>
            <descriptiveNote>
               <p>
     @isPartOf@ 
    </p>
            </descriptiveNote>
         </cpfRelation>
         <cpfRelation xmlns:xlink="http://www.w3.org/1999/xlink"
                      cpfRelationType="temporal-earlier"
                      xlink:href="FRAN_NP_005084"
                      xlink:type="simple">
            <relationEntry>France. Ministère de la Culture et de la Communication. Direction du Livre et de la Lecture. Département des bibliothèques et de la lecture (1976-1993)</relationEntry>
            <dateRange>
               <fromDate standardDate="1993-03-22">22 mars 1993</fromDate>
            </dateRange>
         </cpfRelation>
         <cpfRelation xmlns:xlink="http://www.w3.org/1999/xlink"
                      cpfRelationType="hierarchical-parent"
                      xlink:href="FRAN_NP_005099"
                      xlink:type="simple">
            <relationEntry>France. Ministère de la Culture et de la Communication. Direction du Livre et de la Lecture (1976-2010)</relationEntry>
            <dateRange>
               <fromDate standardDate="1993-03-22">22 mars 1993</fromDate>
               <toDate standardDate="1995-05-11">11 mai 1995</toDate>
            </dateRange>
            <descriptiveNote>
               <p>@isPartOf@</p>
            </descriptiveNote>
         </cpfRelation>
      </relations>
   </cpfDescription>
</eac-cpf>
