<eac-cpf xmlns="urn:isbn:1-931666-33-4"
         xmlns:xsi="http://www.w3.org/2001/XMLSchema-instance"
         xsi:schemaLocation="urn:isbn:1-931666-33-4 cpf.xsd">
   <control>
      <recordId>FRAN_NP_002152</recordId>
      <otherRecordId localType="Ancien_identifiant">3101/CSEN</otherRecordId>
      <maintenanceStatus>revised</maintenanceStatus>
      <maintenanceAgency>
         <agencyName>Archives nationales de France</agencyName>
      </maintenanceAgency>
      <languageDeclaration>
         <language languageCode="fre">Français</language>
         <script scriptCode="Latn"/>
      </languageDeclaration>
      <conventionDeclaration>
         <citation>Notice établie conformément à la norme ICA-ISAAR (CPF) 2004, aux normes ISO 8601 pour le système de normalisation des dates utilisé, ainsi que AFNOR NF Z 44-061, juin 1986. Catalogage : forme et structure des vedettes noms de personne, des vedettes titres, des rubriques de classement et des titres forgés.</citation>
      </conventionDeclaration>
      <localControl localType="niveau_de_detail">
         <term>Complète</term>
      </localControl>
      <maintenanceHistory>
         <maintenanceEvent>
            <eventType>derived</eventType>
            <eventDateTime>2013-04-23</eventDateTime>
            <agentType>machine</agentType>
            <agent>Import_SIA</agent>
         </maintenanceEvent>
         <maintenanceEvent>
            <eventType>revised</eventType>
            <eventDateTime>2015-08-20</eventDateTime>
            <agentType>human</agentType>
            <agent>Emmanuelle GIRY</agent>
            <eventDescription>Emmanuelle Giry, 18 août 2014. </eventDescription>
         </maintenanceEvent>
         <maintenanceEvent>
            <eventType>revised</eventType>
            <eventDateTime>2015-09-30</eventDateTime>
            <agentType>human</agentType>
            <agent>Florence CLAVAUD</agent>
            <eventDescription>F. Clavaud, 26 août 2015 : ajouté ISNI, indexation fonction, revu forme du nom</eventDescription>
         </maintenanceEvent>
         <maintenanceEvent>
            <eventType>revised</eventType>
            <eventDateTime>2016-07-13</eventDateTime>
            <agentType>human</agentType>
            <agent>null MISSION.REFERENTIELS</agent>
            <eventDescription/>
         </maintenanceEvent>
      </maintenanceHistory>
      <sources>
         <source>
            <descriptiveNote>
               <p>Notice BnF : http://catalogue.bnf.fr/ark:/12148/cb119970639 </p>
               <p>Historique du producteur du répertoire numérique détaillé du versement 20130395 réalisé par la mission des archives auprès du ministère de l'Éducation nationale, 2013. </p>
               <p>Code de l'éducation.</p>
               <p>Page Wikipédia : https://fr.wikipedia.org/wiki/Conseil_sup%C3%A9rieur_de_l%27%C3%A9ducation_%28France%29</p>
               <p>Page du Ministère de l'Éducation nationale : http://www.education.gouv.fr/cid56490/organismes-consultatifs.html</p>
            </descriptiveNote>
         </source>
      </sources>
   </control>
   <cpfDescription>
      <identity>
         <entityId>ISNI 0000 0001 2176 8519</entityId>
         <entityType>corporateBody</entityType>
         <nameEntry localType="autorisée" scriptCode="Latn" xml:lang="fre">
            <part>France. Conseil supérieur de l'éducation (1989-....)</part>
         </nameEntry>
         <nameEntry>
            <part>CSE</part>
         </nameEntry>
      </identity>
      <description>
         <existDates>
            <dateRange>
               <fromDate standardDate="1989-07-10">10 juillet 1989</fromDate>
            </dateRange>
         </existDates>
         <legalStatuses>
            <legalStatus>
               <term vocabularySource="d5blomrbsy--d2dm41z2xnq2">organisme consultatif</term>
            </legalStatus>
         </legalStatuses>
         <functions>
            <function>
               <term vocabularySource="d3nyugsjkt--7vpbe5hqjvzi">conseil</term>
            </function>
            <function>
               <term vocabularySource="d3nyugtbte--13rem7tfg1o1y">contentieux</term>
            </function>
            <function>
               <term vocabularySource="d5bhviliu0--ghc74xbke76o">justice</term>
               <descriptiveNote>
                  <p>juridiction administrative sur l'éducation</p>
               </descriptiveNote>
            </function>
            <function>
               <term vocabularySource="d5bhviirw4-1u14bcn9ueu3b">organisation scolaire</term>
            </function>
            <function>
               <term vocabularySource="d3nyui84eo--xgbcfqd1cdnh">procédure disciplinaire</term>
            </function>
            <function>
               <term vocabularySource="d3nyuicsjl-tb7ampjet3iu">réglementation</term>
            </function>
            <function>
               <term vocabularySource="d5bhvihav4-158rf7kzztoxz">éducation nationale</term>
               <descriptiveNote>
                  <p>conseil sur la législation relative à l'éducation</p>
               </descriptiveNote>
            </function>
         </functions>
         <mandates>
            <mandate>
               <descriptiveNote>
                  <p>Loi n°89-486 du 10 juillet 1989 d'orientation sur l'éducation (cf article 22). </p>
                  <p>Extrait de cette loi :</p>
                  <p/>
                  <p>
                     <span style="bold">Titre IV, Les organismes consultatifs</span>
                  </p>
                  <p>
                     <span style="underline">Article 22</span>
                  </p>
                  <p>Il est créé un Conseil supérieur de l’éducation.</p>
                  <p>Ce conseil exerce les attributions dévolues antérieurement au Conseil supérieur de l’éducation nationale et au conseil de l’enseignement général et technique, à l’exclusion des attributions transférées au Conseil national de l’enseignement supérieur et de la recherche par l’article 23 de la présente loi. Il donne des avis sur les objectifs et le fonctionnement du service public de l’éducation.</p>
                  <p>Il est présidé par le ministre de l’éducation nationale ou son représentant et composé de représentants des enseignants, des enseignants-chercheurs, des autres personnels, des parents d’élèves, des étudiants, des collectivités territoriales, des associations périscolaires et familiales, des grands intérêts éducatifs, économiques, sociaux et culturels.</p>
                  <p>Les représentants des enseignants-chercheurs sont élus par les représentants des mêmes catégories élus au Conseil national de l’enseignement supérieur et de la recherche.</p>
                  <p>Les représentants des enseignants et des autres personnels sont désignés par le ministre de l’éducation nationale, proportionnellement aux résultats des élections professionnelles, sur proposition des organisations syndicales les plus représentatives du personnel ayant présenté des candidats à ces élections.</p>
                  <p>Les représentants des parents d’élèves sont désignés par le ministre de l’éducation nationale, sur proposition des associations de parents d’élèves proportionnellement aux résultats des élections aux conseils d’administration et aux conseils d’école.</p>
                  <p>Les représentants des étudiants sont désignés par le ministre de l’éducation nationale, sur proposition des associations d’étudiants proportionnellement aux résultats des élections au Conseil national de l’enseignement supérieur et de la recherche.</p>
                  <p>Le conseil comprend une section permanente et des formations spécialisées.</p>
                  <p>Le Conseil supérieur de l’éducation statuant en matière contentieuse et disciplinaire se compose de douze conseillers appartenant aux corps des enseignants, élus par leurs représentants à ce conseil.</p>
                  <p>Les membres représentant les établissements d’enseignement privés siégeant au Conseil supérieur de l’éducation élisent, pour la durée de leur mandat, six représentants qui siègent, avec voix délibérative, au conseil visé au précédent alinéa lorsque celui-ci est saisi d’affaires contentieuses et disciplinaires concernant ces établissements.</p>
                  <p>Le Conseil supérieur de l’éducation nationale et le conseil de l’enseignement général et technique sont maintenus en fonction jusqu’à la date d’installation du Conseil supérieur de l’éducation.</p>
                  <p>
                     <span style="underline">Article 23</span>
                  </p>
                  <p>Le Conseil national de l’enseignement supérieur et de la recherche statue en appel et en premier ressort sur les décisions disciplinaires prises par les instances universitaires compétentes à l’égard des enseignants-chercheurs, enseignants et usagers. Il exerce, à leur égard, les compétences définies par la loi du 17 juillet 1908 sur le relèvement des interdictions, exclusions ou suspensions prononcées par les juridictions disciplinaires de l’éducation nationale.</p>
                  <p>Le Conseil national de l’enseignement supérieur et de la recherche statuant en matière disciplinaire comprend des représentants des enseignants-chercheurs et des représentants des usagers. Lorsqu’il statue à l’égard d’enseignants, la formation compétente ne comprend que des enseignants-chercheurs d’un rang égal ou supérieur à celui de la personne déférée devant elle. La composition, les modalités de désignation des membres des formations compétentes à l’égard des enseignants et des usagers et leur fonctionnement sont fixés par décret en Conseil d’État.</p>
                  <p>
                     <span style="underline">Article 24</span>
                  </p>
                  <p>La composition et les attributions du conseil de l’éducation nationale institué dans chaque académie par l’article 12 de la loi n° 83-663 du 22 juillet 1983 complétant la loi n° 83-8 du 7 janvier 1983 relative à la répartition des compétences entre les communes, les départements, les régions et l’État, sont étendues à l’enseignement supérieur, sous réserve des dispositions du titre premier de la loi n° 85-2569 du 31 décembre 1985, relative à la composition et aux attributions des conseils de l’éducation nationale siégeant en formation contentieuse et disciplinaire et modifiant les lois n° 46-1084 du 18 mai 1946 et n° 64-1325 du 26 décembre 1964 relatives au Conseil supérieur de l’éducation nationale.</p>
                  <p>Lorsque les questions soumises aux délibérations des conseils relèvent de l’enseignement supérieur, le recteur, chancelier des universités, est rapporteur.</p>
                  <p>En ce qui concerne l’Île-de-France, il est institué un seul conseil académique pour les trois académies concernées.</p>
                  <p>Un décret en Conseil d’État fixe les modalités d’application du présent article.</p>
               </descriptiveNote>
            </mandate>
         </mandates>
         <structureOrGenealogy>
            <p>Depuis 1989, le Conseil est présidé par le ministre chargé de l'Éducation nationale ou son représentant. Il est composé des représentants des enseignants, des enseignants-chercheurs, des autres personnels, des parents d'élève, des lycées, des étudiants, des collectivités territoriales et d'associations.</p>
            <p>Dans sa formation plénière, le Conseil supérieur de l'éducation est composé de quatre-vingt-dix-sept membres titulaires, et de leurs suppléants, représentant :</p>
            <list>
               <item>les personnels : enseignants, enseignants-chercheurs, personnel d'orientation, d'éducation, de direction et d'inspection, personnels administratifs, techniques, ouvriers et de service. </item>
               <item>les usagers : parents d'élèves, étudiants, lycéens. </item>
               <item>les partenaires de l'État dans l'action éducatrice : collectivités territoriales, associations périscolaires et familiales, grands intérêts éducatifs, économiques, sociaux et culturels.</item>
            </list>
            <p>Leur mandat est de trois ans, à l'exception de celui des représentants des lycéens qui siègent durant deux années.</p>
            <p>Le Conseil supérieur de l'éducation est également composé dans sa formation restreinte d'une section permanente et de commissions spécialisées. La section permanente comprend quarante-neuf membres titulaires, et leurs suppléants, élus par les membres de la formation plénière, dont ils sont une émanation.</p>
            <p>Trois commissions spécialisées (écoles, collèges, lycées) ont pour rôle de préparer les avis du Conseil sur les textes concernant les programmes, les horaires et l'organisation des enseignements. Elles sont présidées par le directeur de l'administration centrale compétent pour le niveau d'enseignement correspondant, ou son représentant, et ses membres sont élus au sein du CSE.</p>
            <p>Dans sa formation contentieuse et disciplinaire, le Conseil supérieur de l'éducation comprend dix-huit conseillers titulaires, et leurs suppléants, élus par les représentants au Conseil des enseignants, des enseignants-chercheurs et des établissements d'enseignement privés.</p>
         </structureOrGenealogy>
         <biogHist>
            <p>La « loi Jospin » du 10 juillet 1989 (loi n°89-426, article 22) regroupe le Conseil supérieur de l'éducation nationale et le conseil de l'enseignement général et technique sous le nom de Conseil supérieur de l'éducation. Ce conseil dans sa nouvelle configuration exerce donc les attributions antérieurement dévolues au Conseil supérieur de l'éducation nationale (CSEN) et au Conseil de l'enseignement général et technique (CEGT).</p>
            <p>Organe consultatif, il est consulté sur tous les textes législatifs et réglementaires qui régissent l'éducation. Il se prononce ainsi sur les statuts des personnels, les programmes scolaires, les examens et les diplômes. Il donne également des avis sur les textes concernant l'enseignement privé.</p>
            <p>En outre, le Conseil supérieur de l'éducation constitue une juridiction administrative spécialisée placé auprès du ministre de l'Éducation nationale. Il statue en appel et en dernier ressort sur :</p>
            <list>
               <item>les jugements rendus en matière de contentieux et de discipline par les conseils académiques de l'éducation nationale (dans le cadre d'une opposition à l'ouverture d'une école privée ou d'une interdiction d'enseigner prononcée à l'égard d'un instituteur),</item>
               <item>les décisions prises par la commission des titres d'ingénieurs relatives aux écoles privées légalement ouvertes qui demandent à délivrer leurs diplôme d'ingénieur.</item>
            </list>
         </biogHist>
      </description>
      <relations>
         <cpfRelation xmlns:xlink="http://www.w3.org/1999/xlink"
                      cpfRelationType="hierarchical-parent"
                      xlink:href="FRAN_NP_000016"
                      xlink:type="simple">
            <relationEntry>Ministère de l'Éducation nationale</relationEntry>
            <dateRange>
               <fromDate standardDate="1989-07-10">10 juillet 1989</fromDate>
            </dateRange>
         </cpfRelation>
         <cpfRelation xmlns:xlink="http://www.w3.org/1999/xlink"
                      cpfRelationType="temporal-earlier"
                      xlink:href="FRAN_NP_002147"
                      xlink:type="simple">
            <relationEntry>Conseil de l'enseignement général et technique</relationEntry>
            <dateRange>
               <fromDate standardDate="1989-07-10">10 juillet 1989</fromDate>
            </dateRange>
         </cpfRelation>
         <cpfRelation xmlns:xlink="http://www.w3.org/1999/xlink"
                      cpfRelationType="temporal-earlier"
                      xlink:href="FRAN_NP_051306"
                      xlink:type="simple">
            <relationEntry>France. Conseil supérieur de l'Education nationale (1945-1989)</relationEntry>
            <dateRange>
               <fromDate standardDate="1989-07-10">10 juillet 1989</fromDate>
            </dateRange>
         </cpfRelation>
         <cpfRelation xmlns:xlink="http://www.w3.org/1999/xlink"
                      cpfRelationType="associative"
                      xlink:href="FRAN_NP_002550"
                      xlink:type="simple">
            <relationEntry>Secrétariat administratif du Conseil supérieur de l'éducation</relationEntry>
            <dateRange>
               <fromDate standardDate="1989-07-10">10 juillet 1989</fromDate>
               <toDate standardDate="1996-12-31">1996</toDate>
            </dateRange>
         </cpfRelation>
         <cpfRelation xmlns:xlink="http://www.w3.org/1999/xlink"
                      cpfRelationType="associative"
                      xlink:href="FRAN_NP_002501"
                      xlink:type="simple">
            <relationEntry>Secrétariat du Conseil supérieur de l'éducation</relationEntry>
            <dateRange>
               <fromDate standardDate="1996-01-01">1996</fromDate>
            </dateRange>
         </cpfRelation>
         <resourceRelation xmlns:xlink="http://www.w3.org/1999/xlink"
                           resourceRelationType="creatorOf"
                           xlink:href="FRAN_IR_051118"
                           xlink:type="simple">
            <relationEntry localType="archival">Conseil superieur de l'éducation</relationEntry>
         </resourceRelation>
      </relations>
   </cpfDescription>
</eac-cpf>
