<eac-cpf xmlns="urn:isbn:1-931666-33-4"
         xmlns:xsi="http://www.w3.org/2001/XMLSchema-instance"
         xsi:schemaLocation="urn:isbn:1-931666-33-4 cpf.xsd">
   <control>
      <recordId>FRAN_NP_005672</recordId>
      <maintenanceStatus>revised</maintenanceStatus>
      <maintenanceAgency>
         <agencyName>Archives nationales de France</agencyName>
      </maintenanceAgency>
      <languageDeclaration>
         <language languageCode="fre">Français</language>
         <script scriptCode="Latn"/>
      </languageDeclaration>
      <conventionDeclaration>
         <citation>Notice établie conformément à la norme ICA-ISAAR (CPF) 2004, aux normes ISO 8601 pour le système de normalisation des dates utilisé, ainsi que AFNOR NF Z 44-061, juin 1986. Catalogage : forme et structure des vedettes noms de personne, des vedettes titres, des rubriques de classement et des titres forgés.</citation>
      </conventionDeclaration>
      <localControl localType="niveau_de_detail">
         <term>Complète</term>
      </localControl>
      <maintenanceHistory>
         <maintenanceEvent>
            <eventType>derived</eventType>
            <eventDateTime>2013-04-23</eventDateTime>
            <agentType>machine</agentType>
            <agent>Import_SIA</agent>
         </maintenanceEvent>
         <maintenanceEvent>
            <eventType>revised</eventType>
            <eventDateTime>2015-12-24</eventDateTime>
            <agentType>human</agentType>
            <agent>Marine ZELVERTE</agent>
            <eventDescription/>
         </maintenanceEvent>
         <maintenanceEvent>
            <eventType>updated</eventType>
            <eventDateTime>2017-03-22</eventDateTime>
            <agentType>human</agentType>
            <agent>Marine ZELVERTE</agent>
         </maintenanceEvent>
         <maintenanceEvent>
            <eventType>revised</eventType>
            <eventDateTime>2017-04-10</eventDateTime>
            <agentType>human</agentType>
            <agent>Mission.referentiels MISSION.REFERENTIELS</agent>
         </maintenanceEvent>
         <maintenanceEvent>
            <eventType>updated</eventType>
            <eventDateTime>2017-04-14</eventDateTime>
            <agentType>human</agentType>
            <agent>Mission.referentiels MISSION.REFERENTIELS</agent>
         </maintenanceEvent>
      </maintenanceHistory>
      <sources>
         <source>
            <descriptiveNote>
               <p>Bottin administratif</p>
            </descriptiveNote>
         </source>
      </sources>
   </control>
   <cpfDescription>
      <identity>
         <entityType>corporateBody</entityType>
         <nameEntry localType="autorisée" scriptCode="Latn" xml:lang="fre">
            <part>France. Direction du Livre et de la Lecture. Bureau des études et des actions communes (1976-1987)</part>
         </nameEntry>
         <nameEntry>
            <part>Bureau de la documentation et de la recherche</part>
            <useDates>
               <dateRange>
                  <fromDate standardDate="1976-01-01">1976</fromDate>
                  <toDate standardDate="1977-12-31">1977</toDate>
               </dateRange>
            </useDates>
         </nameEntry>
         <nameEntry>
            <part>Bureau de la coopération et de la recherche</part>
            <useDates>
               <dateRange>
                  <fromDate standardDate="1977-01-01">1977</fromDate>
                  <toDate standardDate="1979-12-31">1979</toDate>
               </dateRange>
            </useDates>
         </nameEntry>
         <nameEntry>
            <part>Bureau des études et des actions communes</part>
            <useDates>
               <dateRange>
                  <fromDate standardDate="1980-01-01">1980</fromDate>
                  <toDate standardDate="1986-12-31">1986</toDate>
               </dateRange>
            </useDates>
         </nameEntry>
         <nameEntry>
            <part>DL 7</part>
            <useDates>
               <dateRange>
                  <fromDate standardDate="1976-01-01">1976</fromDate>
                  <toDate standardDate="1979-12-31">1979</toDate>
               </dateRange>
            </useDates>
         </nameEntry>
         <nameEntry>
            <part>L 7</part>
            <useDates>
               <dateRange>
                  <fromDate standardDate="1980-01-01">1980</fromDate>
                  <toDate standardDate="1986-12-31">1986</toDate>
               </dateRange>
            </useDates>
         </nameEntry>
      </identity>
      <description>
         <existDates>
            <dateRange>
               <fromDate standardDate="1976-01-01">1er janvier 1976</fromDate>
               <toDate standardDate="1987-05-20">20 mai 1987</toDate>
            </dateRange>
         </existDates>
         <legalStatuses>
            <legalStatus>
               <term vocabularySource="d5blonaxbw--1mt8t42bokzts">service d'administration centrale</term>
            </legalStatus>
         </legalStatuses>
         <functions>
            <function>
               <term vocabularySource="d3nyuh38s6-1lg9onn879oxm">coordination</term>
            </function>
            <function>
               <term vocabularySource="d3nyuhebkg-a4o80yedjeb">documentation</term>
            </function>
            <function>
               <term vocabularySource="d3nyuhrig1--3acyzmp9v988">formation</term>
            </function>
            <function>
               <term vocabularySource="d3nyuhp1um--qolq4osvi6b5">étude</term>
            </function>
         </functions>
         <mandates>
            <mandate>
               <descriptiveNote>
                  <p>Décret n°75-1218 du 23 décembre 1975 portant création d'une direction du Livre au Secrétariat d'État à la Culture (https://www.legifrance.gouv.fr/affichTexte.do?cidTexte=JORFTEXT000000500773&amp;fastPos=8&amp;fastReqId=1172929266&amp;categorieLien=id&amp;oldAction=rechTexte)</p>
                  <p>Arrêté du 16 février 1987 relatif à l'organisation de la direction du Livre et de la Lecture (https://www.legifrance.gouv.fr/affichTexte.do?cidTexte=JORFTEXT000000843367&amp;fastPos=1&amp;fastReqId=881062634&amp;categorieLien=id&amp;oldAction=rechTexte)</p>
               </descriptiveNote>
            </mandate>
         </mandates>
         <biogHist>
            <p>
               <span style="underline">Historique :</span>
            </p>
            <p>Le bureau de la documentation et de la recherche apparaît suite au décret du 23 décembre 1975 qui crée la direction du Livre (DL). Il en constitue le septième bureau, au sein du service des bibliothèques publiques. Vers 1977, il devient le bureau de la coopération et de la recherche, puis le bureau des études et des actions communes vers 1979.</p>
            <p>Il disparaît dans les faits dès 1986, lorsque l'organisation du service des bibliothèques publiques et de la lecture est refondue dans le contexte des lois de décentralisation.</p>
            <p>Sa disparition est entérinée par l'arrêté du 16 février 1987 (publié au Journal Officiel le 20 mai) qui fixe la nouvelle organisation du département des bibliothèques et de la lecture. </p>
            <p/>
            <p>
               <span style="underline">Missions :</span>
            </p>
            <p>Il a en charge :</p>
            <list>
               <item>la documentation générale ;</item>
               <item>les listes bibliographiques ;</item>
               <item>les achats centralisés de livres et de disques ;</item>
               <item>la recherche ;</item>
               <item>la coopération inter-bibliothèques ;</item>
               <item>la formation professionnelle, l'organisation des stages ;</item>
               <item>les techniques bibliothéconomiques ; </item>
               <item>les études générales relatives à la lecture publique ;</item>
               <item>l'audiovisuel ;</item>
               <item>l'automatisation ; </item>
               <item>les actions pour le développement de la lecture dans les milieux défavorisés (à partir de 1984 environ).</item>
            </list>
         </biogHist>
      </description>
      <relations>
         <cpfRelation xmlns:xlink="http://www.w3.org/1999/xlink"
                      cpfRelationType="temporal-later"
                      xlink:href="FRAN_NP_005094"
                      xlink:type="simple">
            <relationEntry>France. Direction du Livre et de la Lecture. Mission de la communication, de l'innovation et de l'action régionale (1987-1993)</relationEntry>
            <dateRange>
               <fromDate standardDate="1987-05-21">21 mai 1987</fromDate>
            </dateRange>
         </cpfRelation>
         <cpfRelation xmlns:xlink="http://www.w3.org/1999/xlink"
                      cpfRelationType="hierarchical-parent"
                      xlink:href="FRAN_NP_005084"
                      xlink:type="simple">
            <relationEntry>France. Ministère de la Culture et de la Communication. Direction du Livre et de la Lecture. Département des bibliothèques et de la lecture (1976-1993)</relationEntry>
            <dateRange>
               <fromDate standardDate="1976-01-01">1976</fromDate>
               <toDate standardDate="1987-05-20">20 mai 1987</toDate>
            </dateRange>
            <descriptiveNote>
               <p>
      @isPartOf@ 
    </p>
            </descriptiveNote>
         </cpfRelation>
         <cpfRelation xmlns:xlink="http://www.w3.org/1999/xlink"
                      cpfRelationType="temporal-earlier"
                      xlink:href="FRAN_NP_003550"
                      xlink:type="simple">
            <relationEntry>France. Direction des bibliothèques et de la lecture publique. Services techniques. Section des affaires communes (1971-1975)</relationEntry>
            <dateRange>
               <fromDate standardDate="1976-01-01">1976</fromDate>
            </dateRange>
         </cpfRelation>
         <cpfRelation xmlns:xlink="http://www.w3.org/1999/xlink"
                      cpfRelationType="temporal-later"
                      xlink:href="FRAN_NP_005080"
                      xlink:type="simple">
            <relationEntry>France. Direction du Livre et de la Lecture. Bureau de la coopération et de la formation (1987-1988)</relationEntry>
            <dateRange>
               <fromDate standardDate="1987-05-21">21 mai 1987</fromDate>
            </dateRange>
         </cpfRelation>
         <cpfRelation xmlns:xlink="http://www.w3.org/1999/xlink"
                      cpfRelationType="temporal-later"
                      xlink:href="FRAN_NP_005081"
                      xlink:type="simple">
            <relationEntry>France. Direction du Livre et de la Lecture. Bureau des établissements, du patrimoine et de l'action culturelle (1987-1988)</relationEntry>
            <dateRange>
               <fromDate standardDate="1987-05-21">21 mai 1987</fromDate>
            </dateRange>
         </cpfRelation>
      </relations>
   </cpfDescription>
</eac-cpf>
