<eac-cpf xmlns="urn:isbn:1-931666-33-4"
         xmlns:xsi="http://www.w3.org/2001/XMLSchema-instance"
         xsi:schemaLocation="urn:isbn:1-931666-33-4 cpf.xsd">
   <control>
      <recordId>FRAN_NP_010178</recordId>
      <otherRecordId localType="Ancien_identifiant">FRDAFANCH00MC_NAETUDE_051</otherRecordId>
      <maintenanceStatus>revised</maintenanceStatus>
      <maintenanceAgency>
         <agencyName>Archives nationales de France</agencyName>
      </maintenanceAgency>
      <languageDeclaration>
         <language languageCode="fre">Français</language>
         <script scriptCode="Latn"/>
      </languageDeclaration>
      <conventionDeclaration>
         <citation>Notice établie conformément à la norme ICA-ISAAR (CPF) 2004, aux normes ISO 8601 pour le système de normalisation des dates utilisé, ainsi que AFNOR NF Z 44-061, juin 1986. Catalogage : forme et structure des vedettes noms de personne, des vedettes titres, des rubriques de classement et des titres forgés.</citation>
      </conventionDeclaration>
      <localControl localType="niveau_de_detail">
         <term>Complète</term>
      </localControl>
      <maintenanceHistory>
         <maintenanceEvent>
            <eventType>derived</eventType>
            <eventDateTime>2013-04-23</eventDateTime>
            <agentType>machine</agentType>
            <agent>Migration ETANOT</agent>
         </maintenanceEvent>
         <maintenanceEvent>
            <eventType>revised</eventType>
            <eventDateTime>2015-09-30</eventDateTime>
            <agentType>human</agentType>
            <agent>Marie-Françoise LIMON-BONNET</agent>
            <eventDescription>F. Clavaud, 10 octobre 2014 : revu indexation fonction et tous les liens IR</eventDescription>
         </maintenanceEvent>
      </maintenanceHistory>
      <sources>
         <source>
            <descriptiveNote>
               <p>
                  <span style="bold">Voir : </span>
               </p>
               <p>Limon-Bonnet (M.-F.) [dir.], 
      <span style="italic">122 minutes d'histoire. Actes des notaires de Paris, XVIe-XXe siècle</span>, Paris, 2012, pp. 106-107. 
     </p>
               <p>
                  <span style="italic">Annuaire officiel du notariat 2012</span>, p. 1034. 
     </p>
            </descriptiveNote>
         </source>
      </sources>
   </control>
   <cpfDescription>
      <identity>
         <entityType>corporateBody</entityType>
         <nameEntry localType="autorisée" scriptCode="Latn" xml:lang="fre">
            <part>Etude LI</part>
         </nameEntry>
         <nameEntry>
            <part>75059</part>
         </nameEntry>
         <nameEntry>
            <part>Oudot &amp; Associés Notaires</part>
         </nameEntry>
         <nameEntry>
            <part>OUDOT Jean-Maurice, GARNIER Anne Hélène et CONRAD-BRUAT Valérian, SELAS</part>
         </nameEntry>
      </identity>
      <description>
         <existDates>
            <dateRange>
               <fromDate standardDate="1552-01-01">1552</fromDate>
            </dateRange>
         </existDates>
         <places>
            <place>
               <placeRole>Lieu de Paris</placeRole>
               <placeEntry localType="nomLieu">7-9, rue la Boétie, 75008 Paris</placeEntry>
               <placeEntry localType="voie" vocabularySource="d3nzbmpiv4--9w7er1kmli1i">La-Boëtie (rue)</placeEntry>
               <placeEntry localType="arrondissement_actuel"
                           vocabularySource="d3nyv8i9m0-ys1mraoxv8ln">08e arrondissement</placeEntry>
            </place>
         </places>
         <legalStatuses>
            <legalStatus>
               <term>office notarial</term>
            </legalStatus>
         </legalStatuses>
         <functions>
            <function>
               <term vocabularySource="d3nyui3o8w--11y7jgy8q3wnt">notaire à Paris</term>
               <dateRange>
                  <fromDate standardDate="1552-01-01">1552</fromDate>
               </dateRange>
            </function>
         </functions>
         <mandates>
            <mandate/>
         </mandates>
         <generalContext>
            <p>Les minutes de cette étude ont été versées aux Archives nationales (2013) jusqu'au 31 décembre 1938, mais elles ne sont pas encore cotées. Leur communication en salle de lecture n'est donc pas encore possible.</p>
         </generalContext>
         <biogHist>
            <p>L'étude est installée rue Sainte-Avoie de 1575 à 1809. Après un séjour 12, rue Saint-Merri entre 1809 et 1822, elle se transporte 12, rue Gaillon en 1836, jusqu'en 1844, puis rue Neuve-des-Mathurins, entre 1844 et 1866, et au 34, rue Tronchet jusqu'en 1907. Après cette date, l'étude est transférée 69, boulevard Haussmann et en 1959, 8 rue La Boëtie. On trouve dans cette étude le testament de François de Malherbe (17 février 1628), le contrat de mariage de Marie de Rabutin-Chantal et d'Henri, marquis de Sévigné (1er août 1644), l'inventaire après décès du duc de Villars (12 juillet 1734), l'inventaire après décès de Turgot (27 mars 1781), le traité entre Jean-Baptiste Pigalle, sculpteur, et les échevins de la ville de Reims, pour l'érection d'une statue pédestre de Louis XV destinée à la ville, un autre traité pour la construction d'une salle de spectacle au Havre, avec plans et élévations annexés (10-11 juillet 1787). Au XIXe siècle, on y rencontre l'inventaire après décès du docteur Duchenne de Boulogne, père de la neuro-pathologie (21 octobre 1875), le contrat de mariage et le testament de celui qui est aujourd'hui considéré comme le grand-père de la bande dessinée, le vicomte Amédée Charles Henri de Noë dit Cham (14 juillet 1866 et 9 septembre 1879).</p>
            <p>Le Minutier central conserve les minutes de l'étude LI à partir de l'année 1575.</p>
            <p>Les minutes de cette étude ont été versées aux Archives nationales (2013) jusqu'au 31 décembre 1938, mais elles ne sont pas encore cotées. Leur communication en salle de lecture n'est donc pas encore possible.</p>
         </biogHist>
      </description>
      <relations>
         <cpfRelation xmlns:xlink="http://www.w3.org/1999/xlink"
                      cpfRelationType="associative"
                      xlink:href="FRAN_NP_010896"
                      xlink:type="simple">
            <relationEntry>Perrot, Charles</relationEntry>
            <dateRange>
               <fromDate standardDate="1581-05-18">18 mai 1581</fromDate>
               <toDate standardDate="1583-04-26">26 avril 1583</toDate>
            </dateRange>
         </cpfRelation>
         <cpfRelation xmlns:xlink="http://www.w3.org/1999/xlink"
                      cpfRelationType="associative"
                      xlink:href="FRAN_NP_011307"
                      xlink:type="simple">
            <relationEntry>Lahaye, Pierre de</relationEntry>
            <dateRange>
               <fromDate standardDate="1584-04-17">17 avril 1584</fromDate>
               <toDate standardDate="1587-07-23">23 juillet 1587</toDate>
            </dateRange>
         </cpfRelation>
         <cpfRelation xmlns:xlink="http://www.w3.org/1999/xlink"
                      cpfRelationType="associative"
                      xlink:href="FRAN_NP_011472"
                      xlink:type="simple">
            <relationEntry>Lefebvre, Félix-Edouard</relationEntry>
            <dateRange>
               <fromDate standardDate="1879-02-26">26 février 1879</fromDate>
               <toDate standardDate="1907-10-31">31 octobre 1907</toDate>
            </dateRange>
         </cpfRelation>
         <cpfRelation xmlns:xlink="http://www.w3.org/1999/xlink"
                      cpfRelationType="associative"
                      xlink:href="FRAN_NP_011476"
                      xlink:type="simple">
            <relationEntry>Lefebvre, Louis-Félix</relationEntry>
            <dateRange>
               <fromDate standardDate="1849-05-26">26 mai 1849</fromDate>
               <toDate standardDate="1879-02-26">26 février 1879</toDate>
            </dateRange>
         </cpfRelation>
         <cpfRelation xmlns:xlink="http://www.w3.org/1999/xlink"
                      cpfRelationType="associative"
                      xlink:href="FRAN_NP_011494"
                      xlink:type="simple">
            <relationEntry>Legendre, Louis</relationEntry>
            <dateRange>
               <fromDate standardDate="1552-07-20">20 juillet 1552</fromDate>
               <toDate standardDate="1582-03-25">25 mars 1582</toDate>
            </dateRange>
         </cpfRelation>
         <cpfRelation xmlns:xlink="http://www.w3.org/1999/xlink"
                      cpfRelationType="associative"
                      xlink:href="FRAN_NP_010561"
                      xlink:type="simple">
            <relationEntry>Schneider, Jean-Pierre</relationEntry>
            <dateRange>
               <fromDate standardDate="1806-09-19">19 septembre 1806</fromDate>
               <toDate standardDate="1836-01-02">2 janvier 1836</toDate>
            </dateRange>
         </cpfRelation>
         <cpfRelation xmlns:xlink="http://www.w3.org/1999/xlink"
                      cpfRelationType="associative"
                      xlink:href="FRAN_NP_013270"
                      xlink:type="simple">
            <relationEntry>Garnier, Anne-Hélène</relationEntry>
            <dateRange>
               <fromDate standardDate="2006-06-26">26 juin 2006</fromDate>
            </dateRange>
         </cpfRelation>
         <cpfRelation xmlns:xlink="http://www.w3.org/1999/xlink"
                      cpfRelationType="associative"
                      xlink:href="FRAN_NP_010434"
                      xlink:type="simple">
            <relationEntry>Thibert, René</relationEntry>
            <dateRange>
               <fromDate standardDate="1617-08-07">7 août 1617</fromDate>
               <toDate standardDate="1626-12-31">1626</toDate>
            </dateRange>
         </cpfRelation>
         <cpfRelation xmlns:xlink="http://www.w3.org/1999/xlink"
                      cpfRelationType="associative"
                      xlink:href="FRAN_NP_011034"
                      xlink:type="simple">
            <relationEntry>Magimel, Antoine-Mathieu</relationEntry>
            <dateRange>
               <fromDate standardDate="1798-09-03">3 septembre 1798</fromDate>
               <toDate standardDate="1806-09-18">18 septembre 1806</toDate>
            </dateRange>
         </cpfRelation>
         <cpfRelation xmlns:xlink="http://www.w3.org/1999/xlink"
                      cpfRelationType="associative"
                      xlink:href="FRAN_NP_010782"
                      xlink:type="simple">
            <relationEntry>Oudot, Jean Maurice</relationEntry>
            <dateRange>
               <fromDate standardDate="1980-12-30">30 décembre 1980</fromDate>
            </dateRange>
         </cpfRelation>
         <cpfRelation xmlns:xlink="http://www.w3.org/1999/xlink"
                      cpfRelationType="associative"
                      xlink:href="FRAN_NP_011789"
                      xlink:type="simple">
            <relationEntry>Houdart, Paul Emile Louis</relationEntry>
            <dateRange>
               <fromDate standardDate="1907-10-31">31 octobre 1907</fromDate>
               <toDate standardDate="1959-03-02">2 mars 1959</toDate>
            </dateRange>
         </cpfRelation>
         <cpfRelation xmlns:xlink="http://www.w3.org/1999/xlink"
                      cpfRelationType="associative"
                      xlink:href="FRAN_NP_010600"
                      xlink:type="simple">
            <relationEntry>Symonnet, Nicolas</relationEntry>
            <dateRange>
               <fromDate standardDate="1656-03-07">7 mars 1656</fromDate>
               <toDate standardDate="1685-12-31">31 décembre 1685</toDate>
            </dateRange>
         </cpfRelation>
         <cpfRelation xmlns:xlink="http://www.w3.org/1999/xlink"
                      cpfRelationType="associative"
                      xlink:href="FRAN_NP_011726"
                      xlink:type="simple">
            <relationEntry>Hachette, Antoine</relationEntry>
            <dateRange>
               <fromDate standardDate="1721-04-24">24 avril 1721</fromDate>
               <toDate standardDate="1764-07-12">12 juillet 1764</toDate>
            </dateRange>
         </cpfRelation>
         <cpfRelation xmlns:xlink="http://www.w3.org/1999/xlink"
                      cpfRelationType="associative"
                      xlink:href="FRAN_NP_012996"
                      xlink:type="simple">
            <relationEntry>Bourdereau, Charles (1583 - 1607)</relationEntry>
            <dateRange>
               <fromDate standardDate="1583-06-10">10 juin 1583</fromDate>
               <toDate standardDate="1607-02-28">février 1607</toDate>
            </dateRange>
         </cpfRelation>
         <cpfRelation xmlns:xlink="http://www.w3.org/1999/xlink"
                      cpfRelationType="associative"
                      xlink:href="FRAN_NP_013139"
                      xlink:type="simple">
            <relationEntry>Arnaud, François-Emmanuel</relationEntry>
            <dateRange>
               <fromDate standardDate="1764-07-17">17 juillet 1764</fromDate>
               <toDate standardDate="1798-09-03">3 septembre 1798</toDate>
            </dateRange>
         </cpfRelation>
         <cpfRelation xmlns:xlink="http://www.w3.org/1999/xlink"
                      cpfRelationType="associative"
                      xlink:href="FRAN_NP_013102"
                      xlink:type="simple">
            <relationEntry>Albuchet, Alain</relationEntry>
            <dateRange>
               <fromDate standardDate="1988-06-22">22 juin 1988</fromDate>
               <toDate standardDate="1999-12-31">1999</toDate>
            </dateRange>
         </cpfRelation>
         <cpfRelation xmlns:xlink="http://www.w3.org/1999/xlink"
                      cpfRelationType="associative"
                      xlink:href="FRAN_NP_012083"
                      xlink:type="simple">
            <relationEntry>Foucart, Robert</relationEntry>
            <dateRange>
               <fromDate standardDate="1561-01-04">4 janvier 1561</fromDate>
               <toDate standardDate="1579-08-29">29 août 1579</toDate>
            </dateRange>
         </cpfRelation>
         <cpfRelation xmlns:xlink="http://www.w3.org/1999/xlink"
                      cpfRelationType="associative"
                      xlink:href="FRAN_NP_010666"
                      xlink:type="simple">
            <relationEntry>Richer, Charles (15..-16..)</relationEntry>
            <dateRange>
               <fromDate standardDate="1607-03-23">23 mars 1607</fromDate>
               <toDate standardDate="1658-04-17">17 avril 1658</toDate>
            </dateRange>
         </cpfRelation>
         <cpfRelation xmlns:xlink="http://www.w3.org/1999/xlink"
                      cpfRelationType="associative"
                      xlink:href="FRAN_NP_011770"
                      xlink:type="simple">
            <relationEntry>Herbin, Guillaume II</relationEntry>
            <dateRange>
               <fromDate standardDate="1598-08-04">4 août 1598</fromDate>
               <toDate standardDate="1637-12-31">31 décembre 1637</toDate>
            </dateRange>
         </cpfRelation>
         <cpfRelation xmlns:xlink="http://www.w3.org/1999/xlink"
                      cpfRelationType="associative"
                      xlink:href="FRAN_NP_012863"
                      xlink:type="simple">
            <relationEntry>Bergeon, Hervé II</relationEntry>
            <dateRange>
               <fromDate standardDate="1631-10-17">17 octobre 1631</fromDate>
               <toDate standardDate="1656-03-07">7 mars 1656</toDate>
            </dateRange>
         </cpfRelation>
         <cpfRelation xmlns:xlink="http://www.w3.org/1999/xlink"
                      cpfRelationType="associative"
                      xlink:href="FRAN_NP_010467"
                      xlink:type="simple">
            <relationEntry>Tonnellier, Louis François Marie Etienne</relationEntry>
            <dateRange>
               <fromDate standardDate="1959-03-02">2 mars 1959</fromDate>
               <toDate standardDate="1988-06-22">22 juin 1988</toDate>
            </dateRange>
         </cpfRelation>
         <cpfRelation xmlns:xlink="http://www.w3.org/1999/xlink"
                      cpfRelationType="associative"
                      xlink:href="FRAN_NP_010433"
                      xlink:type="simple">
            <relationEntry>Thibert, Nicolas</relationEntry>
            <dateRange>
               <fromDate standardDate="1669-05-20">20 mai 1669</fromDate>
               <toDate standardDate="1701-12-06">6 décembre 1701</toDate>
            </dateRange>
         </cpfRelation>
         <cpfRelation xmlns:xlink="http://www.w3.org/1999/xlink"
                      cpfRelationType="associative"
                      xlink:href="FRAN_NP_010432"
                      xlink:type="simple">
            <relationEntry>Thibert, Jean</relationEntry>
            <dateRange>
               <fromDate standardDate="1586-03-28">28 mars 1586</fromDate>
               <toDate standardDate="1617-07-31">juillet 1617</toDate>
            </dateRange>
         </cpfRelation>
         <cpfRelation xmlns:xlink="http://www.w3.org/1999/xlink"
                      cpfRelationType="associative"
                      xlink:href="FRAN_NP_012585"
                      xlink:type="simple">
            <relationEntry>Cousinet, Jérôme</relationEntry>
            <dateRange>
               <fromDate standardDate="1627-01-30">30 janvier 1627</fromDate>
               <toDate standardDate="1669-04-30">avril 1669</toDate>
            </dateRange>
         </cpfRelation>
         <cpfRelation xmlns:xlink="http://www.w3.org/1999/xlink"
                      cpfRelationType="associative"
                      xlink:href="FRAN_NP_010560"
                      xlink:type="simple">
            <relationEntry>Schneider, Charles-Adolphe</relationEntry>
            <dateRange>
               <fromDate standardDate="1836-01-02">2 janvier 1836</fromDate>
               <toDate standardDate="1849-05-26">26 mai 1849</toDate>
            </dateRange>
         </cpfRelation>
         <cpfRelation xmlns:xlink="http://www.w3.org/1999/xlink"
                      cpfRelationType="associative"
                      xlink:href="FRAN_NP_012273"
                      xlink:type="simple">
            <relationEntry>Davoust, Jean</relationEntry>
            <dateRange>
               <fromDate standardDate="1580-02-05">5 février 1580</fromDate>
               <toDate standardDate="1598-08-31">août 1598</toDate>
            </dateRange>
         </cpfRelation>
         <cpfRelation xmlns:xlink="http://www.w3.org/1999/xlink"
                      cpfRelationType="associative"
                      xlink:href="FRAN_NP_012274"
                      xlink:type="simple">
            <relationEntry>Dunesme, Pierre</relationEntry>
            <dateRange>
               <fromDate standardDate="1581-07-22">22 juillet 1581</fromDate>
               <toDate standardDate="1584-05-17">17 mai 1584</toDate>
            </dateRange>
         </cpfRelation>
         <cpfRelation xmlns:xlink="http://www.w3.org/1999/xlink"
                      cpfRelationType="associative"
                      xlink:href="FRAN_NP_012275"
                      xlink:type="simple">
            <relationEntry>Dupuis, Thomas</relationEntry>
            <dateRange>
               <fromDate standardDate="1701-12-07">7 décembre 1701</fromDate>
               <toDate standardDate="1721-04-07">7 avril 1721</toDate>
            </dateRange>
         </cpfRelation>
         <cpfRelation xmlns:xlink="http://www.w3.org/1999/xlink"
                      cpfRelationType="associative"
                      xlink:href="FRAN_NP_013531"
                      xlink:type="simple">
            <relationEntry>Massuelle, Charles</relationEntry>
            <dateRange>
               <fromDate standardDate="2011-11-25">25 novembre 2011</fromDate>
            </dateRange>
         </cpfRelation>
         <cpfRelation xmlns:xlink="http://www.w3.org/1999/xlink"
                      cpfRelationType="associative"
                      xlink:href="FRAN_NP_013536"
                      xlink:type="simple">
            <relationEntry>Conrad-Bruat, Valérian</relationEntry>
            <dateRange>
               <fromDate standardDate="2011-12-15">15 décembre 2011</fromDate>
            </dateRange>
         </cpfRelation>
         <resourceRelation xmlns:xlink="http://www.w3.org/1999/xlink"
                           resourceRelationType="creatorOf"
                           xlink:href="FRAN_IR_052127"
                           xlink:type="simple">
            <relationEntry localType="archival">Images des répertoires du notaire Antoine Hachette pour l'étude LI</relationEntry>
         </resourceRelation>
         <resourceRelation xmlns:xlink="http://www.w3.org/1999/xlink"
                           resourceRelationType="creatorOf"
                           xlink:href="FRAN_IR_052125"
                           xlink:type="simple">
            <relationEntry localType="archival">Images des répertoires du notaire Charles Richer pour l'étude LI</relationEntry>
         </resourceRelation>
         <resourceRelation xmlns:xlink="http://www.w3.org/1999/xlink"
                           resourceRelationType="creatorOf"
                           xlink:href="FRAN_IR_052121"
                           xlink:type="simple">
            <relationEntry localType="archival">Images des répertoires du notaire Charles Adolphe Schneider pour l'étude LI</relationEntry>
         </resourceRelation>
         <resourceRelation xmlns:xlink="http://www.w3.org/1999/xlink"
                           resourceRelationType="creatorOf"
                           xlink:href="FRAN_IR_052133"
                           xlink:type="simple">
            <relationEntry localType="archival">Images des répertoires du notaire François Emmanuel Arnaud pour l'étude LI</relationEntry>
         </resourceRelation>
         <resourceRelation xmlns:xlink="http://www.w3.org/1999/xlink"
                           resourceRelationType="creatorOf"
                           xlink:href="FRAN_IR_052126"
                           xlink:type="simple">
            <relationEntry localType="archival">Images des répertoires du notaire Félix Edouard Lefebvre pour l'étude LI</relationEntry>
         </resourceRelation>
         <resourceRelation xmlns:xlink="http://www.w3.org/1999/xlink"
                           resourceRelationType="creatorOf"
                           xlink:href="FRAN_IR_052131"
                           xlink:type="simple">
            <relationEntry localType="archival">Images des répertoires du notaire Hervé II Bergeon pour l'étude LI</relationEntry>
         </resourceRelation>
         <resourceRelation xmlns:xlink="http://www.w3.org/1999/xlink"
                           resourceRelationType="creatorOf"
                           xlink:href="FRAN_IR_052122"
                           xlink:type="simple">
            <relationEntry localType="archival">Images des répertoires du notaire Jean Pierre Schneider pour l'étude LI</relationEntry>
         </resourceRelation>
         <resourceRelation xmlns:xlink="http://www.w3.org/1999/xlink"
                           resourceRelationType="creatorOf"
                           xlink:href="FRAN_IR_052128"
                           xlink:type="simple">
            <relationEntry localType="archival">Images des répertoires du notaire Louis Félix Lefebvre pour l'étude LI</relationEntry>
         </resourceRelation>
         <resourceRelation xmlns:xlink="http://www.w3.org/1999/xlink"
                           resourceRelationType="creatorOf"
                           xlink:href="FRAN_IR_052123"
                           xlink:type="simple">
            <relationEntry localType="archival">Images des répertoires du notaire Nicolas Symonnet pour l'étude LI</relationEntry>
         </resourceRelation>
         <resourceRelation xmlns:xlink="http://www.w3.org/1999/xlink"
                           resourceRelationType="creatorOf"
                           xlink:href="FRAN_IR_052120"
                           xlink:type="simple">
            <relationEntry localType="archival">Images des répertoires du notaire Nicolas Thibert pour l'étude LI</relationEntry>
         </resourceRelation>
         <resourceRelation xmlns:xlink="http://www.w3.org/1999/xlink"
                           resourceRelationType="creatorOf"
                           xlink:href="FRAN_IR_052124"
                           xlink:type="simple">
            <relationEntry localType="archival">Images du répertoire du notaire Antoine Mathieu Magimel pour l'étude LI</relationEntry>
         </resourceRelation>
         <resourceRelation xmlns:xlink="http://www.w3.org/1999/xlink"
                           resourceRelationType="creatorOf"
                           xlink:href="FRAN_IR_052119"
                           xlink:type="simple">
            <relationEntry localType="archival">Images du répertoire du notaire Jean Thibert pour l'étude LI</relationEntry>
         </resourceRelation>
         <resourceRelation xmlns:xlink="http://www.w3.org/1999/xlink"
                           resourceRelationType="creatorOf"
                           xlink:href="FRAN_IR_052129"
                           xlink:type="simple">
            <relationEntry localType="archival">Images du répertoire du notaire Thomas Dupuis pour l'étude LI</relationEntry>
         </resourceRelation>
         <resourceRelation xmlns:xlink="http://www.w3.org/1999/xlink"
                           resourceRelationType="subjectOf"
                           xlink:href="FRAN_IR_042239"
                           xlink:type="simple">
            <relationEntry localType="archival">Minutes et répertoires du notaire Jean Pierre SCHNEIDER, 19 septembre 1806 - 30 décembre 1835 (étude LI)</relationEntry>
         </resourceRelation>
         <resourceRelation xmlns:xlink="http://www.w3.org/1999/xlink"
                           resourceRelationType="subjectOf"
                           xlink:href="FRAN_IR_042228"
                           xlink:type="simple">
            <relationEntry localType="archival">Minutes et répertoires du notaire Hervé II BERGEON, 18 octobre 1631 - 7 mars 1656 (étude LI)</relationEntry>
         </resourceRelation>
         <resourceRelation xmlns:xlink="http://www.w3.org/1999/xlink"
                           resourceRelationType="subjectOf"
                           xlink:href="FRAN_IR_042229"
                           xlink:type="simple">
            <relationEntry localType="archival">Minutes et répertoires du notaire Guillaume II HERBIN, 4 août 1598 - décembre 1636 (étude LI)</relationEntry>
         </resourceRelation>
         <resourceRelation xmlns:xlink="http://www.w3.org/1999/xlink"
                           resourceRelationType="subjectOf"
                           xlink:href="FRAN_IR_042238"
                           xlink:type="simple">
            <relationEntry localType="archival">Minutes et répertoires du notaire Antoine Mathieu MAGIMEL, 5 septembre 1798 - 18 septembre 1806 (étude LI)</relationEntry>
         </resourceRelation>
         <resourceRelation xmlns:xlink="http://www.w3.org/1999/xlink"
                           resourceRelationType="subjectOf"
                           xlink:href="FRAN_IR_042240"
                           xlink:type="simple">
            <relationEntry localType="archival">Minutes et répertoires du notaire Charles Adolphe SCHNEIDER, 2 janvier 1836 - 26 mai 1849 (étude LI)</relationEntry>
         </resourceRelation>
         <resourceRelation xmlns:xlink="http://www.w3.org/1999/xlink"
                           resourceRelationType="creatorOf"
                           xlink:href="FRAN_IR_042241"
                           xlink:type="simple">
            <relationEntry localType="archival">Minutes et répertoires du notaire Louis Félix LEFEBVRE, 26 mai 1849 - 26 février 1879 (étude LI)</relationEntry>
         </resourceRelation>
         <resourceRelation xmlns:xlink="http://www.w3.org/1999/xlink"
                           resourceRelationType="creatorOf"
                           xlink:href="FRAN_IR_042237"
                           xlink:type="simple">
            <relationEntry localType="archival">Minutes et répertoires du notaire François Emmanuel ARNAUD, 17 juillet 1764 - 1er septembre 1798 (étude LI)</relationEntry>
         </resourceRelation>
         <resourceRelation xmlns:xlink="http://www.w3.org/1999/xlink"
                           resourceRelationType="creatorOf"
                           xlink:href="FRAN_IR_042242"
                           xlink:type="simple">
            <relationEntry localType="archival">Minutes et répertoires du notaire Félix Édouard LEFEBVRE, 26 février 1879 - 31 octobre 1907 (étude LI)</relationEntry>
         </resourceRelation>
         <resourceRelation xmlns:xlink="http://www.w3.org/1999/xlink"
                           resourceRelationType="creatorOf"
                           xlink:href="FRAN_IR_042236"
                           xlink:type="simple">
            <relationEntry localType="archival">Minutes et répertoires du notaire Antoine HACHETTE, 24 avril 1721 - 12 juillet 1764 (étude LI)</relationEntry>
         </resourceRelation>
         <resourceRelation xmlns:xlink="http://www.w3.org/1999/xlink"
                           resourceRelationType="creatorOf"
                           xlink:href="FRAN_IR_042234"
                           xlink:type="simple">
            <relationEntry localType="archival">Minutes et répertoires du notaire Nicolas THIBERT, 20 mai 1669 - 6 décembre 1701 (étude LI)</relationEntry>
         </resourceRelation>
         <resourceRelation xmlns:xlink="http://www.w3.org/1999/xlink"
                           resourceRelationType="creatorOf"
                           xlink:href="FRAN_IR_042230"
                           xlink:type="simple">
            <relationEntry localType="archival">Minutes et répertoires du notaire Charles RICHER, 23 mars 1607 - 17 avril 1658 (étude LI)</relationEntry>
         </resourceRelation>
         <resourceRelation xmlns:xlink="http://www.w3.org/1999/xlink"
                           resourceRelationType="creatorOf"
                           xlink:href="FRAN_IR_042227"
                           xlink:type="simple">
            <relationEntry localType="archival">Minutes et répertoires du notaire Jean THIBERT, 28 mars 1586 - juillet 1617 (étude LI)</relationEntry>
         </resourceRelation>
         <resourceRelation xmlns:xlink="http://www.w3.org/1999/xlink"
                           resourceRelationType="creatorOf"
                           xlink:href="FRAN_IR_042231"
                           xlink:type="simple">
            <relationEntry localType="archival">Minutes et répertoires du notaire René THIBERT, 13 juillet 1617 - 1626 (étude LI)</relationEntry>
         </resourceRelation>
         <resourceRelation xmlns:xlink="http://www.w3.org/1999/xlink"
                           resourceRelationType="creatorOf"
                           xlink:href="FRAN_IR_042232"
                           xlink:type="simple">
            <relationEntry localType="archival">Minutes et répertoires du notaire Jérôme COUSINET, 30 janvier 1627 - avril 1669 (étude LI)</relationEntry>
         </resourceRelation>
         <resourceRelation xmlns:xlink="http://www.w3.org/1999/xlink"
                           resourceRelationType="creatorOf"
                           xlink:href="FRAN_IR_042235"
                           xlink:type="simple">
            <relationEntry localType="archival">Minutes et répertoires du notaire Thomas DUPUIS, 7 décembre 1701 - 7 avril 1721 (étude LI)</relationEntry>
         </resourceRelation>
         <resourceRelation xmlns:xlink="http://www.w3.org/1999/xlink"
                           resourceRelationType="creatorOf"
                           xlink:href="FRAN_IR_042226"
                           xlink:type="simple">
            <relationEntry localType="archival">Minutes et répertoires du notaire Robert FOUCART, 20 août 1571 - juin 1575 (étude LI)</relationEntry>
         </resourceRelation>
         <resourceRelation xmlns:xlink="http://www.w3.org/1999/xlink"
                           resourceRelationType="creatorOf"
                           xlink:href="FRAN_IR_054297"
                           xlink:type="simple">
            <relationEntry localType="archival">Images des répertoires du notaire Guillaume II Herbin pour l'étude LI</relationEntry>
         </resourceRelation>
         <resourceRelation xmlns:xlink="http://www.w3.org/1999/xlink"
                           resourceRelationType="creatorOf"
                           xlink:href="FRAN_IR_054322"
                           xlink:type="simple">
            <relationEntry localType="archival">Images des répertoires du notaire Jérôme Cousinet pour l'étude LI</relationEntry>
         </resourceRelation>
         <resourceRelation xmlns:xlink="http://www.w3.org/1999/xlink"
                           resourceRelationType="creatorOf"
                           xlink:href="FRAN_IR_042225"
                           xlink:type="simple">
            <relationEntry localType="archival">Archives de l'étude LI</relationEntry>
         </resourceRelation>
      </relations>
   </cpfDescription>
</eac-cpf>
