<eac-cpf xmlns="urn:isbn:1-931666-33-4"
         xmlns:xsi="http://www.w3.org/2001/XMLSchema-instance"
         xsi:schemaLocation="urn:isbn:1-931666-33-4 cpf.xsd">
   <control>
      <recordId>FRAN_NP_009217</recordId>
      <otherRecordId localType="Ancien_identifiant">9841/AIDES</otherRecordId>
      <maintenanceStatus>revised</maintenanceStatus>
      <maintenanceAgency>
         <agencyName>Archives nationales de France</agencyName>
      </maintenanceAgency>
      <languageDeclaration>
         <language languageCode="fre">Français</language>
         <script scriptCode="Latn"/>
      </languageDeclaration>
      <conventionDeclaration>
         <citation>Notice établie conformément à la norme ICA-ISAAR (CPF) 2004, aux normes ISO 8601 pour le système de normalisation des dates utilisé, ainsi que AFNOR NF Z 44-061, juin 1986. Catalogage : forme et structure des vedettes noms de personne, des vedettes titres, des rubriques de classement et des titres forgés.</citation>
      </conventionDeclaration>
      <localControl localType="niveau_de_detail">
         <term>Complète</term>
      </localControl>
      <maintenanceHistory>
         <maintenanceEvent>
            <eventType>derived</eventType>
            <eventDateTime>2013-04-23</eventDateTime>
            <agentType>machine</agentType>
            <agent>Import_SIA</agent>
         </maintenanceEvent>
         <maintenanceEvent>
            <eventType>revised</eventType>
            <eventDateTime>2015-09-30</eventDateTime>
            <agentType>human</agentType>
            <agent>Catherine MÉROT</agent>
            <eventDescription>F. Clavaud, 6 janvier 2015 : ajout n° notice BnF, descripteur fonctions, et révision des liens IR </eventDescription>
         </maintenanceEvent>
      </maintenanceHistory>
      <sources>
         <source>
            <descriptiveNote>
               <p>IR 20130138</p>
               <p>Notice BnF n° FRBNF12220667</p>
            </descriptiveNote>
         </source>
      </sources>
   </control>
   <cpfDescription>
      <identity>
         <entityId>ISNI 0000 0001 1516 5367</entityId>
         <entityType>corporateBody</entityType>
         <nameEntry localType="autorisée" scriptCode="Latn" xml:lang="fre">
            <part>AIDES (France)</part>
         </nameEntry>
         <nameEntry>
            <part>AIDES association</part>
            <useDates>
               <dateRange>
                  <fromDate standardDate="1984-01-01">1984</fromDate>
                  <toDate standardDate="1988-12-31">1988</toDate>
               </dateRange>
            </useDates>
         </nameEntry>
         <nameEntry>
            <part>AIDES fédération</part>
            <useDates>
               <dateRange>
                  <fromDate standardDate="1988-01-01">1988</fromDate>
                  <toDate standardDate="2002-12-31">2002</toDate>
               </dateRange>
            </useDates>
         </nameEntry>
         <nameEntry>
            <part>AIDES</part>
            <useDates>
               <dateRange>
                  <fromDate standardDate="2002-01-01">2002</fromDate>
               </dateRange>
            </useDates>
         </nameEntry>
      </identity>
      <description>
         <existDates>
            <dateRange>
               <fromDate standardDate="1984-01-01">1984</fromDate>
            </dateRange>
         </existDates>
         <legalStatuses>
            <legalStatus>
               <term vocabularySource="d5blom9zjl-l45jh5o3uznu">association</term>
            </legalStatus>
         </legalStatuses>
         <functions>
            <function>
               <term vocabularySource="d3nyug3e0g-1xzlvri8dg416">action sociale</term>
            </function>
            <function>
               <term vocabularySource="d5bhvil20q--uuew3ia85vzc">activité associative</term>
            </function>
            <function>
               <term vocabularySource="d5bhviiyko--q661mlo9uy50">santé</term>
            </function>
         </functions>
         <mandates>
            <mandate>
               <descriptiveNote>
                  <p>Association reconnue d'utilité publique (D. du 9 août 1990, Jo du 21-08-1990)</p>
               </descriptiveNote>
            </mandate>
         </mandates>
         <biogHist>
            <p>L'association AIDES a été créée en 1984 par le sociologue Daniel Defert suite au décès de son compagnon, le philosophe Michel Foucault. Les objectifs de cette association sont alors les suivants : « identifier et faire connaître les besoins sociaux des malades du sida ; créer des réseaux de soutien aux malades ; diffuser une information scientifique dans les milieux à haut risque et auprès du public ; encourager la recherche sur le sida par des interventions publiques et un soutien financier ; organiser des campagnes d'information, de prévention, de financement, de défense de l'image et de la dignité des malades. » (Extrait de la déclaration au Journal Officiel publiée le 21 décembre 1984). Dès le départ, AIDES a une volonté de transformation sociale : le VIH met en lumière les contradictions et tabous de la société, qu'il faut désamorcer pour mieux lutter contre le virus.</p>
            <p/>
            <p>AIDES a connu trois grands moments qui ont marqué considérablement l'organisation et le fonctionnement de l'association. </p>
            <p/>
            <p>AIDES association (1984-1988)</p>
            <p>Lors de sa création, AIDES a un fonctionnement centralisé. Elle s'organise autour d'un conseil d'administration qui compte alors huit membres, élus lors d'une assemblée générale annuelle, qui nomme un bureau de cinq membres. Ce conseil d'administration a pour but de définir les grands axes de la politique de l'association.</p>
            <p>Un véritable réseau se développe alors, qui va conduire à la création à une fédération d'associations. En effet, à la suite de la première association AIDES, AIDES Paris, créée le 4 décembre 1984, une vingtaine de comités vont se créer, dont le premier à Marseille en 1985. Il n'y a alors pas encore de cadre formel pour la création de ces comités. Toutes ces associations sont indépendantes les unes des autres. </p>
            <p>C'est ce développement des groupes locaux qui poussera l'association à se restructurer, pour devenir une fédération en 1988.</p>
            <p/>
            <p>AIDES Fédération nationale (1988-2002)</p>
            <p>Le 13 mars 1988, l'association AIDES se transforme en AIDES fédération nationale. La Fédération est une association régie par la loi de 1901. En 1990, elle sera reconnue d'utilité publique, trois ans après sa demande. A cette période, sont également créés, en réponse à un appel d'offre de l'AFLS (Association Française de Lutte contre le Sida), SIS (sida info service) qui va développer le soutien téléphonique, et AIDES formation, établissement de formation, rattaché à AIDES.</p>
            <p>Les comités sont dès lors affiliés à la Fédération, ils sont une entité juridique propre, et autonomes financièrement. La Fédération est administrée par un conseil d'administration qui prend le nom de Conseil National, auquel siègent les présidents des comités. Le Conseil National élit un bureau composé en règle générale du président, des vice-présidents, d'un secrétaire général, d'un secrétaire général adjoint et d'un trésorier. Le Conseil national élit le président de la Fédération et et sert de soutien aux comités. Le bureau du Conseil National est l'organe exécutif. Enfin, l'Assemblée générale, qui se réunit au moins une fois par an, débat puis vote les grandes orientations de la Fédération. Elle est constituée des représentants de l'ensemble des comités AIDES.</p>
            <p/>
            <p>La Fédération organise ses interventions autour de quatre axes :</p>
            <p>l'action communautaire et sociale</p>
            <p>l'action médicale</p>
            <p>la communication et le développement</p>
            <p>l'administration et les finances</p>
            <p>A partir de 1992-1993 des structures sont mises en place pour mener à bien ces actions : les commissions nationales et les groupes nationaux. Les commissions nationales sont composées de volontaires, d'administrateurs, et de permanents. Elles ont pour tâche de réfléchir et de définir le contenu des missions et des priorités d'actions de AIDES. Une commission peut coordonner des groupes nationaux, qui concentrent quant à eux leur réflexion sur une thématique spécifique. La plupart des commissions ont un référent salarié à la Fédération, qui coordonne les rencontres de groupe et fait le lien avec le réseau national.</p>
            <p>En 1993-1994, AIDES complète son organisation. Des programmes d'action sont créés. A chaque programme correspond une ligne budgétaire et un pôle de compétence constitué d'une commission nationale et de groupes de travail nationaux.</p>
            <p/>
            <p/>
            <p>Les comités :</p>
            <p>En 1988 la Fédération rassemble 25 comités affiliés garants du respect de l'éthique et titulaires du label et du logo « AIDES ». En 1994, elle regroupe plus de 3600 volontaires, 31 comités et 86 pôles. </p>
            <p>Le comité recouvre une entité géographique variable allant de la région au département. Sa gestion et sa comptabilité lui sont propres. Les membres des comités sont des volontaires. Le comité possède une administration et un mode de fonctionnement similaires à ceux de la Fédération. Les membres se rassemblent en Assemblée Générale qui élit un Conseil d'Administration qui se réunit à son tour pour élire un bureau.</p>
            <p/>
            <p>Restructuration puis disparition de AIDES Fédération nationale (1998-2002)</p>
            <p>En 1998 la Fédération se restructure pour faire face à des difficultés économiques dues à la baisse des ressources publiques, au déclin des ressources privées et à la disparition de AIDES Formation. L'association abandonne son organisation par programme et concentre son activité autour de trois grandes missions : </p>
            <p>l'évaluation du besoin des personnes</p>
            <p>les ressources pour l'action</p>
            <p>la communication et le lobbying international.</p>
            <p>Le réseau AIDES s'appuie alors sur des comités de pilotage.</p>
            <p/>
            <p>En 2001, le réseau AIDES fusionne, et donne naissance à une association nationale unique. AIDES Fédération disparaît donc au profit d'une seule et même entité juridique et comptable.</p>
            <p/>
            <p>AIDES, une seule et même association nationale (2002- ...)</p>
            <p>En 1999 un processus de fusion des comités indépendants et de la Fédération AIDES en une seule entité est engagé. Il s'agit d'une association nationale, composée de délégation départementales, elles-mêmes rattachées à des délégations régionales. L'association unique entre en vigueur le 1er janvier 2002.</p>
            <p>Le niveau national , siège de l'association, est situé à Pantin, et représente l'association au plan national et international. </p>
            <p>Les enjeux suivants émergent : </p>
            <p>Nouvelles stratégies de prévention</p>
            <p>Apport de la recherche communautaire et réorientation des actions de soutien</p>
            <p>Création du réseau Afrique 2000, développement de partenariats au Sud, création de PLUS</p>
            <p>Moins de volontaires</p>
            <p>AIDES triple son budget et le nombre de salariés</p>
            <p>Création et montée en charge des CAARUD (Centre d'Accueil et d'Accompagnement à la Réduction des risques des Usagers de Drogues)</p>
            <p/>
            <p>AIDES en tant qu'association nationale affine son organisation en 2010. En effet, l’ Assemblée générale 2010 a voté une modification du règlement intérieur de l’association qui réorganise le réseau. La délégation régionale demeure un plateau technique et de mutualisation. Animé par un conseil de région, cet échelon assure le soutien aux territoires d’actions pour les accompagner dans leurs prises de décisions et leur permettre de mener à bien leurs actions.Les délégation départementales sont remplacées par des Territoires d'Actions (TA) comme échelon de base pour l’engagement militant et la démocratie associative à AIDES. Le territoire d’actions constitue la plus petite entité politique de AIDES. Il sera composé de lieux de mobilisation (LM). Les lieux de mobilisation sont les lieux de l’action, ils peuvent être fixes (avec un local associatif) ou mobiles (ex : des bus d’échange de seringues, des permanences régulières).</p>
            <p/>
            <p>Le siège garde ses prérogatives : il anime et coordonne en les mutualisant certaines actions du réseau, gère les actions nationales et internationales, et apporte son soutien aux régions AIDES en matière de ressources. Ce niveau est également l’interlocuteur des décideurs et partenaires sur le plan national et international.</p>
            <p>La mise en place des TA n’entraîne aucune modification par rapport à l’existant concernant la gouvernance de l’association ni des instances politiques nationales.</p>
            <p/>
            <p>Les différentes instances d’animation thématiques continuent leurs missions :</p>
            <p>• Secrétariat Général du Réseau (SGR) : pilotage des actions nationales et internationales, animation des volontaires nationaux, réunissant notamment les présidents de région et assisté par le secrétaire général ;</p>
            <p/>
            <p>• Conseil d’Orientation Administratif et Financier (COAF) réunissant notamment les trésoriers régionaux et le trésorier national ;</p>
            <p/>
            <p>• Commission Nationale de Formation (CoNF) ;</p>
            <p/>
            <p>• Groupe Mobilisation, Intégration, Accompagnement des Militants (MIAM) ;</p>
            <p/>
            <p>• Groupes nationaux thématiques (HSH, HRP, femmes, migrants, …)</p>
            <p/>
            <p>• Conseil d’Orientation Stratégique (COS), réunissant une dizaine de personnes qualifiées.</p>
         </biogHist>
      </description>
      <relations>
         <cpfRelation xmlns:xlink="http://www.w3.org/1999/xlink"
                      cpfRelationType="associative"
                      xlink:href="FRAN_NP_050948"
                      xlink:type="simple">
            <relationEntry>Zylberman, Jacqueline (1928-2013)</relationEntry>
            <dateRange>
               <fromDate standardDate="1984-01-01">1984</fromDate>
               <toDate standardDate="2013-04-18">18 avril 2013</toDate>
            </dateRange>
            <descriptiveNote>
               <p> Militante, à partir de 1985 au sein de AIDES Paris-Ile-de-France </p>
            </descriptiveNote>
         </cpfRelation>
         <cpfRelation xmlns:xlink="http://www.w3.org/1999/xlink"
                      cpfRelationType="associative"
                      xlink:href="FRAN_NP_050971"
                      xlink:type="simple">
            <relationEntry>Marty-Lavauzelle, Arnaud (1946-2007)</relationEntry>
            <dateRange>
               <fromDate standardDate="1987-01-01">1987</fromDate>
               <toDate standardDate="1998-12-31">1998</toDate>
            </dateRange>
            <descriptiveNote>
               <p>
     A. Marty-Lavauzelle, memrbe puis président de l'association AIDES de 1987 à 1998.
    </p>
            </descriptiveNote>
         </cpfRelation>
         <cpfRelation xmlns:xlink="http://www.w3.org/1999/xlink"
                      cpfRelationType="associative"
                      xlink:href="FRAN_NP_050970"
                      xlink:type="simple">
            <relationEntry>Ignasse, Gérard (1951-2003)</relationEntry>
            <dateRange>
               <fromDate standardDate="1984-01-01">1984</fromDate>
               <toDate standardDate="2003-01-29">29 janvier 2003</toDate>
            </dateRange>
            <descriptiveNote>
               <p>
     Le fonds Bach-Ignasse est déposé aux Archives nationales par l'association AIDES. Il a fait l'objet d'un don à l'association AIDES par ses ayants droit.
    </p>
            </descriptiveNote>
         </cpfRelation>
         <cpfRelation xmlns:xlink="http://www.w3.org/1999/xlink"
                      cpfRelationType="associative"
                      xlink:href="FRAN_NP_050671"
                      xlink:type="simple">
            <relationEntry>Act Up-Paris</relationEntry>
            <dateRange>
               <fromDate standardDate="1989-01-01">1989</fromDate>
            </dateRange>
            <descriptiveNote>
               <p> Principales associations de lutte contre le sida </p>
            </descriptiveNote>
         </cpfRelation>
         <resourceRelation xmlns:xlink="http://www.w3.org/1999/xlink"
                           resourceRelationType="creatorOf"
                           xlink:href="FRAN_IR_013685"
                           xlink:type="simple">
            <relationEntry localType="archival">Association AIDES, politique de communicaiton (cassettes video) (1980-1997)</relationEntry>
         </resourceRelation>
         <resourceRelation xmlns:xlink="http://www.w3.org/1999/xlink"
                           resourceRelationType="creatorOf"
                           xlink:href="FRAN_IR_013687"
                           xlink:type="simple">
            <relationEntry localType="archival">Association AIDES, politique de communication (cassettes audio) (1985-1994)</relationEntry>
         </resourceRelation>
         <resourceRelation xmlns:xlink="http://www.w3.org/1999/xlink"
                           resourceRelationType="creatorOf"
                           xlink:href="FRAN_IR_013686"
                           xlink:type="simple">
            <relationEntry localType="archival">Association AIDES, politique de communication (diapositives) (1989-1993)</relationEntry>
         </resourceRelation>
         <resourceRelation xmlns:xlink="http://www.w3.org/1999/xlink"
                           resourceRelationType="creatorOf"
                           xlink:href="FRAN_IR_026457"
                           xlink:type="simple">
            <relationEntry localType="archival">Association AIDES : archives de AIDES-Association (1985-1989) et AIDES-Fédération
          (1988-1998)</relationEntry>
         </resourceRelation>
         <resourceRelation xmlns:xlink="http://www.w3.org/1999/xlink"
                           resourceRelationType="creatorOf"
                           xlink:href="FRAN_IR_053780"
                           xlink:type="simple">
            <relationEntry localType="archival">association AIDES, Dossiers du conseil d'administration (1987-2011)</relationEntry>
         </resourceRelation>
         <resourceRelation xmlns:xlink="http://www.w3.org/1999/xlink"
                           resourceRelationType="creatorOf"
                           xlink:href="FRAN_IR_053781"
                           xlink:type="simple">
            <relationEntry localType="archival">Association Aides, Fonds du lieu de mobilisation de saint-denis
          (1987-2011)</relationEntry>
         </resourceRelation>
         <resourceRelation xmlns:xlink="http://www.w3.org/1999/xlink"
                           resourceRelationType="creatorOf"
                           xlink:href="FRAN_IR_053782"
                           xlink:type="simple">
            <relationEntry localType="archival">Association AIDES, Fonds Jacqueline (Jackie) Zylberman (1984-2012)</relationEntry>
         </resourceRelation>
         <resourceRelation xmlns:xlink="http://www.w3.org/1999/xlink"
                           resourceRelationType="creatorOf"
                           xlink:href="FRAN_IR_053783"
                           xlink:type="simple">
            <relationEntry localType="archival">Association AIDES : affiches et panneaux (service communication)</relationEntry>
         </resourceRelation>
         <resourceRelation xmlns:xlink="http://www.w3.org/1999/xlink"
                           resourceRelationType="creatorOf"
                           xlink:href="FRAN_IR_053784"
                           xlink:type="simple">
            <relationEntry localType="archival">Association AIDES, affiches de la structure Arc-en-Ciel</relationEntry>
         </resourceRelation>
         <resourceRelation xmlns:xlink="http://www.w3.org/1999/xlink"
                           resourceRelationType="creatorOf"
                           xlink:href="FRAN_IR_053786"
                           xlink:type="simple">
            <relationEntry localType="archival">Association AIDES, tirages et négatifs de la structure Arc-en-Ciel</relationEntry>
         </resourceRelation>
         <resourceRelation xmlns:xlink="http://www.w3.org/1999/xlink"
                           resourceRelationType="creatorOf"
                           xlink:href="FRAN_IR_053785"
                           xlink:type="simple">
            <relationEntry localType="archival">Association AIDES, Photographies de la structure Arc-en-Ciel</relationEntry>
         </resourceRelation>
         <resourceRelation xmlns:xlink="http://www.w3.org/1999/xlink"
                           resourceRelationType="creatorOf"
                           xlink:href="FRAN_IR_053787"
                           xlink:type="simple">
            <relationEntry localType="archival">Association AIDES, Couverture des marches pour la vie (diapositives et planches
     contacts)</relationEntry>
         </resourceRelation>
         <resourceRelation xmlns:xlink="http://www.w3.org/1999/xlink"
                           resourceRelationType="creatorOf"
                           xlink:href="FRAN_IR_054540"
                           xlink:type="simple">
            <relationEntry localType="archival">ASSOCIATION AIDES : PAPIERS ET DOCUMENTS réunis par Arnaud Marty-Lavauzelle sur le thème du sida 1991-2001</relationEntry>
         </resourceRelation>
      </relations>
   </cpfDescription>
</eac-cpf>
