<eac-cpf xmlns="urn:isbn:1-931666-33-4"
         xmlns:xsi="http://www.w3.org/2001/XMLSchema-instance"
         xsi:schemaLocation="urn:isbn:1-931666-33-4 cpf.xsd">
   <control>
      <recordId>FRAN_NP_009200</recordId>
      <otherRecordId localType="Ancien_identifiant">9821/1</otherRecordId>
      <maintenanceStatus>revised</maintenanceStatus>
      <maintenanceAgency>
         <agencyName>Archives nationales de France</agencyName>
      </maintenanceAgency>
      <languageDeclaration>
         <language languageCode="fre">Français</language>
         <script scriptCode="Latn"/>
      </languageDeclaration>
      <conventionDeclaration>
         <citation>Notice établie conformément à la norme ICA-ISAAR (CPF) 2004, aux normes ISO 8601 pour le système de normalisation des dates utilisé, ainsi que AFNOR NF Z 44-061, juin 1986. Catalogage : forme et structure des vedettes noms de personne, des vedettes titres, des rubriques de classement et des titres forgés.</citation>
      </conventionDeclaration>
      <localControl localType="niveau_de_detail">
         <term>Moyenne</term>
      </localControl>
      <maintenanceHistory>
         <maintenanceEvent>
            <eventType>derived</eventType>
            <eventDateTime>2013-04-23</eventDateTime>
            <agentType>machine</agentType>
            <agent>Import_SIA</agent>
         </maintenanceEvent>
         <maintenanceEvent>
            <eventType>revised</eventType>
            <eventDateTime>2013-08-22</eventDateTime>
            <agentType>human</agentType>
            <agent>Vanessa ASPART</agent>
         </maintenanceEvent>
         <maintenanceEvent>
            <eventType>updated</eventType>
            <eventDateTime>2017-09-04</eventDateTime>
            <agentType>human</agentType>
            <agent>Isabelle ARISTIDE-HASTIR</agent>
         </maintenanceEvent>
      </maintenanceHistory>
      <sources>
         <source>
            <sourceEntry>Archives nationales, fonds Fernand Labori (700 AP).</sourceEntry>
         </source>
         <source>
            <sourceEntry>BnF, notice n°FRBNF13203894.</sourceEntry>
         </source>
         <source>
            <sourceEntry>Article Fernand Labori de Wikipédia en français (http://fr.wikipedia.org/wiki/Fernand_Labori).</sourceEntry>
         </source>
      </sources>
   </control>
   <cpfDescription>
      <identity>
         <entityId>ISNI 0000 0000 8086 815X</entityId>
         <entityType>person</entityType>
         <nameEntry localType="autorisée" scriptCode="Latn" xml:lang="fre">
            <part>Labori, Fernand (1860-1917)</part>
         </nameEntry>
      </identity>
      <description>
         <existDates>
            <dateRange>
               <fromDate standardDate="1860-04-18">18 avril 1860</fromDate>
               <toDate standardDate="1917-03-14">14 mars 1917</toDate>
            </dateRange>
         </existDates>
         <occupations>
            <occupation>
               <term vocabularySource="d699msj742x--12cnnohd8i9wj">avocat</term>
            </occupation>
            <occupation>
               <term vocabularySource="d699msizce3-1fkn61hd3lpjw">journaliste</term>
            </occupation>
            <occupation>
               <term vocabularySource="d699msiribo--1dn34eg8lht4f">député</term>
               <dateRange>
                  <fromDate standardDate="1906-01-01">1906</fromDate>
                  <toDate standardDate="1910-12-31">1910</toDate>
               </dateRange>
               <descriptiveNote>
                  <p>Député de Seine-et-Marne</p>
               </descriptiveNote>
            </occupation>
         </occupations>
         <biogHist>
            <p>Né à Reims le 18 avril 1860, Fernand Labori, licencié de la faculté de droit de Paris, s'est inscrit au barreau de la Cour d'appel de Paris en 1884. Au cours de sa carrière, il a été amené à intervenir dans plusieurs grands procès : l'anarchiste Vaillant (1894), Lucie Dreyfus (1898), Émile Zola (1899), Thérèse Humbert (1903), Henriette Caillaux (1914). En 1911, il est élu bâtonnier du Barreau de Paris. Il a aussi été rédacteur en chef de la 
     <span style="italic">Gazette du palais</span> et a fondé la 
     <span style="italic">Revue du palais</span>, devenue la 
     <span style="italic">Grande revue</span>. Il a également mené une carrière politique qui s'est achevée en 1910 quand il a renoncé à son mandat de député de Seine-et-Marne qu'il occupait depuis 1906. Il est décédé le 14 mars 1917. 
    </p>
         </biogHist>
      </description>
      <relations>
         <cpfRelation xmlns:xlink="http://www.w3.org/1999/xlink"
                      cpfRelationType="identity"
                      xlink:href="http://catalogue.bnf.fr/ark:/12148/cb132038941"
                      xlink:type="simple">
            <relationEntry>Labori, Fernand</relationEntry>
            <dateRange>
               <fromDate standardDate="1860-04-18">18 avril 1860</fromDate>
               <toDate standardDate="1917-03-14">14 mars 1917</toDate>
            </dateRange>
            <descriptiveNote>
               <p>Lien vers la notice d'autorité de la BnF</p>
            </descriptiveNote>
         </cpfRelation>
         <cpfRelation xmlns:xlink="http://www.w3.org/1999/xlink"
                      cpfRelationType="identity"
                      xlink:href="https://fr.wikipedia.org/wiki/Fernand_Labori"
                      xlink:type="simple">
            <relationEntry>Labori, Fernand</relationEntry>
            <dateRange>
               <fromDate standardDate="1860-04-18">18 avril 1860</fromDate>
               <toDate standardDate="1917-03-14">14 mars 1917</toDate>
            </dateRange>
            <descriptiveNote>
               <p>Lien vers la notice wikipedia</p>
            </descriptiveNote>
         </cpfRelation>
         <resourceRelation xmlns:xlink="http://www.w3.org/1999/xlink"
                           resourceRelationType="creatorOf"
                           xlink:href="FRAN_IR_009170"
                           xlink:type="simple">
            <relationEntry localType="archival">Fonds privés du domaine de la justice ; Archives personnelles et familiales ; Fonds Fernand Labori (1849-1935)</relationEntry>
         </resourceRelation>
         <resourceRelation xmlns:xlink="http://www.w3.org/1999/xlink"
                           resourceRelationType="subjectOf"
                           xlink:href="FRAN_IR_009170"
                           xlink:type="simple">
            <relationEntry localType="archival">Fonds privés du domaine de la justice ; Archives personnelles et familiales ; Fonds Fernand Labori (1849-1935)</relationEntry>
         </resourceRelation>
      </relations>
   </cpfDescription>
</eac-cpf>
