<eac-cpf xmlns="urn:isbn:1-931666-33-4"
         xmlns:xsi="http://www.w3.org/2001/XMLSchema-instance"
         xsi:schemaLocation="urn:isbn:1-931666-33-4 cpf.xsd">
   <control>
      <recordId>FRAN_NP_009221</recordId>
      <otherRecordId localType="Ancien_identifiant">9841/LONG</otherRecordId>
      <maintenanceStatus>revised</maintenanceStatus>
      <maintenanceAgency>
         <agencyName>Archives nationales de France</agencyName>
      </maintenanceAgency>
      <languageDeclaration>
         <language languageCode="fre">Français</language>
         <script scriptCode="Latn"/>
      </languageDeclaration>
      <conventionDeclaration>
         <citation>Notice établie conformément à la norme ICA-ISAAR (CPF) 2004, aux normes ISO 8601 pour le système de normalisation des dates utilisé, ainsi que AFNOR NF Z 44-061, juin 1986. Catalogage : forme et structure des vedettes noms de personne, des vedettes titres, des rubriques de classement et des titres forgés.</citation>
      </conventionDeclaration>
      <localControl localType="niveau_de_detail">
         <term>Élémentaire</term>
      </localControl>
      <maintenanceHistory>
         <maintenanceEvent>
            <eventType>derived</eventType>
            <eventDateTime>2013-04-23</eventDateTime>
            <agentType>machine</agentType>
            <agent>Import_SIA</agent>
         </maintenanceEvent>
         <maintenanceEvent>
            <eventType>revised</eventType>
            <eventDateTime>2013-10-16</eventDateTime>
            <agentType>human</agentType>
            <agent>Raphael BAUMARD</agent>
         </maintenanceEvent>
         <maintenanceEvent>
            <eventType>revised</eventType>
            <eventDateTime>2017-10-27</eventDateTime>
            <agentType>human</agentType>
            <agent>Virginie GREGOIRE</agent>
            <eventDescription>- Notice bio complété, activité ( pas ISNI, pas de notice autorité BNF ou de notice wikipédia).</eventDescription>
         </maintenanceEvent>
      </maintenanceHistory>
      <sources>
         <source>
            <sourceEntry>- Fonds Pierre Longone (713AP).</sourceEntry>
         </source>
      </sources>
   </control>
   <cpfDescription>
      <identity>
         <entityType>person</entityType>
         <nameEntry localType="autorisée" scriptCode="Latn" xml:lang="fre">
            <part>Longone, Pierre (1911-2008)</part>
         </nameEntry>
      </identity>
      <description>
         <existDates>
            <dateRange>
               <fromDate standardDate="1911-01-01">1911</fromDate>
               <toDate standardDate="2008-03-10">10 mars 2008</toDate>
            </dateRange>
         </existDates>
         <functions>
            <function>
               <term vocabularySource="d5bhvil20q--uuew3ia85vzc">activité associative</term>
            </function>
         </functions>
         <occupations>
            <occupation>
               <term vocabularySource="d699msk5oth-xqvujelh8c39">chercheur</term>
            </occupation>
            <occupation>
               <term vocabularySource="d699msj3i51--hevk1gms21cg">écrivain</term>
            </occupation>
         </occupations>
         <biogHist>
            <p>Après des études à l'École supérieure de commerce de la Chambre de commerce de Paris, Pierre Longone (1911-2008) entre au service du comte de Paris en 1935. Il poursuit son engagement monarchiste après guerre en dirigeant notamment le 
     <span style="italic">Bulletin d'information du bureau politique de Mgr le Comte de Paris</span>. Après le retrait de la vie politique du comte (1967), il intègre l’Institut national d'études démographiques (INED) dont il va diriger le bulletin d'information : 
     <span style="italic">Population et sociétés</span>. 
    </p>
            <p>En 1961, à la demande de Michel Debré il participe à la commission d'étude des problèmes relatifs à l'association ou l'intéressement des travailleurs à l'entreprise « Commission Masselin ». Il poursuit par la suite ses recherches sur le sujet constituant ainsi le travail préparatoire à son ouvrage en 6 tomes paru en 1967 : 
     <span style="italic">La France contemporaine</span>. 
    </p>
            <p>Pierre Longone participe également au projet de Club des architectes aux côtés de Henry Bernard afin de défendre et illustrer le rôle de l'architecture dans la société.</p>
            <p>Enfin, il fut membre du conseil d'administration de l'Alliance contre la dépopulation, une association reconnue d'utilité publique. </p>
            <p/>
            <p>Il continue à publier ses analyses et à jouer un rôle politique discret après sa retraite en 1977, en soutenant notamment la candidature de Michel debré à l'élection présidentielle de 1981.</p>
         </biogHist>
      </description>
      <relations/>
   </cpfDescription>
</eac-cpf>
