<eac-cpf xmlns="urn:isbn:1-931666-33-4"
         xmlns:xsi="http://www.w3.org/2001/XMLSchema-instance"
         xsi:schemaLocation="urn:isbn:1-931666-33-4 cpf.xsd">
   <control>
      <recordId>FRAN_NP_005085</recordId>
      <otherRecordId localType="Ancien_identifiant">5103/B</otherRecordId>
      <maintenanceStatus>revised</maintenanceStatus>
      <maintenanceAgency>
         <agencyName>Archives nationales de France</agencyName>
      </maintenanceAgency>
      <languageDeclaration>
         <language languageCode="fre">Français</language>
         <script scriptCode="Latn"/>
      </languageDeclaration>
      <conventionDeclaration>
         <citation>Notice établie conformément à la norme ICA-ISAAR (CPF) 2004, aux normes ISO 8601 pour le système de normalisation des dates utilisé, ainsi que AFNOR NF Z 44-061, juin 1986. Catalogage : forme et structure des vedettes noms de personne, des vedettes titres, des rubriques de classement et des titres forgés.</citation>
      </conventionDeclaration>
      <localControl localType="niveau_de_detail">
         <term>Complète</term>
      </localControl>
      <maintenanceHistory>
         <maintenanceEvent>
            <eventType>derived</eventType>
            <eventDateTime>2013-04-23</eventDateTime>
            <agentType>machine</agentType>
            <agent>Import_SIA</agent>
         </maintenanceEvent>
         <maintenanceEvent>
            <eventType>revised</eventType>
            <eventDateTime>2017-04-10</eventDateTime>
            <agentType>human</agentType>
            <agent>Mission.referentiels MISSION.REFERENTIELS</agent>
         </maintenanceEvent>
         <maintenanceEvent>
            <eventType>updated</eventType>
            <eventDateTime>2017-04-10</eventDateTime>
            <agentType>human</agentType>
            <agent>Mission.referentiels MISSION.REFERENTIELS</agent>
            <eventDescription>F. Clavaud, 10 avril 2017 : recréé une version avec infos fournies par M. Zelverte ; revu les liens NP</eventDescription>
         </maintenanceEvent>
      </maintenanceHistory>
      <sources>
         <source>
            <sourceEntry>Bottin administratif</sourceEntry>
         </source>
         <source>
            <sourceEntry>Journal Officiel de la République française</sourceEntry>
         </source>
      </sources>
   </control>
   <cpfDescription>
      <identity>
         <entityType>corporateBody</entityType>
         <nameEntry localType="autorisée" scriptCode="Latn" xml:lang="fre">
            <part>France. Direction du Livre et de la Lecture. Département des bibliothèques territoriales et du développement de la lecture (1995-2010)</part>
         </nameEntry>
         <nameEntry>
            <part>Département des bibliothèques publiques et du développement de la lecture</part>
            <useDates>
               <dateRange>
                  <fromDate standardDate="1995-05-12">12 mai 1995</fromDate>
                  <toDate standardDate="2003-12-31">31 décembre 2003</toDate>
               </dateRange>
            </useDates>
         </nameEntry>
         <nameEntry>
            <part>Département des bibliothèques territoriales et du développement de la lecture</part>
            <useDates>
               <dateRange>
                  <fromDate standardDate="2004-01-01">2004</fromDate>
                  <toDate standardDate="2010-01-12">12 janvier 2010</toDate>
               </dateRange>
            </useDates>
         </nameEntry>
      </identity>
      <description>
         <existDates>
            <dateRange>
               <fromDate standardDate="1995-05-12">12 mai 1995</fromDate>
               <toDate standardDate="2010-01-12">12 janvier 2010</toDate>
            </dateRange>
         </existDates>
         <legalStatuses>
            <legalStatus>
               <term vocabularySource="d5blonaxbw--1mt8t42bokzts">service d'administration centrale</term>
            </legalStatus>
         </legalStatuses>
         <functions>
            <function>
               <term vocabularySource="d3nyugsjkt--7vpbe5hqjvzi">conseil</term>
            </function>
            <function>
               <term vocabularySource="d3nyugszba-a2wofi2a3sjm">construction</term>
            </function>
            <function>
               <term vocabularySource="d3nyuiihz0-a8ekfbm461kd">statistique</term>
            </function>
            <function>
               <term vocabularySource="d5bhvihqll-iv6mus5ox250">évaluation</term>
            </function>
         </functions>
         <mandates>
            <mandate>
               <descriptiveNote>
                  <p>Arrêtés du 9 mai 1995 relatifs à l'organisation de la direction du Livre et de la Lecture (https://www.legifrance.gouv.fr/affichTexte.do?cidTexte=JORFTEXT000000353930&amp;amp;fastPos=41&amp;amp;fastReqId=720883689&amp;amp;categorieLien=id&amp;amp;oldAction=rechTexte)</p>
                  <p>Décret n° 2009-1393 du 11 novembre 2009 relatif aux missions et à l'organisation de l'administration centrale du ministère de la culture et de la communication (https://www.legifrance.gouv.fr/affichTexte.do?cidTexte=JORFTEXT000021262661&amp;amp;fastPos=1&amp;amp;fastReqId=1165052470&amp;amp;categorieLien=id&amp;amp;oldAction=rechTexte)</p>
               </descriptiveNote>
            </mandate>
         </mandates>
         <structureOrGenealogy>
            <p>Conformément à l'article 2 de l'arrêté du 9 mai 1995 relatif à l'organisation de la DLL, le département des bibliothèques territoriales et du développement de la lecture est composé de deux bureaux :</p>
            <p>- le bureau des bibliothèques territoriales ;</p>
            <p>- le bureau du développement de la lecture.</p>
         </structureOrGenealogy>
         <biogHist>
            <p>
               <span style="underline">Historique</span> : 
    </p>
            <p>Le département des bibliothèques territoriales et du développement de la lecture est créé au sein de la direction du Livre et de la Lecture (DLL) suite à deux arrêtés du 9 mai 1995 (publiés au Journal Officiel du 11 mai), qui réorganisent la direction. Il reprend une partie des missions du département de l'action régionale et des bibliothèques territoriales (bureau des bibliothèques territoriales et bureau du développement de la lecture).</p>
            <p>Il disparaît avec la DLL en vertu du décret du 11 novembre 2009 (entré en vigueur le 13 janvier 2010) qui redéfinit l'organisation du ministère en réduisant le nombre des directions à trois.</p>
            <p/>
            <p>
               <span style="underline">Missions</span> : 
    </p>
            <p>Le département des bibliothèques publiques et du développement de la lecture est chargé de conseiller, moderniser et évaluer le réseau des bibliothèques territoriales : suivi statistique, conseil et évaluation des bâtiments, informatisation des bibliothèques, construction des bibliothèques centrales de prêt.</p>
            <p>Il est également chargé du développement de la lecture publique, à travers des actions dans le cadre de l'aménagement du territoire en ville et dans les zones rurales, à travers le développement de la lecture pour les comités d'entreprise, les prisons, l'armée, les hôpitaux et les handicapés, et à travers des actions en direction des jeunes, du milieu scolaire et des universités. Il a enfin pour mission le développement des collections des bibliothèques publiques et associatives.</p>
         </biogHist>
      </description>
      <relations>
         <cpfRelation xmlns:xlink="http://www.w3.org/1999/xlink"
                      cpfRelationType="temporal-later"
                      xlink:href="FRAN_NP_005630"
                      xlink:type="simple">
            <relationEntry>France. Direction générale des Médias et des Industries culturelles. Service du Livre et de la Lecture. Département de la lecture (2010-2012)</relationEntry>
            <dateRange>
               <fromDate standardDate="2010-01-13">13 janvier 2010</fromDate>
            </dateRange>
         </cpfRelation>
         <cpfRelation xmlns:xlink="http://www.w3.org/1999/xlink"
                      cpfRelationType="temporal-later"
                      xlink:href="FRAN_NP_005632"
                      xlink:type="simple">
            <relationEntry>France. Direction générale des Médias et des Industries culturelles. Service du Livre et de la Lecture. Département de la tutelle et du réseau (2010-2012)</relationEntry>
            <dateRange>
               <fromDate standardDate="2010-01-13">13 janvier 2010</fromDate>
            </dateRange>
         </cpfRelation>
         <cpfRelation xmlns:xlink="http://www.w3.org/1999/xlink"
                      cpfRelationType="hierarchical-child"
                      xlink:href="FRAN_NP_005078"
                      xlink:type="simple">
            <relationEntry>France. Direction du Livre et de la Lecture. Bureau du développement de la lecture (1993-2010)</relationEntry>
            <dateRange>
               <fromDate standardDate="1995-05-12">12 mai 1995</fromDate>
               <toDate standardDate="2010-01-12">12 janvier 2010</toDate>
            </dateRange>
            <descriptiveNote>
               <p>
     @isPartOf@
    </p>
            </descriptiveNote>
         </cpfRelation>
         <cpfRelation xmlns:xlink="http://www.w3.org/1999/xlink"
                      cpfRelationType="hierarchical-child"
                      xlink:href="FRAN_NP_005077"
                      xlink:type="simple">
            <relationEntry>France. Direction du Livre et de la Lecture. Bureau des bibliothèques territoriales (1993-2010)</relationEntry>
            <dateRange>
               <fromDate standardDate="1995-05-12">12 mai 1995</fromDate>
               <toDate standardDate="2010-01-12">12 janvier 2010</toDate>
            </dateRange>
            <descriptiveNote>
               <p>
     @isPartOf@
    </p>
            </descriptiveNote>
         </cpfRelation>
         <cpfRelation xmlns:xlink="http://www.w3.org/1999/xlink"
                      cpfRelationType="hierarchical-parent"
                      xlink:href="FRAN_NP_005099"
                      xlink:type="simple">
            <relationEntry>France. Ministère de la Culture et de la Communication. Direction du Livre et de la Lecture (1976-2010)</relationEntry>
            <dateRange>
               <fromDate standardDate="1995-05-12">12 mai 1995</fromDate>
               <toDate standardDate="2010-01-12">12 janvier 2010</toDate>
            </dateRange>
         </cpfRelation>
         <cpfRelation xmlns:xlink="http://www.w3.org/1999/xlink"
                      cpfRelationType="temporal-earlier"
                      xlink:href="FRAN_NP_005674"
                      xlink:type="simple">
            <relationEntry>France. Direction du Livre et de la Lecture. Département de l'action régionale et des bibliothèques territoriales (1993-1995)</relationEntry>
            <dateRange>
               <fromDate standardDate="1995-05-12">12 mai 1995</fromDate>
            </dateRange>
         </cpfRelation>
      </relations>
   </cpfDescription>
</eac-cpf>
