<eac-cpf xmlns="urn:isbn:1-931666-33-4"
         xmlns:xsi="http://www.w3.org/2001/XMLSchema-instance"
         xsi:schemaLocation="urn:isbn:1-931666-33-4 cpf.xsd">
   <control>
      <recordId>FRAN_NP_010217</recordId>
      <otherRecordId localType="Ancien_identifiant">FRDAFANCH00MC_NAETUDE_090</otherRecordId>
      <maintenanceStatus>derived</maintenanceStatus>
      <maintenanceAgency>
         <agencyName>Archives nationales de France</agencyName>
      </maintenanceAgency>
      <languageDeclaration>
         <language languageCode="fre">Français</language>
         <script scriptCode="Latn"/>
      </languageDeclaration>
      <conventionDeclaration>
         <citation>Notice établie conformément à la norme ICA-ISAAR (CPF) 2004, aux normes ISO 8601 pour le système de normalisation des dates utilisé, ainsi que AFNOR NF Z 44-061, juin 1986. Catalogage : forme et structure des vedettes noms de personne, des vedettes titres, des rubriques de classement et des titres forgés.</citation>
      </conventionDeclaration>
      <localControl localType="niveau_de_detail">
         <term>Moyenne</term>
      </localControl>
      <maintenanceHistory>
         <maintenanceEvent>
            <eventType>derived</eventType>
            <eventDateTime>2015-09-30</eventDateTime>
            <agentType>machine</agentType>
            <agent>Migration ETANOT</agent>
         </maintenanceEvent>
      </maintenanceHistory>
   </control>
   <cpfDescription>
      <identity>
         <entityType>corporateBody</entityType>
         <nameEntry localType="autorisée" scriptCode="Latn" xml:lang="fre">
            <part>Etude XC</part>
         </nameEntry>
         <nameEntry>
            <part>75061</part>
         </nameEntry>
      </identity>
      <description>
         <existDates>
            <dateRange>
               <fromDate standardDate="1565-01-01">1565</fromDate>
            </dateRange>
         </existDates>
         <functions>
            <function>
               <term vocabularySource="d3nyui3o8w--11y7jgy8q3wnt">notaire à paris</term>
               <dateRange>
                  <fromDate standardDate="1565-01-01">1565</fromDate>
                  <toDate/>
               </dateRange>
            </function>
         </functions>
         <biogHist>
            <p>Fusion avec l'étude XXVI en 1993. Les 192 premières liasses de cette étude sont constituées de plusieurs fonds provenant de la rue du Temple, de la rue Saint-Honoré, de la rue du Poitou. Installée rue des Arcis en 1633, cette étude se transporte rue Sainte-Avoie en 1661 et y demeure jusqu'en 1723. En l'an VI, on la retrouve dans le quartier du Palais-Royal, puis aux Halles. En l'an VII, elle est rue des Prouvaires, avant de gagner la rue Thévenot (1837), puis le boulevard Sébastopol (1895).</p>
         </biogHist>
      </description>
      <relations>
         <cpfRelation xmlns:xlink="http://www.w3.org/1999/xlink"
                      cpfRelationType="associative"
                      xlink:href="FRAN_NP_010372"
                      xlink:type="simple">
            <relationEntry>Vienot, Alphonse-Louis</relationEntry>
            <dateRange>
               <fromDate standardDate="1813-04-17">17 avril 1813</fromDate>
               <toDate standardDate="1822-03-05">5 mars 1822</toDate>
            </dateRange>
         </cpfRelation>
         <cpfRelation xmlns:xlink="http://www.w3.org/1999/xlink"
                      cpfRelationType="associative"
                      xlink:href="FRAN_NP_011552"
                      xlink:type="simple">
            <relationEntry>Leroux, Jean-Baptiste</relationEntry>
            <dateRange>
               <fromDate standardDate="1822-03-05">5 mars 1822</fromDate>
               <toDate standardDate="1833-04-20">20 avril 1833</toDate>
            </dateRange>
         </cpfRelation>
         <cpfRelation xmlns:xlink="http://www.w3.org/1999/xlink"
                      cpfRelationType="associative"
                      xlink:href="FRAN_NP_011306"
                      xlink:type="simple">
            <relationEntry>Lahaye saint-Hilaire, Eric de</relationEntry>
            <dateRange>
               <fromDate standardDate="1978-11-22">22 novembre 1978</fromDate>
               <toDate standardDate="1984-05-12">12 mai 1984</toDate>
            </dateRange>
         </cpfRelation>
         <cpfRelation xmlns:xlink="http://www.w3.org/1999/xlink"
                      cpfRelationType="associative"
                      xlink:href="FRAN_NP_010514"
                      xlink:type="simple">
            <relationEntry>Turrel, Joseph-André</relationEntry>
            <dateRange>
               <fromDate standardDate="1794-08-13">13 août 1794</fromDate>
               <toDate standardDate="1813-04-17">17 avril 1813</toDate>
            </dateRange>
         </cpfRelation>
         <cpfRelation xmlns:xlink="http://www.w3.org/1999/xlink"
                      cpfRelationType="associative"
                      xlink:href="FRAN_NP_012666"
                      xlink:type="simple">
            <relationEntry>Crévon, François</relationEntry>
            <dateRange>
               <fromDate standardDate="1721-11-29">29 novembre 1721</fromDate>
               <toDate standardDate="1747-11-09">9 novembre 1747</toDate>
            </dateRange>
         </cpfRelation>
         <cpfRelation xmlns:xlink="http://www.w3.org/1999/xlink"
                      cpfRelationType="associative"
                      xlink:href="FRAN_NP_011075"
                      xlink:type="simple">
            <relationEntry>Marchant, Jean</relationEntry>
            <dateRange>
               <fromDate standardDate="1565-06-03">3 juin 1565</fromDate>
               <toDate standardDate="1594-05-23">23 mai 1594</toDate>
            </dateRange>
         </cpfRelation>
         <cpfRelation xmlns:xlink="http://www.w3.org/1999/xlink"
                      cpfRelationType="associative"
                      xlink:href="FRAN_NP_010493"
                      xlink:type="simple">
            <relationEntry>Troyes, Claude II de</relationEntry>
            <dateRange>
               <fromDate standardDate="1616-12-04">4 décembre 1616</fromDate>
               <toDate standardDate="1620-04-10">10 avril 1620</toDate>
            </dateRange>
         </cpfRelation>
         <cpfRelation xmlns:xlink="http://www.w3.org/1999/xlink"
                      cpfRelationType="associative"
                      xlink:href="FRAN_NP_010725"
                      xlink:type="simple">
            <relationEntry>Rossignol, Guillaume</relationEntry>
            <dateRange>
               <fromDate standardDate="1747-11-16">16 novembre 1747</fromDate>
               <toDate standardDate="1749-04-15">15 avril 1749</toDate>
            </dateRange>
         </cpfRelation>
         <cpfRelation xmlns:xlink="http://www.w3.org/1999/xlink"
                      cpfRelationType="associative"
                      xlink:href="FRAN_NP_013072"
                      xlink:type="simple">
            <relationEntry>Bruneau, Jacques</relationEntry>
            <dateRange>
               <fromDate standardDate="1620-07-10">10 juillet 1620</fromDate>
               <toDate standardDate="1664-08-31">31 août 1664</toDate>
            </dateRange>
         </cpfRelation>
         <cpfRelation xmlns:xlink="http://www.w3.org/1999/xlink"
                      cpfRelationType="associative"
                      xlink:href="FRAN_NP_010623"
                      xlink:type="simple">
            <relationEntry>Raymond, François</relationEntry>
            <dateRange>
               <fromDate standardDate="1707-12-07">7 décembre 1707</fromDate>
               <toDate standardDate="1715-12-10">10 décembre 1715</toDate>
            </dateRange>
         </cpfRelation>
         <cpfRelation xmlns:xlink="http://www.w3.org/1999/xlink"
                      cpfRelationType="associative"
                      xlink:href="FRAN_NP_010677"
                      xlink:type="simple">
            <relationEntry>Riges, Claude de</relationEntry>
            <dateRange>
               <fromDate standardDate="1594-01-16">16 janvier 1594</fromDate>
               <toDate standardDate="1619-02-24">24 février 1619</toDate>
            </dateRange>
         </cpfRelation>
         <cpfRelation xmlns:xlink="http://www.w3.org/1999/xlink"
                      cpfRelationType="associative"
                      xlink:href="FRAN_NP_012917"
                      xlink:type="simple">
            <relationEntry>Blanchard, Rémy</relationEntry>
            <dateRange>
               <fromDate standardDate="1987-02-25">25 février 1987</fromDate>
               <toDate standardDate="1993-10-27">27 octobre 1993</toDate>
            </dateRange>
         </cpfRelation>
         <cpfRelation xmlns:xlink="http://www.w3.org/1999/xlink"
                      cpfRelationType="associative"
                      xlink:href="FRAN_NP_012013"
                      xlink:type="simple">
            <relationEntry>Fabre, Marc</relationEntry>
            <dateRange>
               <fromDate standardDate="1857-03-24">24 mars 1857</fromDate>
               <toDate standardDate="1877-04-04">4 avril 1877</toDate>
            </dateRange>
         </cpfRelation>
         <cpfRelation xmlns:xlink="http://www.w3.org/1999/xlink"
                      cpfRelationType="associative"
                      xlink:href="FRAN_NP_010653"
                      xlink:type="simple">
            <relationEntry>Reversé, François</relationEntry>
            <dateRange>
               <fromDate standardDate="1631-01-01">1er janvier 1631</fromDate>
               <toDate standardDate="1631-12-31">31 décembre 1631</toDate>
            </dateRange>
         </cpfRelation>
         <cpfRelation xmlns:xlink="http://www.w3.org/1999/xlink"
                      cpfRelationType="associative"
                      xlink:href="FRAN_NP_010624"
                      xlink:type="simple">
            <relationEntry>Raymond, Louis</relationEntry>
            <dateRange>
               <fromDate standardDate="1661-05-31">31 mai 1661</fromDate>
               <toDate standardDate="1707-12-02">2 décembre 1707</toDate>
            </dateRange>
         </cpfRelation>
         <cpfRelation xmlns:xlink="http://www.w3.org/1999/xlink"
                      cpfRelationType="associative"
                      xlink:href="FRAN_NP_011842"
                      xlink:type="simple">
            <relationEntry>Garcerand, Charles</relationEntry>
            <dateRange>
               <fromDate standardDate="1749-04-18">18 avril 1749</fromDate>
               <toDate standardDate="1795-01-10">10 janvier 1795</toDate>
            </dateRange>
         </cpfRelation>
         <cpfRelation xmlns:xlink="http://www.w3.org/1999/xlink"
                      cpfRelationType="associative"
                      xlink:href="FRAN_NP_013367"
                      xlink:type="simple">
            <relationEntry>Marchant, Mathurin</relationEntry>
            <dateRange>
               <fromDate standardDate="1591-01-03">3 janvier 1591</fromDate>
               <toDate standardDate="1594-05-31">mai 1594</toDate>
            </dateRange>
         </cpfRelation>
         <cpfRelation xmlns:xlink="http://www.w3.org/1999/xlink"
                      cpfRelationType="associative"
                      xlink:href="FRAN_NP_011031"
                      xlink:type="simple">
            <relationEntry>Maciet, René Guillaume Victor</relationEntry>
            <dateRange>
               <fromDate standardDate="1901-07-31">31 juillet 1901</fromDate>
               <toDate standardDate="1930-05-03">3 mai 1930</toDate>
            </dateRange>
         </cpfRelation>
         <cpfRelation xmlns:xlink="http://www.w3.org/1999/xlink"
                      cpfRelationType="associative"
                      xlink:href="FRAN_NP_012665"
                      xlink:type="simple">
            <relationEntry>Clary, Jean Claude Joseph Antoine</relationEntry>
            <dateRange>
               <fromDate standardDate="1965-01-13">13 janvier 1965</fromDate>
               <toDate standardDate="1991-11-17">17 novembre 1991</toDate>
            </dateRange>
         </cpfRelation>
         <cpfRelation xmlns:xlink="http://www.w3.org/1999/xlink"
                      cpfRelationType="associative"
                      xlink:href="FRAN_NP_011205"
                      xlink:type="simple">
            <relationEntry>Monnot-Leroy, Auguste</relationEntry>
            <dateRange>
               <fromDate standardDate="1833-04-20">20 avril 1833</fromDate>
               <toDate standardDate="1857-03-24">24 mars 1857</toDate>
            </dateRange>
         </cpfRelation>
         <cpfRelation xmlns:xlink="http://www.w3.org/1999/xlink"
                      cpfRelationType="associative"
                      xlink:href="FRAN_NP_011250"
                      xlink:type="simple">
            <relationEntry>Motelet, Nicolas</relationEntry>
            <dateRange>
               <fromDate standardDate="1619-01-05">5 janvier 1619</fromDate>
               <toDate standardDate="1661-05-31">31 mai 1661</toDate>
            </dateRange>
         </cpfRelation>
         <cpfRelation xmlns:xlink="http://www.w3.org/1999/xlink"
                      cpfRelationType="associative"
                      xlink:href="FRAN_NP_011675"
                      xlink:type="simple">
            <relationEntry>Janson, Charles II</relationEntry>
            <dateRange>
               <fromDate standardDate="1716-06-17">17 juin 1716</fromDate>
               <toDate standardDate="1721-11-25">25 novembre 1721</toDate>
            </dateRange>
         </cpfRelation>
         <cpfRelation xmlns:xlink="http://www.w3.org/1999/xlink"
                      cpfRelationType="associative"
                      xlink:href="FRAN_NP_011679"
                      xlink:type="simple">
            <relationEntry>Jarriand, Léonce Henri Gaspard</relationEntry>
            <dateRange>
               <fromDate standardDate="1930-05-03">3 mai 1930</fromDate>
               <toDate standardDate="1965-01-13">13 janvier 1965</toDate>
            </dateRange>
         </cpfRelation>
         <cpfRelation xmlns:xlink="http://www.w3.org/1999/xlink"
                      cpfRelationType="associative"
                      xlink:href="FRAN_NP_012354"
                      xlink:type="simple">
            <relationEntry>Hardiviller, Alban-Joseph d'</relationEntry>
            <dateRange>
               <fromDate standardDate="1877-04-04">4 avril 1877</fromDate>
               <toDate standardDate="1901-07-31">31 juillet 1901</toDate>
            </dateRange>
         </cpfRelation>
         <resourceRelation xmlns:xlink="http://www.w3.org/1999/xlink"
                           resourceRelationType="subjectOf"
                           xlink:href="FRAN_IR_042924"
                           xlink:type="simple">
            <relationEntry localType="archival">Minutes et répertoires du notaire François CRÉVON, décembre 1721 - 9 novembre 1747 (étude XC)</relationEntry>
         </resourceRelation>
         <resourceRelation xmlns:xlink="http://www.w3.org/1999/xlink"
                           resourceRelationType="subjectOf"
                           xlink:href="FRAN_IR_042925"
                           xlink:type="simple">
            <relationEntry localType="archival">Minutes et répertoires du notaire Guillaume ROSSIGNOL, 16 novembre 1747 - 15 avril 1749 (étude XC)</relationEntry>
         </resourceRelation>
         <resourceRelation xmlns:xlink="http://www.w3.org/1999/xlink"
                           resourceRelationType="subjectOf"
                           xlink:href="FRAN_IR_042932"
                           xlink:type="simple">
            <relationEntry localType="archival">Minutes et répertoires du notaire Alban Joseph d'HARDIVILLER, 4 avril 1877 - 21 mars 1900 (étude XC)</relationEntry>
         </resourceRelation>
         <resourceRelation xmlns:xlink="http://www.w3.org/1999/xlink"
                           resourceRelationType="subjectOf"
                           xlink:href="FRAN_IR_042923"
                           xlink:type="simple">
            <relationEntry localType="archival">Minutes et répertoires du notaire Charles II JANSON, 17 juin 1716 - 25 novembre 1721 (étude XC)</relationEntry>
         </resourceRelation>
         <resourceRelation xmlns:xlink="http://www.w3.org/1999/xlink"
                           resourceRelationType="subjectOf"
                           xlink:href="FRAN_IR_042929"
                           xlink:type="simple">
            <relationEntry localType="archival">Minutes et répertoires du notaire Jean-Baptiste LEROUX, 5 mars 1822 - 20 avril 1833 (étude XC)</relationEntry>
         </resourceRelation>
         <resourceRelation xmlns:xlink="http://www.w3.org/1999/xlink"
                           resourceRelationType="subjectOf"
                           xlink:href="FRAN_IR_042922"
                           xlink:type="simple">
            <relationEntry localType="archival">Minutes et répertoires du notaire François RAYMOND, 7 décembre 1707 - 10 décembre 1715 (étude XC)</relationEntry>
         </resourceRelation>
         <resourceRelation xmlns:xlink="http://www.w3.org/1999/xlink"
                           resourceRelationType="subjectOf"
                           xlink:href="FRAN_IR_042921"
                           xlink:type="simple">
            <relationEntry localType="archival">Minutes et répertoires du notaire Louis RAYMOND, juin 1661 - 2 décembre 1707 (étude XC)</relationEntry>
         </resourceRelation>
         <resourceRelation xmlns:xlink="http://www.w3.org/1999/xlink"
                           resourceRelationType="subjectOf"
                           xlink:href="FRAN_IR_042927"
                           xlink:type="simple">
            <relationEntry localType="archival">Minutes et répertoires du notaire Joseph André TURREL, 13 août 1794 - 16 avril 1813 (étude XC)</relationEntry>
         </resourceRelation>
         <resourceRelation xmlns:xlink="http://www.w3.org/1999/xlink"
                           resourceRelationType="subjectOf"
                           xlink:href="FRAN_IR_042928"
                           xlink:type="simple">
            <relationEntry localType="archival">Minutes et répertoires du notaire Alphonse Louis VIENOT, 17 avril 1813 - 5 mars 1822 (étude XC)</relationEntry>
         </resourceRelation>
         <resourceRelation xmlns:xlink="http://www.w3.org/1999/xlink"
                           resourceRelationType="creatorOf"
                           xlink:href="FRAN_IR_054051"
                           xlink:type="simple">
            <relationEntry localType="archival">«Mélanges» (dossiers de clients) de l’étude XC. MC/ET/XC/568 (1738-1831)</relationEntry>
         </resourceRelation>
         <resourceRelation xmlns:xlink="http://www.w3.org/1999/xlink"
                           resourceRelationType="creatorOf"
                           xlink:href="FRAN_IR_042926"
                           xlink:type="simple">
            <relationEntry localType="archival">Minutes et répertoires du notaire Charles GARCERAND, 18 avril 1749 - 10 janvier 1795 (étude XC)</relationEntry>
         </resourceRelation>
         <resourceRelation xmlns:xlink="http://www.w3.org/1999/xlink"
                           resourceRelationType="creatorOf"
                           xlink:href="FRAN_IR_051562"
                           xlink:type="simple">
            <relationEntry localType="archival">Images du répertoire du notaire François Crévon pour l'étude XC</relationEntry>
         </resourceRelation>
         <resourceRelation xmlns:xlink="http://www.w3.org/1999/xlink"
                           resourceRelationType="creatorOf"
                           xlink:href="FRAN_IR_051246"
                           xlink:type="simple">
            <relationEntry localType="archival">Images du répertoire du notaire François Raymond pour l'étude XC</relationEntry>
         </resourceRelation>
         <resourceRelation xmlns:xlink="http://www.w3.org/1999/xlink"
                           resourceRelationType="creatorOf"
                           xlink:href="FRAN_IR_051247"
                           xlink:type="simple">
            <relationEntry localType="archival">Images du répertoire du notaire Louis Raymond pour l'étude XC</relationEntry>
         </resourceRelation>
         <resourceRelation xmlns:xlink="http://www.w3.org/1999/xlink"
                           resourceRelationType="creatorOf"
                           xlink:href="FRAN_IR_051256"
                           xlink:type="simple">
            <relationEntry localType="archival">Images du répertoire du notaire Guillaume Rossignol pour l'étude XC</relationEntry>
         </resourceRelation>
         <resourceRelation xmlns:xlink="http://www.w3.org/1999/xlink"
                           resourceRelationType="creatorOf"
                           xlink:href="FRAN_IR_042914"
                           xlink:type="simple">
            <relationEntry localType="archival">Minutes et répertoires du notaire Jean MARCHANT, 24 octobre 1568 - 9 août 1590 (étude XC)</relationEntry>
         </resourceRelation>
         <resourceRelation xmlns:xlink="http://www.w3.org/1999/xlink"
                           resourceRelationType="creatorOf"
                           xlink:href="FRAN_IR_051402"
                           xlink:type="simple">
            <relationEntry localType="archival">Images du répertoire du notaire Charles II Janson pour l'étude XC</relationEntry>
         </resourceRelation>
         <resourceRelation xmlns:xlink="http://www.w3.org/1999/xlink"
                           resourceRelationType="creatorOf"
                           xlink:href="FRAN_IR_051200"
                           xlink:type="simple">
            <relationEntry localType="archival">Images des répertoires du notaire Alphonse Louis Vienot pour l'étude XC</relationEntry>
         </resourceRelation>
         <resourceRelation xmlns:xlink="http://www.w3.org/1999/xlink"
                           resourceRelationType="creatorOf"
                           xlink:href="FRAN_IR_051388"
                           xlink:type="simple">
            <relationEntry localType="archival">Images des répertoires du notaire Jean-Baptiste Leroux pour l'étude XC</relationEntry>
         </resourceRelation>
         <resourceRelation xmlns:xlink="http://www.w3.org/1999/xlink"
                           resourceRelationType="creatorOf"
                           xlink:href="FRAN_IR_051229"
                           xlink:type="simple">
            <relationEntry localType="archival">Images du répertoire du notaire Joseph André Turrel pour l'étude XC</relationEntry>
         </resourceRelation>
         <resourceRelation xmlns:xlink="http://www.w3.org/1999/xlink"
                           resourceRelationType="creatorOf"
                           xlink:href="FRAN_IR_051434"
                           xlink:type="simple">
            <relationEntry localType="archival">Images des répertoires du notaire Charles Garcerand pour l'étude XC</relationEntry>
         </resourceRelation>
         <resourceRelation xmlns:xlink="http://www.w3.org/1999/xlink"
                           resourceRelationType="creatorOf"
                           xlink:href="FRAN_IR_042919"
                           xlink:type="simple">
            <relationEntry localType="archival">Minutes et répertoires du notaire Jacques BRUNEAU, 10 juillet 1620 - août 1664 (étude XC)</relationEntry>
         </resourceRelation>
         <resourceRelation xmlns:xlink="http://www.w3.org/1999/xlink"
                           resourceRelationType="creatorOf"
                           xlink:href="FRAN_IR_051452"
                           xlink:type="simple">
            <relationEntry localType="archival">Images des répertoires du notaire Marc Fabre pour l'étude XC</relationEntry>
         </resourceRelation>
         <resourceRelation xmlns:xlink="http://www.w3.org/1999/xlink"
                           resourceRelationType="creatorOf"
                           xlink:href="FRAN_IR_051327"
                           xlink:type="simple">
            <relationEntry localType="archival">Images des répertoires du notaire Auguste Monnot-Leroy pour l'étude XC</relationEntry>
         </resourceRelation>
         <resourceRelation xmlns:xlink="http://www.w3.org/1999/xlink"
                           resourceRelationType="creatorOf"
                           xlink:href="FRAN_IR_042918"
                           xlink:type="simple">
            <relationEntry localType="archival">Minutes et répertoires du notaire Nicolas MOTELET, 1620 - mai 1661 (étude XC)</relationEntry>
         </resourceRelation>
         <resourceRelation xmlns:xlink="http://www.w3.org/1999/xlink"
                           resourceRelationType="creatorOf"
                           xlink:href="FRAN_IR_042917"
                           xlink:type="simple">
            <relationEntry localType="archival">Minutes et répertoires du notaire Claude II de TROYES, 4 décembre 1616 - 10 avril 1620 (étude XC)</relationEntry>
         </resourceRelation>
         <resourceRelation xmlns:xlink="http://www.w3.org/1999/xlink"
                           resourceRelationType="creatorOf"
                           xlink:href="FRAN_IR_042915"
                           xlink:type="simple">
            <relationEntry localType="archival">Minutes et répertoires du notaire Mathurin MARCHANT, 3 janvier 1591 - 1591 (étude XC)</relationEntry>
         </resourceRelation>
         <resourceRelation xmlns:xlink="http://www.w3.org/1999/xlink"
                           resourceRelationType="creatorOf"
                           xlink:href="FRAN_IR_042920"
                           xlink:type="simple">
            <relationEntry localType="archival">Minutes et répertoires du notaire François REVERSÉ, janvier 1631 - décembre 1631 (étude XC)</relationEntry>
         </resourceRelation>
         <resourceRelation xmlns:xlink="http://www.w3.org/1999/xlink"
                           resourceRelationType="creatorOf"
                           xlink:href="FRAN_IR_052857"
                           xlink:type="simple">
            <relationEntry localType="archival">Images des répertoires du notaire Jacques Bruneau pour l'étude XC</relationEntry>
         </resourceRelation>
         <resourceRelation xmlns:xlink="http://www.w3.org/1999/xlink"
                           resourceRelationType="creatorOf"
                           xlink:href="FRAN_IR_053558"
                           xlink:type="simple">
            <relationEntry localType="archival">Images des répertoires du notaire Jean Marchant pour l'étude XC</relationEntry>
         </resourceRelation>
         <resourceRelation xmlns:xlink="http://www.w3.org/1999/xlink"
                           resourceRelationType="creatorOf"
                           xlink:href="FRAN_IR_055674"
                           xlink:type="simple">
            <relationEntry localType="archival">Images des répertoires du notaire Alban Joseph d'Hardiviller pour l'étude XC</relationEntry>
         </resourceRelation>
         <resourceRelation xmlns:xlink="http://www.w3.org/1999/xlink"
                           resourceRelationType="creatorOf"
                           xlink:href="FRAN_IR_042913"
                           xlink:type="simple">
            <relationEntry localType="archival">Archives de l'étude XC</relationEntry>
         </resourceRelation>
         <resourceRelation xmlns:xlink="http://www.w3.org/1999/xlink"
                           resourceRelationType="creatorOf"
                           xlink:href="FRAN_IR_042930"
                           xlink:type="simple">
            <relationEntry localType="archival">Minutes et répertoires du notaire Auguste MONNOT-LEROY, 20 avril 1833 - 24 mars 1857 (étude XC)</relationEntry>
         </resourceRelation>
      </relations>
   </cpfDescription>
</eac-cpf>
