<eac-cpf xmlns="urn:isbn:1-931666-33-4"
         xmlns:xsi="http://www.w3.org/2001/XMLSchema-instance"
         xsi:schemaLocation="urn:isbn:1-931666-33-4 cpf.xsd">
   <control>
      <recordId>FRAN_NP_010263</recordId>
      <otherRecordId localType="Ancien_identifiant">FRDAFANCH00MC_NAETUDE_155</otherRecordId>
      <maintenanceStatus>derived</maintenanceStatus>
      <maintenanceAgency>
         <agencyName>Archives nationales de France</agencyName>
      </maintenanceAgency>
      <languageDeclaration>
         <language languageCode="fre">Français</language>
         <script scriptCode="Latn"/>
      </languageDeclaration>
      <conventionDeclaration>
         <citation>Notice établie conformément à la norme ICA-ISAAR (CPF) 2004, aux normes ISO 8601 pour le système de normalisation des dates utilisé, ainsi que AFNOR NF Z 44-061, juin 1986. Catalogage : forme et structure des vedettes noms de personne, des vedettes titres, des rubriques de classement et des titres forgés.</citation>
      </conventionDeclaration>
      <localControl localType="niveau_de_detail">
         <term>Moyenne</term>
      </localControl>
      <maintenanceHistory>
         <maintenanceEvent>
            <eventType>derived</eventType>
            <eventDateTime>2015-09-30</eventDateTime>
            <agentType>machine</agentType>
            <agent>Migration ETANOT</agent>
         </maintenanceEvent>
      </maintenanceHistory>
   </control>
   <cpfDescription>
      <identity>
         <entityType>corporateBody</entityType>
         <nameEntry localType="autorisée" scriptCode="Latn" xml:lang="fre">
            <part>Etude CLV</part>
         </nameEntry>
         <nameEntry>
            <part>75199</part>
         </nameEntry>
      </identity>
      <description>
         <existDates>
            <dateRange>
               <fromDate standardDate="1976-10-20">20 octobre 1976</fromDate>
            </dateRange>
         </existDates>
         <places>
            <place>
               <placeRole>Lieu de Paris</placeRole>
               <placeEntry localType="nomLieu">51, rue Ampère, 75071 PARIS</placeEntry>
            </place>
         </places>
         <functions>
            <function>
               <term vocabularySource="d3nyui3o8w--11y7jgy8q3wnt">notaire à paris</term>
               <dateRange>
                  <fromDate standardDate="1976-10-20">20 octobre 1976</fromDate>
                  <toDate/>
               </dateRange>
            </function>
         </functions>
      </description>
      <relations>
         <cpfRelation xmlns:xlink="http://www.w3.org/1999/xlink"
                      cpfRelationType="associative"
                      xlink:href="FRAN_NP_011891"
                      xlink:type="simple">
            <relationEntry>Gibert, Cyril</relationEntry>
            <dateRange>
               <fromDate standardDate="1998-04-29">29 avril 1998</fromDate>
               <toDate standardDate="2007-02-09">9 février 2007</toDate>
            </dateRange>
         </cpfRelation>
         <cpfRelation xmlns:xlink="http://www.w3.org/1999/xlink"
                      cpfRelationType="associative"
                      xlink:href="FRAN_NP_012857"
                      xlink:type="simple">
            <relationEntry>Benzaken, David</relationEntry>
            <dateRange>
               <fromDate standardDate="1976-10-20">20 octobre 1976</fromDate>
               <toDate standardDate="1989-12-06">6 décembre 1989</toDate>
            </dateRange>
         </cpfRelation>
         <cpfRelation xmlns:xlink="http://www.w3.org/1999/xlink"
                      cpfRelationType="associative"
                      xlink:href="FRAN_NP_012933"
                      xlink:type="simple">
            <relationEntry>Boggio-Pola, Alain</relationEntry>
            <dateRange>
               <fromDate standardDate="1987-06-17">17 juin 1987</fromDate>
               <toDate standardDate="2009-11-30">30 novembre 2009</toDate>
            </dateRange>
         </cpfRelation>
         <cpfRelation xmlns:xlink="http://www.w3.org/1999/xlink"
                      cpfRelationType="temporal-earlier"
                      xlink:href="FRAN_NP_010224"
                      xlink:type="simple">
            <relationEntry>Etude XCVII</relationEntry>
            <dateRange>
               <fromDate standardDate="1997-09-18">18 septembre 1997</fromDate>
            </dateRange>
            <descriptiveNote>
               <p>
     A la suppression de l'office, ses minutes sont attribuées à l'étude CLV.
    </p>
            </descriptiveNote>
         </cpfRelation>
         <cpfRelation xmlns:xlink="http://www.w3.org/1999/xlink"
                      cpfRelationType="associative"
                      xlink:href="FRAN_NP_010613"
                      xlink:type="simple">
            <relationEntry>Rajzman-Teboul, Arlette</relationEntry>
            <dateRange>
               <fromDate standardDate="1982-03-03">3 mars 1982</fromDate>
               <toDate standardDate="1987-06-17">17 juin 1987</toDate>
            </dateRange>
         </cpfRelation>
         <cpfRelation xmlns:xlink="http://www.w3.org/1999/xlink"
                      cpfRelationType="associative"
                      xlink:href="FRAN_NP_011857"
                      xlink:type="simple">
            <relationEntry>Gastaldi, Guillaume</relationEntry>
            <dateRange>
               <fromDate standardDate="2007-02-09">9 février 2007</fromDate>
            </dateRange>
         </cpfRelation>
         <cpfRelation xmlns:xlink="http://www.w3.org/1999/xlink"
                      cpfRelationType="associative"
                      xlink:href="FRAN_NP_013403"
                      xlink:type="simple">
            <relationEntry>Gozlan-Arav, Marion</relationEntry>
            <dateRange>
               <fromDate standardDate="2008-05-28">28 mai 2008</fromDate>
            </dateRange>
         </cpfRelation>
      </relations>
   </cpfDescription>
</eac-cpf>
