<eac-cpf xmlns="urn:isbn:1-931666-33-4"
         xmlns:xsi="http://www.w3.org/2001/XMLSchema-instance"
         xsi:schemaLocation="urn:isbn:1-931666-33-4 cpf.xsd">
   <control>
      <recordId>FRAN_NP_010181</recordId>
      <otherRecordId localType="Ancien_identifiant">FRDAFANCH00MC_NAETUDE_054</otherRecordId>
      <maintenanceStatus>derived</maintenanceStatus>
      <maintenanceAgency>
         <agencyName>Archives nationales de France</agencyName>
      </maintenanceAgency>
      <languageDeclaration>
         <language languageCode="fre">Français</language>
         <script scriptCode="Latn"/>
      </languageDeclaration>
      <conventionDeclaration>
         <citation>Notice établie conformément à la norme ICA-ISAAR (CPF) 2004, aux normes ISO 8601 pour le système de normalisation des dates utilisé, ainsi que AFNOR NF Z 44-061, juin 1986. Catalogage : forme et structure des vedettes noms de personne, des vedettes titres, des rubriques de classement et des titres forgés.</citation>
      </conventionDeclaration>
      <localControl localType="niveau_de_detail">
         <term>Moyenne</term>
      </localControl>
      <maintenanceHistory>
         <maintenanceEvent>
            <eventType>derived</eventType>
            <eventDateTime>2015-09-30</eventDateTime>
            <agentType>machine</agentType>
            <agent>Migration ETANOT</agent>
         </maintenanceEvent>
      </maintenanceHistory>
   </control>
   <cpfDescription>
      <identity>
         <entityType>corporateBody</entityType>
         <nameEntry localType="autorisée" scriptCode="Latn" xml:lang="fre">
            <part>Etude LIV</part>
         </nameEntry>
         <nameEntry>
            <part>75029</part>
         </nameEntry>
      </identity>
      <description>
         <existDates>
            <dateRange>
               <fromDate standardDate="1518-01-01">1518</fromDate>
            </dateRange>
         </existDates>
         <places>
            <place>
               <placeRole>Lieu de Paris</placeRole>
               <placeEntry localType="nomLieu">33, bd Malesherbes, 75008 PARIS</placeEntry>
            </place>
         </places>
         <functions>
            <function>
               <term vocabularySource="d3nyui3o8w--11y7jgy8q3wnt">notaire à paris</term>
               <dateRange>
                  <fromDate standardDate="1518-01-01">1518</fromDate>
                  <toDate/>
               </dateRange>
            </function>
         </functions>
         <biogHist>
            <p>Pour les XVIème et XVIIème siècles, cette étude comporte plusieurs fonds correspondant à des études situées rue de l'Arbre-Sec, rue Saint-Germain l'Auxerrois, au Cloître Sainte-Opportune et rue de la Verrerie.</p>
         </biogHist>
      </description>
      <relations>
         <cpfRelation xmlns:xlink="http://www.w3.org/1999/xlink"
                      cpfRelationType="associative"
                      xlink:href="FRAN_NP_010881"
                      xlink:type="simple">
            <relationEntry>Perier, René</relationEntry>
            <dateRange>
               <fromDate standardDate="1664-09-26">26 septembre 1664</fromDate>
               <toDate standardDate="1667-05-16">16 mai 1667</toDate>
            </dateRange>
         </cpfRelation>
         <cpfRelation xmlns:xlink="http://www.w3.org/1999/xlink"
                      cpfRelationType="associative"
                      xlink:href="FRAN_NP_010998"
                      xlink:type="simple">
            <relationEntry>Pourcel, Denis</relationEntry>
            <dateRange>
               <fromDate standardDate="1645-01-26">26 janvier 1645</fromDate>
               <toDate standardDate="1649-10-12">12 octobre 1649</toDate>
            </dateRange>
         </cpfRelation>
         <cpfRelation xmlns:xlink="http://www.w3.org/1999/xlink"
                      cpfRelationType="associative"
                      xlink:href="FRAN_NP_011283"
                      xlink:type="simple">
            <relationEntry>La motte, Etienne-Prosper de</relationEntry>
            <dateRange>
               <fromDate standardDate="1779-08-31">31 août 1779</fromDate>
               <toDate standardDate="1800-10-19">19 octobre 1800</toDate>
            </dateRange>
         </cpfRelation>
         <cpfRelation xmlns:xlink="http://www.w3.org/1999/xlink"
                      cpfRelationType="associative"
                      xlink:href="FRAN_NP_011502"
                      xlink:type="simple">
            <relationEntry>Legrand, Charles</relationEntry>
            <dateRange>
               <fromDate standardDate="1683-06-04">4 juin 1683</fromDate>
               <toDate standardDate="1696-05-08">8 mai 1696</toDate>
            </dateRange>
         </cpfRelation>
         <cpfRelation xmlns:xlink="http://www.w3.org/1999/xlink"
                      cpfRelationType="associative"
                      xlink:href="FRAN_NP_012112"
                      xlink:type="simple">
            <relationEntry>Franquelin, Claude II</relationEntry>
            <dateRange>
               <fromDate standardDate="1602-03-26">26 mars 1602</fromDate>
               <toDate standardDate="1607-11-24">24 novembre 1607</toDate>
            </dateRange>
         </cpfRelation>
         <cpfRelation xmlns:xlink="http://www.w3.org/1999/xlink"
                      cpfRelationType="associative"
                      xlink:href="FRAN_NP_012123"
                      xlink:type="simple">
            <relationEntry>Éclancher, Hervé</relationEntry>
            <dateRange>
               <fromDate standardDate="1981-11-18"> 18 novembre 1981</fromDate>
               <toDate standardDate="2010-07-08">8 juillet 2010</toDate>
            </dateRange>
         </cpfRelation>
         <cpfRelation xmlns:xlink="http://www.w3.org/1999/xlink"
                      cpfRelationType="associative"
                      xlink:href="FRAN_NP_012588"
                      xlink:type="simple">
            <relationEntry>Chapellier, Charles-Etienne</relationEntry>
            <dateRange>
               <fromDate standardDate="1800-10-19">19 octobre 1800</fromDate>
               <toDate standardDate="1829-11-10">10 novembre 1829</toDate>
            </dateRange>
         </cpfRelation>
         <cpfRelation xmlns:xlink="http://www.w3.org/1999/xlink"
                      cpfRelationType="associative"
                      xlink:href="FRAN_NP_012591"
                      xlink:type="simple">
            <relationEntry>Contesse, René II</relationEntry>
            <dateRange>
               <fromDate standardDate="1586-10-17">17 octobre 1586</fromDate>
               <toDate standardDate="1644-11-05">5 novembre 1644</toDate>
            </dateRange>
         </cpfRelation>
         <cpfRelation xmlns:xlink="http://www.w3.org/1999/xlink"
                      cpfRelationType="associative"
                      xlink:href="FRAN_NP_012593"
                      xlink:type="simple">
            <relationEntry>Couturier, Jean Jacques André</relationEntry>
            <dateRange>
               <fromDate standardDate="1943-11-03">3 novembre 1943</fromDate>
               <toDate standardDate="1981-03-23">23 mars 1981</toDate>
            </dateRange>
         </cpfRelation>
         <cpfRelation xmlns:xlink="http://www.w3.org/1999/xlink"
                      cpfRelationType="associative"
                      xlink:href="FRAN_NP_011130"
                      xlink:type="simple">
            <relationEntry>Meignen, Louis-Georges</relationEntry>
            <dateRange>
               <fromDate standardDate="1878-03-20">20 mars 1878</fromDate>
               <toDate standardDate="1904-05-04">4 mai 1904</toDate>
            </dateRange>
         </cpfRelation>
         <cpfRelation xmlns:xlink="http://www.w3.org/1999/xlink"
                      cpfRelationType="associative"
                      xlink:href="FRAN_NP_011054"
                      xlink:type="simple">
            <relationEntry>Maigret, Jérôme</relationEntry>
            <dateRange>
               <fromDate standardDate="1575-10-12">12 octobre 1575</fromDate>
               <toDate standardDate="1596-12-16">16 décembre 1596</toDate>
            </dateRange>
         </cpfRelation>
         <cpfRelation xmlns:xlink="http://www.w3.org/1999/xlink"
                      cpfRelationType="associative"
                      xlink:href="FRAN_NP_010380"
                      xlink:type="simple">
            <relationEntry>Vinatier, Maxime</relationEntry>
            <dateRange>
               <fromDate standardDate="1994-06-15">15 juin 1994</fromDate>
            </dateRange>
         </cpfRelation>
         <cpfRelation xmlns:xlink="http://www.w3.org/1999/xlink"
                      cpfRelationType="associative"
                      xlink:href="FRAN_NP_011887"
                      xlink:type="simple">
            <relationEntry>Gervais, Oudart-Artus II</relationEntry>
            <dateRange>
               <fromDate standardDate="1737-09-27">27 septembre 1737</fromDate>
               <toDate standardDate="1741-05-18">18 mai 1741</toDate>
            </dateRange>
         </cpfRelation>
         <cpfRelation xmlns:xlink="http://www.w3.org/1999/xlink"
                      cpfRelationType="associative"
                      xlink:href="FRAN_NP_011834"
                      xlink:type="simple">
            <relationEntry>Gallet, Eustache</relationEntry>
            <dateRange>
               <fromDate standardDate="1741-05-27">27 mai 1741</fromDate>
               <toDate standardDate="1746-03-13">13 mars 1746</toDate>
            </dateRange>
         </cpfRelation>
         <cpfRelation xmlns:xlink="http://www.w3.org/1999/xlink"
                      cpfRelationType="associative"
                      xlink:href="FRAN_NP_012800"
                      xlink:type="simple">
            <relationEntry>Baudry, Louis</relationEntry>
            <dateRange>
               <fromDate standardDate="1653-01-08">8 janvier 1653</fromDate>
               <toDate standardDate="1685-11-08">8 novembre 1685</toDate>
            </dateRange>
         </cpfRelation>
         <cpfRelation xmlns:xlink="http://www.w3.org/1999/xlink"
                      cpfRelationType="associative"
                      xlink:href="FRAN_NP_011752"
                      xlink:type="simple">
            <relationEntry>Haultdesens, Laurent I</relationEntry>
            <dateRange>
               <fromDate standardDate="1590-09-30">30 septembre 1590</fromDate>
               <toDate standardDate="1596-12-31">1596</toDate>
            </dateRange>
         </cpfRelation>
         <cpfRelation xmlns:xlink="http://www.w3.org/1999/xlink"
                      cpfRelationType="associative"
                      xlink:href="FRAN_NP_012087"
                      xlink:type="simple">
            <relationEntry>Fouillette, Henri-Laurent</relationEntry>
            <dateRange>
               <fromDate standardDate="1774-08-20">20 août 1774</fromDate>
               <toDate standardDate="1779-08-30">30 août 1779</toDate>
            </dateRange>
         </cpfRelation>
         <cpfRelation xmlns:xlink="http://www.w3.org/1999/xlink"
                      cpfRelationType="associative"
                      xlink:href="FRAN_NP_012940"
                      xlink:type="simple">
            <relationEntry>Boisselet, Philippe</relationEntry>
            <dateRange>
               <fromDate standardDate="1532-01-01">1532</fromDate>
               <toDate standardDate="1533-12-31">1533</toDate>
            </dateRange>
         </cpfRelation>
         <cpfRelation xmlns:xlink="http://www.w3.org/1999/xlink"
                      cpfRelationType="associative"
                      xlink:href="FRAN_NP_013175"
                      xlink:type="simple">
            <relationEntry>Contesse</relationEntry>
            <dateRange>
               <fromDate standardDate="1518-01-01">1er janvier 1518</fromDate>
               <toDate standardDate="1518-12-31">31 décembre 1518</toDate>
            </dateRange>
         </cpfRelation>
         <cpfRelation xmlns:xlink="http://www.w3.org/1999/xlink"
                      cpfRelationType="associative"
                      xlink:href="FRAN_NP_012918"
                      xlink:type="simple">
            <relationEntry>Blanche, François</relationEntry>
            <dateRange>
               <fromDate standardDate="1649-10-16">16 octobre 1649</fromDate>
               <toDate standardDate="1652-10-08">8 octobre 1652</toDate>
            </dateRange>
         </cpfRelation>
         <cpfRelation xmlns:xlink="http://www.w3.org/1999/xlink"
                      cpfRelationType="associative"
                      xlink:href="FRAN_NP_012097"
                      xlink:type="simple">
            <relationEntry>Fourcroy, Claude de</relationEntry>
            <dateRange>
               <fromDate standardDate="1547-01-01">1547</fromDate>
               <toDate standardDate="1560-12-31">1560</toDate>
            </dateRange>
         </cpfRelation>
         <cpfRelation xmlns:xlink="http://www.w3.org/1999/xlink"
                      cpfRelationType="associative"
                      xlink:href="FRAN_NP_011753"
                      xlink:type="simple">
            <relationEntry>Haultdesens, Laurent II</relationEntry>
            <dateRange>
               <fromDate standardDate="1596-11-14">14 novembre 1596</fromDate>
               <toDate standardDate="1632-10-17">17 octobre 1632</toDate>
            </dateRange>
         </cpfRelation>
         <cpfRelation xmlns:xlink="http://www.w3.org/1999/xlink"
                      cpfRelationType="associative"
                      xlink:href="FRAN_NP_013059"
                      xlink:type="simple">
            <relationEntry>Brisseau, René</relationEntry>
            <dateRange>
               <fromDate standardDate="1746-04-02">2 avril 1746</fromDate>
               <toDate standardDate="1774-08-17">17 août 1774</toDate>
            </dateRange>
         </cpfRelation>
         <cpfRelation xmlns:xlink="http://www.w3.org/1999/xlink"
                      cpfRelationType="associative"
                      xlink:href="FRAN_NP_012866"
                      xlink:type="simple">
            <relationEntry>Berger, Claude</relationEntry>
            <dateRange>
               <fromDate standardDate="1698-02-26">26 février 1698</fromDate>
               <toDate standardDate="1705-10-28">28 octobre 1705</toDate>
            </dateRange>
         </cpfRelation>
         <cpfRelation xmlns:xlink="http://www.w3.org/1999/xlink"
                      cpfRelationType="associative"
                      xlink:href="FRAN_NP_011886"
                      xlink:type="simple">
            <relationEntry>Gervais, Oudart-Artus I</relationEntry>
            <dateRange>
               <fromDate standardDate="1706-01-01">1er janvier 1706</fromDate>
               <toDate standardDate="1737-09-26">26 septembre 1737</toDate>
            </dateRange>
         </cpfRelation>
         <cpfRelation xmlns:xlink="http://www.w3.org/1999/xlink"
                      cpfRelationType="associative"
                      xlink:href="FRAN_NP_012799"
                      xlink:type="simple">
            <relationEntry>Baudry, Louis-Jacques</relationEntry>
            <dateRange>
               <fromDate standardDate="1685-11-10">10 novembre 1685</fromDate>
               <toDate standardDate="1695-02-01">1er février 1695</toDate>
            </dateRange>
         </cpfRelation>
         <cpfRelation xmlns:xlink="http://www.w3.org/1999/xlink"
                      cpfRelationType="associative"
                      xlink:href="FRAN_NP_011066"
                      xlink:type="simple">
            <relationEntry>Manchon, Gervais</relationEntry>
            <dateRange>
               <fromDate standardDate="1667-08-01">1er août 1667</fromDate>
               <toDate standardDate="1683-05-01">1er mai 1683</toDate>
            </dateRange>
         </cpfRelation>
         <cpfRelation xmlns:xlink="http://www.w3.org/1999/xlink"
                      cpfRelationType="associative"
                      xlink:href="FRAN_NP_011131"
                      xlink:type="simple">
            <relationEntry>Meignen, Marie-Isidore</relationEntry>
            <dateRange>
               <fromDate standardDate="1849-11-28">28 novembre 1849</fromDate>
               <toDate standardDate="1878-03-20">20 mars 1878</toDate>
            </dateRange>
         </cpfRelation>
         <cpfRelation xmlns:xlink="http://www.w3.org/1999/xlink"
                      cpfRelationType="associative"
                      xlink:href="FRAN_NP_012592"
                      xlink:type="simple">
            <relationEntry>Couturier, Henri</relationEntry>
            <dateRange>
               <fromDate standardDate="1904-05-04">4 mai 1904</fromDate>
               <toDate standardDate="1943-11-03">3 novembre 1943</toDate>
            </dateRange>
         </cpfRelation>
         <cpfRelation xmlns:xlink="http://www.w3.org/1999/xlink"
                      cpfRelationType="associative"
                      xlink:href="FRAN_NP_012590"
                      xlink:type="simple">
            <relationEntry>Contesse, René I</relationEntry>
            <dateRange>
               <fromDate standardDate="1543-04-14">14 avril 1543</fromDate>
               <toDate standardDate="1586-10-17">17 octobre 1586</toDate>
            </dateRange>
         </cpfRelation>
         <cpfRelation xmlns:xlink="http://www.w3.org/1999/xlink"
                      cpfRelationType="associative"
                      xlink:href="FRAN_NP_012589"
                      xlink:type="simple">
            <relationEntry>Chapellier, Marie-Louis</relationEntry>
            <dateRange>
               <fromDate standardDate="1829-11-10">10 novembre 1829</fromDate>
               <toDate standardDate="1849-11-28">28 novembre 1849</toDate>
            </dateRange>
         </cpfRelation>
         <cpfRelation xmlns:xlink="http://www.w3.org/1999/xlink"
                      cpfRelationType="associative"
                      xlink:href="FRAN_NP_010512"
                      xlink:type="simple">
            <relationEntry>Turmenyes, François de</relationEntry>
            <dateRange>
               <fromDate standardDate="1632-11-10">10 novembre 1632</fromDate>
               <toDate standardDate="1664-04-25">25 avril 1664</toDate>
            </dateRange>
         </cpfRelation>
         <cpfRelation xmlns:xlink="http://www.w3.org/1999/xlink"
                      cpfRelationType="associative"
                      xlink:href="FRAN_NP_012280"
                      xlink:type="simple">
            <relationEntry>Diot, François</relationEntry>
            <dateRange>
               <fromDate standardDate="1981-11-18">18 novembre 1981</fromDate>
               <toDate standardDate="1994-06-15">15 juin 1994</toDate>
            </dateRange>
         </cpfRelation>
         <cpfRelation xmlns:xlink="http://www.w3.org/1999/xlink"
                      cpfRelationType="associative"
                      xlink:href="FRAN_NP_012281"
                      xlink:type="simple">
            <relationEntry>Dunesmes, Jacques I</relationEntry>
            <dateRange>
               <fromDate standardDate="1562-02-13">13 février 1562</fromDate>
               <toDate standardDate="1590-10-12">12 octobre 1590</toDate>
            </dateRange>
         </cpfRelation>
         <cpfRelation xmlns:xlink="http://www.w3.org/1999/xlink"
                      cpfRelationType="associative"
                      xlink:href="FRAN_NP_012282"
                      xlink:type="simple">
            <relationEntry>Dunesmes, Jacques II</relationEntry>
            <dateRange>
               <fromDate standardDate="1590-10-14">14 octobre 1590</fromDate>
               <toDate standardDate="1603-12-31">1603</toDate>
            </dateRange>
         </cpfRelation>
         <cpfRelation xmlns:xlink="http://www.w3.org/1999/xlink"
                      cpfRelationType="associative"
                      xlink:href="FRAN_NP_012283"
                      xlink:type="simple">
            <relationEntry>Dunesmes, Etienne</relationEntry>
            <dateRange>
               <fromDate standardDate="1527-11-15">15 novembre 1527</fromDate>
               <toDate standardDate="1563-02-03">3 février 1563</toDate>
            </dateRange>
         </cpfRelation>
         <cpfRelation xmlns:xlink="http://www.w3.org/1999/xlink"
                      cpfRelationType="associative"
                      xlink:href="FRAN_NP_013468"
                      xlink:type="simple">
            <relationEntry>Masuelle-Fourquet, Jacques</relationEntry>
            <dateRange>
               <fromDate standardDate="2010-07-08">8 juillet 2010</fromDate>
            </dateRange>
         </cpfRelation>
         <cpfRelation xmlns:xlink="http://www.w3.org/1999/xlink"
                      cpfRelationType="associative"
                      xlink:href="FRAN_NP_013469"
                      xlink:type="simple">
            <relationEntry>Perrin, Carole</relationEntry>
            <dateRange>
               <fromDate standardDate="2010-07-08">8 juillet 2010</fromDate>
            </dateRange>
         </cpfRelation>
         <resourceRelation xmlns:xlink="http://www.w3.org/1999/xlink"
                           resourceRelationType="subjectOf"
                           xlink:href="FRAN_IR_042295"
                           xlink:type="simple">
            <relationEntry localType="archival">Minutes et répertoires du notaire Eustache GALLET, 27 mai 1741 - 13 mars 1746 (étude LIV)</relationEntry>
         </resourceRelation>
         <resourceRelation xmlns:xlink="http://www.w3.org/1999/xlink"
                           resourceRelationType="subjectOf"
                           xlink:href="FRAN_IR_042291"
                           xlink:type="simple">
            <relationEntry localType="archival">Minutes et répertoires du notaire Gervais MANCHON, 1er juin 1667 - 1er mai 1683 (étude LIV)</relationEntry>
         </resourceRelation>
         <resourceRelation xmlns:xlink="http://www.w3.org/1999/xlink"
                           resourceRelationType="subjectOf"
                           xlink:href="FRAN_IR_042294"
                           xlink:type="simple">
            <relationEntry localType="archival">Minutes et répertoires du notaire Oudart Artus II GERVAIS, 27 septembre 1737 - 18 mai 1741 (étude LIV)</relationEntry>
         </resourceRelation>
         <resourceRelation xmlns:xlink="http://www.w3.org/1999/xlink"
                           resourceRelationType="subjectOf"
                           xlink:href="FRAN_IR_042287"
                           xlink:type="simple">
            <relationEntry localType="archival">Minutes et répertoires du notaire Louis BAUDRY, 8 janvier 1653 - 7 novembre 1685 (étude LIV)</relationEntry>
         </resourceRelation>
         <resourceRelation xmlns:xlink="http://www.w3.org/1999/xlink"
                           resourceRelationType="subjectOf"
                           xlink:href="FRAN_IR_042297"
                           xlink:type="simple">
            <relationEntry localType="archival">Minutes et répertoires du notaire Henri Laurent FOUILLETTE, 20 août 1774 - 30 août 1779 (étude LIV)</relationEntry>
         </resourceRelation>
         <resourceRelation xmlns:xlink="http://www.w3.org/1999/xlink"
                           resourceRelationType="subjectOf"
                           xlink:href="FRAN_IR_042298"
                           xlink:type="simple">
            <relationEntry localType="archival">Minutes et répertoires du notaire Étienne Prosper de LA MOTTE, 31 août 1779 - 18 octobre 1800 (étude LIV)</relationEntry>
         </resourceRelation>
         <resourceRelation xmlns:xlink="http://www.w3.org/1999/xlink"
                           resourceRelationType="subjectOf"
                           xlink:href="FRAN_IR_042300"
                           xlink:type="simple">
            <relationEntry localType="archival">Minutes et répertoires du notaire Marie Louis CHAPELLIER, 10 novembre 1829 - 24 novembre 1849 (étude LIV)</relationEntry>
         </resourceRelation>
         <resourceRelation xmlns:xlink="http://www.w3.org/1999/xlink"
                           resourceRelationType="subjectOf"
                           xlink:href="FRAN_IR_042292"
                           xlink:type="simple">
            <relationEntry localType="archival">Minutes et répertoires du notaire Claude BERGER, 26 février 1698 - 9 novembre 1705 (étude LIV)</relationEntry>
         </resourceRelation>
         <resourceRelation xmlns:xlink="http://www.w3.org/1999/xlink"
                           resourceRelationType="creatorOf"
                           xlink:href="FRAN_IR_053768"
                           xlink:type="simple">
            <relationEntry localType="archival">«Mélanges» (dossiers de clients) de l’étude LIV. MC/ET/LIV/1165-MC/ET/LIV/1243 (1546-1870)</relationEntry>
         </resourceRelation>
         <resourceRelation xmlns:xlink="http://www.w3.org/1999/xlink"
                           resourceRelationType="creatorOf"
                           xlink:href="FRAN_IR_042299"
                           xlink:type="simple">
            <relationEntry localType="archival">Minutes et répertoires du notaire Charles Étienne CHAPELLIER, 19 octobre 1800 - 9 novembre 1829 (étude LIV)</relationEntry>
         </resourceRelation>
         <resourceRelation xmlns:xlink="http://www.w3.org/1999/xlink"
                           resourceRelationType="creatorOf"
                           xlink:href="FRAN_IR_042296"
                           xlink:type="simple">
            <relationEntry localType="archival">Minutes et répertoires du notaire René BRISSEAU, 2 avril 1746 - 17 août 1774 (étude LIV)</relationEntry>
         </resourceRelation>
         <resourceRelation xmlns:xlink="http://www.w3.org/1999/xlink"
                           resourceRelationType="creatorOf"
                           xlink:href="FRAN_IR_042275"
                           xlink:type="simple">
            <relationEntry localType="archival">Archives de l'étude LIV</relationEntry>
         </resourceRelation>
         <resourceRelation xmlns:xlink="http://www.w3.org/1999/xlink"
                           resourceRelationType="creatorOf"
                           xlink:href="FRAN_IR_042302"
                           xlink:type="simple">
            <relationEntry localType="archival">Minutes et répertoires du notaire Louis Georges MEIGNEN, 21 mars 1878 - 27 octobre 1900 (étude LIV)</relationEntry>
         </resourceRelation>
         <resourceRelation xmlns:xlink="http://www.w3.org/1999/xlink"
                           resourceRelationType="creatorOf"
                           xlink:href="FRAN_IR_042283"
                           xlink:type="simple">
            <relationEntry localType="archival">Minutes et répertoires du notaire René II CONTESSE, 17 octobre 1586 - 5 novembre 1644 (étude LIV)</relationEntry>
         </resourceRelation>
         <resourceRelation xmlns:xlink="http://www.w3.org/1999/xlink"
                           resourceRelationType="creatorOf"
                           xlink:href="FRAN_IR_042284"
                           xlink:type="simple">
            <relationEntry localType="archival">Minutes et répertoires du notaire Laurent II HAULTDESENS, 16 novembre 1596 - 30 octobre 1632 (étude LIV)</relationEntry>
         </resourceRelation>
         <resourceRelation xmlns:xlink="http://www.w3.org/1999/xlink"
                           resourceRelationType="creatorOf"
                           xlink:href="FRAN_IR_042278"
                           xlink:type="simple">
            <relationEntry localType="archival">Minutes et répertoires du notaire CONTESSE, 1518 - 1518 (étude LIV)</relationEntry>
         </resourceRelation>
         <resourceRelation xmlns:xlink="http://www.w3.org/1999/xlink"
                           resourceRelationType="creatorOf"
                           xlink:href="FRAN_IR_042276"
                           xlink:type="simple">
            <relationEntry localType="archival">Minutes et répertoires du notaire Philippe BOISSELET, 1524 - 2 juillet 1533 (étude LIV)</relationEntry>
         </resourceRelation>
         <resourceRelation xmlns:xlink="http://www.w3.org/1999/xlink"
                           resourceRelationType="creatorOf"
                           xlink:href="FRAN_IR_042277"
                           xlink:type="simple">
            <relationEntry localType="archival">Minutes et répertoires du notaire Étienne DUNESMES, 15 novembre 1527 - 3 février 1563 (étude LIV)</relationEntry>
         </resourceRelation>
         <resourceRelation xmlns:xlink="http://www.w3.org/1999/xlink"
                           resourceRelationType="creatorOf"
                           xlink:href="FRAN_IR_042280"
                           xlink:type="simple">
            <relationEntry localType="archival">Minutes et répertoires du notaire Jacques I DUNESMES, 13 février 1562 - 12 octobre 1590 (étude LIV)</relationEntry>
         </resourceRelation>
         <resourceRelation xmlns:xlink="http://www.w3.org/1999/xlink"
                           resourceRelationType="creatorOf"
                           xlink:href="FRAN_IR_042282"
                           xlink:type="simple">
            <relationEntry localType="archival">Minutes et répertoires du notaire Jacques II DUNESMES, 14 octobre 1590 - 1603 (étude LIV)</relationEntry>
         </resourceRelation>
         <resourceRelation xmlns:xlink="http://www.w3.org/1999/xlink"
                           resourceRelationType="creatorOf"
                           xlink:href="FRAN_IR_042279"
                           xlink:type="simple">
            <relationEntry localType="archival">Minutes et répertoires du notaire René I CONTESSE, 15 avril 1543 - septembre 1586 (étude LIV)</relationEntry>
         </resourceRelation>
         <resourceRelation xmlns:xlink="http://www.w3.org/1999/xlink"
                           resourceRelationType="creatorOf"
                           xlink:href="FRAN_IR_042286"
                           xlink:type="simple">
            <relationEntry localType="archival">Minutes et répertoires du notaire Denis POURCEL, 26 janvier 1645 - 12 octobre 1649 (étude LIV)</relationEntry>
         </resourceRelation>
         <resourceRelation xmlns:xlink="http://www.w3.org/1999/xlink"
                           resourceRelationType="creatorOf"
                           xlink:href="FRAN_IR_042288"
                           xlink:type="simple">
            <relationEntry localType="archival">Minutes et répertoires du notaire François BLANCHE, janvier 1650 - 8 octobre 1652 (étude LIV)</relationEntry>
         </resourceRelation>
         <resourceRelation xmlns:xlink="http://www.w3.org/1999/xlink"
                           resourceRelationType="creatorOf"
                           xlink:href="FRAN_IR_042281"
                           xlink:type="simple">
            <relationEntry localType="archival">Minutes et répertoires du notaire Jérôme MAIGRET, 10 octobre 1575 - 29 novembre 1596 (étude LIV)</relationEntry>
         </resourceRelation>
         <resourceRelation xmlns:xlink="http://www.w3.org/1999/xlink"
                           resourceRelationType="creatorOf"
                           xlink:href="FRAN_IR_052173"
                           xlink:type="simple">
            <relationEntry localType="archival">Images du répertoire du notaire Louis Baudry pour l'étude LIV</relationEntry>
         </resourceRelation>
         <resourceRelation xmlns:xlink="http://www.w3.org/1999/xlink"
                           resourceRelationType="creatorOf"
                           xlink:href="FRAN_IR_052171"
                           xlink:type="simple">
            <relationEntry localType="archival">Images du répertoire du notaire Louis Jacques Baudry pour l'étude LIV</relationEntry>
         </resourceRelation>
         <resourceRelation xmlns:xlink="http://www.w3.org/1999/xlink"
                           resourceRelationType="creatorOf"
                           xlink:href="FRAN_IR_052162"
                           xlink:type="simple">
            <relationEntry localType="archival">Images du répertoire du notaire François de Turmenyes pour l'étude LIV</relationEntry>
         </resourceRelation>
         <resourceRelation xmlns:xlink="http://www.w3.org/1999/xlink"
                           resourceRelationType="creatorOf"
                           xlink:href="FRAN_IR_054283"
                           xlink:type="simple">
            <relationEntry localType="archival">Images des répertoires du notaire Gervais Manchon pour l'étude LIV</relationEntry>
         </resourceRelation>
         <resourceRelation xmlns:xlink="http://www.w3.org/1999/xlink"
                           resourceRelationType="creatorOf"
                           xlink:href="FRAN_IR_052165"
                           xlink:type="simple">
            <relationEntry localType="archival">Images du répertoire du notaire Charles Legrand pour l'étude LIV</relationEntry>
         </resourceRelation>
         <resourceRelation xmlns:xlink="http://www.w3.org/1999/xlink"
                           resourceRelationType="creatorOf"
                           xlink:href="FRAN_IR_052174"
                           xlink:type="simple">
            <relationEntry localType="archival">Images du répertoire du notaire Claude Berger pour l'étude LIV</relationEntry>
         </resourceRelation>
         <resourceRelation xmlns:xlink="http://www.w3.org/1999/xlink"
                           resourceRelationType="creatorOf"
                           xlink:href="FRAN_IR_052167"
                           xlink:type="simple">
            <relationEntry localType="archival">Images des répertoires du notaire Oudart Artus I Gervais pour l'étude LIV</relationEntry>
         </resourceRelation>
         <resourceRelation xmlns:xlink="http://www.w3.org/1999/xlink"
                           resourceRelationType="creatorOf"
                           xlink:href="FRAN_IR_052168"
                           xlink:type="simple">
            <relationEntry localType="archival">Images du répertoire du notaire Oudart Artus II Gervais pour l'étude LIV</relationEntry>
         </resourceRelation>
         <resourceRelation xmlns:xlink="http://www.w3.org/1999/xlink"
                           resourceRelationType="creatorOf"
                           xlink:href="FRAN_IR_052166"
                           xlink:type="simple">
            <relationEntry localType="archival">Images du répertoire du notaire Eustache Gallet pour l'étude LIV</relationEntry>
         </resourceRelation>
         <resourceRelation xmlns:xlink="http://www.w3.org/1999/xlink"
                           resourceRelationType="creatorOf"
                           xlink:href="FRAN_IR_052175"
                           xlink:type="simple">
            <relationEntry localType="archival">Images des répertoires du notaire René Brisseau pour l'étude LIV</relationEntry>
         </resourceRelation>
         <resourceRelation xmlns:xlink="http://www.w3.org/1999/xlink"
                           resourceRelationType="creatorOf"
                           xlink:href="FRAN_IR_052169"
                           xlink:type="simple">
            <relationEntry localType="archival">Images du répertoire du notaire Henri Laurent Fouillette pour l'étude LIV</relationEntry>
         </resourceRelation>
         <resourceRelation xmlns:xlink="http://www.w3.org/1999/xlink"
                           resourceRelationType="creatorOf"
                           xlink:href="FRAN_IR_052164"
                           xlink:type="simple">
            <relationEntry localType="archival">Images des répertoires du notaire Étienne Prosper de La Motte pour l'étude LIV</relationEntry>
         </resourceRelation>
         <resourceRelation xmlns:xlink="http://www.w3.org/1999/xlink"
                           resourceRelationType="creatorOf"
                           xlink:href="FRAN_IR_055923"
                           xlink:type="simple">
            <relationEntry localType="archival">Images des répertoires du notaire Charles Étienne Chapellier pour l'étude LIV</relationEntry>
         </resourceRelation>
         <resourceRelation xmlns:xlink="http://www.w3.org/1999/xlink"
                           resourceRelationType="creatorOf"
                           xlink:href="FRAN_IR_052172"
                           xlink:type="simple">
            <relationEntry localType="archival">Images des répertoires du notaire Marie Louis Chapellier pour l'étude LIV</relationEntry>
         </resourceRelation>
         <resourceRelation xmlns:xlink="http://www.w3.org/1999/xlink"
                           resourceRelationType="creatorOf"
                           xlink:href="FRAN_IR_052163"
                           xlink:type="simple">
            <relationEntry localType="archival">Images des répertoires du notaire Marie Isidore Meignen pour l'étude LIV</relationEntry>
         </resourceRelation>
         <resourceRelation xmlns:xlink="http://www.w3.org/1999/xlink"
                           resourceRelationType="creatorOf"
                           xlink:href="FRAN_IR_055928"
                           xlink:type="simple">
            <relationEntry localType="archival">Images des répertoires du notaire Louis Georges Meignen pour l'étude LIV</relationEntry>
         </resourceRelation>
         <resourceRelation xmlns:xlink="http://www.w3.org/1999/xlink"
                           resourceRelationType="creatorOf"
                           xlink:href="FRAN_IR_042285"
                           xlink:type="simple">
            <relationEntry localType="archival">Minutes et répertoires du notaire François de TURMENYES, 10 novembre 1632 - 25 avril 1664 (étude LIV)</relationEntry>
         </resourceRelation>
         <resourceRelation xmlns:xlink="http://www.w3.org/1999/xlink"
                           resourceRelationType="creatorOf"
                           xlink:href="FRAN_IR_042293"
                           xlink:type="simple">
            <relationEntry localType="archival">Minutes et répertoires du notaire Oudart Artus I GERVAIS, 9 janvier 1706 - 26 septembre 1737 (étude LIV)</relationEntry>
         </resourceRelation>
         <resourceRelation xmlns:xlink="http://www.w3.org/1999/xlink"
                           resourceRelationType="creatorOf"
                           xlink:href="FRAN_IR_042301"
                           xlink:type="simple">
            <relationEntry localType="archival">Minutes et répertoires du notaire Marie Isidore MEIGNEN, 29 novembre 1849 - 19 mars 1878 (étude LIV)</relationEntry>
         </resourceRelation>
      </relations>
   </cpfDescription>
</eac-cpf>
