<eac-cpf xmlns="urn:isbn:1-931666-33-4"
         xmlns:xsi="http://www.w3.org/2001/XMLSchema-instance"
         xsi:schemaLocation="urn:isbn:1-931666-33-4 cpf.xsd">
   <control>
      <recordId>FRAN_NP_003944</recordId>
      <maintenanceStatus>revised</maintenanceStatus>
      <maintenanceAgency>
         <agencyName>Archives nationales de France</agencyName>
      </maintenanceAgency>
      <languageDeclaration>
         <language languageCode="fre">Français</language>
         <script scriptCode="Latn"/>
      </languageDeclaration>
      <conventionDeclaration>
         <citation>Notice établie conformément à la norme ICA-ISAAR (CPF) 2004, aux normes ISO 8601 pour le système de normalisation des dates utilisé, ainsi que AFNOR NF Z 44-061, juin 1986. Catalogage : forme et structure des vedettes noms de personne, des vedettes titres, des rubriques de classement et des titres forgés.</citation>
      </conventionDeclaration>
      <localControl localType="niveau_de_detail">
         <term>Moyenne</term>
      </localControl>
      <maintenanceHistory>
         <maintenanceEvent>
            <eventType>derived</eventType>
            <eventDateTime>2013-04-23</eventDateTime>
            <agentType>machine</agentType>
            <agent>Import_SIA</agent>
         </maintenanceEvent>
         <maintenanceEvent>
            <eventType>revised</eventType>
            <eventDateTime>2016-08-16</eventDateTime>
            <agentType>human</agentType>
            <agent>Marine ZELVERTE</agent>
         </maintenanceEvent>
         <maintenanceEvent>
            <eventType>revised</eventType>
            <eventDateTime>2016-08-24</eventDateTime>
            <agentType>human</agentType>
            <agent>Emmanuelle GIRY</agent>
         </maintenanceEvent>
         <maintenanceEvent>
            <eventType>updated</eventType>
            <eventDateTime>2017-03-17</eventDateTime>
            <agentType>human</agentType>
            <agent>Mission.referentiels MISSION.REFERENTIELS</agent>
            <eventDescription>F. Clavaud, 17 mars 2017 : ajouté lien d'identité, lien chronologique, fonction</eventDescription>
         </maintenanceEvent>
      </maintenanceHistory>
      <sources>
         <source>
            <sourceEntry>Bousquet (Pierre), Histoire de l'administration de l'enseignement en France (1789-1981), Institut français des sciences administratives, Paris Droz, 158 p. </sourceEntry>
         </source>
         <source>
            <sourceEntry>"Mutations de la science et des universités en France depuis 1945", Le Mouvement social, Paris, La Découverte, n°233, 2010/4, 224 p. </sourceEntry>
         </source>
         <source>
            <sourceEntry>Bottins administratifs</sourceEntry>
         </source>
         <source>
            <sourceEntry>Notice BnF n° FRBNF11864090</sourceEntry>
         </source>
      </sources>
   </control>
   <cpfDescription>
      <identity>
         <entityId>ISNI 0000 0001 0720 0935</entityId>
         <entityType>corporateBody</entityType>
         <nameEntry localType="autorisée" scriptCode="Latn" xml:lang="fre">
            <part>France. Ministère des Universités (1974-1981)</part>
         </nameEntry>
         <nameEntry>
            <part>Secrétariat d'État aux Universités</part>
            <useDates>
               <dateRange>
                  <fromDate standardDate="1974-06-08">8 juin 1974</fromDate>
                  <toDate standardDate="1978-01-10">10 janvier 1978</toDate>
               </dateRange>
            </useDates>
         </nameEntry>
      </identity>
      <description>
         <existDates>
            <dateRange>
               <fromDate standardDate="1974-06-08">8 juin 1974</fromDate>
               <toDate standardDate="1981-05-13">13 mai 1981</toDate>
            </dateRange>
         </existDates>
         <legalStatuses>
            <legalStatus>
               <term vocabularySource="d5bloo2gwk-sgl3fc00gzgl">ministère</term>
            </legalStatus>
         </legalStatuses>
         <functions>
            <function>
               <term vocabularySource="d5bhvihxhx--1dol4k5w0lb2i">enseignement supérieur</term>
            </function>
         </functions>
         <mandates>
            <mandate>
               <descriptiveNote>
                  <p>Décret n°74-594 du 20 juin 1974 fixant les attributions du secrétaire d’État aux Universités</p>
                  <p>Décret n°74-613 du 27 juin 1974 portant organisation de l’administration centrale du secrétariat d’État aux Universités</p>
                  <p>Décret du 5 avril 1978 portant nomination des membres du gouvernement</p>
                  <p>Décret n°78-995 du 4 octobre 1978 portant modification du décret n°74-613 du 27 juin 1974 portant organisation de l’administration centrale du secrétariat d’État aux Universités. </p>
               </descriptiveNote>
            </mandate>
         </mandates>
         <structureOrGenealogy>
            <p>Outre les organes directement rattachés au cabinet du secrétaire d'État puis du ministre des Universités et le secrétariat administratif du Conseil national de l'Enseignement supérieur et de la Recherche, l'administration centrale du ministère (située au 61-65 rue Dutot à Paris dans le 15e arrondissement) comprend les cinq composantes suivantes : </p>
            <p>- la délégation aux relations universitaires internationales</p>
            <p>- la mission de la recherche</p>
            <p>- la direction des affaires générales et financières</p>
            <p>- la direction de l'administration des personnels enseignants et techniques</p>
            <p>- le service des bibliothèques. </p>
         </structureOrGenealogy>
         <generalContext>
            <p>L'accession de Valéry Giscard d'Estaing et la création du premier gouvernement Jacques Chirac marque l'apparition d'un secrétariat d'État aux Universités : c'est alors Jean-Pierre Soisson qui est nommé secrétaire d'État aux Universités, fonction qu'il occupe du 8 juin 1974 au 12 janvier 1976. Alice Saunier-Seïté, alors recteur de l'académie de Reims, lui succède. Elle est nommée ministre des Universités par décret du 10 janvier 1978 portant nomination des membres du gouvernement. Elle occupe cette fonction jusqu'à la démission du gouvernement publié au journal officiel le 14 mai 1981 à la suite de l'élection présidentielle de François Mitterrand. </p>
            <p>L'action du secrétariat d'État puis du ministère reste très présente dans les mémoires des milieux de l'enseignement supérieur : la période de ce ministère a été marquée par plusieurs mouvements étudiants (agitation étudiante de 1976 sur la réforme des seconds cycles universitaires) et universitaires (grève des personnels enseignants sur l'organisation du recrutement et du travail des assistants, transfert du centre expérimental de Vincennes à Saint-Denis). L'action du ministère sera marquée par un travail sur la gestion administrative des personnels enseignants. </p>
         </generalContext>
         <biogHist>
            <p> Le secrétariat d'État aux Universités, puis ministère des Universités, est organisé à partir de 1974 à partir d'organismes relevant précédemment du ministère de l'Éducation nationale. Sa compétence s'étend sur les politiques d'enseignement supérieur et sur les questions de recherche uniquement lorsque celles-ci rejoignent les problématiques de l'enseignement supérieur. C'est ainsi la Délégation générale à la recherche scientifique et technique (DGRST), créée en 1958, rattachée au premier ministre de 1958 à 1969 puis de 1977 à 1981 et au ministère de l'Industrie de 1969 à 1977, qui est chargée de ces questions durant cette période. </p>
            <p>S'il est distinct du ministère de l'Éducation nationale, le ministère des Universités recourt à plusieurs de ses services, qualifiés de services communs aux deux ministères ; il s'agit de la direction des personnels administratifs, de la direction de l'administration générale et du service des études informatiques et statistiques du ministère de l'Éducation nationale. </p>
            <p>Parmi les organismes placés sous tutelle du ministère des Universités, on compte la Bibliothèque nationale de France, le Centre national de la Recherche scientifique, l'Institut national de physique nucléaire, l'Institut national d'astronomie et de géophysique, le Centre national des oeuvres universitaires et sociales, la Fondation santé des étudiants de France, l'Union nationale du sport scolaire, l'Office national des universités et écoles françaises et l'Organisation pour le tourisme universitaire. </p>
            <p>La nomination d'Alice Saunier-Seïté comme ministre des Universités et le passage du secrétariat d'État aux Universités au ministère des Universités ne change en profondeur ni l'organisation générale de la structure ni son champ de compétences. C'est le changement politique de 1981 qui marque la reconfiguration et la disparition de ce ministère. </p>
         </biogHist>
      </description>
      <relations>
         <cpfRelation xmlns:xlink="http://www.w3.org/1999/xlink"
                      cpfRelationType="hierarchical-child"
                      xlink:href="FRAN_NP_003322"
                      xlink:type="simple">
            <relationEntry>Bureau du cabinet (ministère des Universités)</relationEntry>
            <dateRange>
               <fromDate standardDate="1974-06-08">8 juin 1974</fromDate>
               <toDate standardDate="1981-05-13">13 mai 1981</toDate>
            </dateRange>
         </cpfRelation>
         <cpfRelation xmlns:xlink="http://www.w3.org/1999/xlink"
                      cpfRelationType="hierarchical-child"
                      xlink:href="FRAN_NP_002165"
                      xlink:type="simple">
            <relationEntry>Mission à l'informatique (ministère de l'Éducation nationale / secrétariat d'État aux Universités)</relationEntry>
            <dateRange>
               <fromDate standardDate="1974-07-05">5 juillet 1974</fromDate>
               <toDate standardDate="1975-12-31">1975</toDate>
            </dateRange>
         </cpfRelation>
         <cpfRelation xmlns:xlink="http://www.w3.org/1999/xlink"
                      cpfRelationType="hierarchical-child"
                      xlink:href="FRAN_NP_002170"
                      xlink:type="simple">
            <relationEntry>Comité de coordination de la recherche scientifique</relationEntry>
            <dateRange>
               <fromDate standardDate="1974-06-08">8 juin 1974</fromDate>
               <toDate standardDate="1981-05-13">13 mai 1981</toDate>
            </dateRange>
         </cpfRelation>
         <cpfRelation xmlns:xlink="http://www.w3.org/1999/xlink"
                      cpfRelationType="associative"
                      xlink:href="FRAN_NP_003786"
                      xlink:type="simple">
            <relationEntry>Office national des universités et écoles françaises</relationEntry>
            <dateRange>
               <fromDate standardDate="1974-06-08">8 juin 1974</fromDate>
               <toDate standardDate="1980-12-31">1980</toDate>
            </dateRange>
         </cpfRelation>
         <cpfRelation xmlns:xlink="http://www.w3.org/1999/xlink"
                      cpfRelationType="associative"
                      xlink:href="FRAN_NP_002531"
                      xlink:type="simple">
            <relationEntry>Direction de l'administration générale et des affaires sociales (ministère de l'Éducation nationale)</relationEntry>
            <dateRange>
               <fromDate standardDate="1974-06-08">8 juin 1974</fromDate>
               <toDate standardDate="1975-07-22">22 juillet 1975</toDate>
            </dateRange>
         </cpfRelation>
         <cpfRelation xmlns:xlink="http://www.w3.org/1999/xlink"
                      cpfRelationType="hierarchical-child"
                      xlink:href="FRAN_NP_005074"
                      xlink:type="simple">
            <relationEntry>Bibliothèque nationale (France)</relationEntry>
            <dateRange>
               <fromDate standardDate="1976-01-01">1976</fromDate>
               <toDate standardDate="1981-05-13">13 mai 1981</toDate>
            </dateRange>
            <descriptiveNote>
               <p>
     @isControlledBy@
    </p>
            </descriptiveNote>
         </cpfRelation>
         <cpfRelation xmlns:xlink="http://www.w3.org/1999/xlink"
                      cpfRelationType="associative"
                      xlink:href="FRAN_NP_051401"
                      xlink:type="simple">
            <relationEntry>Saunier-Seïté, Alice (1925-2003)</relationEntry>
            <dateRange>
               <fromDate standardDate="1976-01-12">12 janvier 1976</fromDate>
               <toDate standardDate="1981-05-13">13 mai 1981</toDate>
            </dateRange>
         </cpfRelation>
         <cpfRelation xmlns:xlink="http://www.w3.org/1999/xlink"
                      cpfRelationType="hierarchical-child"
                      xlink:href="FRAN_NP_009943"
                      xlink:type="simple">
            <relationEntry>France. Direction des bibliothèques et de la lecture publique (1945-1975)</relationEntry>
            <dateRange>
               <fromDate standardDate="1975-01-01">1975</fromDate>
               <toDate standardDate="1975-12-31">1975</toDate>
            </dateRange>
            <descriptiveNote>
               <p>
     @isPartOf@
    </p>
            </descriptiveNote>
         </cpfRelation>
         <cpfRelation xmlns:xlink="http://www.w3.org/1999/xlink"
                      cpfRelationType="hierarchical-child"
                      xlink:href="FRAN_NP_003324"
                      xlink:type="simple">
            <relationEntry>Cabinet et services rattachés au ministre (ministère des Universités)</relationEntry>
            <dateRange>
               <fromDate standardDate="1974-06-08">8 juin 1974</fromDate>
               <toDate standardDate="1981-05-13">13 mai 1981</toDate>
            </dateRange>
         </cpfRelation>
         <cpfRelation xmlns:xlink="http://www.w3.org/1999/xlink"
                      cpfRelationType="hierarchical-child"
                      xlink:href="FRAN_NP_003453"
                      xlink:type="simple">
            <relationEntry>Direction des enseignements supérieurs et de la recherche</relationEntry>
            <dateRange>
               <fromDate standardDate="1974-06-08">8 juin 1974</fromDate>
               <toDate standardDate="1976-12-31">1976</toDate>
            </dateRange>
         </cpfRelation>
         <cpfRelation xmlns:xlink="http://www.w3.org/1999/xlink"
                      cpfRelationType="temporal-later"
                      xlink:href="FRAN_NP_000016"
                      xlink:type="simple">
            <relationEntry>France. Ministère de l'Éducation nationale (1828-....)</relationEntry>
            <dateRange>
               <fromDate standardDate="1981-05-22">22 mai 1981</fromDate>
            </dateRange>
         </cpfRelation>
         <cpfRelation xmlns:xlink="http://www.w3.org/1999/xlink"
                      cpfRelationType="identity"
                      xlink:href="http://catalogue.bnf.fr/ark:/12148/cb11864090p"
                      xlink:type="simple">
            <relationEntry>France. Ministère des universités</relationEntry>
            <dateRange>
               <fromDate standardDate="1974-06-08">8 juin 1974</fromDate>
               <toDate standardDate="1981-05-13">13 mai 1981</toDate>
            </dateRange>
            <descriptiveNote>
               <p>Notice d'autorité BnF</p>
            </descriptiveNote>
         </cpfRelation>
         <resourceRelation xmlns:xlink="http://www.w3.org/1999/xlink"
                           resourceRelationType="creatorOf"
                           xlink:href="FRAN_IR_056322"
                           xlink:type="simple">
            <relationEntry localType="archival">Dossiers de Raymond-François Le Bris, directeur général des Enseignements
     supérieurs et de la Recherche (1972-1974), puis directeur de cabinet au secrétariat d'État aux
     Universités (1974-1976)</relationEntry>
         </resourceRelation>
         <resourceRelation xmlns:xlink="http://www.w3.org/1999/xlink"
                           resourceRelationType="creatorOf"
                           xlink:href="FRAN_IR_055742"
                           xlink:type="simple">
            <relationEntry localType="archival">Archives d'Alice Saunier-Seïté (1925-2003)</relationEntry>
         </resourceRelation>
      </relations>
   </cpfDescription>
</eac-cpf>
