<eac-cpf xmlns="urn:isbn:1-931666-33-4"
         xmlns:xsi="http://www.w3.org/2001/XMLSchema-instance"
         xsi:schemaLocation="urn:isbn:1-931666-33-4 cpf.xsd">
   <control>
      <recordId>FRAN_NP_004921</recordId>
      <otherRecordId localType="Ancien_identifiant">4380</otherRecordId>
      <maintenanceStatus>revised</maintenanceStatus>
      <maintenanceAgency>
         <agencyName>Archives nationales de France</agencyName>
      </maintenanceAgency>
      <languageDeclaration>
         <language languageCode="fre">Français</language>
         <script scriptCode="Latn"/>
      </languageDeclaration>
      <conventionDeclaration>
         <citation>Notice établie conformément à la norme ICA-ISAAR (CPF) 2004, aux normes ISO 8601 pour le système de normalisation des dates utilisé, ainsi que AFNOR NF Z 44-061, juin 1986. Catalogage : forme et structure des vedettes noms de personne, des vedettes titres, des rubriques de classement et des titres forgés.</citation>
      </conventionDeclaration>
      <localControl localType="niveau_de_detail">
         <term>Moyenne</term>
      </localControl>
      <maintenanceHistory>
         <maintenanceEvent>
            <eventType>derived</eventType>
            <eventDateTime>2013-04-23</eventDateTime>
            <agentType>machine</agentType>
            <agent>Import_SIA</agent>
         </maintenanceEvent>
         <maintenanceEvent>
            <eventType>revised</eventType>
            <eventDateTime>2015-04-27</eventDateTime>
            <agentType>human</agentType>
            <agent>Catherine MÉROT</agent>
            <eventDescription>F. Clavaud, 26 avril 2015 ; revu nom, revu à la marge la notice historique pour faire le partage avec notice OFII, ajouté indexation fonctions, revu liens IR</eventDescription>
         </maintenanceEvent>
      </maintenanceHistory>
      <sources>
         <source>
            <descriptiveNote>
               <p>introduction du répertoire numérique du versement 20100337.</p>
            </descriptiveNote>
         </source>
      </sources>
   </control>
   <cpfDescription>
      <identity>
         <entityType>corporateBody</entityType>
         <nameEntry localType="autorisée" scriptCode="Latn" xml:lang="fre">
            <part>Office des migrations internationales (France ; 1946-2005)</part>
         </nameEntry>
         <nameEntry>
            <part>OMI</part>
            <useDates>
               <dateRange>
                  <fromDate standardDate="1988-01-01">1988</fromDate>
                  <toDate standardDate="2005-12-31">2005</toDate>
               </dateRange>
            </useDates>
         </nameEntry>
         <nameEntry>
            <part>Office national d'immigration (France)</part>
            <useDates>
               <dateRange>
                  <fromDate standardDate="1946-01-01">1946</fromDate>
                  <toDate standardDate="1988-12-31">1988</toDate>
               </dateRange>
            </useDates>
         </nameEntry>
         <nameEntry>
            <part>ONI</part>
            <useDates>
               <dateRange>
                  <fromDate standardDate="1946-01-01">1946</fromDate>
                  <toDate standardDate="1988-12-31">1988</toDate>
               </dateRange>
            </useDates>
         </nameEntry>
      </identity>
      <description>
         <existDates>
            <dateRange>
               <fromDate standardDate="1946-01-01">1946</fromDate>
               <toDate standardDate="2005-12-31">2005</toDate>
            </dateRange>
         </existDates>
         <legalStatuses>
            <legalStatus>
               <term vocabularySource="d5blonb3ky--u69ytier8ih6">établissement public à caractère administratif</term>
            </legalStatus>
         </legalStatuses>
         <functions>
            <function>
               <term vocabularySource="d5bhvih1do--ryj2votztf8z">affaires sociales</term>
               <descriptiveNote>
                  <p>accompagnement des étrangers, regroupement familial</p>
               </descriptiveNote>
            </function>
            <function>
               <term vocabularySource="d3nyui4q6o-42t7jsnnca4h">organisation du travail</term>
               <descriptiveNote>
                  <p>travail des étrangers en France, Français à l'étranger</p>
               </descriptiveNote>
            </function>
         </functions>
         <mandates>
            <mandate>
               <descriptiveNote>
                  <p>art. 29 de l'ordonnance 45-2658 du 2 novembre 1945 créant l'ONI</p>
                  <p>loi du 18 janvier 2005 et décret n° 2005-381 du 20 avril) créant l'Agence nationale d'accueil des étrangers et des migrations (ANAEM), qui rassemble l'OMI et certaines missions d'utilité publique jusqu'alors dévolues au Service social d'aide aux émigrants (SSAE), association créée en 1926.</p>
               </descriptiveNote>
            </mandate>
         </mandates>
         <biogHist>
            <p>L'Office national de l'immigration (ONI) a été créé en 1945 (art. 29 de l'ordonnance 45-2658 du 2 novembre) auprès du ministère du Travail avec le monopole du recrutement et de l'introduction de main d'œuvre étrangère, notamment de saisonniers. Devenu l'Office des migrations internationales (OMI) le 7 janvier 1988, l'établissement a alors vu ses compétences étendues à l'emploi des Français à l'étranger. </p>
            <p>En 2005 (loi du 18 janvier et décret n° 2005-381 du 20 avril), l'Agence nationale d'accueil des étrangers et des migrations voit le jour (ANAEM), rassemblant l'OMI et certaines missions d'utilité publique jusqu'alors dévolues au Service social d'aide aux émigrants (SSAE), association créée en 1926. En 2009 l'ANAEM deviendra l'Office français d'immigration et d'intégration.</p>
            <p/>
            <p>L'Office a traditionnellement été chargé d'assurer l'immigration de travailleurs. Depuis 1986, il assure en outre le contrôle sanitaire de tous les étrangers devant séjourner plus de trois mois en France. Par ailleurs, il participe depuis 1977 aux actions d'aide au retour et à la réinsertion dans le pays d'origine, par le biais, notamment, d'accords bilatéraux.</p>
            <p>Pour favoriser l'insertion et l'intégration en France, l'Office assure, entre autres missions, l'accompagnement des immigrés (décret n° 75-1001 du 16 octobre 1975) et le regroupement familial (décret n° 76-383 du 29 avril 1976) et depuis 2005, le contrat d'accueil et d'intégration CAI, en particulier la gestion des formations civiques et linguistiques. C'est également cet établissement qui est chargé de percevoir la contribution spéciale due par les employeurs de main d'œuvre en situation irrégulière, créée en 1976 (loi n° 76-621 du 10 juillet 1976).</p>
            <p>De 1988 à 2005, l'Office est par ailleurs en charge des questions d'expatriation des Français, en lien avec l'ANPE depuis 1999 : information, recrutement et assistance, jeunes stagiaires professionnels. </p>
         </biogHist>
      </description>
      <relations>
         <cpfRelation xmlns:xlink="http://www.w3.org/1999/xlink"
                      cpfRelationType="temporal-later"
                      xlink:href="FRAN_NP_002098"
                      xlink:type="simple">
            <relationEntry>Office français de l'immigration et de l'intégration</relationEntry>
            <dateRange>
               <fromDate standardDate="2005-01-01">2005</fromDate>
            </dateRange>
         </cpfRelation>
         <cpfRelation xmlns:xlink="http://www.w3.org/1999/xlink"
                      cpfRelationType="hierarchical-parent"
                      xlink:href="FRAN_NP_000027"
                      xlink:type="simple">
            <relationEntry>Ministère du Travail (2002-2010)</relationEntry>
            <dateRange>
               <fromDate standardDate="2002-05-07">7 mai 2002</fromDate>
               <toDate standardDate="2005-12-31">2005</toDate>
            </dateRange>
         </cpfRelation>
         <resourceRelation xmlns:xlink="http://www.w3.org/1999/xlink"
                           resourceRelationType="creatorOf"
                           xlink:href="FRAN_IR_053873"
                           xlink:type="simple">
            <relationEntry localType="archival">Fonds de l'office français de l'immigration et de l'intégration (1945-2004)</relationEntry>
         </resourceRelation>
         <resourceRelation xmlns:xlink="http://www.w3.org/1999/xlink"
                           resourceRelationType="creatorOf"
                           xlink:href="FRAN_IR_020343"
                           xlink:type="simple">
            <relationEntry localType="archival">Travail ; Office national d'immigration (ONI) (1946-1971)</relationEntry>
         </resourceRelation>
         <resourceRelation xmlns:xlink="http://www.w3.org/1999/xlink"
                           resourceRelationType="creatorOf"
                           xlink:href="FRAN_IR_015347"
                           xlink:type="simple">
            <relationEntry localType="archival">Travail ; Office national d'immigration (ONI) (1976-1985)</relationEntry>
         </resourceRelation>
         <resourceRelation xmlns:xlink="http://www.w3.org/1999/xlink"
                           resourceRelationType="creatorOf"
                           xlink:href="FRAN_IR_008917"
                           xlink:type="simple">
            <relationEntry localType="archival">Travail ; Office national d'immigration (ONI) (1977-1984)</relationEntry>
         </resourceRelation>
         <resourceRelation xmlns:xlink="http://www.w3.org/1999/xlink"
                           resourceRelationType="creatorOf"
                           xlink:href="FRAN_IR_015507"
                           xlink:type="simple">
            <relationEntry localType="archival">Travail ; Office national d'immigration (ONI) (1989-1992)</relationEntry>
         </resourceRelation>
         <resourceRelation xmlns:xlink="http://www.w3.org/1999/xlink"
                           resourceRelationType="creatorOf"
                           xlink:href="FRAN_IR_015684"
                           xlink:type="simple">
            <relationEntry localType="archival">Travail ; Office national d'immigration (ONI) (1989-1992)</relationEntry>
         </resourceRelation>
         <resourceRelation xmlns:xlink="http://www.w3.org/1999/xlink"
                           resourceRelationType="creatorOf"
                           xlink:href="FRAN_IR_015685"
                           xlink:type="simple">
            <relationEntry localType="archival">Travail ; Office national d'immigration (ONI) (1992-1993)</relationEntry>
         </resourceRelation>
         <resourceRelation xmlns:xlink="http://www.w3.org/1999/xlink"
                           resourceRelationType="creatorOf"
                           xlink:href="FRAN_IR_013487"
                           xlink:type="simple">
            <relationEntry localType="archival">Travail ; Office national d'immigration (ONI) (1993-1998)</relationEntry>
         </resourceRelation>
      </relations>
   </cpfDescription>
</eac-cpf>
