<eac-cpf xmlns="urn:isbn:1-931666-33-4"
         xmlns:xsi="http://www.w3.org/2001/XMLSchema-instance"
         xsi:schemaLocation="urn:isbn:1-931666-33-4 cpf.xsd">
   <control>
      <recordId>FRAN_NP_004652</recordId>
      <otherRecordId localType="Ancien_identifiant">4285</otherRecordId>
      <maintenanceStatus>revised</maintenanceStatus>
      <maintenanceAgency>
         <agencyName>Archives nationales de France</agencyName>
      </maintenanceAgency>
      <languageDeclaration>
         <language languageCode="fre">Français</language>
         <script scriptCode="Latn"/>
      </languageDeclaration>
      <conventionDeclaration>
         <citation>Notice établie conformément à la norme ICA-ISAAR (CPF) 2004, aux normes ISO 8601 pour le système de normalisation des dates utilisé, ainsi que AFNOR NF Z 44-061, juin 1986. Catalogage : forme et structure des vedettes noms de personne, des vedettes titres, des rubriques de classement et des titres forgés.</citation>
      </conventionDeclaration>
      <localControl localType="niveau_de_detail">
         <term>Complète</term>
      </localControl>
      <maintenanceHistory>
         <maintenanceEvent>
            <eventType>derived</eventType>
            <eventDateTime>2013-04-23</eventDateTime>
            <agentType>machine</agentType>
            <agent>Import_SIA</agent>
         </maintenanceEvent>
         <maintenanceEvent>
            <eventType>revised</eventType>
            <eventDateTime>2014-12-02</eventDateTime>
            <agentType>human</agentType>
            <agent>Florence CLAVAUD</agent>
            <eventDescription>F. Clavaud, nov. 2014 :notice enrichie d'après la notice fournie par Fabien Zepparelli et Ghislaine Cassier (France, Caisse nationales des Allocations familiales, 75014 Paris). Ajouté n° ISNI, indexation fonction.</eventDescription>
         </maintenanceEvent>
      </maintenanceHistory>
      <sources>
         <source>
            <descriptiveNote>
               <p>1. Ouvrages imprimés.</p>
               <p>ANCELIN Jacqueline, « L’action sociale familiale des CAF : de la libre initiative aux missions de service public », 
      <span style="italic"> Recherches et prévisions</span>, n°68/69, 2002, p. 5-16. 
     </p>
               <p>ANCELIN Jacqueline, Association pour l’étude de l’histoire de la sécurité sociale, 
      <span style="italic">L'action sociale familiale et les caisses d'allocations familiales: un siècle d'histoire</span>, Paris, Association pour l’étude de l’histoire de la sécurité sociale, 1997, 758 p. 
     </p>
               <p>BÉTHOUART Bruno, STECK Philippe, Prestations familiales, une histoire française, 
      <span style="italic">Cahier d'histoire de la sécurité sociale</span>, n° 6, 2012, 427 p. 
     </p>
               <p>CAISSE NATIONALE DES ALLOCATIONS FAMILIALES, 
      <span style="italic">Les allocations familiales : portrait d’une institution</span>, Paris, Caisse nationale des allocations familiales, 1996, 107 p. 
     </p>
               <p>CECCALDI Dominique, 
      <span style="italic">Histoire des prestations familiales</span>, UNCAF, [1957], 166 p., rééd. Association pour l'étude de l'histoire de la sécurité sociale, 2005, 180 p. 
     </p>
               <p>MONTES Jean-François, « L'accueil du public dans les CAF: une mise en perspective historique (1946-1990) », 
      <span style="italic">Recherches et prévisions</span>, 2001, n° 63 p. 86-91. 
     </p>
               <p>TOUCAS-TRUYEN Patricia, 
      <span style="italic">Guide du chercheur en histoire de la protection sociale. Volume III, 1914-1945</span>, Paris, Association pour l’étude de l’histoire de la sécurité sociale, 2011, p. 35-38. 
     </p>
               <p/>
               <p>2. Sites internet.</p>
               <p>http://www.caf.fr/, site de la Caisse nationale des allocations familiales.</p>
               <p>CAISSE NATIONALE DES ALLOCATIONS FAMILIALES, Comprendre les allocations familiales, 2011, 21 p. [en ligne], disponible sur http://www.caf.fr/sites/default/files/cnaf/Documents/DCom/Quisommesns/Presentation/Enbref/comprendrelesaf.pdf, site de la Caisse nationale des allocations familiales.</p>
               <p/>
               <p>3. Fichiers d'autorité</p>
               <p>Notice d'autorité BnF n° FRBNF11862576</p>
            </descriptiveNote>
         </source>
      </sources>
   </control>
   <cpfDescription>
      <identity>
         <entityId>ISNI 0000 0001 2165 4618</entityId>
         <entityType>corporateBody</entityType>
         <nameEntry localType="autorisée" scriptCode="Latn" xml:lang="fre">
            <part>Caisse nationale des allocations familiales (France)</part>
         </nameEntry>
         <nameEntry>
            <part>CNAF</part>
         </nameEntry>
      </identity>
      <description>
         <existDates>
            <dateRange>
               <fromDate standardDate="1967-01-01">1967</fromDate>
            </dateRange>
         </existDates>
         <places>
            <place>
               <placeRole>Lieu de Paris</placeRole>
               <placeEntry localType="nomLieu">Siège social : 32 avenue de la Sibelle, 75014 Paris</placeEntry>
               <placeEntry localType="voie" vocabularySource="d3nzdbi1v2-t9dznrkwed78">Sibelle (avenue de la)</placeEntry>
               <placeEntry localType="arrondissement_actuel"
                           vocabularySource="d3nyv8kgpz-117o9k86ze75x">14e arrondissement</placeEntry>
               <dateRange>
                  <fromDate standardDate="2003-01-01">2003</fromDate>
               </dateRange>
            </place>
            <place>
               <placeRole>Lieu de Paris</placeRole>
               <placeEntry localType="nomLieu">Siège social : 23 rue Daviel, 75013 Paris</placeEntry>
               <placeEntry localType="voie" vocabularySource="d3nz9segzo--2eefn0o56dwo">Daviel (rue)</placeEntry>
               <placeEntry localType="arrondissement_actuel"
                           vocabularySource="d3nyv8k5ao--5b6yxr3q757d">13e arrondissement</placeEntry>
               <dateRange>
                  <fromDate standardDate="1978-10-01">octobre 1978</fromDate>
                  <toDate standardDate="2003-06-30">juin 2003</toDate>
               </dateRange>
            </place>
            <place>
               <placeRole>Lieu de Paris</placeRole>
               <placeEntry localType="nomLieu">Siège social : 66 boulevard Haussmann, 75008 Paris</placeEntry>
               <placeEntry localType="voie" vocabularySource="d3nzbcaoep-1sej1fb1gal6p">Haussmann (boulevard)</placeEntry>
               <placeEntry localType="arrondissement_actuel"
                           vocabularySource="d3nyv8i9m0-ys1mraoxv8ln">08e arrondissement</placeEntry>
               <dateRange>
                  <fromDate standardDate="1969-06-01">juin 1969</fromDate>
                  <toDate standardDate="1978-12-31">1978</toDate>
               </dateRange>
            </place>
            <place>
               <placeRole>Lieu de Paris</placeRole>
               <placeEntry localType="nomLieu">Siège social : 47 avenue de la Chaussée d’Antin, 75009 Paris</placeEntry>
               <placeEntry localType="voie" vocabularySource="d3nz9gplyk-uoujrmxtevjm">Chaussée-d'Antin (rue de la)</placeEntry>
               <placeEntry localType="arrondissement_actuel"
                           vocabularySource="d3nyv8il1a-d31b8dfjb0g5">09e arrondissement</placeEntry>
               <dateRange>
                  <fromDate standardDate="1967-01-01">1967</fromDate>
                  <toDate standardDate="1969-06-30">juin 1969</toDate>
               </dateRange>
            </place>
         </places>
         <legalStatuses>
            <legalStatus>
               <term vocabularySource="d5blonb3ky--u69ytier8ih6">établissement public à caractère administratif</term>
            </legalStatus>
         </legalStatuses>
         <functions>
            <function>
               <term vocabularySource="d3nyug3e0g-1xzlvri8dg416">action sociale</term>
            </function>
         </functions>
         <mandates>
            <mandate>
               <descriptiveNote>
                  <p>Code de la sécurité sociale</p>
               </descriptiveNote>
            </mandate>
         </mandates>
         <structureOrGenealogy>
            <p>La Cnaf est un établissement public national à caractère administratif. Elle jouit de la personnalité juridique et de l’autonomie financière. Elle est administrée par un conseil d’administration et dirigée par un directeur général.</p>
            <p>Elle est soumise au contrôle des autorités compétentes de l’Etat, lesquelles sont représentées par des commissaires du Gouvernement et par un contrôleur général économique et financier.</p>
            <p/>
            <p>La Cnaf a pour rôle :</p>
            <p>- d'assurer le financement de l'ensemble des régimes de prestations familiales ;</p>
            <p>- de gérer un fonds d'action sanitaire et sociale dans le cadre d'un programme fixé par arrêté ministériel après avis de son conseil d'administration ;</p>
            <p>- d'exercer un contrôle sur les opérations immobilières des caisses d'allocations familiales (Caf) et sur la gestion de leur patrimoine immobilier ;</p>
            <p>- de centraliser l'ensemble des opérations, y compris les opérations pour compte de tiers, des Caf et des unions et fédérations desdits organismes et d'en assurer soit le transfert vers les organismes du régime général, soit le règlement vers tous organismes désignés à cet effet ;</p>
            <p>- de verser au fonds de solidarité vieillesse un montant égal aux dépenses prises en charge par ce fonds au titre des majorations de pensions ;</p>
            <p>- d'assurer le remboursement des indemnités ou allocations versées dans les conditions fixées par la loi ainsi que des frais de gestion afférents au service de ces indemnités ou allocations ;</p>
            <p>- d'assurer le remboursement, dans la limite du plafond de la sécurité sociale, de la rémunération brute, déduction faite des indemnités, des avantages familiaux et des cotisations et contributions sociales salariales, servie pendant la durée du congé de paternité et d'accueil de l'enfant aux ouvriers sous statut de l'Etat, aux magistrats, aux militaires et aux fonctionnaires ;</p>
            <p>- d'assurer le remboursement, dans la limite du plafond de la sécurité sociale, de la rémunération soumise à cotisation au titre des allocations familiales, déduction faite des cotisations et contributions sociales salariales, versée aux agents bénéficiant des régimes spéciaux de la société nationale des chemins de fer français, de la régie autonome des transports parisiens, des industries électriques et gazières et de la Banque de France, pendant la durée du congé de paternité et d'accueil de l'enfant.</p>
            <p/>
            <p>En 1967, outre la Direction générale, la Cnaf est composée :</p>
            <p>- d'un secrétariat général (Sg) s’occupant du Conseil d’administration (CA) et de la Direction ;</p>
            <p>- d'une agence comptable (Ac) ;</p>
            <p>- d'une sous-direction d’études et prévisions (documentation ; statistiques ; études et programmation, recherche) ;</p>
            <p>- d'une sous-direction de gestion administrative ;</p>
            <p>- d'une inspection des caisses ;</p>
            <p>- d'une sous-direction de relations extérieures et services généraux.</p>
            <p/>
            <p>En 2014, outre la Direction générale, la Cnaf est composée : </p>
            <p>- d'un secrétariat général (Sg) ; </p>
            <p>- d'une agence comptable nationale (Acn), </p>
            <p>- d'une direction des politiques familiale et sociale (Dpfas) ; </p>
            <p>- d'une direction du réseau (Dr) ; </p>
            <p>- d'une direction des systèmes d’information (Dsi) ; </p>
            <p>- d'une direction des statistiques, des études et de la recherche (Dser) ; </p>
            <p>- d'une direction de l’évaluation et de la stratégie (Des). </p>
            <p>- d'une mission de la gestion des cadres dirigeants (Mgcd) ; </p>
            <p>- d'une mission des relations européennes, internationales et de la coopération (Mreic) ; </p>
            <p>- d'une mission de l’information et de la communication (Micom) ; </p>
            <p>- d'une mission de l’audit de la conformité informatique et libertés et de la sécurité du système d’information (Macssi). </p>
         </structureOrGenealogy>
         <biogHist>
            <p>La réforme de la Sécurité sociale (Ordonnance 67-706 du 21/08/1967) sépare financièrement les trois branches : santé, vieillesse, famille. Au plan institutionnel, création de trois caisses nationales : Caisse nationale d’assurance maladie des travailleurs salariés (Cnamts), Caisse nationale d’assurance vieillesse des travailleurs salariés (Cnavts), Caisse nationale des allocations familiales (Cnaf). La gestion de la trésorerie est confiée à l’Agence centrale des organismes de sécurité sociale (Acoss) et la gestion du personnel à l’Union des Caisses nationales de Sécurité sociale (Ucanss). </p>
            <p>De 1967 à 1969, la mise en place de la Cnaf entraîne la suppression de l’Union Nationale des Caisses d’Allocations Familiales (Uncaf). Roland Lebel, directeur de l’Uncaf depuis 1947, devient celui de la Cnaf (continuité institutionnelle), mettant fin à la cohabitation des deux organismes. Comme l’atteste le rapport d’activité 1969-1970, son activité démarre à cette période.</p>
            <p>Les ordonnances de 1996 modifient le fonctionnement institutionnel de la Sécurité sociale : les Caisses nationales signent avec l’Etat des conventions d’objectifs et de gestion (COG) prévoyant les orientations et programmant les moyens financiers.</p>
            <p/>
            <p>Liste des Directeurs :</p>
            <p>Roland Lebel (1967-1973)</p>
            <p>Robert Verger (1973-1979)</p>
            <p>Bertrand Fragonard (1980-1989)</p>
            <p>Christian Marie (1989-1993)</p>
            <p>Etienne Marie (1993-1999) </p>
            <p>Annick Morel (1999-2003) </p>
            <p>Philippe Georges (2003-2008)</p>
            <p>Hervé Drouet (2008-2013)</p>
            <p>Daniel Lenoir (4 septembre 2013).</p>
            <p/>
            <p>Liste des Présidents:</p>
            <p>René Mathevet (1967), ancien vice-président de l’Unaf (Cfdt). </p>
            <p>Roger Monnin (1967), désigné par décret du 6/11/1967 au titre de l’Unaf.</p>
            <p>Pierre Boisard, (1967-1992) (nommé au CA du 7/11/1967) (Cfdt).</p>
            <p>Jean-Paul Probst (1992-1999).</p>
            <p>Nicole Prud’Homme (1999-2006).</p>
            <p>Jean-Louis Deroussen (2006 à nos jours).</p>
         </biogHist>
      </description>
      <relations>
         <cpfRelation xmlns:xlink="http://www.w3.org/1999/xlink"
                      cpfRelationType="hierarchical-parent"
                      xlink:href="FRAN_NP_009838"
                      xlink:type="simple">
            <relationEntry>Ministère des Affaires sociales et de la Santé</relationEntry>
            <dateRange>
               <fromDate standardDate="2012-05-16">16 mai 2012</fromDate>
               <toDate/>
            </dateRange>
         </cpfRelation>
         <cpfRelation xmlns:xlink="http://www.w3.org/1999/xlink"
                      cpfRelationType="temporal-earlier"
                      xlink:href="FRAN_NP_050923"
                      xlink:type="simple">
            <relationEntry>Union nationale des caisses d'allocations familiales (France)</relationEntry>
            <dateRange>
               <fromDate standardDate="1967-01-01">1967</fromDate>
            </dateRange>
         </cpfRelation>
         <cpfRelation xmlns:xlink="http://www.w3.org/1999/xlink"
                      cpfRelationType="associative"
                      xlink:href="FRAN_NP_007079"
                      xlink:type="simple">
            <relationEntry>Ministère de l'Économie et des Finances</relationEntry>
            <dateRange>
               <fromDate standardDate="2012-05-16">16 mai 2012</fromDate>
               <toDate/>
            </dateRange>
         </cpfRelation>
         <resourceRelation xmlns:xlink="http://www.w3.org/1999/xlink"
                           resourceRelationType="subjectOf"
                           xlink:href="FRAN_IR_026699"
                           xlink:type="simple">
            <relationEntry localType="archival">Union nationale des caisses d'allocations familiales et Caisse nationale des allocations familiales (1947-1986)</relationEntry>
         </resourceRelation>
         <resourceRelation xmlns:xlink="http://www.w3.org/1999/xlink"
                           resourceRelationType="subjectOf"
                           xlink:href="FRAN_IR_052912"
                           xlink:type="simple">
            <relationEntry localType="archival">Caisse NATIONALE DES allocations familiales : agence comptable (1980-2008)</relationEntry>
         </resourceRelation>
         <resourceRelation xmlns:xlink="http://www.w3.org/1999/xlink"
                           resourceRelationType="creatorOf"
                           xlink:href="FRAN_IR_053881"
                           xlink:type="simple">
            <relationEntry localType="archival">Caisse nationale des allocations familiales : Dossiers d'instances délibératives et de gouvernance (conseils d'administration, informatisation, statistiques et recherches) (1970-2012)</relationEntry>
         </resourceRelation>
         <resourceRelation xmlns:xlink="http://www.w3.org/1999/xlink"
                           resourceRelationType="creatorOf"
                           xlink:href="FRAN_IR_054602"
                           xlink:type="simple">
            <relationEntry localType="archival">Caisse nationale des allocations familiales : livres brochés des Bulletins mensuels des caisses d'allocations familiales de l'année - en 1 ou 2 tomes - (1969-1983)</relationEntry>
         </resourceRelation>
         <resourceRelation xmlns:xlink="http://www.w3.org/1999/xlink"
                           resourceRelationType="creatorOf"
                           xlink:href="FRAN_IR_056623"
                           xlink:type="simple">
            <relationEntry localType="archival">Caisse nationale des allocations familiales : conseil d'administration et commissions (2013-2014)</relationEntry>
         </resourceRelation>
         <resourceRelation xmlns:xlink="http://www.w3.org/1999/xlink"
                           resourceRelationType="creatorOf"
                           xlink:href="FRAN_IR_056624"
                           xlink:type="simple">
            <relationEntry localType="archival">Caisse nationale des allocations familiales : comité d'entreprise (1969-2003)</relationEntry>
         </resourceRelation>
         <resourceRelation xmlns:xlink="http://www.w3.org/1999/xlink"
                           resourceRelationType="creatorOf"
                           xlink:href="FRAN_IR_056625"
                           xlink:type="simple">
            <relationEntry localType="archival">Caisse nationale des allocations familiales : Vademecaf, la formation du technicien-conseil (1992-2003)</relationEntry>
         </resourceRelation>
         <resourceRelation xmlns:xlink="http://www.w3.org/1999/xlink"
                           resourceRelationType="creatorOf"
                           xlink:href="FRAN_IR_056626"
                           xlink:type="simple">
            <relationEntry localType="archival">Caisse nationale des allocations familiales : statistiques, études et recherche (1972-2015)</relationEntry>
         </resourceRelation>
         <resourceRelation xmlns:xlink="http://www.w3.org/1999/xlink"
                           resourceRelationType="creatorOf"
                           xlink:href="FRAN_IR_056636"
                           xlink:type="simple">
            <relationEntry localType="archival">Union nationale des caisses d'allocations familiales et Union des caisses d'allocations familiales : instances (1922-1969)</relationEntry>
         </resourceRelation>
         <resourceRelation xmlns:xlink="http://www.w3.org/1999/xlink"
                           resourceRelationType="creatorOf"
                           xlink:href="FRAN_IR_056638"
                           xlink:type="simple">
            <relationEntry localType="archival">Caisse nationale des allocations familiales : instances (1969-2001)</relationEntry>
         </resourceRelation>
         <resourceRelation xmlns:xlink="http://www.w3.org/1999/xlink"
                           resourceRelationType="creatorOf"
                           xlink:href="FRAN_IR_056639"
                           xlink:type="simple">
            <relationEntry localType="archival">Caisse nationale des allocations familiales : instances (1967-1991)</relationEntry>
         </resourceRelation>
         <resourceRelation xmlns:xlink="http://www.w3.org/1999/xlink"
                           resourceRelationType="creatorOf"
                           xlink:href="FRAN_IR_056864"
                           xlink:type="simple">
            <relationEntry localType="archival">Caisse nationale des allocations familiales : action sociale (1969-2010)</relationEntry>
         </resourceRelation>
         <resourceRelation xmlns:xlink="http://www.w3.org/1999/xlink"
                           resourceRelationType="creatorOf"
                           xlink:href="FRAN_IR_056865"
                           xlink:type="simple">
            <relationEntry localType="archival">Caisse nationale des allocations familiales : prestations familiales (1971-2009)</relationEntry>
         </resourceRelation>
         <resourceRelation xmlns:xlink="http://www.w3.org/1999/xlink"
                           resourceRelationType="creatorOf"
                           xlink:href="FRAN_IR_050861"
                           xlink:type="simple">
            <relationEntry localType="archival">Archives de Robert Durand (1928- ...)</relationEntry>
         </resourceRelation>
      </relations>
   </cpfDescription>
</eac-cpf>
