<eac-cpf xmlns="urn:isbn:1-931666-33-4"
         xmlns:xsi="http://www.w3.org/2001/XMLSchema-instance"
         xsi:schemaLocation="urn:isbn:1-931666-33-4 cpf.xsd">
   <control>
      <recordId>FRAN_NP_005204</recordId>
      <otherRecordId localType="Ancien_identifiant">5108/CA</otherRecordId>
      <maintenanceStatus>revised</maintenanceStatus>
      <maintenanceAgency>
         <agencyName>Archives nationales de France</agencyName>
      </maintenanceAgency>
      <languageDeclaration>
         <language languageCode="fre">Français</language>
         <script scriptCode="Latn"/>
      </languageDeclaration>
      <conventionDeclaration>
         <citation>Notice établie conformément à la norme ICA-ISAAR (CPF) 2004, aux normes ISO 8601 pour le système de normalisation des dates utilisé, ainsi que AFNOR NF Z 44-061, juin 1986. Catalogage : forme et structure des vedettes noms de personne, des vedettes titres, des rubriques de classement et des titres forgés.</citation>
      </conventionDeclaration>
      <localControl localType="niveau_de_detail">
         <term>Moyenne</term>
      </localControl>
      <maintenanceHistory>
         <maintenanceEvent>
            <eventType>derived</eventType>
            <eventDateTime>2013-04-23</eventDateTime>
            <agentType>machine</agentType>
            <agent>Import_SIA</agent>
         </maintenanceEvent>
         <maintenanceEvent>
            <eventType>revised</eventType>
            <eventDateTime>2016-07-28</eventDateTime>
            <agentType>human</agentType>
            <agent>null MISSION.REFERENTIELS</agent>
            <eventDescription>F. Clavaud, 18 juillet 2016 : notice complétée avec des infos fournies par C. Roullier ; revu le nom, ajouté ISNI et n° notice BnF, ajouté liens, revu liens IR, ajouté indexation fonctions</eventDescription>
         </maintenanceEvent>
      </maintenanceHistory>
      <sources>
         <source>
            <descriptiveNote>
               <p>Notice BnF : http://catalogue.bnf.fr/ark:/12148/cb118761016</p>
            </descriptiveNote>
         </source>
      </sources>
   </control>
   <cpfDescription>
      <identity>
         <entityId>ISNI 0000 0001 2154 8399</entityId>
         <entityType>corporateBody</entityType>
         <nameEntry localType="autorisée" scriptCode="Latn" xml:lang="fre">
            <part>France. Service de la création artistique (1962-1987)</part>
         </nameEntry>
         <nameEntry>
            <part>Services de la Création artistique</part>
            <useDates>
               <dateRange>
                  <fromDate standardDate="1962-01-01">1962</fromDate>
                  <toDate standardDate="1963-12-31">1963</toDate>
               </dateRange>
            </useDates>
         </nameEntry>
         <nameEntry>
            <part>Département de la Création artistique</part>
            <useDates>
               <dateRange>
                  <fromDate standardDate="1979-01-01">1979</fromDate>
                  <toDate standardDate="1982-12-31">1982</toDate>
               </dateRange>
            </useDates>
         </nameEntry>
         <nameEntry>
            <part>Sous-direction de la Création artistique</part>
            <useDates>
               <dateRange>
                  <fromDate standardDate="1982-01-01">1982</fromDate>
                  <toDate standardDate="1985-12-31">1985</toDate>
               </dateRange>
            </useDates>
         </nameEntry>
      </identity>
      <description>
         <existDates>
            <dateRange>
               <fromDate standardDate="1962-01-01">1962</fromDate>
               <toDate standardDate="1987-12-31">1987</toDate>
            </dateRange>
         </existDates>
         <legalStatuses>
            <legalStatus>
               <term vocabularySource="d5blonaxbw--1mt8t42bokzts">service d'administration centrale</term>
            </legalStatus>
         </legalStatuses>
         <functions>
            <function>
               <term vocabularySource="d-5y3g3ef6o-1651r6rgctc85">arts</term>
            </function>
            <function>
               <term vocabularySource="d-5y9b5kp96-1c2t2ztcvdht9">création artistique</term>
            </function>
            <function>
               <term vocabularySource="d5bhviikk9--y6te63k761ib">culture</term>
            </function>
            <function>
               <term vocabularySource="d-5yjjacfan--1ko7qsf0eh9ji">statut de l'artiste</term>
            </function>
         </functions>
         <mandates>
            <mandate>
               <descriptiveNote>
                  <p>Arrêté du 23 octobre 1967 portant création du Centre national d'art contemporain.</p>
                  <p>Arrêté du 7 août 1980 modifiant l'arrêté du 23 octobre 1979 portant organisation de la délégation à la Création, aux Métiers artistiques et aux Manufactures.</p>
                  <p>Arrêté du 2 février 1981 relatif à l'organisation de la délégation à la Création artistique, aux Métiers artistiques et aux Manufactures.</p>
                  <p>Arrêté du 22 octobre 1986 relatif à l'organisation de la délégation aux Arts plastiques. </p>
               </descriptiveNote>
            </mandate>
         </mandates>
         <biogHist>
            <p>Le service de la Création artistique est créé en 1962. Il résulte d'un remaniement de l'organigramme de la direction générale des Arts et des Lettres, au ministère des Affaires culturelles. En 1962, les services dits de l'Enseignement et de la Production artistiques de la direction générale des Arts et des Lettres sont scindés en deux ensembles de services : les services de la Création artistique et ceux de l'Enseignement artistique. Les services de la Création artistique comprennent le bureau du Mobilier national et des Manufactures de l'État ; le bureau des Travaux d'art ; le bureau des Lettres (devenu en 1963 service des Lettres) ; le bureau du Droit d'auteur. À partir de 1963, les services de la Création artistique deviennent le service (au singulier) de la Création artistique. </p>
            <p>Le chef du service de la Création artistique a autorité sur le Centre national d'art contemporain créé en 1967 (arrêté du 23 octobre 1967) et sur les services extérieurs tels que le Mobilier national et les Manufactures. </p>
            <p>En 1969, la suppression de la direction générale des Arts et des Lettres entraîne l'autonomisation du service de la Création artistique, qui regroupe alors les bureaux suivants : CA 1 bureau des Affaires générales ; CA 2 bureau des Achats et Commandes d'Œuvres d'art ; CA 3 bureau des Travaux de décoration des édifices publics ; CA 4 bureau de l'Action sociale ; CA 5 bureau du Droit d'auteur ; services des Lettres. Le bureau du Droit d’auteur et le service des Lettres sont ensuite intégrés dans une nouvelle direction des Spectacles, de la Musique et des Lettres, avant de passer, en 1975, sous la responsabilité de la nouvelle direction du Livre. </p>
            <p>En 1979, le regroupement de l’ensemble des questions relatives aux arts plastiques se traduit par la création d’une délégation à la Création, aux Métiers artistiques et aux Manufactures. Au sein de cette délégation, le département de la Création artistique, qui « a pour mission de promouvoir la création contemporaine dans le domaine des arts plastiques, de favoriser sa diffusion et d’assurer son développement par une politique d’achats et de commandes », et qui est « chargé des questions relatives à la situation matérielle, juridique et sociale des artistes » (arrêté du 2 février 1981), comprend : le bureau des achats et commandes de l'État ; le bureau des travaux de Décoration des édifices publics ; le bureau de la Condition de l’artiste ; la section de la Photographie (créée par un arrêté du 7 août 1980). L’inspection générale de la Création artistique est directement rattachée au délégué, de même que la Manufacture nationale de Sèvres, ainsi que les Manufactures nationales des Gobelins, de Beauvais et de la Savonnerie. </p>
            <p>La délégation à la Création, aux Métiers artistiques et aux Manufactures devient délégation aux Arts plastiques, créée par le décret n° 82-394 du 10 mai 1982 portant organisation du ministère de la Culture. Le département de la Création artistique devient alors sous-direction de la Création artistique. Trois bureaux s’y répartissent les questions relatives aux achats et commandes de l'État, la gestion du Fonds national d’art contemporain (FNAC), le 1 % artistique et la commande publique, ainsi que la condition de l’artiste. C’est également à ce moment qu’est créé le Centre national des arts plastiques (CNAP). En 1986, la délégation aux Arts plastiques est remodelée (arrêté du 22 octobre 1986), et le service de la Création artistique (qui avait repris cette dénomination en 1985) voit ses attributions limitées aux achats et commandes de l'État, au 1 % artistique et à la commande publique, tandis qu’une sous-direction des Métiers d’art et des Professions artistiques a en charge l’aide à la diffusion en faveur des métiers d’art, les interventions individuelles, ainsi que le suivi des questions relatives aux professions artistiques et aux ateliers. En 1987, l’expression de « création artistique » disparaît, et l’on voit apparaître une sous-direction de la Formation, des Productions artistiques et des Achats. </p>
         </biogHist>
      </description>
      <relations>
         <cpfRelation xmlns:xlink="http://www.w3.org/1999/xlink"
                      cpfRelationType="hierarchical-child"
                      xlink:href="FRAN_NP_005679"
                      xlink:type="simple">
            <relationEntry>Bureau des achats et commandes de l'État (délégation aux arts plastiques)</relationEntry>
            <dateRange>
               <fromDate standardDate="1979-01-01">1979</fromDate>
               <toDate standardDate="1982-12-31">1982</toDate>
            </dateRange>
         </cpfRelation>
         <cpfRelation xmlns:xlink="http://www.w3.org/1999/xlink"
                      cpfRelationType="hierarchical-child"
                      xlink:href="FRAN_NP_005681"
                      xlink:type="simple">
            <relationEntry>Bureau de la condition de l'artiste (délégation aux arts plastiques)</relationEntry>
            <dateRange>
               <fromDate standardDate="1979-01-01">1979</fromDate>
               <toDate standardDate="1982-12-31">1982</toDate>
            </dateRange>
         </cpfRelation>
         <cpfRelation xmlns:xlink="http://www.w3.org/1999/xlink"
                      cpfRelationType="hierarchical-child"
                      xlink:href="FRAN_NP_005682"
                      xlink:type="simple">
            <relationEntry>Section de la photographie (délégation aux arts plastiques)</relationEntry>
            <dateRange>
               <fromDate standardDate="1981-01-01">1981</fromDate>
               <toDate standardDate="1982-12-31">1982</toDate>
            </dateRange>
         </cpfRelation>
         <cpfRelation xmlns:xlink="http://www.w3.org/1999/xlink"
                      cpfRelationType="associative"
                      xlink:href="FRAN_NP_051334"
                      xlink:type="simple">
            <relationEntry>Anthonioz, Bernard (1921-1994)</relationEntry>
            <dateRange>
               <fromDate standardDate="1962-01-01">1962</fromDate>
               <toDate standardDate="1986-12-31">1986</toDate>
            </dateRange>
         </cpfRelation>
         <cpfRelation xmlns:xlink="http://www.w3.org/1999/xlink"
                      cpfRelationType="temporal-earlier"
                      xlink:href="FRAN_NP_051804"
                      xlink:type="simple">
            <relationEntry>France. Bureau des Travaux d'art (1882-1965)</relationEntry>
            <dateRange>
               <fromDate standardDate="1962-01-01">1962</fromDate>
            </dateRange>
         </cpfRelation>
         <cpfRelation xmlns:xlink="http://www.w3.org/1999/xlink"
                      cpfRelationType="temporal-later"
                      xlink:href="FRAN_NP_005122"
                      xlink:type="simple">
            <relationEntry>Sous-direction de la formation, des productions artistiques et des achats (délégation aux arts plastiques)</relationEntry>
            <dateRange>
               <fromDate standardDate="1987-01-01">1987</fromDate>
            </dateRange>
         </cpfRelation>
         <cpfRelation xmlns:xlink="http://www.w3.org/1999/xlink"
                      cpfRelationType="hierarchical-parent"
                      xlink:href="FRAN_NP_005154"
                      xlink:type="simple">
            <relationEntry>Délégation aux arts plastiques</relationEntry>
            <dateRange>
               <fromDate standardDate="1980-01-01">1980</fromDate>
               <toDate standardDate="1987-12-31">1987</toDate>
            </dateRange>
         </cpfRelation>
         <cpfRelation xmlns:xlink="http://www.w3.org/1999/xlink"
                      cpfRelationType="hierarchical-parent"
                      xlink:href="FRAN_NP_000005"
                      xlink:type="simple">
            <relationEntry>Ministère de la Culture et de la Communication</relationEntry>
            <dateRange>
               <fromDate standardDate="1969-01-01">1969</fromDate>
               <toDate standardDate="1979-12-31">1979</toDate>
            </dateRange>
         </cpfRelation>
         <cpfRelation xmlns:xlink="http://www.w3.org/1999/xlink"
                      cpfRelationType="hierarchical-parent"
                      xlink:href="FRAN_NP_005205"
                      xlink:type="simple">
            <relationEntry>France. Direction générale des arts et des lettres (1944-1969)</relationEntry>
            <dateRange>
               <fromDate standardDate="1962-01-01">1962</fromDate>
               <toDate standardDate="1968-12-31">1968</toDate>
            </dateRange>
         </cpfRelation>
         <resourceRelation xmlns:xlink="http://www.w3.org/1999/xlink"
                           resourceRelationType="creatorOf"
                           xlink:href="FRAN_IR_022873"
                           xlink:type="simple">
            <relationEntry localType="archival">Archives du bureau des Travaux d'art, du service de la Création artistique et du bureau des Achats et Commandes de l'Etat (1877-1990)</relationEntry>
         </resourceRelation>
         <resourceRelation xmlns:xlink="http://www.w3.org/1999/xlink"
                           resourceRelationType="creatorOf"
                           xlink:href="FRAN_IR_018751"
                           xlink:type="simple">
            <relationEntry localType="archival">Culture ; Direction générale des Arts et Lettres ; Service de la création artistique (1924-1972)</relationEntry>
         </resourceRelation>
         <resourceRelation xmlns:xlink="http://www.w3.org/1999/xlink"
                           resourceRelationType="creatorOf"
                           xlink:href="FRAN_IR_016182"
                           xlink:type="simple">
            <relationEntry localType="archival">Culture ; Direction générale des arts et lettres ; Service de la création artistique (1951-1965)</relationEntry>
         </resourceRelation>
         <resourceRelation xmlns:xlink="http://www.w3.org/1999/xlink"
                           resourceRelationType="creatorOf"
                           xlink:href="FRAN_IR_016185"
                           xlink:type="simple">
            <relationEntry localType="archival">Culture ; Direction générale des arts et lettres ; Service de la création artistique (1959-1967)</relationEntry>
         </resourceRelation>
         <resourceRelation xmlns:xlink="http://www.w3.org/1999/xlink"
                           resourceRelationType="creatorOf"
                           xlink:href="FRAN_IR_016184"
                           xlink:type="simple">
            <relationEntry localType="archival">Culture ; Direction générale des arts et lettres ; Service de la création artistique (1959-1968)</relationEntry>
         </resourceRelation>
         <resourceRelation xmlns:xlink="http://www.w3.org/1999/xlink"
                           resourceRelationType="creatorOf"
                           xlink:href="FRAN_IR_055116"
                           xlink:type="simple">
            <relationEntry localType="archival">Dossiers de Bernard Anthonioz, chargé de mission au cabinet d'André Malraux (1958-1962), chef du service de la Création artistique (1962-1982) et inspecteur général de la Création artistique (1966-1985) au ministère de la Culture</relationEntry>
         </resourceRelation>
         <resourceRelation xmlns:xlink="http://www.w3.org/1999/xlink"
                           resourceRelationType="creatorOf"
                           xlink:href="FRAN_IR_056917"
                           xlink:type="simple">
            <relationEntry localType="archival">Archives du bureau des Travaux d'art de l'administration des Beaux-Arts et des services associés.</relationEntry>
         </resourceRelation>
         <resourceRelation xmlns:xlink="http://www.w3.org/1999/xlink"
                           resourceRelationType="creatorOf"
                           xlink:href="FRAN_IR_007712"
                           xlink:type="simple">
            <relationEntry localType="archival">Culture ; Délégation aux arts plastiques ; Sous-direction de la formation, des productions artistiques et des achats ; Bureau des achats (1924-1973)</relationEntry>
         </resourceRelation>
      </relations>
   </cpfDescription>
</eac-cpf>
