<eac-cpf xmlns="urn:isbn:1-931666-33-4"
         xmlns:xsi="http://www.w3.org/2001/XMLSchema-instance"
         xsi:schemaLocation="urn:isbn:1-931666-33-4 cpf.xsd">
   <control>
      <recordId>FRAN_NP_010309</recordId>
      <otherRecordId localType="Ancien_identifiant">FRDAFANCH00MC_NANOTAIRE00005</otherRecordId>
      <maintenanceStatus>derived</maintenanceStatus>
      <maintenanceAgency>
         <agencyName>Archives nationales de France</agencyName>
      </maintenanceAgency>
      <languageDeclaration>
         <language languageCode="fre">Français</language>
         <script scriptCode="Latn"/>
      </languageDeclaration>
      <conventionDeclaration>
         <citation>Notice établie conformément à la norme ICA-ISAAR (CPF) 2004, aux normes ISO 8601 pour le système de normalisation des dates utilisé, ainsi que AFNOR NF Z 44-061, juin 1986. Catalogage : forme et structure des vedettes noms de personne, des vedettes titres, des rubriques de classement et des titres forgés.</citation>
      </conventionDeclaration>
      <localControl localType="niveau_de_detail">
         <term>Moyenne</term>
      </localControl>
      <maintenanceHistory>
         <maintenanceEvent>
            <eventType>derived</eventType>
            <eventDateTime>2013-04-23</eventDateTime>
            <agentType>machine</agentType>
            <agent>Migration ETANOT</agent>
         </maintenanceEvent>
      </maintenanceHistory>
   </control>
   <cpfDescription>
      <identity>
         <entityType>person</entityType>
         <nameEntry localType="autorisée" scriptCode="Latn" xml:lang="fre">
            <part>Yver, Albert Henri</part>
         </nameEntry>
      </identity>
      <description>
         <existDates>
            <dateRange>
               <fromDate standardDate="1868-08-14">14 août 1868</fromDate>
               <toDate standardDate="1904-05-04">4 mai 1904</toDate>
            </dateRange>
            <descriptiveNote>
               <p>Les dates d'existence de la personne ne sont pas connues et sont évaluées d'après les dates d'exercice en tant que notaire</p>
            </descriptiveNote>
         </existDates>
         <places>
            <place>
               <placeRole>Lieu de Paris</placeRole>
               <placeEntry localType="arrondissement_actuel"
                           vocabularySource="d3nyv5k4th--1kog8v18wrm89">02e arrondissement</placeEntry>
               <placeEntry localType="arrondissement_actuel"
                           vocabularySource="d3nyv5mvjm--gvfz3ej8yx8n">09e arrondissement</placeEntry>
               <placeEntry localType="voie" vocabularySource="d3nzc8dhuz-1spkuhtb16ps6">neuve-saint-augustin (rue)</placeEntry>
               <placeEntry localType="voie" vocabularySource="d3nz9gbr5l--qrbpk3tntgij">châteaudun (rue de)</placeEntry>
               <placeEntry localType="nomLieu">6 rue Neuve-Saint-Augustin (de 1868 à 1869), 10 rue Cardinal-Fesch (de 1869 à 1870), 10 rue de Châteaudun (de 1871 à 1904)</placeEntry>
            </place>
         </places>
         <functions>
            <function>
               <term vocabularySource="d3nyui3o8w--11y7jgy8q3wnt">notaire à paris</term>
               <dateRange>
                  <fromDate standardDate="1868-08-14">14 août 1868</fromDate>
                  <toDate standardDate="1904-05-04">4 mai 1904</toDate>
               </dateRange>
            </function>
         </functions>
         <biogHist>
            <p>Né le 29 juin 1839 à Paris, fils d'Henri Yver, auquel il succède</p>
            <p>Nommé notaire par décret du 10 août 1868</p>
         </biogHist>
      </description>
      <relations>
         <cpfRelation xmlns:xlink="http://www.w3.org/1999/xlink"
                      cpfRelationType="associative"
                      xlink:href="FRAN_NP_010144"
                      xlink:type="simple">
            <relationEntry>Etude notariale XVII</relationEntry>
            <dateRange>
               <fromDate standardDate="1868-08-14">14 août 1868</fromDate>
               <toDate standardDate="1904-05-04">4 mai 1904</toDate>
            </dateRange>
         </cpfRelation>
         <resourceRelation resourceRelationType="other">
            <relationEntry localType="archival">BB/10/1654, 3 août 1868, dossier de nomination</relationEntry>
         </resourceRelation>
         <resourceRelation resourceRelationType="creatorOf">
            <relationEntry localType="archival">minutes</relationEntry>
            <descriptiveNote>
               <p>les minutes de ce notaire sont conservées à l'étude</p>
            </descriptiveNote>
         </resourceRelation>
         <resourceRelation xmlns:xlink="http://www.w3.org/1999/xlink"
                           resourceRelationType="creatorOf"
                           xlink:href="FRAN_IR_041499"
                           xlink:type="simple">
            <relationEntry localType="archival">Minutes et répertoires du notaire Albert Henri YVER, 14 août 1868 - 19 novembre 1902 (étude XVII)</relationEntry>
         </resourceRelation>
         <resourceRelation xmlns:xlink="http://www.w3.org/1999/xlink"
                           resourceRelationType="creatorOf"
                           xlink:href="FRAN_IR_051830"
                           xlink:type="simple">
            <relationEntry localType="archival">Images des répertoires du notaire Albert Henri Yver pour l'étude XVII</relationEntry>
         </resourceRelation>
      </relations>
   </cpfDescription>
</eac-cpf>
