<eac-cpf xmlns="urn:isbn:1-931666-33-4"
         xmlns:xsi="http://www.w3.org/2001/XMLSchema-instance"
         xsi:schemaLocation="urn:isbn:1-931666-33-4 cpf.xsd">
   <control>
      <recordId>FRAN_NP_005630</recordId>
      <maintenanceStatus>revised</maintenanceStatus>
      <maintenanceAgency>
         <agencyName>Archives nationales de France</agencyName>
      </maintenanceAgency>
      <languageDeclaration>
         <language languageCode="fre">Français</language>
         <script scriptCode="Latn"/>
      </languageDeclaration>
      <conventionDeclaration>
         <citation>Notice établie conformément à la norme ICA-ISAAR (CPF) 2004, aux normes ISO 8601 pour le système de normalisation des dates utilisé, ainsi que AFNOR NF Z 44-061, juin 1986. Catalogage : forme et structure des vedettes noms de personne, des vedettes titres, des rubriques de classement et des titres forgés.</citation>
      </conventionDeclaration>
      <localControl localType="niveau_de_detail">
         <term>Complète</term>
      </localControl>
      <maintenanceHistory>
         <maintenanceEvent>
            <eventType>derived</eventType>
            <eventDateTime>2013-04-23</eventDateTime>
            <agentType>machine</agentType>
            <agent>Import_SIA</agent>
         </maintenanceEvent>
         <maintenanceEvent>
            <eventType>revised</eventType>
            <eventDateTime>2016-03-07</eventDateTime>
            <agentType>human</agentType>
            <agent>Marine ZELVERTE</agent>
            <eventDescription/>
         </maintenanceEvent>
         <maintenanceEvent>
            <eventType>updated</eventType>
            <eventDateTime>2017-03-22</eventDateTime>
            <agentType>human</agentType>
            <agent>Marine ZELVERTE</agent>
         </maintenanceEvent>
         <maintenanceEvent>
            <eventType>revised</eventType>
            <eventDateTime>2017-04-19</eventDateTime>
            <agentType>human</agentType>
            <agent>Mission.referentiels MISSION.REFERENTIELS</agent>
         </maintenanceEvent>
         <maintenanceEvent>
            <eventType>updated</eventType>
            <eventDateTime>2017-04-19</eventDateTime>
            <agentType>human</agentType>
            <agent>Mission.referentiels MISSION.REFERENTIELS</agent>
            <eventDescription>F. Clavaud, 19 avril 2017 : revu liens chronologiques</eventDescription>
         </maintenanceEvent>
      </maintenanceHistory>
      <sources>
         <source>
            <descriptiveNote>
               <p>Journal Officiel de la République française</p>
            </descriptiveNote>
         </source>
      </sources>
   </control>
   <cpfDescription>
      <identity>
         <entityType>corporateBody</entityType>
         <nameEntry localType="autorisée" scriptCode="Latn" xml:lang="fre">
            <part>France. Direction générale des Médias et des Industries culturelles. Service du Livre et de la Lecture. Département de la lecture (2010-2012)</part>
         </nameEntry>
      </identity>
      <description>
         <existDates>
            <dateRange>
               <fromDate standardDate="2010-01-13">13 janvier 2010</fromDate>
               <toDate standardDate="2012-02-29">29 février 2012</toDate>
            </dateRange>
         </existDates>
         <legalStatuses>
            <legalStatus>
               <term vocabularySource="d5blonaxbw--1mt8t42bokzts">service d'administration centrale</term>
            </legalStatus>
         </legalStatuses>
         <mandates>
            <mandate>
               <descriptiveNote>
                  <p>Décret n° 2009-1393 du 11 novembre 2009 relatif aux missions et à l'organisation de l'administration centrale du ministère de la culture et de la communication (https://www.legifrance.gouv.fr/affichTexte.do?cidTexte=JORFTEXT000021262661&amp;fastPos=1&amp;fastReqId=1165052470&amp;categorieLien=id&amp;oldAction=rechTexte)</p>
                  <p>Arrêté du 17 novembre 2009 relatif aux missions et à l'organisation de la direction générale des médias et des industries culturelles (https://www.legifrance.gouv.fr/eli/arrete/2009/11/17/MCCB0922702A/jo/texte)</p>
                  <p> Arrêté du 19 janvier 2012 modifiant l'arrêté du 17 novembre 2009 relatif aux missions et à l'organisation de la direction générale des médias et des industries culturelles (https://www.legifrance.gouv.fr/eli/arrete/2012/1/19/MCCB1130198A/jo/texte)</p>
               </descriptiveNote>
            </mandate>
         </mandates>
         <biogHist>
            <p>Le département de la lecture est créé au sein du service du Livre et de la Lecture par l'arrêté du 17 novembre 2009 (art. 2) qui définit les missions et l'organisation de la direction générale des Médias et des Industries culturelles (DGMIC), elle-même créée par un décret du 11 novembre 2009. Il est véritablement mis en place à partir du 13 janvier 2010, date à laquelle ces décret et arrêté entrent en application. Il succède ainsi au département des bibliothèques territoriales et du développement de la lecture de la direction du Livre et de la Lecture. </p>
            <p>Il est supprimé par l'arrêté du 19 janvier 2012 modifiant l'arrêté du 17 novembre 2009 (publié au Journal Officiel le 29 février).</p>
         </biogHist>
      </description>
      <relations>
         <cpfRelation xmlns:xlink="http://www.w3.org/1999/xlink"
                      cpfRelationType="hierarchical-parent"
                      xlink:href="FRAN_NP_005628"
                      xlink:type="simple">
            <relationEntry>France. Direction générale des Médias et des Industries culturelles. Service du Livre et de la Lecture (2010-....)</relationEntry>
            <dateRange>
               <fromDate standardDate="2010-01-13">13 janvier 2010</fromDate>
               <toDate standardDate="2012-02-29">29 février 2012</toDate>
            </dateRange>
            <descriptiveNote>
               <p>@isPartOf@</p>
            </descriptiveNote>
         </cpfRelation>
         <cpfRelation xmlns:xlink="http://www.w3.org/1999/xlink"
                      cpfRelationType="temporal-earlier"
                      xlink:href="FRAN_NP_005085"
                      xlink:type="simple">
            <relationEntry>France. Direction du Livre et de la Lecture. Département des bibliothèques territoriales et du développement de la lecture (1995-2010)</relationEntry>
            <dateRange>
               <fromDate standardDate="2010-01-13">13 janvier 2010</fromDate>
            </dateRange>
         </cpfRelation>
         <cpfRelation xmlns:xlink="http://www.w3.org/1999/xlink"
                      cpfRelationType="temporal-later"
                      xlink:href="FRAN_NP_009801"
                      xlink:type="simple">
            <relationEntry>France. Direction générale des Médias et des Industries culturelles. Service du Livre et de la Lecture. Département des bibliothèques (2012-....)</relationEntry>
            <dateRange>
               <fromDate standardDate="2012-03-01">1er mars 2012</fromDate>
            </dateRange>
         </cpfRelation>
      </relations>
   </cpfDescription>
</eac-cpf>
