<eac-cpf xmlns="urn:isbn:1-931666-33-4"
         xmlns:xsi="http://www.w3.org/2001/XMLSchema-instance"
         xsi:schemaLocation="urn:isbn:1-931666-33-4 cpf.xsd">
   <control>
      <recordId>FRAN_NP_010129</recordId>
      <otherRecordId localType="Ancien_identifiant">FRDAFANCH00MC_NAETUDE_002</otherRecordId>
      <maintenanceStatus>derived</maintenanceStatus>
      <maintenanceAgency>
         <agencyName>Archives nationales de France</agencyName>
      </maintenanceAgency>
      <languageDeclaration>
         <language languageCode="fre">Français</language>
         <script scriptCode="Latn"/>
      </languageDeclaration>
      <conventionDeclaration>
         <citation>Notice établie conformément à la norme ICA-ISAAR (CPF) 2004, aux normes ISO 8601 pour le système de normalisation des dates utilisé, ainsi que AFNOR NF Z 44-061, juin 1986. Catalogage : forme et structure des vedettes noms de personne, des vedettes titres, des rubriques de classement et des titres forgés.</citation>
      </conventionDeclaration>
      <localControl localType="niveau_de_detail">
         <term>Moyenne</term>
      </localControl>
      <maintenanceHistory>
         <maintenanceEvent>
            <eventType>derived</eventType>
            <eventDateTime>2013-04-23</eventDateTime>
            <agentType>machine</agentType>
            <agent>Migration ETANOT</agent>
         </maintenanceEvent>
      </maintenanceHistory>
   </control>
   <cpfDescription>
      <identity>
         <entityType>corporateBody</entityType>
         <nameEntry localType="autorisée" scriptCode="Latn" xml:lang="fre">
            <part>Etude II</part>
         </nameEntry>
         <nameEntry>
            <part>75041</part>
         </nameEntry>
      </identity>
      <description>
         <existDates>
            <dateRange>
               <fromDate standardDate="1605-01-01">1605</fromDate>
            </dateRange>
         </existDates>
         <places>
            <place>
               <placeRole>Lieu de Paris</placeRole>
               <placeEntry localType="nomLieu">30, place Denfert-Rochereau, 75014 PARIS</placeEntry>
            </place>
         </places>
         <functions>
            <function>
               <term vocabularySource="d3nyui3o8w--11y7jgy8q3wnt">notaire à paris</term>
               <dateRange>
                  <fromDate standardDate="1605-01-01">1605</fromDate>
                  <toDate/>
               </dateRange>
            </function>
         </functions>
         <biogHist>
            <p>Le premier titulaire de cette étude, Étienne GERBAULT, réside au Crucifix-Saint-Jacques, rue Saint-Jacques de la Boucherie, pendant ses 55 années d'exercice (1605-1660). Jusqu'en 1726, ses successeurs sont établis non loin de là, dans la rue des Arcis. En 1727, Jacques BRICAULT se transporte rue Croix des Petits Champs. L'étude y demeure jusqu'en 1775, date de son transfert rue du Bouloi, qu'elle quitte en 1836 pour la rue Saint-Honoré toute proche. C'est en 1869 qu'elle s'installe rue de l'Opéra. Au XVIIIème siècle, une seconde pratique a été réunie à l'étude : celle de Louis MOUFLE et de Louis TRANCHARD, exerçant rue de la Verrerie (1697-1721).</p>
         </biogHist>
      </description>
      <relations>
         <cpfRelation xmlns:xlink="http://www.w3.org/1999/xlink"
                      cpfRelationType="associative"
                      xlink:href="FRAN_NP_010879"
                      xlink:type="simple">
            <relationEntry>Périer, Nicolas</relationEntry>
            <dateRange>
               <fromDate standardDate="1660-05-31">31 mai 1660</fromDate>
               <toDate standardDate="1672-01-14">14 janvier 1672</toDate>
            </dateRange>
         </cpfRelation>
         <cpfRelation xmlns:xlink="http://www.w3.org/1999/xlink"
                      cpfRelationType="associative"
                      xlink:href="FRAN_NP_013269"
                      xlink:type="simple">
            <relationEntry>Dubée, Frédéric</relationEntry>
            <dateRange>
               <fromDate standardDate="2006-05-12">12 mai 2006</fromDate>
            </dateRange>
         </cpfRelation>
         <cpfRelation xmlns:xlink="http://www.w3.org/1999/xlink"
                      cpfRelationType="associative"
                      xlink:href="FRAN_NP_011914"
                      xlink:type="simple">
            <relationEntry>Girault, Jean</relationEntry>
            <dateRange>
               <fromDate standardDate="1767-08-27">27 août 1767</fromDate>
               <toDate standardDate="1767-09-09">9 septembre 1767</toDate>
            </dateRange>
         </cpfRelation>
         <cpfRelation xmlns:xlink="http://www.w3.org/1999/xlink"
                      cpfRelationType="associative"
                      xlink:href="FRAN_NP_010485"
                      xlink:type="simple">
            <relationEntry>Tricard, Jacques</relationEntry>
            <dateRange>
               <fromDate standardDate="1799-09-29">29 septembre 1799</fromDate>
               <toDate standardDate="1820-02-25">25 février 1820</toDate>
            </dateRange>
         </cpfRelation>
         <cpfRelation xmlns:xlink="http://www.w3.org/1999/xlink"
                      cpfRelationType="associative"
                      xlink:href="FRAN_NP_011883"
                      xlink:type="simple">
            <relationEntry>Gerbault, Etienne</relationEntry>
            <dateRange>
               <fromDate standardDate="1605-04-06">6 avril 1605</fromDate>
               <toDate standardDate="1660-05-29">29 mai 1660</toDate>
            </dateRange>
         </cpfRelation>
         <cpfRelation xmlns:xlink="http://www.w3.org/1999/xlink"
                      cpfRelationType="associative"
                      xlink:href="FRAN_NP_011837"
                      xlink:type="simple">
            <relationEntry>Gallut, Jean- Michel</relationEntry>
            <dateRange>
               <fromDate standardDate="1976-12-15">15 décembre 1976</fromDate>
               <toDate standardDate="2003-08-27">27 août 2003</toDate>
            </dateRange>
         </cpfRelation>
         <cpfRelation xmlns:xlink="http://www.w3.org/1999/xlink"
                      cpfRelationType="associative"
                      xlink:href="FRAN_NP_012887"
                      xlink:type="simple">
            <relationEntry>Besnard, Jean</relationEntry>
            <dateRange>
               <fromDate standardDate="1672-03-18">18 mars 1672</fromDate>
               <toDate standardDate="1682-12-09">9 décembre 1682</toDate>
            </dateRange>
         </cpfRelation>
         <cpfRelation xmlns:xlink="http://www.w3.org/1999/xlink"
                      cpfRelationType="associative"
                      xlink:href="FRAN_NP_012843"
                      xlink:type="simple">
            <relationEntry>Belot, Antoine I</relationEntry>
            <dateRange>
               <fromDate standardDate="1683-01-02">2 janvier 1683</fromDate>
               <toDate standardDate="1710-04-03">3 avril 1710</toDate>
            </dateRange>
         </cpfRelation>
         <cpfRelation xmlns:xlink="http://www.w3.org/1999/xlink"
                      cpfRelationType="associative"
                      xlink:href="FRAN_NP_012858"
                      xlink:type="simple">
            <relationEntry>Berceon, Angélique-François</relationEntry>
            <dateRange>
               <fromDate standardDate="1820-02-25">25 février 1820</fromDate>
               <toDate standardDate="1865-04-07">7 avril 1865</toDate>
            </dateRange>
         </cpfRelation>
         <cpfRelation xmlns:xlink="http://www.w3.org/1999/xlink"
                      cpfRelationType="associative"
                      xlink:href="FRAN_NP_011259"
                      xlink:type="simple">
            <relationEntry>Moufle, Louis (16..-1710)</relationEntry>
            <dateRange>
               <fromDate standardDate="1697-07-17">17 juillet 1697</fromDate>
               <toDate standardDate="1710-03-30">30 mars 1710</toDate>
            </dateRange>
         </cpfRelation>
         <cpfRelation xmlns:xlink="http://www.w3.org/1999/xlink"
                      cpfRelationType="associative"
                      xlink:href="FRAN_NP_013050"
                      xlink:type="simple">
            <relationEntry>Bricault, Jacques</relationEntry>
            <dateRange>
               <fromDate standardDate="1725-03-23">23 mars 1725</fromDate>
               <toDate standardDate="1767-08-11">11 août 1767</toDate>
            </dateRange>
         </cpfRelation>
         <cpfRelation xmlns:xlink="http://www.w3.org/1999/xlink"
                      cpfRelationType="associative"
                      xlink:href="FRAN_NP_012859"
                      xlink:type="simple">
            <relationEntry>Berceon, Charles Saint-Ange</relationEntry>
            <dateRange>
               <fromDate standardDate="1865-04-07">7 avril 1865</fromDate>
               <toDate standardDate="1901-06-05">5 juin 1901</toDate>
            </dateRange>
         </cpfRelation>
         <cpfRelation xmlns:xlink="http://www.w3.org/1999/xlink"
                      cpfRelationType="associative"
                      xlink:href="FRAN_NP_012844"
                      xlink:type="simple">
            <relationEntry>Belot, Antoine II</relationEntry>
            <dateRange>
               <fromDate standardDate="1710-05-30">30 mai 1710</fromDate>
               <toDate standardDate="1725-03-20">20 mars 1725</toDate>
            </dateRange>
         </cpfRelation>
         <cpfRelation xmlns:xlink="http://www.w3.org/1999/xlink"
                      cpfRelationType="associative"
                      xlink:href="FRAN_NP_011838"
                      xlink:type="simple">
            <relationEntry>Gallut, Jean</relationEntry>
            <dateRange>
               <fromDate standardDate="1943-08-18">18 août 1943</fromDate>
               <toDate standardDate="1976-12-15">15 décembre 1976</toDate>
            </dateRange>
         </cpfRelation>
         <cpfRelation xmlns:xlink="http://www.w3.org/1999/xlink"
                      cpfRelationType="associative"
                      xlink:href="FRAN_NP_011845"
                      xlink:type="simple">
            <relationEntry>Garnier, Bruno</relationEntry>
            <dateRange>
               <fromDate standardDate="1999-02-11">11 février 1999</fromDate>
            </dateRange>
         </cpfRelation>
         <cpfRelation xmlns:xlink="http://www.w3.org/1999/xlink"
                      cpfRelationType="associative"
                      xlink:href="FRAN_NP_010764"
                      xlink:type="simple">
            <relationEntry>Quatremère, Claude</relationEntry>
            <dateRange>
               <fromDate standardDate="1767-09-11">11 septembre 1767</fromDate>
               <toDate standardDate="1799-09-28">28 septembre 1799</toDate>
            </dateRange>
         </cpfRelation>
         <cpfRelation xmlns:xlink="http://www.w3.org/1999/xlink"
                      cpfRelationType="associative"
                      xlink:href="FRAN_NP_011029"
                      xlink:type="simple">
            <relationEntry>Pycke, Bernard</relationEntry>
            <dateRange>
               <fromDate standardDate="1985-08-01">1er août 1985</fromDate>
               <toDate standardDate="1992-06-30">30 juin 1992</toDate>
            </dateRange>
         </cpfRelation>
         <cpfRelation xmlns:xlink="http://www.w3.org/1999/xlink"
                      cpfRelationType="associative"
                      xlink:href="FRAN_NP_010479"
                      xlink:type="simple">
            <relationEntry>Tranchard, Louis</relationEntry>
            <dateRange>
               <fromDate standardDate="1710-06-04">4 juin 1710</fromDate>
               <toDate standardDate="1721-09-06">6 septembre 1721</toDate>
            </dateRange>
         </cpfRelation>
         <cpfRelation xmlns:xlink="http://www.w3.org/1999/xlink"
                      cpfRelationType="associative"
                      xlink:href="FRAN_NP_013220"
                      xlink:type="simple">
            <relationEntry>Bouthier, Christine</relationEntry>
            <dateRange>
               <fromDate standardDate="2001-01-06">6 janvier 2001</fromDate>
            </dateRange>
         </cpfRelation>
         <cpfRelation xmlns:xlink="http://www.w3.org/1999/xlink"
                      cpfRelationType="associative"
                      xlink:href="FRAN_NP_011518"
                      xlink:type="simple">
            <relationEntry>Lembo, Pierre</relationEntry>
            <dateRange>
               <fromDate standardDate="1979-12-05">5 décembre 1979</fromDate>
            </dateRange>
         </cpfRelation>
         <cpfRelation xmlns:xlink="http://www.w3.org/1999/xlink"
                      cpfRelationType="associative"
                      xlink:href="FRAN_NP_012145"
                      xlink:type="simple">
            <relationEntry>Desforges, Maxime</relationEntry>
            <dateRange>
               <fromDate standardDate="1901-06-05">5 juin 1901</fromDate>
               <toDate standardDate="1943-08-18">18 août 1943</toDate>
            </dateRange>
         </cpfRelation>
         <resourceRelation xmlns:xlink="http://www.w3.org/1999/xlink"
                           resourceRelationType="creatorOf"
                           xlink:href="FRAN_IR_041131"
                           xlink:type="simple">
            <relationEntry localType="archival">Minutes et répertoires du notaire Louis MOUFLE, 1697 - 7 février 1710 (étude II)</relationEntry>
         </resourceRelation>
         <resourceRelation xmlns:xlink="http://www.w3.org/1999/xlink"
                           resourceRelationType="creatorOf"
                           xlink:href="FRAN_IR_041132"
                           xlink:type="simple">
            <relationEntry localType="archival">Minutes et répertoires du notaire Louis TRANCHARD, 4 juin 1710 - 6 septembre 1721 (étude II)</relationEntry>
         </resourceRelation>
         <resourceRelation xmlns:xlink="http://www.w3.org/1999/xlink"
                           resourceRelationType="creatorOf"
                           xlink:href="FRAN_IR_041119"
                           xlink:type="simple">
            <relationEntry localType="archival">Minutes et répertoires du notaire Étienne GERBAULT, 6 avril 1605 - mars 1660 (étude II)</relationEntry>
         </resourceRelation>
         <resourceRelation xmlns:xlink="http://www.w3.org/1999/xlink"
                           resourceRelationType="creatorOf"
                           xlink:href="FRAN_IR_041120"
                           xlink:type="simple">
            <relationEntry localType="archival">Minutes et répertoires du notaire Étienne GERBAULT, 6 avril 1605 - décembre 1614 (étude II)</relationEntry>
         </resourceRelation>
         <resourceRelation xmlns:xlink="http://www.w3.org/1999/xlink"
                           resourceRelationType="creatorOf"
                           xlink:href="FRAN_IR_041121"
                           xlink:type="simple">
            <relationEntry localType="archival">Minutes et répertoires du notaire Étienne GERBAULT, janvier 1615 - décembre 1624 (étude II)</relationEntry>
         </resourceRelation>
         <resourceRelation xmlns:xlink="http://www.w3.org/1999/xlink"
                           resourceRelationType="creatorOf"
                           xlink:href="FRAN_IR_041122"
                           xlink:type="simple">
            <relationEntry localType="archival">Minutes et répertoires du notaire Étienne GERBAULT, janvier 1625 - décembre 1634 (étude II)</relationEntry>
         </resourceRelation>
         <resourceRelation xmlns:xlink="http://www.w3.org/1999/xlink"
                           resourceRelationType="creatorOf"
                           xlink:href="FRAN_IR_041123"
                           xlink:type="simple">
            <relationEntry localType="archival">Minutes et répertoires du notaire Étienne GERBAULT, janvier 1635 - décembre 1644 (étude II)</relationEntry>
         </resourceRelation>
         <resourceRelation xmlns:xlink="http://www.w3.org/1999/xlink"
                           resourceRelationType="creatorOf"
                           xlink:href="FRAN_IR_041124"
                           xlink:type="simple">
            <relationEntry localType="archival">Minutes et répertoires du notaire Étienne GERBAULT, janvier 1645 - décembre 1654 (étude II)</relationEntry>
         </resourceRelation>
         <resourceRelation xmlns:xlink="http://www.w3.org/1999/xlink"
                           resourceRelationType="creatorOf"
                           xlink:href="FRAN_IR_041125"
                           xlink:type="simple">
            <relationEntry localType="archival">Minutes et répertoires du notaire Étienne GERBAULT, janvier 1655 - mars 1660 (étude II)</relationEntry>
         </resourceRelation>
         <resourceRelation xmlns:xlink="http://www.w3.org/1999/xlink"
                           resourceRelationType="creatorOf"
                           xlink:href="FRAN_IR_041126"
                           xlink:type="simple">
            <relationEntry localType="archival">Minutes et répertoires du notaire Nicolas PÉRIER, 31 mai 1660 - juillet 1670 (étude II)</relationEntry>
         </resourceRelation>
         <resourceRelation xmlns:xlink="http://www.w3.org/1999/xlink"
                           resourceRelationType="creatorOf"
                           xlink:href="FRAN_IR_041127"
                           xlink:type="simple">
            <relationEntry localType="archival">Minutes et répertoires du notaire Jean BESNARD, 12 mars 1672 - 9 décembre 1682 (étude II)</relationEntry>
         </resourceRelation>
         <resourceRelation xmlns:xlink="http://www.w3.org/1999/xlink"
                           resourceRelationType="creatorOf"
                           xlink:href="FRAN_IR_041128"
                           xlink:type="simple">
            <relationEntry localType="archival">Minutes et répertoires du notaire Antoine I BELOT, 2 janvier 1683 - 3 avril 1710 (étude II)</relationEntry>
         </resourceRelation>
         <resourceRelation xmlns:xlink="http://www.w3.org/1999/xlink"
                           resourceRelationType="creatorOf"
                           xlink:href="FRAN_IR_041133"
                           xlink:type="simple">
            <relationEntry localType="archival">Minutes et répertoires du notaire Antoine II BELOT, 13 mai 1710 - 21 mars 1725 (étude II)</relationEntry>
         </resourceRelation>
         <resourceRelation xmlns:xlink="http://www.w3.org/1999/xlink"
                           resourceRelationType="creatorOf"
                           xlink:href="FRAN_IR_041134"
                           xlink:type="simple">
            <relationEntry localType="archival">Minutes et répertoires du notaire Jacques BRICAULT, 23 mars 1725 - 9 septembre 1767 (étude II)</relationEntry>
         </resourceRelation>
         <resourceRelation xmlns:xlink="http://www.w3.org/1999/xlink"
                           resourceRelationType="creatorOf"
                           xlink:href="FRAN_IR_041130"
                           xlink:type="simple">
            <relationEntry localType="archival">Minutes et répertoires du notaire Claude QUATREMÈRE, 11 septembre 1767 - 27 septembre 1799 (étude II)</relationEntry>
         </resourceRelation>
         <resourceRelation xmlns:xlink="http://www.w3.org/1999/xlink"
                           resourceRelationType="creatorOf"
                           xlink:href="FRAN_IR_041129"
                           xlink:type="simple">
            <relationEntry localType="archival">Minutes et répertoires du notaire Jacques TRICARD, 27 septembre 1799 -23 février 1820 (étude II)</relationEntry>
         </resourceRelation>
         <resourceRelation xmlns:xlink="http://www.w3.org/1999/xlink"
                           resourceRelationType="creatorOf"
                           xlink:href="FRAN_IR_041135"
                           xlink:type="simple">
            <relationEntry localType="archival">Minutes et répertoires du notaire Angélique François BERCEON, 25 février 1820 - 6 avril 1865 (étude II)</relationEntry>
         </resourceRelation>
         <resourceRelation xmlns:xlink="http://www.w3.org/1999/xlink"
                           resourceRelationType="creatorOf"
                           xlink:href="FRAN_IR_041136"
                           xlink:type="simple">
            <relationEntry localType="archival">Minutes et répertoires du notaire Charles Saint-Ange BERCEON, 8 avril 1865 - 16 juillet 1889 (étude II)</relationEntry>
         </resourceRelation>
         <resourceRelation xmlns:xlink="http://www.w3.org/1999/xlink"
                           resourceRelationType="creatorOf"
                           xlink:href="FRAN_IR_041118"
                           xlink:type="simple">
            <relationEntry localType="archival">Archives de l'étude II</relationEntry>
         </resourceRelation>
         <resourceRelation xmlns:xlink="http://www.w3.org/1999/xlink"
                           resourceRelationType="creatorOf"
                           xlink:href="FRAN_IR_051099"
                           xlink:type="simple">
            <relationEntry localType="archival">Images du répertoire du notaire Louis Tranchard pour l'étude II</relationEntry>
         </resourceRelation>
         <resourceRelation xmlns:xlink="http://www.w3.org/1999/xlink"
                           resourceRelationType="creatorOf"
                           xlink:href="FRAN_IR_051082"
                           xlink:type="simple">
            <relationEntry localType="archival">Images du répertoire du notaire Louis Moufle pour l'étude II</relationEntry>
         </resourceRelation>
         <resourceRelation xmlns:xlink="http://www.w3.org/1999/xlink"
                           resourceRelationType="creatorOf"
                           xlink:href="FRAN_IR_051107"
                           xlink:type="simple">
            <relationEntry localType="archival">Images du répertoire du notaire Antoine II Belot pour l'étude II</relationEntry>
         </resourceRelation>
         <resourceRelation xmlns:xlink="http://www.w3.org/1999/xlink"
                           resourceRelationType="creatorOf"
                           xlink:href="FRAN_IR_051100"
                           xlink:type="simple">
            <relationEntry localType="archival">Images des répertoires du notaire Jacques Tricard pour l'étude II</relationEntry>
         </resourceRelation>
         <resourceRelation xmlns:xlink="http://www.w3.org/1999/xlink"
                           resourceRelationType="creatorOf"
                           xlink:href="FRAN_IR_051106"
                           xlink:type="simple">
            <relationEntry localType="archival">Images du répertoire du notaire Antoine I Belot pour l'étude II</relationEntry>
         </resourceRelation>
         <resourceRelation xmlns:xlink="http://www.w3.org/1999/xlink"
                           resourceRelationType="creatorOf"
                           xlink:href="FRAN_IR_051104"
                           xlink:type="simple">
            <relationEntry localType="archival">Images des répertoires du notaire Claude Quatremère pour l'étude II</relationEntry>
         </resourceRelation>
         <resourceRelation xmlns:xlink="http://www.w3.org/1999/xlink"
                           resourceRelationType="creatorOf"
                           xlink:href="FRAN_IR_051109"
                           xlink:type="simple">
            <relationEntry localType="archival">Images des répertoires du notaire Angélique François Berceon pour l'étude II</relationEntry>
         </resourceRelation>
         <resourceRelation xmlns:xlink="http://www.w3.org/1999/xlink"
                           resourceRelationType="creatorOf"
                           xlink:href="FRAN_IR_051110"
                           xlink:type="simple">
            <relationEntry localType="archival">Images des répertoires du notaire Charles Saint-Ange Berceon pour l'étude II</relationEntry>
         </resourceRelation>
      </relations>
   </cpfDescription>
</eac-cpf>
