<eac-cpf xmlns="urn:isbn:1-931666-33-4"
         xmlns:xsi="http://www.w3.org/2001/XMLSchema-instance"
         xsi:schemaLocation="urn:isbn:1-931666-33-4 cpf.xsd">
   <control>
      <recordId>FRAN_NP_010029</recordId>
      <maintenanceStatus>revised</maintenanceStatus>
      <maintenanceAgency>
         <agencyName>Archives nationales de France</agencyName>
      </maintenanceAgency>
      <languageDeclaration>
         <language languageCode="fre">Français</language>
         <script scriptCode="Latn"/>
      </languageDeclaration>
      <conventionDeclaration>
         <citation>Notice établie conformément à la norme ICA-ISAAR (CPF) 2004, aux normes ISO 8601 pour le système de normalisation des dates utilisé, ainsi que AFNOR NF Z 44-061, juin 1986. Catalogage : forme et structure des vedettes noms de personne, des vedettes titres, des rubriques de classement et des titres forgés.</citation>
      </conventionDeclaration>
      <localControl localType="niveau_de_detail">
         <term>Moyenne</term>
      </localControl>
      <maintenanceHistory>
         <maintenanceEvent>
            <eventType>derived</eventType>
            <eventDateTime>2013-04-23</eventDateTime>
            <agentType>machine</agentType>
            <agent>Import_SIA</agent>
         </maintenanceEvent>
         <maintenanceEvent>
            <eventType>revised</eventType>
            <eventDateTime>2013-08-21</eventDateTime>
            <agentType>human</agentType>
            <agent>Vanessa ASPART</agent>
         </maintenanceEvent>
         <maintenanceEvent>
            <eventType>updated</eventType>
            <eventDateTime>2017-01-11</eventDateTime>
            <agentType>human</agentType>
            <agent>Isabelle ARISTIDE-HASTIR</agent>
            <eventDescription>Liens IR, Autorité, Indexation (octobre 2017).</eventDescription>
         </maintenanceEvent>
         <maintenanceEvent>
            <eventType>updated</eventType>
            <eventDateTime>2017-10-26</eventDateTime>
            <agentType>human</agentType>
            <agent>Isabelle ARISTIDE-HASTIR</agent>
         </maintenanceEvent>
      </maintenanceHistory>
      <sources>
         <source>
            <sourceEntry>Archives Nationales, Fonds Jean Longuet (1865-1995), 671 AP.</sourceEntry>
         </source>
         <source>
            <sourceEntry>Source : Article Jean Longuet de Wikipédia en français (http://fr.wikipedia.org/wiki/Jean_Longuet).</sourceEntry>
         </source>
         <source>
            <sourceEntry>Notice d'autorité BnF n°FRBNF 12529501.</sourceEntry>
         </source>
         <source>
            <sourceEntry>Candar (Gilles), Jean Longuet, 1876-1938, un internationaliste à l'épreuve de l'histoire, Rennes, PUR, 2007.</sourceEntry>
         </source>
      </sources>
   </control>
   <cpfDescription>
      <identity>
         <entityId>ISNI 0000 0001 0935 6351</entityId>
         <entityType>person</entityType>
         <nameEntry localType="autorisée" scriptCode="Latn" xml:lang="fre">
            <part>Longuet, Jean (1876-1938)</part>
         </nameEntry>
      </identity>
      <description>
         <existDates>
            <dateRange>
               <fromDate standardDate="1876-05-10">10 mai 1876</fromDate>
               <toDate standardDate="1938-09-11">11 septembre 1938</toDate>
            </dateRange>
         </existDates>
         <places>
            <place>
               <placeRole>Lieu général</placeRole>
               <placeEntry localType="lieu" vocabularySource="d3nte93blr--12kljc1z659a3">Caen (Calvados)</placeEntry>
               <placeEntry localType="lieu" vocabularySource="d3ntxei5ko-13twwk1vemcud">Châtenay-Malabry (Hauts-de-Seine)</placeEntry>
               <placeEntry localType="lieu" vocabularySource="d3ntb70r2g--1uw0k9ewfsj4r">Aisne (Picardie , département)</placeEntry>
            </place>
            <place>
               <placeRole>Lieu général</placeRole>
               <placeEntry localType="nomLieu">parc de Sceaux</placeEntry>
               <placeEntry localType="lieu" vocabularySource="d3ntxesay4-etewhld35w7q">Sceaux (Hauts-de-Seine)</placeEntry>
            </place>
         </places>
         <occupations>
            <occupation>
               <term vocabularySource="d699msizce3-1fkn61hd3lpjw">journaliste</term>
            </occupation>
            <occupation>
               <term vocabularySource="d699msk3h6v--1a7obp35gqwv3">militant politique</term>
            </occupation>
            <occupation>
               <term vocabularySource="d699msiribo--1dn34eg8lht4f">député</term>
               <dateRange>
                  <fromDate standardDate="1932-01-01">1932</fromDate>
                  <toDate standardDate="1936-12-31">1936</toDate>
               </dateRange>
            </occupation>
            <occupation>
               <term vocabularySource="d699msjyazt-1f0ggfyf3is8u">élu local</term>
               <dateRange>
                  <fromDate standardDate="1925-01-01">1925</fromDate>
                  <toDate standardDate="1936-09-11">11 septembre 1936</toDate>
               </dateRange>
               <descriptiveNote>
                  <p>maire de Châtenay-Malabry (1925-1938) ; conseiller général (1929-1938)</p>
               </descriptiveNote>
            </occupation>
            <occupation>
               <term vocabularySource="d699msiribo--1dn34eg8lht4f">député</term>
               <dateRange>
                  <fromDate standardDate="1914-01-01">1914</fromDate>
                  <toDate standardDate="1919-12-31">1919</toDate>
               </dateRange>
            </occupation>
         </occupations>
         <biogHist>
            <p>Petit-fils de Marx par sa mère, Jean Longuet (1876-1938) naît en Angleterre, où son père Charles Longuet (1839-1903) s'était réfugié en 1871 après la Commune. Charles Longuet et Jenny Marx (1844-1883) se sont mariés en octobre 1872 et reviennent en France en 1880 après la loi d'amnistie. Après le décès de sa mère en janvier 1883, Jean Longuet est confié à sa famille paternelle à Caen, où il poursuit ses études, et séjourne régulièrement chez sa tante maternelle, Eleanor Marx-Aveling (1855-1898). Une autre de ses tantes, Laura Marx (1845-1911) est l'épouse de Paul Lafargue.</p>
            <p>Étudiant à Caen, puis à Paris où il suit des études de droit, il milite dans un groupe d'étudiants socialistes (le Groupe des étudiants collectivistes) et adhère en 1895 au Parti ouvrier français mené par Jules Guesde puis au Parti socialiste français mené par Jean Jaurès. Jean Longuet participe aux démarches pour l'unification des groupes socialistes, qui aboutissent à la création en 1905 de la Section Française de l'Internationale Ouvrière (S.F.I.O.) ; il fera partie de la Commission administrative permanente de la S.F.I.O. jusqu'à sa mort. Proche de Jaurès, il assiste à son assassinat le 31 juillet 1914.</p>
            <p>Parallèlement à ses activités militantes, Jean Longuet commence très tôt une carrière de journaliste : il est administrateur du 
     <span style="italic">Mouvement socialiste</span> (créé en 1899), anime la revue 
     <span style="italic"> Pro Armenia</span> en 1900, et collabore au journal 
     <span style="italic"> L'Européen </span>de 1901 à 1906, au 
     <span style="italic">Courrier européen</span>, à 
     <span style="italic"> La Petite République</span>, à la 
     <span style="italic">Revue socialiste</span>, et à 
     <span style="italic">L'Humanité</span> (fondée en 1904), où il tient la rubrique de politique étrangère jusqu'en 1914. 
    </p>
            <p>Jean Longuet se marie en 1900 avec Anita Desvaux (1875-1960), militante socialiste qui lui donnera deux fils : Robert-Jean (1901-1987), militant socialiste et anticolonialiste, et Charles, dit Karl-Jean, sculpteur de renom. En 1908, il s'inscrit au barreau de Paris et exerce la fonction d'avocat. En 1911, la famille s'installe à Châtenay-Malabry (Hauts-de-Seine). </p>
            <p>Au sein de la S.F.I.O., Jean Longuet milite tout d'abord dans la Fédération de l'Aisne ; il se présente sans succès aux élections législatives de 1906 et de 1910 et aux élections législatives partielles de 1912 ; en mai 1914, il se présente dans la circonscription de son domicile, dans le département de la Seine, et est élu député. Battu aux législatives de 1919 et de 1924, il ne retrouve le Palais Bourbon qu'aux élections de 1932 mais il n'est pas reconduit par le Front Populaire en 1936. La vie politique locale lui réussit davantage : il est élu maire de Châtenay-Malabry en 1925, mandat qu'il conserve jusqu'à sa mort et dans lequel il s'investit beaucoup. Il fut aussi conseiller général en 1929 et en 1935, mandat pendant lequel il œuvra pour la conservation du Parc de Sceaux et la création d'un musée d'Ile-de-France.</p>
            <p>Parlant couramment plusieurs langues (anglais, allemand, italien), c'est surtout par ses talents de journaliste et de militant internationaliste que se révèle le mieux l'œuvre de Jean Longuet. Il entretient de nombreuses relations avec des militants et journalistes de tous pays.</p>
            <p>Militant socialiste international dès 1896 (il est délégué au congrès de l'Internationale à Londres), il est membre du Bureau Socialiste International à partir de 1905 ; au Congrès de Tours de 1920, d'abord partisan d'une adhésion à la IIIe Internationale socialiste à la suite du parti communiste russe, il reste finalement dans la S.F.I.O. et refuse d'adhérer au Parti communiste français. Il fut ensuite membre du Comité exécutif de la nouvelle Internationale Ouvrière Socialiste (IOS) créée en 1923. À partir de 1920, Jean Longuet s'investit beaucoup dans la cause de l'unité socialiste tant à travers son journal, 
     <span style="italic">Le Populaire de Paris</span>, qu'à travers des centaines de conférences en France, en Angleterre, en Allemagne, en Autriche, en Italie du Nord et même aux États-Unis où il se rend durant l'hiver 1922-1923. 
    </p>
            <p>Il crée en 1918 un journal, 
     <span style="italic"> Le Populaire</span>, avec Paul Faure et Henri Barbusse, qui devient en 1920 
     <span style="italic">Le Populaire de Paris</span>. Jean Longuet fait paraitre également dans la 
     <span style="italic">Nouvelle Revue socialiste</span>, qui parait de 1925 à 1930, de nombreux articles sur les questions internationales. A l'étranger, Longuet publie et correspond notamment dans 
     <span style="italic">The Daily Citizen</span> (USA), 
     <span style="italic">The Baltimore Sun</span> (USA), 
     <span style="italic">The Milwaukee Leader</span> (USA), 
     <span style="italic"> The Maoriland Worker</span> (Nouvelle Zélande), 
     <span style="italic">The Jewish Forward</span> (USA), 
     <span style="italic">Der Kampf</span> (Allemagne), 
     <span style="italic">New Leader </span>(Grande-Bretagne), 
     <span style="italic">Daily Herald </span>(Grande-Bretagne), 
     <span style="italic">Worker</span> (Australie). Il traduit également en français nombre d'articles et de brochures de socialistes allemands ou britanniques. 
    </p>
            <p>Jean Longuet est l'auteur de plusieurs ouvrages dont 
     <span style="italic"> Terroristes et policiers : L'affaire Azeff</span> (1909), qui est traduit en allemand et en suédois ; il collabore à l' 
     <span style="italic">Encyclopédie socialiste</span>, de Compère-Morel, parue en 1913, dans laquelle il rédige le volume consacré à Karl Marx, et à l'édition des 
     <span style="italic">Œuvres complètes</span> de Karl Marx en 1923. 
    </p>
         </biogHist>
      </description>
      <relations>
         <cpfRelation xmlns:xlink="http://www.w3.org/1999/xlink"
                      cpfRelationType="identity"
                      xlink:href="https://fr.wikipedia.org/wiki/Jean_Longuet"
                      xlink:type="simple">
            <relationEntry>Jean Longuet</relationEntry>
            <dateRange>
               <fromDate standardDate="1876-05-10">10 mai 1876</fromDate>
               <toDate standardDate="1938-09-11">11 septembre 1938</toDate>
            </dateRange>
            <descriptiveNote>
               <p>Notice wikipédia</p>
            </descriptiveNote>
         </cpfRelation>
         <cpfRelation xmlns:xlink="http://www.w3.org/1999/xlink"
                      cpfRelationType="identity"
                      xlink:href="http://data.bnf.fr/12529501/jean_longuet/"
                      xlink:type="simple">
            <relationEntry>Jean Longuet (1876-1938)</relationEntry>
            <dateRange>
               <fromDate standardDate="1876-05-10">10 mai 1876</fromDate>
               <toDate standardDate="1938-09-11">11 septembre 1938</toDate>
            </dateRange>
            <descriptiveNote>
               <p>Lien vers la notice d'autorité BnF.</p>
            </descriptiveNote>
         </cpfRelation>
         <resourceRelation xmlns:xlink="http://www.w3.org/1999/xlink"
                           resourceRelationType="creatorOf"
                           xlink:href="FRAN_IR_056654"
                           xlink:type="simple">
            <relationEntry localType="archival">Fonds Jean Longuet (1865-1995)</relationEntry>
         </resourceRelation>
      </relations>
   </cpfDescription>
</eac-cpf>
