<eac-cpf xmlns="urn:isbn:1-931666-33-4"
         xmlns:xsi="http://www.w3.org/2001/XMLSchema-instance"
         xsi:schemaLocation="urn:isbn:1-931666-33-4 cpf.xsd">
   <control>
      <recordId>FRAN_NP_010352</recordId>
      <otherRecordId localType="Ancien_identifiant">FRDAFANCH00MC_NANOTAIRE00054</otherRecordId>
      <maintenanceStatus>derived</maintenanceStatus>
      <maintenanceAgency>
         <agencyName>Archives nationales de France</agencyName>
      </maintenanceAgency>
      <languageDeclaration>
         <language languageCode="fre">Français</language>
         <script scriptCode="Latn"/>
      </languageDeclaration>
      <conventionDeclaration>
         <citation>Notice établie conformément à la norme ICA-ISAAR (CPF) 2004, aux normes ISO 8601 pour le système de normalisation des dates utilisé, ainsi que AFNOR NF Z 44-061, juin 1986. Catalogage : forme et structure des vedettes noms de personne, des vedettes titres, des rubriques de classement et des titres forgés.</citation>
      </conventionDeclaration>
      <localControl localType="niveau_de_detail">
         <term>Moyenne</term>
      </localControl>
      <maintenanceHistory>
         <maintenanceEvent>
            <eventType>derived</eventType>
            <eventDateTime>2013-04-23</eventDateTime>
            <agentType>machine</agentType>
            <agent>Migration ETANOT</agent>
         </maintenanceEvent>
      </maintenanceHistory>
   </control>
   <cpfDescription>
      <identity>
         <entityType>person</entityType>
         <nameEntry localType="autorisée" scriptCode="Latn" xml:lang="fre">
            <part>Vavasseur-Desperriers, Étienne-Prosper</part>
         </nameEntry>
      </identity>
      <description>
         <existDates>
            <dateRange>
               <fromDate standardDate="1825-02-02">2 février 1825</fromDate>
               <toDate standardDate="1834-08-29">29 août 1834</toDate>
            </dateRange>
            <descriptiveNote>
               <p>Les dates d'existence de la personne ne sont pas connues et sont évaluées d'après les dates d'exercice en tant que notaire</p>
            </descriptiveNote>
         </existDates>
         <places>
            <place>
               <placeRole>Lieu de Paris</placeRole>
               <placeEntry localType="voie" vocabularySource="d3nzdryeqe--1wvdt5zxmqpea">vivienne (rue)</placeEntry>
               <placeEntry localType="nomLieu">22 rue Vivienne</placeEntry>
            </place>
         </places>
         <functions>
            <function>
               <term vocabularySource="d3nyui3o8w--11y7jgy8q3wnt">notaire à paris</term>
               <dateRange>
                  <fromDate standardDate="1825-02-02">2 février 1825</fromDate>
                  <toDate standardDate="1834-08-29">29 août 1834</toDate>
               </dateRange>
            </function>
         </functions>
         <biogHist>
            <p>Né le 22 vendémiaire an 4 (14 octobre 1795) à Paris</p>
            <p>Marié à Alexandrine Brinquant (voir ET/LXI/816, 21 février, contrat de mariage)</p>
            <p>Mort en charge le 17 mai 1834</p>
         </biogHist>
      </description>
      <relations>
         <cpfRelation xmlns:xlink="http://www.w3.org/1999/xlink"
                      cpfRelationType="associative"
                      xlink:href="FRAN_NP_010182"
                      xlink:type="simple">
            <relationEntry>Etude notariale LV</relationEntry>
            <dateRange>
               <fromDate standardDate="1825-02-02">2 février 1825</fromDate>
               <toDate standardDate="1834-08-29">29 août 1834</toDate>
            </dateRange>
         </cpfRelation>
         <resourceRelation resourceRelationType="other">
            <relationEntry localType="archival">BB/10/709, 24 novembre 1824, dossier de nomination</relationEntry>
         </resourceRelation>
         <resourceRelation resourceRelationType="other">
            <relationEntry localType="archival">ET/LXXXV/916, 22 mai 1834, inventaire après décès</relationEntry>
         </resourceRelation>
         <resourceRelation xmlns:xlink="http://www.w3.org/1999/xlink"
                           resourceRelationType="subjectOf"
                           xlink:href="FRAN_IR_042308"
                           xlink:type="simple">
            <relationEntry localType="archival">Minutes et répertoires du notaire Étienne Prosper VAVASSEUR-DESPERRIERS, 2 février 1825 - 29 août 1834 (étude LV)</relationEntry>
         </resourceRelation>
         <resourceRelation xmlns:xlink="http://www.w3.org/1999/xlink"
                           resourceRelationType="creatorOf"
                           xlink:href="FRAN_IR_053003"
                           xlink:type="simple">
            <relationEntry localType="archival">Images des répertoires du notaire Etienne Prosper Vavasseur-Desperriers pour l'étude LV</relationEntry>
         </resourceRelation>
      </relations>
   </cpfDescription>
</eac-cpf>
