<eac-cpf xmlns="urn:isbn:1-931666-33-4"
         xmlns:xsi="http://www.w3.org/2001/XMLSchema-instance"
         xsi:schemaLocation="urn:isbn:1-931666-33-4 cpf.xsd">
   <control>
      <recordId>FRAN_NP_003250</recordId>
      <maintenanceStatus>revised</maintenanceStatus>
      <maintenanceAgency>
         <agencyName>Archives nationales de France</agencyName>
      </maintenanceAgency>
      <languageDeclaration>
         <language languageCode="fre">Français</language>
         <script scriptCode="Latn"/>
      </languageDeclaration>
      <conventionDeclaration>
         <citation>Notice établie conformément à la norme ICA-ISAAR (CPF) 2004, aux normes ISO 8601 pour le système de normalisation des dates utilisé, ainsi que AFNOR NF Z 44-061, juin 1986. Catalogage : forme et structure des vedettes noms de personne, des vedettes titres, des rubriques de classement et des titres forgés.</citation>
      </conventionDeclaration>
      <localControl localType="niveau_de_detail">
         <term>Moyenne</term>
      </localControl>
      <maintenanceHistory>
         <maintenanceEvent>
            <eventType>derived</eventType>
            <eventDateTime>2013-04-23</eventDateTime>
            <agentType>machine</agentType>
            <agent>Import_SIA</agent>
         </maintenanceEvent>
         <maintenanceEvent>
            <eventType>revised</eventType>
            <eventDateTime>2018-03-06</eventDateTime>
            <agentType>human</agentType>
            <agent>Anne ROHFRITSCH</agent>
            <eventDescription>Révision le 29/08/2018 (A. Rohfritsch, DECAS) : révision nom, historique, organisation interne</eventDescription>
         </maintenanceEvent>
         <maintenanceEvent>
            <eventType>updated</eventType>
            <eventDateTime>2018-09-20</eventDateTime>
            <agentType>human</agentType>
            <agent>Catherine MÉROT</agent>
            <eventDescription>P. Charbonnier : pas d'identifiant ISNI, de notice BnF ou wikipédia</eventDescription>
         </maintenanceEvent>
      </maintenanceHistory>
      <sources>
         <source>
            <sourceEntry>Informations fournies par la Mission des archives et du patrimoine culturel du MENESR.</sourceEntry>
         </source>
      </sources>
   </control>
   <cpfDescription>
      <identity>
         <entityType>corporateBody</entityType>
         <nameEntry localType="autorisée" scriptCode="Latn" xml:lang="fre">
            <part>France. Ministères de l'Éducation nationale et de l'Enseignement supérieur et de la Recherche. Service de l'action administrative et de la modernisation. Sous-direction du pilotage et du dialogue de gestion (2006-....)</part>
         </nameEntry>
         <nameEntry>
            <part>SAAM C</part>
            <useDates>
               <dateRange>
                  <fromDate standardDate="2006-01-01">2006</fromDate>
               </dateRange>
            </useDates>
         </nameEntry>
      </identity>
      <description>
         <existDates>
            <dateRange>
               <fromDate standardDate="2006-01-01">2006</fromDate>
            </dateRange>
         </existDates>
         <legalStatuses>
            <legalStatus>
               <term vocabularySource="d5blonaxbw--1mt8t42bokzts">service d'administration centrale</term>
            </legalStatus>
         </legalStatuses>
         <functions>
            <function>
               <term vocabularySource="d3nyugsjkt--7vpbe5hqjvzi">conseil</term>
            </function>
            <function>
               <term vocabularySource="d5bhvii5wk-c5ead6thqj5l">exécution budgétaire</term>
            </function>
            <function>
               <term vocabularySource="d5bhvimbi4--1c33jbciwlk3b">gestion immobilière</term>
            </function>
         </functions>
         <mandates>
            <mandate>
               <descriptiveNote>
                  <p>Décret n° 2006-572 du 17 mai 2006 fixant l'organisation de l'administration centrale des ministères de l'éducation nationale et de l'enseignement supérieur et de la recherche (NOR: MENA0601257D ; ELI: https://www.legifrance.gouv.fr/eli/decret/2006/5/17/MENA0601257D/jo/texte)</p>
                  <p>Décret n° 2010-829 du 20 juillet 2010 modifiant le décret n° 2006-572 du 17 mai 2006 fixant l'organisation de l'administration centrale des ministères de l'éducation nationale et de l'enseignement supérieur et de la recherche (NOR: MENA1013554D ; ELI: https://www.legifrance.gouv.fr/eli/decret/2010/7/20/MENA1013554D/jo/texte)</p>
                  <p> Décret n° 2014-133 du 17 février 2014 fixant l'organisation de l'administration centrale des ministères de l'éducation nationale et de l'enseignement supérieur et de la recherche (NOR: MENA1330827D ; ELI: https://www.legifrance.gouv.fr/eli/decret/2014/2/17/MENA1330827D/jo/texte)</p>
               </descriptiveNote>
            </mandate>
         </mandates>
         <biogHist>
            <p>La sous-direction du pilotage et du dialogue de gestion (SAAM C) est créée le 17 mai 2006. Elle remplace la sous-direction des moyens, des services et du patrimoine, gérée par la direction des personnels et de la modernisation (DPMA) entre le 7 avril 2003 et le 16 mai 2006.</p>
            <p>La sous-direction assure la préparation, la mise en œuvre et le suivi d’exécution du budget opérationnel regroupant les moyens ouverts au titre de la gestion de l’administration centrale. Elle contribue en liaison avec les responsables des programmes à la constitution des budgets opérationnels académiques dont elle suit l’exécution pour l’ensemble des moyens qui concernent l’Éducation nationale.</p>
            <p>Elle est chargée de la ventilation des moyens.</p>
            <p>Elle met en œuvre les dispositifs en matière d’achats et de gestion du patrimoine immobilier de l’État. Elle gère les crédits concourant à l’acquisition, à la construction et aux gros travaux utilisés par les services déconcentrés. Elle assure une fonction de conseil en matière de construction des bâtiments administratifs.</p>
            <p>En matière d’achats, elle a en charge la connaissance du marché, la veille juridique et technologique, la tutelle et la représentation du ministère au niveau interministériel. Elle évalue les besoins des services de l’administration centrale et coordonne la commande publique du ministère.</p>
         </biogHist>
      </description>
      <relations>
         <cpfRelation xmlns:xlink="http://www.w3.org/1999/xlink"
                      cpfRelationType="hierarchical-parent"
                      xlink:href="FRAN_NP_003151"
                      xlink:type="simple">
            <relationEntry>Service de l'action administrative et de la modernisation (ministères de l'Éducation nationale et de l'Enseignement supérieur et de la Recherche)</relationEntry>
            <dateRange>
               <fromDate standardDate="2006-01-01">2006</fromDate>
               <toDate/>
            </dateRange>
         </cpfRelation>
         <cpfRelation xmlns:xlink="http://www.w3.org/1999/xlink"
                      cpfRelationType="hierarchical-child"
                      xlink:href="FRAN_NP_003253"
                      xlink:type="simple">
            <relationEntry>Bureau du budget et du dialogue de gestion (service de l'action administrative et de la modernisation, ministères de l'Éducation nationale et de l'Enseignement supérieur et de la Recherche)</relationEntry>
            <dateRange>
               <fromDate standardDate="2006-01-01">2006</fromDate>
            </dateRange>
         </cpfRelation>
         <cpfRelation xmlns:xlink="http://www.w3.org/1999/xlink"
                      cpfRelationType="hierarchical-child"
                      xlink:href="FRAN_NP_003254"
                      xlink:type="simple">
            <relationEntry>Département du pilotage des achats (ministères de l'Éducation nationale et de l'Enseignement supérieur et de la Recherche)</relationEntry>
            <dateRange>
               <fromDate standardDate="2006-01-01">2006</fromDate>
               <toDate standardDate="2009-12-31">2009</toDate>
            </dateRange>
         </cpfRelation>
         <cpfRelation xmlns:xlink="http://www.w3.org/1999/xlink"
                      cpfRelationType="hierarchical-child"
                      xlink:href="FRAN_NP_003255"
                      xlink:type="simple">
            <relationEntry>Département de l'action patrimoniale (service de l'action administrative et de la modernisation, ministères de l'Éducation nationale et de l'Enseignement supérieur et de la Recherche)</relationEntry>
            <dateRange>
               <fromDate standardDate="2006-01-01">2006</fromDate>
            </dateRange>
         </cpfRelation>
         <cpfRelation xmlns:xlink="http://www.w3.org/1999/xlink"
                      cpfRelationType="temporal-earlier"
                      xlink:href="FRAN_NP_002836"
                      xlink:type="simple">
            <relationEntry>Sous-direction des moyens des services et du patrimoine (ministère de l'Éducation nationale)</relationEntry>
            <dateRange>
               <fromDate standardDate="2006-01-01">2006</fromDate>
            </dateRange>
         </cpfRelation>
         <resourceRelation xmlns:xlink="http://www.w3.org/1999/xlink"
                           resourceRelationType="creatorOf"
                           xlink:href="FRAN_IR_056960"
                           xlink:type="simple">
            <relationEntry localType="archival">Archives de la Sous-direction du pilotage et du dialogue de gestion du ministère de l'Éducation nationale (1978-2010)</relationEntry>
         </resourceRelation>
         <resourceRelation xmlns:xlink="http://www.w3.org/1999/xlink"
                           resourceRelationType="creatorOf"
                           xlink:href="FRAN_IR_051156"
                           xlink:type="simple">
            <relationEntry localType="archival">Dossiers de contentieux du service de l'action administrative et de la modernisation, sous-direction chargée du patrimoine immobilier</relationEntry>
         </resourceRelation>
      </relations>
   </cpfDescription>
</eac-cpf>
