<eac-cpf xmlns="urn:isbn:1-931666-33-4"
         xmlns:xsi="http://www.w3.org/2001/XMLSchema-instance"
         xsi:schemaLocation="urn:isbn:1-931666-33-4 cpf.xsd">
   <control>
      <recordId>FRAN_NP_009801</recordId>
      <maintenanceStatus>revised</maintenanceStatus>
      <maintenanceAgency>
         <agencyName>Archives nationales de France</agencyName>
      </maintenanceAgency>
      <languageDeclaration>
         <language languageCode="fre">Français</language>
         <script scriptCode="Latn"/>
      </languageDeclaration>
      <conventionDeclaration>
         <citation>Notice établie conformément à la norme ICA-ISAAR (CPF) 2004, aux normes ISO 8601 pour le système de normalisation des dates utilisé, ainsi que AFNOR NF Z 44-061, juin 1986. Catalogage : forme et structure des vedettes noms de personne, des vedettes titres, des rubriques de classement et des titres forgés.</citation>
      </conventionDeclaration>
      <localControl localType="niveau_de_detail">
         <term>Complète</term>
      </localControl>
      <maintenanceHistory>
         <maintenanceEvent>
            <eventType>derived</eventType>
            <eventDateTime>2013-04-23</eventDateTime>
            <agentType>machine</agentType>
            <agent>Import_SIA</agent>
         </maintenanceEvent>
         <maintenanceEvent>
            <eventType>revised</eventType>
            <eventDateTime>2017-04-19</eventDateTime>
            <agentType>human</agentType>
            <agent>Mission.referentiels MISSION.REFERENTIELS</agent>
         </maintenanceEvent>
         <maintenanceEvent>
            <eventType>updated</eventType>
            <eventDateTime>2017-04-19</eventDateTime>
            <agentType>human</agentType>
            <agent>Mission.referentiels MISSION.REFERENTIELS</agent>
            <eventDescription>F. Clavaud, 19 avril 2017 : recréé version à partir des infos fournies par M. Zelverte, revu liens NP</eventDescription>
         </maintenanceEvent>
      </maintenanceHistory>
      <sources>
         <source>
            <sourceEntry>Site du ministère de la Culture et de la Communication (http://www.culturecommunication.gouv.fr/Politiques-ministerielles/Livre-et-Lecture/Service-du-Livre-et-de-la-Lecture/Le-Departement-des-Bibliotheques)</sourceEntry>
         </source>
         <source>
            <sourceEntry>Journal Officiel de la République française</sourceEntry>
         </source>
      </sources>
   </control>
   <cpfDescription>
      <identity>
         <entityType>corporateBody</entityType>
         <nameEntry localType="autorisée" scriptCode="Latn" xml:lang="fre">
            <part>France. Direction générale des Médias et des Industries culturelles. Service du Livre et de la Lecture. Département des bibliothèques (2012-....)</part>
         </nameEntry>
      </identity>
      <description>
         <existDates>
            <dateRange>
               <fromDate standardDate="2012-03-01">1er mars 2012</fromDate>
            </dateRange>
         </existDates>
         <legalStatuses>
            <legalStatus>
               <term vocabularySource="d5blonaxbw--1mt8t42bokzts">service d'administration centrale</term>
            </legalStatus>
         </legalStatuses>
         <functions>
            <function>
               <term vocabularySource="d3nyug92d2--81fv3kv7ow8s">aide de l'Etat</term>
            </function>
            <function>
               <term vocabularySource="d3nyuh17x9-p3lv1gh3hjbu">contrôle technique</term>
            </function>
            <function>
               <term vocabularySource="d3nyuh38s6-1lg9onn879oxm">coordination</term>
            </function>
            <function>
               <term vocabularySource="d3nyuidsbr-1umshw9gnudo9">relations internationales</term>
            </function>
            <function>
               <term vocabularySource="d3nyuiihz0-a8ekfbm461kd">statistique</term>
            </function>
            <function>
               <term vocabularySource="d3nyuilwmi-zu0efiq3ap4v">tutelle</term>
            </function>
         </functions>
         <mandates>
            <mandate>
               <descriptiveNote>
                  <p>Arrêté du 19 janvier 2012 modifiant l'arrêté du 17 novembre 2009 relatif aux missions et à l'organisation de la direction générale des médias et des industries culturelles (https://www.legifrance.gouv.fr/eli/arrete/2012/1/19/MCCB1130198A/jo/texte).</p>
               </descriptiveNote>
            </mandate>
         </mandates>
         <structureOrGenealogy>
            <p>Le département des bibliothèques comprend :</p>
            <list>
               <item>le bureau de la lecture publique,</item>
               <item>le bureau du patrimoine,</item>
               <item>la mission bibliothèques européennes et internationales,</item>
               <item>l'observatoire des bibliothèques.</item>
            </list>
         </structureOrGenealogy>
         <biogHist>
            <p>
               <span style="underline">Historique</span> : 
    </p>
            <p>Le département des bibliothèques est créé au sein du service du Livre et de la Lecture par l'article 1 de l'arrêté du 19 janvier 2012 (publié au Journal Officiel le 29 février) qui modifie l'arrêté du 17 novembre 2009 et réorganise la direction générale des Médias et des Industries culturelles (DGMIC). Il succède ainsi au département de la lecture, au département du patrimoine et de la politique numérique et au département de la tutelle et du réseau.</p>
            <p/>
            <p>
               <span style="underline">Missions</span> : 
    </p>
            <p>Le département des bibliothèques est chargé du suivi des politiques publiques relatives à la lecture et aux bibliothèques :</p>
            <list>
               <item>Il assure la tutelle de la Bibliothèque nationale de France (BnF) et de la Bibliothèque publique d'information (BPI). Il coordonne la politique de réseau menée par ces deux établissements publics pour le compte de l'État.</item>
               <item>Il exerce le contrôle technique de l'État sur les bibliothèques relevant des collectivités territoriales tel que défini en particulier aux articles L 310-1 et R 310-9 du Code du Patrimoine.</item>
               <item>Il élabore et publie les statistiques nationales relatives à l'activité des bibliothèques publiques.</item>
               <item>Il veille à la préservation et à la valorisation des collections patrimoniales des bibliothèques publiques, notamment des 54 bibliothèques municipales classées. À ce titre, il contribue à l'enrichissement des collections (droit de préemption, interventions en vente publique, subventions) et à leur signalement (coordination de catalogues collectifs). Il conçoit et coordonne le Plan d'action pour le Patrimoine écrit, accompagne et évalue les actions de recherche et de valorisation.</item>
               <item>Il participe à la coordination des politiques de numérisation au plan national.</item>
               <item>Il assure le suivi de la circulation des biens culturels relevant du domaine du livre (manuscrits, livres, estampes, photographies, collections numismatiques, cartes...).</item>
               <item>En coordination avec le ministère chargé des collectivités locales, il suit les questions relatives aux aides de l’État à l’investissement des bibliothèques territoriales (bibliothèques municipales et bibliothèques départementales de prêt) au sein de la dotation générale de décentralisation (DGD) : projets de construction, modernisation des établissements, développement des équipements informatiques et numériques (« contrat numérique », « bibliothèques numériques de référence » …).</item>
               <item>Il participe aux politiques interministérielles en faveur de la lecture, notamment auprès des publics momentanément éloignés de l’offre de lecture des bibliothèques (personnes hospitalisées, handicapées, détenues, etc). Il mène des actions en direction des enfants et des jeunes publics (développement de la lecture et de la littérature jeunesse, éducation artistique et culturelle) ou dans le cadre de coopérations territoriales (contrats territoire lecture).</item>
               <item>Il assure la liaison avec le ministère de l'enseignement supérieur et de la recherche pour les questions transversales aux bibliothèques (information bibliographique, catalogues collectifs, ressources numériques...).</item>
               <item>Il assure le suivi des politiques publiques et des actions des bibliothèques au plan international (IFLA, UNESCO, LIBER, NAPLE, etc).</item>
            </list>
         </biogHist>
      </description>
      <relations>
         <cpfRelation xmlns:xlink="http://www.w3.org/1999/xlink"
                      cpfRelationType="associative"
                      xlink:href="FRAN_NP_051355"
                      xlink:type="simple">
            <relationEntry>Bibliothèque nationale de France (1994-....)</relationEntry>
            <dateRange>
               <fromDate standardDate="2012-03-01">1er mars 2012</fromDate>
            </dateRange>
            <descriptiveNote>
               <p>
     @isFunctionnallyLinkedTo@
    </p>
            </descriptiveNote>
         </cpfRelation>
         <cpfRelation xmlns:xlink="http://www.w3.org/1999/xlink"
                      cpfRelationType="hierarchical-child"
                      xlink:href="FRAN_NP_009804"
                      xlink:type="simple">
            <relationEntry>France. Service du Livre et de la Lecture. Département des bibliothèques. Bureau du patrimoine (2012-....)</relationEntry>
            <dateRange>
               <fromDate standardDate="2012-03-01">1er mars 2012</fromDate>
            </dateRange>
            <descriptiveNote>
               <p>
     @isPartOf@
    </p>
            </descriptiveNote>
         </cpfRelation>
         <cpfRelation xmlns:xlink="http://www.w3.org/1999/xlink"
                      cpfRelationType="hierarchical-child"
                      xlink:href="FRAN_NP_009803"
                      xlink:type="simple">
            <relationEntry>France. Service du Livre et de la Lecture. Département des bibliothèques. Bureau de la lecture publique (2012-....)</relationEntry>
            <dateRange>
               <fromDate standardDate="2012-03-01">1er mars 2012</fromDate>
            </dateRange>
            <descriptiveNote>
               <p>
     @isPartOf@
    </p>
            </descriptiveNote>
         </cpfRelation>
         <cpfRelation xmlns:xlink="http://www.w3.org/1999/xlink"
                      cpfRelationType="associative"
                      xlink:href="FRAN_NP_005422"
                      xlink:type="simple">
            <relationEntry>Bibliothèque publique d'information (Paris)</relationEntry>
            <dateRange>
               <fromDate standardDate="2012-03-01">1er mars 2012</fromDate>
            </dateRange>
            <descriptiveNote>
               <p>
     @isFunctionnallyLinkedTo@
    </p>
            </descriptiveNote>
         </cpfRelation>
         <cpfRelation xmlns:xlink="http://www.w3.org/1999/xlink"
                      cpfRelationType="hierarchical-parent"
                      xlink:href="FRAN_NP_005628"
                      xlink:type="simple">
            <relationEntry>France. Direction générale des Médias et des Industries culturelles. Service du Livre et de la Lecture (2010-....)</relationEntry>
            <dateRange>
               <fromDate standardDate="2012-03-01">1er mars 2012</fromDate>
            </dateRange>
            <descriptiveNote>
               <p>@isPartOf@</p>
            </descriptiveNote>
         </cpfRelation>
         <cpfRelation xmlns:xlink="http://www.w3.org/1999/xlink"
                      cpfRelationType="temporal-earlier"
                      xlink:href="FRAN_NP_005630"
                      xlink:type="simple">
            <relationEntry>France. Direction générale des Médias et des Industries culturelles. Service du Livre et de la Lecture. Département de la lecture (2010-2012)</relationEntry>
            <dateRange>
               <fromDate standardDate="2012-03-01">1er mars 2012</fromDate>
            </dateRange>
         </cpfRelation>
         <cpfRelation xmlns:xlink="http://www.w3.org/1999/xlink"
                      cpfRelationType="temporal-earlier"
                      xlink:href="FRAN_NP_005629"
                      xlink:type="simple">
            <relationEntry>France. Direction générale des Médias et des Industries culturelles. Service du Livre et de la Lecture. Département du patrimoine et de la politique numérique (2010-2012)</relationEntry>
            <dateRange>
               <fromDate standardDate="2012-03-01">1er mars 2012</fromDate>
            </dateRange>
         </cpfRelation>
         <cpfRelation xmlns:xlink="http://www.w3.org/1999/xlink"
                      cpfRelationType="temporal-earlier"
                      xlink:href="FRAN_NP_005632"
                      xlink:type="simple">
            <relationEntry>France. Direction générale des Médias et des Industries culturelles. Service du Livre et de la Lecture. Département de la tutelle et du réseau (2010-2012)</relationEntry>
            <dateRange>
               <fromDate standardDate="2012-03-01">1er mars 2012</fromDate>
            </dateRange>
         </cpfRelation>
      </relations>
   </cpfDescription>
</eac-cpf>
