<eac-cpf xmlns="urn:isbn:1-931666-33-4"
         xmlns:xsi="http://www.w3.org/2001/XMLSchema-instance"
         xsi:schemaLocation="urn:isbn:1-931666-33-4 cpf.xsd">
   <control>
      <recordId>FRAN_NP_005084</recordId>
      <otherRecordId localType="Ancien_identifiant">5103/BP</otherRecordId>
      <maintenanceStatus>revised</maintenanceStatus>
      <maintenanceAgency>
         <agencyName>Archives nationales de France</agencyName>
      </maintenanceAgency>
      <languageDeclaration>
         <language languageCode="fre">Français</language>
         <script scriptCode="Latn"/>
      </languageDeclaration>
      <conventionDeclaration>
         <citation>Notice établie conformément à la norme ICA-ISAAR (CPF) 2004, aux normes ISO 8601 pour le système de normalisation des dates utilisé, ainsi que AFNOR NF Z 44-061, juin 1986. Catalogage : forme et structure des vedettes noms de personne, des vedettes titres, des rubriques de classement et des titres forgés.</citation>
      </conventionDeclaration>
      <localControl localType="niveau_de_detail">
         <term>Complète</term>
      </localControl>
      <maintenanceHistory>
         <maintenanceEvent>
            <eventType>derived</eventType>
            <eventDateTime>2013-04-23</eventDateTime>
            <agentType>machine</agentType>
            <agent>Import_SIA</agent>
         </maintenanceEvent>
         <maintenanceEvent>
            <eventType>revised</eventType>
            <eventDateTime>2017-04-10</eventDateTime>
            <agentType>human</agentType>
            <agent>Mission.referentiels MISSION.REFERENTIELS</agent>
         </maintenanceEvent>
         <maintenanceEvent>
            <eventType>updated</eventType>
            <eventDateTime>2017-04-10</eventDateTime>
            <agentType>human</agentType>
            <agent>Mission.referentiels MISSION.REFERENTIELS</agent>
            <eventDescription>F. Clavaud, 10 avril 2017 : version recréée avec nouvelles données fournies par M. Zelverte ; revu les liens IR</eventDescription>
         </maintenanceEvent>
         <maintenanceEvent>
            <eventType>revised</eventType>
            <eventDateTime>2017-04-19</eventDateTime>
            <agentType>human</agentType>
            <agent>Mission.referentiels MISSION.REFERENTIELS</agent>
         </maintenanceEvent>
         <maintenanceEvent>
            <eventType>updated</eventType>
            <eventDateTime>2017-04-19</eventDateTime>
            <agentType>human</agentType>
            <agent>Mission.referentiels MISSION.REFERENTIELS</agent>
            <eventDescription>F. Clavaud, 19 avril 2017 : recréé lien hiérarchique</eventDescription>
         </maintenanceEvent>
      </maintenanceHistory>
      <sources>
         <source>
            <sourceEntry>Bottin administratif</sourceEntry>
         </source>
         <source>
            <sourceEntry>Journal Officiel de la République française</sourceEntry>
         </source>
      </sources>
   </control>
   <cpfDescription>
      <identity>
         <entityType>corporateBody</entityType>
         <nameEntry localType="autorisée" scriptCode="Latn" xml:lang="fre">
            <part>France. Ministère de la Culture et de la Communication. Direction du Livre et de la Lecture. Département des bibliothèques et de la lecture (1976-1993)</part>
         </nameEntry>
         <nameEntry>
            <part>Service des bibliothèques publiques et de la lecture</part>
            <useDates>
               <dateRange>
                  <fromDate standardDate="1986-01-01">1986</fromDate>
                  <toDate standardDate="1987-12-31">1987</toDate>
               </dateRange>
            </useDates>
         </nameEntry>
         <nameEntry>
            <part>Département des bibliothèques et de la lecture</part>
            <useDates>
               <dateRange>
                  <fromDate standardDate="1988-01-01">1988</fromDate>
                  <toDate standardDate="1992-12-31">1992</toDate>
               </dateRange>
            </useDates>
         </nameEntry>
         <nameEntry>
            <part>Département des bibliothèques</part>
            <useDates>
               <dateRange>
                  <fromDate standardDate="1993-01-01">janvier 1993</fromDate>
                  <toDate standardDate="1993-03-21">21 mars 1993</toDate>
               </dateRange>
            </useDates>
         </nameEntry>
         <nameEntry>
            <part>Service des bibliothèques publiques</part>
            <useDates>
               <dateRange>
                  <fromDate standardDate="1976-01-01">1976</fromDate>
                  <toDate standardDate="1985-12-31">1985</toDate>
               </dateRange>
            </useDates>
         </nameEntry>
      </identity>
      <description>
         <existDates>
            <dateRange>
               <fromDate standardDate="1976-01-01">1er janvier 1976</fromDate>
               <toDate standardDate="1993-03-21">21 mars 1993</toDate>
            </dateRange>
         </existDates>
         <legalStatuses>
            <legalStatus>
               <term vocabularySource="d5blonaxbw--1mt8t42bokzts">service d'administration centrale</term>
            </legalStatus>
         </legalStatuses>
         <mandates>
            <mandate>
               <descriptiveNote>
                  <p>- Décret n°75-1218 du 23 décembre 1975 portant création d'une direction du Livre au Secrétariat d'État à la Culture (https://www.legifrance.gouv.fr/affichTexte.do?cidTexte=JORFTEXT000000500773&amp;amp;fastPos=8&amp;amp;fastReqId=1172929266&amp;amp;categorieLien=id&amp;amp;oldAction=rechTexte)</p>
                  <p>- Arrêté du 16 février 1987 relatif à l'organisation de la direction du Livre et de la Lecture (https://www.legifrance.gouv.fr/affichTexte.do?cidTexte=JORFTEXT000000843367&amp;amp;fastPos=1&amp;amp;fastReqId=881062634&amp;amp;categorieLien=id&amp;amp;oldAction=rechTexte)</p>
                  <p>- Arrêté du 19 mars 1993 relatif à l'organisation de la direction du Livre et de la Lecture (https://www.legifrance.gouv.fr/affichTexte.do?cidTexte=JORFTEXT000000163938&amp;amp;fastPos=20&amp;amp;fastReqId=601913759&amp;amp;categorieLien=id&amp;amp;oldAction=rechTexte)</p>
               </descriptiveNote>
            </mandate>
         </mandates>
         <structureOrGenealogy>
            <p>De 1975 à 1986, le service des bibliothèques publiques est composé de trois bureaux : </p>
            <p>- Bureau DL 5 : bibliothèques municipales ;</p>
            <p>- Bureau DL 6 : bibliothèques centrales de prêt ;</p>
            <p>- Bureau DL 7 : documentation et recherche. En 1977, ce bureau prend le nom de "coopération et recherche", puis "études et actions communes" en 1979.</p>
            <p/>
            <p>L'organisation du service est refondue en 1986, dans le contexte des lois de décentralisation qui transfèrent aux départements la gestion des bibliothèques centrales de prêt (qui deviennent bibliothèques départementales de prêt). Le service devient brièvement le 
     <span style="bold">service des bibliothèques publiques et de la lecture</span> et comporte alors deux bureaux et deux cellules : 
    </p>
            <p>- Bureau du développement de la lecture ;</p>
            <p>- Bureau de la coopération ;</p>
            <p>- Cellule Patrimoine ;</p>
            <p>- Cellule Formation.</p>
            <p/>
            <p>Le 
     <span style="bold">département des bibliothèques et de la lecture</span> est ensuite composé de deux bureaux (arrêté du 16 février 1987) : 
    </p>
            <p> - Bureau des établissements et du patrimoine, qui devient Bureau des établissements, du patrimoine et de l'action culturelle ;</p>
            <p> - Bureau de la coopération et de la formation.</p>
            <p/>
            <p>Ces deux bureaux sont refondus en 1989 :</p>
            <p> - Bureau des établissements, de la formation et de la lecture ;</p>
            <p>- Bureau du patrimoine, de l'informatique et de l'audiovisuel.</p>
            <p/>
            <p>Peu avant sa disparition en 1993, le département des bibliothèques et de la lecture devient brièvement 
     <span style="bold">département des bibliothèques</span>. Il est alors composé de quatre bureaux : 
    </p>
            <p>- Bureau des établissements territoriaux ; </p>
            <p>- Bureau du développement des collections et du patrimoine ; </p>
            <p>- Bureau des formations et des qualifications ; </p>
            <p>- Bureau des projets nationaux et des Grands Établissements.</p>
         </structureOrGenealogy>
         <biogHist>
            <p>
               <span style="underline">Historique</span> : 
    </p>
            <p>Le service des bibliothèques publiques apparaît suite au décret du 23 décembre 1975, qui crée à compter du 1er janvier 1976 la direction du Livre (DL). </p>
            <p>Il est réorganisé par l'arrêté du 16 février 1987 relatif à l'organisation de la direction du Livre et de la Lecture (DLL).</p>
            <p>Il disparaît avec l'arrêté du 19 mars 1993 (publié au Journal Officiel le 21 mars), qui réorganise entièrement la direction du Livre et de la Lecture.</p>
            <p/>
            <p>
               <span style="underline">Missions</span> : 
    </p>
            <p>Son domaine d'action est la lecture publique. Il est chargé du contrôle des bibliothèques municipales (subventions pour l'équipement et le fonctionnement, contrôle sur les bâtiments et le matériel, crédits pour l'achat de livres, statistiques...), de la gestion des bibliothèques centrales de prêt (fonctionnement, équipement, bibliobus, plans départementaux de lecture publique...), ainsi que d'une mission d'animation du réseau des bibliothèques (documentation générale, recherche, achats centralisés de livres, puis coopération inter-bibliothèques, formation continue, études générales relatives à la lecture publique...).</p>
            <p>Ses fonctions évoluent avec les lois de décentralisation et le transfert de la gestion des bibliothèques centrales de prêt aux départements en 1986 (les bibliothèques centrales de prêt deviennent alors bibliothèques départementales de prêt) : la mission de contrôle et de coopération inter-bibliothèques devient alors primordiale. Les actions de formation prennent également de l'ampleur.</p>
            <p>À partir de 1986, le domaine patrimonial rejoint les préoccupations relatives à la lecture publique, avec la création d'une cellule Patrimoine, qui aborde des questions de conservation matérielle, d'acquisitions, de valorisation... Le périmètre des politiques de lecture publique s'élargit (comités d'entreprise, prisons, armée par exemple) et s'ouvre vers la notion d'action culturelle. Le service des bibliothèques publiques et de la lecture est également amené à accompagner le changement technologique : ses missions comprennent progressivement les domaines de l'audiovisuel et de l'informatisation. Le département s'oriente de plus en plus vers des missions d'expertise et de formation dans les domaines du bâtiment, de la conservation préventive, des nouvelles technologies...</p>
         </biogHist>
      </description>
      <relations>
         <cpfRelation xmlns:xlink="http://www.w3.org/1999/xlink"
                      cpfRelationType="temporal-later"
                      xlink:href="FRAN_NP_005674"
                      xlink:type="simple">
            <relationEntry>France. Direction du Livre et de la Lecture. Département de l'action régionale et des bibliothèques territoriales (1993-1995)</relationEntry>
            <dateRange>
               <fromDate standardDate="1993-03-22">22 mars 1993</fromDate>
            </dateRange>
         </cpfRelation>
         <cpfRelation xmlns:xlink="http://www.w3.org/1999/xlink"
                      cpfRelationType="hierarchical-child"
                      xlink:href="FRAN_NP_005671"
                      xlink:type="simple">
            <relationEntry>France. Direction du Livre et de la Lecture. Bureau des bibliothèques centrales de prêt (1976-1987)</relationEntry>
            <dateRange>
               <fromDate standardDate="1976-01-01">1976</fromDate>
               <toDate standardDate="1987-05-20">20 mai 1987</toDate>
            </dateRange>
            <descriptiveNote>
               <p> @isPartOf@ </p>
            </descriptiveNote>
         </cpfRelation>
         <cpfRelation xmlns:xlink="http://www.w3.org/1999/xlink"
                      cpfRelationType="hierarchical-child"
                      xlink:href="FRAN_NP_005080"
                      xlink:type="simple">
            <relationEntry>France. Direction du Livre et de la Lecture. Bureau de la coopération et de la formation (1987-1988)</relationEntry>
            <dateRange>
               <fromDate standardDate="1987-05-21">21 mai 1987</fromDate>
               <toDate standardDate="1988-12-31">1988</toDate>
            </dateRange>
            <descriptiveNote>
               <p> @isPartOf@ </p>
            </descriptiveNote>
         </cpfRelation>
         <cpfRelation xmlns:xlink="http://www.w3.org/1999/xlink"
                      cpfRelationType="hierarchical-child"
                      xlink:href="FRAN_NP_005081"
                      xlink:type="simple">
            <relationEntry>France. Direction du Livre et de la Lecture. Bureau des établissements, du patrimoine et de l'action culturelle (1987-1988)</relationEntry>
            <dateRange>
               <fromDate standardDate="1987-05-21">21 mai 1987</fromDate>
               <toDate standardDate="1988-12-31">1988</toDate>
            </dateRange>
            <descriptiveNote>
               <p> @isPartOf@ </p>
            </descriptiveNote>
         </cpfRelation>
         <cpfRelation xmlns:xlink="http://www.w3.org/1999/xlink"
                      cpfRelationType="hierarchical-child"
                      xlink:href="FRAN_NP_005672"
                      xlink:type="simple">
            <relationEntry>France. Direction du Livre et de la Lecture. Bureau des études et des actions communes (1976-1987)</relationEntry>
            <dateRange>
               <fromDate standardDate="1976-01-01">1976</fromDate>
               <toDate standardDate="1987-05-20">20 mai 1987</toDate>
            </dateRange>
            <descriptiveNote>
               <p> @isPartOf@ </p>
            </descriptiveNote>
         </cpfRelation>
         <cpfRelation xmlns:xlink="http://www.w3.org/1999/xlink"
                      cpfRelationType="hierarchical-child"
                      xlink:href="FRAN_NP_005082"
                      xlink:type="simple">
            <relationEntry>France. Direction du Livre et de la Lecture. Bureau des établissements, de la formation et de la lecture (1989-1993)</relationEntry>
            <dateRange>
               <fromDate standardDate="1989-01-01">1989</fromDate>
               <toDate standardDate="1993-03-21">21 mars 1993</toDate>
            </dateRange>
         </cpfRelation>
         <cpfRelation xmlns:xlink="http://www.w3.org/1999/xlink"
                      cpfRelationType="hierarchical-child"
                      xlink:href="FRAN_NP_005083"
                      xlink:type="simple">
            <relationEntry>France. Direction du Livre et de la Lecture. Bureau du patrimoine, de l'informatique et de l'audiovisuel (1989-1993)</relationEntry>
            <dateRange>
               <fromDate standardDate="1989-01-01">1989</fromDate>
               <toDate standardDate="1993-03-21">21 mars 1993</toDate>
            </dateRange>
         </cpfRelation>
         <cpfRelation xmlns:xlink="http://www.w3.org/1999/xlink"
                      cpfRelationType="hierarchical-child"
                      xlink:href="FRAN_NP_005670"
                      xlink:type="simple">
            <relationEntry>France. Direction du Livre et de la Lecture. Bureau des bibliothèques municipales (1976-1987)</relationEntry>
            <dateRange>
               <fromDate standardDate="1976-01-01">1976</fromDate>
               <toDate standardDate="1987-05-20">20 mai 1987</toDate>
            </dateRange>
            <descriptiveNote>
               <p> @isPartOf@ </p>
            </descriptiveNote>
         </cpfRelation>
         <cpfRelation xmlns:xlink="http://www.w3.org/1999/xlink"
                      cpfRelationType="temporal-later"
                      xlink:href="FRAN_NP_005673"
                      xlink:type="simple">
            <relationEntry>France. Direction du Livre et de la Lecture. Département des bibliothèques de l'État et des affaires générales (1993-1995)</relationEntry>
            <dateRange>
               <fromDate standardDate="1993-03-22">22 mars 1993</fromDate>
            </dateRange>
         </cpfRelation>
         <cpfRelation xmlns:xlink="http://www.w3.org/1999/xlink"
                      cpfRelationType="temporal-earlier"
                      xlink:href="FRAN_NP_003552"
                      xlink:type="simple">
            <relationEntry>France. Direction des bibliothèques et de la lecture publique. Services techniques (1945-1975)</relationEntry>
            <dateRange>
               <fromDate standardDate="1976-01-01">1976</fromDate>
            </dateRange>
         </cpfRelation>
         <cpfRelation xmlns:xlink="http://www.w3.org/1999/xlink"
                      cpfRelationType="hierarchical-parent"
                      xlink:href="FRAN_NP_005099"
                      xlink:type="simple">
            <relationEntry>France. Ministère de la Culture et de la Communication. Direction du Livre et de la Lecture (1976-2010)</relationEntry>
            <dateRange>
               <fromDate standardDate="1976-01-01">1976</fromDate>
               <toDate standardDate="1993-03-21">21 mars 1993</toDate>
            </dateRange>
            <descriptiveNote>
               <p>@isPartOf@</p>
            </descriptiveNote>
         </cpfRelation>
         <resourceRelation xmlns:xlink="http://www.w3.org/1999/xlink"
                           resourceRelationType="creatorOf"
                           xlink:href="FRAN_IR_016323"
                           xlink:type="simple">
            <relationEntry localType="archival">Culture ; Direction du Livre et de la lecture ; Service bibliothèques publiques (1975-1985) - Service bibliothèques publiques, lecture (1986) - Département bibliothèques, lecture (1987-) (1913-1985)</relationEntry>
         </resourceRelation>
         <resourceRelation xmlns:xlink="http://www.w3.org/1999/xlink"
                           resourceRelationType="creatorOf"
                           xlink:href="FRAN_IR_022115"
                           xlink:type="simple">
            <relationEntry localType="archival">Culture ; Direction du Livre et de la lecture ; Service bibliothèques publiques (1975-1985) - Service bibliothèques publiques, lecture (1986) - Département bibliothèques, lecture (1987-) (1944-1988)</relationEntry>
         </resourceRelation>
         <resourceRelation xmlns:xlink="http://www.w3.org/1999/xlink"
                           resourceRelationType="creatorOf"
                           xlink:href="FRAN_IR_008315"
                           xlink:type="simple">
            <relationEntry localType="archival">Culture ; Direction du Livre et de la lecture ; Service bibliothèques publiques (1975-1985) - Service bibliothèques publiques, lecture (1986) - Département bibliothèques, lecture (1987-) (1950-1990)</relationEntry>
         </resourceRelation>
         <resourceRelation xmlns:xlink="http://www.w3.org/1999/xlink"
                           resourceRelationType="creatorOf"
                           xlink:href="FRAN_IR_014717"
                           xlink:type="simple">
            <relationEntry localType="archival">Culture ; Direction du Livre et de la lecture ; Service bibliothèques publiques (1975-1985) - Service bibliothèques publiques, lecture (1986) - Département bibliothèques, lecture (1987-) (1968-1975)</relationEntry>
         </resourceRelation>
         <resourceRelation xmlns:xlink="http://www.w3.org/1999/xlink"
                           resourceRelationType="creatorOf"
                           xlink:href="FRAN_IR_023335"
                           xlink:type="simple">
            <relationEntry localType="archival">Culture ; Direction du livre et de la lecture ; Service bibliothèques publiques (1975-1985) ; Service bibliothèques publiques, lecture (1986) - Département bibliothèques, lecture (1987-) (1910-1999)</relationEntry>
         </resourceRelation>
         <resourceRelation xmlns:xlink="http://www.w3.org/1999/xlink"
                           resourceRelationType="creatorOf"
                           xlink:href="FRAN_IR_018533"
                           xlink:type="simple">
            <relationEntry localType="archival">Culture ; Direction du livre et de la lecture ; Service bibliothèques publiques (1975-1985) ; Service bibliothèques publiques, lecture (1986) - Département bibliothèques, lecture (1987-) (1954-1991)</relationEntry>
         </resourceRelation>
         <resourceRelation xmlns:xlink="http://www.w3.org/1999/xlink"
                           resourceRelationType="creatorOf"
                           xlink:href="FRAN_IR_013663"
                           xlink:type="simple">
            <relationEntry localType="archival">Culture ; Direction du livre et de la lecture ; Service bibliothèques publiques (1975-1985) ; Service bibliothèques publiques, lecture (1986) - Département bibliothèques, lecture (1987-) (1954-1997)</relationEntry>
         </resourceRelation>
         <resourceRelation xmlns:xlink="http://www.w3.org/1999/xlink"
                           resourceRelationType="creatorOf"
                           xlink:href="FRAN_IR_023059"
                           xlink:type="simple">
            <relationEntry localType="archival">Culture ; Direction du livre et de la lecture ; Service bibliothèques publiques (1975-1985) ; Service bibliothèques publiques, lecture (1986) - Département bibliothèques, lecture (1987-) (1975-1993)</relationEntry>
         </resourceRelation>
         <resourceRelation xmlns:xlink="http://www.w3.org/1999/xlink"
                           resourceRelationType="creatorOf"
                           xlink:href="FRAN_IR_015881"
                           xlink:type="simple">
            <relationEntry localType="archival">Culture ; Direction du livre et de la lecture ; Service bibliothèques publiques (1975-1985) ; Service bibliothèques publiques, lecture (1986) - Département bibliothèques, lecture (1987-) (1977-1992)</relationEntry>
         </resourceRelation>
         <resourceRelation xmlns:xlink="http://www.w3.org/1999/xlink"
                           resourceRelationType="creatorOf"
                           xlink:href="FRAN_IR_015882"
                           xlink:type="simple">
            <relationEntry localType="archival">Culture ; Direction du livre et de la lecture ; Service bibliothèques publiques (1975-1985) ; Service bibliothèques publiques, lecture (1986) - Département bibliothèques, lecture (1987-) (1990)</relationEntry>
         </resourceRelation>
         <resourceRelation xmlns:xlink="http://www.w3.org/1999/xlink"
                           resourceRelationType="creatorOf"
                           xlink:href="FRAN_IR_019351"
                           xlink:type="simple">
            <relationEntry localType="archival">Culture ; Direction du livre et de la lecture ; Service bibliothèques publiques (1975-1985) - Service bibliothèques publiques, lecture (1986) - Département bibliothèques, lecture (1987-) (1945-1999)</relationEntry>
         </resourceRelation>
         <resourceRelation xmlns:xlink="http://www.w3.org/1999/xlink"
                           resourceRelationType="creatorOf"
                           xlink:href="FRAN_IR_026576"
                           xlink:type="simple">
            <relationEntry localType="archival">Culture ; Direction du livre et de la lecture ; Service bibliothèques publiques (1975-1985) - Service bibliothèques publiques, lecture (1986) - Département bibliothèques, lecture (1987-) (1990-1996)</relationEntry>
         </resourceRelation>
      </relations>
   </cpfDescription>
</eac-cpf>
