<eac-cpf xmlns="urn:isbn:1-931666-33-4"
         xmlns:xsi="http://www.w3.org/2001/XMLSchema-instance"
         xsi:schemaLocation="urn:isbn:1-931666-33-4 cpf.xsd">
   <control>
      <recordId>FRAN_NP_000071</recordId>
      <otherRecordId localType="Ancien_identifiant">1401/CASPE</otherRecordId>
      <maintenanceStatus>revised</maintenanceStatus>
      <maintenanceAgency>
         <agencyName>Archives nationales de France</agencyName>
      </maintenanceAgency>
      <languageDeclaration>
         <language languageCode="fre">Français</language>
         <script scriptCode="Latn"/>
      </languageDeclaration>
      <conventionDeclaration>
         <citation>Notice établie conformément à la norme ICA-ISAAR (CPF) 2004, aux normes ISO 8601 pour le système de normalisation des dates utilisé, ainsi que AFNOR NF Z 44-061, juin 1986. Catalogage : forme et structure des vedettes noms de personne, des vedettes titres, des rubriques de classement et des titres forgés.</citation>
      </conventionDeclaration>
      <localControl localType="niveau_de_detail">
         <term>Élémentaire</term>
      </localControl>
      <maintenanceHistory>
         <maintenanceEvent>
            <eventType>derived</eventType>
            <eventDateTime>2015-09-30</eventDateTime>
            <agentType>machine</agentType>
            <agent>Import_SIA</agent>
         </maintenanceEvent>
         <maintenanceEvent>
            <eventType>revised</eventType>
            <eventDateTime>2017-05-15</eventDateTime>
            <agentType>human</agentType>
            <agent>Arnaud ROMONT</agent>
         </maintenanceEvent>
         <maintenanceEvent>
            <eventType>updated</eventType>
            <eventDateTime>2017-08-18</eventDateTime>
            <agentType>human</agentType>
            <agent>Samuel GIBIAT</agent>
            <eventDescription>Notice enrichie, relue et validée par SG le 12 juin 2017.</eventDescription>
         </maintenanceEvent>
      </maintenanceHistory>
      <sources>
         <source>
            <sourceEntry>FOUGÈRE (Louis) (dir.). Le Conseil d’État, son histoire à travers les documents d'époque, 1799-1974. Paris : éditions du CNRS. 1974. 1012 p.</sourceEntry>
         </source>
         <source>
            <sourceEntry>MASSOT (Jean), GIRARDOT (Thierry). Le Conseil d’État. Paris : la Documentation française. 1999. 230 p.</sourceEntry>
         </source>
      </sources>
   </control>
   <cpfDescription>
      <identity>
         <entityType>corporateBody</entityType>
         <nameEntry localType="autorisée" scriptCode="Latn" xml:lang="fre">
            <part>France. Conseil d'État (1799-....). Commission spéciale de cassation des pensions (1935-2002)</part>
         </nameEntry>
         <nameEntry>
            <part>CSCP</part>
         </nameEntry>
      </identity>
      <description>
         <existDates>
            <dateRange>
               <fromDate standardDate="1935-01-01">1935</fromDate>
               <toDate standardDate="2002-12-31">2002</toDate>
            </dateRange>
         </existDates>
         <places>
            <place>
               <placeRole>Lieu de Paris</placeRole>
               <placeEntry localType="nomLieu">Palais Royal</placeEntry>
               <placeEntry localType="edifice" vocabularySource="d5bknx4v7j-1wqddent61siy">Palais Royal</placeEntry>
               <descriptiveNote>
                  <p>Siège de la commission</p>
               </descriptiveNote>
            </place>
         </places>
         <legalStatuses>
            <legalStatus>
               <term vocabularySource="d5bloo2lv1--65p8cc56ah9l">juridiction</term>
            </legalStatus>
         </legalStatuses>
         <functions>
            <function>
               <term vocabularySource="d5bhviliu0--ghc74xbke76o">justice</term>
            </function>
         </functions>
         <mandates>
            <mandate>
               <descriptiveNote>
                  <p>- Décret-loi du 8 août 1935 ;</p>
                  <p>- décret complémentaire d’application du 5 octobre 1965 ;</p>
                  <p>- loi n° 2002-73 du 17 janvier 2002 de modernisation sociale, modifiant le code des pensions militaires d’invalidité et des victimes de la guerre.</p>
               </descriptiveNote>
            </mandate>
         </mandates>
         <structureOrGenealogy>
            <p>Cette commission est considérée comme une formation de jugement spécialisée du Conseil d’État : sa composition est analogue à celle de la Commission supérieure des dommages de guerre. Ses neuf membres (à l’origine ; six titulaires et trois suppléants), tous nommés par décrets, sont des conseillers d’État en service ordinaire, conjointement avec des membres de la Cour des comptes, ou des magistrats des cours d’appel (ou des tribunaux de première instance pour les rapporteurs) en activité ou honoraires, ou des avocats honoraires au Conseil d’État et à la Cour de cassation, son président est le président de la section du Contentieux (article 2). Son vice-président est toujours un membre conseiller d’État, président de section. Le ministère public est réservé aux deux juridictions administratives et le secrétariat est assuré par le secrétariat de la section du Contentieux du Conseil d’État. La Commission spéciale de cassation des pensions garde une liaison organique avec l’institution, à laquelle elle peut renvoyer les recours dont le jugement pose un problème de principe nouveau (article 3). Les procédures sont celles de la section du Contentieux du Conseil d’État avec son système pyramidal d’instances d’instruction et de jugement : trois sections (quatre à partir du 22 mai 1968) et Assemblée plénière, où sont débattus plus particulièrement les points de droit. Les séances sont toujours publiques, et les décisions sont lues en séance publique.</p>
         </structureOrGenealogy>
         <biogHist>
            <p>Le décret-loi du 8 août 1935 et son décret complémentaire d’application du 5 octobre créent une Commission spéciale de cassation des pensions « temporairement adjointe » au Conseil d’État pour juger en cassation les décisions rendues par les juridictions des pensions militaires d’invalidité et des victimes de guerre. Cette commission fonctionne jusqu’en 2002, date de sa suppression (le nombre d’affaires portées devant cette commission diminuant).</p>
            <p>L’article 84 de la loi n° 2002-73 du 17 janvier 2002 de modernisation sociale, modifiant le code des pensions militaires d’invalidité et des victimes de la guerre, met un terme aux activités de la commission. Les affaires pendantes sont transférées à la section du Contentieux du Conseil d’État.</p>
         </biogHist>
      </description>
      <relations>
         <cpfRelation xmlns:xlink="http://www.w3.org/1999/xlink"
                      cpfRelationType="associative"
                      xlink:href="FRAN_NP_050179"
                      xlink:type="simple">
            <relationEntry>Godard, Jean (1921-....)</relationEntry>
            <dateRange>
               <fromDate standardDate="1951-01-01">1951</fromDate>
               <toDate standardDate="1952-12-31">1952</toDate>
            </dateRange>
            <descriptiveNote>
               <p> J. Godard, rapporteur à la commission spéciale de cassation des pensions </p>
            </descriptiveNote>
         </cpfRelation>
         <cpfRelation xmlns:xlink="http://www.w3.org/1999/xlink"
                      cpfRelationType="associative"
                      xlink:href="FRAN_NP_051428"
                      xlink:type="simple">
            <relationEntry>Lenoir, Noëlle (1948-....)</relationEntry>
            <dateRange>
               <fromDate standardDate="1985-09-10">10 septembre 1985</fromDate>
               <toDate standardDate="1988-11-02">2 novembre 1988</toDate>
            </dateRange>
            <descriptiveNote>
               <p> Commissaire du Gouvernement à la commission spéciale de cassation des pensions adjointe au Conseil d’État (10 septembre 1985-1er décembre 1987) Assesseur suppléant à la commission spéciale de cassation des pensions adjointe au Conseil d’État (8 juin - 2 novembre 1988) </p>
            </descriptiveNote>
         </cpfRelation>
         <cpfRelation xmlns:xlink="http://www.w3.org/1999/xlink"
                      cpfRelationType="temporal-later"
                      xlink:href="FRAN_NP_000080"
                      xlink:type="simple">
            <relationEntry>Conseil d'État</relationEntry>
            <dateRange>
               <fromDate standardDate="2002-01-01">2002</fromDate>
            </dateRange>
         </cpfRelation>
         <cpfRelation xmlns:xlink="http://www.w3.org/1999/xlink"
                      cpfRelationType="hierarchical-parent"
                      xlink:href="FRAN_NP_000080"
                      xlink:type="simple">
            <relationEntry>France. Conseil d'État (1799-....)</relationEntry>
            <dateRange>
               <fromDate standardDate="1935-01-01">1935</fromDate>
               <toDate standardDate="2002-12-31">2002</toDate>
            </dateRange>
            <descriptiveNote>
               <p>La Commission spéciale de cassation des pensions est considérée comme une formation de jugement spécialisée du Conseil d'État.</p>
            </descriptiveNote>
         </cpfRelation>
         <resourceRelation xmlns:xlink="http://www.w3.org/1999/xlink"
                           resourceRelationType="creatorOf"
                           xlink:href="FRAN_IR_027974"
                           xlink:type="simple">
            <relationEntry localType="archival">Archives de la Commission spéciale de cassation des pensions du Conseil d'État (1935-1953)</relationEntry>
         </resourceRelation>
         <resourceRelation xmlns:xlink="http://www.w3.org/1999/xlink"
                           resourceRelationType="creatorOf"
                           xlink:href="FRAN_IR_019477"
                           xlink:type="simple">
            <relationEntry localType="archival">Archives de la Commission spéciale de cassation des pensions du Conseil d'État (1935-2002)</relationEntry>
         </resourceRelation>
         <resourceRelation xmlns:xlink="http://www.w3.org/1999/xlink"
                           resourceRelationType="creatorOf"
                           xlink:href="FRAN_IR_019716"
                           xlink:type="simple">
            <relationEntry localType="archival">Archives du Conseil d'État. Correspondance de la Commission spéciale de cassation des pensions (1978-1986).</relationEntry>
         </resourceRelation>
         <resourceRelation xmlns:xlink="http://www.w3.org/1999/xlink"
                           resourceRelationType="creatorOf"
                           xlink:href="FRAN_IR_021281"
                           xlink:type="simple">
            <relationEntry localType="archival">Archives du Conseil d'État. Dossiers de procédure de la Commission spéciale de cassation des pensions (1971-1973).</relationEntry>
         </resourceRelation>
         <resourceRelation xmlns:xlink="http://www.w3.org/1999/xlink"
                           resourceRelationType="creatorOf"
                           xlink:href="FRAN_IR_019476"
                           xlink:type="simple">
            <relationEntry localType="archival">Archives du Conseil d'État. Registres d'enregistrement des affaires de la Commission spéciale de cassation des pensions (1918-1996).</relationEntry>
         </resourceRelation>
         <resourceRelation xmlns:xlink="http://www.w3.org/1999/xlink"
                           resourceRelationType="creatorOf"
                           xlink:href="FRAN_IR_056041"
                           xlink:type="simple">
            <relationEntry localType="archival">Archives du Conseil d'État. Dossiers de procédure de la Commission spéciale de
     cassation des pensions (1953-1970).</relationEntry>
         </resourceRelation>
      </relations>
   </cpfDescription>
</eac-cpf>
