<eac-cpf xmlns="urn:isbn:1-931666-33-4"
         xmlns:xsi="http://www.w3.org/2001/XMLSchema-instance"
         xsi:schemaLocation="urn:isbn:1-931666-33-4 cpf.xsd">
   <control>
      <recordId>FRAN_NP_010194</recordId>
      <otherRecordId localType="Ancien_identifiant">FRDAFANCH00MC_NAETUDE_067</otherRecordId>
      <maintenanceStatus>derived</maintenanceStatus>
      <maintenanceAgency>
         <agencyName>Archives nationales de France</agencyName>
      </maintenanceAgency>
      <languageDeclaration>
         <language languageCode="fre">Français</language>
         <script scriptCode="Latn"/>
      </languageDeclaration>
      <conventionDeclaration>
         <citation>Notice établie conformément à la norme ICA-ISAAR (CPF) 2004, aux normes ISO 8601 pour le système de normalisation des dates utilisé, ainsi que AFNOR NF Z 44-061, juin 1986. Catalogage : forme et structure des vedettes noms de personne, des vedettes titres, des rubriques de classement et des titres forgés.</citation>
      </conventionDeclaration>
      <localControl localType="niveau_de_detail">
         <term>Moyenne</term>
      </localControl>
      <maintenanceHistory>
         <maintenanceEvent>
            <eventType>derived</eventType>
            <eventDateTime>2013-04-23</eventDateTime>
            <agentType>machine</agentType>
            <agent>Migration ETANOT</agent>
         </maintenanceEvent>
      </maintenanceHistory>
   </control>
   <cpfDescription>
      <identity>
         <entityType>corporateBody</entityType>
         <nameEntry localType="autorisée" scriptCode="Latn" xml:lang="fre">
            <part>Etude LXVII</part>
         </nameEntry>
         <nameEntry>
            <part>75012</part>
         </nameEntry>
      </identity>
      <description>
         <existDates>
            <dateRange>
               <fromDate standardDate="1587-01-01">1587</fromDate>
            </dateRange>
         </existDates>
         <places>
            <place>
               <placeRole>Lieu de Paris</placeRole>
               <placeEntry localType="nomLieu">168, rue de Grenelle, 75007 PARIS</placeEntry>
            </place>
         </places>
         <functions>
            <function>
               <term vocabularySource="d3nyui3o8w--11y7jgy8q3wnt">notaire à paris</term>
               <dateRange>
                  <fromDate standardDate="1587-01-01">1587</fromDate>
                  <toDate/>
               </dateRange>
            </function>
         </functions>
         <biogHist>
            <p>Cette étude demeure dans le voisinage de l'église Saint-Merri de 1588 à 1779 : rue de la Verrerie (jusqu'en 1755) ; au cloître Saint-Merri et rue Sainte-Avoie (1755-1779). Transportée rue Neuve-des-Petits-Champs, elle passe rue Caumartin (1809), puis rue de Cléry (1811), avant de retourner rue de Rivoli en 1894.</p>
         </biogHist>
      </description>
      <relations>
         <cpfRelation xmlns:xlink="http://www.w3.org/1999/xlink"
                      cpfRelationType="associative"
                      xlink:href="FRAN_NP_010814"
                      xlink:type="simple">
            <relationEntry>Norès, Louis-Pierre Adolphe</relationEntry>
            <dateRange>
               <fromDate standardDate="1830-07-08">8 juillet 1830</fromDate>
               <toDate standardDate="1853-06-28">28 juin 1853</toDate>
            </dateRange>
         </cpfRelation>
         <cpfRelation xmlns:xlink="http://www.w3.org/1999/xlink"
                      cpfRelationType="associative"
                      xlink:href="FRAN_NP_010855"
                      xlink:type="simple">
            <relationEntry>Paulmier, Charles-Pierre</relationEntry>
            <dateRange>
               <fromDate standardDate="1782-10-22">22 octobre 1782</fromDate>
               <toDate standardDate="1804-04-18">18 avril 1804</toDate>
            </dateRange>
         </cpfRelation>
         <cpfRelation xmlns:xlink="http://www.w3.org/1999/xlink"
                      cpfRelationType="associative"
                      xlink:href="FRAN_NP_010867"
                      xlink:type="simple">
            <relationEntry>Pean, René</relationEntry>
            <dateRange>
               <fromDate standardDate="1707-11-26">26 novembre 1707</fromDate>
               <toDate standardDate="1728-02-01">1er février 1728</toDate>
            </dateRange>
         </cpfRelation>
         <cpfRelation xmlns:xlink="http://www.w3.org/1999/xlink"
                      cpfRelationType="associative"
                      xlink:href="FRAN_NP_010940"
                      xlink:type="simple">
            <relationEntry>Pinon, Achille-Michel</relationEntry>
            <dateRange>
               <fromDate standardDate="1775-08-19">19 août 1775</fromDate>
               <toDate standardDate="1782-10-16">16 octobre 1782</toDate>
            </dateRange>
         </cpfRelation>
         <cpfRelation xmlns:xlink="http://www.w3.org/1999/xlink"
                      cpfRelationType="associative"
                      xlink:href="FRAN_NP_011683"
                      xlink:type="simple">
            <relationEntry>Jay, Auguste</relationEntry>
            <dateRange>
               <fromDate standardDate="1804-04-18">18 avril 1804</fromDate>
               <toDate standardDate="1807-09-24">24 septembre 1807</toDate>
            </dateRange>
         </cpfRelation>
         <cpfRelation xmlns:xlink="http://www.w3.org/1999/xlink"
                      cpfRelationType="associative"
                      xlink:href="FRAN_NP_010580"
                      xlink:type="simple">
            <relationEntry>Sevestre, Nicolas</relationEntry>
            <dateRange>
               <fromDate standardDate="1587-07-27">27 juillet 1587</fromDate>
               <toDate standardDate="1619-01-16">16 janvier 1619</toDate>
            </dateRange>
         </cpfRelation>
         <cpfRelation xmlns:xlink="http://www.w3.org/1999/xlink"
                      cpfRelationType="associative"
                      xlink:href="FRAN_NP_012621"
                      xlink:type="simple">
            <relationEntry>Canales, Gérard</relationEntry>
            <dateRange>
               <fromDate standardDate="1991-08-22">22 août 1991</fromDate>
            </dateRange>
         </cpfRelation>
         <cpfRelation xmlns:xlink="http://www.w3.org/1999/xlink"
                      cpfRelationType="associative"
                      xlink:href="FRAN_NP_011978"
                      xlink:type="simple">
            <relationEntry>Guérin, Louis Ernest</relationEntry>
            <dateRange>
               <fromDate standardDate="1919-09-04">4 septembre 1919</fromDate>
               <toDate standardDate="1937-04-29">29 avril 1937</toDate>
            </dateRange>
         </cpfRelation>
         <cpfRelation xmlns:xlink="http://www.w3.org/1999/xlink"
                      cpfRelationType="associative"
                      xlink:href="FRAN_NP_013316"
                      xlink:type="simple">
            <relationEntry>Egasse, Thibaut</relationEntry>
            <dateRange>
               <fromDate standardDate="2005-10-10">10 octobre 2005</fromDate>
            </dateRange>
         </cpfRelation>
         <cpfRelation xmlns:xlink="http://www.w3.org/1999/xlink"
                      cpfRelationType="associative"
                      xlink:href="FRAN_NP_011818"
                      xlink:type="simple">
            <relationEntry>Hurtrelle, Simon</relationEntry>
            <dateRange>
               <fromDate standardDate="1734-04-19">19 avril 1734</fromDate>
               <toDate standardDate="1755-10-01">1er octobre 1755</toDate>
            </dateRange>
         </cpfRelation>
         <cpfRelation xmlns:xlink="http://www.w3.org/1999/xlink"
                      cpfRelationType="associative"
                      xlink:href="FRAN_NP_012958"
                      xlink:type="simple">
            <relationEntry>Bonsergent, Pierre Marcel Louis</relationEntry>
            <dateRange>
               <fromDate standardDate="1962-11-28">28 novembre 1962</fromDate>
               <toDate standardDate="1991-08-22">22 août 1991</toDate>
            </dateRange>
         </cpfRelation>
         <cpfRelation xmlns:xlink="http://www.w3.org/1999/xlink"
                      cpfRelationType="associative"
                      xlink:href="FRAN_NP_012957"
                      xlink:type="simple">
            <relationEntry>Bonsergent, Marcel Georges Louis</relationEntry>
            <dateRange>
               <fromDate standardDate="1937-04-29">29 avril 1937</fromDate>
               <toDate standardDate="1962-11-28">28 novembre 1962</toDate>
            </dateRange>
         </cpfRelation>
         <cpfRelation xmlns:xlink="http://www.w3.org/1999/xlink"
                      cpfRelationType="associative"
                      xlink:href="FRAN_NP_012955"
                      xlink:type="simple">
            <relationEntry>Bonot, Edmé</relationEntry>
            <dateRange>
               <fromDate standardDate="1619-01-25">25 janvier 1619</fromDate>
               <toDate standardDate="1663-09-17">17 septembre 1663</toDate>
            </dateRange>
         </cpfRelation>
         <cpfRelation xmlns:xlink="http://www.w3.org/1999/xlink"
                      cpfRelationType="associative"
                      xlink:href="FRAN_NP_012956"
                      xlink:type="simple">
            <relationEntry>Bonot, Jean</relationEntry>
            <dateRange>
               <fromDate standardDate="1663-11-15">15 novembre 1663</fromDate>
               <toDate standardDate="1707-11-15">15 novembre 1707</toDate>
            </dateRange>
         </cpfRelation>
         <cpfRelation xmlns:xlink="http://www.w3.org/1999/xlink"
                      cpfRelationType="associative"
                      xlink:href="FRAN_NP_010690"
                      xlink:type="simple">
            <relationEntry>Robert, Jean-Alexandre</relationEntry>
            <dateRange>
               <fromDate standardDate="1807-09-24">24 septembre 1807</fromDate>
               <toDate standardDate="1809-10-18">18 octobre 1809</toDate>
            </dateRange>
         </cpfRelation>
         <cpfRelation xmlns:xlink="http://www.w3.org/1999/xlink"
                      cpfRelationType="associative"
                      xlink:href="FRAN_NP_010711"
                      xlink:type="simple">
            <relationEntry>Rocagel, Jules Joseph</relationEntry>
            <dateRange>
               <fromDate standardDate="1902-09-24">24 septembre 1902</fromDate>
               <toDate standardDate="1919-09-04">4 septembre 1919</toDate>
            </dateRange>
         </cpfRelation>
         <cpfRelation xmlns:xlink="http://www.w3.org/1999/xlink"
                      cpfRelationType="associative"
                      xlink:href="FRAN_NP_013342"
                      xlink:type="simple">
            <relationEntry>Adam, Alexis</relationEntry>
            <dateRange>
               <fromDate standardDate="2007-10-23">23 octobre 2007</fromDate>
            </dateRange>
         </cpfRelation>
         <cpfRelation xmlns:xlink="http://www.w3.org/1999/xlink"
                      cpfRelationType="associative"
                      xlink:href="FRAN_NP_011069"
                      xlink:type="simple">
            <relationEntry>Manuel, Albert-André</relationEntry>
            <dateRange>
               <fromDate standardDate="1893-07-03">3 juillet 1893</fromDate>
               <toDate standardDate="1902-09-24">24 septembre 1902</toDate>
            </dateRange>
         </cpfRelation>
         <cpfRelation xmlns:xlink="http://www.w3.org/1999/xlink"
                      cpfRelationType="associative"
                      xlink:href="FRAN_NP_012622"
                      xlink:type="simple">
            <relationEntry>Courot, Georges-Emmanuel Ferdinand</relationEntry>
            <dateRange>
               <fromDate standardDate="1853-06-28">28 juin 1853</fromDate>
               <toDate standardDate="1873-07-01">1er juillet 1873</toDate>
            </dateRange>
         </cpfRelation>
         <cpfRelation xmlns:xlink="http://www.w3.org/1999/xlink"
                      cpfRelationType="associative"
                      xlink:href="FRAN_NP_010598"
                      xlink:type="simple">
            <relationEntry>Surrault, Vincent-Emmanuel</relationEntry>
            <dateRange>
               <fromDate standardDate="1873-07-01">1er juillet 1873</fromDate>
               <toDate standardDate="1893-07-03">3 juillet 1893</toDate>
            </dateRange>
         </cpfRelation>
         <cpfRelation xmlns:xlink="http://www.w3.org/1999/xlink"
                      cpfRelationType="associative"
                      xlink:href="FRAN_NP_012125"
                      xlink:type="simple">
            <relationEntry>Égasse, Antoine</relationEntry>
            <dateRange>
               <fromDate standardDate="1991-08-22">22 août 1991</fromDate>
            </dateRange>
         </cpfRelation>
         <cpfRelation xmlns:xlink="http://www.w3.org/1999/xlink"
                      cpfRelationType="associative"
                      xlink:href="FRAN_NP_012316"
                      xlink:type="simple">
            <relationEntry>Demarandel, François-Gabriel</relationEntry>
            <dateRange>
               <fromDate standardDate="1756-01-01">1756</fromDate>
               <toDate standardDate="1775-12-31">1775</toDate>
            </dateRange>
         </cpfRelation>
         <cpfRelation xmlns:xlink="http://www.w3.org/1999/xlink"
                      cpfRelationType="associative"
                      xlink:href="FRAN_NP_012317"
                      xlink:type="simple">
            <relationEntry>Deschambeaux, Jean-Joseph</relationEntry>
            <dateRange>
               <fromDate standardDate="1775-06-29">29 juin 1775</fromDate>
               <toDate standardDate="1775-08-17">17 août 1775</toDate>
            </dateRange>
         </cpfRelation>
         <cpfRelation xmlns:xlink="http://www.w3.org/1999/xlink"
                      cpfRelationType="associative"
                      xlink:href="FRAN_NP_012318"
                      xlink:type="simple">
            <relationEntry>Desloges, Bon</relationEntry>
            <dateRange>
               <fromDate standardDate="1728-02-03">3 février 1728</fromDate>
               <toDate standardDate="1733-06-09">9 juin 1733</toDate>
            </dateRange>
         </cpfRelation>
         <cpfRelation xmlns:xlink="http://www.w3.org/1999/xlink"
                      cpfRelationType="associative"
                      xlink:href="FRAN_NP_012319"
                      xlink:type="simple">
            <relationEntry>Ducorps, Jean-Charles</relationEntry>
            <dateRange>
               <fromDate standardDate="1809-10-18">18 octobre 1809</fromDate>
               <toDate standardDate="1830-07-08">8 juillet 1830</toDate>
            </dateRange>
         </cpfRelation>
         <resourceRelation xmlns:xlink="http://www.w3.org/1999/xlink"
                           resourceRelationType="subjectOf"
                           xlink:href="FRAN_IR_042525"
                           xlink:type="simple">
            <relationEntry localType="archival">Minutes et répertoires du notaire Vincent Emmanuel SURRAULT, 1er juillet 1873 - 3 juillet 1893 (étude LXVII)</relationEntry>
         </resourceRelation>
         <resourceRelation xmlns:xlink="http://www.w3.org/1999/xlink"
                           resourceRelationType="subjectOf"
                           xlink:href="FRAN_IR_042520"
                           xlink:type="simple">
            <relationEntry localType="archival">Minutes et répertoires du notaire Auguste JAY, 19 avril 1804 - 24 septembre 1807 (étude LXVII)</relationEntry>
         </resourceRelation>
         <resourceRelation xmlns:xlink="http://www.w3.org/1999/xlink"
                           resourceRelationType="subjectOf"
                           xlink:href="FRAN_IR_042521"
                           xlink:type="simple">
            <relationEntry localType="archival">Minutes et répertoires du notaire Jean Alexandre ROBERT, 24 septembre 1807 - 17 octobre 1809 (étude LXVII)</relationEntry>
         </resourceRelation>
         <resourceRelation xmlns:xlink="http://www.w3.org/1999/xlink"
                           resourceRelationType="subjectOf"
                           xlink:href="FRAN_IR_042514"
                           xlink:type="simple">
            <relationEntry localType="archival">Minutes et répertoires du notaire Bon DESLOGES, 3 février 1728 - 9 juin 1733 (étude LXVII)</relationEntry>
         </resourceRelation>
         <resourceRelation xmlns:xlink="http://www.w3.org/1999/xlink"
                           resourceRelationType="subjectOf"
                           xlink:href="FRAN_IR_042522"
                           xlink:type="simple">
            <relationEntry localType="archival">Minutes et répertoires du notaire Jean Charles DUCORPS, 18 octobre 1809 - 8 juillet 1830 (étude LXVII)</relationEntry>
         </resourceRelation>
         <resourceRelation xmlns:xlink="http://www.w3.org/1999/xlink"
                           resourceRelationType="creatorOf"
                           xlink:href="FRAN_IR_042515"
                           xlink:type="simple">
            <relationEntry localType="archival">Minutes et répertoires du notaire Simon HURTRELLE, 19 avril 1734 - février 1756 (étude LXVII)</relationEntry>
         </resourceRelation>
         <resourceRelation xmlns:xlink="http://www.w3.org/1999/xlink"
                           resourceRelationType="creatorOf"
                           xlink:href="FRAN_IR_042517"
                           xlink:type="simple">
            <relationEntry localType="archival">Minutes et répertoires du notaire Jean Joseph DESCHAMBEAUX, 29 juin 1775 - 17 août 1775 (étude LXVII)</relationEntry>
         </resourceRelation>
         <resourceRelation xmlns:xlink="http://www.w3.org/1999/xlink"
                           resourceRelationType="creatorOf"
                           xlink:href="FRAN_IR_055469"
                           xlink:type="simple">
            <relationEntry localType="archival">Images du répertoire du notaire Edmé Bonot pour l'étude LXVII</relationEntry>
         </resourceRelation>
         <resourceRelation xmlns:xlink="http://www.w3.org/1999/xlink"
                           resourceRelationType="creatorOf"
                           xlink:href="FRAN_IR_042588"
                           xlink:type="simple">
            <relationEntry localType="archival">Minutes et répertoires du notaire Denis André ROUEN, 6 juillet 1768 - 19 décembre 1811 (étude LXXI)</relationEntry>
         </resourceRelation>
         <resourceRelation xmlns:xlink="http://www.w3.org/1999/xlink"
                           resourceRelationType="creatorOf"
                           xlink:href="FRAN_IR_042524"
                           xlink:type="simple">
            <relationEntry localType="archival">Minutes et répertoires du notaire Georges Emmanuel Ferdinand COUROT, 28 juin 1853 - 1er juillet 1873 (étude LXVII)</relationEntry>
         </resourceRelation>
         <resourceRelation xmlns:xlink="http://www.w3.org/1999/xlink"
                           resourceRelationType="creatorOf"
                           xlink:href="FRAN_IR_042510"
                           xlink:type="simple">
            <relationEntry localType="archival">Minutes et répertoires du notaire Nicolas SEVESTRE, février 1588 - 16 janvier 1619 (étude LXVII)</relationEntry>
         </resourceRelation>
         <resourceRelation xmlns:xlink="http://www.w3.org/1999/xlink"
                           resourceRelationType="creatorOf"
                           xlink:href="FRAN_IR_053018"
                           xlink:type="simple">
            <relationEntry localType="archival">Images des répertoires du notaire Jean Bonot pour l'étude LXVII</relationEntry>
         </resourceRelation>
         <resourceRelation xmlns:xlink="http://www.w3.org/1999/xlink"
                           resourceRelationType="creatorOf"
                           xlink:href="FRAN_IR_053017"
                           xlink:type="simple">
            <relationEntry localType="archival">Images du répertoire du notaire Bon Desloges pour l'étude LXVII</relationEntry>
         </resourceRelation>
         <resourceRelation xmlns:xlink="http://www.w3.org/1999/xlink"
                           resourceRelationType="creatorOf"
                           xlink:href="FRAN_IR_052343"
                           xlink:type="simple">
            <relationEntry localType="archival">Images des répertoires du notaire Simon Hurtrelle pour l'étude LXVII</relationEntry>
         </resourceRelation>
         <resourceRelation xmlns:xlink="http://www.w3.org/1999/xlink"
                           resourceRelationType="creatorOf"
                           xlink:href="FRAN_IR_052330"
                           xlink:type="simple">
            <relationEntry localType="archival">Images des répertoires du notaire Charles Pierre Paulmier pour l'étude LXVII</relationEntry>
         </resourceRelation>
         <resourceRelation xmlns:xlink="http://www.w3.org/1999/xlink"
                           resourceRelationType="creatorOf"
                           xlink:href="FRAN_IR_052346"
                           xlink:type="simple">
            <relationEntry localType="archival">Images du répertoire du notaire Achille Michel Pinon pour l'étude LXVII</relationEntry>
         </resourceRelation>
         <resourceRelation xmlns:xlink="http://www.w3.org/1999/xlink"
                           resourceRelationType="creatorOf"
                           xlink:href="FRAN_IR_052344"
                           xlink:type="simple">
            <relationEntry localType="archival">Images du répertoire du notaire Auguste Jay pour l'étude LXVII</relationEntry>
         </resourceRelation>
         <resourceRelation xmlns:xlink="http://www.w3.org/1999/xlink"
                           resourceRelationType="creatorOf"
                           xlink:href="FRAN_IR_052332"
                           xlink:type="simple">
            <relationEntry localType="archival">Images du répertoire du notaire Jean Alexandre Robert pour l'étude LXVII</relationEntry>
         </resourceRelation>
         <resourceRelation xmlns:xlink="http://www.w3.org/1999/xlink"
                           resourceRelationType="creatorOf"
                           xlink:href="FRAN_IR_052340"
                           xlink:type="simple">
            <relationEntry localType="archival">Images des répertoires du notaire Jean Charles Ducorps pour l'étude LXVII</relationEntry>
         </resourceRelation>
         <resourceRelation xmlns:xlink="http://www.w3.org/1999/xlink"
                           resourceRelationType="creatorOf"
                           xlink:href="FRAN_IR_052331"
                           xlink:type="simple">
            <relationEntry localType="archival">Images des répertoires du notaire Louis Pierre Adolphe Norès pour l'étude LXVII</relationEntry>
         </resourceRelation>
         <resourceRelation xmlns:xlink="http://www.w3.org/1999/xlink"
                           resourceRelationType="creatorOf"
                           xlink:href="FRAN_IR_052339"
                           xlink:type="simple">
            <relationEntry localType="archival">Images des répertoires du notaire Georges Emmanuel Ferdinand Courot pour l'étude LXVII</relationEntry>
         </resourceRelation>
         <resourceRelation xmlns:xlink="http://www.w3.org/1999/xlink"
                           resourceRelationType="creatorOf"
                           xlink:href="FRAN_IR_052345"
                           xlink:type="simple">
            <relationEntry localType="archival">Images des répertoires du notaire Albert André Manuel pour l'étude LXVII</relationEntry>
         </resourceRelation>
         <resourceRelation xmlns:xlink="http://www.w3.org/1999/xlink"
                           resourceRelationType="creatorOf"
                           xlink:href="FRAN_IR_055844"
                           xlink:type="simple">
            <relationEntry localType="archival">Images des répertoires du notaire René Pean pour l'étude LXVII</relationEntry>
         </resourceRelation>
         <resourceRelation xmlns:xlink="http://www.w3.org/1999/xlink"
                           resourceRelationType="creatorOf"
                           xlink:href="FRAN_IR_055846"
                           xlink:type="simple">
            <relationEntry localType="archival">Images des répertoires du notaire Vincent Emmanuel Surrault pour l'étude LXVII</relationEntry>
         </resourceRelation>
         <resourceRelation xmlns:xlink="http://www.w3.org/1999/xlink"
                           resourceRelationType="creatorOf"
                           xlink:href="FRAN_IR_055845"
                           xlink:type="simple">
            <relationEntry localType="archival">Images du répertoire du notaire François Gabriel Demarandel pour l'étude LXVII</relationEntry>
         </resourceRelation>
         <resourceRelation xmlns:xlink="http://www.w3.org/1999/xlink"
                           resourceRelationType="creatorOf"
                           xlink:href="FRAN_IR_055850"
                           xlink:type="simple">
            <relationEntry localType="archival">Images du répertoire du notaire Jean Joseph Deschambeaux pour l'étude LXVII</relationEntry>
         </resourceRelation>
         <resourceRelation xmlns:xlink="http://www.w3.org/1999/xlink"
                           resourceRelationType="creatorOf"
                           xlink:href="FRAN_IR_042509"
                           xlink:type="simple">
            <relationEntry localType="archival">Archives de l'étude LXVII</relationEntry>
         </resourceRelation>
         <resourceRelation xmlns:xlink="http://www.w3.org/1999/xlink"
                           resourceRelationType="creatorOf"
                           xlink:href="FRAN_IR_042526"
                           xlink:type="simple">
            <relationEntry localType="archival">Minutes et répertoires du notaire Albert André MANUEL, 3 juillet 1893 - décembre 1899 (étude LXVII)</relationEntry>
         </resourceRelation>
         <resourceRelation xmlns:xlink="http://www.w3.org/1999/xlink"
                           resourceRelationType="creatorOf"
                           xlink:href="FRAN_IR_042523"
                           xlink:type="simple">
            <relationEntry localType="archival">Minutes et répertoires du notaire Louis Pierre Adolphe NORÈS, 8 juillet 1830 - 28 juin 1853 (étude LXVII)</relationEntry>
         </resourceRelation>
         <resourceRelation xmlns:xlink="http://www.w3.org/1999/xlink"
                           resourceRelationType="creatorOf"
                           xlink:href="FRAN_IR_042516"
                           xlink:type="simple">
            <relationEntry localType="archival">Minutes et répertoires du notaire François Gabriel DEMARANDEL, mars 1756 - 26 juin 1775 (étude LXVII)</relationEntry>
         </resourceRelation>
      </relations>
   </cpfDescription>
</eac-cpf>
