<eac-cpf xmlns="urn:isbn:1-931666-33-4"
         xmlns:xsi="http://www.w3.org/2001/XMLSchema-instance"
         xsi:schemaLocation="urn:isbn:1-931666-33-4 cpf.xsd">
   <control>
      <recordId>FRAN_NP_005170</recordId>
      <otherRecordId localType="Ancien_identifiant">5105</otherRecordId>
      <maintenanceStatus>revised</maintenanceStatus>
      <maintenanceAgency>
         <agencyName>Archives nationales de France</agencyName>
      </maintenanceAgency>
      <languageDeclaration>
         <language languageCode="fre">Français</language>
         <script scriptCode="Latn"/>
      </languageDeclaration>
      <conventionDeclaration>
         <citation>Notice établie conformément à la norme ICA-ISAAR (CPF) 2004, aux normes ISO 8601 pour le système de normalisation des dates utilisé, ainsi que AFNOR NF Z 44-061, juin 1986. Catalogage : forme et structure des vedettes noms de personne, des vedettes titres, des rubriques de classement et des titres forgés.</citation>
      </conventionDeclaration>
      <localControl localType="niveau_de_detail">
         <term>Complète</term>
      </localControl>
      <maintenanceHistory>
         <maintenanceEvent>
            <eventType>derived</eventType>
            <eventDateTime>2013-04-23</eventDateTime>
            <agentType>machine</agentType>
            <agent>Import_SIA</agent>
         </maintenanceEvent>
         <maintenanceEvent>
            <eventType>revised</eventType>
            <eventDateTime>2015-12-09</eventDateTime>
            <agentType>human</agentType>
            <agent>Elsa CAMUS</agent>
            <eventDescription>F. Clavaud, 2 décembre 2015 : revu liens IR, ajouté n° notice BnF</eventDescription>
         </maintenanceEvent>
         <maintenanceEvent>
            <eventType>revised</eventType>
            <eventDateTime>2017-03-23</eventDateTime>
            <agentType>human</agentType>
            <agent>Mission.referentiels MISSION.REFERENTIELS</agent>
         </maintenanceEvent>
         <maintenanceEvent>
            <eventType>updated</eventType>
            <eventDateTime>2017-03-23</eventDateTime>
            <agentType>human</agentType>
            <agent>Mission.referentiels MISSION.REFERENTIELS</agent>
            <eventDescription>F. Clavaud, 23 mars 2017 : ajout lien d'identité et lien chronologique vers le prédécesseur</eventDescription>
         </maintenanceEvent>
      </maintenanceHistory>
      <sources>
         <source>
            <descriptiveNote>
               <p>Dardy-Cretin Michèle, 
      <span style="italic">Histoire administrative du Ministère de la culture et de la communication, 1959-2012 : les services de l'administration centrale</span>, Paris, Comité d'histoire du Ministère de la Culture, 2012 
     </p>
               <p>Site Internet du ministère de la Culture et de la Communication. Disponible à l'adresse suivante : http://www.culturecommunication.gouv.fr/</p>
               <p>
                  <span style="italic">Bottin administratif</span>, Paris, 1978-1998. 
     </p>
               <p>
                  <span style="italic">État général des fonds des Archives nationales : F/21 Beaux-Arts</span>. Disponible en ligne sur le site des Archives nationales : http://www.archivesnationales.culture.gouv.fr/chan/chan/series/pdf/F21-2010.pdf 
     </p>
               <p>Notice d'autorité BnF n° FRBNF11863935</p>
            </descriptiveNote>
         </source>
      </sources>
   </control>
   <cpfDescription>
      <identity>
         <entityId>ISNI 0000 0001 2156 3687</entityId>
         <entityType>corporateBody</entityType>
         <nameEntry localType="autorisée" scriptCode="Latn" xml:lang="fre">
            <part>France. Ministère de la Culture et de la Communication. Direction du patrimoine (1978-1998)</part>
         </nameEntry>
         <nameEntry>
            <part>France. Ministère de la culture. Direction du patrimoine (1981-1986)</part>
            <useDates>
               <dateRange>
                  <fromDate standardDate="1981-01-01">1981</fromDate>
                  <toDate standardDate="1986-12-31">1986</toDate>
               </dateRange>
            </useDates>
         </nameEntry>
         <nameEntry>
            <part>France. Ministère de la culture et de la communication. Direction du patrimoine (1986-1988)</part>
            <useDates>
               <dateRange>
                  <fromDate standardDate="1986-01-01">1986</fromDate>
                  <toDate standardDate="1988-12-31">1988</toDate>
               </dateRange>
            </useDates>
         </nameEntry>
         <nameEntry>
            <part>France. Ministère de la culture, de la communication, des grands travaux et du Bicentenaire. Direction du patrimoine (1988-1991)</part>
            <useDates>
               <dateRange>
                  <fromDate standardDate="1988-01-01">1988</fromDate>
                  <toDate standardDate="1991-12-31">1991</toDate>
               </dateRange>
            </useDates>
         </nameEntry>
      </identity>
      <description>
         <existDates>
            <dateRange>
               <fromDate standardDate="1978-01-01">1978</fromDate>
               <toDate standardDate="1998-12-31">1998</toDate>
            </dateRange>
         </existDates>
         <legalStatuses>
            <legalStatus>
               <term vocabularySource="d5blonaxbw--1mt8t42bokzts">service d'administration centrale</term>
            </legalStatus>
         </legalStatuses>
         <functions>
            <function>
               <term vocabularySource="d5bhviikk9--y6te63k761ib">culture</term>
            </function>
         </functions>
         <mandates>
            <mandate>
               <descriptiveNote>
                  <p>Décret n°78-1013 du 13 octobre 1978 portant création d'une direction du patrimoine au ministère de la Culture et de la Communication : http://www.legifrance.gouv.fr/jopdf/common/jo_pdf.jsp?numJO=0&amp;dateJO=19781015&amp;numTexte=&amp;pageDebut=03591&amp;pageFin= ;</p>
                  <p>Arrêté du 23 octobre 1979 portant organisation de la direction du patrimoine ;</p>
                  <p>Arrêté du 7 août 1980 modifiant l'arrêté du 23 octobre 1979 : http://www.legifrance.gouv.fr/jopdf/common/jo_pdf.jsp?numJO=0&amp;dateJO=19800821&amp;numTexte=&amp;pageDebut=57643&amp;pageFin= ;</p>
                  <p>Arrêté du 2 février 1981 relatif à l’organisation de la direction du patrimoine : http://www.legifrance.gouv.fr/jopdf/common/jo_pdf.jsp?numJO=0&amp;dateJO=19810311&amp;numTexte=&amp;pageDebut=52491&amp;pageFin= ;</p>
                  <p>Décret n°81-646 du 5 juin 1981 relatif aux attributions du ministre de la Culture : http://www.legifrance.gouv.fr/jopdf/common/jo_pdf.jsp?numJO=0&amp;dateJO=19810606&amp;numTexte=&amp;pageDebut=01700&amp;pageFin= ;</p>
                  <p>Arrêté du 11 juillet 1990 portant organisation des sous-directions de la direction du patrimoine : http://www.legifrance.gouv.fr/jopdf/common/jo_pdf.jsp?numJO=0&amp;dateJO=19900712&amp;numTexte=&amp;pageDebut=08233&amp;pageFin= ;</p>
                  <p>Arrêté du 14 mai 1991 modifiant l'arrêté du 11 juillet 1990 relatif à l'organisation et aux attributions de la direction du patrimoine : http://www.legifrance.gouv.fr/jopdf/common/jo_pdf.jsp?numJO=0&amp;dateJO=19910517&amp;numTexte=&amp;pageDebut=06684&amp;pageFin= ;</p>
                  <p>Arrêté du 13 décembre 1994 modifiant l'arrêté du 11 juillet 1990 portant organisation des sous-directions de la direction du patrimoine : http://www.legifrance.gouv.fr/jopdf/common/jo_pdf.jsp?numJO=0&amp;dateJO=19941215&amp;numTexte=&amp;pageDebut=17769&amp;pageFin=19941215 ;</p>
                  <p> Arrêté du 6 mai 1996 relatif à l'organisation de la direction du patrimoine : http://www.legifrance.gouv.fr/jopdf/common/jo_pdf.jsp?numJO=0&amp;dateJO=19960508&amp;numTexte=&amp;pageDebut=06920&amp;pageFin=19960508 ;</p>
                  <p> Arrêté du 10 mai 1996 portant organisation des services de la direction du patrimoine : http://www.legifrance.gouv.fr/jopdf/common/jo_pdf.jsp?numJO=0&amp;dateJO=19960529&amp;numTexte=&amp;pageDebut=07934&amp;pageFin=19960529 ;</p>
                  <p>Décret n° 98-840 du 21 septembre 1998 portant création d'une direction de l'architecture et du patrimoine au ministère de la Culture et de la Communication : http://www.legifrance.gouv.fr/jopdf/common/jo_pdf.jsp?numJO=0&amp;dateJO=19980922&amp;numTexte=&amp;pageDebut=14437&amp;pageFin=220998.</p>
               </descriptiveNote>
            </mandate>
         </mandates>
         <structureOrGenealogy>
            <p>À sa création en 1978, la direction du patrimoine comprend quatre sous-directions : </p>
            <p>- la sous-direction des affaires générales et constructions publiques ;</p>
            <p>- la sous-direction des monuments historiques et palais nationaux ;</p>
            <p>- la sous-direction des fouilles et antiquités (qui devient la sous-direction de l'archéologie en 1981) ;</p>
            <p>- la sous-direction de l'inventaire général des monuments et des richesses artistiques de la France.</p>
            <p>À ces quatre sous-directions s'ajoutent quatre inspections générales (une pour chaque sous-direction) ainsi qu'un service de la photographie. </p>
            <p/>
            <p>En 1980, la direction du patrimoine intègre une division du Patrimoine mobilier et une mission du Patrimoine ethnologique. Le service de la photographie devient la mission du patrimoine photographique.</p>
            <p>En 1981, la sous-direction des monuments historiques et palais nationaux devient la sous-direction des monuments historiques et une mission des relations extérieures est créée.</p>
            <p>En 1986, s'ajoute la mission économique et patrimoine qui devient la mission technique et économique en 1987.</p>
            <p>Suite à la réforme du 11 juillet 1990, les constructions publiques forment un nouveau service (le service national des travaux) et la sous-direction des affaires générales et constructions publiques devient la sous-direction de l'administration et de l'action culturelle. À cette même date, la mission technique et économique est rattachée à la sous-direction des monuments historiques et la mission des relations extérieures devient la mission des relations publiques et des affaires internationales. </p>
            <p/>
            <p>Entre 1991 et 1994, le bureau de la protection des monuments historiques est provisoirement transféré de la sous-direction des monuments historiques à la sous-direction de l'inventaire général des monuments et des richesses artistiques de la France. Cette dernière change alors de nom et devient la sous-direction de l'inventaire général, de la documentation et de la protection du patrimoine.</p>
            <p>C'est également en 1994 que le service de l'inspection générale est placé auprès du directeur du patrimoine et regroupe l'ensemble des services d'inspection du patrimoine. </p>
            <p/>
            <p>De 1996 à 1998 la composition de la direction du patrimoine est la suivante : </p>
            <p>- service de l'inspection générale du patrimoine ;</p>
            <p>- sous-direction de l'administration et de l'action culturelle ;</p>
            <p>- sous-direction de l'archéologie ;</p>
            <p>- sous-direction des monuments historiques ;</p>
            <p>- sous-direction de l'inventaire général et de documentation du patrimoine ;</p>
            <p>- mission du patrimoine ethnologique ;</p>
            <p>- mission du patrimoine photographique ;</p>
            <p>- mission des relations publiques et des affaires internationales. </p>
         </structureOrGenealogy>
         <biogHist>
            <p>Le 13 octobre 1978, la direction du patrimoine est créée par décret au sein du ministère de la Culture et de la Communication par le ministre Jean-Philippe Lecat avec l'objectif de "protéger, conserver et faire connaître le patrimoine archéologique et architectural et les richesses artistiques de la France". </p>
            <p>La nouvelle direction du patrimoine récupère certaines compétences de la direction de l'architecture qui quitte en avril 1978 le ministère de la Culture pour rejoindre le ministère de l’Environnement (puis en 1981 celui de l’Équipement) : les missions sont partagées entre les ministères. Le ministère de l'Environnement gère les abords des monuments et les sites protégés, tandis que le ministère de la Culture garde la responsabilité sur les monuments classés ou inscrits ainsi que sur les bâtiments civils via la direction du patrimoine (via une sous-direction des monuments historiques et palais nationaux et une sous-direction des affaires générales et des constructions publiques). Les deux ministères exercent une autorité conjointe sur les conservations régionales des monuments historiques et les agences des bâtiments de France.</p>
            <p/>
            <p>Le décret du 5 juin 1981 a pour conséquence l'éclatement du ministère de l'Environnement et du Cadre de vie et le transfert de certaines attributions au ministère de la Culture : les abords des monuments historiques (mais non les sites qui restent gérés par le ministère de l'Environnement), la totalité de la compétence dans la procédure de classement et d'inscription à l'inventaire au titre des monuments historiques, et une compétence consultative dans le domaine de la création architecturale. Les services centraux et déconcentrés restent cependant à l’Équipement et sont mis à la disposition de ces deux ministres pour la mise en œuvre de ces compétences.</p>
            <p/>
            <p>En 1996, la direction de l'architecture revient au ministère de la culture et entraîne une redéfinition des missions de la direction du patrimoine qui incluent la protection des espaces protégés et des sites.</p>
            <p/>
            <p>La direction du patrimoine et la direction de l'architecture fusionnent le 21 septembre 1998 par décret pour créer la direction de l'architecture et du patrimoine. </p>
         </biogHist>
      </description>
      <relations>
         <cpfRelation xmlns:xlink="http://www.w3.org/1999/xlink"
                      cpfRelationType="hierarchical-child"
                      xlink:href="FRAN_NP_005155"
                      xlink:type="simple">
            <relationEntry>France. Ministère de la Culture et de la Communication. Direction du patrimoine. Sous-direction de l'archéologie (1979-1998)</relationEntry>
            <dateRange>
               <fromDate standardDate="1979-01-01">1979</fromDate>
               <toDate standardDate="1998-12-31">1998</toDate>
            </dateRange>
            <descriptiveNote>
               <p/>
            </descriptiveNote>
         </cpfRelation>
         <cpfRelation xmlns:xlink="http://www.w3.org/1999/xlink"
                      cpfRelationType="hierarchical-child"
                      xlink:href="FRAN_NP_005156"
                      xlink:type="simple">
            <relationEntry>Sous-direction des affaires générales et des constructions publiques (direction du patrimoine)</relationEntry>
            <dateRange>
               <fromDate standardDate="1979-01-01">1979</fromDate>
               <toDate standardDate="1990-12-31">1990</toDate>
            </dateRange>
         </cpfRelation>
         <cpfRelation xmlns:xlink="http://www.w3.org/1999/xlink"
                      cpfRelationType="hierarchical-child"
                      xlink:href="FRAN_NP_005157"
                      xlink:type="simple">
            <relationEntry>Directeur (direction du patrimoine)</relationEntry>
            <dateRange>
               <fromDate standardDate="1978-01-01">1978</fromDate>
               <toDate standardDate="1998-12-31">1998</toDate>
            </dateRange>
         </cpfRelation>
         <cpfRelation xmlns:xlink="http://www.w3.org/1999/xlink"
                      cpfRelationType="hierarchical-child"
                      xlink:href="FRAN_NP_005158"
                      xlink:type="simple">
            <relationEntry>Mission Coût et économie du patrimoine (direction du patrimoine)</relationEntry>
            <dateRange>
               <fromDate standardDate="1979-01-01">1979</fromDate>
               <toDate standardDate="1990-12-31">1990</toDate>
            </dateRange>
         </cpfRelation>
         <cpfRelation xmlns:xlink="http://www.w3.org/1999/xlink"
                      cpfRelationType="hierarchical-child"
                      xlink:href="FRAN_NP_005159"
                      xlink:type="simple">
            <relationEntry>Mission du patrimoine ethnologique (direction du patrimoine)</relationEntry>
            <dateRange>
               <fromDate standardDate="1980-01-01">1980</fromDate>
               <toDate standardDate="1998-12-31">1998</toDate>
            </dateRange>
         </cpfRelation>
         <cpfRelation xmlns:xlink="http://www.w3.org/1999/xlink"
                      cpfRelationType="hierarchical-child"
                      xlink:href="FRAN_NP_005161"
                      xlink:type="simple">
            <relationEntry>Sous-direction de l'inventaire général et de la documentation du patrimoine (direction du patrimoine)</relationEntry>
            <dateRange>
               <fromDate standardDate="1979-01-01">1979</fromDate>
               <toDate standardDate="1998-12-31">1998</toDate>
            </dateRange>
         </cpfRelation>
         <cpfRelation xmlns:xlink="http://www.w3.org/1999/xlink"
                      cpfRelationType="temporal-later"
                      xlink:href="FRAN_NP_005406"
                      xlink:type="simple">
            <relationEntry>France. Ministère de la Culture et de la Communication. Direction de l'architecture et du patrimoine (1998-2010)</relationEntry>
            <dateRange>
               <fromDate standardDate="1998-01-01">1998</fromDate>
            </dateRange>
         </cpfRelation>
         <cpfRelation xmlns:xlink="http://www.w3.org/1999/xlink"
                      cpfRelationType="hierarchical-child"
                      xlink:href="FRAN_NP_051151"
                      xlink:type="simple">
            <relationEntry>France. Ministère de la Culture et de la Communication. Direction de l'Architecture et du Patrimoine. Sous-direction des Monuments Historiques et des Espaces protégés (1959-2009)</relationEntry>
            <dateRange>
               <fromDate standardDate="1978-04-13">13 avril 1978</fromDate>
               <toDate standardDate="1998-09-20">20 septembre 1998</toDate>
            </dateRange>
            <descriptiveNote>
               <p> @isPartOf@ </p>
            </descriptiveNote>
         </cpfRelation>
         <cpfRelation xmlns:xlink="http://www.w3.org/1999/xlink"
                      cpfRelationType="hierarchical-child"
                      xlink:href="FRAN_NP_005164"
                      xlink:type="simple">
            <relationEntry>Sous-direction des monuments historiques (1979-1998)</relationEntry>
            <dateRange>
               <fromDate standardDate="1979-01-01">1979</fromDate>
               <toDate standardDate="1998-12-31">1998</toDate>
            </dateRange>
         </cpfRelation>
         <cpfRelation xmlns:xlink="http://www.w3.org/1999/xlink"
                      cpfRelationType="hierarchical-child"
                      xlink:href="FRAN_NP_005166"
                      xlink:type="simple">
            <relationEntry>Mission des relations extérieures (direction du patrimoine)</relationEntry>
            <dateRange>
               <fromDate standardDate="1984-01-01">1984</fromDate>
               <toDate standardDate="1990-12-31">1990</toDate>
            </dateRange>
         </cpfRelation>
         <cpfRelation xmlns:xlink="http://www.w3.org/1999/xlink"
                      cpfRelationType="hierarchical-child"
                      xlink:href="FRAN_NP_005169"
                      xlink:type="simple">
            <relationEntry>Sous-direction de l'administration et de l'action culturelle (direction du patrimoine)</relationEntry>
            <dateRange>
               <fromDate standardDate="1990-01-01">1990</fromDate>
               <toDate standardDate="1998-12-31">1998</toDate>
            </dateRange>
         </cpfRelation>
         <cpfRelation xmlns:xlink="http://www.w3.org/1999/xlink"
                      cpfRelationType="hierarchical-child"
                      xlink:href="FRAN_NP_005473"
                      xlink:type="simple">
            <relationEntry>Domaine national des Tuileries</relationEntry>
            <dateRange>
               <fromDate standardDate="1978-10-13">13 octobre 1978</fromDate>
               <toDate standardDate="1993-12-31">1993</toDate>
            </dateRange>
         </cpfRelation>
         <cpfRelation xmlns:xlink="http://www.w3.org/1999/xlink"
                      cpfRelationType="hierarchical-child"
                      xlink:href="FRAN_NP_005693"
                      xlink:type="simple">
            <relationEntry>Mission des relations publiques et des affaires internationales (direction du patrimoine)</relationEntry>
            <dateRange>
               <fromDate standardDate="1990-01-01">1990</fromDate>
               <toDate standardDate="1998-12-31">1998</toDate>
            </dateRange>
         </cpfRelation>
         <cpfRelation xmlns:xlink="http://www.w3.org/1999/xlink"
                      cpfRelationType="hierarchical-child"
                      xlink:href="FRAN_NP_005696"
                      xlink:type="simple">
            <relationEntry>Service de l'inspection générale du patrimoine</relationEntry>
            <dateRange>
               <fromDate standardDate="1992-01-01">1992</fromDate>
               <toDate standardDate="1998-12-31">1998</toDate>
            </dateRange>
         </cpfRelation>
         <cpfRelation xmlns:xlink="http://www.w3.org/1999/xlink"
                      cpfRelationType="hierarchical-parent"
                      xlink:href="FRAN_NP_000005"
                      xlink:type="simple">
            <relationEntry>Ministère de la Culture et de la Communication</relationEntry>
            <dateRange>
               <fromDate standardDate="1978-01-01">1978</fromDate>
               <toDate standardDate="1998-12-31">1998</toDate>
            </dateRange>
            <descriptiveNote>
               <p>@isPartOf@</p>
            </descriptiveNote>
         </cpfRelation>
         <cpfRelation xmlns:xlink="http://www.w3.org/1999/xlink"
                      cpfRelationType="identity"
                      xlink:href="http://catalogue.bnf.fr/ark:/12148/cb11863935s"
                      xlink:type="simple">
            <relationEntry>France. Direction du patrimoine</relationEntry>
            <dateRange>
               <fromDate standardDate="1978-01-01">1978</fromDate>
               <toDate standardDate="1998-12-31">1998</toDate>
            </dateRange>
            <descriptiveNote>
               <p>Notice d'autorité BnF</p>
            </descriptiveNote>
         </cpfRelation>
         <cpfRelation xmlns:xlink="http://www.w3.org/1999/xlink"
                      cpfRelationType="temporal-earlier"
                      xlink:href="FRAN_NP_000051"
                      xlink:type="simple">
            <relationEntry>France. Ministère des affaires culturelles. Direction de l'architecture (1959-1978)</relationEntry>
            <dateRange>
               <fromDate standardDate="1978-01-01">1978</fromDate>
            </dateRange>
            <descriptiveNote>
               <p>La direction du patrimoine récupère certaines compétences de la direction de l'architecture : la responsabilité sur les monuments classés ou inscrits ainsi que sur les bâtiments civils.</p>
            </descriptiveNote>
         </cpfRelation>
         <resourceRelation xmlns:xlink="http://www.w3.org/1999/xlink"
                           resourceRelationType="creatorOf"
                           xlink:href="FRAN_IR_018324"
                           xlink:type="simple">
            <relationEntry localType="archival">Culture ; Direction du patrimoine (1920-1990)</relationEntry>
         </resourceRelation>
         <resourceRelation xmlns:xlink="http://www.w3.org/1999/xlink"
                           resourceRelationType="creatorOf"
                           xlink:href="FRAN_IR_018322"
                           xlink:type="simple">
            <relationEntry localType="archival">Culture ; Direction du patrimoine (1976-1990)</relationEntry>
         </resourceRelation>
         <resourceRelation xmlns:xlink="http://www.w3.org/1999/xlink"
                           resourceRelationType="creatorOf"
                           xlink:href="FRAN_IR_008863"
                           xlink:type="simple">
            <relationEntry localType="archival">Culture ; Direction patrimoine (1907-1983)</relationEntry>
         </resourceRelation>
         <resourceRelation xmlns:xlink="http://www.w3.org/1999/xlink"
                           resourceRelationType="creatorOf"
                           xlink:href="FRAN_IR_008897"
                           xlink:type="simple">
            <relationEntry localType="archival">Culture ; Direction patrimoine (1987-1987)</relationEntry>
         </resourceRelation>
         <resourceRelation xmlns:xlink="http://www.w3.org/1999/xlink"
                           resourceRelationType="creatorOf"
                           xlink:href="FRAN_IR_008857"
                           xlink:type="simple">
            <relationEntry localType="archival">Culture ; Direction patrimoine (1989-1993)</relationEntry>
         </resourceRelation>
         <resourceRelation xmlns:xlink="http://www.w3.org/1999/xlink"
                           resourceRelationType="creatorOf"
                           xlink:href="FRAN_IR_009393"
                           xlink:type="simple">
            <relationEntry localType="archival">Culture ; Direction patrimoine (1991-1992)</relationEntry>
         </resourceRelation>
         <resourceRelation xmlns:xlink="http://www.w3.org/1999/xlink"
                           resourceRelationType="creatorOf"
                           xlink:href="FRAN_IR_010437"
                           xlink:type="simple">
            <relationEntry localType="archival">Culture ; Direction patrimoine (1962-1995)</relationEntry>
         </resourceRelation>
      </relations>
   </cpfDescription>
</eac-cpf>
