<eac-cpf xmlns="urn:isbn:1-931666-33-4"
         xmlns:xsi="http://www.w3.org/2001/XMLSchema-instance"
         xsi:schemaLocation="urn:isbn:1-931666-33-4 cpf.xsd">
   <control>
      <recordId>FRAN_NP_010399</recordId>
      <otherRecordId localType="Ancien_identifiant">FRDAFANCH00MC_NANOTAIRE00103</otherRecordId>
      <maintenanceStatus>derived</maintenanceStatus>
      <maintenanceAgency>
         <agencyName>Archives nationales de France</agencyName>
      </maintenanceAgency>
      <languageDeclaration>
         <language languageCode="fre">Français</language>
         <script scriptCode="Latn"/>
      </languageDeclaration>
      <conventionDeclaration>
         <citation>Notice établie conformément à la norme ICA-ISAAR (CPF) 2004, aux normes ISO 8601 pour le système de normalisation des dates utilisé, ainsi que AFNOR NF Z 44-061, juin 1986. Catalogage : forme et structure des vedettes noms de personne, des vedettes titres, des rubriques de classement et des titres forgés.</citation>
      </conventionDeclaration>
      <localControl localType="niveau_de_detail">
         <term>Moyenne</term>
      </localControl>
      <maintenanceHistory>
         <maintenanceEvent>
            <eventType>derived</eventType>
            <eventDateTime>2013-04-23</eventDateTime>
            <agentType>machine</agentType>
            <agent>Migration ETANOT</agent>
         </maintenanceEvent>
      </maintenanceHistory>
   </control>
   <cpfDescription>
      <identity>
         <entityType>person</entityType>
         <nameEntry localType="autorisée" scriptCode="Latn" xml:lang="fre">
            <part>Tabourier, Firmin-Virgile</part>
         </nameEntry>
      </identity>
      <description>
         <existDates>
            <dateRange>
               <fromDate standardDate="1838-01-25">25 janvier 1838</fromDate>
               <toDate standardDate="1849-05-10">10 mai 1849</toDate>
            </dateRange>
            <descriptiveNote>
               <p>Les dates d'existence de la personne ne sont pas connues et sont évaluées d'après les dates d'exercice en tant que notaire</p>
            </descriptiveNote>
         </existDates>
         <places>
            <place>
               <placeRole>Lieu de Paris</placeRole>
               <placeEntry localType="voie" vocabularySource="d3nz94j4jd--tnojae5ys8e5">castiglione (rue de)</placeEntry>
               <placeEntry localType="nomLieu">8 rue de Castiglione</placeEntry>
            </place>
         </places>
         <functions>
            <function>
               <term vocabularySource="d3nyui3o8w--11y7jgy8q3wnt">notaire à paris</term>
               <dateRange>
                  <fromDate standardDate="1838-01-25">25 janvier 1838</fromDate>
                  <toDate standardDate="1849-05-10">10 mai 1849</toDate>
               </dateRange>
            </function>
         </functions>
         <biogHist>
            <p>Né le 5 vendémiaire an IX (27 septembre 1800) à Caen (Calvados)</p>
         </biogHist>
      </description>
      <relations>
         <cpfRelation xmlns:xlink="http://www.w3.org/1999/xlink"
                      cpfRelationType="associative"
                      xlink:href="FRAN_NP_010177"
                      xlink:type="simple">
            <relationEntry>Etude notariale L</relationEntry>
            <dateRange>
               <fromDate standardDate="1838-01-25">25 janvier 1838</fromDate>
               <toDate standardDate="1849-05-10">10 mai 1849</toDate>
            </dateRange>
         </cpfRelation>
         <resourceRelation resourceRelationType="other">
            <relationEntry localType="archival">BB/10/983, 6 janvier 1838, dossier de nomination</relationEntry>
         </resourceRelation>
         <resourceRelation resourceRelationType="other">
            <relationEntry localType="archival">ET/L/1158, 30 octobre 1837, traité d'office de notaire entre Pierre-Eugène Cottenet et Firmin-Virgile Tabourier</relationEntry>
         </resourceRelation>
         <resourceRelation xmlns:xlink="http://www.w3.org/1999/xlink"
                           resourceRelationType="subjectOf"
                           xlink:href="FRAN_IR_042222"
                           xlink:type="simple">
            <relationEntry localType="archival">Minutes et répertoires du notaire Firmin Virgile TABOURIER, 25 janvier 1838 - 9 mai 1849 (étude L)</relationEntry>
         </resourceRelation>
         <resourceRelation xmlns:xlink="http://www.w3.org/1999/xlink"
                           resourceRelationType="creatorOf"
                           xlink:href="FRAN_IR_052107"
                           xlink:type="simple">
            <relationEntry localType="archival">Images des répertoires du notaire Firmin Virgile Tabourier pour l'étude L</relationEntry>
         </resourceRelation>
      </relations>
   </cpfDescription>
</eac-cpf>
