<eac-cpf xmlns="urn:isbn:1-931666-33-4"
         xmlns:xsi="http://www.w3.org/2001/XMLSchema-instance"
         xsi:schemaLocation="urn:isbn:1-931666-33-4 cpf.xsd">
   <control>
      <recordId>FRAN_NP_010225</recordId>
      <otherRecordId localType="Ancien_identifiant">FRDAFANCH00MC_NAETUDE_098</otherRecordId>
      <maintenanceStatus>derived</maintenanceStatus>
      <maintenanceAgency>
         <agencyName>Archives nationales de France</agencyName>
      </maintenanceAgency>
      <languageDeclaration>
         <language languageCode="fre">Français</language>
         <script scriptCode="Latn"/>
      </languageDeclaration>
      <conventionDeclaration>
         <citation>Notice établie conformément à la norme ICA-ISAAR (CPF) 2004, aux normes ISO 8601 pour le système de normalisation des dates utilisé, ainsi que AFNOR NF Z 44-061, juin 1986. Catalogage : forme et structure des vedettes noms de personne, des vedettes titres, des rubriques de classement et des titres forgés.</citation>
      </conventionDeclaration>
      <localControl localType="niveau_de_detail">
         <term>Moyenne</term>
      </localControl>
      <maintenanceHistory>
         <maintenanceEvent>
            <eventType>derived</eventType>
            <eventDateTime>2015-09-30</eventDateTime>
            <agentType>machine</agentType>
            <agent>Migration ETANOT</agent>
         </maintenanceEvent>
      </maintenanceHistory>
   </control>
   <cpfDescription>
      <identity>
         <entityType>corporateBody</entityType>
         <nameEntry localType="autorisée" scriptCode="Latn" xml:lang="fre">
            <part>Etude XCVIII</part>
         </nameEntry>
         <nameEntry>
            <part>indéterminé</part>
         </nameEntry>
      </identity>
      <description>
         <existDates>
            <dateRange>
               <fromDate standardDate="1546-01-01">1546</fromDate>
            </dateRange>
         </existDates>
         <functions>
            <function>
               <term vocabularySource="d3nyui3o8w--11y7jgy8q3wnt">notaire à paris</term>
               <dateRange>
                  <fromDate standardDate="1546-01-01">1546</fromDate>
                  <toDate/>
               </dateRange>
            </function>
         </functions>
         <biogHist>
            <p>Étude située rue de la Bretonnerie de 1547 à 1588. Elle s'installe rive gauche à la fin du XVIème siècle et y demeure jusqu'en 1776 : rue de la Harpe ; rue Neuve-Saint-Lambert ; rue des Quatre-Vents ; rue des Mauvaises-Paroles. Elle déménage alors rue de l'Arbre-Sec, puis rue Saint-Honoré (1817) et enfin rue de Richelieu (1862).</p>
         </biogHist>
      </description>
      <relations>
         <cpfRelation xmlns:xlink="http://www.w3.org/1999/xlink"
                      cpfRelationType="associative"
                      xlink:href="FRAN_NP_010906"
                      xlink:type="simple">
            <relationEntry>Petit, Victor</relationEntry>
            <dateRange>
               <fromDate standardDate="1814-07-06">6 juillet 1814</fromDate>
               <toDate standardDate="1834-09-12">12 septembre 1834</toDate>
            </dateRange>
         </cpfRelation>
         <cpfRelation xmlns:xlink="http://www.w3.org/1999/xlink"
                      cpfRelationType="associative"
                      xlink:href="FRAN_NP_010918"
                      xlink:type="simple">
            <relationEntry>Picard, François Marcel</relationEntry>
            <dateRange>
               <fromDate standardDate="1965-03-31">31 mars 1965</fromDate>
               <toDate standardDate="1997-10-01">1er octobre 1997</toDate>
            </dateRange>
         </cpfRelation>
         <cpfRelation xmlns:xlink="http://www.w3.org/1999/xlink"
                      cpfRelationType="associative"
                      xlink:href="FRAN_NP_010919"
                      xlink:type="simple">
            <relationEntry>Picard, Marcel Edouard Gaston</relationEntry>
            <dateRange>
               <fromDate standardDate="1931-02-27">27 février 1931</fromDate>
               <toDate standardDate="1965-03-31">31 mars 1965</toDate>
            </dateRange>
         </cpfRelation>
         <cpfRelation xmlns:xlink="http://www.w3.org/1999/xlink"
                      cpfRelationType="associative"
                      xlink:href="FRAN_NP_011113"
                      xlink:type="simple">
            <relationEntry>Mathon, Jacques</relationEntry>
            <dateRange>
               <fromDate standardDate="1758-08-01">1er août 1758</fromDate>
               <toDate standardDate="1771-12-31">31 décembre 1771</toDate>
            </dateRange>
         </cpfRelation>
         <cpfRelation xmlns:xlink="http://www.w3.org/1999/xlink"
                      cpfRelationType="associative"
                      xlink:href="FRAN_NP_011204"
                      xlink:type="simple">
            <relationEntry>Monnot, François</relationEntry>
            <dateRange>
               <fromDate standardDate="1772-01-04">4 janvier 1772</fromDate>
               <toDate standardDate="1801-07-07">7 juillet 1801</toDate>
            </dateRange>
         </cpfRelation>
         <cpfRelation xmlns:xlink="http://www.w3.org/1999/xlink"
                      cpfRelationType="associative"
                      xlink:href="FRAN_NP_010406"
                      xlink:type="simple">
            <relationEntry>Tarbé, Sébastien-Prosper</relationEntry>
            <dateRange>
               <fromDate standardDate="1801-07-07">7 juillet 1801</fromDate>
               <toDate standardDate="1814-07-06">6 juillet 1814</toDate>
            </dateRange>
         </cpfRelation>
         <cpfRelation xmlns:xlink="http://www.w3.org/1999/xlink"
                      cpfRelationType="associative"
                      xlink:href="FRAN_NP_011908"
                      xlink:type="simple">
            <relationEntry>Girardin, Paul</relationEntry>
            <dateRange>
               <fromDate standardDate="1882-04-28">28 avril 1882</fromDate>
               <toDate standardDate="1906-10-18">18 octobre 1906</toDate>
            </dateRange>
         </cpfRelation>
         <cpfRelation xmlns:xlink="http://www.w3.org/1999/xlink"
                      cpfRelationType="associative"
                      xlink:href="FRAN_NP_012797"
                      xlink:type="simple">
            <relationEntry>Baudrier, Jacques</relationEntry>
            <dateRange>
               <fromDate standardDate="1906-10-18">18 octobre 1906</fromDate>
               <toDate standardDate="1931-02-27">27 février 1931</toDate>
            </dateRange>
         </cpfRelation>
         <cpfRelation xmlns:xlink="http://www.w3.org/1999/xlink"
                      cpfRelationType="associative"
                      xlink:href="FRAN_NP_013063"
                      xlink:type="simple">
            <relationEntry>Brochant, Philippe</relationEntry>
            <dateRange>
               <fromDate standardDate="1738-06-11">11 juin 1738</fromDate>
               <toDate standardDate="1758-07-24">24 juillet 1758</toDate>
            </dateRange>
         </cpfRelation>
         <cpfRelation xmlns:xlink="http://www.w3.org/1999/xlink"
                      cpfRelationType="associative"
                      xlink:href="FRAN_NP_012937"
                      xlink:type="simple">
            <relationEntry>Bois, Jean-Antoine</relationEntry>
            <dateRange>
               <fromDate standardDate="1724-08-17">17 août 1724</fromDate>
               <toDate standardDate="1738-06-09">9 juin 1738</toDate>
            </dateRange>
         </cpfRelation>
         <cpfRelation xmlns:xlink="http://www.w3.org/1999/xlink"
                      cpfRelationType="associative"
                      xlink:href="FRAN_NP_011808"
                      xlink:type="simple">
            <relationEntry>Huet, Pierre</relationEntry>
            <dateRange>
               <fromDate standardDate="1700-01-27">27 janvier 1700</fromDate>
               <toDate standardDate="1704-06-10">10 juin 1704</toDate>
            </dateRange>
         </cpfRelation>
         <cpfRelation xmlns:xlink="http://www.w3.org/1999/xlink"
                      cpfRelationType="associative"
                      xlink:href="FRAN_NP_011925"
                      xlink:type="simple">
            <relationEntry>Godart, Séverin</relationEntry>
            <dateRange>
               <fromDate standardDate="1547-01-19">19 janvier 1547</fromDate>
               <toDate standardDate="1580-03-30">30 mars 1580</toDate>
            </dateRange>
         </cpfRelation>
         <cpfRelation xmlns:xlink="http://www.w3.org/1999/xlink"
                      cpfRelationType="associative"
                      xlink:href="FRAN_NP_011089"
                      xlink:type="simple">
            <relationEntry>Marreau, Jean</relationEntry>
            <dateRange>
               <fromDate standardDate="1627-05-06">6 mai 1627</fromDate>
               <toDate standardDate="1661-04-01">1er avril 1661</toDate>
            </dateRange>
         </cpfRelation>
         <cpfRelation xmlns:xlink="http://www.w3.org/1999/xlink"
                      cpfRelationType="associative"
                      xlink:href="FRAN_NP_011221"
                      xlink:type="simple">
            <relationEntry>Moreau, Robert</relationEntry>
            <dateRange>
               <fromDate standardDate="1578-08-01">1er août 1578</fromDate>
               <toDate standardDate="1588-10-23">23 octobre 1588</toDate>
            </dateRange>
         </cpfRelation>
         <cpfRelation xmlns:xlink="http://www.w3.org/1999/xlink"
                      cpfRelationType="associative"
                      xlink:href="FRAN_NP_010586"
                      xlink:type="simple">
            <relationEntry>Simon, Daniel-Henri</relationEntry>
            <dateRange>
               <fromDate standardDate="1858-02-16">16 février 1858</fromDate>
               <toDate standardDate="1882-04-28">28 avril 1882</toDate>
            </dateRange>
         </cpfRelation>
         <cpfRelation xmlns:xlink="http://www.w3.org/1999/xlink"
                      cpfRelationType="associative"
                      xlink:href="FRAN_NP_010531"
                      xlink:type="simple">
            <relationEntry>Saint-Leu, Léonor de</relationEntry>
            <dateRange>
               <fromDate standardDate="1594-08-26">26 août 1594</fromDate>
               <toDate standardDate="1627-03-09">9 mars 1627</toDate>
            </dateRange>
         </cpfRelation>
         <cpfRelation xmlns:xlink="http://www.w3.org/1999/xlink"
                      cpfRelationType="associative"
                      xlink:href="FRAN_NP_011478"
                      xlink:type="simple">
            <relationEntry>Le fer, Antoine-Pierre</relationEntry>
            <dateRange>
               <fromDate standardDate="1834-09-12">12 septembre 1834</fromDate>
               <toDate standardDate="1858-02-16">16 février 1858</toDate>
            </dateRange>
         </cpfRelation>
         <cpfRelation xmlns:xlink="http://www.w3.org/1999/xlink"
                      cpfRelationType="associative"
                      xlink:href="FRAN_NP_011592"
                      xlink:type="simple">
            <relationEntry>Le vasseur, Claude II</relationEntry>
            <dateRange>
               <fromDate standardDate="1661-04-02">2 avril 1661</fromDate>
               <toDate standardDate="1700-01-26">26 janvier 1700</toDate>
            </dateRange>
         </cpfRelation>
         <cpfRelation xmlns:xlink="http://www.w3.org/1999/xlink"
                      cpfRelationType="associative"
                      xlink:href="FRAN_NP_012368"
                      xlink:type="simple">
            <relationEntry>Dona, Hiérôme</relationEntry>
            <dateRange>
               <fromDate standardDate="1704-06-11">11 juin 1704</fromDate>
               <toDate standardDate="1724-07-31">31 juillet 1724</toDate>
            </dateRange>
         </cpfRelation>
         <resourceRelation xmlns:xlink="http://www.w3.org/1999/xlink"
                           resourceRelationType="subjectOf"
                           xlink:href="FRAN_IR_043036"
                           xlink:type="simple">
            <relationEntry localType="archival">Minutes et répertoires du notaire Hiérôme DONA, 11 juin 1704 - juillet 1724 (étude XCVIII)</relationEntry>
         </resourceRelation>
         <resourceRelation xmlns:xlink="http://www.w3.org/1999/xlink"
                           resourceRelationType="subjectOf"
                           xlink:href="FRAN_IR_043041"
                           xlink:type="simple">
            <relationEntry localType="archival">Minutes et répertoires du notaire Sébastien Prosper TARBÉ, 7 juillet 1801 - juin 1814 (étude XCVIII)</relationEntry>
         </resourceRelation>
         <resourceRelation xmlns:xlink="http://www.w3.org/1999/xlink"
                           resourceRelationType="subjectOf"
                           xlink:href="FRAN_IR_043042"
                           xlink:type="simple">
            <relationEntry localType="archival">Minutes et répertoires du notaire Victor PETIT, 6 juillet 1814 - 12 septembre 1834 (étude XCVIII)</relationEntry>
         </resourceRelation>
         <resourceRelation xmlns:xlink="http://www.w3.org/1999/xlink"
                           resourceRelationType="subjectOf"
                           xlink:href="FRAN_IR_043045"
                           xlink:type="simple">
            <relationEntry localType="archival">Minutes et répertoires du notaire Paul GIRARDIN, 28 avril 1882 - 2 septembre 1902 (étude XCVIII)</relationEntry>
         </resourceRelation>
         <resourceRelation xmlns:xlink="http://www.w3.org/1999/xlink"
                           resourceRelationType="subjectOf"
                           xlink:href="FRAN_IR_043035"
                           xlink:type="simple">
            <relationEntry localType="archival">Minutes et répertoires du notaire Pierre HUET, 27 janvier 1700 - 10 juin 1704 (étude XCVIII)</relationEntry>
         </resourceRelation>
         <resourceRelation xmlns:xlink="http://www.w3.org/1999/xlink"
                           resourceRelationType="subjectOf"
                           xlink:href="FRAN_IR_043040"
                           xlink:type="simple">
            <relationEntry localType="archival">Minutes et répertoires du notaire François MONNOT, 4 janvier 1772 - 7 juillet 1801 (étude XCVIII)</relationEntry>
         </resourceRelation>
         <resourceRelation xmlns:xlink="http://www.w3.org/1999/xlink"
                           resourceRelationType="subjectOf"
                           xlink:href="FRAN_IR_043037"
                           xlink:type="simple">
            <relationEntry localType="archival">Minutes et répertoires du notaire Jean Antoine BOIS, 17 août 1724 - 9 juin 1738 (étude XCVIII)</relationEntry>
         </resourceRelation>
         <resourceRelation xmlns:xlink="http://www.w3.org/1999/xlink"
                           resourceRelationType="creatorOf"
                           xlink:href="FRAN_IR_054139"
                           xlink:type="simple">
            <relationEntry localType="archival">«Mélanges» (dossiers de clients) de l’étude XCVIII. MC/ET/XCVIII/767, MC/ET/XCVIII/1128 (1682-1903)</relationEntry>
         </resourceRelation>
         <resourceRelation xmlns:xlink="http://www.w3.org/1999/xlink"
                           resourceRelationType="creatorOf"
                           xlink:href="FRAN_IR_043038"
                           xlink:type="simple">
            <relationEntry localType="archival">Minutes et répertoires du notaire Philippe BROCHANT, 11 juin 1738 - 24 juillet 1758 (étude XCVIII)</relationEntry>
         </resourceRelation>
         <resourceRelation xmlns:xlink="http://www.w3.org/1999/xlink"
                           resourceRelationType="creatorOf"
                           xlink:href="FRAN_IR_043039"
                           xlink:type="simple">
            <relationEntry localType="archival">Minutes et répertoires du notaire Jacques MATHON, 1er août 1758 - 31 décembre 1771 (étude XCVIII)</relationEntry>
         </resourceRelation>
         <resourceRelation xmlns:xlink="http://www.w3.org/1999/xlink"
                           resourceRelationType="creatorOf"
                           xlink:href="FRAN_IR_043034"
                           xlink:type="simple">
            <relationEntry localType="archival">Minutes et répertoires du notaire Claude II LE VASSEUR, 2 avril 1661 - 26 janvier 1700 (étude XCVIII)</relationEntry>
         </resourceRelation>
         <resourceRelation xmlns:xlink="http://www.w3.org/1999/xlink"
                           resourceRelationType="creatorOf"
                           xlink:href="FRAN_IR_043033"
                           xlink:type="simple">
            <relationEntry localType="archival">Minutes et répertoires du notaire Jean MARREAU, 6 mai 1627 - 1er avril 1661 (étude XCVIII)</relationEntry>
         </resourceRelation>
         <resourceRelation xmlns:xlink="http://www.w3.org/1999/xlink"
                           resourceRelationType="creatorOf"
                           xlink:href="FRAN_IR_043043"
                           xlink:type="simple">
            <relationEntry localType="archival">Minutes et répertoires du notaire Antoine Pierre LE FER, 12 septembre 1834 - 16 février 1858 (étude XCVIII)</relationEntry>
         </resourceRelation>
         <resourceRelation xmlns:xlink="http://www.w3.org/1999/xlink"
                           resourceRelationType="creatorOf"
                           xlink:href="FRAN_IR_043044"
                           xlink:type="simple">
            <relationEntry localType="archival">Minutes et répertoires du notaire Daniel Henri SIMON, 16 février 1858 - 28 avril 1882 (étude XCVIII)</relationEntry>
         </resourceRelation>
         <resourceRelation xmlns:xlink="http://www.w3.org/1999/xlink"
                           resourceRelationType="creatorOf"
                           xlink:href="FRAN_IR_051283"
                           xlink:type="simple">
            <relationEntry localType="archival">Images des répertoires du notaire Victor Petit pour l'étude XCVIII</relationEntry>
         </resourceRelation>
         <resourceRelation xmlns:xlink="http://www.w3.org/1999/xlink"
                           resourceRelationType="creatorOf"
                           xlink:href="FRAN_IR_051527"
                           xlink:type="simple">
            <relationEntry localType="archival">Images du répertoire du notaire Hiérôme Dona pour l'étude XCVIII</relationEntry>
         </resourceRelation>
         <resourceRelation xmlns:xlink="http://www.w3.org/1999/xlink"
                           resourceRelationType="creatorOf"
                           xlink:href="FRAN_IR_051603"
                           xlink:type="simple">
            <relationEntry localType="archival">Images du répertoire du notaire Jean Antoine Bois pour l'étude XCVIII</relationEntry>
         </resourceRelation>
         <resourceRelation xmlns:xlink="http://www.w3.org/1999/xlink"
                           resourceRelationType="creatorOf"
                           xlink:href="FRAN_IR_051205"
                           xlink:type="simple">
            <relationEntry localType="archival">Images du répertoire du notaire Sébastien Prosper Tarbé pour l'étude XCVIII</relationEntry>
         </resourceRelation>
         <resourceRelation xmlns:xlink="http://www.w3.org/1999/xlink"
                           resourceRelationType="creatorOf"
                           xlink:href="FRAN_IR_051624"
                           xlink:type="simple">
            <relationEntry localType="archival">Images des répertoires du notaire Philippe Brochant pour l'étude XCVIII</relationEntry>
         </resourceRelation>
         <resourceRelation xmlns:xlink="http://www.w3.org/1999/xlink"
                           resourceRelationType="creatorOf"
                           xlink:href="FRAN_IR_051428"
                           xlink:type="simple">
            <relationEntry localType="archival">Images du répertoire du notaire Pierre Huet pour l'étude XCVIII</relationEntry>
         </resourceRelation>
         <resourceRelation xmlns:xlink="http://www.w3.org/1999/xlink"
                           resourceRelationType="creatorOf"
                           xlink:href="FRAN_IR_051438"
                           xlink:type="simple">
            <relationEntry localType="archival">Images des répertoires du notaire Paul Girardin pour l'étude XCVIII</relationEntry>
         </resourceRelation>
         <resourceRelation xmlns:xlink="http://www.w3.org/1999/xlink"
                           resourceRelationType="creatorOf"
                           xlink:href="FRAN_IR_051394"
                           xlink:type="simple">
            <relationEntry localType="archival">Images des répertoires du notaire Claude II Le Vasseur pour l'étude XCVIII</relationEntry>
         </resourceRelation>
         <resourceRelation xmlns:xlink="http://www.w3.org/1999/xlink"
                           resourceRelationType="creatorOf"
                           xlink:href="FRAN_IR_051241"
                           xlink:type="simple">
            <relationEntry localType="archival">Images des répertoires du notaire Daniel Henri Simon pour l'étude XCVIII</relationEntry>
         </resourceRelation>
         <resourceRelation xmlns:xlink="http://www.w3.org/1999/xlink"
                           resourceRelationType="creatorOf"
                           xlink:href="FRAN_IR_051317"
                           xlink:type="simple">
            <relationEntry localType="archival">Images des répertoires du notaire Jacques Mathon pour l'étude XCVIII</relationEntry>
         </resourceRelation>
         <resourceRelation xmlns:xlink="http://www.w3.org/1999/xlink"
                           resourceRelationType="creatorOf"
                           xlink:href="FRAN_IR_051326"
                           xlink:type="simple">
            <relationEntry localType="archival">Images des répertoires du notaire François Monnot pour l'étude XCVIII</relationEntry>
         </resourceRelation>
         <resourceRelation xmlns:xlink="http://www.w3.org/1999/xlink"
                           resourceRelationType="creatorOf"
                           xlink:href="FRAN_IR_051376"
                           xlink:type="simple">
            <relationEntry localType="archival">Images des répertoires du notaire Antoine Pierre Le Fer pour l'étude XCVIII</relationEntry>
         </resourceRelation>
         <resourceRelation xmlns:xlink="http://www.w3.org/1999/xlink"
                           resourceRelationType="creatorOf"
                           xlink:href="FRAN_IR_043030"
                           xlink:type="simple">
            <relationEntry localType="archival">Minutes et répertoires du notaire Séverin GODART, 19 janvier 1547 - mars 1580 (étude XCVIII)</relationEntry>
         </resourceRelation>
         <resourceRelation xmlns:xlink="http://www.w3.org/1999/xlink"
                           resourceRelationType="creatorOf"
                           xlink:href="FRAN_IR_043031"
                           xlink:type="simple">
            <relationEntry localType="archival">Minutes et répertoires du notaire Robert MOREAU, 1580 - juin 1588 (étude XCVIII)</relationEntry>
         </resourceRelation>
         <resourceRelation xmlns:xlink="http://www.w3.org/1999/xlink"
                           resourceRelationType="creatorOf"
                           xlink:href="FRAN_IR_043032"
                           xlink:type="simple">
            <relationEntry localType="archival">Minutes et répertoires du notaire Léonor de SAINT-LEU, 2 octobre 1594 - 9 mars 1627 (étude XCVIII)</relationEntry>
         </resourceRelation>
         <resourceRelation xmlns:xlink="http://www.w3.org/1999/xlink"
                           resourceRelationType="creatorOf"
                           xlink:href="FRAN_IR_052774"
                           xlink:type="simple">
            <relationEntry localType="archival">Images des répertoires du notaire Jean Marreau pour l'étude XCVIII</relationEntry>
         </resourceRelation>
         <resourceRelation xmlns:xlink="http://www.w3.org/1999/xlink"
                           resourceRelationType="creatorOf"
                           xlink:href="FRAN_IR_043029"
                           xlink:type="simple">
            <relationEntry localType="archival">Archives de l'étude XCVIII</relationEntry>
         </resourceRelation>
      </relations>
   </cpfDescription>
</eac-cpf>
