<eac-cpf xmlns="urn:isbn:1-931666-33-4"
         xmlns:xsi="http://www.w3.org/2001/XMLSchema-instance"
         xsi:schemaLocation="urn:isbn:1-931666-33-4 cpf.xsd">
   <control>
      <recordId>FRAN_NP_005424</recordId>
      <otherRecordId localType="Ancien_identifiant">5187</otherRecordId>
      <maintenanceStatus>revised</maintenanceStatus>
      <maintenanceAgency>
         <agencyName>Archives nationales de France</agencyName>
      </maintenanceAgency>
      <languageDeclaration>
         <language languageCode="fre">Français</language>
         <script scriptCode="Latn"/>
      </languageDeclaration>
      <conventionDeclaration>
         <citation>Notice établie conformément à la norme ICA-ISAAR (CPF) 2004, aux normes ISO 8601 pour le système de normalisation des dates utilisé, ainsi que AFNOR NF Z 44-061, juin 1986. Catalogage : forme et structure des vedettes noms de personne, des vedettes titres, des rubriques de classement et des titres forgés.</citation>
      </conventionDeclaration>
      <localControl localType="niveau_de_detail">
         <term>Moyenne</term>
      </localControl>
      <maintenanceHistory>
         <maintenanceEvent>
            <eventType>derived</eventType>
            <eventDateTime>2013-04-23</eventDateTime>
            <agentType>machine</agentType>
            <agent>Import_SIA</agent>
         </maintenanceEvent>
         <maintenanceEvent>
            <eventType>revised</eventType>
            <eventDateTime>2015-12-04</eventDateTime>
            <agentType>human</agentType>
            <agent>Marine ZELVERTE</agent>
            <eventDescription>F. Clavaud, 3 août 2015 : ajouté texte de référence et indexation fonctions</eventDescription>
         </maintenanceEvent>
         <maintenanceEvent>
            <eventType>revised</eventType>
            <eventDateTime>2016-07-13</eventDateTime>
            <agentType>human</agentType>
            <agent>Marine ZELVERTE</agent>
            <eventDescription>F. Clavaud, 13 juillet 2016 : revu n° notice BnF</eventDescription>
         </maintenanceEvent>
      </maintenanceHistory>
      <sources>
         <source>
            <descriptiveNote>
               <p>Journal officiel</p>
               <p>Notice BnF : http://catalogue.bnf.fr/ark:/12148/cb118656374</p>
               <p>Notice WIkipédia (https://fr.wikipedia.org/wiki/TF1)</p>
               <p>BROCHAND Christian (dir.), 
      <span style="italic">Histoire générale de la radio et de la télévision en France</span>, 1974-2000 (tome 3), édition du Comité d'histoire de la radio-diffusion (C.H.R.D.), Paris : La Documentation française, 2006, 713 p. 
     </p>
               <p>DESCAVES Pierre, MARTIN A., 
      <span style="italic"> Un siècle de radio et de télévision</span>, Productions de Paris, 1965, 399 p. 
     </p>
               <p>FLORENSON Paul, BRUGIERE Maryse, MARTINET Daniel, 
      <span style="italic">Douze ans de télévision 1974-1986</span>, CNCL - La Documentation française, Paris, 1987, 302 p. 
     </p>
               <p>JEANNENEY Jean-Noël et SAUVAGE Monique (dir.)., 
      <span style="italic">Télévision nouvelle mémoire, les magazines de grand reportage</span>, 1959-1968, Le Seuil, Paris, 1982, 250 p. 
     </p>
               <p>JEANNENEY Jean-Noël, 
      <span style="italic">L'écho du siècle. Dictionnaire historique de la radio et de la télévision en France</span>, Hachette-Littératures, ARTE-Editions, La Cinquième-Editions, Paris, 2001, 815 p. 
     </p>
               <p>MICQUEL Pierre, 
      <span style="italic">Histoire de la radio et de la télévision</span>, Panthéon Sorbonne, Paris, 1972, 413 p. 
     </p>
               <p>MOUSSEAU Jacques, BROCHAND Christian, 
      <span style="italic">L’aventure de la télévision : des pionniers à aujourd’hui</span>, Nathan, paris, 1987, 239 p. 
     </p>
            </descriptiveNote>
         </source>
      </sources>
   </control>
   <cpfDescription>
      <identity>
         <entityId>ISNI : 0000000122065604</entityId>
         <entityType>corporateBody</entityType>
         <nameEntry localType="autorisée" scriptCode="Latn" xml:lang="fre">
            <part>TF1 (1975-1987)</part>
         </nameEntry>
         <nameEntry>
            <part>Télévision française 1</part>
         </nameEntry>
      </identity>
      <description>
         <existDates>
            <dateRange>
               <fromDate standardDate="1975-01-06">6 janvier 1975</fromDate>
               <toDate standardDate="1987-04-06">6 avril 1987</toDate>
            </dateRange>
         </existDates>
         <legalStatuses>
            <legalStatus>
               <term vocabularySource="d5blonav6b-7jwfyyjh3efl">société commerciale</term>
            </legalStatus>
         </legalStatuses>
         <functions>
            <function>
               <term vocabularySource="d3nyugp6nd-1m2amxlhij5ib">communication</term>
               <descriptiveNote>
                  <p>télévision</p>
               </descriptiveNote>
            </function>
         </functions>
         <mandates>
            <mandate>
               <descriptiveNote>
                  <p>Loi n°74-696 du 7 août 1974 relative à la radiodiffusion et à la télévision (https://www.legifrance.gouv.fr/affichTexte.do?cidTexte=JORFTEXT000000333539&amp;fastPos=1&amp;fastReqId=26411702&amp;categorieLien=id&amp;oldAction=rechTexte)</p>
                  <p>Loi n°82-652 du 29 juillet 1982 sur la communication audiovisuelle</p>
                  <p>Décret n°82-789 du 17 septembre 1982 portant création d'une société nationale de programme de télévision dénommée Télévision française 1, par abréviation TF1 (https://www.legifrance.gouv.fr/affichTexte.do?cidTexte=JORFTEXT000000337252&amp;fastPos=7&amp;fastReqId=1035839391&amp;categorieLien=id&amp;oldAction=rechTexte)</p>
                  <p>Loi n° 86-1067 du 30 septembre 1986 relative à la liberté de communication</p>
               </descriptiveNote>
            </mandate>
         </mandates>
         <structureOrGenealogy>
            <p>
               <span style="underline">Organigramme en 1978 :</span>
            </p>
            <p/>
            <p>Représentants de l’État : Mr. Jean-Louis GUILLAUD</p>
            <p> Mr. Guy VERDEIL</p>
            <p>Parlementaire : Mr. Gérard LONGUET</p>
            <p>Personnalité de la Presse Écrite : Mme. Marguerite PUHL-DEMANGE</p>
            <p>Personnalité du Monde Culturel : Mr. Georges DUBY</p>
            <p>Représentant du Personnel  : Mr. Boris BILLY</p>
            <p>Président Directeur général : Mr. Jean-Louis GUILLAUD</p>
            <p>Directeur général délégué : Mr. Georges RIOU</p>
            <p>Directeur du cabinet : Mr. Roger-André LARRIEU</p>
            <p/>
            <p>SERVICES RATTACHÉS A LA PRÉSIDENCE : </p>
            <p>- Service des Relations Extérieures : Mr. Bernard BLIN</p>
            <p>- Service de presse : Mr. Maurice BRUZEK</p>
            <p>- Service des études d’opinion : Mme. Nicole CASILE</p>
            <p>- Service des relations internes : Mr. Lucien JOLIVALD</p>
            <p>- Service de l’Action Sociale : Mme. Gilberte OLLIVIER de LIGNAC</p>
            <p>- Service des Relations Internationales : Mr. Robert VILLENEUVE</p>
            <p/>
            <p>DIRECTION DE L’ADMINISTRATION GÉNÉRALE :</p>
            <p>- Direction : Mr. Georges RIDOUX</p>
            <p>- Services des Affaires Juridiques : Mme. Hélène BARBARIN</p>
            <p>- Services Généraux : Mr. Dominique RAHOU</p>
            <p>- Bureaux à l’Étranger : Mr. Pierre THÉODORE</p>
            <p/>
            <p>SERVICES TECHNIQUES :</p>
            <p>- Directeur Adjoint chargé des Services : Mr. Georges ADJADJ</p>
            <p>Techniques </p>
            <p>- Ingénieur chargé du Secteur VIDEO : Mr. Jean POULEAU</p>
            <p>- Ingénieur chargé du Secteur FILM : Mr. Jean-Paul BESSON</p>
            <p>- Ingénieur chargé de l’ÉQUIPEMENT : Mr. Michel BILLARDON</p>
            <p/>
            <p>SERVICES FINANCIERS :</p>
            <p>- Directeur : Mr. Jean LECLERC</p>
            <p>- Chef des Services : Mr. Philippe RAMOND</p>
            <p>- Comptabilité Générale : Mr. Pierre BRANET</p>
            <p>- Trésorerie : Mr. Bernard ESTIVAL</p>
            <p/>
            <p>ADMINISTRATION DU PERSONNEL : </p>
            <p>- Directeur Adjoint chargé des Services : Mr Jean DEMOULIN</p>
            <p>- Gestion du Personnel : Mr. Henri LONGUET</p>
            <p>- Liquidation des Salaires : Mr. Robert BARON</p>
            <p>- Réglementations et Salaires : Mr. Pierre BESSI</p>
            <p>- Formation Professionnelle : Melle. Huguette BOISSE</p>
            <p/>
            <p>DIRECTION DE L’INFORMATION :</p>
            <p>- Directeur de l’Information : Mr. Henri MARQUÉ</p>
            <p>- Rédacteur en Chef, Adjoint au Directeur : Mr. Christian BERNADAC</p>
            <p>- Rédacteur en Chef chargé de la coordination : Mr. Jacques-Ollivier CHATTARD</p>
            <p>des Magazines </p>
            <p>- Chef du Service des Sports : Mr. Christian QUIDET</p>
            <p>- Rédacteur en Chef Technique : Mr. Claude LAGAILLARDE</p>
            <p>- Service de la Prise de Vue : Mr. Robert PRIOUX</p>
            <p>- Chargée de la Gestion : Mme. Yvette GRATIOT</p>
            <p/>
            <p>PROGRAMME :</p>
            <p>- Secrétaire Général pour les Programmes : Mme. Monique TRINKA</p>
            <p>- Service des Affaires Commerciales : Mme. Marie-Christine GROLLEMUND</p>
            <p/>
            <p>DÉPARTEMENTS :</p>
            <p>Jeunesse et Émissions pour les Après-Midi : Mr. Jacques MOUSSEAU</p>
            <p>Documentaires : Mr. Francis MERCURY</p>
            <p>Variétés : Mr. Jean-Michel HEPP </p>
            <p>Théâtre et Musique : Mr. Arnaud TENÈZE</p>
            <p>Cinéma et Achats : Mr. Jacques ZBINDEN</p>
            <p>Fiction : Mr. Claude DÉSIRE </p>
            <p/>
            <p>DIRECTION DE LA PRODUCTION</p>
            <p>- Directeur : Mr. Jean LECLERC</p>
            <p>- Adjoint au Directeur  : Mr. Maurice FAURE</p>
         </structureOrGenealogy>
         <biogHist>
            <p>La société nationale de TF1 est créée par la loi n°74-696 du 7 août 1974. Jacques Chirac, alors Premier Ministre, annonce en effet le démantèlement de l’Office de radiodiffusion-télévision française (ORTF) après plus de 10 ans d’existence. Le monopole d’État étant maintenu, sept sociétés sont créées : </p>
            <list>
               <item>quatre sociétés nationales de programmes : TF1, Antenne 2, FR3 et Radio France;</item>
               <item>trois organismes chargés d'un secteur de l'audiovisuel : Télédiffusion de France (TDF), établissement public de diffusion chargé de la diffusion des programmes de radio et de télévision en France et à l'étranger, ainsi que de l'organisation et de l'exploitation des réseaux et installations de diffusion ; la Société française de production (SFP), société d’économie mixte chargée de réaliser des productions en film et en vidéo pour les sociétés de programme et pour le marché privé ; l’Institut national de l’audiovisuel (INA) chargé de la conservation des archives audiovisuelles, des recherches de création audiovisuelle, mais aussi de la formation professionnelle des personnels des autres organismes. Ces sociétés sont placées sous la tutelle du Premier Ministre et, bien que jouissant d’une large autonomie, doivent composer avec le contrôle de l’État et de la HACA (Haute Autorité de la communication audiovisuelle, ancêtre du CSA).</item>
            </list>
            <p>Cette période est un tournant dans l’histoire de la télévision et la première chaîne a pour ambition de créer un « style nouveau » : «  
     <span style="italic">Nous espérons imposer à la première chaîne, sous la bannière de TF1, un style nouveau, jeune, optimiste, sérieux et gai, attentif à tout ce qui peut satisfaire les goûts des téléspectateurs et aussi les enrichir. Notre préoccupation constante sera d’intéresser, de bannir l’ennui et la vulgarité</span> » (exposé de Jean Cazeneuve, président de la Société nationale de TF1, le 10 décembre 1974). 
    </p>
            <p>Les années 1970 sont aussi marquées par de nouveaux progrès dans les techniques audiovisuelles. Yves Mourousi, présentateur et rédacteur en chef du journal de 13 heures de TF1 à partir de 1975, réalise ainsi les premiers direct dans le monde. Dès 1978, on constate une hausse des ventes de téléviseurs couleurs en France ainsi que le développement de la publicité sur la chaîne à partir des années 1970. Les années 1980 sont ensuite marquées par la naissance de plusieurs chaînes de télévision concurrentes. Même si la concurrence entre les chaînes de télévision existe, ces organes de l’audiovisuel travaillent ensemble pour le bon fonctionnement de la télévision publique. Durant cette période, le monde de la télévision évolue, des concepts et des stars du petit écran naissent et des identités télévisuelles se construisent. </p>
            <p>La loi n°82-652 du 29 juillet 1982 sur la communication audiovisuelle supprime le monopole d'État et recrée par le décret n° 82-789 du 17 septembre 1982 la société nationale de Télévision française 1 qui est maintenant placée sous la tutelle de la HACA, qui établit le cahier des charges, veille aux règles de concurrence et nomme le président de la chaîne.</p>
            <p>En mai 1986, la nouvelle majorité gouvernementale de droite rend publique son intention de privatiser TF1. La privatisation est effective en avril 1987, avec le rachat de 50 % du capital de la chaîne par le groupe Bouygues.</p>
            <p/>
            <p>Entre 1974 et 1987, TF1 voit se succéder cinq présidents : Jean Cazeneuve (1975-1977), Jean-Louis Guillaud (1978-1981), Jacques Boutet (1981-1982), Michel May (1982-1983) et Hervé Bourges (1983-1987).</p>
            <p/>
            <p>
               <span style="bold">Chronologie réapitulative :</span>
            </p>
            <list>
               <item>7 août 1974 : la loi n° 74-696 supprime l’ORTF et confie le service public de l’audiovisuel à sept organismes. TF1 est créée.</item>
               <item>6 janvier 1975 : nouvelle organisation des trois chaînes de télévision : nouveaux logos, nouvelles grilles et nouveaux noms. Jean Cazeneuve devient le président-directeur général de TF1.</item>
               <item>20 décembre 1975 : en ouverture du journal, Jean-Claude Bourret annonce l’arrivée de la couleur sur TF1 à compter du 1er janvier 1976.</item>
               <item>25 juin 1977 : apparition du système d’information et de sous-titrage « Antiope » (Acquisition numérique et télé-visualisation des images organisées en pages d’écriture).</item>
               <item>1978-1983 : successions au poste de président-directeur général de TF1.</item>
               <item>1978 : Jean-Louis Guillaud.</item>
               <item>Juin 1981 : Jacques Boutet.</item>
               <item>31 août 1982 : Michel May.</item>
               <item>14 juillet 1983 : Hervé Bourges.</item>
               <item>14 mai 1986 : annonce de la privatisation de TF1 par François Léotard, Ministre de la Culture et des Communications.</item>
               <item>30 septembre 1986 : la loi n° 86-1067 relative à la liberté de la communication crée la Commission nationale de la communication et des libertés (C.N.C.L.). Cette nouvelle autorité de régulation nomme les présidents des sociétés publiques et veille au respect des cahiers des charges.</item>
               <item>6 avril 1987 : la C.N.C.L. attribue TF1 au groupe Bouygues. TF1 devient une chaîne privée.</item>
            </list>
         </biogHist>
      </description>
      <relations>
         <cpfRelation xmlns:xlink="http://www.w3.org/1999/xlink"
                      cpfRelationType="associative"
                      xlink:href="FRAN_NP_000098"
                      xlink:type="simple">
            <relationEntry>Haute Autorité de la communication audiovisuelle</relationEntry>
            <dateRange>
               <fromDate standardDate="1982-01-01">1982</fromDate>
               <toDate standardDate="1986-12-31">1986</toDate>
            </dateRange>
         </cpfRelation>
         <cpfRelation xmlns:xlink="http://www.w3.org/1999/xlink"
                      cpfRelationType="hierarchical-parent"
                      xlink:href="FRAN_NP_000002"
                      xlink:type="simple">
            <relationEntry>Premier ministre</relationEntry>
            <dateRange>
               <fromDate standardDate="1975-01-06">6 janvier 1975</fromDate>
               <toDate standardDate="1982-09-16">16 septembre 1982</toDate>
            </dateRange>
         </cpfRelation>
         <cpfRelation xmlns:xlink="http://www.w3.org/1999/xlink"
                      cpfRelationType="hierarchical-parent"
                      xlink:href="FRAN_NP_000098"
                      xlink:type="simple">
            <relationEntry>Haute Autorité de la communication audiovisuelle</relationEntry>
            <dateRange>
               <fromDate standardDate="1982-09-17">17 septembre 1982</fromDate>
               <toDate standardDate="1986-12-31">1986</toDate>
            </dateRange>
         </cpfRelation>
         <cpfRelation xmlns:xlink="http://www.w3.org/1999/xlink"
                      cpfRelationType="temporal-earlier"
                      xlink:href="FRAN_NP_000347"
                      xlink:type="simple">
            <relationEntry>Office de radiodiffusion-télévision française</relationEntry>
            <dateRange>
               <fromDate standardDate="1975-01-06">6 janvier 1975</fromDate>
            </dateRange>
         </cpfRelation>
         <resourceRelation xmlns:xlink="http://www.w3.org/1999/xlink"
                           resourceRelationType="creatorOf"
                           xlink:href="FRAN_IR_050072"
                           xlink:type="simple">
            <relationEntry localType="archival"> PRÉSIDENCE de tf1 (1974-1987) </relationEntry>
         </resourceRelation>
         <resourceRelation xmlns:xlink="http://www.w3.org/1999/xlink"
                           resourceRelationType="creatorOf"
                           xlink:href="FRAN_IR_055107"
                           xlink:type="simple">
            <relationEntry localType="archival">Présidence de TF1 (1970-1987).</relationEntry>
         </resourceRelation>
         <resourceRelation xmlns:xlink="http://www.w3.org/1999/xlink"
                           resourceRelationType="creatorOf"
                           xlink:href="FRAN_IR_055146"
                           xlink:type="simple">
            <relationEntry localType="archival">Fonds de la société nationale de télévision française 1 (tf1)</relationEntry>
         </resourceRelation>
      </relations>
   </cpfDescription>
</eac-cpf>
