<eac-cpf xmlns="urn:isbn:1-931666-33-4"
         xmlns:xsi="http://www.w3.org/2001/XMLSchema-instance"
         xsi:schemaLocation="urn:isbn:1-931666-33-4 cpf.xsd">
   <control>
      <recordId>FRAN_NP_009943</recordId>
      <maintenanceStatus>revised</maintenanceStatus>
      <maintenanceAgency>
         <agencyName>Archives nationales de France</agencyName>
      </maintenanceAgency>
      <languageDeclaration>
         <language languageCode="fre">Français</language>
         <script scriptCode="Latn"/>
      </languageDeclaration>
      <conventionDeclaration>
         <citation>Notice établie conformément à la norme ICA-ISAAR (CPF) 2004, aux normes ISO 8601 pour le système de normalisation des dates utilisé, ainsi que AFNOR NF Z 44-061, juin 1986. Catalogage : forme et structure des vedettes noms de personne, des vedettes titres, des rubriques de classement et des titres forgés.</citation>
      </conventionDeclaration>
      <localControl localType="niveau_de_detail">
         <term>Complète</term>
      </localControl>
      <maintenanceHistory>
         <maintenanceEvent>
            <eventType>derived</eventType>
            <eventDateTime>2013-04-23</eventDateTime>
            <agentType>machine</agentType>
            <agent>Import_SIA</agent>
         </maintenanceEvent>
         <maintenanceEvent>
            <eventType>revised</eventType>
            <eventDateTime>2016-04-22</eventDateTime>
            <agentType>human</agentType>
            <agent>Marine ZELVERTE</agent>
            <eventDescription/>
         </maintenanceEvent>
         <maintenanceEvent>
            <eventType>updated</eventType>
            <eventDateTime>2017-03-29</eventDateTime>
            <agentType>human</agentType>
            <agent>Marine ZELVERTE</agent>
         </maintenanceEvent>
         <maintenanceEvent>
            <eventType>updated</eventType>
            <eventDateTime>2017-03-29</eventDateTime>
            <agentType>human</agentType>
            <agent>Mission.referentiels MISSION.REFERENTIELS</agent>
            <eventDescription>F. Clavaud, 29 mars 2017 : revu les liens, ajouté lien d'identité</eventDescription>
         </maintenanceEvent>
      </maintenanceHistory>
      <sources>
         <source>
            <sourceEntry>Richter (Noë), "Histoire de la lecture publique en France", Bulletin des bibliothèques de France, n° 1, 1977. Disponible sur le Web : &lt;http://bbf.enssib.fr/consulter/bbf-1977-01-0001-001&gt;. ISSN 1292-8399. </sourceEntry>
         </source>
         <source>
            <sourceEntry>Bottin administratif</sourceEntry>
         </source>
         <source>
            <sourceEntry>Notice BnF n° FRBNF12429252 (http://catalogue.bnf.fr/ark:/12148/cb12429252h)</sourceEntry>
         </source>
      </sources>
   </control>
   <cpfDescription>
      <identity>
         <entityId>ISNI : 0000 0001 2195 512X</entityId>
         <entityType>corporateBody</entityType>
         <nameEntry localType="autorisée" scriptCode="Latn" xml:lang="fre">
            <part>France. Direction des bibliothèques et de la lecture publique (1945-1975)</part>
         </nameEntry>
         <nameEntry>
            <part>DBLP</part>
         </nameEntry>
         <nameEntry>
            <part>Direction des bibliothèques de France et de la lecture publique</part>
            <useDates>
               <dateRange>
                  <fromDate standardDate="1945-08-18">18 août 1945</fromDate>
                  <toDate standardDate="1949-12-31">1949</toDate>
               </dateRange>
            </useDates>
         </nameEntry>
         <nameEntry>
            <part>Services des bibliothèques de France et de la lecture publique</part>
            <useDates>
               <dateRange>
                  <fromDate standardDate="1949-01-01">1949</fromDate>
                  <toDate standardDate="1953-12-31">1953</toDate>
               </dateRange>
            </useDates>
         </nameEntry>
         <nameEntry>
            <part>Direction des bibliothèques de France</part>
            <useDates>
               <dateRange>
                  <fromDate standardDate="1953-01-01">1953</fromDate>
                  <toDate standardDate="1965-12-31">1965</toDate>
               </dateRange>
            </useDates>
         </nameEntry>
         <nameEntry>
            <part>Direction des bibliothèques et de la lecture publique</part>
            <useDates>
               <dateRange>
                  <fromDate standardDate="1965-01-01">1965</fromDate>
                  <toDate standardDate="1972-12-31">1972</toDate>
               </dateRange>
            </useDates>
         </nameEntry>
         <nameEntry>
            <part>Direction chargée des bibliothèques et de la lecture publique</part>
            <useDates>
               <dateRange>
                  <fromDate standardDate="1972-01-01">1972</fromDate>
                  <toDate standardDate="1974-12-31">1974</toDate>
               </dateRange>
            </useDates>
         </nameEntry>
      </identity>
      <description>
         <existDates>
            <dateRange>
               <fromDate standardDate="1945-08-18">18 août 1945</fromDate>
               <toDate standardDate="1975-12-31">1975</toDate>
            </dateRange>
         </existDates>
         <legalStatuses>
            <legalStatus>
               <term vocabularySource="d5blonaxbw--1mt8t42bokzts">service d'administration centrale</term>
            </legalStatus>
         </legalStatuses>
         <functions>
            <function>
               <term vocabularySource="d3nyugsjkt--7vpbe5hqjvzi">conseil</term>
            </function>
            <function>
               <term vocabularySource="d3nyuh38s6-1lg9onn879oxm">coordination</term>
            </function>
            <function>
               <term vocabularySource="d3nyuhrig1--3acyzmp9v988">formation</term>
            </function>
            <function>
               <term vocabularySource="d5bhvijq5z-zaaj99p5tmch">gestion du personnel</term>
            </function>
            <function>
               <term vocabularySource="d3nyui3ce2-byd3yisqum1a">normalisation</term>
            </function>
            <function>
               <term vocabularySource="d3nyuich4a--1xmt90d5s8n8k">recrutement</term>
            </function>
            <function>
               <term vocabularySource="d3nyuhp1um--qolq4osvi6b5">étude</term>
            </function>
         </functions>
         <mandates>
            <mandate>
               <descriptiveNote>
                  <p>Décret n° 45-1889 du 18 août 1945 portant organisation de la direction générale des Arts et des Lettres</p>
                  <p>Décret n°75-1003 du 29 octobre 1975 par lequel sont transférées au Secrétaire d'État à la Culture les attributions exercées par le Secrétaire d'État aux Universités dans les domaines du livre et de la lecture publique (https://www.legifrance.gouv.fr/affichTexte.do?cidTexte=JORFTEXT000000500152&amp;fastPos=3&amp;fastReqId=1129159639&amp;categorieLien=id&amp;oldAction=rechTexte)</p>
                  <p>Décret n°75-1218 du 23 décembre 1975 portant création d'une direction du Livre au Secrétariat d'État à la Culture</p>
               </descriptiveNote>
            </mandate>
         </mandates>
         <structureOrGenealogy>
            <p>La direction des bibliothèques et de la lecture publique est constituée :</p>
            <list>
               <item>d'un service technique dirigé par un conservateur ;</item>
               <item>d'un bureau du personnel (premier bureau, bureau du personnel et des affaires générales à partir de 1952) ;</item>
               <item>d'un bureau de la comptabilité (deuxième bureau, bureau de la gestion et du contrôle financier à partir de 1949). En 1965, le deuxième bureau se divise en un deuxième bureau chargé de la gestion et du contrôle financier, et un troisième bureau chargé des affaires générales, de la documentation et du matériel. Les premier, deuxième et troisième bureaux forment les services administratifs ;</item>
               <item>d'une Commission supérieure des bibliothèques et d'un Comité consultatif provisoire de la lecture publique (puis Inspection générale) où siègent trois inspecteurs généraux (jusqu'en 1949) ;</item>
               <item>à partir de 1961 s'ajoutent le Comité des travaux historiques et scientifiques et la Commission d'histoire économique et sociale de la Révolution française ;</item>
               <item>en 1968 apparaît un service de la lecture publique, rapidement incorporé aux services techniques.</item>
            </list>
         </structureOrGenealogy>
         <biogHist>
            <p>
               <span style="underline">Historique :</span>
            </p>
            <p>La direction des bibliothèques de France et de la lecture publique (DBLP) est créée par le décret du 18 août 1945 organisant la direction générale des Arts et Lettres (DGAL) au sein du ministère de l'Éducation nationale. </p>
            <p>La création d'une direction des bibliothèques avait été une revendication constante des associations professionnelles entre les deux guerres. Certes, il y avait toujours eu dans l'administration centrale, depuis la Révolution, des services spécialisés qui règlementaient et contrôlaient l'activité des bibliothèques. En 1897, ils avaient été regroupés au sein de la direction de l'enseignement supérieur du ministère de l'Instruction publique, et le gouvernement de Vichy les avait réunis en un unique « Bureau des Bibliothèques ». Mais ces services et ce bureau n'étaient que des services administratifs. Le décret du 18 août 1945, qui crée la Direction des bibliothèques et de la lecture publique leur adjoint un service technique. Travaillant en liaison étroite avec l'inspection générale, ce service promeut une politique d'ensemble en normalisant et en coordonnant l'activité des différentes catégories de bibliothèques. L'action de la direction des bibliothèques est considérable dans tous les domaines : reconstruction des bibliothèques sinistrées, modernisation et réorganisation des bibliothèques universitaires, élaboration des statuts des différentes catégories du personnel, organisation de la formation, de l'information et de la documentation professionnelles, développement des relations internationales.</p>
            <p>La DBLP est placée sous l'autorité de la DGAL jusqu'en 1950, date à partir de laquelle elle devient autonome au sein du ministère de l'Éducation nationale. En 1975, elle est brièvement placée sous l'autorité du Secrétariat d'État aux Universités. </p>
            <p>Le 2 juillet 1975, une décision du conseil des ministres supprime la DBLP et répartit ses attributions entre le secrétariat d'État aux Universités et le secrétariat d'État à la Culture. Le partage est précisé par le décret n° 75-10003 du 29 octobre 1975, effectif le 1er janvier 1976. Un décret du 23 décembre 1975 crée à partir du 1er janvier 1976 une direction du livre au sein du Secrétariat d'État à la Culture.</p>
            <p/>
            <p>
               <span style="underline">Fonctions :</span>
            </p>
            <p>La DBLP, par l'intermédiaire de son service technique, est chargée de l'étude des problèmes techniques concernant le classement, l'établissement des catalogues, la conservation et la communication des documents et des livres, l'élaboration et de la diffusion des règlements concernant les bibliothèques, la normalisation. Elle a également en charge les questions relatives à la formation du personnel technique et scientifique des bibliothèques, ainsi qu'aux stages pour les étrangers. Elle est responsable des souscriptions scientifiques et littéraires et des relations avec les sociétés savantes. À partir de 1967, son service de la lecture publique gère les relations avec les bibliothèques municipales et les bibliothèques centrales de prêt. Son service du personnel est chargé du personnel des bibliothèques nationales, universitaires, scientifiques et des bibliothèques municipales classées. Enfin, ses services administratifs sont chargés de la gestion budgétaire, des statistiques et de la documentation, ou encore de la gestion du matériel.</p>
            <p/>
            <p>
               <span style="underline">Directeurs :</span>
            </p>
            <list>
               <item>Marcel Bouteron (1945)</item>
               <item>Julien Cain (1946-1964)</item>
               <item>Étienne Dennery (1964-1975)</item>
            </list>
         </biogHist>
      </description>
      <relations>
         <cpfRelation xmlns:xlink="http://www.w3.org/1999/xlink"
                      cpfRelationType="hierarchical-parent"
                      xlink:href="FRAN_NP_005205"
                      xlink:type="simple">
            <relationEntry>France. Direction générale des arts et des lettres (1944-1969)</relationEntry>
            <dateRange>
               <fromDate standardDate="1945-08-18">18 août 1945</fromDate>
               <toDate standardDate="1950-12-31">1950</toDate>
            </dateRange>
            <descriptiveNote>
               <p>@isPartOf@</p>
            </descriptiveNote>
         </cpfRelation>
         <cpfRelation xmlns:xlink="http://www.w3.org/1999/xlink"
                      cpfRelationType="hierarchical-parent"
                      xlink:href="FRAN_NP_000016"
                      xlink:type="simple">
            <relationEntry>France. Ministère de l'Éducation nationale (1828-....)</relationEntry>
            <dateRange>
               <fromDate standardDate="1951-01-01">1951</fromDate>
               <toDate standardDate="1974-12-31">1974</toDate>
            </dateRange>
            <descriptiveNote>
               <p>@isPartOf@</p>
            </descriptiveNote>
         </cpfRelation>
         <cpfRelation xmlns:xlink="http://www.w3.org/1999/xlink"
                      cpfRelationType="hierarchical-child"
                      xlink:href="FRAN_NP_003551"
                      xlink:type="simple">
            <relationEntry>France. Direction des bibliothèques et de la lecture publique. Services techniques. Section de la lecture publique (1968-1975)</relationEntry>
            <dateRange>
               <fromDate standardDate="1968-01-01">1968</fromDate>
               <toDate standardDate="1970-12-31">1970</toDate>
            </dateRange>
            <descriptiveNote>
               <p>
     @isPartOf@
    </p>
            </descriptiveNote>
         </cpfRelation>
         <cpfRelation xmlns:xlink="http://www.w3.org/1999/xlink"
                      cpfRelationType="hierarchical-child"
                      xlink:href="FRAN_NP_003532"
                      xlink:type="simple">
            <relationEntry>France. Direction des bibliothèques et de la lecture publique. Division des affaires administratives (1965-1975)</relationEntry>
            <dateRange>
               <fromDate standardDate="1965-01-01">1965</fromDate>
               <toDate standardDate="1975-12-31">1975</toDate>
            </dateRange>
            <descriptiveNote>
               <p>
     @isPartOf@
    </p>
            </descriptiveNote>
         </cpfRelation>
         <cpfRelation xmlns:xlink="http://www.w3.org/1999/xlink"
                      cpfRelationType="hierarchical-parent"
                      xlink:href="FRAN_NP_003944"
                      xlink:type="simple">
            <relationEntry>France. Ministère des Universités (1974-1981)</relationEntry>
            <dateRange>
               <fromDate standardDate="1975-01-01">1975</fromDate>
               <toDate standardDate="1975-12-31">1975</toDate>
            </dateRange>
            <descriptiveNote>
               <p>@isPartOf@</p>
            </descriptiveNote>
         </cpfRelation>
         <cpfRelation xmlns:xlink="http://www.w3.org/1999/xlink"
                      cpfRelationType="hierarchical-child"
                      xlink:href="FRAN_NP_003552"
                      xlink:type="simple">
            <relationEntry>France. Direction des bibliothèques et de la lecture publique. Services techniques (1945-1975)</relationEntry>
            <dateRange>
               <fromDate standardDate="1945-08-18">18 août 1945</fromDate>
               <toDate standardDate="1975-12-31">1975</toDate>
            </dateRange>
            <descriptiveNote>
               <p>
     @isPartOf@
    </p>
            </descriptiveNote>
         </cpfRelation>
         <cpfRelation xmlns:xlink="http://www.w3.org/1999/xlink"
                      cpfRelationType="hierarchical-child"
                      xlink:href="FRAN_NP_003529"
                      xlink:type="simple">
            <relationEntry>France. Direction des bibliothèques et de la lecture publique. Bureau de la gestion et du contrôle financiers (1945-1975)</relationEntry>
            <dateRange>
               <fromDate standardDate="1945-08-18">18 août 1945</fromDate>
               <toDate standardDate="1964-12-31">1964</toDate>
            </dateRange>
            <descriptiveNote>
               <p>
     @isPartOf@
    </p>
            </descriptiveNote>
         </cpfRelation>
         <cpfRelation xmlns:xlink="http://www.w3.org/1999/xlink"
                      cpfRelationType="hierarchical-child"
                      xlink:href="FRAN_NP_003531"
                      xlink:type="simple">
            <relationEntry>France. Direction des bibliothèques et de la lecture publique. Bureau du personnel (1945-1975)</relationEntry>
            <dateRange>
               <fromDate standardDate="1945-08-18">18 août 1945</fromDate>
               <toDate standardDate="1964-12-31">1964</toDate>
            </dateRange>
            <descriptiveNote>
               <p>
     @isPartOf@
    </p>
            </descriptiveNote>
         </cpfRelation>
         <cpfRelation xmlns:xlink="http://www.w3.org/1999/xlink"
                      cpfRelationType="associative"
                      xlink:href="FRAN_NP_005074"
                      xlink:type="simple">
            <relationEntry>Bibliothèque nationale (France)</relationEntry>
            <dateRange>
               <fromDate standardDate="1945-08-18">18 août 1945</fromDate>
               <toDate standardDate="1975-12-31">1975</toDate>
            </dateRange>
            <descriptiveNote>
               <p>
     @isAssociatedWithForItsControl@
    </p>
            </descriptiveNote>
         </cpfRelation>
         <cpfRelation xmlns:xlink="http://www.w3.org/1999/xlink"
                      cpfRelationType="temporal-later"
                      xlink:href="FRAN_NP_003554"
                      xlink:type="simple">
            <relationEntry>Service des bibliothèques (ministère des Universités)</relationEntry>
            <dateRange>
               <fromDate standardDate="1975-01-01">1975</fromDate>
            </dateRange>
         </cpfRelation>
         <cpfRelation xmlns:xlink="http://www.w3.org/1999/xlink"
                      cpfRelationType="temporal-later"
                      xlink:href="FRAN_NP_005099"
                      xlink:type="simple">
            <relationEntry>France. Ministère de la Culture et de la Communication. Direction du Livre et de la Lecture (1976-2010)</relationEntry>
            <dateRange>
               <fromDate standardDate="1976-01-01">1976</fromDate>
            </dateRange>
         </cpfRelation>
         <cpfRelation xmlns:xlink="http://www.w3.org/1999/xlink"
                      cpfRelationType="associative"
                      xlink:href="FRAN_NP_005090"
                      xlink:type="simple">
            <relationEntry>France. Inspection générale des bibliothèques (1822-....)</relationEntry>
            <dateRange>
               <fromDate standardDate="1945-08-18">18 août 1945</fromDate>
               <toDate standardDate="1975-12-31">1975</toDate>
            </dateRange>
            <descriptiveNote>
               <p>@isFunctionnallyLinked@</p>
            </descriptiveNote>
         </cpfRelation>
         <cpfRelation xmlns:xlink="http://www.w3.org/1999/xlink"
                      cpfRelationType="identity"
                      xlink:href="http://catalogue.bnf.fr/ark:/12148/cb12429252h"
                      xlink:type="simple">
            <relationEntry>France. Direction des bibliothèques et de la lecture publique</relationEntry>
            <dateRange>
               <fromDate standardDate="1945-08-18">18 août 1945</fromDate>
               <toDate standardDate="1975-12-31">1975</toDate>
            </dateRange>
            <descriptiveNote>
               <p>notice d'autorité BnF</p>
            </descriptiveNote>
         </cpfRelation>
      </relations>
   </cpfDescription>
</eac-cpf>
