<eac-cpf xmlns="urn:isbn:1-931666-33-4"
         xmlns:xsi="http://www.w3.org/2001/XMLSchema-instance"
         xsi:schemaLocation="urn:isbn:1-931666-33-4 cpf.xsd">
   <control>
      <recordId>FRAN_NP_003776</recordId>
      <otherRecordId localType="Ancien_identifiant">3294/ET</otherRecordId>
      <maintenanceStatus>revised</maintenanceStatus>
      <maintenanceAgency>
         <agencyName>Archives nationales de France</agencyName>
      </maintenanceAgency>
      <languageDeclaration>
         <language languageCode="fre">Français</language>
         <script scriptCode="Latn"/>
      </languageDeclaration>
      <conventionDeclaration>
         <citation>Notice établie conformément à la norme ICA-ISAAR (CPF) 2004, aux normes ISO 8601 pour le système de normalisation des dates utilisé, ainsi que AFNOR NF Z 44-061, juin 1986. Catalogage : forme et structure des vedettes noms de personne, des vedettes titres, des rubriques de classement et des titres forgés.</citation>
      </conventionDeclaration>
      <localControl localType="niveau_de_detail">
         <term>Complète</term>
      </localControl>
      <maintenanceHistory>
         <maintenanceEvent>
            <eventType>derived</eventType>
            <eventDateTime>2013-04-23</eventDateTime>
            <agentType>machine</agentType>
            <agent>Import_SIA</agent>
         </maintenanceEvent>
         <maintenanceEvent>
            <eventType>revised</eventType>
            <eventDateTime>2017-10-05</eventDateTime>
            <agentType>human</agentType>
            <agent>Anne ROHFRITSCH</agent>
            <eventDescription>Révision le 05/10/2017 (A. Rohfritsch, DECAS) : nom, autres formes du nom, historique, textes de référence, organisation interne, sources.</eventDescription>
         </maintenanceEvent>
         <maintenanceEvent>
            <eventType>updated</eventType>
            <eventDateTime>2017-12-21</eventDateTime>
            <agentType>human</agentType>
            <agent>Emmanuelle GIRY</agent>
         </maintenanceEvent>
      </maintenanceHistory>
      <sources>
         <source>
            <sourceEntry>Informations fournies par la Mission des archives et du patrimoine culturel du MENESR.</sourceEntry>
         </source>
         <source>
            <sourceEntry>Identifiant ARK de la notice d’autorité BnF : http://catalogue.bnf.fr/ark:/12148/cb121507206</sourceEntry>
         </source>
         <source>
            <sourceEntry>Notice Wikipédia : https://fr.wikipedia.org/wiki/%C3%89cole_normale_sup%C3%A9rieure_Paris-Saclay</sourceEntry>
         </source>
         <source>
            <sourceEntry>Rubrique "Histoire de l'école" du site Internet de l'ENS : http://www.ens-cachan.fr/lecole/histoire-de-lecole [page consultée le 05/10/2017]</sourceEntry>
         </source>
      </sources>
   </control>
   <cpfDescription>
      <identity>
         <entityType>corporateBody</entityType>
         <nameEntry localType="autorisée" scriptCode="Latn" xml:lang="fre">
            <part>École normale supérieure (1912-.... ; Cachan, Val-de-Marne)</part>
         </nameEntry>
         <nameEntry>
            <part>École normale de l’enseignement technique (ENET)</part>
            <useDates>
               <dateRange>
                  <fromDate standardDate="1912-01-01">1912</fromDate>
                  <toDate standardDate="1932-12-31">1932</toDate>
               </dateRange>
            </useDates>
         </nameEntry>
         <nameEntry>
            <part>École nationale supérieure de l'enseignement technique (ENSET)</part>
            <useDates>
               <dateRange>
                  <fromDate standardDate="1932-01-01">1932</fromDate>
                  <toDate standardDate="1985-12-31">1985</toDate>
               </dateRange>
            </useDates>
         </nameEntry>
         <nameEntry>
            <part>École normale supérieure de Cachan</part>
            <useDates>
               <dateRange>
                  <fromDate standardDate="1985-01-01">1985</fromDate>
                  <toDate standardDate="2016-12-31">2016</toDate>
               </dateRange>
            </useDates>
         </nameEntry>
         <nameEntry>
            <part>École normale supérieure Paris-Saclay</part>
            <useDates>
               <dateRange>
                  <fromDate standardDate="2016-01-01">2016</fromDate>
               </dateRange>
            </useDates>
         </nameEntry>
      </identity>
      <description>
         <existDates>
            <dateRange>
               <fromDate standardDate="1912-01-01">1912</fromDate>
            </dateRange>
         </existDates>
         <places>
            <place>
               <placeRole>Lieu général</placeRole>
               <placeEntry localType="lieu" vocabularySource="d3ntxduzsg--3824tnxvahmx">Saclay (Essonne)</placeEntry>
               <placeEntry localType="lieu" vocabularySource="d3ntxfcigl--ftoxs3yki8wa">Cachan (Val-de-Marne)</placeEntry>
            </place>
         </places>
         <legalStatuses>
            <legalStatus>
               <term vocabularySource="d5bloma37i--zasxhhwa4h0">établissement public à caractère scientifique, culturel et professionnel</term>
            </legalStatus>
         </legalStatuses>
         <functions>
            <function>
               <term vocabularySource="d5bhvihxhx--1dol4k5w0lb2i">enseignement supérieur</term>
            </function>
            <function>
               <term vocabularySource="d3nyuic5p0-ktmsglhlnhvr">recherche</term>
            </function>
         </functions>
         <mandates>
            <mandate>
               <descriptiveNote>
                  <p>- Décret du 26 octobre 1912 donnant naissance à l’École normale de l’enseignement technique.</p>
                  <p>- Décret n° 85-788 du 24 juillet 1985 relatif aux écoles normales supérieures : https://www.legifrance.gouv.fr/jo_pdf.do?id=JORFTEXT000000688817 </p>
                  <p>- Décret n° 87-698 du 26 août 1987 relatif à l’École normale supérieure de Cachan (NOR: RESP8700551D).</p>
                  <p>- Décret n° 2011-21 du 5 janvier 2011 relatif à l’École normale supérieure de Cachan (NOR: ESRS1016850D).</p>
               </descriptiveNote>
            </mandate>
         </mandates>
         <structureOrGenealogy>
            <p>
               <span style="underline">Attributions</span> : 
    </p>
            <p>L’École normale supérieure de Cachan est placée sous la tutelle du ministre chargé de l’Enseignement supérieur qui exerce, à son égard, les compétences attribuées au recteur d’académie, chancelier des universités. Par décret n° 2011-21 du 5 janvier 2011 (article 3), elle :</p>
            <p>- prépare, par une formation scientifique et culturelle de haut niveau, des élèves se destinant à la recherche scientifique fondamentale ou appliquée, à l’enseignement universitaire et dans les classes préparatoires aux grandes écoles ainsi qu’à l’enseignement secondaire et, plus généralement, au service des administrations de l’État et des collectivités territoriales, de leurs établissements publics ou des entreprises. Des étudiants se destinant notamment aux différents métiers de l’enseignement et de la recherche bénéficient également de ses formations.</p>
            <p>- exerce ses missions principalement dans les disciplines technologiques, scientifiques, de gestion et des sciences sociales.</p>
            <p>- assure également la préparation de diplômes nationaux de niveau égal ou supérieur au master qu’elle est habilitée à délivrer. Elle peut délivrer des diplômes propres. Elle peut préparer à des concours des fonctions publiques.</p>
            <p>- conduit des activités de formation continue.</p>
            <p>- définit et met en œuvre une politique de recherche scientifique et technologique qu’elle valorise par ses publications, ses productions scientifiques et pédagogiques, ses brevets et licences d’exploitation. Elle promeut la création et le soutien de jeunes entreprises innovantes.</p>
            <p>- collabore avec des organismes de recherche ou d’enseignement supérieur français ou étrangers dans une perspective multidisciplinaire et internationale.</p>
            <p>- facilite les poursuites d’études de ses diplômés, notamment en doctorat.</p>
            <p/>
            <p>
               <span style="underline">Directeurs, puis présidents de l’école</span> : 
    </p>
            <p>M. Renaudeau (1945-1956) ; René Basquin (1957-1969) ; Pierre Thureau (1970-1980) ; Gérard Montel (1981-1985) ; Marcel Bonvalet (1986-1987) ; Yves Malier (1988-1994) ; Bernard Decomps (1994-2000) ; Claire Dupas (2000-2008) ; Jean-Yves Mérindol, administrateur provisoire le 1er janvier 2009, directeur le 1er août 2009, président du 1er janvier 2011 au 22 mai 2012 ; Pierre-Paul Zalio, administrateur provisoire le 29 mai 2012, président à partir du 4 octobre 2012.</p>
            <p/>
            <p>
               <span style="underline">Organisation de la formation et de l’enseignement à l’ENS Cachan :</span>
            </p>
            <p>Les élèves de l’ENS sont en majorité recrutés à l’issue de concours de niveau Bac+2, passés généralement en fin de classes préparatoires aux grandes écoles. Ces élèves sont dits normaliens, ils acquièrent le statut de fonctionnaire stagiaire, sont rémunérés et s’engagent à travailler au service de l’État pour une durée minimale de dix ans à partir de l’entrée à l’école. Les concours sont organisés dans le cadre de banques d’épreuves communes aux trois écoles normales supérieures. Le concours des élèves de la classe préparatoire « physique et sciences de l’ingénieur » est organisé communément par l’ENS et l’École Polytechnique. Certains étudiants sont recrutés sur dossier dans le cadre d’un magistère ou d’un master. Ces derniers ont le statut d’élève de l’ENS mais pas celui de fonctionnaire stagiaire. Cependant, ils suivent les mêmes cours que les normaliens et sont titulaires des mêmes diplômes. Une entrée en troisième année est également proposée aux titulaires d’une première année de master qui seront alors recrutés sur concours.</p>
            <p>Le cursus universitaire comprend la préparation de la licence, du master et du doctorat. </p>
            <p>La formation est organisée dans le cadre de masters fonctionnant par conventions avec les universités partenaires au sein de douze départements d’enseignement répartis dans trois domaines :</p>
            <p>- Sciences fondamentales : biologie ; chimie ; informatique ; mathématiques ; physique ;</p>
            <p>- Sciences pour l’ingénieur : électronique, électrotechnique, automatique (EEA) ; génie civil ; génie mécanique ;</p>
            <p>- Sciences de l’homme et de la société : économie et gestion ; sciences sociales ; langues/Anglais de spécialité ; design.</p>
            <p>Les élèves qui se destinent à l’un des départements du domaine des sciences pour l’ingénieur suivent en première année une formation commune, l’année Saphire.</p>
            <p>Afin d’inscrire la trajectoire de l’établissement dans celle de l’université Paris-Saclay, l’ENS met en place en septembre 2016 le diplôme de l’ENS Paris-Saclay. Il se prépare en quatre ans et permet à chaque normalien d’être l’acteur de son projet de formation en lui offrant un socle commun de compétences scientifiques puis en lui laissant le choix entre trois parcours : l’enseignement supérieur, la recherche ou le suivi d’une formation d’une autre discipline que celle de sa discipline d’origine. </p>
            <p/>
            <p>
               <span style="underline">Organisation de la recherche à l’ENS :</span>
            </p>
            <p>Centre de recherche très actif, l’ENS rassemble plus de 600 chercheurs et doctorants. Ils travaillent dans treize laboratoires et trois instituts interdisciplinaires de recherche, reconnus au niveau national et international :</p>
            <p>- Laboratoires :</p>
            <p>Sciences fondamentales : Centre de mathématiques et de leurs applications (CMLA) ; Laboratoire spécification et vérification (LSV) ; Laboratoire Aimé Cotton (LAC) ; Laboratoire de photonique quantique et moléculaire (LPQM) ; Laboratoire de photophysique et photochimie supramoléculaires et macromoléculaires (PPSM) ; Laboratoire de biologie et pharmacologie appliquée (LBPA)</p>
            <p>Sciences pour l’ingénieur : Systèmes et applications des technologies de l’information et de l’énergie (SATIE) ; Laboratoire de mécanique et technologie (LMT) ; Laboratoire universitaire de recherche en production automatisée (LURPA)</p>
            <p>Sciences de l’homme et de la société : Institut des sciences sociales du politique (ISP) ; Institutions et dynamiques historiques de l’économie et de la société (IDHES) ; Sciences techniques éducation formation (STEF) ; Centre d’économie de la Sorbonne-Cachan</p>
            <p/>
            <p>- Instituts interdisciplinaires de recherche :</p>
            <p>Ils jouent le rôle de creuset à projets interdisciplinaires et participent au décloisonnement des disciplines scientifiques :</p>
            <p>- Institut d’Alembert (coordonne les recherches de quatre laboratoires en physique, biologie, chimie et physique appliquée, autour du thème unificateur de la photonique moléculaire et de ses applications dans les domaines des technologies de l’information et des biotechnologies).</p>
            <p>- Institut Farman (rassemble les laboratoires de mathématiques appliquées, informatique, mécanique, productique, information et énergie sur la thématique de la modélisation, de la simulation et de l’expérimentation des systèmes complexes).</p>
            <p>- La Maison des sciences de l’Homme Paris-Saclay (fédère les activités de 38 laboratoires de recherche en sciences humaines et sociales de l’Université Paris-Saclay. Ces activités s’organisent autour de 6 axes fondateurs, autour des activités de recherche sur le travail et l’entreprise et de quantification dans les sciences sociales).</p>
         </structureOrGenealogy>
         <biogHist>
            <p>L’École normale supérieure de Cachan est un établissement public à caractère scientifique, culturel et professionnel (EPSCP) faisant partie du réseau des écoles normales supérieures (ENS). </p>
            <p>En 1912, un décret du 26 octobre crée l’École normale de l’enseignement technique (ENET). Cette école regroupe alors, dans les locaux de l’École nationale supérieure des arts et métiers, les quatre sections normales créées en 1891 à Châlons-sur-Marne (industrie), à Paris (commerce), à Lyon (commerce et industrie pour jeunes filles) et au Havre (commerce et industrie pour jeunes filles) dans le but de former les professeurs de l’enseignement technique et des écoles spéciales. L’histoire de l’école est alors étroitement liée à l’histoire de l’enseignement technique. En 1912, il s’agit en effet de former les maîtres de cet enseignement pour le premier niveau scolaire. En 1932, elle devient École normale supérieure de l’enseignement technique (ENSET) et ouvre de nouvelles sections d’Art, de Lettres et de Langues.</p>
            <p>En 1957, l’ENSET s’installe à Cachan. Ses missions s’étoffent, les maîtres sont des professeurs du second niveau du technique. Le développement continue vers l’enseignement supérieur et l’ouverture à la recherche. En 1960, l’ENSET prépare à l’agrégation et la durée de la scolarité passe à quatre années. Au cours des années 1970, sont ensuite instaurées des formations en sciences fondamentales, en sciences sociales et en gestion. En 1985, la dénomination « enseignement technique » disparaît au profit d’École normale supérieure de Cachan (décret du 24 juillet 1985). Le budget recherche devient plus important avec la création de laboratoires de recherche. Le lien entre la formation et la recherche, la formation « à la recherche par la recherche » s’inscrit alors au cœur de la pédagogie cachanaise. Les années 1990 voient naître des laboratoires qui couvrent l’ensemble des disciplines proposées dans l’École, avec notamment la création de l’école doctorale sciences pratiques. L’ENS obtient l’habilitation à délivrer des doctorats et des DEA. L’antenne de Rennes se développe également ; elle devient autonome en 2014.</p>
            <p>En 2007, l’ENS intègre le pôle de recherche et d’enseignement supérieur (PRES) créé dans le sud de l’Île-de-France, « UniverSud Paris », avec pour objectif à long terme la construction d’une grande université à visibilité internationale renforcée. En 2014, ce pôle de recherche laisse place à la création de l’université Paris-Saclay. </p>
            <p>En 2016, l’école, qui prend pour nom École normale supérieure Paris-Saclay, met en place une réforme de la scolarité avec le diplôme de l’ENS Paris-Saclay qui concrétise le renouvellement des parcours d’étude accentuant la formation par la recherche, l’ouverture disciplinaire et l’international. </p>
            <p>En 2019, l’école rejoint les autres membres de l’université Paris-Saclay sur le plateau de Saclay au sein d’un nouveau bâtiment élaboré par l’architecte Renzo Piano.</p>
         </biogHist>
      </description>
      <relations>
         <cpfRelation xmlns:xlink="http://www.w3.org/1999/xlink"
                      cpfRelationType="hierarchical-parent"
                      xlink:href="FRAN_NP_000017"
                      xlink:type="simple">
            <relationEntry>Ministère de l'Enseignement supérieur et de la Recherche</relationEntry>
            <dateRange>
               <fromDate standardDate="2007-05-18">18 mai 2007</fromDate>
               <toDate/>
            </dateRange>
         </cpfRelation>
         <cpfRelation xmlns:xlink="http://www.w3.org/1999/xlink"
                      cpfRelationType="associative"
                      xlink:href="FRAN_NP_052038"
                      xlink:type="simple">
            <relationEntry>Mérindol, Jean-Yves (1955-....)</relationEntry>
            <dateRange>
               <fromDate standardDate="2009-01-01">2009</fromDate>
               <toDate standardDate="2012-12-31">2012</toDate>
            </dateRange>
            <descriptiveNote>
               <p>
     Directeur de l'ENS de Cachan
    </p>
            </descriptiveNote>
         </cpfRelation>
         <cpfRelation xmlns:xlink="http://www.w3.org/1999/xlink"
                      cpfRelationType="identity"
                      xlink:href="http://data.bnf.fr/12150720/ecole_normale_superieure_cachan__val-de-marne/"
                      xlink:type="simple">
            <relationEntry>École normale supérieure. Cachan, Val-de-Marne</relationEntry>
            <dateRange>
               <fromDate standardDate="1912-01-01">1912</fromDate>
            </dateRange>
            <descriptiveNote>
               <p>Lien vers la notice d'autorité BnF.</p>
            </descriptiveNote>
         </cpfRelation>
         <cpfRelation xmlns:xlink="http://www.w3.org/1999/xlink"
                      cpfRelationType="identity"
                      xlink:href="https://fr.wikipedia.org/wiki/%C3%89cole_normale_sup%C3%A9rieure_Paris-Saclay"
                      xlink:type="simple">
            <relationEntry>École normale supérieure Paris-Saclay</relationEntry>
            <dateRange>
               <fromDate standardDate="1912-01-01">1912</fromDate>
            </dateRange>
            <descriptiveNote>
               <p>Lien vers la notice Wikipédia.</p>
            </descriptiveNote>
         </cpfRelation>
         <resourceRelation xmlns:xlink="http://www.w3.org/1999/xlink"
                           resourceRelationType="subjectOf"
                           xlink:href="FRAN_IR_009985"
                           xlink:type="simple">
            <relationEntry localType="archival">Enseignement supérieur et universités ; Ecoles normales supérieures (ENS) ; Ecole normale supérieure des enseignements techniques (ENSET) (1987-2000)</relationEntry>
         </resourceRelation>
         <resourceRelation xmlns:xlink="http://www.w3.org/1999/xlink"
                           resourceRelationType="subjectOf"
                           xlink:href="FRAN_IR_009981"
                           xlink:type="simple">
            <relationEntry localType="archival">Archives de l'École normale supérieure des enseignements techniques (ENSET) (1912-2001)</relationEntry>
         </resourceRelation>
         <resourceRelation xmlns:xlink="http://www.w3.org/1999/xlink"
                           resourceRelationType="subjectOf"
                           xlink:href="FRAN_IR_014944"
                           xlink:type="simple">
            <relationEntry localType="archival">Enseignement supérieur et universités ; Écoles normales supérieures ; École normale supérieure des enseignements techniques (ENSET) (1985-1985)</relationEntry>
         </resourceRelation>
         <resourceRelation xmlns:xlink="http://www.w3.org/1999/xlink"
                           resourceRelationType="subjectOf"
                           xlink:href="FRAN_IR_022704"
                           xlink:type="simple">
            <relationEntry localType="archival">Enseignement supérieur et universités ; Ecoles normales supérieures (ENS) ; Ecole normale supérieure des enseignements techniques (ENSET) (1990-1990)</relationEntry>
         </resourceRelation>
         <resourceRelation xmlns:xlink="http://www.w3.org/1999/xlink"
                           resourceRelationType="subjectOf"
                           xlink:href="FRAN_IR_022705"
                           xlink:type="simple">
            <relationEntry localType="archival">Enseignement supérieur et universités ; Ecoles normales supérieures (ENS) ; Ecole normale supérieure des enseignements techniques (ENSET) (1990-1990)</relationEntry>
         </resourceRelation>
         <resourceRelation xmlns:xlink="http://www.w3.org/1999/xlink"
                           resourceRelationType="subjectOf"
                           xlink:href="FRAN_IR_009984"
                           xlink:type="simple">
            <relationEntry localType="archival">Enseignement supérieur et universités ; Ecoles normales supérieures (ENS) ; Ecole normale supérieure des enseignements techniques (ENSET) (1993-1994)</relationEntry>
         </resourceRelation>
         <resourceRelation xmlns:xlink="http://www.w3.org/1999/xlink"
                           resourceRelationType="subjectOf"
                           xlink:href="FRAN_IR_009987"
                           xlink:type="simple">
            <relationEntry localType="archival">Enseignement supérieur et universités ; Ecoles normales supérieures (ENS) ; Ecole normale supérieure des enseignements techniques (ENSET) (1955-1994)</relationEntry>
         </resourceRelation>
         <resourceRelation xmlns:xlink="http://www.w3.org/1999/xlink"
                           resourceRelationType="creatorOf"
                           xlink:href="FRAN_IR_056389"
                           xlink:type="simple">
            <relationEntry localType="archival">École normale supérieure des enseignements techniques.</relationEntry>
         </resourceRelation>
         <resourceRelation xmlns:xlink="http://www.w3.org/1999/xlink"
                           resourceRelationType="creatorOf"
                           xlink:href="FRAN_IR_056679"
                           xlink:type="simple">
            <relationEntry localType="archival">Archives de l'École normale supérieure de Cachan (1814-2016) </relationEntry>
         </resourceRelation>
      </relations>
   </cpfDescription>
</eac-cpf>
