<eac-cpf xmlns="urn:isbn:1-931666-33-4"
         xmlns:xsi="http://www.w3.org/2001/XMLSchema-instance"
         xsi:schemaLocation="urn:isbn:1-931666-33-4 cpf.xsd">
   <control>
      <recordId>FRAN_NP_010346</recordId>
      <otherRecordId localType="Ancien_identifiant">FRDAFANCH00MC_NANOTAIRE00048</otherRecordId>
      <maintenanceStatus>derived</maintenanceStatus>
      <maintenanceAgency>
         <agencyName>Archives nationales de France</agencyName>
      </maintenanceAgency>
      <languageDeclaration>
         <language languageCode="fre">Français</language>
         <script scriptCode="Latn"/>
      </languageDeclaration>
      <conventionDeclaration>
         <citation>Notice établie conformément à la norme ICA-ISAAR (CPF) 2004, aux normes ISO 8601 pour le système de normalisation des dates utilisé, ainsi que AFNOR NF Z 44-061, juin 1986. Catalogage : forme et structure des vedettes noms de personne, des vedettes titres, des rubriques de classement et des titres forgés.</citation>
      </conventionDeclaration>
      <localControl localType="niveau_de_detail">
         <term>Moyenne</term>
      </localControl>
      <maintenanceHistory>
         <maintenanceEvent>
            <eventType>derived</eventType>
            <eventDateTime>2013-04-23</eventDateTime>
            <agentType>machine</agentType>
            <agent>Migration ETANOT</agent>
         </maintenanceEvent>
      </maintenanceHistory>
   </control>
   <cpfDescription>
      <identity>
         <entityType>person</entityType>
         <nameEntry localType="autorisée" scriptCode="Latn" xml:lang="fre">
            <part>Vatry, Philippe</part>
         </nameEntry>
      </identity>
      <description>
         <existDates>
            <dateRange>
               <fromDate standardDate="1692-09-20">20 septembre 1692</fromDate>
               <toDate standardDate="1740-08-02">2 août 1740</toDate>
            </dateRange>
            <descriptiveNote>
               <p>Les dates d'existence de la personne ne sont pas connues et sont évaluées d'après les dates d'exercice en tant que notaire</p>
            </descriptiveNote>
         </existDates>
         <places>
            <place>
               <placeRole>Lieu de Paris</placeRole>
               <placeEntry localType="paroisse" vocabularySource="d3nyvovxws-1r3061wzh7bqc">saint-etienne-du-mont (paroisse)</placeEntry>
               <placeEntry localType="paroisse" vocabularySource="d3nyvot58t--198f1uuwdsl99">saint-benoît (paroisse)</placeEntry>
               <placeEntry localType="paroisse" vocabularySource="d3nyvpbvqa-1q7k75sdt2gwp">saint-séverin (paroisse)</placeEntry>
               <placeEntry localType="quartier" vocabularySource="d3nyvgqtes--1wrsaggwbjmzu">saint-benoît (quartier)</placeEntry>
               <placeEntry localType="quartier" vocabularySource="d3nyvgkuxg-xwxqi5i0uhjf">place maubert (quartier)</placeEntry>
               <placeEntry localType="voie" vocabularySource="d3nzca2do4-l3oijmzarg3h">noyers (rue des)</placeEntry>
               <placeEntry localType="voie" vocabularySource="d3nzd77dba-b9msu4ebt9ur">saint-victor (rue)</placeEntry>
               <placeEntry localType="nomLieu">rue des Noyers (de 1697 à 1710), rue Saint-Victor, près la place Maubert (de 1711 à 1740)</placeEntry>
            </place>
         </places>
         <functions>
            <function>
               <term vocabularySource="d3nyui3o8w--11y7jgy8q3wnt">notaire à paris</term>
               <dateRange>
                  <fromDate standardDate="1692-09-20">20 septembre 1692</fromDate>
                  <toDate standardDate="1740-08-02">2 août 1740</toDate>
               </dateRange>
            </function>
         </functions>
         <biogHist>
            <p>père de Louis Vatry, qui lui succède</p>
            <p>doyen de la compagnie des notaires de Paris</p>
         </biogHist>
      </description>
      <relations>
         <cpfRelation xmlns:xlink="http://www.w3.org/1999/xlink"
                      cpfRelationType="associative"
                      xlink:href="FRAN_NP_010174"
                      xlink:type="simple">
            <relationEntry>Etude notariale XLVII</relationEntry>
            <dateRange>
               <fromDate standardDate="1692-09-20">20 septembre 1692</fromDate>
               <toDate standardDate="1740-08-02">2 août 1740</toDate>
            </dateRange>
         </cpfRelation>
         <resourceRelation resourceRelationType="other">
            <relationEntry localType="archival">ET/XXIX/449, 13 juillet 1740, vente de son office à Louis Vatry, son fils</relationEntry>
         </resourceRelation>
         <resourceRelation resourceRelationType="other">
            <relationEntry localType="archival">ET/LXXIII/745, 21 janvier 1747, inventaire après décès</relationEntry>
         </resourceRelation>
         <resourceRelation xmlns:xlink="http://www.w3.org/1999/xlink"
                           resourceRelationType="creatorOf"
                           xlink:href="FRAN_IR_052066"
                           xlink:type="simple">
            <relationEntry localType="archival">Images des répertoires du notaire Philippe Vatry pour l'étude XLVII</relationEntry>
         </resourceRelation>
         <resourceRelation xmlns:xlink="http://www.w3.org/1999/xlink"
                           resourceRelationType="creatorOf"
                           xlink:href="FRAN_IR_042156"
                           xlink:type="simple">
            <relationEntry localType="archival">Minutes et répertoires du notaire Philippe VATRY, 20 septembre 1692 - 2 août 1740 (étude XLVII)</relationEntry>
         </resourceRelation>
      </relations>
   </cpfDescription>
</eac-cpf>
