<eac-cpf xmlns="urn:isbn:1-931666-33-4"
         xmlns:xsi="http://www.w3.org/2001/XMLSchema-instance"
         xsi:schemaLocation="urn:isbn:1-931666-33-4 cpf.xsd">
   <control>
      <recordId>FRAN_NP_003135</recordId>
      <otherRecordId localType="Ancien_identifiant">3190</otherRecordId>
      <maintenanceStatus>revised</maintenanceStatus>
      <maintenanceAgency>
         <agencyName>Archives nationales de France</agencyName>
      </maintenanceAgency>
      <languageDeclaration>
         <language languageCode="eng">Anglais</language>
         <script scriptCode="Latn"/>
      </languageDeclaration>
      <conventionDeclaration>
         <citation>Notice établie conformément à la norme ICA-ISAAR (CPF) 2004, aux normes ISO 8601 pour le système de normalisation des dates utilisé, ainsi que AFNOR NF Z 44-061, juin 1986. Catalogage : forme et structure des vedettes noms de personne, des vedettes titres, des rubriques de classement et des titres forgés.</citation>
      </conventionDeclaration>
      <localControl localType="niveau_de_detail">
         <term>Moyenne</term>
      </localControl>
      <maintenanceHistory>
         <maintenanceEvent>
            <eventType>derived</eventType>
            <eventDateTime>2013-04-23</eventDateTime>
            <agentType>machine</agentType>
            <agent>Import_SIA</agent>
         </maintenanceEvent>
         <maintenanceEvent>
            <eventType>revised</eventType>
            <eventDateTime>2017-07-19</eventDateTime>
            <agentType>human</agentType>
            <agent>Anne ROHFRITSCH</agent>
            <eventDescription>Révision le 19/07/2017 (A. Rohfritsch, DECAS) : modification du nom, historique, organisation interne, sources.</eventDescription>
         </maintenanceEvent>
         <maintenanceEvent>
            <eventType>updated</eventType>
            <eventDateTime>2018-09-20</eventDateTime>
            <agentType>human</agentType>
            <agent>Catherine MÉROT</agent>
            <eventDescription>P. Charbonnier : absence d'identifiant ISNI, de notice wikipédia, modification forme autorisée du nom, modificatio lien sujet en lien créateur vers IR 19389</eventDescription>
         </maintenanceEvent>
      </maintenanceHistory>
      <sources>
         <source>
            <sourceEntry>Informations fournies par la Mission des archives et du patrimoine culturel du MENESR.</sourceEntry>
         </source>
      </sources>
   </control>
   <cpfDescription>
      <identity>
         <entityType>corporateBody</entityType>
         <nameEntry localType="autorisée" scriptCode="Latn" xml:lang="fre">
            <part>Centre d'études et de ressources pour les professeurs de l'enseignement technique (France ; 1956-....)</part>
         </nameEntry>
         <nameEntry>
            <part>CERPET</part>
         </nameEntry>
         <nameEntry>
            <part>Centre d'études pour la rénovation pédagogique de l'enseignement technique</part>
         </nameEntry>
      </identity>
      <description>
         <existDates>
            <dateRange>
               <fromDate standardDate="1956-01-01">1956</fromDate>
            </dateRange>
         </existDates>
         <legalStatuses>
            <legalStatus>
               <term vocabularySource="d5blonaxbw--1mt8t42bokzts">service d'administration centrale</term>
            </legalStatus>
         </legalStatuses>
         <functions>
            <function>
               <term vocabularySource="d3nyuhrig1--3acyzmp9v988">formation</term>
            </function>
         </functions>
         <structureOrGenealogy>
            <p>Le CERPET est organisé en deux départements : sciences et techniques économiques et sciences et techniques industrielles. Chaque département est sous la responsabilité d’un Inspecteur général de l’Éducation nationale de la spécialité correspondante.</p>
         </structureOrGenealogy>
         <biogHist>
            <p>Créé en juillet 1956, le Centre d'études et de ressources pour les professeurs de l'enseignement technique (CERPET) est rattaché depuis mai 1999 à l’Inspection générale de l’Éducation nationale. </p>
            <p>Le CERPET a pour objectif principal d’accroître la productivité de l’enseignement technique, principalement par la formation des maîtres de la filière et par l’instauration de relations permanentes avec les professionnels. Il s’agit donc de rénover les méthodes d’enseignement, d’informer et de perfectionner les professeurs de l’enseignement technique. Les différentes missions du CERPET sont les suivantes :</p>
            <p>- Organisation, administration et suivi des stages collectifs nationaux dans les entreprises pendant les grandes vacances et exceptionnellement en cours d’année scolaire ; </p>
            <p>- Administration des journées d’information et d’animation des groupes « Économie et gestion » - « Sciences et techniques industrielles » de l’Inspection générale de l'Éducation nationale ; </p>
            <p>- Organisation, administration et suivi des réunions d’études nationales en liaison avec les inspecteurs généraux des deux groupes ;</p>
            <p>- Proposition, pilotage et suivi des actions d’innovations pédagogiques nationales ; </p>
            <p>- Sélection validation et diffusion de documents pédagogiques, en liaison éventuelle avec les centres régionaux de documentation pédagogique (CRDP), des organismes ou des entreprises ; </p>
            <p>- Aide matérielle et pédagogique aux inspecteurs généraux des deux groupes, responsables d’actions du plan national de formation ; </p>
            <p>- Aide au montage d’universités d’été à la demande d’initiateurs de projets ; </p>
            <p>- Gestion de la documentation pédagogique et technique des formations industrielles et tertiaires ; </p>
            <p>- Actions de coopération internationale en liaison avec la direction chargée des relations internationales et à l’Inspection générale de l’Éducation nationale.</p>
            <p>Le CERPET met également à la disposition de l'ensemble des enseignants une banque de données d'exploitations pédagogiques et de dossiers techniques, conçus ou recueillis par les participants lors des stages et disponibles sur son site Internet (www.cerpet.education.gouv.fr).</p>
            <p/>
            <p>1956 : Création du Centre de recherches de l’enseignement technique (CERPET). </p>
            <p>1968 : Centre de recherches pédagogiques de l'enseignement technique (CRPET).</p>
            <p>1977 : Bureau DPE 12B du ministère de l’Éducation nationale.</p>
            <p>1981 : Bureau DPE 13 du ministère de l’Éducation nationale.</p>
            <p>1982 : Centre d'études pour la rénovation pédagogique de l'enseignement technique (CERPET).</p>
            <p>2005 : Centre d’études et de ressources des professeurs de l’enseignement technique (CERPET).</p>
         </biogHist>
      </description>
      <relations>
         <cpfRelation xmlns:xlink="http://www.w3.org/1999/xlink"
                      cpfRelationType="hierarchical-parent"
                      xlink:href="FRAN_NP_002156"
                      xlink:type="simple">
            <relationEntry>Inspections générales (ministères de l'Éducation nationale et de l'Enseignement supérieur et de la Recherche)</relationEntry>
            <dateRange>
               <fromDate standardDate="1999-01-01">1999</fromDate>
            </dateRange>
         </cpfRelation>
         <cpfRelation xmlns:xlink="http://www.w3.org/1999/xlink"
                      cpfRelationType="identity"
                      xlink:href="https://catalogue.bnf.fr/ark:/12148/cb118627381"
                      xlink:type="simple">
            <relationEntry>Centre d'études et de ressources pour les professeurs de l'enseignement technique (France) </relationEntry>
            <dateRange>
               <fromDate standardDate="1956-01-01">1956</fromDate>
            </dateRange>
            <descriptiveNote>
               <p>Notice d'autorité BnF</p>
            </descriptiveNote>
         </cpfRelation>
         <resourceRelation xmlns:xlink="http://www.w3.org/1999/xlink"
                           resourceRelationType="creatorOf"
                           xlink:href="FRAN_IR_056194"
                           xlink:type="simple">
            <relationEntry localType="archival">Archives du Centre d'études pour la rénovation pédagogique de l'enseignement technique (CERPET), Département des sciences et techniques industrielles (1992-2007)</relationEntry>
         </resourceRelation>
         <resourceRelation xmlns:xlink="http://www.w3.org/1999/xlink"
                           resourceRelationType="creatorOf"
                           xlink:href="FRAN_IR_056220"
                           xlink:type="simple">
            <relationEntry localType="archival">Archives du Centre d'études pour la rénovation pédagogique de l'enseignement technique (CERPET), Département des sciences et techniques économiques (1958-2001)</relationEntry>
         </resourceRelation>
         <resourceRelation xmlns:xlink="http://www.w3.org/1999/xlink"
                           resourceRelationType="creatorOf"
                           xlink:href="FRAN_IR_019389"
                           xlink:type="simple">
            <relationEntry localType="archival">Education nationale ; Centre d'études pour la rénovation pédagogique de l'enseignement technique (1953-1988)</relationEntry>
         </resourceRelation>
      </relations>
   </cpfDescription>
</eac-cpf>
