<eac-cpf xmlns="urn:isbn:1-931666-33-4"
         xmlns:xsi="http://www.w3.org/2001/XMLSchema-instance"
         xsi:schemaLocation="urn:isbn:1-931666-33-4 cpf.xsd">
   <control>
      <recordId>FRAN_NP_010198</recordId>
      <otherRecordId localType="Ancien_identifiant">FRDAFANCH00MC_NAETUDE_071</otherRecordId>
      <maintenanceStatus>revised</maintenanceStatus>
      <maintenanceAgency>
         <agencyName>Archives nationales de France</agencyName>
      </maintenanceAgency>
      <languageDeclaration>
         <language languageCode="fre">Français</language>
         <script scriptCode="Latn"/>
      </languageDeclaration>
      <conventionDeclaration>
         <citation>Notice établie conformément à la norme ICA-ISAAR (CPF) 2004, aux normes ISO 8601 pour le système de normalisation des dates utilisé, ainsi que AFNOR NF Z 44-061, juin 1986. Catalogage : forme et structure des vedettes noms de personne, des vedettes titres, des rubriques de classement et des titres forgés.</citation>
      </conventionDeclaration>
      <localControl localType="niveau_de_detail">
         <term>Complète</term>
      </localControl>
      <maintenanceHistory>
         <maintenanceEvent>
            <eventType>derived</eventType>
            <eventDateTime>2013-04-23</eventDateTime>
            <agentType>machine</agentType>
            <agent>Migration ETANOT</agent>
         </maintenanceEvent>
         <maintenanceEvent>
            <eventType>revised</eventType>
            <eventDateTime>2015-09-30</eventDateTime>
            <agentType>human</agentType>
            <agent>Marie-Françoise LIMON-BONNET</agent>
            <eventDescription>F. Clavaud, 10 octobre 2014 : revu indexation fonction et lieu, et tous les liens IR</eventDescription>
         </maintenanceEvent>
      </maintenanceHistory>
      <sources>
         <source>
            <descriptiveNote>
               <p>
                  <span style="bold">Voir : </span>
               </p>
               <p>Limon-Bonnet (M.-F.) [dir.], 
      <span style="italic">122 minutes d'histoire. Actes des notaires de Paris, XVIe-XXe siècle</span>, Paris, 2012, pp. 146-147. 
     </p>
               <p>
                  <span style="italic">Annuaire du notariat 2012</span>, p. 1022. 
     </p>
            </descriptiveNote>
         </source>
      </sources>
   </control>
   <cpfDescription>
      <identity>
         <entityType>corporateBody</entityType>
         <nameEntry localType="autorisée" scriptCode="Latn" xml:lang="fre">
            <part>Etude LXXI</part>
         </nameEntry>
         <nameEntry>
            <part>75114</part>
         </nameEntry>
      </identity>
      <description>
         <existDates>
            <dateRange>
               <fromDate standardDate="1768-01-01">1768</fromDate>
            </dateRange>
         </existDates>
         <places>
            <place>
               <placeRole>Lieu de Paris</placeRole>
               <placeEntry localType="nomLieu">11, avenue Delcassé, 75008 Paris</placeEntry>
               <placeEntry localType="arrondissement_actuel"
                           vocabularySource="d3nyv8i9m0-ys1mraoxv8ln">08e arrondissement</placeEntry>
               <placeEntry localType="voie" vocabularySource="d3nz9ty2od--t6toq82j3h5y">Delcassé (avenue)</placeEntry>
            </place>
         </places>
         <legalStatuses>
            <legalStatus>
               <term>office notarial</term>
            </legalStatus>
         </legalStatuses>
         <functions>
            <function>
               <term vocabularySource="d3nyui3o8w--11y7jgy8q3wnt">notaire à Paris</term>
               <dateRange>
                  <fromDate standardDate="1768-01-01">1768</fromDate>
               </dateRange>
            </function>
         </functions>
         <mandates>
            <mandate/>
         </mandates>
         <biogHist>
            <p>Cette étude est installée à son origine rue Neuve-des-Petits-Champs (1771). Philippe Dentend, domicilié au 39, rue Croix-des-Petits-Champs, est le notaire de la famille d'Orléans, tout comme l'était son prédécesseur André Cristy, alors installé rue Neuve-des-Petits-Champs, et ce depuis leur retour d'exil en 1814. C'est à l'origine de sa naissance que Dentend doit son office, financé par Adélaïde, soeur de Louis-Philippe, étant, en effet, le fils illégitime d'Antoine d'Orléans, duc de Monpensier, frère de Louis-Philippe, et de sa cuisinière, Françoise Barbaroux, épouse Dentend. Sa clientèle compte également des artistes, des écrivains (Alfred de Vigny), des dramaturges. Après la révolution de 1848, l'étude est transférée 52, rue Basse-du-Rempart, puis 5, rue du Faubourg-Saint-Honoré (1858). En 1891, elle est installée 6, rue de Miromesnil, dans le VIIIe arrondissement, et en 2012, Building Gaveau, 11, avenue Delcassé, toujours dans le VIIIe arrondissement.</p>
         </biogHist>
      </description>
      <relations>
         <cpfRelation xmlns:xlink="http://www.w3.org/1999/xlink"
                      cpfRelationType="associative"
                      xlink:href="FRAN_NP_010987"
                      xlink:type="simple">
            <relationEntry>Potier de la berthellière, Jean-Claude</relationEntry>
            <dateRange>
               <fromDate standardDate="1853-12-03">3 décembre 1853</fromDate>
               <toDate standardDate="1891-05-29">29 mai 1891</toDate>
            </dateRange>
         </cpfRelation>
         <cpfRelation xmlns:xlink="http://www.w3.org/1999/xlink"
                      cpfRelationType="associative"
                      xlink:href="FRAN_NP_011359"
                      xlink:type="simple">
            <relationEntry>Lardy, Jules</relationEntry>
            <dateRange>
               <fromDate standardDate="1891-05-29">29 mai 1891</fromDate>
               <toDate standardDate="1928-03-01">1er mars 1928</toDate>
            </dateRange>
         </cpfRelation>
         <cpfRelation xmlns:xlink="http://www.w3.org/1999/xlink"
                      cpfRelationType="associative"
                      xlink:href="FRAN_NP_012321"
                      xlink:type="simple">
            <relationEntry>Dentend, Jean-Antoine-Philippe</relationEntry>
            <dateRange>
               <fromDate standardDate="1829-06-26">26 juin 1829</fromDate>
               <toDate standardDate="1853-12-03">3 décembre 1853</toDate>
            </dateRange>
         </cpfRelation>
         <cpfRelation xmlns:xlink="http://www.w3.org/1999/xlink"
                      cpfRelationType="associative"
                      xlink:href="FRAN_NP_013449"
                      xlink:type="simple">
            <relationEntry>Hosana, Laurent</relationEntry>
            <dateRange>
               <fromDate standardDate="2010-02-02">2 février 2010</fromDate>
            </dateRange>
         </cpfRelation>
         <cpfRelation xmlns:xlink="http://www.w3.org/1999/xlink"
                      cpfRelationType="associative"
                      xlink:href="FRAN_NP_012628"
                      xlink:type="simple">
            <relationEntry>Champenois, Pierre Louis</relationEntry>
            <dateRange>
               <fromDate standardDate="1962-07-04">4 juillet 1962</fromDate>
               <toDate standardDate="1997-12-17">17 décembre 1997</toDate>
            </dateRange>
         </cpfRelation>
         <cpfRelation xmlns:xlink="http://www.w3.org/1999/xlink"
                      cpfRelationType="associative"
                      xlink:href="FRAN_NP_012630"
                      xlink:type="simple">
            <relationEntry>Cristy, André</relationEntry>
            <dateRange>
               <fromDate standardDate="1811-12-19">19 décembre 1811</fromDate>
               <toDate standardDate="1829-06-26">26 juin 1829</toDate>
            </dateRange>
         </cpfRelation>
         <cpfRelation xmlns:xlink="http://www.w3.org/1999/xlink"
                      cpfRelationType="associative"
                      xlink:href="FRAN_NP_013258"
                      xlink:type="simple">
            <relationEntry>Duparc, Olivier</relationEntry>
            <dateRange>
               <fromDate standardDate="2004-08-10">10 août 2004</fromDate>
            </dateRange>
         </cpfRelation>
         <cpfRelation xmlns:xlink="http://www.w3.org/1999/xlink"
                      cpfRelationType="associative"
                      xlink:href="FRAN_NP_010486"
                      xlink:type="simple">
            <relationEntry>Trimoulet, André Théophile</relationEntry>
            <dateRange>
               <fromDate standardDate="1928-03-01">1er mars 1928</fromDate>
               <toDate standardDate="1962-07-04">4 juillet 1962</toDate>
            </dateRange>
         </cpfRelation>
         <cpfRelation xmlns:xlink="http://www.w3.org/1999/xlink"
                      cpfRelationType="associative"
                      xlink:href="FRAN_NP_010728"
                      xlink:type="simple">
            <relationEntry>Rouen, Denis-André</relationEntry>
            <dateRange>
               <fromDate standardDate="1768-01-08">8 janvier 1768</fromDate>
               <toDate standardDate="1811-12-19">19 décembre 1811</toDate>
            </dateRange>
         </cpfRelation>
         <cpfRelation xmlns:xlink="http://www.w3.org/1999/xlink"
                      cpfRelationType="associative"
                      xlink:href="FRAN_NP_011722"
                      xlink:type="simple">
            <relationEntry>Jusot, Jacques</relationEntry>
            <dateRange>
               <fromDate standardDate="1977-11-02">2 novembre 1977</fromDate>
            </dateRange>
         </cpfRelation>
         <cpfRelation xmlns:xlink="http://www.w3.org/1999/xlink"
                      cpfRelationType="associative"
                      xlink:href="FRAN_NP_013322"
                      xlink:type="simple">
            <relationEntry>Trokiner, Julien</relationEntry>
            <dateRange>
               <fromDate standardDate="2007-02-07">7 février 2007</fromDate>
            </dateRange>
         </cpfRelation>
         <cpfRelation xmlns:xlink="http://www.w3.org/1999/xlink"
                      cpfRelationType="associative"
                      xlink:href="FRAN_NP_011917"
                      xlink:type="simple">
            <relationEntry>Giray, Michel</relationEntry>
            <dateRange>
               <fromDate standardDate="1991-04-17">17 avril 1991</fromDate>
            </dateRange>
         </cpfRelation>
         <cpfRelation xmlns:xlink="http://www.w3.org/1999/xlink"
                      cpfRelationType="associative"
                      xlink:href="FRAN_NP_013257"
                      xlink:type="simple">
            <relationEntry>Luzu, Fabrice</relationEntry>
            <dateRange>
               <fromDate standardDate="2004-08-10">10 août 2004</fromDate>
            </dateRange>
         </cpfRelation>
         <cpfRelation xmlns:xlink="http://www.w3.org/1999/xlink"
                      cpfRelationType="associative"
                      xlink:href="FRAN_NP_012629"
                      xlink:type="simple">
            <relationEntry>Claris, Michel</relationEntry>
            <dateRange>
               <fromDate standardDate="1981-11-04">4 novembre 1981</fromDate>
               <toDate standardDate="2007-02-07">7 février 2007</toDate>
            </dateRange>
         </cpfRelation>
         <cpfRelation xmlns:xlink="http://www.w3.org/1999/xlink"
                      cpfRelationType="associative"
                      xlink:href="FRAN_NP_013508"
                      xlink:type="simple">
            <relationEntry>Genet, Anne-Sophie</relationEntry>
            <dateRange>
               <fromDate standardDate="2011-06-20">20 juin 2011</fromDate>
            </dateRange>
         </cpfRelation>
         <cpfRelation xmlns:xlink="http://www.w3.org/1999/xlink"
                      cpfRelationType="associative"
                      xlink:href="FRAN_NP_013509"
                      xlink:type="simple">
            <relationEntry>Parent, David</relationEntry>
            <dateRange>
               <fromDate standardDate="2011-06-20">20 juin 2011</fromDate>
            </dateRange>
         </cpfRelation>
         <cpfRelation xmlns:xlink="http://www.w3.org/1999/xlink"
                      cpfRelationType="associative"
                      xlink:href="FRAN_NP_013522"
                      xlink:type="simple">
            <relationEntry>Wolf, Sébastien</relationEntry>
            <dateRange>
               <fromDate standardDate="2011-12-06">6 décembre 2011</fromDate>
            </dateRange>
         </cpfRelation>
         <cpfRelation xmlns:xlink="http://www.w3.org/1999/xlink"
                      cpfRelationType="associative"
                      xlink:href="FRAN_NP_013523"
                      xlink:type="simple">
            <relationEntry>Bodisco, Marilyn</relationEntry>
            <dateRange>
               <fromDate standardDate="2011-06-20">20 juin 2011</fromDate>
            </dateRange>
         </cpfRelation>
         <cpfRelation xmlns:xlink="http://www.w3.org/1999/xlink"
                      cpfRelationType="associative"
                      xlink:href="FRAN_NP_013524"
                      xlink:type="simple">
            <relationEntry>Dubail, Rémi</relationEntry>
            <dateRange>
               <fromDate standardDate="2011-06-20">20 juin 2011</fromDate>
            </dateRange>
         </cpfRelation>
         <resourceRelation xmlns:xlink="http://www.w3.org/1999/xlink"
                           resourceRelationType="creatorOf"
                           xlink:href="FRAN_IR_042587"
                           xlink:type="simple">
            <relationEntry localType="archival">Archives de l'étude LXXI</relationEntry>
         </resourceRelation>
         <resourceRelation xmlns:xlink="http://www.w3.org/1999/xlink"
                           resourceRelationType="creatorOf"
                           xlink:href="FRAN_IR_052391"
                           xlink:type="simple">
            <relationEntry localType="archival">Images des répertoires du notaire André Cristy pour l'étude LXXI</relationEntry>
         </resourceRelation>
         <resourceRelation xmlns:xlink="http://www.w3.org/1999/xlink"
                           resourceRelationType="creatorOf"
                           xlink:href="FRAN_IR_052392"
                           xlink:type="simple">
            <relationEntry localType="archival">Images des répertoires du notaire Jean Antoine Philippe Dentend pour l'étude LXXI</relationEntry>
         </resourceRelation>
         <resourceRelation xmlns:xlink="http://www.w3.org/1999/xlink"
                           resourceRelationType="creatorOf"
                           xlink:href="FRAN_IR_052376"
                           xlink:type="simple">
            <relationEntry localType="archival">Images des répertoires du notaire Jean Claude Potier de La Berthellière pour l'étude LXXI</relationEntry>
         </resourceRelation>
         <resourceRelation xmlns:xlink="http://www.w3.org/1999/xlink"
                           resourceRelationType="creatorOf"
                           xlink:href="FRAN_IR_052375"
                           xlink:type="simple">
            <relationEntry localType="archival">Images du répertoire du notaire Jules Lardy pour l'étude LXXI</relationEntry>
         </resourceRelation>
         <resourceRelation xmlns:xlink="http://www.w3.org/1999/xlink"
                           resourceRelationType="creatorOf"
                           xlink:href="FRAN_IR_042589"
                           xlink:type="simple">
            <relationEntry localType="archival">Minutes et répertoires du notaire André CRISTY, 19 décembre 1811 - 26 juin 1829 (étude LXXI)</relationEntry>
         </resourceRelation>
         <resourceRelation xmlns:xlink="http://www.w3.org/1999/xlink"
                           resourceRelationType="creatorOf"
                           xlink:href="FRAN_IR_042588"
                           xlink:type="simple">
            <relationEntry localType="archival">Minutes et répertoires du notaire Denis André ROUEN, 6 juillet 1768 - 19 décembre 1811 (étude LXXI)</relationEntry>
         </resourceRelation>
         <resourceRelation xmlns:xlink="http://www.w3.org/1999/xlink"
                           resourceRelationType="creatorOf"
                           xlink:href="FRAN_IR_042590"
                           xlink:type="simple">
            <relationEntry localType="archival">Minutes et répertoires du notaire Jean Antoine Philippe DENTEND, 26 juin 1829 - 3 décembre 1853 (étude LXXI)</relationEntry>
         </resourceRelation>
         <resourceRelation xmlns:xlink="http://www.w3.org/1999/xlink"
                           resourceRelationType="creatorOf"
                           xlink:href="FRAN_IR_042591"
                           xlink:type="simple">
            <relationEntry localType="archival">Minutes et répertoires du notaire Jean Claude POTIER de LA BERTHELLIÈRE, 3 décembre 1853 - 29 mai 1891 (étude LXXI)</relationEntry>
         </resourceRelation>
         <resourceRelation xmlns:xlink="http://www.w3.org/1999/xlink"
                           resourceRelationType="creatorOf"
                           xlink:href="FRAN_IR_042592"
                           xlink:type="simple">
            <relationEntry localType="archival">Minutes et répertoires du notaire Jules LARDY, 29 mai 1891 - juin 1896 (étude LXXI)</relationEntry>
         </resourceRelation>
         <resourceRelation xmlns:xlink="http://www.w3.org/1999/xlink"
                           resourceRelationType="creatorOf"
                           xlink:href="FRAN_IR_055797"
                           xlink:type="simple">
            <relationEntry localType="archival">Images des répertoires du notaire Denis André Rouen pour l'étude LXXI</relationEntry>
         </resourceRelation>
      </relations>
   </cpfDescription>
</eac-cpf>
