<eac-cpf xmlns="urn:isbn:1-931666-33-4"
         xmlns:xsi="http://www.w3.org/2001/XMLSchema-instance"
         xsi:schemaLocation="urn:isbn:1-931666-33-4 cpf.xsd">
   <control>
      <recordId>FRAN_NP_009970</recordId>
      <maintenanceStatus>revised</maintenanceStatus>
      <maintenanceAgency>
         <agencyName>Archives nationales de France</agencyName>
      </maintenanceAgency>
      <languageDeclaration>
         <language languageCode="fre">Français</language>
         <script scriptCode="Latn"/>
      </languageDeclaration>
      <conventionDeclaration>
         <citation>Notice établie conformément à la norme ICA-ISAAR (CPF) 2004, aux normes ISO 8601 pour le système de normalisation des dates utilisé, ainsi que AFNOR NF Z 44-061, juin 1986. Catalogage : forme et structure des vedettes noms de personne, des vedettes titres, des rubriques de classement et des titres forgés.</citation>
      </conventionDeclaration>
      <localControl localType="niveau_de_detail">
         <term>Moyenne</term>
      </localControl>
      <maintenanceHistory>
         <maintenanceEvent>
            <eventType>derived</eventType>
            <eventDateTime>2013-04-23</eventDateTime>
            <agentType>machine</agentType>
            <agent>Import_SIA</agent>
         </maintenanceEvent>
         <maintenanceEvent>
            <eventType>revised</eventType>
            <eventDateTime>2014-01-16</eventDateTime>
            <agentType>human</agentType>
            <agent>Eric LANDGRAF</agent>
            <eventDescription>F. Clavaud, 16 janvier 2014 : changement forme du nom et ajout n° de notice BnF</eventDescription>
         </maintenanceEvent>
      </maintenanceHistory>
      <sources>
         <source>
            <descriptiveNote>
               <p>Notice d'autorité BnF n° FRBNF11922116</p>
            </descriptiveNote>
         </source>
      </sources>
   </control>
   <cpfDescription>
      <identity>
         <entityType>person</entityType>
         <nameEntry localType="autorisée" scriptCode="Latn" xml:lang="fre">
            <part>Rivière, Georges-Henri (1897-1985)</part>
         </nameEntry>
      </identity>
      <description>
         <existDates>
            <dateRange>
               <fromDate standardDate="1897-06-05">5 juin 1897</fromDate>
               <toDate standardDate="1985-03-24">24 mars 1985</toDate>
            </dateRange>
         </existDates>
         <mandates>
            <mandate>
               <descriptiveNote>
                  <p>Une rencontre avec Georges-Henri Rivière, le musicien muséographe qui inventa les écomusées, dans : Le Monde, 8/9 juillet 1979.</p>
                  <p>Dhuys (Jean-François), Georges-Henri Rivière, un homme dans le siècle, octobre 1987.</p>
                  <p>Fields (Armond), Henri Rivière, Ed. Hubschmid et Bouret, 1985.</p>
                  <p>Haggerty (Michael), Georges Henri Rivière, un mariage fou, dans : Jazz, 1984.</p>
                  <p>Leiris (Michel), Portrait de Rivière, dans : L'homme, 96, octobre/décembre 1985, p. 137. </p>
                  <p>Levaillant (Françoise), La muséologie selon Georges Henri Rivière, bibliographie critique, dans : Revue d'Art, 1990, vol. 90, n°1, p. 108.</p>
                  <p>Levi-Strauss (Claude), Allocution à la cérémonie en hommage à GHR du 26 novembre 1985, dans : Ethnologie française, t.16, n°2, avril/juin 1986.</p>
                  <p>Nina Gorgus, Le magicien des vitrines. Le muséologue Georges-Henri Rivière, Ed. de la MSH, Paris 2003 .</p>
                  <p>Rivière (Georges Henri), La muséologie selon Georges Henri Rivière, 1989. </p>
                  <p>Salles (Georges), Donations de D. David-Weill aux musées français, Éd. des musées nationaux, 1953.</p>
                  <p>Sid Ahmed Baghli, Patrick Boylan &amp; Yani Herreman, Histoire de l'ICOM (1946-1996), ICOM, 1998. </p>
                  <p>Georges-Henri Rivière : un demi-siècle d'ethnologie de la France, dans : Terrain, carnets du Patrimoine ethnologique, 5, octobre 1985.</p>
                  <p>Allocution en hommage à Georges-Henri Rivière, dans : Ethnologie Française, 1985.</p>
               </descriptiveNote>
            </mandate>
         </mandates>
         <biogHist>
            <p>Fils de Maurice Alphonse Jules Rivière et de Marguerite Philomène Élise Dacheux, il est né à Paris le 5 juin 1897. Georges Henri Léon Benjamin Rivière obtient son baccalauréat le 29 juin 1913 à la Faculté des Lettres de Paris, mention latin, langues vivantes et philosophie. Georges-Henri R. vivra dans le culte de son oncle, le célèbre peintre et graveur Henri Rivière, qui fut secrétaire de rédaction de la revue "Le Chat noir", puis, au coté de Rodolphe Salis, responsable du théâtre "Le Chat Noir" (1887-1897). Henri Rivière avait aussi des amis très savants dont il imprimait les planches de catalogues érudits : Edmond Potier (Antiquités grecques et romaines du Louvre), Pierre d'Espezel (archiviste), Léonce Rosenberg et Raymond Koechlin, président du Conseil des musées nationaux.</p>
            <p> Démobilisé, il est employé aux écritures chez le constructeur "Pelnard, Considere, Caquot et Cie" où il rencontre celui qui sera à l'origine de sa carrière dans les musées, Georges Salles, petit-fils de Gustave Eiffel. Il prendra également des leçons auprès de Gustave Koechlin de 1920 à 1925 qui fut le mentor du "Groupe des six". Dans l'après-guerre, G.-H. Rivière fréquente les cabarets de jazz parisien à Pigalle en devenant par ailleurs critique d'art aux "Cahiers d'art" et dans "Documents". Habitué du "Boeuf sur le toit" dans les années 20, où se croisent toutes les vedettes de la mode, de la peinture et les écrivains, il écrit en 1925 une chanson pour Joséphine Baker. Ainsi, en 1933, une photographie du fonds montre Joséphine Baker dansant avec des instruments africains sortis d'une vitrine du Musée de l'homme sous le regard de G.-H. Rivière. </p>
            <p>Ainsi, grâce à son réseau mondain, le mécénat de David Weill, G.-H. Rivière organise une exposition d'art précolombien dont il signe le catalogue en 1928 aux Arts décoratifs. C'est à la suite de cette aventure rocambolesque que le vicomte de Noailles l'intègre auprès du savant américaniste Georges Rivet, directeur du musée d’ethnologie, qui lui demande de relancer le musée du Trocadéro. Le nouveau sous-directeur du laboratoire d'Anthropologie du Muséum National d'Histoire naturelle s’acquitte avec succès de son aménagement selon René Gimpel dans son journal en 1929. Commissaire adjoint du Pavillon français de la Word's Fair de New York en 1939, Rivière invente le nom de "musée de l'homme" qui nait de la reconstruction du Musée d'ethnologie au Palais de Chaillot suite à la l'Exposition Coloniale de 1937. Rivière utilisa son réseau de marchands ouvrant à Levi-Strauss les portes de la galerie Wildenstein qui y expose ses objets de la récente expédition au Matto-Grosso en 1936. </p>
            <p>Collectionneur d'objets folkloriques, Georges Henri Rivière se rend compte que la France ne pas dispose pas de musées sur le folklore dont il élabore un projet dès avril 1931. À l'occasion de l'exposition universelle de 1937, le Front populaire va témoigner d'un grand intérêt pour la démocratisation culturelle. Grâce aux engagements et à la dynamique de Georges-Henri Rivière, les prémisses du musée des Arts et Traditions Populaires (M.N.A.T.P.) voient le jour à partir des collections de la section française du musée d'ethnographie du Trocadéro. Des équipes d'enquêteurs sont constituées pour aller battre la campagne et collecter les objets. </p>
            <p>Georges-Henri Rivière marque sa différence avec le Musée de l'Homme : alors que ce dernier est rattaché institutionnellement au Muséum national d'histoire naturelle, le Musée dépendra de la section des beaux-arts du ministère de l'Éducation nationale, embryon du ministère de la Culture, créé avec André Malraux. Celui-ci s'installe dans le sous-sol du Musée des monuments français, mais les collections s'agrandissant, Georges Henri Rivière après la guerre, imagine un musée scientifique en plein air dans divers endroits de Paris. Après de nombreuses difficultés, le musée se voit attribuer un emplacement dans le Jardin d'acclimatation au Bois de Boulogne. Georges Henri Rivière travaille avec l'architecte Jean Dubuisson, qui élabore un bâtiment alors très moderne qui doit abriter les collections et les équipes de recherche. Il fonde ainsi le nouveau Musée national des Arts et Traditions populaires (M.N.A.T.P.), dont il est désormais nommé conservateur en chef de 1959 à 1967. En 1979, il raconte comment Malraux le mit sans appel à la retraite en 1967 après avoir découvert la création du laboratoire associé du CNRS.</p>
            <p>Le fonds complète chronologiquement les documents publics sur son activité de conservateur du M.N.A.T.P. versés au Département Éducation, Culture et Affaires sociales (D.E.C.A.S.) des Archives nationales. Expert de l'UNESCO depuis 1948, Rivière supervise parallèlement le centre de documentation de l'UNESCO-ICOM. </p>
            <p>Les vingt dernières années de sa carrière, Rivière multiplie les activités de recherches, les participations associatives, de fréquentes collaborations à la création d’Écomusée tout en enseignant le fruit de son travail en muséologie.</p>
         </biogHist>
      </description>
      <relations>
         <cpfRelation xmlns:xlink="http://www.w3.org/1999/xlink"
                      cpfRelationType="associative"
                      xlink:href="FRAN_NP_009922"
                      xlink:type="simple">
            <relationEntry>Musée national des Arts et traditions populaires</relationEntry>
            <dateRange>
               <fromDate standardDate="1937-01-01">1937</fromDate>
               <toDate standardDate="1967-12-31">1967</toDate>
            </dateRange>
         </cpfRelation>
      </relations>
   </cpfDescription>
</eac-cpf>
