<eac-cpf xmlns="urn:isbn:1-931666-33-4"
         xmlns:xsi="http://www.w3.org/2001/XMLSchema-instance"
         xsi:schemaLocation="urn:isbn:1-931666-33-4 cpf.xsd">
   <control>
      <recordId>FRAN_NP_005446</recordId>
      <maintenanceStatus>revised</maintenanceStatus>
      <maintenanceAgency>
         <agencyName>Archives nationales de France</agencyName>
      </maintenanceAgency>
      <languageDeclaration>
         <language languageCode="fre">Français</language>
         <script scriptCode="Latn"/>
      </languageDeclaration>
      <conventionDeclaration>
         <citation>Notice établie conformément à la norme ICA-ISAAR (CPF) 2004, aux normes ISO 8601 pour le système de normalisation des dates utilisé, ainsi que AFNOR NF Z 44-061, juin 1986. Catalogage : forme et structure des vedettes noms de personne, des vedettes titres, des rubriques de classement et des titres forgés.</citation>
      </conventionDeclaration>
      <localControl localType="niveau_de_detail">
         <term>Complète</term>
      </localControl>
      <maintenanceHistory>
         <maintenanceEvent>
            <eventType>derived</eventType>
            <eventDateTime>2013-04-23</eventDateTime>
            <agentType>machine</agentType>
            <agent>Import_SIA</agent>
         </maintenanceEvent>
         <maintenanceEvent>
            <eventType>revised</eventType>
            <eventDateTime>2017-03-07</eventDateTime>
            <agentType>human</agentType>
            <agent>Marine ZELVERTE</agent>
         </maintenanceEvent>
         <maintenanceEvent>
            <eventType>updated</eventType>
            <eventDateTime>2017-03-08</eventDateTime>
            <agentType>human</agentType>
            <agent>Marine ZELVERTE</agent>
         </maintenanceEvent>
         <maintenanceEvent>
            <eventType>updated</eventType>
            <eventDateTime>2017-03-20</eventDateTime>
            <agentType>human</agentType>
            <agent>Mission.referentiels MISSION.REFERENTIELS</agent>
            <eventDescription>F. Clavaud : revu la forme autorisée du nom</eventDescription>
         </maintenanceEvent>
         <maintenanceEvent>
            <eventType>revised</eventType>
            <eventDateTime>2017-03-22</eventDateTime>
            <agentType>human</agentType>
            <agent>Mission.referentiels MISSION.REFERENTIELS</agent>
         </maintenanceEvent>
         <maintenanceEvent>
            <eventType>updated</eventType>
            <eventDateTime>2017-03-22</eventDateTime>
            <agentType>human</agentType>
            <agent>Mission.referentiels MISSION.REFERENTIELS</agent>
         </maintenanceEvent>
      </maintenanceHistory>
      <sources>
         <source>
            <sourceEntry>Site Internet du ministère de la Culture et de la Communication</sourceEntry>
         </source>
         <source>
            <sourceEntry>Bottin administratif (2008 et 2009)</sourceEntry>
         </source>
      </sources>
   </control>
   <cpfDescription>
      <identity>
         <entityType>corporateBody</entityType>
         <nameEntry localType="autorisée" scriptCode="Latn" xml:lang="fre">
            <part>France. Ministère de la Culture et de la Communication. Cabinet de Christine Albanel, ministre (2007-2009)</part>
         </nameEntry>
      </identity>
      <description>
         <existDates>
            <dateRange>
               <fromDate standardDate="2007-05-18">18 mai 2007</fromDate>
               <toDate standardDate="2009-06-23">23 juin 2009</toDate>
            </dateRange>
         </existDates>
         <legalStatuses>
            <legalStatus>
               <term vocabularySource="d5blonb04s-1nqrprwwl75h0">cabinet ministériel</term>
            </legalStatus>
         </legalStatuses>
         <functions>
            <function>
               <term vocabularySource="d3nyug261d--1cyxwnocz7hzo">action gouvernementale</term>
            </function>
            <function>
               <term vocabularySource="d5bhviikk9--y6te63k761ib">culture</term>
            </function>
         </functions>
         <mandates>
            <mandate>
               <descriptiveNote>
                  <p> Arrêté du 19 mai 2007 portant nomination au cabinet de la ministre (https://www.legifrance.gouv.fr/affichTexte.do?cidTexte=JORFTEXT000000644902&amp;fastPos=16&amp;fastReqId=1838952089&amp;categorieLien=id&amp;oldAction=rechTexte)</p>
                  <p> Arrêté du 22 mai 2008 portant nomination au cabinet de la ministre (https://www.legifrance.gouv.fr/affichTexte.do?cidTexte=JORFTEXT000018873324&amp;fastPos=7&amp;fastReqId=1923166221&amp;categorieLien=id&amp;oldAction=rechTexte)</p>
               </descriptiveNote>
            </mandate>
         </mandates>
         <structureOrGenealogy>
            <p>Ont été membres du cabinet de Christine Albanel : </p>
            <list>
               <item>
                  <span style="bold">Directeur de cabinet</span> : Jean-François Hébert 
     </item>
               <item>
                  <span style="bold">Directeur-adjoint de cabinet</span> : Christophe Tardieu 
     </item>
               <item>
                  <span style="bold">Chef de cabinet</span> : Jean-Marie Caillaud puis Olivier Breuilly (à partir du 22 mai 2008) 
     </item>
               <item>
                  <span style="bold">Chargée de mission auprès de la Ministre</span> : Paulette Giry-Laterrière 
     </item>
               <item>
                  <span style="bold">Adjoint au chef de cabinet puis chef-adjoint de cabinet</span> : Matthieu Juin puis Frédéric Sallet 
     </item>
               <item>
                  <span style="bold">Conseiller auprès de la Ministre</span> : Jean d'Haussonville 
     </item>
            </list>
            <p>
               <span style="bold">Conseillers de la Ministre</span> : 
    </p>
            <list>
               <item>Conseiller diplomatique : Jean-Marc Séré-Charlet</item>
               <item>Conseiller juridique, chargé des industries culturelles, de la propriété intellectuelle, des études, du mécénat et du marché de l'art : Olivier Henrard</item>
               <item>Communication : Paul Rechter</item>
               <item>Diversité culturelle, démocratisation des accès à la culture, francophonie et outre-mer : Philippe Castro</item>
               <item>Architecture, patrimoine, musées, archéologie préventive : Marie-Christine Labourdette puis Sophie Durrleman</item>
               <item>Conseiller parlementaire : Richard Eltvedt</item>
               <item>Conseillère sociale : Maylis Roques</item>
               <item>Livre, archives et célébrations nationales : Marie-Françoise Audouard</item>
               <item>Cinéma, création audiovisuelle et multimédia : François Hurard</item>
               <item>Création et action territoriale : Richard Lagrange puis Jérôme Bouët</item>
               <item>Budget, modernisation du ministère, fiscalité et développement durable : Arnaud Roffignon</item>
               <item>Conseiller politique : François-David Cravenne</item>
               <item>Conseiller : Jean Delpech de Saint Guilhem</item>
            </list>
            <p>
               <span style="bold">Conseillers techniques de la Ministre</span> : 
    </p>
            <list>
               <item>Audiovisuel, médias, jeux vidéos et presse écrite : Mathieu Gallet</item>
               <item>Spectacle vivant, chargée du théâtre, de la musique, de la danse et des arts de la rue : Marie-Pierre de Surville</item>
               <item>Nouvelles technologies : Laurent Ladouari</item>
               <item>Relations avec les élus : Jean-Bernard Bolvin</item>
               <item>Presse et communication : Vincent Peyrègne</item>
               <item>Presse et relations publiques : Aude Révillon d'Apreval</item>
            </list>
            <p>
               <span style="bold">Chargées de mission</span> : 
    </p>
            <list>
               <item>Discours : Clémence David</item>
               <item>Prospective : Corinne Legoy</item>
               <item>Inès Da Silva</item>
            </list>
            <p>
               <span style="bold">Bureau du cabinet</span> : 
    </p>
            <list>
               <item>Chef du bureau : Guillaume Queyron</item>
               <item>Adjoint au chef du bureau : Stephen Cousin</item>
            </list>
         </structureOrGenealogy>
         <generalContext>
            <p>Président de la République : Nicolas Sarkozy</p>
            <p>Chef de gouvernement : François Fillon</p>
            <list>
               <item>I : 18 mai 2007 – 18 juin 2007</item>
               <item>II : 18 juin 2007 - 13 novembre 2010</item>
            </list>
         </generalContext>
         <biogHist>
            <p>Le fonctionnement du cabinet des ministres est régi par le décret n° 48-1233 du 28 juillet 1948 modifié portant règlement d’administration publique en ce qui concerne les cabinets ministériels. Il est constitué par le ministre lors de sa prise de fonction et est composé :</p>
            <list>
               <item>d’un directeur (assisté parfois d’un directeur adjoint), chargé de la coordination entre le ministre et son administration ;</item>
               <item>d’un chef de cabinet dont le rôle est de veiller au bon fonctionnement du cabinet : agenda du ministre, déplacements, secrétariat, audiences et relations publiques, distinctions honorifiques... ;</item>
               <item>de conseillers chargés d’un ou plusieurs dossiers et devant assurer le suivi de l’activité des directions et de chargés de mission aux attributions ponctuelles.</item>
            </list>
            <p/>
            <p>Christine Albanel est ministre de la Culture du 18 mai 2007 au 23 juin 2009, dans les deux premiers gouvernements de François Fillon. Elle nomme les premiers membres de son cabinet par arrêté du 19 mai 2007, publié au Journal Officiel de la République française le 30 mai.</p>
         </biogHist>
      </description>
      <relations>
         <cpfRelation xmlns:xlink="http://www.w3.org/1999/xlink"
                      cpfRelationType="associative"
                      xlink:href="FRAN_NP_051474"
                      xlink:type="simple">
            <relationEntry>Albanel, Christine (1955-....)</relationEntry>
            <dateRange>
               <fromDate standardDate="2007-05-18">18 mai 2007</fromDate>
               <toDate standardDate="2009-06-23">23 juin 2009</toDate>
            </dateRange>
            <descriptiveNote>
               <p> @isDirectorOf@ </p>
            </descriptiveNote>
         </cpfRelation>
         <cpfRelation xmlns:xlink="http://www.w3.org/1999/xlink"
                      cpfRelationType="associative"
                      xlink:href="FRAN_NP_051476"
                      xlink:type="simple">
            <relationEntry>David, Clémence (1980-....)</relationEntry>
            <dateRange>
               <fromDate standardDate="2007-05-18">18 mai 2007</fromDate>
               <toDate standardDate="2009-06-23">23 juin 2009</toDate>
            </dateRange>
            <descriptiveNote>
               <p>
     @isMemberOf@
    </p>
            </descriptiveNote>
         </cpfRelation>
         <cpfRelation xmlns:xlink="http://www.w3.org/1999/xlink"
                      cpfRelationType="associative"
                      xlink:href="FRAN_NP_051475"
                      xlink:type="simple">
            <relationEntry>Surville, Marie-Pierre de (1965-....)</relationEntry>
            <dateRange>
               <fromDate standardDate="2007-05-18">18 mai 2007</fromDate>
               <toDate standardDate="2009-06-23">23 juin 2009</toDate>
            </dateRange>
            <descriptiveNote>
               <p>
     @isMemberOf@
    </p>
            </descriptiveNote>
         </cpfRelation>
         <cpfRelation xmlns:xlink="http://www.w3.org/1999/xlink"
                      cpfRelationType="temporal-earlier"
                      xlink:href="FRAN_NP_005444"
                      xlink:type="simple">
            <relationEntry>Cabinet de Renaud Donnedieu de Vabres, ministre de la Culture et de la Communication</relationEntry>
            <dateRange>
               <fromDate standardDate="2007-05-18">18 mai 2007</fromDate>
            </dateRange>
         </cpfRelation>
         <cpfRelation xmlns:xlink="http://www.w3.org/1999/xlink"
                      cpfRelationType="hierarchical-parent"
                      xlink:href="FRAN_NP_000005"
                      xlink:type="simple">
            <relationEntry>France. Ministère de la Culture et de la Communication (1959-....)</relationEntry>
            <dateRange>
               <fromDate standardDate="2007-05-18">18 mai 2007</fromDate>
               <toDate standardDate="2009-06-23">23 juin 2009</toDate>
            </dateRange>
            <descriptiveNote>
               <p>@isPartOf@</p>
            </descriptiveNote>
         </cpfRelation>
         <resourceRelation xmlns:xlink="http://www.w3.org/1999/xlink"
                           resourceRelationType="creatorOf"
                           xlink:href="FRAN_IR_054803"
                           xlink:type="simple">
            <relationEntry localType="archival">Archives de Marie-Pierre de Surville, conseillère spectacle vivant chargée du théâtre, de la musique, de la danse et des arts de la rue auprès de Mme Christine Albanel, ministre de la Culture et de la Communication de 2007 à 2009</relationEntry>
         </resourceRelation>
         <resourceRelation xmlns:xlink="http://www.w3.org/1999/xlink"
                           resourceRelationType="creatorOf"
                           xlink:href="FRAN_IR_054802"
                           xlink:type="simple">
            <relationEntry localType="archival">Cabinet de Christine Albanel : archives de François Hurard, conseiller technique chargé de la politique du cinéma, la création audiovisuelle et le multimédia</relationEntry>
         </resourceRelation>
         <resourceRelation xmlns:xlink="http://www.w3.org/1999/xlink"
                           resourceRelationType="creatorOf"
                           xlink:href="FRAN_IR_054945"
                           xlink:type="simple">
            <relationEntry localType="archival">Fonds de M. Jean-Marc Séré-Charlet, conseiller diplomatique auprès de Mme Christine Albanel, ministre de la Culture et de la communication de 2007 à 2009</relationEntry>
         </resourceRelation>
         <resourceRelation xmlns:xlink="http://www.w3.org/1999/xlink"
                           resourceRelationType="creatorOf"
                           xlink:href="FRAN_IR_054907"
                           xlink:type="simple">
            <relationEntry localType="archival">Fonds de M. Arnaud Roffignon, conseiller pour les affaires budgétaires et fiscales auprès de Mme Christine Albanel, ministre de la Culture et de la communication de 2007 à 2009</relationEntry>
         </resourceRelation>
         <resourceRelation xmlns:xlink="http://www.w3.org/1999/xlink"
                           resourceRelationType="creatorOf"
                           xlink:href="FRAN_IR_055036"
                           xlink:type="simple">
            <relationEntry localType="archival">Fonds de Mme Sophie Durrleman, conseillère musées et arts plastiques auprès de Mme Christine Albanel, ministre de la Culture et de la communication de 2007 à 2009</relationEntry>
         </resourceRelation>
         <resourceRelation xmlns:xlink="http://www.w3.org/1999/xlink"
                           resourceRelationType="creatorOf"
                           xlink:href="FRAN_IR_055261"
                           xlink:type="simple">
            <relationEntry localType="archival">Fonds de Mme Corinne Legoy, chargée de mission prospective auprès de Christine Albanel, ministre de la culture et de la communication de 2007 à 2009</relationEntry>
         </resourceRelation>
         <resourceRelation xmlns:xlink="http://www.w3.org/1999/xlink"
                           resourceRelationType="creatorOf"
                           xlink:href="FRAN_IR_055244"
                           xlink:type="simple">
            <relationEntry localType="archival">Fonds de Richard Eltvedt, conseiller parlementaire auprès de Christine Albanel, ministre de la culture et de la communication de 2007 à 2009</relationEntry>
         </resourceRelation>
         <resourceRelation xmlns:xlink="http://www.w3.org/1999/xlink"
                           resourceRelationType="creatorOf"
                           xlink:href="FRAN_IR_055241"
                           xlink:type="simple">
            <relationEntry localType="archival">Fonds d'Inès da Silva, chargée de mission auprès de Mme Christine Albanel, ministre de la Culture et de la communication de 2007 à 2009</relationEntry>
         </resourceRelation>
         <resourceRelation xmlns:xlink="http://www.w3.org/1999/xlink"
                           resourceRelationType="creatorOf"
                           xlink:href="FRAN_IR_055265"
                           xlink:type="simple">
            <relationEntry localType="archival">Fonds de Philippe Castro, conseiller chargé de la diversité culturelle, de la démocratisation des accès à la culture, de la francophonie et de l'Outre-mer</relationEntry>
         </resourceRelation>
         <resourceRelation xmlns:xlink="http://www.w3.org/1999/xlink"
                           resourceRelationType="creatorOf"
                           xlink:href="FRAN_IR_055271"
                           xlink:type="simple">
            <relationEntry localType="archival">Fonds de Clémence David, chargée de mission discours auprès de Christine Albanel, ministre de la Culture et de la communication de 2007 à 2009</relationEntry>
         </resourceRelation>
         <resourceRelation xmlns:xlink="http://www.w3.org/1999/xlink"
                           resourceRelationType="creatorOf"
                           xlink:href="FRAN_IR_055444"
                           xlink:type="simple">
            <relationEntry localType="archival">Archives de Jérôme Bouet, Marie-Christine Labourdette et Richard Lagrange, conseillers auprès de Christine Albanel, ministre de la Culture et de la Communication.</relationEntry>
         </resourceRelation>
         <resourceRelation xmlns:xlink="http://www.w3.org/1999/xlink"
                           resourceRelationType="creatorOf"
                           xlink:href="FRAN_IR_055787"
                           xlink:type="simple">
            <relationEntry localType="archival">Messagerie électronique de M. Arnaud Roffignon, conseiller pour les affaires budgétaires et fiscales auprès de Mme Christine Albanel, ministre de la Culture et de la communication de 2007 à 2009, puis de M. Frédéric Mitterrand, ministre de la Culture et de la communication de 2009 à 2012</relationEntry>
         </resourceRelation>
         <resourceRelation xmlns:xlink="http://www.w3.org/1999/xlink"
                           resourceRelationType="creatorOf"
                           xlink:href="FRAN_IR_055967"
                           xlink:type="simple">
            <relationEntry localType="archival">Sophie Durrleman, conseillère musées et arts plastiques auprès de Christine Albanel</relationEntry>
         </resourceRelation>
         <resourceRelation xmlns:xlink="http://www.w3.org/1999/xlink"
                           resourceRelationType="creatorOf"
                           xlink:href="FRAN_IR_055911"
                           xlink:type="simple">
            <relationEntry localType="archival">Mathieu GALLET, conseiller technique pour l’audiovisuel et les médias auprès de la ministre de la Culture et de la Communication Christine ALBANEL</relationEntry>
         </resourceRelation>
         <resourceRelation xmlns:xlink="http://www.w3.org/1999/xlink"
                           resourceRelationType="creatorOf"
                           xlink:href="FRAN_IR_055852"
                           xlink:type="simple">
            <relationEntry localType="archival">Fonds d'Olivier Henrard, conseiller juridique, chargé des industries culturelles, de la propriété intellectuelle, des études, du mécénat et du marché de l'art, auprès de Christine Albanel, ministre de la Culture et de la communication de 2007 à 2009, puis directeur adjoint du cabinet de Frédéric Mitterrand de juin à décembre 2009</relationEntry>
         </resourceRelation>
         <resourceRelation xmlns:xlink="http://www.w3.org/1999/xlink"
                           resourceRelationType="creatorOf"
                           xlink:href="FRAN_IR_055615"
                           xlink:type="simple">
            <relationEntry localType="archival">Archives du secrétariat particulier de Christine Albanel ministre de la Culture et de la Communication et de Jean Séré- Charlet, conseiller diplomatique.</relationEntry>
         </resourceRelation>
         <resourceRelation xmlns:xlink="http://www.w3.org/1999/xlink"
                           resourceRelationType="creatorOf"
                           xlink:href="FRAN_IR_057047"
                           xlink:type="simple">
            <relationEntry localType="archival">Messagerie électronique de M. François Hurard, conseiller cinéma, jeux vidéos, audiovisuel et numérique auprès de Mme Christine Albanel, ministre de la Culture et de la communication de 2007 à 2009, puis de M. Frédéric Mitterrand, ministre de la Culture et de la communication de 2009 à 2012.</relationEntry>
         </resourceRelation>
         <resourceRelation xmlns:xlink="http://www.w3.org/1999/xlink"
                           resourceRelationType="creatorOf"
                           xlink:href="FRAN_IR_054908"
                           xlink:type="simple">
            <relationEntry localType="archival">Archives de Marie-Françoise Audouard, conseillère livre, archives, célébrations nationales auprès de Madame Christine Albanel, ministre de la Culture et de la Communication</relationEntry>
         </resourceRelation>
         <resourceRelation xmlns:xlink="http://www.w3.org/1999/xlink"
                           resourceRelationType="creatorOf"
                           xlink:href="FRAN_IR_054949"
                           xlink:type="simple">
            <relationEntry localType="archival">Fonds de M. Frédéric Sallet, chef adjoint de cabinet de Mme Christine Albanel, ministre de la Culture et de la communication de 2007 à 2009</relationEntry>
         </resourceRelation>
      </relations>
   </cpfDescription>
</eac-cpf>
