<eac-cpf xmlns="urn:isbn:1-931666-33-4"
         xmlns:xsi="http://www.w3.org/2001/XMLSchema-instance"
         xsi:schemaLocation="urn:isbn:1-931666-33-4 cpf.xsd">
   <control>
      <recordId>FRAN_NP_003551</recordId>
      <otherRecordId localType="Ancien_identifiant">3211/STL</otherRecordId>
      <maintenanceStatus>revised</maintenanceStatus>
      <maintenanceAgency>
         <agencyName>Archives nationales de France</agencyName>
      </maintenanceAgency>
      <languageDeclaration>
         <language languageCode="fre">Français</language>
         <script scriptCode="Latn"/>
      </languageDeclaration>
      <conventionDeclaration>
         <citation>Notice établie conformément à la norme ICA-ISAAR (CPF) 2004, aux normes ISO 8601 pour le système de normalisation des dates utilisé, ainsi que AFNOR NF Z 44-061, juin 1986. Catalogage : forme et structure des vedettes noms de personne, des vedettes titres, des rubriques de classement et des titres forgés.</citation>
      </conventionDeclaration>
      <localControl localType="niveau_de_detail">
         <term>Complète</term>
      </localControl>
      <maintenanceHistory>
         <maintenanceEvent>
            <eventType>derived</eventType>
            <eventDateTime>2013-04-23</eventDateTime>
            <agentType>machine</agentType>
            <agent>Import_SIA</agent>
         </maintenanceEvent>
         <maintenanceEvent>
            <eventType>revised</eventType>
            <eventDateTime>2016-05-10</eventDateTime>
            <agentType>human</agentType>
            <agent>Marine ZELVERTE</agent>
            <eventDescription/>
         </maintenanceEvent>
         <maintenanceEvent>
            <eventType>updated</eventType>
            <eventDateTime>2017-03-29</eventDateTime>
            <agentType>human</agentType>
            <agent>Marine ZELVERTE</agent>
         </maintenanceEvent>
         <maintenanceEvent>
            <eventType>updated</eventType>
            <eventDateTime>2017-03-29</eventDateTime>
            <agentType>human</agentType>
            <agent>Mission.referentiels MISSION.REFERENTIELS</agent>
            <eventDescription>F. Clavaud, 29 mars 2017 : revu les liens</eventDescription>
         </maintenanceEvent>
      </maintenanceHistory>
      <sources>
         <source>
            <sourceEntry>Bottin administratif</sourceEntry>
         </source>
         <source>
            <sourceEntry>Bertrand, Anne-Marie et Groshens, Jean-Claude. « L'unité du métier ». Bulletin des bibliothèques de France (BBF), 2005, n° 5, p. 5-7. Disponible en ligne : &lt;http://bbf.enssib.fr/consulter/bbf-2005-05-0005-001&gt;. ISSN 1292-8399. </sourceEntry>
         </source>
      </sources>
   </control>
   <cpfDescription>
      <identity>
         <entityType>corporateBody</entityType>
         <nameEntry localType="autorisée" scriptCode="Latn" xml:lang="fre">
            <part>France. Direction des bibliothèques et de la lecture publique. Services techniques. Section de la lecture publique (1968-1975)</part>
         </nameEntry>
         <nameEntry>
            <part>Service de la lecture publique</part>
            <useDates>
               <dateRange>
                  <fromDate standardDate="1968-01-01">1968</fromDate>
                  <toDate standardDate="1970-12-31">1970</toDate>
               </dateRange>
            </useDates>
         </nameEntry>
      </identity>
      <description>
         <existDates>
            <dateRange>
               <fromDate standardDate="1968-01-01">1968</fromDate>
               <toDate standardDate="1975-12-31">1975</toDate>
            </dateRange>
         </existDates>
         <legalStatuses>
            <legalStatus>
               <term vocabularySource="d5blonaxbw--1mt8t42bokzts">service d'administration centrale</term>
            </legalStatus>
         </legalStatuses>
         <mandates>
            <mandate>
               <descriptiveNote>
                  <p>Décret n°75-1003 du 29 octobre 1975 par lequel sont transférées au Secrétaire d'État à la Culture les attributions exercées par le Secrétaire d'État aux Universités dans les domaines du livre et de la lecture publique (https://www.legifrance.gouv.fr/affichTexte.do?cidTexte=JORFTEXT000000500152&amp;fastPos=3&amp;fastReqId=1129159639&amp;categorieLien=id&amp;oldAction=rechTexte)</p>
               </descriptiveNote>
            </mandate>
         </mandates>
         <biogHist>
            <p>Un service de la lecture publique est créé en 1968 au sein de la direction des bibliothèques et de la lecture publique (DBLP). Auparavant, la lecture publique est loin d’être la priorité de la direction, qui arbitre d’abord en faveur de la Bibliothèque nationale et des bibliothèques universitaires.</p>
            <p>En 1971, le service est intégré aux services techniques dont il devient la deuxième section. Celle-ci disparaît en 1975 avec la DBLP, supprimée suite à une décision du conseil des ministres du 2 juillet qui répartit ses attributions entre le secrétariat d'État aux Universités et le secrétariat d'État à la Culture (décret du 29 octobre 1975).</p>
            <p>La section de la lecture publique est chargée des relations avec les bibliothèques municipales et de la gestion des bibliothèques centrales de prêt. </p>
         </biogHist>
      </description>
      <relations>
         <cpfRelation xmlns:xlink="http://www.w3.org/1999/xlink"
                      cpfRelationType="hierarchical-parent"
                      xlink:href="FRAN_NP_009943"
                      xlink:type="simple">
            <relationEntry>France. Direction des bibliothèques et de la lecture publique (1945-1975)</relationEntry>
            <dateRange>
               <fromDate standardDate="1968-01-01">1968</fromDate>
               <toDate standardDate="1970-12-31">1970</toDate>
            </dateRange>
            <descriptiveNote>
               <p>@isPartOf@</p>
            </descriptiveNote>
         </cpfRelation>
         <cpfRelation xmlns:xlink="http://www.w3.org/1999/xlink"
                      cpfRelationType="hierarchical-parent"
                      xlink:href="FRAN_NP_003552"
                      xlink:type="simple">
            <relationEntry>France. Direction des bibliothèques et de la lecture publique. Services techniques (1945-1975)</relationEntry>
            <dateRange>
               <fromDate standardDate="1973-01-01">1973</fromDate>
               <toDate standardDate="1975-12-31">1975</toDate>
            </dateRange>
         </cpfRelation>
         <cpfRelation xmlns:xlink="http://www.w3.org/1999/xlink"
                      cpfRelationType="temporal-later"
                      xlink:href="FRAN_NP_005670"
                      xlink:type="simple">
            <relationEntry>France. Direction du Livre et de la Lecture. Bureau des bibliothèques municipales (1976-1987)</relationEntry>
            <dateRange>
               <fromDate standardDate="1976-01-01">1976</fromDate>
            </dateRange>
         </cpfRelation>
         <cpfRelation xmlns:xlink="http://www.w3.org/1999/xlink"
                      cpfRelationType="hierarchical-parent"
                      xlink:href="FRAN_NP_003552"
                      xlink:type="simple">
            <relationEntry>France. Direction des bibliothèques et de la lecture publique. Services techniques (1945-1975)</relationEntry>
            <dateRange>
               <fromDate standardDate="1971-01-01">1971</fromDate>
               <toDate standardDate="1975-12-31">1975</toDate>
            </dateRange>
            <descriptiveNote>
               <p>@isPartOf@</p>
            </descriptiveNote>
         </cpfRelation>
         <cpfRelation xmlns:xlink="http://www.w3.org/1999/xlink"
                      cpfRelationType="temporal-later"
                      xlink:href="FRAN_NP_005671"
                      xlink:type="simple">
            <relationEntry>France. Direction du Livre et de la Lecture. Bureau des bibliothèques centrales de prêt (1976-1987)</relationEntry>
            <dateRange>
               <fromDate standardDate="1976-01-01">1976</fromDate>
            </dateRange>
         </cpfRelation>
      </relations>
   </cpfDescription>
</eac-cpf>
