<eac-cpf xmlns="urn:isbn:1-931666-33-4"
         xmlns:xsi="http://www.w3.org/2001/XMLSchema-instance"
         xsi:schemaLocation="urn:isbn:1-931666-33-4 cpf.xsd">
   <control>
      <recordId>FRAN_NP_003775</recordId>
      <otherRecordId localType="Ancien_identifiant">3294/ENSJF</otherRecordId>
      <maintenanceStatus>revised</maintenanceStatus>
      <maintenanceAgency>
         <agencyName>Archives nationales de France</agencyName>
      </maintenanceAgency>
      <languageDeclaration>
         <language languageCode="fre">Français</language>
         <script scriptCode="Latn"/>
      </languageDeclaration>
      <conventionDeclaration>
         <citation>Notice établie conformément à la norme ICA-ISAAR (CPF) 2004, aux normes ISO 8601 pour le système de normalisation des dates utilisé, ainsi que AFNOR NF Z 44-061, juin 1986. Catalogage : forme et structure des vedettes noms de personne, des vedettes titres, des rubriques de classement et des titres forgés.</citation>
      </conventionDeclaration>
      <localControl localType="niveau_de_detail">
         <term>Moyenne</term>
      </localControl>
      <maintenanceHistory>
         <maintenanceEvent>
            <eventType>derived</eventType>
            <eventDateTime>2013-04-23</eventDateTime>
            <agentType>machine</agentType>
            <agent>Import_SIA</agent>
         </maintenanceEvent>
         <maintenanceEvent>
            <eventType>revised</eventType>
            <eventDateTime>2017-12-28</eventDateTime>
            <agentType>human</agentType>
            <agent>Anne ROHFRITSCH</agent>
            <eventDescription>Révision le 28/12/2017 (A. Rohfritsch, DECAS) : révision nom, ajout identifiant, historique, textes de référence, organisation interne, sources</eventDescription>
         </maintenanceEvent>
         <maintenanceEvent>
            <eventType>updated</eventType>
            <eventDateTime>2018-07-04</eventDateTime>
            <agentType>human</agentType>
            <agent>Emmanuelle GIRY</agent>
         </maintenanceEvent>
      </maintenanceHistory>
      <sources>
         <source>
            <sourceEntry>Informations fournies par la Mission des archives et du patrimoine culturel du MENESR. </sourceEntry>
         </source>
         <source>
            <sourceEntry>Identifiant ARK de la notice d’autorité BnF : http://catalogue.bnf.fr/ark:/12148/cb11863504d</sourceEntry>
         </source>
         <source>
            <sourceEntry>Notice Wikipédia : https://fr.wikipedia.org/wiki/%C3%89cole_normale_sup%C3%A9rieure_de_jeunes_filles</sourceEntry>
         </source>
         <source>
            <sourceEntry>LECOCQ (Tristan), Le centre international d'études pédagogiques à Sèvres : une histoire plurielle d'un lieu singulier, Sèvres : CIEP, 2010.</sourceEntry>
         </source>
      </sources>
   </control>
   <cpfDescription>
      <identity>
         <entityId>ISNI 0000 0001 2178 4359</entityId>
         <entityType>corporateBody</entityType>
         <nameEntry localType="autorisée" scriptCode="Latn" xml:lang="fre">
            <part>École normale supérieure de jeunes filles (Paris ; 1881-1986)</part>
         </nameEntry>
         <nameEntry>
            <part>ENSJF</part>
         </nameEntry>
      </identity>
      <description>
         <existDates>
            <dateRange>
               <fromDate standardDate="1881-01-01">1881</fromDate>
               <toDate standardDate="1986-12-31">1986</toDate>
            </dateRange>
         </existDates>
         <places>
            <place>
               <placeRole>Lieu général</placeRole>
               <placeEntry localType="nomLieu">Sèvres</placeEntry>
               <placeEntry localType="lieu" vocabularySource="d3ntxesmsx-1r4faumkdxfxq">Sèvres (Hauts-de-Seine)</placeEntry>
            </place>
         </places>
         <legalStatuses>
            <legalStatus>
               <term vocabularySource="d5blonb3ky--u69ytier8ih6">établissement public à caractère administratif</term>
            </legalStatus>
         </legalStatuses>
         <functions>
            <function>
               <term vocabularySource="d5bhvihxhx--1dol4k5w0lb2i">enseignement supérieur</term>
            </function>
         </functions>
         <mandates>
            <mandate>
               <descriptiveNote>
                  <p>- Loi du 29 juillet 1881 instituant l’École normale des professeurs-femmes de Sèvres.</p>
                  <p>- Décret du 23 décembre 1936 rattachant l’École normale supérieure de jeunes filles à la direction de l'enseignement.</p>
                  <p>- Décret n°85-788 du 24 juillet 1985 relatif aux écoles normales supérieures : https://www.legifrance.gouv.fr/jo_pdf.do?id=JORFTEXT000000688817</p>
                  <p>- Décret n° 87-695 du 26 août 1987 relatif à l’École normale supérieure : https://www.legifrance.gouv.fr/jo_pdf.do?id=JORFTEXT000000881684</p>
               </descriptiveNote>
            </mandate>
         </mandates>
         <structureOrGenealogy>
            <p>
               <span style="italic">Directrices de l'ENSJF</span> : 
    </p>
            <p>Julie Favre, née Velten (dite "Madame Jules Favre) (1881-1896) ; Mme Henri Marion (1896-1906) ; Louise Belugou (1906-1919) ; Anne Amieux (1919-1936) ; Eugénie Cotton, née Feytis (1936-1941) ; Edmée Hatinguais, née Marc (1941-1944) ; Lucy Prenant, née Sotto (1944-1956) ; Marie-Jeanne Durry, née Walter (1956-1974) ; Josiane Serre, née Heulot (1974-1987).</p>
            <p/>
            <p>
               <span style="italic">Sous-directrices de l'ENSJF</span> : 
    </p>
            <p>Y. de Schuttenbach (1945-1956) ; Madeleine Chenot (1957-1969) ; Josiane Serre (1969-1974) ; Simone Follet (1975-1986) ; Suzy Halimi (1986-1987).</p>
         </structureOrGenealogy>
         <biogHist>
            <p>L’École normale supérieure de jeunes filles (ENSJF) est un établissement d'enseignement supérieur, destiné à préparer à l'enseignement et à la recherche, ayant fusionné en 1985 avec l’École normale supérieure (ENS) dite de la rue d'Ulm, jusqu'alors réservée aux garçons. </p>
            <p/>
            <p>
               <span style="italic">École normale supérieure d'enseignement secondaire de jeunes filles (1881-1936)</span> : 
    </p>
            <p>Faisait suite à la loi du 21 décembre 1880 créant les lycées et collèges de jeunes filles, la loi du 26 juillet 1881, initiée par le député Camille Sée, crée une « École normale de professeurs femmes pour les écoles secondaires de jeunes filles » rattachée au vice-recteur de Paris. Un arrêté du 14 octobre 1881 en fixe les conditions d'admission (concours annuels), et son ouverture est effective le 12 décembre 1881. La durée des études est alors fixée à trois ans. L'école est installée, sur rapport de Jules Ferry, dans les bâtiments de l'ancienne manufacture royale de Sèvres et y reste jusqu'en 1940 : l'usage est conservé après-guerre de surnommer l'établissement « Sèvres » et les élèves normaliennes les « Sévriennes ». Plusieurs grandes personnalités scientifiques y viennent enseigner, telle la physicienne et chimiste Marie Curie qui y est maître de conférences de physique entre 1900 et 1906.</p>
            <p>L’École est rattachée en 1911 à la direction des enseignements secondaires, puis placée directement, par décret du 14 avril 1920, sous l'autorité du ministère de l'Instruction publique et des Beaux-Arts. </p>
            <p/>
            <p>
               <span style="italic">École normale supérieure de jeunes filles (1936-1985)</span> : 
    </p>
            <p>Par décret du 16 août 1936, l’école de Sèvres est renommée École normale supérieure de jeunes filles, et rattachée au ministère de l'Enseignement supérieur. Le décret du 8 octobre 1937 rend identiques les programmes des principales agrégations féminines et masculines d'une part, et le concours d'entrée des ENS de la rue d'Ulm et de l'ENSJF d'autre part. Ces décisions, qui mettent sur le même plan légal les deux établissements, ferment de fait les portes de l’École d'Ulm aux jeunes femmes (quelques-unes avaient pu s'y inscrire pour préparer l'agrégation). </p>
            <p>L’ENSJF est contrainte de déménager à Paris durant l'Occupation suite à la réquisition de l'ancienne manufacture de Sèvres. Elle obtient en 1948 un terrain appartenant à la Cité universitaire, situé au 48 boulevard Jourdan. Le campus Jourdan est inauguré en décembre 1949. La construction de bâtiments supplémentaires à Montrouge, rue Maurice Arnoux, est achevée en 1968. Cependant, une partie en est affectée à la faculté dentaire de l'université Paris V, ce qui ne permet pas à l'ENSJF de quitter complètement ses locaux préfabriqués, et en principe temporaires, de Jourdan. </p>
            <p>Les deux ENS de Jourdan et d'Ulm mènent jusqu'en 1985 une vie parallèle, collaborant fréquemment sur le plan scientifique et partageant une organisation similaire des études et de la recherche : répartition en deux sections intitulées « Lettres » et « Sciences », sous-divisions en « groupes » par discipline (pour les concours d'entrée) et en laboratoires. Tout comme les élèves de la rue d'Ulm, les normaliennes sont logées pour la plupart en internat et perçoivent un salaire, ou « pécule ». </p>
            <p>Le suivi régulier du parcours professionnel des anciennes élèves, à partir des années 1960 notamment, est d'autant plus important pour la direction de l'ENSJF qu'il comporte une dimension féministe assumée : il s'agit alors de promouvoir l'intégration des femmes dans les milieux de la recherche et de l'enseignement supérieur. Les célébrations du centenaire de l’école en 1981 ont été l'occasion de mettre en valeur les importants progrès effectués dans ce domaine depuis l'après-guerre.</p>
            <p>Initiée par le décret du 24 juillet 1985, la fusion des ENS est soutenue par les directeurs des deux établissements, Josiane Heulot-Serre et Georges Poitou. Les concours d'admission de la session 1986 sont les premiers à avoir des épreuves effectuées en commun par les filles et les garçons. Le décret de fusion est publié en août 1987. </p>
         </biogHist>
      </description>
      <relations>
         <cpfRelation xmlns:xlink="http://www.w3.org/1999/xlink"
                      cpfRelationType="temporal-later"
                      xlink:href="FRAN_NP_003779"
                      xlink:type="simple">
            <relationEntry>École normale supérieure</relationEntry>
            <dateRange>
               <fromDate standardDate="1987-01-01">1987</fromDate>
            </dateRange>
         </cpfRelation>
         <cpfRelation xmlns:xlink="http://www.w3.org/1999/xlink"
                      cpfRelationType="hierarchical-parent"
                      xlink:href="FRAN_NP_000016"
                      xlink:type="simple">
            <relationEntry>Ministère de l'Éducation nationale</relationEntry>
            <dateRange>
               <fromDate standardDate="1981-05-22">22 mai 1981</fromDate>
               <toDate standardDate="1986-12-31">1986</toDate>
            </dateRange>
         </cpfRelation>
         <cpfRelation xmlns:xlink="http://www.w3.org/1999/xlink"
                      cpfRelationType="identity"
                      xlink:href="http://catalogue.bnf.fr/ark:/12148/cb11863504d"
                      xlink:type="simple">
            <relationEntry>Ecole normale supérieure de jeunes filles (Paris)</relationEntry>
            <dateRange>
               <fromDate standardDate="1881-01-01">1881</fromDate>
               <toDate standardDate="1986-12-31">1986</toDate>
            </dateRange>
            <descriptiveNote>
               <p>Notice d'autorité BnF</p>
            </descriptiveNote>
         </cpfRelation>
         <cpfRelation xmlns:xlink="http://www.w3.org/1999/xlink"
                      cpfRelationType="identity"
                      xlink:href="https://fr.wikipedia.org/wiki/%C3%89cole_normale_sup%C3%A9rieure_de_jeunes_filles"
                      xlink:type="simple">
            <relationEntry>École normale supérieure de jeunes filles</relationEntry>
            <dateRange>
               <fromDate standardDate="1881-01-01">1881</fromDate>
               <toDate standardDate="1986-12-31">1986</toDate>
            </dateRange>
            <descriptiveNote>
               <p>Notice Wikipédia</p>
            </descriptiveNote>
         </cpfRelation>
      </relations>
   </cpfDescription>
</eac-cpf>
