<eac-cpf xmlns="urn:isbn:1-931666-33-4"
         xmlns:xsi="http://www.w3.org/2001/XMLSchema-instance"
         xsi:schemaLocation="urn:isbn:1-931666-33-4 cpf.xsd">
   <control>
      <recordId>FRAN_NP_010254</recordId>
      <otherRecordId localType="Ancien_identifiant">FRDAFANCH00MC_NAETUDE_146</otherRecordId>
      <maintenanceStatus>derived</maintenanceStatus>
      <maintenanceAgency>
         <agencyName>Archives nationales de France</agencyName>
      </maintenanceAgency>
      <languageDeclaration>
         <language languageCode="fre">Français</language>
         <script scriptCode="Latn"/>
      </languageDeclaration>
      <conventionDeclaration>
         <citation>Notice établie conformément à la norme ICA-ISAAR (CPF) 2004, aux normes ISO 8601 pour le système de normalisation des dates utilisé, ainsi que AFNOR NF Z 44-061, juin 1986. Catalogage : forme et structure des vedettes noms de personne, des vedettes titres, des rubriques de classement et des titres forgés.</citation>
      </conventionDeclaration>
      <localControl localType="niveau_de_detail">
         <term>Moyenne</term>
      </localControl>
      <maintenanceHistory>
         <maintenanceEvent>
            <eventType>derived</eventType>
            <eventDateTime>2013-04-23</eventDateTime>
            <agentType>machine</agentType>
            <agent>Migration ETANOT</agent>
         </maintenanceEvent>
      </maintenanceHistory>
   </control>
   <cpfDescription>
      <identity>
         <entityType>corporateBody</entityType>
         <nameEntry scriptCode="Latn" localType="autorisée" xml:lang="fre">
            <part>Etude CXLVI</part>
         </nameEntry>
         <nameEntry>
            <part>75173</part>
         </nameEntry>
      </identity>
      <description>
         <existDates>
            <dateRange>
               <fromDate standardDate="1965-07-29">29 juillet 1965</fromDate>
            </dateRange>
         </existDates>
         <places>
            <place>
               <placeRole>Lieu de Paris</placeRole>
               <placeEntry localType="nomLieu">29, avenue de Saint-Mandé, 75012 PARIS</placeEntry>
            </place>
         </places>
         <functions>
            <function>
               <term vocabularySource="d3nyui3o8w--11y7jgy8q3wnt">notaire à paris</term>
               <dateRange>
                  <fromDate standardDate="1965-07-29">29 juillet 1965</fromDate>
                  <toDate/>
               </dateRange>
            </function>
         </functions>
      </description>
      <relations>
         <cpfRelation xmlns:xlink="http://www.w3.org/1999/xlink"
                      cpfRelationType="associative"
                      xlink:href="FRAN_NP_011621"
                      xlink:type="simple">
            <relationEntry>Livian, Bernard</relationEntry>
            <dateRange>
               <fromDate standardDate="1974-02-20">20 février 1974</fromDate>
               <toDate standardDate="2001-02-01">1er février 2001</toDate>
            </dateRange>
         </cpfRelation>
         <cpfRelation xmlns:xlink="http://www.w3.org/1999/xlink"
                      cpfRelationType="associative"
                      xlink:href="FRAN_NP_012446"
                      xlink:type="simple">
            <relationEntry>Dorey, André</relationEntry>
            <dateRange>
               <fromDate standardDate="1999-02-03">3 février 1999</fromDate>
            </dateRange>
         </cpfRelation>
         <cpfRelation xmlns:xlink="http://www.w3.org/1999/xlink"
                      cpfRelationType="associative"
                      xlink:href="FRAN_NP_013075"
                      xlink:type="simple">
            <relationEntry>Brunet, Daniel</relationEntry>
            <dateRange>
               <fromDate standardDate="1985-04-10">10 avril 1985</fromDate>
               <toDate standardDate="2011-02-17">17 février 2011</toDate>
            </dateRange>
         </cpfRelation>
         <cpfRelation xmlns:xlink="http://www.w3.org/1999/xlink"
                      cpfRelationType="associative"
                      xlink:href="FRAN_NP_013181"
                      xlink:type="simple">
            <relationEntry>Beuzelin, Viviane</relationEntry>
            <dateRange>
               <fromDate standardDate="2001-02-14">14 février 2001</fromDate>
            </dateRange>
         </cpfRelation>
         <cpfRelation xmlns:xlink="http://www.w3.org/1999/xlink"
                      cpfRelationType="associative"
                      xlink:href="FRAN_NP_013190"
                      xlink:type="simple">
            <relationEntry>Ferandes, Claire</relationEntry>
            <dateRange>
               <fromDate standardDate="2001-02-14">14 février 2001</fromDate>
            </dateRange>
         </cpfRelation>
         <cpfRelation xmlns:xlink="http://www.w3.org/1999/xlink"
                      cpfRelationType="associative"
                      xlink:href="FRAN_NP_012044"
                      xlink:type="simple">
            <relationEntry>Ferrandes, Jean Pierre</relationEntry>
            <dateRange>
               <fromDate standardDate="1978-08-03">3 août 1978</fromDate>
            </dateRange>
         </cpfRelation>
         <cpfRelation xmlns:xlink="http://www.w3.org/1999/xlink"
                      cpfRelationType="associative"
                      xlink:href="FRAN_NP_012730"
                      xlink:type="simple">
            <relationEntry>Cauchefer, Robert Firmin</relationEntry>
            <dateRange>
               <fromDate standardDate="1965-07-29">29 juillet 1965</fromDate>
               <toDate standardDate="1999-12-23">23 décembre 1999</toDate>
            </dateRange>
         </cpfRelation>
         <cpfRelation xmlns:xlink="http://www.w3.org/1999/xlink"
                      cpfRelationType="associative"
                      xlink:href="FRAN_NP_011239"
                      xlink:type="simple">
            <relationEntry>Morineau, Patricia</relationEntry>
            <dateRange>
               <fromDate standardDate="1993-11-03">3 novembre 1993</fromDate>
               <toDate standardDate="1999-01-13">13 janvier 1999</toDate>
            </dateRange>
         </cpfRelation>
         <cpfRelation xmlns:xlink="http://www.w3.org/1999/xlink"
                      cpfRelationType="associative"
                      xlink:href="FRAN_NP_011691"
                      xlink:type="simple">
            <relationEntry>Jorda, Michel</relationEntry>
            <dateRange>
               <fromDate standardDate="1993-11-03">3 novembre 1993</fromDate>
            </dateRange>
         </cpfRelation>
      </relations>
   </cpfDescription>
</eac-cpf>
