<eac-cpf xmlns="urn:isbn:1-931666-33-4"
         xmlns:xsi="http://www.w3.org/2001/XMLSchema-instance"
         xsi:schemaLocation="urn:isbn:1-931666-33-4 cpf.xsd">
   <control>
      <recordId>FRAN_NP_010005</recordId>
      <maintenanceStatus>revised</maintenanceStatus>
      <maintenanceAgency>
         <agencyName>Archives nationales de France</agencyName>
      </maintenanceAgency>
      <languageDeclaration>
         <language languageCode="fre">Français</language>
         <script scriptCode="Latn"/>
      </languageDeclaration>
      <conventionDeclaration>
         <citation>Notice établie conformément à la norme ICA-ISAAR (CPF) 2004, aux normes ISO 8601 pour le système de normalisation des dates utilisé, ainsi que AFNOR NF Z 44-061, juin 1986. Catalogage : forme et structure des vedettes noms de personne, des vedettes titres, des rubriques de classement et des titres forgés.</citation>
      </conventionDeclaration>
      <localControl localType="niveau_de_detail">
         <term>Moyenne</term>
      </localControl>
      <maintenanceHistory>
         <maintenanceEvent>
            <eventType>derived</eventType>
            <eventDateTime>2013-04-23</eventDateTime>
            <agentType>machine</agentType>
            <agent>Import_SIA</agent>
         </maintenanceEvent>
         <maintenanceEvent>
            <eventType>revised</eventType>
            <eventDateTime>2017-01-23</eventDateTime>
            <agentType>human</agentType>
            <agent>Mission.referentiels MISSION.REFERENTIELS</agent>
            <eventDescription>F. Clavaud, 23 janvier 2017 : révision sur demande de la mission premier ministre. Ajout historique et texte de référence. Création lien d'identité</eventDescription>
         </maintenanceEvent>
         <maintenanceEvent>
            <eventType>updated</eventType>
            <eventDateTime>2017-01-23</eventDateTime>
            <agentType>human</agentType>
            <agent>Mission.referentiels MISSION.REFERENTIELS</agent>
         </maintenanceEvent>
      </maintenanceHistory>
      <sources>
         <source>
            <sourceEntry>La plupart des informations ont été fournies par la mission des archives auprès des services du Premier ministre</sourceEntry>
         </source>
      </sources>
   </control>
   <cpfDescription>
      <identity>
         <entityType>corporateBody</entityType>
         <nameEntry localType="autorisée" scriptCode="Latn" xml:lang="fre">
            <part>France. Secrétariat général pour la modernisation de l'action publique (2012-....)</part>
         </nameEntry>
         <nameEntry>
            <part>SGMAP</part>
         </nameEntry>
      </identity>
      <description>
         <existDates>
            <dateRange>
               <fromDate standardDate="2012-10-30">30 octobre 2012</fromDate>
            </dateRange>
         </existDates>
         <legalStatuses>
            <legalStatus>
               <term vocabularySource="d5blonaxbw--1mt8t42bokzts">service d'administration centrale</term>
            </legalStatus>
         </legalStatuses>
         <mandates>
            <mandate>
               <descriptiveNote>
                  <p>Décret n° 2012-1198 du 30 octobre 2012 (NOR: PRMX1238104D ; ELI : https://www.legifrance.gouv.fr/eli/decret/2012/10/30/PRMX1238104D/jo/texte) portant création du secrétariat général pour la modernisation de l'action publique</p>
               </descriptiveNote>
            </mandate>
         </mandates>
         <biogHist>
            <p>Le Secrétariat général pour la modernisation de l’action publique (SGMAP), créé par décret du 30 octobre 2012, est un service du Premier ministre qui accompagne le Gouvernement dans la mise en œuvre de la réforme de l’État et soutient les administrations dans leurs projets de modernisation. Il encourage les acteurs publics à s’approprier de nouvelles manières de concevoir et mener les politiques publiques. Avec le citoyen au centre de tous ses objectifs et de ses méthodes, le SGMAP œuvre pour une action publique plus performante. Il développe et diffuse le numérique au sein de l’administration pour ajuster les services aux besoins et aux usages des citoyens.</p>
            <p>Le SGMAP est organisé en 2 grandes directions interministérielles : la Direction interministérielle pour la modernisation de l'action publique et la Direction interministérielle du numérique et du système d’information et de communication de l’Etat (DINSIC).</p>
            <p>Le SGMAP est le fruit de la fusion de plusieurs entités qui existaient précédemment : la Direction générale de la modernisation de l’Etat (DGME), créée par décret du 30 décembre 2005, la Direction interministérielle des systèmes d’information et de communication (DISIC) et la Mission Etalab, créées par décret du 21 février 2011. Ses origines plus lointaines sont à rechercher dans la Délégation à la modernisation de la gestion publique et des structures de l'Etat (DMGPSE), qui avait été instituée par le décret du 21 février 2003, la Délégation interministérielle à la réforme de l'Etat (DIRE, décret du 8 juillet 1998) et le Commissariat à la réforme de l’Etat (CRE, décret du 13 septembre 1995).</p>
         </biogHist>
      </description>
      <relations>
         <cpfRelation xmlns:xlink="http://www.w3.org/1999/xlink"
                      cpfRelationType="hierarchical-child"
                      xlink:href="FRAN_NP_010006"
                      xlink:type="simple">
            <relationEntry>Direction interministérielle pour la modernisation de l'action publique</relationEntry>
            <dateRange>
               <fromDate standardDate="2012-10-30">30 octobre 2012</fromDate>
            </dateRange>
         </cpfRelation>
         <cpfRelation xmlns:xlink="http://www.w3.org/1999/xlink"
                      cpfRelationType="hierarchical-child"
                      xlink:href="FRAN_NP_010014"
                      xlink:type="simple">
            <relationEntry>Mission « Etalab »</relationEntry>
            <dateRange>
               <fromDate standardDate="2012-10-30">30 octobre 2012</fromDate>
            </dateRange>
         </cpfRelation>
         <cpfRelation xmlns:xlink="http://www.w3.org/1999/xlink"
                      cpfRelationType="hierarchical-child"
                      xlink:href="FRAN_NP_010007"
                      xlink:type="simple">
            <relationEntry>Direction interministérielle des systèmes d'information et de communication de l'État</relationEntry>
            <dateRange>
               <fromDate standardDate="2012-10-30">30 octobre 2012</fromDate>
            </dateRange>
         </cpfRelation>
         <cpfRelation xmlns:xlink="http://www.w3.org/1999/xlink"
                      cpfRelationType="hierarchical-child"
                      xlink:href="FRAN_NP_010015"
                      xlink:type="simple">
            <relationEntry>France. Secrétariat général pour la modernisation de l'action publique (2012-....). Mission « synthèse et soutien »</relationEntry>
            <dateRange>
               <fromDate standardDate="2012-10-30">30 octobre 2012</fromDate>
            </dateRange>
         </cpfRelation>
         <cpfRelation xmlns:xlink="http://www.w3.org/1999/xlink"
                      cpfRelationType="hierarchical-child"
                      xlink:href="FRAN_NP_010013"
                      xlink:type="simple">
            <relationEntry>France. Secrétariat général pour la modernisation de l'action publique (2012-....). Service « coordination »</relationEntry>
            <dateRange>
               <fromDate standardDate="2012-10-30">30 octobre 2012</fromDate>
            </dateRange>
         </cpfRelation>
         <cpfRelation xmlns:xlink="http://www.w3.org/1999/xlink"
                      cpfRelationType="identity"
                      xlink:href="http://catalogue.bnf.fr/ark:/12148/cb16766002k"
                      xlink:type="simple">
            <relationEntry>France. Secrétariat général pour la modernisation de l'action publique</relationEntry>
            <dateRange>
               <fromDate standardDate="2012-10-30">30 octobre 2012</fromDate>
            </dateRange>
         </cpfRelation>
         <cpfRelation xmlns:xlink="http://www.w3.org/1999/xlink"
                      cpfRelationType="hierarchical-parent"
                      xlink:href="FRAN_NP_000002"
                      xlink:type="simple">
            <relationEntry>Premier ministre</relationEntry>
            <dateRange>
               <fromDate standardDate="2012-10-30">30 octobre 2012</fromDate>
            </dateRange>
         </cpfRelation>
         <cpfRelation xmlns:xlink="http://www.w3.org/1999/xlink"
                      cpfRelationType="associative"
                      xlink:href="FRAN_NP_000221"
                      xlink:type="simple">
            <relationEntry>Secrétariat général du Gouvernement</relationEntry>
            <dateRange>
               <fromDate standardDate="2012-10-30">30 octobre 2012</fromDate>
            </dateRange>
         </cpfRelation>
      </relations>
   </cpfDescription>
</eac-cpf>
