<eac-cpf xmlns="urn:isbn:1-931666-33-4"
         xmlns:xsi="http://www.w3.org/2001/XMLSchema-instance"
         xsi:schemaLocation="urn:isbn:1-931666-33-4 cpf.xsd">
   <control>
      <recordId>FRAN_NP_005330</recordId>
      <otherRecordId localType="Ancien_identifiant">5112/R</otherRecordId>
      <maintenanceStatus>revised</maintenanceStatus>
      <maintenanceAgency>
         <agencyName>Archives nationales de France</agencyName>
      </maintenanceAgency>
      <languageDeclaration>
         <language languageCode="fre">Français</language>
         <script scriptCode="Latn"/>
      </languageDeclaration>
      <conventionDeclaration>
         <citation>Notice établie conformément à la norme ICA-ISAAR (CPF) 2004, aux normes ISO 8601 pour le système de normalisation des dates utilisé, ainsi que AFNOR NF Z 44-061, juin 1986. Catalogage : forme et structure des vedettes noms de personne, des vedettes titres, des rubriques de classement et des titres forgés.</citation>
      </conventionDeclaration>
      <localControl localType="niveau_de_detail">
         <term>Moyenne</term>
      </localControl>
      <maintenanceHistory>
         <maintenanceEvent>
            <eventType>derived</eventType>
            <eventDateTime>2013-04-23</eventDateTime>
            <agentType>machine</agentType>
            <agent>Import_SIA</agent>
         </maintenanceEvent>
         <maintenanceEvent>
            <eventType>revised</eventType>
            <eventDateTime>2015-12-04</eventDateTime>
            <agentType>human</agentType>
            <agent>Marine ZELVERTE</agent>
            <eventDescription>F. Clavaud, 26 novembre 2015 : revu n° notice BnF</eventDescription>
         </maintenanceEvent>
      </maintenanceHistory>
      <sources>
         <source>
            <descriptiveNote>
               <p>Notice BnF n° FRBNF11876103</p>
            </descriptiveNote>
         </source>
      </sources>
   </control>
   <cpfDescription>
      <identity>
         <entityType>corporateBody</entityType>
         <nameEntry localType="autorisée" scriptCode="Latn" xml:lang="fre">
            <part>Ministère de la Culture et de la Communication. Service des études et recherches (1963-1986)</part>
         </nameEntry>
         <nameEntry>
            <part>Service des études et de la recherche</part>
            <useDates>
               <dateRange>
                  <fromDate standardDate="1979-01-01">1979</fromDate>
                  <toDate standardDate="1981-12-31">1981</toDate>
               </dateRange>
            </useDates>
         </nameEntry>
      </identity>
      <description>
         <existDates>
            <dateRange>
               <fromDate standardDate="1963-01-01">1963</fromDate>
               <toDate standardDate="1986-12-31">1986</toDate>
            </dateRange>
         </existDates>
         <legalStatuses>
            <legalStatus>
               <term vocabularySource="d5blonaxbw--1mt8t42bokzts">service d'administration centrale</term>
            </legalStatus>
         </legalStatuses>
         <functions>
            <function>
               <term vocabularySource="d3nyug261d--1cyxwnocz7hzo">action gouvernementale</term>
            </function>
            <function>
               <term vocabularySource="d5bhviikk9--y6te63k761ib">culture</term>
            </function>
            <function>
               <term vocabularySource="d3nyuhebkg-a4o80yedjeb">documentation</term>
            </function>
            <function>
               <term vocabularySource="d3nyuhj40k--1fa0kxxoydrws">enquête publique</term>
            </function>
            <function>
               <term vocabularySource="d3nyuic5p0-ktmsglhlnhvr">recherche</term>
            </function>
            <function>
               <term vocabularySource="d-25ub5bepd--1a98b90ydj2ye">édition</term>
            </function>
            <function>
               <term vocabularySource="d3nyuhp1um--qolq4osvi6b5">étude</term>
            </function>
         </functions>
         <biogHist>
            <p>En 1961, la Commission de l’équipement culturel et du patrimoine artistique du IVe Plan avait regretté que « pour sa tâche de planification, elle n’ait pu disposer de données précises et de chiffres sur les besoins, les structures et les budgets en matière d’action culturelle ». Deux ans plus tard, pour préparer les outils nécessaires à l’élaboration du Ve Plan, Jacques Delors, conseiller pour les affaires sociales au Commissariat général au Plan, recommande la création d’une cellule d’études et de recherches au ministère des Affaires culturelles. Cette cellule, animée par Augustin Girard (rapporteur en 1961 du groupe de travail « Action culturelle » du IVe Plan), demeure pendant une décennie une émanation du Plan à la lisière de l’administration de la rue de Valois. C’est ce qui explique que le Service Étude et Recherche (SER) fut étroitement associé aux travaux des Plans jusqu’au Xe Plan, et très particulièrement au VIe dont il assura le secrétariat.</p>
            <p/>
            <p>En 1964, le colloque de Bourges, organisé avec le soutien de l’Association d’étude pour l’expansion de la recherche scientifique (AERS), donne au service des études une certaine visibilité en rassemblant les équipes de chercheurs qui commençaient à intégrer les sciences sociales dans le processus d’élaboration des politiques culturelles. Cette rencontre permet à Augustin Girard de lancer un large programme d’études (Voir « Des chiffres pour la culture, L’expansion de la recherche scientifique, déc. 1964, n° 21, p. 3-6).</p>
            <p/>
            <p>Parallèlement se tient à Avignon, de 1964 à 1970 sous la présidence de Jean Vilar, « Les Rencontres d’Avignon ». Augustin Girard y participe activement et les résultats des travaux d’études y sont présentés et discutés (La naissance des politiques culturelles et les rencontres d’Avignon, sous la présidence de Jean Vilar (1964-1970), présenté par Philippe Poirrier, voir en particulier p.17 à 52, Comité d’histoire, La Documentation française, 1997).</p>
            <p/>
            <p>Cependant il faut attendre le soutien de la Fondation pour le développement culturel (Pierre Moinot, Paul Chaslin) et celui de la Délégation générale à la recherche scientifique et technique (Paul Delouvrier) par l’intermédiaire d’une action concertée lancée en 1974-1975 pour conforter le SER au plan budgétaire. En 1982, la multiplication par sept du budget du SER confirme cette montée en puissance.</p>
            <p/>
            <p>Durant la décennie 1970, Augustin Girard s’associe avec l’Unesco et le Conseil de l’Europe pour développer les programmes d’études du SER.</p>
         </biogHist>
      </description>
      <relations>
         <cpfRelation xmlns:xlink="http://www.w3.org/1999/xlink"
                      cpfRelationType="temporal-later"
                      xlink:href="FRAN_NP_005281"
                      xlink:type="simple">
            <relationEntry>Département des études et de la prospective (ministère de la Culture et de la Communication)</relationEntry>
            <dateRange>
               <fromDate standardDate="1986-01-01">1986</fromDate>
            </dateRange>
         </cpfRelation>
         <cpfRelation xmlns:xlink="http://www.w3.org/1999/xlink"
                      cpfRelationType="hierarchical-parent"
                      xlink:href="FRAN_NP_005331"
                      xlink:type="simple">
            <relationEntry>Direction du développement culturel</relationEntry>
            <dateRange>
               <fromDate standardDate="1979-01-01">1979</fromDate>
               <toDate standardDate="1986-12-31">1986</toDate>
            </dateRange>
         </cpfRelation>
         <resourceRelation xmlns:xlink="http://www.w3.org/1999/xlink"
                           resourceRelationType="subjectOf"
                           xlink:href="FRAN_IR_021651"
                           xlink:type="simple">
            <relationEntry localType="archival">Culture ; Direction du développement culturel ; Service études, recherche (1964-1978)</relationEntry>
         </resourceRelation>
         <resourceRelation xmlns:xlink="http://www.w3.org/1999/xlink"
                           resourceRelationType="creatorOf"
                           xlink:href="FRAN_IR_054592"
                           xlink:type="simple">
            <relationEntry localType="archival">Fonds Augustin girard, chef du SER (Service des études et recherches) puis DEP(département des études et de la prospective), du ministère de la culture et de la communication (1963-1993)</relationEntry>
         </resourceRelation>
      </relations>
   </cpfDescription>
</eac-cpf>
