<eac-cpf xmlns="urn:isbn:1-931666-33-4"
         xmlns:xsi="http://www.w3.org/2001/XMLSchema-instance"
         xsi:schemaLocation="urn:isbn:1-931666-33-4 cpf.xsd">
   <control>
      <recordId>FRAN_NP_005076</recordId>
      <otherRecordId localType="Ancien_identifiant">5103/AG</otherRecordId>
      <maintenanceStatus>revised</maintenanceStatus>
      <maintenanceAgency>
         <agencyName>Archives nationales de France</agencyName>
      </maintenanceAgency>
      <languageDeclaration>
         <language languageCode="fre">Français</language>
         <script scriptCode="Latn"/>
      </languageDeclaration>
      <conventionDeclaration>
         <citation>Notice établie conformément à la norme ICA-ISAAR (CPF) 2004, aux normes ISO 8601 pour le système de normalisation des dates utilisé, ainsi que AFNOR NF Z 44-061, juin 1986. Catalogage : forme et structure des vedettes noms de personne, des vedettes titres, des rubriques de classement et des titres forgés.</citation>
      </conventionDeclaration>
      <localControl localType="niveau_de_detail">
         <term>Complète</term>
      </localControl>
      <maintenanceHistory>
         <maintenanceEvent>
            <eventType>derived</eventType>
            <eventDateTime>2013-04-23</eventDateTime>
            <agentType>machine</agentType>
            <agent>Import_SIA</agent>
         </maintenanceEvent>
         <maintenanceEvent>
            <eventType>revised</eventType>
            <eventDateTime>2016-08-10</eventDateTime>
            <agentType>human</agentType>
            <agent>Marine ZELVERTE</agent>
         </maintenanceEvent>
         <maintenanceEvent>
            <eventType>updated</eventType>
            <eventDateTime>2017-03-17</eventDateTime>
            <agentType>human</agentType>
            <agent>Marine ZELVERTE</agent>
         </maintenanceEvent>
         <maintenanceEvent>
            <eventType>updated</eventType>
            <eventDateTime>2017-03-22</eventDateTime>
            <agentType>human</agentType>
            <agent>Mission.referentiels MISSION.REFERENTIELS</agent>
            <eventDescription>F. Clavaud, 22 mars 2017 : revu liens d'association</eventDescription>
         </maintenanceEvent>
         <maintenanceEvent>
            <eventType>revised</eventType>
            <eventDateTime>2017-04-06</eventDateTime>
            <agentType>human</agentType>
            <agent>Mission.referentiels MISSION.REFERENTIELS</agent>
         </maintenanceEvent>
         <maintenanceEvent>
            <eventType>updated</eventType>
            <eventDateTime>2017-04-06</eventDateTime>
            <agentType>human</agentType>
            <agent>Mission.referentiels MISSION.REFERENTIELS</agent>
         </maintenanceEvent>
         <maintenanceEvent>
            <eventType>updated</eventType>
            <eventDateTime>2017-04-06</eventDateTime>
            <agentType>human</agentType>
            <agent>Mission.referentiels MISSION.REFERENTIELS</agent>
         </maintenanceEvent>
         <maintenanceEvent>
            <eventType>revised</eventType>
            <eventDateTime>2017-04-19</eventDateTime>
            <agentType>human</agentType>
            <agent>Mission.referentiels MISSION.REFERENTIELS</agent>
         </maintenanceEvent>
         <maintenanceEvent>
            <eventType>updated</eventType>
            <eventDateTime>2017-04-19</eventDateTime>
            <agentType>human</agentType>
            <agent>Mission.referentiels MISSION.REFERENTIELS</agent>
            <eventDescription>F. Clavaud, 19 avril 2017 : recréé liens hiérarchiques, revu liens d'association</eventDescription>
         </maintenanceEvent>
      </maintenanceHistory>
      <sources>
         <source>
            <sourceEntry>Bottin administratif</sourceEntry>
         </source>
      </sources>
   </control>
   <cpfDescription>
      <identity>
         <entityType>corporateBody</entityType>
         <nameEntry localType="autorisée" scriptCode="Latn" xml:lang="fre">
            <part>France. Direction du Livre et de la Lecture. Bureau des affaires générales (1976-2010)</part>
         </nameEntry>
         <nameEntry>
            <part>Bureau des affaires administratives et financières</part>
            <useDates>
               <dateRange>
                  <fromDate standardDate="1976-01-01">1976</fromDate>
                  <toDate standardDate="1979-12-31">1979</toDate>
               </dateRange>
            </useDates>
         </nameEntry>
         <nameEntry>
            <part>DL 1</part>
            <useDates>
               <dateRange>
                  <fromDate standardDate="1976-01-01">1976</fromDate>
                  <toDate standardDate="1979-12-31">1979</toDate>
               </dateRange>
            </useDates>
         </nameEntry>
         <nameEntry>
            <part>L 1</part>
            <useDates>
               <dateRange>
                  <fromDate standardDate="1980-01-01">1980</fromDate>
                  <toDate standardDate="1985-12-31">1985</toDate>
               </dateRange>
            </useDates>
         </nameEntry>
         <nameEntry>
            <part>Bureau du personnel et des affaires financières</part>
            <useDates>
               <dateRange>
                  <fromDate standardDate="1980-01-01">1980</fromDate>
                  <toDate standardDate="1987-05-20">20 mai 1987</toDate>
               </dateRange>
            </useDates>
         </nameEntry>
         <nameEntry>
            <part>Bureau des affaires générales</part>
            <useDates>
               <dateRange>
                  <fromDate standardDate="1987-05-21">21 mai 1987</fromDate>
                  <toDate standardDate="2010-01-12">12 janvier 2010</toDate>
               </dateRange>
            </useDates>
         </nameEntry>
      </identity>
      <description>
         <existDates>
            <dateRange>
               <fromDate standardDate="1976-01-01">1976</fromDate>
               <toDate standardDate="2010-01-12">12 janvier 2010</toDate>
            </dateRange>
         </existDates>
         <legalStatuses>
            <legalStatus>
               <term vocabularySource="d5blonaxbw--1mt8t42bokzts">service d'administration centrale</term>
            </legalStatus>
         </legalStatuses>
         <functions>
            <function>
               <term vocabularySource="d699mt04l2e-11irz3oq76rim">contrôle de gestion</term>
            </function>
            <function>
               <term vocabularySource="d3nyugzvf8-1nwn3i74v5spq">contrôle financier</term>
            </function>
            <function>
               <term vocabularySource="d3nyuhebkg-a4o80yedjeb">documentation</term>
            </function>
            <function>
               <term vocabularySource="d5bhvii5wk-c5ead6thqj5l">exécution budgétaire</term>
            </function>
            <function>
               <term vocabularySource="d5bhvijq5z-zaaj99p5tmch">gestion du personnel</term>
            </function>
            <function>
               <term vocabularySource="d5bhvijcl3--1u6l4sy8b51az">préparation budgétaire</term>
            </function>
            <function>
               <term vocabularySource="d3nyuich4a--1xmt90d5s8n8k">recrutement</term>
            </function>
            <function>
               <term vocabularySource="d3nyuhrig1--3acyzmp9v988">formation</term>
               <dateRange>
                  <fromDate standardDate="2000-01-01">2000</fromDate>
                  <toDate standardDate="2010-01-12">12 janvier 2010</toDate>
               </dateRange>
            </function>
            <function>
               <term vocabularySource="d3nyugtbte--13rem7tfg1o1y">contentieux</term>
               <dateRange>
                  <fromDate standardDate="1976-01-01">1976</fromDate>
                  <toDate standardDate="1983-12-31">1983</toDate>
               </dateRange>
            </function>
         </functions>
         <mandates>
            <mandate>
               <descriptiveNote>
                  <p>Décret n°75-1218 du 23 décembre 1975 portant création d'une direction du Livre au Secrétariat d'État à la Culture (https://www.legifrance.gouv.fr/affichTexte.do?cidTexte=JORFTEXT000000500773&amp;fastPos=8&amp;fastReqId=470684282&amp;categorieLien=id&amp;oldAction=rechTexte)</p>
                  <p>Arrêté du 16 février 1987 relatif à l'organisation de la direction du Livre et de la Lecture (https://www.legifrance.gouv.fr/affichTexte.do?cidTexte=JORFTEXT000000843367&amp;fastPos=1&amp;fastReqId=881062634&amp;categorieLien=id&amp;oldAction=rechTexte)</p>
                  <p>Arrêtés du 9 mai 1995 relatifs à l'organisation de la direction du Livre et de la Lecture (https://www.legifrance.gouv.fr/affichTexte.do?cidTexte=JORFTEXT000000353930&amp;fastPos=41&amp;fastReqId=720883689&amp;categorieLien=id&amp;oldAction=rechTexte)</p>
                  <p>Décret n° 2009-1393 du 11 novembre 2009 relatif aux missions et à l'organisation de l'administration centrale du ministère de la culture et de la communication (https://www.legifrance.gouv.fr/affichTexte.do?cidTexte=JORFTEXT000021262661&amp;fastPos=1&amp;fastReqId=1165052470&amp;categorieLien=id&amp;oldAction=rechTexte)</p>
               </descriptiveNote>
            </mandate>
         </mandates>
         <biogHist>
            <p>
               <span style="underline">Historique :</span>
            </p>
            <p>Un bureau des affaires administratives et financières apparaît suite au décret du 23 décembre 1975, qui crée à compter du 1er janvier 1976 la direction du Livre (DL). Il fait partie d'une division des affaires générales. </p>
            <p>Vers 1980, il change de nom et devient le bureau du personnel et des affaires financières, sans que ses prérogatives évoluent. Avec l'arrêté du 16 février 1987, il prend le nom de bureau des affaires générales.</p>
            <p>Il disparaît suite au décret du 11 novembre 2009 (entré en vigueur le 13 janvier 2010) qui redéfinit l'organisation du ministère en réduisant le nombre des directions à trois.</p>
            <p/>
            <p>
               <span style="underline">Missions :</span>
            </p>
            <p>Le bureau des affaires générales gère les moyens humains, financiers et matériels de la direction du livre et de la lecture et contribue au suivi des questions relatives aux personnels des bibliothèques. Il a en charge les questions suivantes :</p>
            <list>
               <item>Affaires financières : préparation et exécution du budget, engagement, ordonnancement et délégation des crédits (rémunération, fonctionnement, équipement, recherche), fonds de concours, missions et déplacements, frais de tournées, affaires financières d'ordre général, contrôle de gestion ;</item>
               <item>Personnel : gestion des personnels techniques et spécifiques de bibliothèques (en liaison avec le service des bibliothèques du ministère des Universités, puis la direction des bibliothèques, des musées et de l'information scientifique et technique du ministère de l'Éducation nationale à partir de 1982), suivi des personnels administratifs des services extérieurs et établissements publics sous tutelle (en liaison avec la direction de l'administration générale), recrutements, carrières, secrétariat du comité technique paritaire, suivi des problèmes statutaires, hygiène et sécurité, affaires sociales, gestion prévisionnelle des effectifs, des emplois et des carrières (2007-2010) ;</item>
               <item>Documentation administrative (jusqu'en 1986), Centre de documentation à partir de 2008 ; </item>
               <item>Contentieux (jusqu'en 1983) ; </item>
               <item>Organisation et méthodes (jusqu'en 1983) ;</item>
               <item>Distinctions honorifiques (1982-1983).</item>
               <item>À partir de 1995 (disparition du bureau de la tutelle et des projets nationaux suite à l'arrêté du 9 mai 1995), suivi administratif et financier des établissements publics placés sous la tutelle de la direction du livre et de la lecture (BnF, CNL, BPI) ;</item>
               <item>Formation : suivi de la formation des personnels de bibliothèques, plan de formation de la direction du livre et de la lecture (à partir de 2000).</item>
            </list>
         </biogHist>
      </description>
      <relations>
         <cpfRelation xmlns:xlink="http://www.w3.org/1999/xlink"
                      cpfRelationType="temporal-earlier"
                      xlink:href="FRAN_NP_003530"
                      xlink:type="simple">
            <relationEntry>France. Direction des bibliothèques et de la lecture publique. Division des services administratifs. Bureau des affaires générales (1965-1975)</relationEntry>
            <dateRange>
               <fromDate standardDate="1976-01-01">1976</fromDate>
            </dateRange>
         </cpfRelation>
         <cpfRelation xmlns:xlink="http://www.w3.org/1999/xlink"
                      cpfRelationType="temporal-earlier"
                      xlink:href="FRAN_NP_003531"
                      xlink:type="simple">
            <relationEntry>France. Direction des bibliothèques et de la lecture publique. Bureau du personnel (1945-1975)</relationEntry>
            <dateRange>
               <fromDate standardDate="1976-01-01">1976</fromDate>
            </dateRange>
         </cpfRelation>
         <cpfRelation xmlns:xlink="http://www.w3.org/1999/xlink"
                      cpfRelationType="associative"
                      xlink:href="FRAN_NP_005075"
                      xlink:type="simple">
            <relationEntry>Centre national du livre (France)</relationEntry>
            <dateRange>
               <fromDate standardDate="1976-01-01">1976</fromDate>
               <toDate standardDate="2010-01-12">12 janvier 2010</toDate>
            </dateRange>
            <descriptiveNote>
               <p>@isFunctionnallyLinkedTo@</p>
            </descriptiveNote>
         </cpfRelation>
         <cpfRelation xmlns:xlink="http://www.w3.org/1999/xlink"
                      cpfRelationType="associative"
                      xlink:href="FRAN_NP_005074"
                      xlink:type="simple">
            <relationEntry>Bibliothèque nationale (France)</relationEntry>
            <dateRange>
               <fromDate standardDate="1981-06-06">6 juin 1981</fromDate>
               <toDate standardDate="1993-12-31">1993</toDate>
            </dateRange>
            <descriptiveNote>
               <p> @isFunctionnallyLinkedTo@ </p>
            </descriptiveNote>
         </cpfRelation>
         <cpfRelation xmlns:xlink="http://www.w3.org/1999/xlink"
                      cpfRelationType="temporal-earlier"
                      xlink:href="FRAN_NP_005777"
                      xlink:type="simple">
            <relationEntry>France. Direction du Livre et de la Lecture. Sous-direction des affaires générales (1976-1987)</relationEntry>
            <dateRange>
               <fromDate standardDate="1987-05-21">21 mai 1987</fromDate>
            </dateRange>
         </cpfRelation>
         <cpfRelation xmlns:xlink="http://www.w3.org/1999/xlink"
                      cpfRelationType="associative"
                      xlink:href="FRAN_NP_005282"
                      xlink:type="simple">
            <relationEntry>France. Ministère de la Culture et de la Communication. Direction de l'administration générale (1959-2010)</relationEntry>
            <dateRange>
               <fromDate standardDate="1976-01-01">1976</fromDate>
               <toDate standardDate="2010-01-12">12 janvier 2010</toDate>
            </dateRange>
            <descriptiveNote>
               <p>@isFunctionnallyLinkedTo@</p>
            </descriptiveNote>
         </cpfRelation>
         <cpfRelation xmlns:xlink="http://www.w3.org/1999/xlink"
                      cpfRelationType="associative"
                      xlink:href="FRAN_NP_005422"
                      xlink:type="simple">
            <relationEntry>Bibliothèque publique d'information</relationEntry>
            <dateRange>
               <fromDate standardDate="1976-01-29">29 janvier 1976</fromDate>
               <toDate standardDate="2010-01-12">12 janvier 2010</toDate>
            </dateRange>
            <descriptiveNote>
               <p>@isFunctionnallyLinkedTo@</p>
            </descriptiveNote>
         </cpfRelation>
         <cpfRelation xmlns:xlink="http://www.w3.org/1999/xlink"
                      cpfRelationType="associative"
                      xlink:href="FRAN_NP_051355"
                      xlink:type="simple">
            <relationEntry>Bibliothèque nationale de France (1994-....)</relationEntry>
            <dateRange>
               <fromDate standardDate="1994-01-01">1994</fromDate>
               <toDate standardDate="2010-01-12">12 janvier 2010</toDate>
            </dateRange>
            <descriptiveNote>
               <p> @isFunctionnallyLinkedTo@ </p>
            </descriptiveNote>
         </cpfRelation>
         <cpfRelation xmlns:xlink="http://www.w3.org/1999/xlink"
                      cpfRelationType="hierarchical-parent"
                      xlink:href="FRAN_NP_005777"
                      xlink:type="simple">
            <relationEntry>France. Direction du Livre et de la Lecture. Sous-direction des affaires générales (1976-1987)</relationEntry>
            <dateRange>
               <fromDate standardDate="1976-01-01">1976</fromDate>
               <toDate standardDate="1987-05-20">20 mai 1987</toDate>
            </dateRange>
            <descriptiveNote>
               <p>@isPartOf@</p>
            </descriptiveNote>
         </cpfRelation>
         <cpfRelation xmlns:xlink="http://www.w3.org/1999/xlink"
                      cpfRelationType="hierarchical-parent"
                      xlink:href="FRAN_NP_005099"
                      xlink:type="simple">
            <relationEntry>France. Ministère de la Culture et de la Communication. Direction du Livre et de la Lecture (1976-2010)</relationEntry>
            <dateRange>
               <fromDate standardDate="1987-05-21">21 mai 1987</fromDate>
               <toDate standardDate="2010-01-12">12 janvier 2010</toDate>
            </dateRange>
            <descriptiveNote>
               <p>@isPartOf@</p>
            </descriptiveNote>
         </cpfRelation>
         <cpfRelation xmlns:xlink="http://www.w3.org/1999/xlink"
                      cpfRelationType="temporal-later"
                      xlink:href="FRAN_NP_005624"
                      xlink:type="simple">
            <relationEntry>Département des affaires financières et générales (direction générale des médias et des industries culturelles)</relationEntry>
            <dateRange>
               <fromDate standardDate="2010-01-13">13 janvier 2010</fromDate>
            </dateRange>
         </cpfRelation>
         <resourceRelation xmlns:xlink="http://www.w3.org/1999/xlink"
                           resourceRelationType="creatorOf"
                           xlink:href="FRAN_IR_013530"
                           xlink:type="simple">
            <relationEntry localType="archival">Culture ; Direction du livre et de la lecture ; Division affaires générales (1975-1979) ; Sous-Direction affaires générales, droit d'auteur (1980) - Sous-Direction affaires générales (1981-1986) - Bureau affaires générales (1987-) (1996)</relationEntry>
         </resourceRelation>
      </relations>
   </cpfDescription>
</eac-cpf>
