<eac-cpf xmlns="urn:isbn:1-931666-33-4"
         xmlns:xsi="http://www.w3.org/2001/XMLSchema-instance"
         xsi:schemaLocation="urn:isbn:1-931666-33-4 cpf.xsd">
   <control>
      <recordId>FRAN_NP_010206</recordId>
      <otherRecordId localType="Ancien_identifiant">FRDAFANCH00MC_NAETUDE_079</otherRecordId>
      <maintenanceStatus>derived</maintenanceStatus>
      <maintenanceAgency>
         <agencyName>Archives nationales de France</agencyName>
      </maintenanceAgency>
      <languageDeclaration>
         <language languageCode="fre">Français</language>
         <script scriptCode="Latn"/>
      </languageDeclaration>
      <conventionDeclaration>
         <citation>Notice établie conformément à la norme ICA-ISAAR (CPF) 2004, aux normes ISO 8601 pour le système de normalisation des dates utilisé, ainsi que AFNOR NF Z 44-061, juin 1986. Catalogage : forme et structure des vedettes noms de personne, des vedettes titres, des rubriques de classement et des titres forgés.</citation>
      </conventionDeclaration>
      <localControl localType="niveau_de_detail">
         <term>Moyenne</term>
      </localControl>
      <maintenanceHistory>
         <maintenanceEvent>
            <eventType>derived</eventType>
            <eventDateTime>2013-04-23</eventDateTime>
            <agentType>machine</agentType>
            <agent>Migration ETANOT</agent>
         </maintenanceEvent>
      </maintenanceHistory>
   </control>
   <cpfDescription>
      <identity>
         <entityType>corporateBody</entityType>
         <nameEntry localType="autorisée" scriptCode="Latn" xml:lang="fre">
            <part>Etude LXXIX</part>
         </nameEntry>
         <nameEntry>
            <part>75206</part>
         </nameEntry>
      </identity>
      <description>
         <existDates>
            <dateRange>
               <fromDate standardDate="1729-01-01">1729</fromDate>
            </dateRange>
         </existDates>
         <places>
            <place>
               <placeRole>Lieu de Paris</placeRole>
               <placeEntry localType="nomLieu">122, rue La Boétie, 75008 PARIS</placeEntry>
            </place>
         </places>
         <functions>
            <function>
               <term vocabularySource="d3nyui3o8w--11y7jgy8q3wnt">notaire à paris</term>
               <dateRange>
                  <fromDate standardDate="1729-01-01">1729</fromDate>
                  <toDate/>
               </dateRange>
            </function>
         </functions>
         <biogHist>
            <p>Étude de la rue Saint-Honoré (paroisse Saint-Roch), depuis 1729, elle se fixe rue des Pyramides en 1879.</p>
         </biogHist>
      </description>
      <relations>
         <cpfRelation xmlns:xlink="http://www.w3.org/1999/xlink"
                      cpfRelationType="associative"
                      xlink:href="FRAN_NP_010375"
                      xlink:type="simple">
            <relationEntry>Vigier, Léon Jean Baptiste</relationEntry>
            <dateRange>
               <fromDate standardDate="1904-08-03">3 août 1904</fromDate>
               <toDate standardDate="1931-12-09">9 décembre 1931</toDate>
            </dateRange>
         </cpfRelation>
         <cpfRelation xmlns:xlink="http://www.w3.org/1999/xlink"
                      cpfRelationType="associative"
                      xlink:href="FRAN_NP_010376"
                      xlink:type="simple">
            <relationEntry>Vigier, Pierre Emile</relationEntry>
            <dateRange>
               <fromDate standardDate="1931-12-09">9 décembre 1931</fromDate>
               <toDate standardDate="1968-01-10">10 janvier 1968</toDate>
            </dateRange>
         </cpfRelation>
         <cpfRelation xmlns:xlink="http://www.w3.org/1999/xlink"
                      cpfRelationType="associative"
                      xlink:href="FRAN_NP_011344"
                      xlink:type="simple">
            <relationEntry>Langlard, François de</relationEntry>
            <dateRange>
               <fromDate standardDate="1729-04-12">12 avril 1729</fromDate>
               <toDate standardDate="1767-09-25">25 septembre 1767</toDate>
            </dateRange>
         </cpfRelation>
         <cpfRelation xmlns:xlink="http://www.w3.org/1999/xlink"
                      cpfRelationType="associative"
                      xlink:href="FRAN_NP_012649"
                      xlink:type="simple">
            <relationEntry>Chevalier, Jean Daniel Henri Emile</relationEntry>
            <dateRange>
               <fromDate standardDate="1968-01-10">10 janvier 1968</fromDate>
               <toDate standardDate="1981-07-23">23 juillet 1981</toDate>
            </dateRange>
         </cpfRelation>
         <cpfRelation xmlns:xlink="http://www.w3.org/1999/xlink"
                      cpfRelationType="associative"
                      xlink:href="FRAN_NP_012646"
                      xlink:type="simple">
            <relationEntry>Castel, Jean</relationEntry>
            <dateRange>
               <fromDate standardDate="1786-07-15">15 juillet 1786</fromDate>
               <toDate standardDate="1797-12-02">2 décembre 1797</toDate>
            </dateRange>
         </cpfRelation>
         <cpfRelation xmlns:xlink="http://www.w3.org/1999/xlink"
                      cpfRelationType="associative"
                      xlink:href="FRAN_NP_013271"
                      xlink:type="simple">
            <relationEntry>Gdalia, Victor Simah</relationEntry>
            <dateRange>
               <fromDate standardDate="2005-12-27">27 décembre 2005</fromDate>
            </dateRange>
         </cpfRelation>
         <cpfRelation xmlns:xlink="http://www.w3.org/1999/xlink"
                      cpfRelationType="associative"
                      xlink:href="FRAN_NP_012850"
                      xlink:type="simple">
            <relationEntry>Benhamou, Jacques</relationEntry>
            <dateRange>
               <fromDate standardDate="1981-07-23">23 juillet 1981</fromDate>
               <toDate standardDate="2009-05-26">26 mai 2009</toDate>
            </dateRange>
         </cpfRelation>
         <cpfRelation xmlns:xlink="http://www.w3.org/1999/xlink"
                      cpfRelationType="associative"
                      xlink:href="FRAN_NP_010649"
                      xlink:type="simple">
            <relationEntry>Rendu, Sébastien-Louis</relationEntry>
            <dateRange>
               <fromDate standardDate="1767-09-26">26 septembre 1767</fromDate>
               <toDate standardDate="1786-07-14">14 juillet 1786</toDate>
            </dateRange>
         </cpfRelation>
         <cpfRelation xmlns:xlink="http://www.w3.org/1999/xlink"
                      cpfRelationType="associative"
                      xlink:href="FRAN_NP_011782"
                      xlink:type="simple">
            <relationEntry>Hochon, Gabriel-Eloi</relationEntry>
            <dateRange>
               <fromDate standardDate="1838-06-19">19 juin 1838</fromDate>
               <toDate standardDate="1843-03-21">21 mars 1843</toDate>
            </dateRange>
         </cpfRelation>
         <cpfRelation xmlns:xlink="http://www.w3.org/1999/xlink"
                      cpfRelationType="associative"
                      xlink:href="FRAN_NP_013272"
                      xlink:type="simple">
            <relationEntry>Levy, Thomas Moïse Emile</relationEntry>
            <dateRange>
               <fromDate standardDate="2005-12-27">27 décembre 2005</fromDate>
            </dateRange>
         </cpfRelation>
         <cpfRelation xmlns:xlink="http://www.w3.org/1999/xlink"
                      cpfRelationType="associative"
                      xlink:href="FRAN_NP_012647"
                      xlink:type="simple">
            <relationEntry>Chardon, Théodore-Frédéric</relationEntry>
            <dateRange>
               <fromDate standardDate="1855-11-22">22 novembre 1855</fromDate>
               <toDate standardDate="1866-10-17">17 octobre 1866</toDate>
            </dateRange>
         </cpfRelation>
         <cpfRelation xmlns:xlink="http://www.w3.org/1999/xlink"
                      cpfRelationType="associative"
                      xlink:href="FRAN_NP_012648"
                      xlink:type="simple">
            <relationEntry>Chaulin, Isidore-François</relationEntry>
            <dateRange>
               <fromDate standardDate="1820-06-22">22 juin 1820</fromDate>
               <toDate standardDate="1831-07-15">15 juillet 1831</toDate>
            </dateRange>
         </cpfRelation>
         <cpfRelation xmlns:xlink="http://www.w3.org/1999/xlink"
                      cpfRelationType="associative"
                      xlink:href="FRAN_NP_011149"
                      xlink:type="simple">
            <relationEntry>Mertian, Henry</relationEntry>
            <dateRange>
               <fromDate standardDate="1843-03-21">21 mars 1843</fromDate>
               <toDate standardDate="1855-11-22">22 novembre 1855</toDate>
            </dateRange>
         </cpfRelation>
         <cpfRelation xmlns:xlink="http://www.w3.org/1999/xlink"
                      cpfRelationType="associative"
                      xlink:href="FRAN_NP_010895"
                      xlink:type="simple">
            <relationEntry>Perrin, Dominique</relationEntry>
            <dateRange>
               <fromDate standardDate="1831-07-15">15 juillet 1831</fromDate>
               <toDate standardDate="1838-06-19">19 juin 1838</toDate>
            </dateRange>
         </cpfRelation>
         <cpfRelation xmlns:xlink="http://www.w3.org/1999/xlink"
                      cpfRelationType="associative"
                      xlink:href="FRAN_NP_010939"
                      xlink:type="simple">
            <relationEntry>Pinguet, Edme-Emile</relationEntry>
            <dateRange>
               <fromDate standardDate="1866-10-17">17 octobre 1866</fromDate>
               <toDate standardDate="1904-08-03">3 août 1904</toDate>
            </dateRange>
         </cpfRelation>
         <cpfRelation xmlns:xlink="http://www.w3.org/1999/xlink"
                      cpfRelationType="associative"
                      xlink:href="FRAN_NP_012333"
                      xlink:type="simple">
            <relationEntry>Dunays, Vincent</relationEntry>
            <dateRange>
               <fromDate standardDate="1797-12-02">2 décembre 1797</fromDate>
               <toDate standardDate="1820-06-22">22 juin 1820</toDate>
            </dateRange>
         </cpfRelation>
         <resourceRelation xmlns:xlink="http://www.w3.org/1999/xlink"
                           resourceRelationType="subjectOf"
                           xlink:href="FRAN_IR_042731"
                           xlink:type="simple">
            <relationEntry localType="archival">Minutes et répertoires du notaire Isidore François CHAULIN, 22 juin 1820 - 15 juillet 1831 (étude LXXIX)</relationEntry>
         </resourceRelation>
         <resourceRelation xmlns:xlink="http://www.w3.org/1999/xlink"
                           resourceRelationType="subjectOf"
                           xlink:href="FRAN_IR_042730"
                           xlink:type="simple">
            <relationEntry localType="archival">Minutes et répertoires du notaire Vincent DUNAYS, 2 décembre 1797 - 22 juin 1820 (étude LXXIX)</relationEntry>
         </resourceRelation>
         <resourceRelation xmlns:xlink="http://www.w3.org/1999/xlink"
                           resourceRelationType="subjectOf"
                           xlink:href="FRAN_IR_042732"
                           xlink:type="simple">
            <relationEntry localType="archival">Minutes et répertoires du notaire Dominique PERRIN, 15 juillet 1831 - 19 juin 1838 (étude LXXIX)</relationEntry>
         </resourceRelation>
         <resourceRelation xmlns:xlink="http://www.w3.org/1999/xlink"
                           resourceRelationType="subjectOf"
                           xlink:href="FRAN_IR_042733"
                           xlink:type="simple">
            <relationEntry localType="archival">Minutes et répertoires du notaire Gabriel Éloi HOCHON, 19 juin 1838 - 21 mars 1843 (étude LXXIX)</relationEntry>
         </resourceRelation>
         <resourceRelation xmlns:xlink="http://www.w3.org/1999/xlink"
                           resourceRelationType="subjectOf"
                           xlink:href="FRAN_IR_042736"
                           xlink:type="simple">
            <relationEntry localType="archival">Minutes et répertoires du notaire Edme Émile PINGUET, 17 octobre 1866 - 27 mai 1896 (étude LXXIX)</relationEntry>
         </resourceRelation>
         <resourceRelation xmlns:xlink="http://www.w3.org/1999/xlink"
                           resourceRelationType="creatorOf"
                           xlink:href="FRAN_IR_052405"
                           xlink:type="simple">
            <relationEntry localType="archival">Images des répertoires du notaire François de Langlard pour l'étude LXXIX</relationEntry>
         </resourceRelation>
         <resourceRelation xmlns:xlink="http://www.w3.org/1999/xlink"
                           resourceRelationType="creatorOf"
                           xlink:href="FRAN_IR_052408"
                           xlink:type="simple">
            <relationEntry localType="archival">Images des répertoires du notaire Dominique Perrin pour l'étude LXXIX</relationEntry>
         </resourceRelation>
         <resourceRelation xmlns:xlink="http://www.w3.org/1999/xlink"
                           resourceRelationType="creatorOf"
                           xlink:href="FRAN_IR_052404"
                           xlink:type="simple">
            <relationEntry localType="archival">Images des répertoires du notaire Gabriel Eloi Hochon pour l'étude LXXIX</relationEntry>
         </resourceRelation>
         <resourceRelation xmlns:xlink="http://www.w3.org/1999/xlink"
                           resourceRelationType="creatorOf"
                           xlink:href="FRAN_IR_052406"
                           xlink:type="simple">
            <relationEntry localType="archival">Images des répertoires du notaire Henry Mertian pour l'étude LXXIX</relationEntry>
         </resourceRelation>
         <resourceRelation xmlns:xlink="http://www.w3.org/1999/xlink"
                           resourceRelationType="creatorOf"
                           xlink:href="FRAN_IR_052419"
                           xlink:type="simple">
            <relationEntry localType="archival">Images des répertoires du notaire Théodore Frédéric Chardon pour l'étude LXXIX</relationEntry>
         </resourceRelation>
         <resourceRelation xmlns:xlink="http://www.w3.org/1999/xlink"
                           resourceRelationType="creatorOf"
                           xlink:href="FRAN_IR_052407"
                           xlink:type="simple">
            <relationEntry localType="archival">Images des répertoires du notaire Edme Emile Pinguet pour l'étude LXXIX</relationEntry>
         </resourceRelation>
         <resourceRelation xmlns:xlink="http://www.w3.org/1999/xlink"
                           resourceRelationType="creatorOf"
                           xlink:href="FRAN_IR_052410"
                           xlink:type="simple">
            <relationEntry localType="archival">Images du répertoire du notaire Sébastien Louis Rendu pour l'étude LXXIX</relationEntry>
         </resourceRelation>
         <resourceRelation xmlns:xlink="http://www.w3.org/1999/xlink"
                           resourceRelationType="creatorOf"
                           xlink:href="FRAN_IR_055773"
                           xlink:type="simple">
            <relationEntry localType="archival">Images des répertoires du notaire Jean Castel pour l'étude LXXIX</relationEntry>
         </resourceRelation>
         <resourceRelation xmlns:xlink="http://www.w3.org/1999/xlink"
                           resourceRelationType="creatorOf"
                           xlink:href="FRAN_IR_055774"
                           xlink:type="simple">
            <relationEntry localType="archival">Images des répertoires du notaire Vincent Dunays pour l'étude LXXIX</relationEntry>
         </resourceRelation>
         <resourceRelation xmlns:xlink="http://www.w3.org/1999/xlink"
                           resourceRelationType="creatorOf"
                           xlink:href="FRAN_IR_055777"
                           xlink:type="simple">
            <relationEntry localType="archival">Images des répertoires du notaire Isidore François Chaulin pour l'étude LXXIX</relationEntry>
         </resourceRelation>
         <resourceRelation xmlns:xlink="http://www.w3.org/1999/xlink"
                           resourceRelationType="creatorOf"
                           xlink:href="FRAN_IR_042726"
                           xlink:type="simple">
            <relationEntry localType="archival">Archives de l'étude LXXIX</relationEntry>
         </resourceRelation>
         <resourceRelation xmlns:xlink="http://www.w3.org/1999/xlink"
                           resourceRelationType="creatorOf"
                           xlink:href="FRAN_IR_042734"
                           xlink:type="simple">
            <relationEntry localType="archival">Minutes et répertoires du notaire Henry MERTIAN, 21 mars 1843 - 22 novembre 1855 (étude LXXIX)</relationEntry>
         </resourceRelation>
      </relations>
   </cpfDescription>
</eac-cpf>
