<eac-cpf xmlns="urn:isbn:1-931666-33-4"
         xmlns:xsi="http://www.w3.org/2001/XMLSchema-instance"
         xsi:schemaLocation="urn:isbn:1-931666-33-4 cpf.xsd">
   <control>
      <recordId>FRAN_NP_010152</recordId>
      <otherRecordId localType="Ancien_identifiant">FRDAFANCH00MC_NAETUDE_025</otherRecordId>
      <maintenanceStatus>derived</maintenanceStatus>
      <maintenanceAgency>
         <agencyName>Archives nationales de France</agencyName>
      </maintenanceAgency>
      <languageDeclaration>
         <language languageCode="fre">Français</language>
         <script scriptCode="Latn"/>
      </languageDeclaration>
      <conventionDeclaration>
         <citation>Notice établie conformément à la norme ICA-ISAAR (CPF) 2004, aux normes ISO 8601 pour le système de normalisation des dates utilisé, ainsi que AFNOR NF Z 44-061, juin 1986. Catalogage : forme et structure des vedettes noms de personne, des vedettes titres, des rubriques de classement et des titres forgés.</citation>
      </conventionDeclaration>
      <localControl localType="niveau_de_detail">
         <term>Moyenne</term>
      </localControl>
      <maintenanceHistory>
         <maintenanceEvent>
            <eventType>derived</eventType>
            <eventDateTime>2013-04-23</eventDateTime>
            <agentType>machine</agentType>
            <agent>Migration ETANOT</agent>
         </maintenanceEvent>
      </maintenanceHistory>
   </control>
   <cpfDescription>
      <identity>
         <entityType>corporateBody</entityType>
         <nameEntry localType="autorisée" scriptCode="Latn" xml:lang="fre">
            <part>Etude XXV</part>
         </nameEntry>
         <nameEntry>
            <part>75065</part>
         </nameEntry>
      </identity>
      <description>
         <existDates>
            <dateRange>
               <fromDate standardDate="1680-01-01">1680</fromDate>
            </dateRange>
         </existDates>
         <places>
            <place>
               <placeRole>Lieu de Paris</placeRole>
               <placeEntry localType="nomLieu">140, bd Haussmann, 75008 PARIS</placeEntry>
            </place>
         </places>
         <functions>
            <function>
               <term vocabularySource="d3nyui3o8w--11y7jgy8q3wnt">notaire à paris</term>
               <dateRange>
                  <fromDate standardDate="1680-01-01">1680</fromDate>
                  <toDate/>
               </dateRange>
            </function>
         </functions>
         <biogHist>
            <p>Ancien notariat du Roule, rattaché à Paris en 1790, cette étude est installée rue Saint-Honoré au XIXème siècle (1827-1864), puis rue du Faubourg Saint-Honoré où elle est restée depuis.</p>
         </biogHist>
      </description>
      <relations>
         <cpfRelation xmlns:xlink="http://www.w3.org/1999/xlink"
                      cpfRelationType="associative"
                      xlink:href="FRAN_NP_010311"
                      xlink:type="simple">
            <relationEntry>Yver, Julien-François</relationEntry>
            <dateRange>
               <fromDate standardDate="1841-01-13">13 janvier 1841</fromDate>
               <toDate standardDate="1867-07-19">19 juillet 1867</toDate>
            </dateRange>
         </cpfRelation>
         <cpfRelation xmlns:xlink="http://www.w3.org/1999/xlink"
                      cpfRelationType="associative"
                      xlink:href="FRAN_NP_010927"
                      xlink:type="simple">
            <relationEntry>Picot, Gilles</relationEntry>
            <dateRange>
               <fromDate standardDate="1689-01-01">1er janvier 1689</fromDate>
               <toDate standardDate="1699-10-24">24 octobre 1699</toDate>
            </dateRange>
         </cpfRelation>
         <cpfRelation xmlns:xlink="http://www.w3.org/1999/xlink"
                      cpfRelationType="associative"
                      xlink:href="FRAN_NP_010971"
                      xlink:type="simple">
            <relationEntry>Poletnich, Ernest-Charles</relationEntry>
            <dateRange>
               <fromDate standardDate="1867-07-19">19 juillet 1867</fromDate>
               <toDate standardDate="1896-12-23">23 décembre 1896</toDate>
            </dateRange>
         </cpfRelation>
         <cpfRelation xmlns:xlink="http://www.w3.org/1999/xlink"
                      cpfRelationType="associative"
                      xlink:href="FRAN_NP_011323"
                      xlink:type="simple">
            <relationEntry>Lamare, Adrien</relationEntry>
            <dateRange>
               <fromDate standardDate="1773-04-26">26 avril 1773</fromDate>
               <toDate standardDate="1811-03-02">2 mars 1811</toDate>
            </dateRange>
         </cpfRelation>
         <cpfRelation xmlns:xlink="http://www.w3.org/1999/xlink"
                      cpfRelationType="associative"
                      xlink:href="FRAN_NP_011324"
                      xlink:type="simple">
            <relationEntry>Lamare, Louis</relationEntry>
            <dateRange>
               <fromDate standardDate="1772-04-25">25 avril 1772</fromDate>
               <toDate standardDate="1773-04-15">15 avril 1773</toDate>
            </dateRange>
         </cpfRelation>
         <cpfRelation xmlns:xlink="http://www.w3.org/1999/xlink"
                      cpfRelationType="associative"
                      xlink:href="FRAN_NP_011433"
                      xlink:type="simple">
            <relationEntry>Lebaron, Hubert</relationEntry>
            <dateRange>
               <fromDate standardDate="1982-01-12">12 janvier 1982</fromDate>
               <toDate standardDate="2005-04-22">22 avril 2005</toDate>
            </dateRange>
         </cpfRelation>
         <cpfRelation xmlns:xlink="http://www.w3.org/1999/xlink"
                      cpfRelationType="associative"
                      xlink:href="FRAN_NP_011580"
                      xlink:type="simple">
            <relationEntry>Lesguillier, Jean</relationEntry>
            <dateRange>
               <fromDate standardDate="1680-08-02">2 août 1680</fromDate>
               <toDate standardDate="1688-12-25">25 décembre 1688</toDate>
            </dateRange>
         </cpfRelation>
         <cpfRelation xmlns:xlink="http://www.w3.org/1999/xlink"
                      cpfRelationType="associative"
                      xlink:href="FRAN_NP_011651"
                      xlink:type="simple">
            <relationEntry>Kastler, Henri</relationEntry>
            <dateRange>
               <fromDate standardDate="1896-12-23">23 décembre 1896</fromDate>
               <toDate standardDate="1932-08-17">17 août 1932</toDate>
            </dateRange>
         </cpfRelation>
         <cpfRelation xmlns:xlink="http://www.w3.org/1999/xlink"
                      cpfRelationType="associative"
                      xlink:href="FRAN_NP_011652"
                      xlink:type="simple">
            <relationEntry>Kastler, Jean</relationEntry>
            <dateRange>
               <fromDate standardDate="1932-07-18">18 juillet 1932</fromDate>
               <toDate standardDate="1945-05-11">11 mai 1945</toDate>
            </dateRange>
         </cpfRelation>
         <cpfRelation xmlns:xlink="http://www.w3.org/1999/xlink"
                      cpfRelationType="associative"
                      xlink:href="FRAN_NP_013281"
                      xlink:type="simple">
            <relationEntry>Fontaine, Delphine</relationEntry>
            <dateRange>
               <fromDate standardDate="2005-04-22">22 avril 2005</fromDate>
            </dateRange>
         </cpfRelation>
         <cpfRelation xmlns:xlink="http://www.w3.org/1999/xlink"
                      cpfRelationType="associative"
                      xlink:href="FRAN_NP_011882"
                      xlink:type="simple">
            <relationEntry>Gérard, Alexandre</relationEntry>
            <dateRange>
               <fromDate standardDate="1750-01-10">10 janvier 1750</fromDate>
               <toDate standardDate="1754-10-08">8 octobre 1754</toDate>
            </dateRange>
         </cpfRelation>
         <cpfRelation xmlns:xlink="http://www.w3.org/1999/xlink"
                      cpfRelationType="associative"
                      xlink:href="FRAN_NP_010783"
                      xlink:type="simple">
            <relationEntry>Oury, Gilles</relationEntry>
            <dateRange>
               <fromDate standardDate="1982-01-12">12 janvier 1982</fromDate>
            </dateRange>
         </cpfRelation>
         <cpfRelation xmlns:xlink="http://www.w3.org/1999/xlink"
                      cpfRelationType="associative"
                      xlink:href="FRAN_NP_011793"
                      xlink:type="simple">
            <relationEntry>Huard de la marre, Denis-Victor</relationEntry>
            <dateRange>
               <fromDate standardDate="1811-03-02">2 mars 1811</fromDate>
               <toDate standardDate="1827-12-07">7 décembre 1827</toDate>
            </dateRange>
         </cpfRelation>
         <cpfRelation xmlns:xlink="http://www.w3.org/1999/xlink"
                      cpfRelationType="associative"
                      xlink:href="FRAN_NP_010787"
                      xlink:type="simple">
            <relationEntry>Narbey, Philippe</relationEntry>
            <dateRange>
               <fromDate standardDate="1993-05-19">19 mai 1993</fromDate>
            </dateRange>
         </cpfRelation>
         <cpfRelation xmlns:xlink="http://www.w3.org/1999/xlink"
                      cpfRelationType="associative"
                      xlink:href="FRAN_NP_011870"
                      xlink:type="simple">
            <relationEntry>Gaultier, Jacques</relationEntry>
            <dateRange>
               <fromDate standardDate="1712-02-24">24 février 1712</fromDate>
               <toDate standardDate="1748-06-21">21 juin 1748</toDate>
            </dateRange>
         </cpfRelation>
         <cpfRelation xmlns:xlink="http://www.w3.org/1999/xlink"
                      cpfRelationType="associative"
                      xlink:href="FRAN_NP_010425"
                      xlink:type="simple">
            <relationEntry>Thézé, Louis</relationEntry>
            <dateRange>
               <fromDate standardDate="1982-01-12">12 janvier 1982</fromDate>
               <toDate standardDate="2007-01-24">24 janvier 2007</toDate>
            </dateRange>
         </cpfRelation>
         <cpfRelation xmlns:xlink="http://www.w3.org/1999/xlink"
                      cpfRelationType="associative"
                      xlink:href="FRAN_NP_013282"
                      xlink:type="simple">
            <relationEntry>Martin, Jean-François Damien</relationEntry>
            <dateRange>
               <fromDate standardDate="2005-04-22">22 avril 2005</fromDate>
            </dateRange>
         </cpfRelation>
         <cpfRelation xmlns:xlink="http://www.w3.org/1999/xlink"
                      cpfRelationType="associative"
                      xlink:href="FRAN_NP_012197"
                      xlink:type="simple">
            <relationEntry>Delafaye, Pierre</relationEntry>
            <dateRange>
               <fromDate standardDate="1699-10-25">25 octobre 1699</fromDate>
               <toDate standardDate="1710-12-08">8 décembre 1710</toDate>
            </dateRange>
         </cpfRelation>
         <cpfRelation xmlns:xlink="http://www.w3.org/1999/xlink"
                      cpfRelationType="associative"
                      xlink:href="FRAN_NP_012198"
                      xlink:type="simple">
            <relationEntry>Didier, Claude</relationEntry>
            <dateRange>
               <fromDate standardDate="1968-08-01">1er août 1968</fromDate>
               <toDate standardDate="2004-07-23">23 juillet 2004</toDate>
            </dateRange>
         </cpfRelation>
         <cpfRelation xmlns:xlink="http://www.w3.org/1999/xlink"
                      cpfRelationType="associative"
                      xlink:href="FRAN_NP_012199"
                      xlink:type="simple">
            <relationEntry>Duboy, Daniel</relationEntry>
            <dateRange>
               <fromDate standardDate="1748-09-03">3 septembre 1748</fromDate>
               <toDate standardDate="1749-12-29">29 décembre 1749</toDate>
            </dateRange>
         </cpfRelation>
         <cpfRelation xmlns:xlink="http://www.w3.org/1999/xlink"
                      cpfRelationType="associative"
                      xlink:href="FRAN_NP_012200"
                      xlink:type="simple">
            <relationEntry>Duboys, Octave Edouard Marie Martial</relationEntry>
            <dateRange>
               <fromDate standardDate="1945-05-11">11 mai 1945</fromDate>
               <toDate standardDate="1973-03-26">26 mars 1973</toDate>
            </dateRange>
         </cpfRelation>
         <cpfRelation xmlns:xlink="http://www.w3.org/1999/xlink"
                      cpfRelationType="associative"
                      xlink:href="FRAN_NP_012201"
                      xlink:type="simple">
            <relationEntry>Durocher, Jacques</relationEntry>
            <dateRange>
               <fromDate standardDate="1754-10-12">12 octobre 1754</fromDate>
               <toDate standardDate="1772-03-23">23 mars 1772</toDate>
            </dateRange>
         </cpfRelation>
         <cpfRelation xmlns:xlink="http://www.w3.org/1999/xlink"
                      cpfRelationType="associative"
                      xlink:href="FRAN_NP_012521"
                      xlink:type="simple">
            <relationEntry>Chardin, Louis</relationEntry>
            <dateRange>
               <fromDate standardDate="1827-12-07">7 décembre 1827</fromDate>
               <toDate standardDate="1841-01-13">13 janvier 1841</toDate>
            </dateRange>
         </cpfRelation>
         <cpfRelation xmlns:xlink="http://www.w3.org/1999/xlink"
                      cpfRelationType="associative"
                      xlink:href="FRAN_NP_012522"
                      xlink:type="simple">
            <relationEntry>Charton, Jacques</relationEntry>
            <dateRange>
               <fromDate standardDate="1741-10-23">23 octobre 1741</fromDate>
               <toDate standardDate="1744-11-08">8 novembre 1744</toDate>
            </dateRange>
         </cpfRelation>
         <cpfRelation xmlns:xlink="http://www.w3.org/1999/xlink"
                      cpfRelationType="associative"
                      xlink:href="FRAN_NP_013492"
                      xlink:type="simple">
            <relationEntry>Trichet, Olivier</relationEntry>
            <dateRange>
               <fromDate standardDate="2010-12-13">13 décembre 2010</fromDate>
            </dateRange>
         </cpfRelation>
         <cpfRelation xmlns:xlink="http://www.w3.org/1999/xlink"
                      cpfRelationType="associative"
                      xlink:href="FRAN_NP_013493"
                      xlink:type="simple">
            <relationEntry>Houzai, Jérôme</relationEntry>
            <dateRange>
               <fromDate standardDate="2010-12-13">13 décembre 2010</fromDate>
            </dateRange>
         </cpfRelation>
         <resourceRelation xmlns:xlink="http://www.w3.org/1999/xlink"
                           resourceRelationType="creatorOf"
                           xlink:href="FRAN_IR_041727"
                           xlink:type="simple">
            <relationEntry localType="archival">Minutes et répertoires du notaire Jean LESGUILLIER, 2 août 1680 - 25 décembre 1688 (étude XXV)</relationEntry>
         </resourceRelation>
         <resourceRelation xmlns:xlink="http://www.w3.org/1999/xlink"
                           resourceRelationType="creatorOf"
                           xlink:href="FRAN_IR_041732"
                           xlink:type="simple">
            <relationEntry localType="archival">Minutes et répertoires du notaire Gilles PICOT, 22 avril 1697 - 22 avril 1697 (étude XXV)</relationEntry>
         </resourceRelation>
         <resourceRelation xmlns:xlink="http://www.w3.org/1999/xlink"
                           resourceRelationType="creatorOf"
                           xlink:href="FRAN_IR_041734"
                           xlink:type="simple">
            <relationEntry localType="archival">Minutes et répertoires du notaire Pierre DELAFAYE, 25 octobre 1699 - 8 décembre 1710 (étude XXV)</relationEntry>
         </resourceRelation>
         <resourceRelation xmlns:xlink="http://www.w3.org/1999/xlink"
                           resourceRelationType="creatorOf"
                           xlink:href="FRAN_IR_041731"
                           xlink:type="simple">
            <relationEntry localType="archival">Minutes et répertoires du notaire Jacques GAULTIER, 24 février 1712 - 21 juin 1748 (étude XXV)</relationEntry>
         </resourceRelation>
         <resourceRelation xmlns:xlink="http://www.w3.org/1999/xlink"
                           resourceRelationType="creatorOf"
                           xlink:href="FRAN_IR_041735"
                           xlink:type="simple">
            <relationEntry localType="archival">Minutes et répertoires du notaire Jacques CHARTON, 23 octobre 1741 - 8 novembre 1744 (étude XXV)</relationEntry>
         </resourceRelation>
         <resourceRelation xmlns:xlink="http://www.w3.org/1999/xlink"
                           resourceRelationType="creatorOf"
                           xlink:href="FRAN_IR_041733"
                           xlink:type="simple">
            <relationEntry localType="archival">Minutes et répertoires du notaire Daniel DUBOY, 3 septembre 1748 - 17 février 1750 (étude XXV)</relationEntry>
         </resourceRelation>
         <resourceRelation xmlns:xlink="http://www.w3.org/1999/xlink"
                           resourceRelationType="creatorOf"
                           xlink:href="FRAN_IR_041728"
                           xlink:type="simple">
            <relationEntry localType="archival">Minutes et répertoires du notaire Alexandre GÉRARD, 10 janvier 1750 - 8 octobre 1754 (étude XXV)</relationEntry>
         </resourceRelation>
         <resourceRelation xmlns:xlink="http://www.w3.org/1999/xlink"
                           resourceRelationType="creatorOf"
                           xlink:href="FRAN_IR_041729"
                           xlink:type="simple">
            <relationEntry localType="archival">Minutes et répertoires du notaire Jacques DUROCHER, 8 octobre 1754 - 23 mars 1772 (étude XXV)</relationEntry>
         </resourceRelation>
         <resourceRelation xmlns:xlink="http://www.w3.org/1999/xlink"
                           resourceRelationType="creatorOf"
                           xlink:href="FRAN_IR_041730"
                           xlink:type="simple">
            <relationEntry localType="archival">Minutes et répertoires du notaire Louis LAMARE, 25 avril 1772-15 avril 1773 (étude XXV)</relationEntry>
         </resourceRelation>
         <resourceRelation xmlns:xlink="http://www.w3.org/1999/xlink"
                           resourceRelationType="creatorOf"
                           xlink:href="FRAN_IR_041736"
                           xlink:type="simple">
            <relationEntry localType="archival">Minutes et répertoires du notaire Adrien LAMARE, 8 mai 1773 - 1er mars 1811 (étude XXV)</relationEntry>
         </resourceRelation>
         <resourceRelation xmlns:xlink="http://www.w3.org/1999/xlink"
                           resourceRelationType="creatorOf"
                           xlink:href="FRAN_IR_041738"
                           xlink:type="simple">
            <relationEntry localType="archival">Minutes et répertoires du notaire Denis Victor HUARD de LA MARRE, 2 mars 1811 - 6 décembre 1827 (étude XXV)</relationEntry>
         </resourceRelation>
         <resourceRelation xmlns:xlink="http://www.w3.org/1999/xlink"
                           resourceRelationType="creatorOf"
                           xlink:href="FRAN_IR_041737"
                           xlink:type="simple">
            <relationEntry localType="archival">Minutes et répertoires du notaire Louis CHARDIN, 7 décembre 1827 - 12 janvier 1841 (étude XXV)</relationEntry>
         </resourceRelation>
         <resourceRelation xmlns:xlink="http://www.w3.org/1999/xlink"
                           resourceRelationType="creatorOf"
                           xlink:href="FRAN_IR_041739"
                           xlink:type="simple">
            <relationEntry localType="archival">Minutes et répertoires du notaire Julien François YVER, 14 janvier 1841 - 18 juillet 1867 (étude XXV)</relationEntry>
         </resourceRelation>
         <resourceRelation xmlns:xlink="http://www.w3.org/1999/xlink"
                           resourceRelationType="creatorOf"
                           xlink:href="FRAN_IR_041741"
                           xlink:type="simple">
            <relationEntry localType="archival">Minutes et répertoires du notaire Henri KASTLER, 23 décembre 1896 - 6 juin 1905 (étude XXV)</relationEntry>
         </resourceRelation>
         <resourceRelation xmlns:xlink="http://www.w3.org/1999/xlink"
                           resourceRelationType="creatorOf"
                           xlink:href="FRAN_IR_041726"
                           xlink:type="simple">
            <relationEntry localType="archival">Archives de l'étude XXV</relationEntry>
         </resourceRelation>
         <resourceRelation xmlns:xlink="http://www.w3.org/1999/xlink"
                           resourceRelationType="creatorOf"
                           xlink:href="FRAN_IR_041740"
                           xlink:type="simple">
            <relationEntry localType="archival">Minutes et répertoires du notaire Ernest Charles POLETNICH, 19 juillet 1867 - 23 décembre 1896 (étude XXV)</relationEntry>
         </resourceRelation>
         <resourceRelation xmlns:xlink="http://www.w3.org/1999/xlink"
                           resourceRelationType="creatorOf"
                           xlink:href="FRAN_IR_051399"
                           xlink:type="simple">
            <relationEntry localType="archival">Images des répertoires du notaire Henri Kastler pour l'étude XXV</relationEntry>
         </resourceRelation>
         <resourceRelation xmlns:xlink="http://www.w3.org/1999/xlink"
                           resourceRelationType="creatorOf"
                           xlink:href="FRAN_IR_052779"
                           xlink:type="simple">
            <relationEntry localType="archival">Images du répertoire du notaire Louis Lamare pour l'étude XXV</relationEntry>
         </resourceRelation>
         <resourceRelation xmlns:xlink="http://www.w3.org/1999/xlink"
                           resourceRelationType="creatorOf"
                           xlink:href="FRAN_IR_051542"
                           xlink:type="simple">
            <relationEntry localType="archival">Images du répertoire du notaire Jacques Charton pour l'étude XXV</relationEntry>
         </resourceRelation>
         <resourceRelation xmlns:xlink="http://www.w3.org/1999/xlink"
                           resourceRelationType="creatorOf"
                           xlink:href="FRAN_IR_051541"
                           xlink:type="simple">
            <relationEntry localType="archival">Images des répertoires du notaire Louis Chardin pour l'étude XXV</relationEntry>
         </resourceRelation>
         <resourceRelation xmlns:xlink="http://www.w3.org/1999/xlink"
                           resourceRelationType="creatorOf"
                           xlink:href="FRAN_IR_051486"
                           xlink:type="simple">
            <relationEntry localType="archival">Images du répertoire du notaire Jacques Durocher pour l'étude XXV</relationEntry>
         </resourceRelation>
         <resourceRelation xmlns:xlink="http://www.w3.org/1999/xlink"
                           resourceRelationType="creatorOf"
                           xlink:href="FRAN_IR_051344"
                           xlink:type="simple">
            <relationEntry localType="archival">Images des répertoires du notaire Adrien Lamare pour l'étude XXV</relationEntry>
         </resourceRelation>
         <resourceRelation xmlns:xlink="http://www.w3.org/1999/xlink"
                           resourceRelationType="creatorOf"
                           xlink:href="FRAN_IR_051423"
                           xlink:type="simple">
            <relationEntry localType="archival">Images des répertoires du notaire Denis Victor Huard-Delamare pour l'étude XXV</relationEntry>
         </resourceRelation>
         <resourceRelation xmlns:xlink="http://www.w3.org/1999/xlink"
                           resourceRelationType="creatorOf"
                           xlink:href="FRAN_IR_052817"
                           xlink:type="simple">
            <relationEntry localType="archival">Images du répertoire du notaire Pierre Delafaye pour l'étude XXV</relationEntry>
         </resourceRelation>
         <resourceRelation xmlns:xlink="http://www.w3.org/1999/xlink"
                           resourceRelationType="creatorOf"
                           xlink:href="FRAN_IR_052949"
                           xlink:type="simple">
            <relationEntry localType="archival">Images du répertoire du notaire Jean Lesguillier pour l'étude XXV</relationEntry>
         </resourceRelation>
         <resourceRelation xmlns:xlink="http://www.w3.org/1999/xlink"
                           resourceRelationType="creatorOf"
                           xlink:href="FRAN_IR_053032"
                           xlink:type="simple">
            <relationEntry localType="archival">Images du répertoire du notaire Alexandre Gérard pour l'étude XXV</relationEntry>
         </resourceRelation>
         <resourceRelation xmlns:xlink="http://www.w3.org/1999/xlink"
                           resourceRelationType="creatorOf"
                           xlink:href="FRAN_IR_053033"
                           xlink:type="simple">
            <relationEntry localType="archival">Images du répertoire du notaire Jacques Gaultier pour l'étude XXV</relationEntry>
         </resourceRelation>
         <resourceRelation xmlns:xlink="http://www.w3.org/1999/xlink"
                           resourceRelationType="creatorOf"
                           xlink:href="FRAN_IR_053322"
                           xlink:type="simple">
            <relationEntry localType="archival">Images des répertoires du notaire Daniel Duboy pour l'étude XXV</relationEntry>
         </resourceRelation>
         <resourceRelation xmlns:xlink="http://www.w3.org/1999/xlink"
                           resourceRelationType="creatorOf"
                           xlink:href="FRAN_IR_054262"
                           xlink:type="simple">
            <relationEntry localType="archival">Images des répertoires du notaire Julien François Yver pour l'étude XXV</relationEntry>
         </resourceRelation>
         <resourceRelation xmlns:xlink="http://www.w3.org/1999/xlink"
                           resourceRelationType="creatorOf"
                           xlink:href="FRAN_IR_056454"
                           xlink:type="simple">
            <relationEntry localType="archival">Images des répertoires du notaire Denis Victor Huard de La Marre pour l'étude XXV</relationEntry>
         </resourceRelation>
      </relations>
   </cpfDescription>
</eac-cpf>
