<eac-cpf xmlns="urn:isbn:1-931666-33-4"
         xmlns:xsi="http://www.w3.org/2001/XMLSchema-instance"
         xsi:schemaLocation="urn:isbn:1-931666-33-4 cpf.xsd">
   <control>
      <recordId>FRAN_NP_010236</recordId>
      <otherRecordId localType="Ancien_identifiant">FRDAFANCH00MC_NAETUDE_109</otherRecordId>
      <maintenanceStatus>derived</maintenanceStatus>
      <maintenanceAgency>
         <agencyName>Archives nationales de France</agencyName>
      </maintenanceAgency>
      <languageDeclaration>
         <language languageCode="fre">Français</language>
         <script scriptCode="Latn"/>
      </languageDeclaration>
      <conventionDeclaration>
         <citation>Notice établie conformément à la norme ICA-ISAAR (CPF) 2004, aux normes ISO 8601 pour le système de normalisation des dates utilisé, ainsi que AFNOR NF Z 44-061, juin 1986. Catalogage : forme et structure des vedettes noms de personne, des vedettes titres, des rubriques de classement et des titres forgés.</citation>
      </conventionDeclaration>
      <localControl localType="niveau_de_detail">
         <term>Moyenne</term>
      </localControl>
      <maintenanceHistory>
         <maintenanceEvent>
            <eventType>derived</eventType>
            <eventDateTime>2015-09-30</eventDateTime>
            <agentType>machine</agentType>
            <agent>Migration ETANOT</agent>
         </maintenanceEvent>
      </maintenanceHistory>
   </control>
   <cpfDescription>
      <identity>
         <entityType>corporateBody</entityType>
         <nameEntry localType="autorisée" scriptCode="Latn" xml:lang="fre">
            <part>Etude CIX</part>
         </nameEntry>
         <nameEntry>
            <part>75051</part>
         </nameEntry>
      </identity>
      <description>
         <existDates>
            <dateRange>
               <fromDate standardDate="1569-01-01">1569</fromDate>
            </dateRange>
         </existDates>
         <functions>
            <function>
               <term vocabularySource="d3nyui3o8w--11y7jgy8q3wnt">notaire à paris</term>
               <dateRange>
                  <fromDate standardDate="1569-01-01">1569</fromDate>
                  <toDate/>
               </dateRange>
            </function>
         </functions>
         <biogHist>
            <p>Installée place Maubert à la fin du XVIème siècle, cette étude suit un itinéraire assez compliqué au fil des ans : la rue Saint-Jacques (1609) ; le Pont Saint-Michel (1686) ; le Marché-Neuf , dans la Cité (1743) ; le Marais (1787) ; le quartier Montmartre en l'an VIII ; le quartier Saint-Honoré en 1808.Un bref séjour la fait revenir sur la rive gauche dans le quartier du Luxembourg (1833-1842). Elle fait ensuite retour sur la rive droite : rue Caumartin, rue Auber (1869). Les 90 premières liasses de l'étude appartiennent aux fonds de deux notaires établis rue Saint-Jacques pour l'un (1572-1610) ; place Baudoyer pour l'autre (1576-1591)</p>
         </biogHist>
      </description>
      <relations>
         <cpfRelation xmlns:xlink="http://www.w3.org/1999/xlink"
                      cpfRelationType="associative"
                      xlink:href="FRAN_NP_011380"
                      xlink:type="simple">
            <relationEntry>Lavoignat, Joseph</relationEntry>
            <dateRange>
               <fromDate standardDate="1859-12-14">14 décembre 1859</fromDate>
               <toDate standardDate="1920-01-07">7 janvier 1920</toDate>
            </dateRange>
         </cpfRelation>
         <cpfRelation xmlns:xlink="http://www.w3.org/1999/xlink"
                      cpfRelationType="associative"
                      xlink:href="FRAN_NP_011501"
                      xlink:type="simple">
            <relationEntry>Legrand, Augustin-Jean</relationEntry>
            <dateRange>
               <fromDate standardDate="1800-01-04">4 janvier 1800</fromDate>
               <toDate standardDate="1808-07-30">30 juillet 1808</toDate>
            </dateRange>
         </cpfRelation>
         <cpfRelation xmlns:xlink="http://www.w3.org/1999/xlink"
                      cpfRelationType="associative"
                      xlink:href="FRAN_NP_011603"
                      xlink:type="simple">
            <relationEntry>Levini d 'escours, François</relationEntry>
            <dateRange>
               <fromDate standardDate="1743-05-08">8 mai 1743</fromDate>
               <toDate standardDate="1746-09-24">24 septembre 1746</toDate>
            </dateRange>
         </cpfRelation>
         <cpfRelation xmlns:xlink="http://www.w3.org/1999/xlink"
                      cpfRelationType="associative"
                      xlink:href="FRAN_NP_011631"
                      xlink:type="simple">
            <relationEntry>Lorimier, Thomas</relationEntry>
            <dateRange>
               <fromDate standardDate="1637-11-04">4 novembre 1637</fromDate>
               <toDate standardDate="1639-12-31">31 décembre 1639</toDate>
            </dateRange>
         </cpfRelation>
         <cpfRelation xmlns:xlink="http://www.w3.org/1999/xlink"
                      cpfRelationType="associative"
                      xlink:href="FRAN_NP_011349"
                      xlink:type="simple">
            <relationEntry>Langlois, Jacques</relationEntry>
            <dateRange>
               <fromDate standardDate="1669-10-25">25 octobre 1669</fromDate>
               <toDate standardDate="1685-12-31">31 décembre 1685</toDate>
            </dateRange>
         </cpfRelation>
         <cpfRelation xmlns:xlink="http://www.w3.org/1999/xlink"
                      cpfRelationType="associative"
                      xlink:href="FRAN_NP_011197"
                      xlink:type="simple">
            <relationEntry>Monchy, Jean-Etienne de</relationEntry>
            <dateRange>
               <fromDate standardDate="1715-05-17">17 mai 1715</fromDate>
               <toDate standardDate="1737-11-09">9 novembre 1737</toDate>
            </dateRange>
         </cpfRelation>
         <cpfRelation xmlns:xlink="http://www.w3.org/1999/xlink"
                      cpfRelationType="associative"
                      xlink:href="FRAN_NP_011176"
                      xlink:type="simple">
            <relationEntry>Michelin, Thomas</relationEntry>
            <dateRange>
               <fromDate standardDate="1737-11-09">9 novembre 1737</fromDate>
               <toDate standardDate="1743-05-08">8 mai 1743</toDate>
            </dateRange>
         </cpfRelation>
         <cpfRelation xmlns:xlink="http://www.w3.org/1999/xlink"
                      cpfRelationType="associative"
                      xlink:href="FRAN_NP_011211"
                      xlink:type="simple">
            <relationEntry>Monroussel, Antoine de</relationEntry>
            <dateRange>
               <fromDate standardDate="1609-04-14">14 avril 1609</fromDate>
               <toDate standardDate="1639-12-31">1639</toDate>
            </dateRange>
         </cpfRelation>
         <cpfRelation xmlns:xlink="http://www.w3.org/1999/xlink"
                      cpfRelationType="associative"
                      xlink:href="FRAN_NP_011935"
                      xlink:type="simple">
            <relationEntry>Goguier, Henri II</relationEntry>
            <dateRange>
               <fromDate standardDate="1575-03-11">11 mars 1575</fromDate>
               <toDate standardDate="1591-12-31">31 décembre 1591</toDate>
            </dateRange>
         </cpfRelation>
         <cpfRelation xmlns:xlink="http://www.w3.org/1999/xlink"
                      cpfRelationType="associative"
                      xlink:href="FRAN_NP_012791"
                      xlink:type="simple">
            <relationEntry>Baudier, Edmond</relationEntry>
            <dateRange>
               <fromDate standardDate="1842-05-31">31 mai 1842</fromDate>
               <toDate standardDate="1859-12-14">14 décembre 1859</toDate>
            </dateRange>
         </cpfRelation>
         <cpfRelation xmlns:xlink="http://www.w3.org/1999/xlink"
                      cpfRelationType="associative"
                      xlink:href="FRAN_NP_012702"
                      xlink:type="simple">
            <relationEntry>Crespin, Denis de</relationEntry>
            <dateRange>
               <fromDate standardDate="1666-07-15">15 juillet 1666</fromDate>
               <toDate standardDate="1669-09-24">24 septembre 1669</toDate>
            </dateRange>
         </cpfRelation>
         <cpfRelation xmlns:xlink="http://www.w3.org/1999/xlink"
                      cpfRelationType="associative"
                      xlink:href="FRAN_NP_012845"
                      xlink:type="simple">
            <relationEntry>Belot, Pierre</relationEntry>
            <dateRange>
               <fromDate standardDate="1569-08-06">6 août 1569</fromDate>
               <toDate standardDate="1610-10-11">11 octobre 1610</toDate>
            </dateRange>
         </cpfRelation>
         <cpfRelation xmlns:xlink="http://www.w3.org/1999/xlink"
                      cpfRelationType="associative"
                      xlink:href="FRAN_NP_010669"
                      xlink:type="simple">
            <relationEntry>Richer, Philippe</relationEntry>
            <dateRange>
               <fromDate standardDate="1609-12-15">15 décembre 1609</fromDate>
               <toDate standardDate="1617-01-31">31 janvier 1617</toDate>
            </dateRange>
         </cpfRelation>
         <cpfRelation xmlns:xlink="http://www.w3.org/1999/xlink"
                      cpfRelationType="associative"
                      xlink:href="FRAN_NP_012043"
                      xlink:type="simple">
            <relationEntry>Ferrand, Louis Marie Paul</relationEntry>
            <dateRange>
               <fromDate standardDate="1920-01-07">7 janvier 1920</fromDate>
               <toDate standardDate="1954-06-30">30 juin 1954</toDate>
            </dateRange>
         </cpfRelation>
         <cpfRelation xmlns:xlink="http://www.w3.org/1999/xlink"
                      cpfRelationType="associative"
                      xlink:href="FRAN_NP_010671"
                      xlink:type="simple">
            <relationEntry>Ricordeau, Jacques</relationEntry>
            <dateRange>
               <fromDate standardDate="1639-07-07">7 juillet 1639</fromDate>
               <toDate standardDate="1666-06-30">30 juin 1666</toDate>
            </dateRange>
         </cpfRelation>
         <cpfRelation xmlns:xlink="http://www.w3.org/1999/xlink"
                      cpfRelationType="associative"
                      xlink:href="FRAN_NP_011714"
                      xlink:type="simple">
            <relationEntry>Juge, Gilbert</relationEntry>
            <dateRange>
               <fromDate standardDate="1827-06-12">12 juin 1827</fromDate>
               <toDate standardDate="1833-05-10">10 mai 1833</toDate>
            </dateRange>
         </cpfRelation>
         <cpfRelation xmlns:xlink="http://www.w3.org/1999/xlink"
                      cpfRelationType="associative"
                      xlink:href="FRAN_NP_010799"
                      xlink:type="simple">
            <relationEntry>Nicolas</relationEntry>
            <dateRange>
               <fromDate standardDate="1569-01-01">1er janvier 1569</fromDate>
               <toDate standardDate="1569-12-31">31 décembre 1569</toDate>
            </dateRange>
         </cpfRelation>
         <cpfRelation xmlns:xlink="http://www.w3.org/1999/xlink"
                      cpfRelationType="associative"
                      xlink:href="FRAN_NP_012701"
                      xlink:type="simple">
            <relationEntry>Colin de saint-Menge, Marc-Louis-Amable</relationEntry>
            <dateRange>
               <fromDate standardDate="1810-06-21">21 juin 1810</fromDate>
               <toDate standardDate="1827-06-12">12 juin 1827</toDate>
            </dateRange>
         </cpfRelation>
         <cpfRelation xmlns:xlink="http://www.w3.org/1999/xlink"
                      cpfRelationType="associative"
                      xlink:href="FRAN_NP_011101"
                      xlink:type="simple">
            <relationEntry>Martinon, Charles-Julien</relationEntry>
            <dateRange>
               <fromDate standardDate="1789-08-14">14 août 1789</fromDate>
               <toDate standardDate="1800-01-04">4 janvier 1800</toDate>
            </dateRange>
         </cpfRelation>
         <cpfRelation xmlns:xlink="http://www.w3.org/1999/xlink"
                      cpfRelationType="associative"
                      xlink:href="FRAN_NP_013201"
                      xlink:type="simple">
            <relationEntry>Millier, François</relationEntry>
            <dateRange>
               <fromDate standardDate="2002-07-25">25 juillet 2002</fromDate>
            </dateRange>
         </cpfRelation>
         <cpfRelation xmlns:xlink="http://www.w3.org/1999/xlink"
                      cpfRelationType="associative"
                      xlink:href="FRAN_NP_011184"
                      xlink:type="simple">
            <relationEntry>Millier, Henri</relationEntry>
            <dateRange>
               <fromDate standardDate="1954-06-30">30 juin 1954</fromDate>
               <toDate standardDate="2002-05-27">27 mai 2002</toDate>
            </dateRange>
         </cpfRelation>
         <cpfRelation xmlns:xlink="http://www.w3.org/1999/xlink"
                      cpfRelationType="associative"
                      xlink:href="FRAN_NP_011175"
                      xlink:type="simple">
            <relationEntry>Michelin, Louis</relationEntry>
            <dateRange>
               <fromDate standardDate="1777-12-20">20 décembre 1777</fromDate>
               <toDate standardDate="1789-08-14">14 août 1789</toDate>
            </dateRange>
         </cpfRelation>
         <cpfRelation xmlns:xlink="http://www.w3.org/1999/xlink"
                      cpfRelationType="associative"
                      xlink:href="FRAN_NP_010530"
                      xlink:type="simple">
            <relationEntry>Saint-Jullien, Simon de</relationEntry>
            <dateRange>
               <fromDate standardDate="1594-02-28">28 février 1594</fromDate>
               <toDate standardDate="1609-12-15">15 décembre 1609</toDate>
            </dateRange>
         </cpfRelation>
         <cpfRelation xmlns:xlink="http://www.w3.org/1999/xlink"
                      cpfRelationType="associative"
                      xlink:href="FRAN_NP_011680"
                      xlink:type="simple">
            <relationEntry>Jarry, Richard-Marcel</relationEntry>
            <dateRange>
               <fromDate standardDate="1746-09-24">24 septembre 1746</fromDate>
               <toDate standardDate="1777-12-19">19 décembre 1777</toDate>
            </dateRange>
         </cpfRelation>
         <cpfRelation xmlns:xlink="http://www.w3.org/1999/xlink"
                      cpfRelationType="associative"
                      xlink:href="FRAN_NP_012400"
                      xlink:type="simple">
            <relationEntry>Debruge, Louis-Antoine</relationEntry>
            <dateRange>
               <fromDate standardDate="1808-07-30">30 juillet 1808</fromDate>
               <toDate standardDate="1810-06-21">21 juin 1810</toDate>
            </dateRange>
         </cpfRelation>
         <cpfRelation xmlns:xlink="http://www.w3.org/1999/xlink"
                      cpfRelationType="associative"
                      xlink:href="FRAN_NP_012401"
                      xlink:type="simple">
            <relationEntry>Desnotz, Hugues</relationEntry>
            <dateRange>
               <fromDate standardDate="1686-03-30">30 mars 1686</fromDate>
               <toDate standardDate="1715-05-17">17 mai 1715</toDate>
            </dateRange>
         </cpfRelation>
         <cpfRelation xmlns:xlink="http://www.w3.org/1999/xlink"
                      cpfRelationType="associative"
                      xlink:href="FRAN_NP_012402"
                      xlink:type="simple">
            <relationEntry>Druet, Alexandre-Fortuné</relationEntry>
            <dateRange>
               <fromDate standardDate="1833-05-10">10 mai 1833</fromDate>
               <toDate standardDate="1842-05-31">31 mai 1842</toDate>
            </dateRange>
         </cpfRelation>
         <cpfRelation xmlns:xlink="http://www.w3.org/1999/xlink"
                      cpfRelationType="associative"
                      xlink:href="FRAN_NP_013478"
                      xlink:type="simple">
            <relationEntry>Ricordeau, Martin</relationEntry>
            <dateRange>
               <fromDate standardDate="1652-10-04">4 octobre 1652</fromDate>
               <toDate standardDate="1653-11-29">29 novembre 1653</toDate>
            </dateRange>
         </cpfRelation>
         <resourceRelation xmlns:xlink="http://www.w3.org/1999/xlink"
                           resourceRelationType="subjectOf"
                           xlink:href="FRAN_IR_043258"
                           xlink:type="simple">
            <relationEntry localType="archival">Minutes et répertoires du notaire Philippe RICHER, 15 décembre 1609 - 13 janvier 1617 (étude CIX)</relationEntry>
         </resourceRelation>
         <resourceRelation xmlns:xlink="http://www.w3.org/1999/xlink"
                           resourceRelationType="subjectOf"
                           xlink:href="FRAN_IR_043265"
                           xlink:type="simple">
            <relationEntry localType="archival">Minutes et répertoires du notaire Jean Étienne de MONCHY, 17 mai 1715 - 9 novembre 1737 (étude CIX)</relationEntry>
         </resourceRelation>
         <resourceRelation xmlns:xlink="http://www.w3.org/1999/xlink"
                           resourceRelationType="subjectOf"
                           xlink:href="FRAN_IR_043273"
                           xlink:type="simple">
            <relationEntry localType="archival">Minutes et répertoires du notaire Louis Antoine DEBRUGE, 30 juillet 1808 - 21 juin 1810 (étude CIX)</relationEntry>
         </resourceRelation>
         <resourceRelation xmlns:xlink="http://www.w3.org/1999/xlink"
                           resourceRelationType="subjectOf"
                           xlink:href="FRAN_IR_043276"
                           xlink:type="simple">
            <relationEntry localType="archival">Minutes et répertoires du notaire Alexandre Fortuné DRUET, 10 mai 1833 - 31 mai 1842 (étude CIX)</relationEntry>
         </resourceRelation>
         <resourceRelation xmlns:xlink="http://www.w3.org/1999/xlink"
                           resourceRelationType="subjectOf"
                           xlink:href="FRAN_IR_043264"
                           xlink:type="simple">
            <relationEntry localType="archival">Minutes et répertoires du notaire Hugues DESNOTZ, 30 mars 1686 - 17 mai 1715 (étude CIX)</relationEntry>
         </resourceRelation>
         <resourceRelation xmlns:xlink="http://www.w3.org/1999/xlink"
                           resourceRelationType="subjectOf"
                           xlink:href="FRAN_IR_043266"
                           xlink:type="simple">
            <relationEntry localType="archival">Minutes et répertoires du notaire Thomas MICHELIN, 9 novembre 1737 - 7 mai 1743 (étude CIX)</relationEntry>
         </resourceRelation>
         <resourceRelation xmlns:xlink="http://www.w3.org/1999/xlink"
                           resourceRelationType="subjectOf"
                           xlink:href="FRAN_IR_043272"
                           xlink:type="simple">
            <relationEntry localType="archival">Minutes et répertoires du notaire Augustin Jean LEGRAND, 4 janvier 1800 - 30 juillet 1808 (étude CIX)</relationEntry>
         </resourceRelation>
         <resourceRelation xmlns:xlink="http://www.w3.org/1999/xlink"
                           resourceRelationType="subjectOf"
                           xlink:href="FRAN_IR_043275"
                           xlink:type="simple">
            <relationEntry localType="archival">Minutes et répertoires du notaire Gilbert JUGE, 12 juin 1827 - 10 mai 1833 (étude CIX)</relationEntry>
         </resourceRelation>
         <resourceRelation xmlns:xlink="http://www.w3.org/1999/xlink"
                           resourceRelationType="subjectOf"
                           xlink:href="FRAN_IR_043274"
                           xlink:type="simple">
            <relationEntry localType="archival">Minutes et répertoires du notaire Marc Louis Amable COLIN de SAINT-MENGE, 21 juin 1810 - 12 juin 1827 (étude CIX)</relationEntry>
         </resourceRelation>
         <resourceRelation xmlns:xlink="http://www.w3.org/1999/xlink"
                           resourceRelationType="subjectOf"
                           xlink:href="FRAN_IR_043267"
                           xlink:type="simple">
            <relationEntry localType="archival">Minutes et répertoires du notaire François LEVINI d'ESCOURS, 8 mai 1743 - 24 septembre 1746 (étude CIX)</relationEntry>
         </resourceRelation>
         <resourceRelation xmlns:xlink="http://www.w3.org/1999/xlink"
                           resourceRelationType="subjectOf"
                           xlink:href="FRAN_IR_043271"
                           xlink:type="simple">
            <relationEntry localType="archival">Minutes et répertoires du notaire Charles Julien MARTINON, 14 août 1789 - 4 janvier 1800 (étude CIX)</relationEntry>
         </resourceRelation>
         <resourceRelation xmlns:xlink="http://www.w3.org/1999/xlink"
                           resourceRelationType="subjectOf"
                           xlink:href="FRAN_IR_043270"
                           xlink:type="simple">
            <relationEntry localType="archival">Minutes et répertoires du notaire Louis MICHELIN, 20 décembre 1777 - 14 août 1789 (étude CIX)</relationEntry>
         </resourceRelation>
         <resourceRelation xmlns:xlink="http://www.w3.org/1999/xlink"
                           resourceRelationType="subjectOf"
                           xlink:href="FRAN_IR_043256"
                           xlink:type="simple">
            <relationEntry localType="archival">Minutes et répertoires du notaire Simon de SAINT-JULLIEN, 1594 - 1609 (étude CIX)</relationEntry>
         </resourceRelation>
         <resourceRelation xmlns:xlink="http://www.w3.org/1999/xlink"
                           resourceRelationType="creatorOf"
                           xlink:href="FRAN_IR_054395"
                           xlink:type="simple">
            <relationEntry localType="archival">«Mélanges» (dossiers de clients) de l’étude CIX. MC/ET/CIX/899 (1582-1782)</relationEntry>
         </resourceRelation>
         <resourceRelation xmlns:xlink="http://www.w3.org/1999/xlink"
                           resourceRelationType="creatorOf"
                           xlink:href="FRAN_IR_043255"
                           xlink:type="simple">
            <relationEntry localType="archival">Minutes et répertoires du notaire Henri II GOGUIER, septembre 1575 - 1591 (étude CIX)</relationEntry>
         </resourceRelation>
         <resourceRelation xmlns:xlink="http://www.w3.org/1999/xlink"
                           resourceRelationType="creatorOf"
                           xlink:href="FRAN_IR_043257"
                           xlink:type="simple">
            <relationEntry localType="archival">Minutes et répertoires du notaire Antoine de MONROUSSEL, 30 avril 1609 - 1639 (étude CIX)</relationEntry>
         </resourceRelation>
         <resourceRelation xmlns:xlink="http://www.w3.org/1999/xlink"
                           resourceRelationType="creatorOf"
                           xlink:href="FRAN_IR_043268"
                           xlink:type="simple">
            <relationEntry localType="archival">Minutes et répertoires du notaire Richard Marcel JARRY, 24 septembre 1746 - 19 décembre 1777 (étude CIX)</relationEntry>
         </resourceRelation>
         <resourceRelation xmlns:xlink="http://www.w3.org/1999/xlink"
                           resourceRelationType="creatorOf"
                           xlink:href="FRAN_IR_043260"
                           xlink:type="simple">
            <relationEntry localType="archival">Minutes et répertoires du notaire Thomas LORIMIER, 1638 - 6 janvier 1642 (étude CIX)</relationEntry>
         </resourceRelation>
         <resourceRelation xmlns:xlink="http://www.w3.org/1999/xlink"
                           resourceRelationType="creatorOf"
                           xlink:href="FRAN_IR_043259"
                           xlink:type="simple">
            <relationEntry localType="archival">Minutes et répertoires du notaire Jacques RICORDEAU, 7 juillet 1639 - 30 juin 1666 (étude CIX)</relationEntry>
         </resourceRelation>
         <resourceRelation xmlns:xlink="http://www.w3.org/1999/xlink"
                           resourceRelationType="creatorOf"
                           xlink:href="FRAN_IR_043262"
                           xlink:type="simple">
            <relationEntry localType="archival">Minutes et répertoires du notaire Denis de CRESPIN, 15 juillet 1666 - 20 septembre 1669 (étude CIX)</relationEntry>
         </resourceRelation>
         <resourceRelation xmlns:xlink="http://www.w3.org/1999/xlink"
                           resourceRelationType="creatorOf"
                           xlink:href="FRAN_IR_043263"
                           xlink:type="simple">
            <relationEntry localType="archival">Minutes et répertoires du notaire Jacques LANGLOIS, 25 octobre 1669 - 4 mars 1686 (étude CIX)</relationEntry>
         </resourceRelation>
         <resourceRelation xmlns:xlink="http://www.w3.org/1999/xlink"
                           resourceRelationType="creatorOf"
                           xlink:href="FRAN_IR_053569"
                           xlink:type="simple">
            <relationEntry localType="archival">Images des répertoires du notaire Pierre Belot pour l'étude CIX</relationEntry>
         </resourceRelation>
         <resourceRelation xmlns:xlink="http://www.w3.org/1999/xlink"
                           resourceRelationType="creatorOf"
                           xlink:href="FRAN_IR_043254"
                           xlink:type="simple">
            <relationEntry localType="archival">Minutes et répertoires du notaire Pierre BELOT, 1572 - 11 octobre 1610 (étude CIX)</relationEntry>
         </resourceRelation>
         <resourceRelation xmlns:xlink="http://www.w3.org/1999/xlink"
                           resourceRelationType="creatorOf"
                           xlink:href="FRAN_IR_053560"
                           xlink:type="simple">
            <relationEntry localType="archival">Images des répertoires du notaire Antoine de Monroussel pour l'étude CIX</relationEntry>
         </resourceRelation>
         <resourceRelation xmlns:xlink="http://www.w3.org/1999/xlink"
                           resourceRelationType="creatorOf"
                           xlink:href="FRAN_IR_053565"
                           xlink:type="simple">
            <relationEntry localType="archival">Images des répertoires du notaire Martin Ricordeau pour l'étude CIX</relationEntry>
         </resourceRelation>
         <resourceRelation xmlns:xlink="http://www.w3.org/1999/xlink"
                           resourceRelationType="creatorOf"
                           xlink:href="FRAN_IR_043261"
                           xlink:type="simple">
            <relationEntry localType="archival">Minutes et répertoires du notaire Martin RICORDEAU, 4 octobre 1652 - 29 novembre 1653 (étude CIX)</relationEntry>
         </resourceRelation>
         <resourceRelation xmlns:xlink="http://www.w3.org/1999/xlink"
                           resourceRelationType="creatorOf"
                           xlink:href="FRAN_IR_053577"
                           xlink:type="simple">
            <relationEntry localType="archival">Images du répertoire du notaire Simon de Saint-Jullien pour l'étude CIX</relationEntry>
         </resourceRelation>
         <resourceRelation xmlns:xlink="http://www.w3.org/1999/xlink"
                           resourceRelationType="creatorOf"
                           xlink:href="FRAN_IR_053163"
                           xlink:type="simple">
            <relationEntry localType="archival">Images du répertoire du notaire Philippe Richer pour l'étude CIX</relationEntry>
         </resourceRelation>
         <resourceRelation xmlns:xlink="http://www.w3.org/1999/xlink"
                           resourceRelationType="creatorOf"
                           xlink:href="FRAN_IR_053601"
                           xlink:type="simple">
            <relationEntry localType="archival">Images du répertoire du notaire Hugues Desnotz pour l'étude CIX</relationEntry>
         </resourceRelation>
         <resourceRelation xmlns:xlink="http://www.w3.org/1999/xlink"
                           resourceRelationType="creatorOf"
                           xlink:href="FRAN_IR_053212"
                           xlink:type="simple">
            <relationEntry localType="archival">Images du répertoire du notaire Jean Etienne de Monchy pour l'étude CIX</relationEntry>
         </resourceRelation>
         <resourceRelation xmlns:xlink="http://www.w3.org/1999/xlink"
                           resourceRelationType="creatorOf"
                           xlink:href="FRAN_IR_053209"
                           xlink:type="simple">
            <relationEntry localType="archival">Images du répertoire du notaire Thomas Michelin pour l'étude CIX</relationEntry>
         </resourceRelation>
         <resourceRelation xmlns:xlink="http://www.w3.org/1999/xlink"
                           resourceRelationType="creatorOf"
                           xlink:href="FRAN_IR_053260"
                           xlink:type="simple">
            <relationEntry localType="archival">Images du répertoire du notaire François Levini d'Escours pour l'étude CIX</relationEntry>
         </resourceRelation>
         <resourceRelation xmlns:xlink="http://www.w3.org/1999/xlink"
                           resourceRelationType="creatorOf"
                           xlink:href="FRAN_IR_053275"
                           xlink:type="simple">
            <relationEntry localType="archival">Images des répertoires du notaire Richard Marcel Jarry pour l'étude CIX</relationEntry>
         </resourceRelation>
         <resourceRelation xmlns:xlink="http://www.w3.org/1999/xlink"
                           resourceRelationType="creatorOf"
                           xlink:href="FRAN_IR_053207"
                           xlink:type="simple">
            <relationEntry localType="archival">Images des répertoires du notaire Louis Michelin pour l'étude CIX</relationEntry>
         </resourceRelation>
         <resourceRelation xmlns:xlink="http://www.w3.org/1999/xlink"
                           resourceRelationType="creatorOf"
                           xlink:href="FRAN_IR_053198"
                           xlink:type="simple">
            <relationEntry localType="archival">Images des répertoires du notaire Charles Julien Martinon pour l'étude CIX</relationEntry>
         </resourceRelation>
         <resourceRelation xmlns:xlink="http://www.w3.org/1999/xlink"
                           resourceRelationType="creatorOf"
                           xlink:href="FRAN_IR_053246"
                           xlink:type="simple">
            <relationEntry localType="archival">Images du répertoire du notaire Augustin Jean Legrand pour l'étude CIX</relationEntry>
         </resourceRelation>
         <resourceRelation xmlns:xlink="http://www.w3.org/1999/xlink"
                           resourceRelationType="creatorOf"
                           xlink:href="FRAN_IR_053341"
                           xlink:type="simple">
            <relationEntry localType="archival">Images du répertoire du notaire Louis Antoine Debruge pour l'étude CIX</relationEntry>
         </resourceRelation>
         <resourceRelation xmlns:xlink="http://www.w3.org/1999/xlink"
                           resourceRelationType="creatorOf"
                           xlink:href="FRAN_IR_053622"
                           xlink:type="simple">
            <relationEntry localType="archival">Images des répertoires du notaire Marie Louis Amable Colin de Saint-Menge pour l'étude CIX</relationEntry>
         </resourceRelation>
         <resourceRelation xmlns:xlink="http://www.w3.org/1999/xlink"
                           resourceRelationType="creatorOf"
                           xlink:href="FRAN_IR_053280"
                           xlink:type="simple">
            <relationEntry localType="archival">Images du répertoire du notaire Gilbert Juge pour l'étude CIX</relationEntry>
         </resourceRelation>
         <resourceRelation xmlns:xlink="http://www.w3.org/1999/xlink"
                           resourceRelationType="creatorOf"
                           xlink:href="FRAN_IR_053343"
                           xlink:type="simple">
            <relationEntry localType="archival">Images des répertoires du notaire Alexandre Fortuné Druet pour l'étude CIX</relationEntry>
         </resourceRelation>
         <resourceRelation xmlns:xlink="http://www.w3.org/1999/xlink"
                           resourceRelationType="creatorOf"
                           xlink:href="FRAN_IR_053459"
                           xlink:type="simple">
            <relationEntry localType="archival">Images des répertoires du notaire Edmond Baudier pour l'étude CIX</relationEntry>
         </resourceRelation>
         <resourceRelation xmlns:xlink="http://www.w3.org/1999/xlink"
                           resourceRelationType="creatorOf"
                           xlink:href="FRAN_IR_053233"
                           xlink:type="simple">
            <relationEntry localType="archival">Images des répertoires du notaire Joseph Lavoignat pour l'étude CIX</relationEntry>
         </resourceRelation>
         <resourceRelation xmlns:xlink="http://www.w3.org/1999/xlink"
                           resourceRelationType="creatorOf"
                           xlink:href="FRAN_IR_043253"
                           xlink:type="simple">
            <relationEntry localType="archival">Archives de l'étude CIX</relationEntry>
         </resourceRelation>
         <resourceRelation xmlns:xlink="http://www.w3.org/1999/xlink"
                           resourceRelationType="creatorOf"
                           xlink:href="FRAN_IR_056320"
                           xlink:type="simple">
            <relationEntry localType="archival">Images des répertoires du notaire Jacques Ricordeau pour l'étude CIX</relationEntry>
         </resourceRelation>
         <resourceRelation xmlns:xlink="http://www.w3.org/1999/xlink"
                           resourceRelationType="creatorOf"
                           xlink:href="FRAN_IR_043278"
                           xlink:type="simple">
            <relationEntry localType="archival">Minutes et répertoires du notaire Joseph LAVOIGNAT, 14 décembre 1859 - 22 juin 1896 (étude CIX)</relationEntry>
         </resourceRelation>
         <resourceRelation xmlns:xlink="http://www.w3.org/1999/xlink"
                           resourceRelationType="creatorOf"
                           xlink:href="FRAN_IR_043277"
                           xlink:type="simple">
            <relationEntry localType="archival">Minutes et répertoires du notaire Edmond BAUDIER, 31 mai 1842 - 14 décembre 1859 (étude CIX)</relationEntry>
         </resourceRelation>
      </relations>
   </cpfDescription>
</eac-cpf>
