<eac-cpf xmlns="urn:isbn:1-931666-33-4"
         xmlns:xsi="http://www.w3.org/2001/XMLSchema-instance"
         xsi:schemaLocation="urn:isbn:1-931666-33-4 cpf.xsd">
   <control>
      <recordId>FRAN_NP_010179</recordId>
      <otherRecordId localType="Ancien_identifiant">FRDAFANCH00MC_NAETUDE_052</otherRecordId>
      <maintenanceStatus>revised</maintenanceStatus>
      <maintenanceAgency>
         <agencyName>Archives nationales de France</agencyName>
      </maintenanceAgency>
      <languageDeclaration>
         <language languageCode="fre">Français</language>
         <script scriptCode="Latn"/>
      </languageDeclaration>
      <conventionDeclaration>
         <citation>Notice établie conformément à la norme ICA-ISAAR (CPF) 2004, aux normes ISO 8601 pour le système de normalisation des dates utilisé, ainsi que AFNOR NF Z 44-061, juin 1986. Catalogage : forme et structure des vedettes noms de personne, des vedettes titres, des rubriques de classement et des titres forgés.</citation>
      </conventionDeclaration>
      <localControl localType="niveau_de_detail">
         <term>Complète</term>
      </localControl>
      <maintenanceHistory>
         <maintenanceEvent>
            <eventType>derived</eventType>
            <eventDateTime>2013-04-23</eventDateTime>
            <agentType>machine</agentType>
            <agent>Migration ETANOT</agent>
         </maintenanceEvent>
         <maintenanceEvent>
            <eventType>revised</eventType>
            <eventDateTime>2015-09-30</eventDateTime>
            <agentType>human</agentType>
            <agent>Marie-Françoise LIMON-BONNET</agent>
            <eventDescription>F. Clavaud, 10 octobre 2014 : revu indexation fonction</eventDescription>
         </maintenanceEvent>
      </maintenanceHistory>
      <sources>
         <source>
            <descriptiveNote>
               <p>
                  <span style="bold">Voir : </span>
               </p>
               <p>Limon-Bonnet (M.-F.) [dir.], 
      <span style="italic">122 minutes d'histoire. Actes des notaires de Paris, XVIe-XXe siècle</span>, Paris, 2012, pp. 108-109. 
     </p>
               <p>
                  <span style="italic">Annuaire officiel du notariat 2012</span>, p. 1018. 
     </p>
            </descriptiveNote>
         </source>
      </sources>
   </control>
   <cpfDescription>
      <identity>
         <entityType>corporateBody</entityType>
         <nameEntry localType="autorisée" scriptCode="Latn" xml:lang="fre">
            <part>Etude LII</part>
         </nameEntry>
         <nameEntry>
            <part>75120</part>
         </nameEntry>
         <nameEntry>
            <part>GIROUX Claude et MILLET Eric, SCP</part>
         </nameEntry>
      </identity>
      <description>
         <existDates>
            <dateRange>
               <fromDate standardDate="1632-01-01">1632</fromDate>
            </dateRange>
         </existDates>
         <places>
            <place>
               <placeRole>Lieu de Paris</placeRole>
               <placeEntry localType="nomLieu">75, rue Saint-Lazare, 75009 Paris</placeEntry>
               <placeEntry localType="voie" vocabularySource="d3nzd4mgh6-1q8zrk2z9ifof">Saint-Lazare (rue)</placeEntry>
               <placeEntry localType="arrondissement_actuel"
                           vocabularySource="d3nyv8il1a-d31b8dfjb0g5">09e arrondissement</placeEntry>
            </place>
         </places>
         <legalStatuses>
            <legalStatus>
               <term>office notarial</term>
            </legalStatus>
         </legalStatuses>
         <functions>
            <function>
               <term vocabularySource="d3nyui3o8w--11y7jgy8q3wnt">notaire à Paris</term>
               <dateRange>
                  <fromDate standardDate="1632-01-01">1632</fromDate>
               </dateRange>
            </function>
         </functions>
         <mandates>
            <mandate/>
         </mandates>
         <generalContext>
            <p>Les minutes de cette étude ont été versées aux Archives nationales (2013) jusqu'au 31 décembre 1938, mais elles n'ont pas encore été cotées. Leur communication en salle de lecture n'est donc pas encore possible.</p>
         </generalContext>
         <biogHist>
            <p>Etablie depuis 1632 rue Saint-Martin, l'étude se transporte durant la Révolution vers la rue du Gros-Chenet, actuelle rue du Sentier. En 1817, elle s'installe dans le quartier du palais Brongniart, où elle demeure jusqu'en 1855, date à laquelle elle se dirige vers les nouveaux quartiers haussmanniens de la rue de la Chaussée-d'Antin, puis de la rue de Clichy (1889). Ce n'est que très récemment, en 2003, qu'elle a déménagé pour son emplacement actuel, rue Saint-Lazare. Au travers des actes conservés dans l'étude se distingue une clientèle prestigieuse : contrat de mariage du maréchal de France Charles Armand de Gontaut-Biron (1686) accompagné des signatures de la famille royale, ou, au XVIIIe siècle, actes passés par d'illustres familles de robe parisienne telles que les Joly de Fleury, ou des hommes des Lumières, comme Jean-Jacques Bacon de La Chevalerie, militaire et promoteur de la franc-maçonnerie en France. Au XIXe siècle, la famille du duc de Decazes, royaliste modéré et président du Conseil de 1819 à 1820, fréquente l'étude. Enfin, avec l'installation dans les nouveaux quartiers haussmanniens, la clientèle d'affaires se fait plus présente : c'est ainsi qu'en 1844 et 1868 sont notamment définis les statuts de la société 
     <span style="italic"> Véritas France</span>, alors chargée d'audit pour le transport maritime, puis présente dans de nombreux autres pans de l'économie. 
    </p>
            <p>Le Minutier central conserve les minutes de l'étude LII à partir de l'année 1632.</p>
            <p>Les minutes de cette étude ont été versées aux Archives nationales (2013) jusqu'au 31 décembre 1938, mais elles n'ont pas encore été cotées. Leur communication en salle de lecture n'est donc pas encore possible.</p>
         </biogHist>
      </description>
      <relations>
         <cpfRelation xmlns:xlink="http://www.w3.org/1999/xlink"
                      cpfRelationType="associative"
                      xlink:href="FRAN_NP_011481"
                      xlink:type="simple">
            <relationEntry>Lefèvre, Ferdinand-Romain</relationEntry>
            <dateRange>
               <fromDate standardDate="1805-10-10">10 octobre 1805</fromDate>
               <toDate standardDate="1821-11-13">13 novembre 1821</toDate>
            </dateRange>
         </cpfRelation>
         <cpfRelation xmlns:xlink="http://www.w3.org/1999/xlink"
                      cpfRelationType="associative"
                      xlink:href="FRAN_NP_011613"
                      xlink:type="simple">
            <relationEntry>Liévain, Jean-Nicolas</relationEntry>
            <dateRange>
               <fromDate standardDate="1708-03-13">13 mars 1708</fromDate>
               <toDate standardDate="1715-12-23">23 décembre 1715</toDate>
            </dateRange>
         </cpfRelation>
         <cpfRelation xmlns:xlink="http://www.w3.org/1999/xlink"
                      cpfRelationType="associative"
                      xlink:href="FRAN_NP_011155"
                      xlink:type="simple">
            <relationEntry>Mestayer, André Gustave</relationEntry>
            <dateRange>
               <fromDate standardDate="1849-08-04">4 août 1849</fromDate>
               <toDate standardDate="1865-02-25">25 février 1865</toDate>
            </dateRange>
         </cpfRelation>
         <cpfRelation xmlns:xlink="http://www.w3.org/1999/xlink"
                      cpfRelationType="associative"
                      xlink:href="FRAN_NP_012587"
                      xlink:type="simple">
            <relationEntry>Clos, Jean-Charles</relationEntry>
            <dateRange>
               <fromDate standardDate="1764-02-04">4 février 1764</fromDate>
               <toDate standardDate="1771-07-05">5 juillet 1771</toDate>
            </dateRange>
         </cpfRelation>
         <cpfRelation xmlns:xlink="http://www.w3.org/1999/xlink"
                      cpfRelationType="associative"
                      xlink:href="FRAN_NP_013216"
                      xlink:type="simple">
            <relationEntry>Prieur, Rollin</relationEntry>
            <dateRange>
               <fromDate standardDate="1652-03-21">21 mars 1652</fromDate>
               <toDate standardDate="1708-03-12">12 mars 1708</toDate>
            </dateRange>
         </cpfRelation>
         <cpfRelation xmlns:xlink="http://www.w3.org/1999/xlink"
                      cpfRelationType="associative"
                      xlink:href="FRAN_NP_011977"
                      xlink:type="simple">
            <relationEntry>Guérin, Jean-Louis</relationEntry>
            <dateRange>
               <fromDate standardDate="1716-02-11">11 février 1716</fromDate>
               <toDate standardDate="1764-02-01">1er février 1764</toDate>
            </dateRange>
         </cpfRelation>
         <cpfRelation xmlns:xlink="http://www.w3.org/1999/xlink"
                      cpfRelationType="associative"
                      xlink:href="FRAN_NP_011921"
                      xlink:type="simple">
            <relationEntry>Giroux, Claude</relationEntry>
            <dateRange>
               <fromDate standardDate="2003-07-08">8 juillet 2003</fromDate>
            </dateRange>
         </cpfRelation>
         <cpfRelation xmlns:xlink="http://www.w3.org/1999/xlink"
                      cpfRelationType="associative"
                      xlink:href="FRAN_NP_013344"
                      xlink:type="simple">
            <relationEntry>Millet, Éric</relationEntry>
            <dateRange>
               <fromDate standardDate="2007-11-06">6 novembre 2007</fromDate>
            </dateRange>
         </cpfRelation>
         <cpfRelation xmlns:xlink="http://www.w3.org/1999/xlink"
                      cpfRelationType="associative"
                      xlink:href="FRAN_NP_012877"
                      xlink:type="simple">
            <relationEntry>Bertin, Jules-François</relationEntry>
            <dateRange>
               <fromDate standardDate="1831-11-04">4 novembre 1831</fromDate>
               <toDate standardDate="1837-08-26">26 août 1837</toDate>
            </dateRange>
         </cpfRelation>
         <cpfRelation xmlns:xlink="http://www.w3.org/1999/xlink"
                      cpfRelationType="associative"
                      xlink:href="FRAN_NP_013136"
                      xlink:type="simple">
            <relationEntry>Apaire, Cyrille Camille</relationEntry>
            <dateRange>
               <fromDate standardDate="1956-07-25">25 juillet 1956</fromDate>
               <toDate standardDate="1990-12-19">19 décembre 1990</toDate>
            </dateRange>
         </cpfRelation>
         <cpfRelation xmlns:xlink="http://www.w3.org/1999/xlink"
                      cpfRelationType="associative"
                      xlink:href="FRAN_NP_013244"
                      xlink:type="simple">
            <relationEntry>Sollier, Anne-Magdelaine (19..-....)</relationEntry>
            <dateRange>
               <fromDate standardDate="2007-01-01">2007</fromDate>
               <toDate standardDate="2013-12-31">2013</toDate>
            </dateRange>
         </cpfRelation>
         <cpfRelation xmlns:xlink="http://www.w3.org/1999/xlink"
                      cpfRelationType="associative"
                      xlink:href="FRAN_NP_012806"
                      xlink:type="simple">
            <relationEntry>Bazin, Gaston Joseph</relationEntry>
            <dateRange>
               <fromDate standardDate="1889-12-06">6 décembre 1889</fromDate>
               <toDate standardDate="1923-07-31">31 juillet 1923</toDate>
            </dateRange>
         </cpfRelation>
         <cpfRelation xmlns:xlink="http://www.w3.org/1999/xlink"
                      cpfRelationType="associative"
                      xlink:href="FRAN_NP_012735"
                      xlink:type="simple">
            <relationEntry>Cherrier, Christian</relationEntry>
            <dateRange>
               <fromDate standardDate="1990-12-19">19 décembre 1990</fromDate>
               <toDate standardDate="2003-07-31">31 juillet 2003</toDate>
            </dateRange>
         </cpfRelation>
         <cpfRelation xmlns:xlink="http://www.w3.org/1999/xlink"
                      cpfRelationType="associative"
                      xlink:href="FRAN_NP_010382"
                      xlink:type="simple">
            <relationEntry>Vincent, Achille Lucien Jacques</relationEntry>
            <dateRange>
               <fromDate standardDate="1923-07-31">31 juillet 1923</fromDate>
               <toDate standardDate="1956-07-25">25 juillet 1956</toDate>
            </dateRange>
         </cpfRelation>
         <cpfRelation xmlns:xlink="http://www.w3.org/1999/xlink"
                      cpfRelationType="associative"
                      xlink:href="FRAN_NP_011013"
                      xlink:type="simple">
            <relationEntry>Prieur, Martin</relationEntry>
            <dateRange>
               <fromDate standardDate="1632-05-11">11 mai 1632</fromDate>
               <toDate standardDate="1652-02-07">7 février 1652</toDate>
            </dateRange>
         </cpfRelation>
         <cpfRelation xmlns:xlink="http://www.w3.org/1999/xlink"
                      cpfRelationType="associative"
                      xlink:href="FRAN_NP_011055"
                      xlink:type="simple">
            <relationEntry>Mailand, Ange-Eugène</relationEntry>
            <dateRange>
               <fromDate standardDate="1837-08-26">26 août 1837</fromDate>
               <toDate standardDate="1849-08-04">4 août 1849</toDate>
            </dateRange>
         </cpfRelation>
         <cpfRelation xmlns:xlink="http://www.w3.org/1999/xlink"
                      cpfRelationType="associative"
                      xlink:href="FRAN_NP_012586"
                      xlink:type="simple">
            <relationEntry>Chavet, Etienne-Innocent</relationEntry>
            <dateRange>
               <fromDate standardDate="1771-07-06">6 juillet 1771</fromDate>
               <toDate standardDate="1797-11-22">22 novembre 1797</toDate>
            </dateRange>
         </cpfRelation>
         <cpfRelation xmlns:xlink="http://www.w3.org/1999/xlink"
                      cpfRelationType="associative"
                      xlink:href="FRAN_NP_011151"
                      xlink:type="simple">
            <relationEntry>Mesnard, Jean-Baptiste</relationEntry>
            <dateRange>
               <fromDate standardDate="1797-11-22">22 novembre 1797</fromDate>
               <toDate standardDate="1805-10-10">10 octobre 1805</toDate>
            </dateRange>
         </cpfRelation>
         <cpfRelation xmlns:xlink="http://www.w3.org/1999/xlink"
                      cpfRelationType="associative"
                      xlink:href="FRAN_NP_012276"
                      xlink:type="simple">
            <relationEntry>Delaunay, Alexis-Achille</relationEntry>
            <dateRange>
               <fromDate standardDate="1865-02-25">25 février 1865</fromDate>
               <toDate standardDate="1889-12-06">6 décembre 1889</toDate>
            </dateRange>
         </cpfRelation>
         <cpfRelation xmlns:xlink="http://www.w3.org/1999/xlink"
                      cpfRelationType="associative"
                      xlink:href="FRAN_NP_012277"
                      xlink:type="simple">
            <relationEntry>Dubois, François</relationEntry>
            <dateRange>
               <fromDate standardDate="1821-11-13">13 novembre 1821</fromDate>
               <toDate standardDate="1831-11-04">4 novembre 1831</toDate>
            </dateRange>
         </cpfRelation>
         <resourceRelation xmlns:xlink="http://www.w3.org/1999/xlink"
                           resourceRelationType="creatorOf"
                           xlink:href="FRAN_IR_052135"
                           xlink:type="simple">
            <relationEntry localType="archival">Images des répertoires du notaire André Gustave Mestayer pour l'étude LII</relationEntry>
         </resourceRelation>
         <resourceRelation xmlns:xlink="http://www.w3.org/1999/xlink"
                           resourceRelationType="creatorOf"
                           xlink:href="FRAN_IR_052143"
                           xlink:type="simple">
            <relationEntry localType="archival">Images du répertoire du notaire Gaston Joseph Bazin pour l'étude LII</relationEntry>
         </resourceRelation>
         <resourceRelation xmlns:xlink="http://www.w3.org/1999/xlink"
                           resourceRelationType="subjectOf"
                           xlink:href="FRAN_IR_042248"
                           xlink:type="simple">
            <relationEntry localType="archival">Minutes et répertoires du notaire Jean Charles CLOS, 4 février 1764 - 4 juillet 1771 (étude LII)</relationEntry>
         </resourceRelation>
         <resourceRelation xmlns:xlink="http://www.w3.org/1999/xlink"
                           resourceRelationType="subjectOf"
                           xlink:href="FRAN_IR_042251"
                           xlink:type="simple">
            <relationEntry localType="archival">Minutes et répertoires du notaire Jean-Baptiste MESNARD, 23 novembre 1797 - 9 octobre 1805 (étude LII)</relationEntry>
         </resourceRelation>
         <resourceRelation xmlns:xlink="http://www.w3.org/1999/xlink"
                           resourceRelationType="subjectOf"
                           xlink:href="FRAN_IR_042253"
                           xlink:type="simple">
            <relationEntry localType="archival">Minutes et répertoires du notaire Jules François BERTIN, 4 novembre 1831 - 25 août 1837 (étude LII)</relationEntry>
         </resourceRelation>
         <resourceRelation xmlns:xlink="http://www.w3.org/1999/xlink"
                           resourceRelationType="subjectOf"
                           xlink:href="FRAN_IR_042254"
                           xlink:type="simple">
            <relationEntry localType="archival">Minutes et répertoires du notaire Ange Eugène MAILAND, 30 août 1837 - 2 août 1849 (étude LII)</relationEntry>
         </resourceRelation>
         <resourceRelation xmlns:xlink="http://www.w3.org/1999/xlink"
                           resourceRelationType="creatorOf"
                           xlink:href="FRAN_IR_042247"
                           xlink:type="simple">
            <relationEntry localType="archival">Minutes et répertoires du notaire Jean Louis GUÉRIN, 12 février 1716 - 1er février 1764 (étude LII)</relationEntry>
         </resourceRelation>
         <resourceRelation xmlns:xlink="http://www.w3.org/1999/xlink"
                           resourceRelationType="creatorOf"
                           xlink:href="FRAN_IR_042250"
                           xlink:type="simple">
            <relationEntry localType="archival">Minutes et répertoires du notaire Ferdinand Romain LEFÈVRE, 10 octobre 1805 - 12 novembre 1821 (étude LII)</relationEntry>
         </resourceRelation>
         <resourceRelation xmlns:xlink="http://www.w3.org/1999/xlink"
                           resourceRelationType="creatorOf"
                           xlink:href="FRAN_IR_054123"
                           xlink:type="simple">
            <relationEntry localType="archival">Minutes et répertoires du notaire Achille Lucien Jacques VINCENT, 1er août 1923 - 31 décembre 1938 (étude LII)</relationEntry>
         </resourceRelation>
         <resourceRelation xmlns:xlink="http://www.w3.org/1999/xlink"
                           resourceRelationType="creatorOf"
                           xlink:href="FRAN_IR_042244"
                           xlink:type="simple">
            <relationEntry localType="archival">Minutes et répertoires du notaire Martin PRIEUR, 11 mai 1632 - 7 février 1652 (étude LII)</relationEntry>
         </resourceRelation>
         <resourceRelation xmlns:xlink="http://www.w3.org/1999/xlink"
                           resourceRelationType="creatorOf"
                           xlink:href="FRAN_IR_042245"
                           xlink:type="simple">
            <relationEntry localType="archival">Minutes et répertoires du notaire Rollin PRIEUR, 21 mars 1652 - 12 mars 1708 (étude LII)</relationEntry>
         </resourceRelation>
         <resourceRelation xmlns:xlink="http://www.w3.org/1999/xlink"
                           resourceRelationType="creatorOf"
                           xlink:href="FRAN_IR_054314"
                           xlink:type="simple">
            <relationEntry localType="archival">Images des répertoires du notaire François Dubois pour l'étude LII</relationEntry>
         </resourceRelation>
         <resourceRelation xmlns:xlink="http://www.w3.org/1999/xlink"
                           resourceRelationType="creatorOf"
                           xlink:href="FRAN_IR_052996"
                           xlink:type="simple">
            <relationEntry localType="archival">Images des répertoires du notaire Jean Louis Guérin pour l'étude LII</relationEntry>
         </resourceRelation>
         <resourceRelation xmlns:xlink="http://www.w3.org/1999/xlink"
                           resourceRelationType="creatorOf"
                           xlink:href="FRAN_IR_052997"
                           xlink:type="simple">
            <relationEntry localType="archival">Images du répertoire du notaire Jean Charles Clos pour l'étude LII</relationEntry>
         </resourceRelation>
         <resourceRelation xmlns:xlink="http://www.w3.org/1999/xlink"
                           resourceRelationType="creatorOf"
                           xlink:href="FRAN_IR_052998"
                           xlink:type="simple">
            <relationEntry localType="archival">Images des répertoires du notaire Etienne Innocent Chavet pour l'étude LII</relationEntry>
         </resourceRelation>
         <resourceRelation xmlns:xlink="http://www.w3.org/1999/xlink"
                           resourceRelationType="creatorOf"
                           xlink:href="FRAN_IR_052994"
                           xlink:type="simple">
            <relationEntry localType="archival">Images du répertoire du notaire Jean-Baptiste Mesnard pour l'étude LII</relationEntry>
         </resourceRelation>
         <resourceRelation xmlns:xlink="http://www.w3.org/1999/xlink"
                           resourceRelationType="creatorOf"
                           xlink:href="FRAN_IR_052995"
                           xlink:type="simple">
            <relationEntry localType="archival">Images des répertoires du notaire Ferdinand Romain Lefèvre pour l'étude LII</relationEntry>
         </resourceRelation>
         <resourceRelation xmlns:xlink="http://www.w3.org/1999/xlink"
                           resourceRelationType="creatorOf"
                           xlink:href="FRAN_IR_042246"
                           xlink:type="simple">
            <relationEntry localType="archival">Minutes et répertoires du notaire Jean Nicolas LIÉVAIN, 14 mars 1708 - 5 février 1716 (étude LII)</relationEntry>
         </resourceRelation>
         <resourceRelation xmlns:xlink="http://www.w3.org/1999/xlink"
                           resourceRelationType="creatorOf"
                           xlink:href="FRAN_IR_052999"
                           xlink:type="simple">
            <relationEntry localType="archival">Images des répertoires du notaire Jules François Bertin pour l'étude LII</relationEntry>
         </resourceRelation>
         <resourceRelation xmlns:xlink="http://www.w3.org/1999/xlink"
                           resourceRelationType="creatorOf"
                           xlink:href="FRAN_IR_052993"
                           xlink:type="simple">
            <relationEntry localType="archival">Images des répertoires du notaire Ange Eugène Mailand pour l'étude LII</relationEntry>
         </resourceRelation>
         <resourceRelation xmlns:xlink="http://www.w3.org/1999/xlink"
                           resourceRelationType="creatorOf"
                           xlink:href="FRAN_IR_054312"
                           xlink:type="simple">
            <relationEntry localType="archival">Images des répertoires du notaire Alexis Achille Delaunay pour l'étude LII</relationEntry>
         </resourceRelation>
         <resourceRelation xmlns:xlink="http://www.w3.org/1999/xlink"
                           resourceRelationType="creatorOf"
                           xlink:href="FRAN_IR_042243"
                           xlink:type="simple">
            <relationEntry localType="archival">Archives de l'étude LII</relationEntry>
         </resourceRelation>
         <resourceRelation xmlns:xlink="http://www.w3.org/1999/xlink"
                           resourceRelationType="creatorOf"
                           xlink:href="FRAN_IR_042255"
                           xlink:type="simple">
            <relationEntry localType="archival">Minutes et répertoires du notaire André Gustave MESTAYER, 4 août 1849 - 21 février 1865 (étude LII)</relationEntry>
         </resourceRelation>
      </relations>
   </cpfDescription>
</eac-cpf>
