<eac-cpf xmlns="urn:isbn:1-931666-33-4"
         xmlns:xsi="http://www.w3.org/2001/XMLSchema-instance"
         xsi:schemaLocation="urn:isbn:1-931666-33-4 cpf.xsd">
   <control>
      <recordId>FRAN_NP_010100</recordId>
      <maintenanceStatus>revised</maintenanceStatus>
      <maintenanceAgency>
         <agencyName>Archives nationales de France</agencyName>
      </maintenanceAgency>
      <languageDeclaration>
         <language languageCode="fre">Français</language>
         <script scriptCode="Latn"/>
      </languageDeclaration>
      <conventionDeclaration>
         <citation>Notice établie conformément à la norme ICA-ISAAR (CPF) 2004, aux normes ISO 8601 pour le système de normalisation des dates utilisé, ainsi que AFNOR NF Z 44-061, juin 1986. Catalogage : forme et structure des vedettes noms de personne, des vedettes titres, des rubriques de classement et des titres forgés.</citation>
      </conventionDeclaration>
      <localControl localType="niveau_de_detail">
         <term>Moyenne</term>
      </localControl>
      <maintenanceHistory>
         <maintenanceEvent>
            <eventType>derived</eventType>
            <eventDateTime>2013-04-23</eventDateTime>
            <agentType>machine</agentType>
            <agent>Import_SIA</agent>
         </maintenanceEvent>
         <maintenanceEvent>
            <eventType>revised</eventType>
            <eventDateTime>2013-10-17</eventDateTime>
            <agentType>human</agentType>
            <agent>Virginie POTIN</agent>
         </maintenanceEvent>
         <maintenanceEvent>
            <eventType>revised</eventType>
            <eventDateTime>2013-10-17</eventDateTime>
            <agentType>human</agentType>
            <agent>Florence CLAVAUD</agent>
            <eventDescription>F. Clavaud, 17 octobre 2013 : ajout forme internationale du nom et n° notice BnF</eventDescription>
         </maintenanceEvent>
         <maintenanceEvent>
            <eventType>revised</eventType>
            <eventDateTime>2017-10-26</eventDateTime>
            <agentType>human</agentType>
            <agent>Virginie GREGOIRE</agent>
            <eventDescription>Ajout : ISNI, relations identité (BnF, wikipédia), lien IR, activité, lien association. Correction notice biographique.</eventDescription>
         </maintenanceEvent>
         <maintenanceEvent>
            <eventType>updated</eventType>
            <eventDateTime>2017-12-26</eventDateTime>
            <agentType>human</agentType>
            <agent>Isabelle ARISTIDE-HASTIR</agent>
         </maintenanceEvent>
      </maintenanceHistory>
      <sources>
         <source>
            <sourceEntry>Notice d'autorité BnF (http://catalogue.bnf.fr/ark:/12148/cb11901647d/PUBLIC)</sourceEntry>
         </source>
         <source>
            <sourceEntry>Notice wikipédia https://fr.wikipedia.org/wiki/Georgette_Elgey</sourceEntry>
         </source>
         <source>
            <sourceEntry>Archives nationales : fonds Georgette Elgey (561AP)</sourceEntry>
         </source>
      </sources>
   </control>
   <cpfDescription>
      <identity>
         <entityId>ISNI 0000 0001 0891 952X</entityId>
         <entityType>person</entityType>
         <nameEntry localType="autorisée" scriptCode="Latn" xml:lang="fre">
            <part>Elgey, Georgette (1929-....)</part>
         </nameEntry>
         <nameEntry localType="autres normes">
            <part>Elgey, Georgette (1929-....)</part>
         </nameEntry>
      </identity>
      <description>
         <existDates>
            <dateRange>
               <fromDate standardDate="1929-02-24">24 février 1929</fromDate>
            </dateRange>
         </existDates>
         <occupations>
            <occupation>
               <term vocabularySource="d699msizce3-1fkn61hd3lpjw">journaliste</term>
            </occupation>
            <occupation>
               <term vocabularySource="d699msj3i51--hevk1gms21cg">écrivain</term>
            </occupation>
         </occupations>
         <biogHist>
            <p>Journaliste et historienne, Georgette Elgey est l’auteur de plusieurs ouvrages : 
     <span style="italic">Histoire de Vichy</span> (1954) écrit avec Robert Aron, 
     <span style="italic">La Fenêtre ouverte : récit</span> (1973), 
     <span style="italic">Anonymes</span> (1980 ), 
     <span style="italic">La Cinquième ou la république des phratries</span> (1999). Georgette Elgey est surtout connue pour son 
     <span style="italic">Histoire de la IVe République</span> dont quatre tomes sont publiés à ce jour. Pour cette publication, elle a interviewé des hommes politiques et utilisé ses notes et résumés d’entretiens, mais aussi l’abondante documentation à laquelle elle a eu accès comme collaboratrice de François Mitterrand à l’Elysée (1982-1995). Georgette Elgey est membre du Conseil économique et social (1999-2004) elle a également présidé le Conseil supérieur des archives (2007-2016). 
    </p>
         </biogHist>
      </description>
      <relations>
         <cpfRelation xmlns:xlink="http://www.w3.org/1999/xlink"
                      cpfRelationType="associative"
                      xlink:href="FRAN_NP_051194"
                      xlink:type="simple">
            <relationEntry>Une cité pour les Archives nationales (2001-2013)</relationEntry>
            <dateRange>
               <fromDate standardDate="2001-01-17">17 janvier 2001</fromDate>
               <toDate standardDate="2013-04-16">16 avril 2013</toDate>
            </dateRange>
            <descriptiveNote>
               <p> G. Elgey, présidente d'honneur de l'association Une Cité pour les Archives nationales </p>
            </descriptiveNote>
         </cpfRelation>
         <cpfRelation xmlns:xlink="http://www.w3.org/1999/xlink"
                      cpfRelationType="identity"
                      xlink:href="https://fr.wikipedia.org/wiki/Georgette_Elgey"
                      xlink:type="simple">
            <relationEntry>Georgette Elgey</relationEntry>
            <dateRange>
               <fromDate standardDate="1929-02-24">24 février 1929</fromDate>
            </dateRange>
            <descriptiveNote>
               <p>Lien vers notice wikipédia</p>
            </descriptiveNote>
         </cpfRelation>
         <cpfRelation xmlns:xlink="http://www.w3.org/1999/xlink"
                      cpfRelationType="identity"
                      xlink:href="http://catalogue.bnf.fr/ark:/12148/cb11901647d"
                      xlink:type="simple">
            <relationEntry>Elgey, Georgette</relationEntry>
            <dateRange>
               <fromDate standardDate="1929-02-24">24 février 1929</fromDate>
            </dateRange>
            <descriptiveNote>
               <p>Lien vers notice autorité BnF</p>
            </descriptiveNote>
         </cpfRelation>
         <cpfRelation xmlns:xlink="http://www.w3.org/1999/xlink"
                      cpfRelationType="associative"
                      xlink:href="FRAN_NP_009914"
                      xlink:type="simple">
            <relationEntry>France. Présidence de la République sous François Mitterrand (1981-1995)</relationEntry>
            <dateRange>
               <fromDate standardDate="1982-01-01">1982</fromDate>
               <toDate standardDate="1995-05-17">17 mai 1995</toDate>
            </dateRange>
            <descriptiveNote>
               <p>Georgette Elgey, conseillère technique à la présidence de la république.</p>
            </descriptiveNote>
         </cpfRelation>
         <resourceRelation xmlns:xlink="http://www.w3.org/1999/xlink"
                           resourceRelationType="creatorOf"
                           xlink:href="FRAN_IR_003487"
                           xlink:type="simple">
            <relationEntry localType="archival">Fonds Georgette Elgey (1914-2012)</relationEntry>
         </resourceRelation>
      </relations>
   </cpfDescription>
</eac-cpf>
