<eac-cpf xmlns="urn:isbn:1-931666-33-4"
         xmlns:xsi="http://www.w3.org/2001/XMLSchema-instance"
         xsi:schemaLocation="urn:isbn:1-931666-33-4 cpf.xsd">
   <control>
      <recordId>FRAN_NP_005368</recordId>
      <otherRecordId localType="Ancien_identifiant">5116/CCF</otherRecordId>
      <maintenanceStatus>revised</maintenanceStatus>
      <maintenanceAgency>
         <agencyName>Archives nationales de France</agencyName>
      </maintenanceAgency>
      <languageDeclaration>
         <language languageCode="fre">Français</language>
         <script scriptCode="Latn"/>
      </languageDeclaration>
      <conventionDeclaration>
         <citation>Notice établie conformément à la norme ICA-ISAAR (CPF) 2004, aux normes ISO 8601 pour le système de normalisation des dates utilisé, ainsi que AFNOR NF Z 44-061, juin 1986. Catalogage : forme et structure des vedettes noms de personne, des vedettes titres, des rubriques de classement et des titres forgés.</citation>
      </conventionDeclaration>
      <localControl localType="niveau_de_detail">
         <term>Complète</term>
      </localControl>
      <maintenanceHistory>
         <maintenanceEvent>
            <eventType>derived</eventType>
            <eventDateTime>2013-04-23</eventDateTime>
            <agentType>machine</agentType>
            <agent>Import_SIA</agent>
         </maintenanceEvent>
         <maintenanceEvent>
            <eventType>revised</eventType>
            <eventDateTime>2015-10-02</eventDateTime>
            <agentType>human</agentType>
            <agent>Elsa CAMUS</agent>
            <eventDescription>Modification du nom, des liens entre producteurs. Ajout de l'historique, du texte de référence, et des sources.</eventDescription>
         </maintenanceEvent>
         <maintenanceEvent>
            <eventType>updated</eventType>
            <eventDateTime>2016-10-20</eventDateTime>
            <agentType>human</agentType>
            <agent>Mission.referentiels MISSION.REFERENTIELS</agent>
         </maintenanceEvent>
      </maintenanceHistory>
      <sources>
         <source>
            <descriptiveNote>
               <p>Dardy-Cretin Michèle, 
      <span style="italic">Histoire administrative du Ministère de la culture et de la communication, 1959-2012 : les services de l'administration centrale, Paris, Comité d'histoire du Ministère de la Culture</span>, 2012 
     </p>
            </descriptiveNote>
         </source>
      </sources>
   </control>
   <cpfDescription>
      <identity>
         <entityType>corporateBody</entityType>
         <nameEntry localType="autorisée" scriptCode="Latn" xml:lang="fre">
            <part>France. Ministère de la Culture et de la Communication. Direction de l'architecture et du patrimoine. Bureau budget et affaires financières (1998-2010)</part>
         </nameEntry>
         <nameEntry>
            <part>France. Ministère de la Culture et de la Communication. Direction de l'architecture et du patrimoine. Bureau des affaires générales et financières (1998-2004)</part>
            <useDates>
               <dateRange>
                  <fromDate standardDate="1998-01-01">1998</fromDate>
                  <toDate standardDate="2004-12-31">2004</toDate>
               </dateRange>
            </useDates>
         </nameEntry>
         <nameEntry>
            <part>France. Ministère de la Culture et de la Communication. Direction de l'architecture et du patrimoine. Sous-direction des ressources humaines et des affaires générales. Bureau des affaires générales et financières (1998-2004)</part>
            <useDates>
               <dateRange>
                  <fromDate standardDate="1998-01-01">1998</fromDate>
                  <toDate standardDate="2004-12-31">2004</toDate>
               </dateRange>
            </useDates>
         </nameEntry>
         <nameEntry>
            <part>France. Ministère de la Culture et de la Communication. Sous-direction de la coordination et des affaires générales. Direction de l'architecture et du patrimoine. Bureau budget et affaires financières (1998-2010)</part>
            <useDates>
               <dateRange>
                  <fromDate standardDate="1998-01-01">1998</fromDate>
                  <toDate standardDate="2010-12-31">2010</toDate>
               </dateRange>
            </useDates>
         </nameEntry>
      </identity>
      <description>
         <existDates>
            <dateRange>
               <fromDate standardDate="1998-01-01">1998</fromDate>
               <toDate standardDate="2010-12-31">2010</toDate>
            </dateRange>
         </existDates>
         <legalStatuses>
            <legalStatus>
               <term vocabularySource="d5blonaxbw--1mt8t42bokzts">service d'administration centrale</term>
            </legalStatus>
         </legalStatuses>
         <mandates>
            <mandate>
               <descriptiveNote>
                  <p>Décret n°98-840 du 21 septembre 1998 portant création d'une direction de l'architecture et du patrimoine : http://www.legifrance.gouv.fr/jopdf/common/jo_pdf.jsp?numJO=0&amp;dateJO=19980922&amp;numTexte=&amp;pageDebut=14437&amp;pageFin=220998 ;</p>
                  <p> Arrêté du 21 septembre 1998 portant organisation des services de la direction de l'architecture et du patrimoine : http://www.legifrance.gouv.fr/affichTexte.do?cidTexte=JORFTEXT000000206064&amp;fastPos=12&amp;fastReqId=676744877&amp;categorieLien=id&amp;oldAction=rechTexte ;</p>
                  <p> Arrêté du 21 septembre 1998 relatif à l'organisation de la direction de l'architecture et du patrimoine : http://www.legifrance.gouv.fr/affichTexte.do?cidTexte=JORFTEXT000000573951&amp;fastPos=28&amp;fastReqId=1598169265&amp;categorieLien=id&amp;oldAction=rechTexte ;</p>
                  <p>Arrêtés du 28 novembre 2001 relatif à l'organisation de la direction de l'architecture et du patrmoine : http://www.legifrance.gouv.fr/jopdf/common/jo_pdf.jsp?numJO=0&amp;dateJO=20011130&amp;numTexte=31&amp;pageDebut=19056&amp;pageFin=19058 et http://www.legifrance.gouv.fr/jopdf/common/jo_pdf.jsp?numJO=0&amp;dateJO=20011130&amp;numTexte=32&amp;pageDebut=19058&amp;pageFin=19058 ;</p>
                  <p>Arrêté du 14 octobre 2004 portant organisation des sous-directions et services de la direction de l'architecture et du patrimoine : http://www.legifrance.gouv.fr/jopdf/common/jo_pdf.jsp?numJO=0&amp;dateJO=20041016&amp;numTexte=36&amp;pageDebut=17623&amp;pageFin=17623 ;</p>
                  <p>Arrêté du 14 octobre 2004 relatif à l'organisation et aux missions des services de la direction de l'architecture et du patrimoine : http://www.legifrance.gouv.fr/jopdf/common/jo_pdf.jsp?numJO=0&amp;dateJO=20041016&amp;numTexte=35&amp;pageDebut=17621&amp;pageFin=17623 ;</p>
                  <p>Décret n°2009-1393 du 11 novembre 2009 relatif aux missions et à l'organisation de l'administration centrale du ministère de la culture et de la communication : http://www.legifrance.gouv.fr/jopdf/common/jo_pdf.jsp?numJO=0&amp;dateJO=20091115&amp;numTexte=17&amp;pageDebut=&amp;pageFin=.</p>
               </descriptiveNote>
            </mandate>
         </mandates>
         <biogHist>
            <p>Issu de la fusion de la direction de l'architecture et de la direction du patrimoine en 1998, le bureau "budget et affaires financières" est créé par arrêté le 21 septembre 1998. Ce bureau regroupe alors les anciens bureaux des affaires générales de la direction de l'architecture et de la direction du patrimoine.</p>
            <p>À sa création, il porte le nom de "bureau des affaires générales et financières" et il est placé au sein du service des enseignements, des ressources, des publics et des réseaux à la sous-direction des ressources humaines et des affaires générales.</p>
            <p>Suite à la réorganisation de 2001, le regroupement en services disparaît et le bureau des affaires générales et financières est directement rattaché à la sous-direction de la coordination et des affaires généralesdirection.</p>
            <p>Les arrêtés du 14 octobre 2004 viennent préciser les missions et la nouvelle organisation de la direction de l'architecture et du patrimoine : le bureau des affaires générales et financières devient le bureau budget et affaires financières et est placé au sein du secrétariat général.</p>
            <p>La direction de l'architecture et du patrimoine est supprimé en 2010 : elle rejoint la direction du patrimoine nouvellement créée, et le bureau budget et affaires financières devient alors le bureau des affaires financières.</p>
         </biogHist>
      </description>
      <relations>
         <cpfRelation xmlns:xlink="http://www.w3.org/1999/xlink"
                      cpfRelationType="temporal-later"
                      xlink:href="FRAN_NP_005599"
                      xlink:type="simple">
            <relationEntry>Bureau des affaires financières (direction générale des patrimoines)</relationEntry>
            <dateRange>
               <fromDate standardDate="2010-01-01">2010</fromDate>
            </dateRange>
         </cpfRelation>
         <cpfRelation xmlns:xlink="http://www.w3.org/1999/xlink"
                      cpfRelationType="temporal-earlier"
                      xlink:href="FRAN_NP_005699"
                      xlink:type="simple">
            <relationEntry>Bureau des affaires générales (direction de l'architecture)</relationEntry>
            <dateRange>
               <fromDate standardDate="1998-01-01">1998</fromDate>
            </dateRange>
         </cpfRelation>
         <cpfRelation xmlns:xlink="http://www.w3.org/1999/xlink"
                      cpfRelationType="temporal-earlier"
                      xlink:href="FRAN_NP_005167"
                      xlink:type="simple">
            <relationEntry>Bureau des affaires générales (direction du patrimoine)</relationEntry>
            <dateRange>
               <fromDate standardDate="1998-01-01">1998</fromDate>
            </dateRange>
         </cpfRelation>
         <cpfRelation xmlns:xlink="http://www.w3.org/1999/xlink"
                      cpfRelationType="hierarchical-parent"
                      xlink:href="FRAN_NP_005660"
                      xlink:type="simple">
            <relationEntry>Secrétariat général (direction de l'architecture et du patrimoine)</relationEntry>
            <dateRange>
               <fromDate standardDate="2004-10-14">14 octobre 2004</fromDate>
               <toDate standardDate="2010-12-31">2010</toDate>
            </dateRange>
            <descriptiveNote>
               <p>@isPartOf@</p>
            </descriptiveNote>
         </cpfRelation>
         <cpfRelation xmlns:xlink="http://www.w3.org/1999/xlink"
                      cpfRelationType="hierarchical-parent"
                      xlink:href="FRAN_NP_005371"
                      xlink:type="simple">
            <relationEntry>Sous-direction de la coordination et des affaires générales (direction de l'architecture et du patrimoine)</relationEntry>
            <dateRange>
               <fromDate standardDate="1998-01-01">1998</fromDate>
               <toDate standardDate="2003-12-31">2003</toDate>
            </dateRange>
            <descriptiveNote>
               <p>@isPartOf@</p>
            </descriptiveNote>
         </cpfRelation>
      </relations>
   </cpfDescription>
</eac-cpf>
