<eac-cpf xmlns="urn:isbn:1-931666-33-4"
         xmlns:xsi="http://www.w3.org/2001/XMLSchema-instance"
         xsi:schemaLocation="urn:isbn:1-931666-33-4 cpf.xsd">
   <control>
      <recordId>FRAN_NP_007050</recordId>
      <maintenanceStatus>revised</maintenanceStatus>
      <maintenanceAgency>
         <agencyName>Archives nationales de France</agencyName>
      </maintenanceAgency>
      <languageDeclaration>
         <language languageCode="fre">Français</language>
         <script scriptCode="Latn"/>
      </languageDeclaration>
      <conventionDeclaration>
         <citation>Notice établie conformément à la norme ICA-ISAAR (CPF) 2004, aux normes ISO 8601 pour le système de normalisation des dates utilisé, ainsi que AFNOR NF Z 44-061, juin 1986. Catalogage : forme et structure des vedettes noms de personne, des vedettes titres, des rubriques de classement et des titres forgés.</citation>
      </conventionDeclaration>
      <localControl localType="niveau_de_detail">
         <term>Moyenne</term>
      </localControl>
      <maintenanceHistory>
         <maintenanceEvent>
            <eventType>derived</eventType>
            <eventDateTime>2013-04-23</eventDateTime>
            <agentType>machine</agentType>
            <agent>Import_SIA</agent>
         </maintenanceEvent>
         <maintenanceEvent>
            <eventType>revised</eventType>
            <eventDateTime>2014-05-05</eventDateTime>
            <agentType>human</agentType>
            <agent>Florence CLAVAUD</agent>
            <eventDescription/>
         </maintenanceEvent>
      </maintenanceHistory>
   </control>
   <cpfDescription>
      <identity>
         <entityType>corporateBody</entityType>
         <nameEntry localType="autorisée" scriptCode="Latn" xml:lang="fre">
            <part>Inspection générale de l'équipement</part>
         </nameEntry>
      </identity>
      <description>
         <existDates>
            <dateRange>
               <fromDate standardDate="1972-12-22">22 décembre 1972</fromDate>
               <toDate standardDate="1979-07-02">2 juillet 1979</toDate>
            </dateRange>
         </existDates>
         <legalStatuses>
            <legalStatus>
               <term vocabularySource="d5blonaxbw--1mt8t42bokzts">service d'administration centrale</term>
            </legalStatus>
         </legalStatuses>
         <mandates>
            <mandate>
               <descriptiveNote>
                  <p>Décret n°72-1259 du 22 décembre 1972 (ministère de l'aménagement du territoire, de l'équipement, du logement et du tourisme), relatif au conseil général des ponts et chaussées et à l'inspection générale de l'équipement.</p>
                  <p>Arrêté du ministre de l'équipement du 26 novembre 1974 sur le fonctionnement du conseil général des ponts et chaussées et de l'inspection générale de l'équipement.</p>
                  <p>Décret n°79-589 du 2 juillet 1979 (ministère de l'environnement et du cadre de vie) moidifiant le décret de 1972, relatif au conseil général des ponts et chaussées et à l'inspection générale de l'équipement et de l'environnement.</p>
               </descriptiveNote>
            </mandate>
         </mandates>
         <biogHist>
            <p>L'inspection générale de l'équipement est créée et ses missions définies en 1972 (décret n°72-1259 du 22 décembre 1972).</p>
            <p>Son action s'exerce par :</p>
            <p>- une mission d'inspection générale de gestion dont la compétence s'étend à l'ensemble du territoire, chargée de vérifier la régularité des opérations des services </p>
            <p>- des inspections générales territoriales, dont la compétence s'étend à une ou plusieurs régions ou bassins hydrographiques</p>
            <p>- des missions spécialisées d'inspection d'un secteur d'activité sur tout le territoire</p>
            <p>- des missions temporaires d'inspection constituées pour l'étude ou le contrôle d'affaires particulières.</p>
            <p>Elle devient inspection générale de l'équipement et de l'environnement en 1979.</p>
         </biogHist>
      </description>
      <relations>
         <cpfRelation xmlns:xlink="http://www.w3.org/1999/xlink"
                      cpfRelationType="temporal-later"
                      xlink:href="FRAN_NP_006649"
                      xlink:type="simple">
            <relationEntry>Inspection générale de l'équipement et de l'environnement</relationEntry>
            <dateRange>
               <fromDate standardDate="1979-07-02">2 juillet 1979</fromDate>
            </dateRange>
         </cpfRelation>
         <cpfRelation xmlns:xlink="http://www.w3.org/1999/xlink"
                      cpfRelationType="temporal-earlier"
                      xlink:href="FRAN_NP_006189"
                      xlink:type="simple">
            <relationEntry>Inspections générales (ministère de l'Équipement)</relationEntry>
            <dateRange>
               <fromDate standardDate="1972-12-22">22 décembre 1972</fromDate>
            </dateRange>
         </cpfRelation>
         <cpfRelation xmlns:xlink="http://www.w3.org/1999/xlink"
                      cpfRelationType="hierarchical-child"
                      xlink:href="FRAN_NP_050780"
                      xlink:type="simple">
            <relationEntry>Inspection générale territoriale (ministère de l'équipement)</relationEntry>
            <dateRange>
               <fromDate standardDate="1972-12-22">22 décembre 1972</fromDate>
               <toDate standardDate="1979-07-01">1er juillet 1979</toDate>
            </dateRange>
         </cpfRelation>
         <cpfRelation xmlns:xlink="http://www.w3.org/1999/xlink"
                      cpfRelationType="associative"
                      xlink:href="FRAN_NP_006188"
                      xlink:type="simple">
            <relationEntry>Conseil général des ponts et chaussées</relationEntry>
            <dateRange>
               <fromDate standardDate="1972-12-22">22 décembre 1972</fromDate>
               <toDate standardDate="1979-07-02">2 juillet 1979</toDate>
            </dateRange>
         </cpfRelation>
         <cpfRelation xmlns:xlink="http://www.w3.org/1999/xlink"
                      cpfRelationType="hierarchical-parent"
                      xlink:href="FRAN_NP_006651"
                      xlink:type="simple">
            <relationEntry>Ministère de l'Équipement</relationEntry>
            <dateRange>
               <fromDate standardDate="1972-12-22">22 décembre 1972</fromDate>
               <toDate standardDate="1979-07-02">2 juillet 1979</toDate>
            </dateRange>
         </cpfRelation>
         <resourceRelation xmlns:xlink="http://www.w3.org/1999/xlink"
                           resourceRelationType="creatorOf"
                           xlink:href="FRAN_IR_008231"
                           xlink:type="simple">
            <relationEntry localType="archival">Ministère de l'Équipement ; inspection générale : réclamations portées devant le
     Médiateur (1965-1982).</relationEntry>
         </resourceRelation>
         <resourceRelation xmlns:xlink="http://www.w3.org/1999/xlink"
                           resourceRelationType="creatorOf"
                           xlink:href="FRAN_IR_008229"
                           xlink:type="simple">
            <relationEntry localType="archival">Ministères de la Construction et de l'Équipement ; inspection générale
     (1967-1981).</relationEntry>
         </resourceRelation>
         <resourceRelation xmlns:xlink="http://www.w3.org/1999/xlink"
                           resourceRelationType="creatorOf"
                           xlink:href="FRAN_IR_008228"
                           xlink:type="simple">
            <relationEntry localType="archival">Ministères de la Construction et de l'Équipement ; inspection générale
     (1959-1990).</relationEntry>
         </resourceRelation>
         <resourceRelation xmlns:xlink="http://www.w3.org/1999/xlink"
                           resourceRelationType="creatorOf"
                           xlink:href="FRAN_IR_014175"
                           xlink:type="simple">
            <relationEntry localType="archival">Ministère de l'Équipement ; inspection générale : études et rapports sur les
     transports (1968-1983).</relationEntry>
         </resourceRelation>
         <resourceRelation xmlns:xlink="http://www.w3.org/1999/xlink"
                           resourceRelationType="creatorOf"
                           xlink:href="FRAN_IR_013126"
                           xlink:type="simple">
            <relationEntry localType="archival">Ministère de l'Équipement ; inspection générale : rapports
     (1973-1975).</relationEntry>
         </resourceRelation>
         <resourceRelation xmlns:xlink="http://www.w3.org/1999/xlink"
                           resourceRelationType="creatorOf"
                           xlink:href="FRAN_IR_007323"
                           xlink:type="simple">
            <relationEntry localType="archival">Ministère de l'Équipement ; Inspection générale : études et rapports relatifs aux
     transports (1964-1981).</relationEntry>
         </resourceRelation>
         <resourceRelation xmlns:xlink="http://www.w3.org/1999/xlink"
                           resourceRelationType="creatorOf"
                           xlink:href="FRAN_IR_022857"
                           xlink:type="simple">
            <relationEntry localType="archival">Conseil général des Ponts et Chaussées (1965-1984).</relationEntry>
         </resourceRelation>
         <resourceRelation xmlns:xlink="http://www.w3.org/1999/xlink"
                           resourceRelationType="creatorOf"
                           xlink:href="FRAN_IR_008225"
                           xlink:type="simple">
            <relationEntry localType="archival">Ministère de l'Équipement ; inspection générale : inspection des parcs
          départementaux (1977-1979).</relationEntry>
         </resourceRelation>
         <resourceRelation xmlns:xlink="http://www.w3.org/1999/xlink"
                           resourceRelationType="creatorOf"
                           xlink:href="FRAN_IR_008224"
                           xlink:type="simple">
            <relationEntry localType="archival">Ministère de l'Équipement ; inspection générale : rapports généraux
     (1969-1984).</relationEntry>
         </resourceRelation>
      </relations>
   </cpfDescription>
</eac-cpf>
