<eac-cpf xmlns="urn:isbn:1-931666-33-4"
         xmlns:xsi="http://www.w3.org/2001/XMLSchema-instance"
         xsi:schemaLocation="urn:isbn:1-931666-33-4 cpf.xsd">
   <control>
      <recordId>FRAN_NP_010109</recordId>
      <maintenanceStatus>revised</maintenanceStatus>
      <maintenanceAgency>
         <agencyName>Archives nationales de France</agencyName>
      </maintenanceAgency>
      <languageDeclaration>
         <language languageCode="fre">Français</language>
         <script scriptCode="Latn"/>
      </languageDeclaration>
      <conventionDeclaration>
         <citation>Notice établie conformément à la norme ICA-ISAAR (CPF) 2004, aux normes ISO 8601 pour le système de normalisation des dates utilisé, ainsi que AFNOR NF Z 44-061, juin 1986. Catalogage : forme et structure des vedettes noms de personne, des vedettes titres, des rubriques de classement et des titres forgés.</citation>
      </conventionDeclaration>
      <localControl localType="niveau_de_detail">
         <term>Complète</term>
      </localControl>
      <maintenanceHistory>
         <maintenanceEvent>
            <eventType>derived</eventType>
            <eventDateTime>2013-04-23</eventDateTime>
            <agentType>machine</agentType>
            <agent>Import_SIA</agent>
         </maintenanceEvent>
         <maintenanceEvent>
            <eventType>revised</eventType>
            <eventDateTime>2013-12-03</eventDateTime>
            <agentType>human</agentType>
            <agent>Pascal DAVID</agent>
            <eventDescription>F. Clavaud, 3 décembre 2013 : ajout n° notice d'autorité BnF</eventDescription>
         </maintenanceEvent>
         <maintenanceEvent>
            <eventType>revised</eventType>
            <eventDateTime>2017-09-15</eventDateTime>
            <agentType>human</agentType>
            <agent>Pascal DAVID-DORMIEN</agent>
         </maintenanceEvent>
         <maintenanceEvent>
            <eventType>updated</eventType>
            <eventDateTime>2017-11-22</eventDateTime>
            <agentType>human</agentType>
            <agent>Isabelle ARISTIDE-HASTIR</agent>
         </maintenanceEvent>
      </maintenanceHistory>
      <sources>
         <source>
            <sourceEntry>Archives nationales, fonds Louis-Joseph Libois (694AP). </sourceEntry>
         </source>
         <source>
            <sourceEntry>Notice d'autorité BnF n° FRBNF11912966</sourceEntry>
         </source>
         <source>
            <sourceEntry>Notice Wikipedia : https://fr.wikipedia.org/wiki/Louis-Joseph_Libois</sourceEntry>
         </source>
      </sources>
   </control>
   <cpfDescription>
      <identity>
         <entityId>ISNI 0000 0000 4572 7415</entityId>
         <entityType>person</entityType>
         <nameEntry localType="autorisée" scriptCode="Latn" xml:lang="fre">
            <part>Libois, Louis-Joseph (1921-2009)</part>
         </nameEntry>
      </identity>
      <description>
         <existDates>
            <dateRange>
               <fromDate standardDate="1921-07-22">22 juillet 1921</fromDate>
               <toDate standardDate="2009-10-23">23 octobre 2009</toDate>
            </dateRange>
         </existDates>
         <places>
            <place>
               <placeRole>Lieu général</placeRole>
               <placeEntry localType="nomLieu">Lannion (Côtes-d'Armor)</placeEntry>
               <placeEntry localType="lieu" vocabularySource="d3ntfs29sy--1ajqxr8dbigpy">Lannion (Côtes-d'Armor)</placeEntry>
               <dateRange>
                  <fromDate standardDate="1963-01-01">1963</fromDate>
                  <toDate standardDate="1968-12-31">1968</toDate>
               </dateRange>
               <descriptiveNote>
                  <p>Direction du CNET Lannion par L.-J. Libois</p>
               </descriptiveNote>
            </place>
         </places>
         <occupations>
            <occupation>
               <term vocabularySource="d3m0bl759we-1qfz4kgpyc2dp">administrateur</term>
               <dateRange>
                  <fromDate standardDate="1970-01-01">1970</fromDate>
                  <toDate standardDate="1996-12-31">1996</toDate>
               </dateRange>
               <descriptiveNote>
                  <p>présidence ou censeur d'établissements et d'associations liés aux télécommunications.</p>
               </descriptiveNote>
            </occupation>
            <occupation>
               <term vocabularySource="d699msk5oth-xqvujelh8c39">chercheur</term>
               <dateRange>
                  <fromDate standardDate="1946-01-01">1946</fromDate>
                  <toDate standardDate="1968-12-31">1968</toDate>
               </dateRange>
               <descriptiveNote>
                  <p>études sur les faisceaux hertziens, la commutation électronique, etc. </p>
               </descriptiveNote>
            </occupation>
            <occupation>
               <term vocabularySource="d699msjgtw3-1ton3i1q2op31">ingénieur</term>
               <dateRange>
                  <fromDate standardDate="1945-01-01">1945</fromDate>
                  <toDate standardDate="2000-12-31">2000</toDate>
               </dateRange>
               <descriptiveNote>
                  <p>diplômé de l'École nationale supérieure des télécommunications. </p>
               </descriptiveNote>
            </occupation>
         </occupations>
         <biogHist>
            <p>Polytechnicien en 1941, Louis-Joseph Libois (1921-2009) sort premier de l'École nationale supérieure des télécommunications en 1945 pour entrer l'année suivante au S.R.C.T. (Service des recherches et du contrôle technique), prédécesseur du C.N.E.T. (Centre nationale d'étude des télécommunication). L.-J. Libois est d'abord affecté aux études sur les faisceaux hertziens où il obtient en 1953, suite à ses recherches, le prix « Général Ferrié ». A partir de 1957, la direction du C.N.E.T. est assumé par Pierre Marzin ; à la demande de ce dernier, L.-J. Libois monte le département « Recherche sur les machines électroniques » (R.M.E.), qui traite de technologies innovantes, calculateurs et centraux téléphoniques ; il devient ensuite responsable du programme de recherche du C.N.E.T. en commutation électronique, particulièrement en commutation électronique temporelle. Entre 1963 et 1968, L.-J. Libois dirige le C.N.E.T. Lannion dans les Côtes-d'Armor qui vient d'être inauguré, puis il prend la direction générale du C.N.E.T, tandis que Pierre Marzin est nommé directeur général des Télécommunications. A partir d'octobre 1971, L.-J. Libois lui succède au même poste jusqu'en 1974. Président de la Caisse nationale des Télécommunications (C.N.T.) de 1971 à 1990, il est aussi conseiller maître puis conseiller maître honoraire à la Cour des comptes de 1977 à 1986. Par ailleurs, il assume diverses fonctions d'administrateur, de présidence ou de censeur d'établissements et d'associations liés principalement aux télécommunications, dont : la Société française des électroniciens et radioélectriciens (1970), la Section française de l'I.E.E.E (1981-1983), la Banque de Bretagne (1982-1989), Alcatel-Cit (1982-1996), le Comité interministériel de l'informatique et de la bureautique dans l'administration (1984-1985) et de la fondation Louis Leprince Ringuet dont il est président d'honneur. Membre puis membre émérite du Conseil pour les applications de l'Académie des sciences (C.A.D.A.S.), membre fondateur de l'Académie des technologies (2000). En reconnaissance de son travail, L.-J. Libois obtient la médaille d'or de l'industrie nationale (1968) ; il est aussi commandeur de la Légion d'honneur (1984), [chevalier en 1961 et officier en 1967], officier de l'ordre national du Mérite (1967), et chevalier des Palmes académiques (1968).</p>
         </biogHist>
      </description>
      <relations>
         <cpfRelation xmlns:xlink="http://www.w3.org/1999/xlink"
                      cpfRelationType="identity"
                      xlink:href="https://fr.wikipedia.org/wiki/Louis-Joseph_Libois"
                      xlink:type="simple">
            <relationEntry>Louis-Joseph Libois</relationEntry>
            <dateRange>
               <fromDate standardDate="1921-07-22">22 juillet 1921</fromDate>
               <toDate standardDate="2009-10-23">23 octobre 2009</toDate>
            </dateRange>
            <descriptiveNote>
               <p>Notice Wikipedia.</p>
            </descriptiveNote>
         </cpfRelation>
         <cpfRelation xmlns:xlink="http://www.w3.org/1999/xlink"
                      cpfRelationType="identity"
                      xlink:href="http://catalogue.bnf.fr/ark:/12148/cb11912966z"
                      xlink:type="simple">
            <relationEntry>Libois, Louis-Joseph</relationEntry>
            <dateRange>
               <fromDate standardDate="1921-07-22">22 juillet 1921</fromDate>
               <toDate standardDate="2009-10-23">23 octobre 2009</toDate>
            </dateRange>
            <descriptiveNote>
               <p>Notice d'autorité BnF.</p>
            </descriptiveNote>
         </cpfRelation>
         <resourceRelation xmlns:xlink="http://www.w3.org/1999/xlink"
                           resourceRelationType="creatorOf"
                           xlink:href="FRAN_IR_050293"
                           xlink:type="simple">
            <relationEntry localType="archival">Fonds Louis-Joseph Libois (1941-2006)</relationEntry>
         </resourceRelation>
      </relations>
   </cpfDescription>
</eac-cpf>
