<eac-cpf xmlns="urn:isbn:1-931666-33-4"
         xmlns:xsi="http://www.w3.org/2001/XMLSchema-instance"
         xsi:schemaLocation="urn:isbn:1-931666-33-4 cpf.xsd">
   <control>
      <recordId>FRAN_NP_010241</recordId>
      <otherRecordId localType="Ancien_identifiant">FRDAFANCH00MC_NAETUDE_114</otherRecordId>
      <maintenanceStatus>derived</maintenanceStatus>
      <maintenanceAgency>
         <agencyName>Archives nationales de France</agencyName>
      </maintenanceAgency>
      <languageDeclaration>
         <language languageCode="fre">Français</language>
         <script scriptCode="Latn"/>
      </languageDeclaration>
      <conventionDeclaration>
         <citation>Notice établie conformément à la norme ICA-ISAAR (CPF) 2004, aux normes ISO 8601 pour le système de normalisation des dates utilisé, ainsi que AFNOR NF Z 44-061, juin 1986. Catalogage : forme et structure des vedettes noms de personne, des vedettes titres, des rubriques de classement et des titres forgés.</citation>
      </conventionDeclaration>
      <localControl localType="niveau_de_detail">
         <term>Moyenne</term>
      </localControl>
      <maintenanceHistory>
         <maintenanceEvent>
            <eventType>derived</eventType>
            <eventDateTime>2013-04-23</eventDateTime>
            <agentType>machine</agentType>
            <agent>Migration ETANOT</agent>
         </maintenanceEvent>
      </maintenanceHistory>
   </control>
   <cpfDescription>
      <identity>
         <entityType>corporateBody</entityType>
         <nameEntry localType="autorisée" scriptCode="Latn" xml:lang="fre">
            <part>Etude CXIV</part>
         </nameEntry>
         <nameEntry>
            <part>75080</part>
         </nameEntry>
      </identity>
      <description>
         <existDates>
            <dateRange>
               <fromDate standardDate="1580-01-01">1580</fromDate>
            </dateRange>
         </existDates>
         <places>
            <place>
               <placeRole>Lieu de Paris</placeRole>
               <placeEntry localType="nomLieu">128, boulevard de Courcelles, 75854 PARIS Cedex 17</placeEntry>
            </place>
         </places>
         <functions>
            <function>
               <term vocabularySource="d3nyui3o8w--11y7jgy8q3wnt">notaire à paris</term>
               <dateRange>
                  <fromDate standardDate="1580-01-01">1580</fromDate>
                  <toDate/>
               </dateRange>
            </function>
         </functions>
         <biogHist>
            <p>Ancien notariat de Neuilly, composé des notariats de Montmartre, de Saint-Ouen et d'Auteuil. Il est rattaché à Paris en 1759 et réside alors rue Saint-Ferdinand-des-Thermes. En 1867, l'étude déménage avenue de Wagram.</p>
         </biogHist>
      </description>
      <relations>
         <cpfRelation xmlns:xlink="http://www.w3.org/1999/xlink"
                      cpfRelationType="associative"
                      xlink:href="FRAN_NP_010317"
                      xlink:type="simple">
            <relationEntry>Watelet, Nicolas</relationEntry>
            <dateRange>
               <fromDate standardDate="1732-03-03">3 mars 1732</fromDate>
               <toDate standardDate="1734-09-09">9 septembre 1734</toDate>
            </dateRange>
         </cpfRelation>
         <cpfRelation xmlns:xlink="http://www.w3.org/1999/xlink"
                      cpfRelationType="associative"
                      xlink:href="FRAN_NP_010355"
                      xlink:type="simple">
            <relationEntry>Venant, Henri</relationEntry>
            <dateRange>
               <fromDate standardDate="1693-06-26">26 juin 1693</fromDate>
               <toDate standardDate="1709-12-31">1709</toDate>
            </dateRange>
         </cpfRelation>
         <cpfRelation xmlns:xlink="http://www.w3.org/1999/xlink"
                      cpfRelationType="associative"
                      xlink:href="FRAN_NP_010356"
                      xlink:type="simple">
            <relationEntry>Venant, Marcel II</relationEntry>
            <dateRange>
               <fromDate standardDate="1709-09-18">18 septembre 1709</fromDate>
               <toDate standardDate="1742-10-31">31 octobre 1742</toDate>
            </dateRange>
         </cpfRelation>
         <cpfRelation xmlns:xlink="http://www.w3.org/1999/xlink"
                      cpfRelationType="associative"
                      xlink:href="FRAN_NP_010809"
                      xlink:type="simple">
            <relationEntry>Noël, Gilbert</relationEntry>
            <dateRange>
               <fromDate standardDate="1744-07-01">juillet 1744</fromDate>
               <toDate standardDate="1752-04-03">3 avril 1752</toDate>
            </dateRange>
         </cpfRelation>
         <cpfRelation xmlns:xlink="http://www.w3.org/1999/xlink"
                      cpfRelationType="associative"
                      xlink:href="FRAN_NP_010876"
                      xlink:type="simple">
            <relationEntry>Perier</relationEntry>
            <dateRange>
               <fromDate standardDate="1601-01-01">1601</fromDate>
               <toDate standardDate="1627-12-31">1627</toDate>
            </dateRange>
         </cpfRelation>
         <cpfRelation xmlns:xlink="http://www.w3.org/1999/xlink"
                      cpfRelationType="associative"
                      xlink:href="FRAN_NP_010897"
                      xlink:type="simple">
            <relationEntry>Perrotte, François</relationEntry>
            <dateRange>
               <fromDate standardDate="1596-01-01">1596</fromDate>
               <toDate standardDate="1606-03-30">30 mars 1606</toDate>
            </dateRange>
         </cpfRelation>
         <cpfRelation xmlns:xlink="http://www.w3.org/1999/xlink"
                      cpfRelationType="associative"
                      xlink:href="FRAN_NP_010903"
                      xlink:type="simple">
            <relationEntry>Petit, Alexandre-François</relationEntry>
            <dateRange>
               <fromDate standardDate="1785-08-01">1er août 1785</fromDate>
               <toDate standardDate="1802-01-17">17 janvier 1802</toDate>
            </dateRange>
         </cpfRelation>
         <cpfRelation xmlns:xlink="http://www.w3.org/1999/xlink"
                      cpfRelationType="associative"
                      xlink:href="FRAN_NP_010911"
                      xlink:type="simple">
            <relationEntry>Phelippes</relationEntry>
            <dateRange>
               <fromDate standardDate="1613-07-08">8 juillet 1613</fromDate>
               <toDate standardDate="1614-05-05">5 mai 1614</toDate>
            </dateRange>
         </cpfRelation>
         <cpfRelation xmlns:xlink="http://www.w3.org/1999/xlink"
                      cpfRelationType="associative"
                      xlink:href="FRAN_NP_010921"
                      xlink:type="simple">
            <relationEntry>Pichon</relationEntry>
            <dateRange>
               <fromDate standardDate="1618-01-01">1618</fromDate>
               <toDate standardDate="1619-12-31">1619</toDate>
            </dateRange>
         </cpfRelation>
         <cpfRelation xmlns:xlink="http://www.w3.org/1999/xlink"
                      cpfRelationType="associative"
                      xlink:href="FRAN_NP_011248"
                      xlink:type="simple">
            <relationEntry>Motel, Jacques</relationEntry>
            <dateRange>
               <fromDate standardDate="1971-05-05">5 mai 1971</fromDate>
               <toDate standardDate="2006-02-24">24 février 2006</toDate>
            </dateRange>
         </cpfRelation>
         <cpfRelation xmlns:xlink="http://www.w3.org/1999/xlink"
                      cpfRelationType="associative"
                      xlink:href="FRAN_NP_011277"
                      xlink:type="simple">
            <relationEntry>La barrière</relationEntry>
            <dateRange>
               <fromDate standardDate="1743-03-28">28 mars 1743</fromDate>
               <toDate standardDate="1744-06-30">juin 1744</toDate>
            </dateRange>
         </cpfRelation>
         <cpfRelation xmlns:xlink="http://www.w3.org/1999/xlink"
                      cpfRelationType="associative"
                      xlink:href="FRAN_NP_011194"
                      xlink:type="simple">
            <relationEntry>Molliere, Bernard</relationEntry>
            <dateRange>
               <fromDate standardDate="1991-02-27">27 février 1991</fromDate>
               <toDate standardDate="2007-04-05">5 avril 2007</toDate>
            </dateRange>
         </cpfRelation>
         <cpfRelation xmlns:xlink="http://www.w3.org/1999/xlink"
                      cpfRelationType="associative"
                      xlink:href="FRAN_NP_011171"
                      xlink:type="simple">
            <relationEntry>Michelez, Eugène-Philippe</relationEntry>
            <dateRange>
               <fromDate standardDate="1873-11-21">21 novembre 1873</fromDate>
               <toDate standardDate="1908-08-12">12 août 1908</toDate>
            </dateRange>
         </cpfRelation>
         <cpfRelation xmlns:xlink="http://www.w3.org/1999/xlink"
                      cpfRelationType="associative"
                      xlink:href="FRAN_NP_011173"
                      xlink:type="simple">
            <relationEntry>Michelez, Paul Marie Victor Emile</relationEntry>
            <dateRange>
               <fromDate standardDate="1908-08-12">12 août 1908</fromDate>
               <toDate standardDate="1938-12-16">16 décembre 1938</toDate>
            </dateRange>
         </cpfRelation>
         <cpfRelation xmlns:xlink="http://www.w3.org/1999/xlink"
                      cpfRelationType="associative"
                      xlink:href="FRAN_NP_013200"
                      xlink:type="simple">
            <relationEntry>Lioussou, Jean</relationEntry>
            <dateRange>
               <fromDate standardDate="2002-02-20">20 février 2002</fromDate>
            </dateRange>
         </cpfRelation>
         <cpfRelation xmlns:xlink="http://www.w3.org/1999/xlink"
                      cpfRelationType="associative"
                      xlink:href="FRAN_NP_013291"
                      xlink:type="simple">
            <relationEntry>Renault, Richard Raymond</relationEntry>
            <dateRange>
               <fromDate standardDate="2005-09-22">22 septembre 2005</fromDate>
            </dateRange>
         </cpfRelation>
         <cpfRelation xmlns:xlink="http://www.w3.org/1999/xlink"
                      cpfRelationType="associative"
                      xlink:href="FRAN_NP_011989"
                      xlink:type="simple">
            <relationEntry>Guibert, François</relationEntry>
            <dateRange>
               <fromDate standardDate="1802-01-18">18 janvier 1802</fromDate>
               <toDate standardDate="1822-03-07">7 mars 1822</toDate>
            </dateRange>
         </cpfRelation>
         <cpfRelation xmlns:xlink="http://www.w3.org/1999/xlink"
                      cpfRelationType="associative"
                      xlink:href="FRAN_NP_011926"
                      xlink:type="simple">
            <relationEntry>Godeau, Pierre</relationEntry>
            <dateRange>
               <fromDate standardDate="1580-02-09">9 février 1580</fromDate>
               <toDate standardDate="1590-12-31">1590</toDate>
            </dateRange>
         </cpfRelation>
         <cpfRelation xmlns:xlink="http://www.w3.org/1999/xlink"
                      cpfRelationType="associative"
                      xlink:href="FRAN_NP_012707"
                      xlink:type="simple">
            <relationEntry>Casin, Jacques I</relationEntry>
            <dateRange>
               <fromDate standardDate="1645-01-01">1645</fromDate>
               <toDate standardDate="1669-12-31">1669</toDate>
            </dateRange>
         </cpfRelation>
         <cpfRelation xmlns:xlink="http://www.w3.org/1999/xlink"
                      cpfRelationType="associative"
                      xlink:href="FRAN_NP_010746"
                      xlink:type="simple">
            <relationEntry>Rouveau (1755)</relationEntry>
            <dateRange>
               <fromDate standardDate="1755-01-01">1755</fromDate>
               <toDate standardDate="1755-03-13">13 mars 1755</toDate>
            </dateRange>
         </cpfRelation>
         <cpfRelation xmlns:xlink="http://www.w3.org/1999/xlink"
                      cpfRelationType="associative"
                      xlink:href="FRAN_NP_013031"
                      xlink:type="simple">
            <relationEntry>Braconnier</relationEntry>
            <dateRange>
               <fromDate standardDate="1607-01-01">1607</fromDate>
               <toDate standardDate="1609-08-25">25 août 1609</toDate>
            </dateRange>
         </cpfRelation>
         <cpfRelation xmlns:xlink="http://www.w3.org/1999/xlink"
                      cpfRelationType="associative"
                      xlink:href="FRAN_NP_010626"
                      xlink:type="simple">
            <relationEntry>Raynal, Salomon-Joseph</relationEntry>
            <dateRange>
               <fromDate standardDate="1867-02-26">26 février 1867</fromDate>
               <toDate standardDate="1873-11-21">21 novembre 1873</toDate>
            </dateRange>
         </cpfRelation>
         <cpfRelation xmlns:xlink="http://www.w3.org/1999/xlink"
                      cpfRelationType="associative"
                      xlink:href="FRAN_NP_011749"
                      xlink:type="simple">
            <relationEntry>Haumoire, Jacques II</relationEntry>
            <dateRange>
               <fromDate standardDate="1593-01-01">1593</fromDate>
               <toDate standardDate="1596-12-31">1596</toDate>
            </dateRange>
         </cpfRelation>
         <cpfRelation xmlns:xlink="http://www.w3.org/1999/xlink"
                      cpfRelationType="associative"
                      xlink:href="FRAN_NP_011778"
                      xlink:type="simple">
            <relationEntry>Heuzet, Pierre</relationEntry>
            <dateRange>
               <fromDate standardDate="1755-03-03">3 mars 1755</fromDate>
               <toDate standardDate="1793-11-10">10 novembre 1793</toDate>
            </dateRange>
         </cpfRelation>
         <cpfRelation xmlns:xlink="http://www.w3.org/1999/xlink"
                      cpfRelationType="associative"
                      xlink:href="FRAN_NP_012998"
                      xlink:type="simple">
            <relationEntry>Bourdin, Pierre</relationEntry>
            <dateRange>
               <fromDate standardDate="1665-01-01">1665</fromDate>
               <toDate standardDate="1669-12-31">1669</toDate>
            </dateRange>
         </cpfRelation>
         <cpfRelation xmlns:xlink="http://www.w3.org/1999/xlink"
                      cpfRelationType="associative"
                      xlink:href="FRAN_NP_013109"
                      xlink:type="simple">
            <relationEntry>Allavoyne</relationEntry>
            <dateRange>
               <fromDate standardDate="1660-03-08">8 mars 1660</fromDate>
               <toDate standardDate="1691-09-11">11 septembre 1691</toDate>
            </dateRange>
         </cpfRelation>
         <cpfRelation xmlns:xlink="http://www.w3.org/1999/xlink"
                      cpfRelationType="associative"
                      xlink:href="FRAN_NP_012943"
                      xlink:type="simple">
            <relationEntry>Bonduelle, Patrice</relationEntry>
            <dateRange>
               <fromDate standardDate="1992-03-25">25 mars 1992</fromDate>
            </dateRange>
         </cpfRelation>
         <cpfRelation xmlns:xlink="http://www.w3.org/1999/xlink"
                      cpfRelationType="associative"
                      xlink:href="FRAN_NP_013178"
                      xlink:type="simple">
            <relationEntry>Venant, Marcel I</relationEntry>
            <dateRange>
               <fromDate standardDate="1622-01-01">1622</fromDate>
               <toDate standardDate="1644-12-31">1644</toDate>
            </dateRange>
         </cpfRelation>
         <cpfRelation xmlns:xlink="http://www.w3.org/1999/xlink"
                      cpfRelationType="associative"
                      xlink:href="FRAN_NP_012919"
                      xlink:type="simple">
            <relationEntry>Blanché, Vincent</relationEntry>
            <dateRange>
               <fromDate standardDate="1851-04-30">30 avril 1851</fromDate>
               <toDate standardDate="1860-11-15">15 novembre 1860</toDate>
            </dateRange>
         </cpfRelation>
         <cpfRelation xmlns:xlink="http://www.w3.org/1999/xlink"
                      cpfRelationType="associative"
                      xlink:href="FRAN_NP_013122"
                      xlink:type="simple">
            <relationEntry>Ancelle, Narcisse-Désiré</relationEntry>
            <dateRange>
               <fromDate standardDate="1832-04-28">28 avril 1832</fromDate>
               <toDate standardDate="1851-04-30">30 avril 1851</toDate>
            </dateRange>
         </cpfRelation>
         <cpfRelation xmlns:xlink="http://www.w3.org/1999/xlink"
                      cpfRelationType="associative"
                      xlink:href="FRAN_NP_012989"
                      xlink:type="simple">
            <relationEntry>Bouquin, Joachim</relationEntry>
            <dateRange>
               <fromDate standardDate="1624-02-20">20 février 1624</fromDate>
               <toDate standardDate="1657-12-31">1657</toDate>
            </dateRange>
         </cpfRelation>
         <cpfRelation xmlns:xlink="http://www.w3.org/1999/xlink"
                      cpfRelationType="associative"
                      xlink:href="FRAN_NP_010606"
                      xlink:type="simple">
            <relationEntry>Raget, Pierre</relationEntry>
            <dateRange>
               <fromDate standardDate="1701-01-01">1701</fromDate>
               <toDate standardDate="1757-05-27">27 mai 1757</toDate>
            </dateRange>
         </cpfRelation>
         <cpfRelation xmlns:xlink="http://www.w3.org/1999/xlink"
                      cpfRelationType="associative"
                      xlink:href="FRAN_NP_010617"
                      xlink:type="simple">
            <relationEntry>Randonnet, Etienne</relationEntry>
            <dateRange>
               <fromDate standardDate="1735-04-22">22 avril 1735</fromDate>
               <toDate standardDate="1735-07-04">4 juillet 1735</toDate>
            </dateRange>
         </cpfRelation>
         <cpfRelation xmlns:xlink="http://www.w3.org/1999/xlink"
                      cpfRelationType="associative"
                      xlink:href="FRAN_NP_011748"
                      xlink:type="simple">
            <relationEntry>Haumoire, Jacques I</relationEntry>
            <dateRange>
               <fromDate standardDate="1591-03-06">6 mars 1591</fromDate>
               <toDate standardDate="1596-12-31">1596</toDate>
            </dateRange>
         </cpfRelation>
         <cpfRelation xmlns:xlink="http://www.w3.org/1999/xlink"
                      cpfRelationType="associative"
                      xlink:href="FRAN_NP_013056"
                      xlink:type="simple">
            <relationEntry>Brilloit, René Pierre Louis</relationEntry>
            <dateRange>
               <fromDate standardDate="1964-05-06">6 mai 1964</fromDate>
               <toDate standardDate="1971-05-05">5 mai 1971</toDate>
            </dateRange>
         </cpfRelation>
         <cpfRelation xmlns:xlink="http://www.w3.org/1999/xlink"
                      cpfRelationType="associative"
                      xlink:href="FRAN_NP_012898"
                      xlink:type="simple">
            <relationEntry>Bezée</relationEntry>
            <dateRange>
               <fromDate standardDate="1606-01-05">5 janvier 1606</fromDate>
               <toDate standardDate="1608-03-19">19 mars 1608</toDate>
            </dateRange>
         </cpfRelation>
         <cpfRelation xmlns:xlink="http://www.w3.org/1999/xlink"
                      cpfRelationType="associative"
                      xlink:href="FRAN_NP_010752"
                      xlink:type="simple">
            <relationEntry>Rouvroy, Claude de</relationEntry>
            <dateRange>
               <fromDate standardDate="1729-03-04">4 mars 1729</fromDate>
               <toDate standardDate="1731-12-31">1731</toDate>
            </dateRange>
         </cpfRelation>
         <cpfRelation xmlns:xlink="http://www.w3.org/1999/xlink"
                      cpfRelationType="associative"
                      xlink:href="FRAN_NP_012708"
                      xlink:type="simple">
            <relationEntry>Corneilleau, Louis</relationEntry>
            <dateRange>
               <fromDate standardDate="1650-01-01">1650</fromDate>
               <toDate standardDate="1653-12-31">1653</toDate>
            </dateRange>
         </cpfRelation>
         <cpfRelation xmlns:xlink="http://www.w3.org/1999/xlink"
                      cpfRelationType="associative"
                      xlink:href="FRAN_NP_011033"
                      xlink:type="simple">
            <relationEntry>Macret, Pierre</relationEntry>
            <dateRange>
               <fromDate standardDate="1757-06-02">2 juin 1757</fromDate>
               <toDate standardDate="1793-06-09">9 juin 1793</toDate>
            </dateRange>
         </cpfRelation>
         <cpfRelation xmlns:xlink="http://www.w3.org/1999/xlink"
                      cpfRelationType="associative"
                      xlink:href="FRAN_NP_013290"
                      xlink:type="simple">
            <relationEntry>Callies de salies, Edwige</relationEntry>
            <dateRange>
               <fromDate standardDate="2005-09-22">22 septembre 2005</fromDate>
            </dateRange>
         </cpfRelation>
         <cpfRelation xmlns:xlink="http://www.w3.org/1999/xlink"
                      cpfRelationType="associative"
                      xlink:href="FRAN_NP_013292"
                      xlink:type="simple">
            <relationEntry>Terrier, Jérôme François André</relationEntry>
            <dateRange>
               <fromDate standardDate="2005-09-22">22 septembre 2005</fromDate>
            </dateRange>
         </cpfRelation>
         <cpfRelation xmlns:xlink="http://www.w3.org/1999/xlink"
                      cpfRelationType="associative"
                      xlink:href="FRAN_NP_010595"
                      xlink:type="simple">
            <relationEntry>Souin</relationEntry>
            <dateRange>
               <fromDate standardDate="1664-01-01">1664</fromDate>
               <toDate standardDate="1667-12-31">1667</toDate>
            </dateRange>
         </cpfRelation>
         <cpfRelation xmlns:xlink="http://www.w3.org/1999/xlink"
                      cpfRelationType="associative"
                      xlink:href="FRAN_NP_011172"
                      xlink:type="simple">
            <relationEntry>Michelez, Etienne</relationEntry>
            <dateRange>
               <fromDate standardDate="2004-07-01">1er juillet 2004</fromDate>
            </dateRange>
         </cpfRelation>
         <cpfRelation xmlns:xlink="http://www.w3.org/1999/xlink"
                      cpfRelationType="associative"
                      xlink:href="FRAN_NP_011170"
                      xlink:type="simple">
            <relationEntry>Michelez, Emile Eugène Paul</relationEntry>
            <dateRange>
               <fromDate standardDate="1938-12-16">16 décembre 1938</fromDate>
               <toDate standardDate="1964-05-06">6 mai 1964</toDate>
            </dateRange>
         </cpfRelation>
         <cpfRelation xmlns:xlink="http://www.w3.org/1999/xlink"
                      cpfRelationType="associative"
                      xlink:href="FRAN_NP_011292"
                      xlink:type="simple">
            <relationEntry>Labie, Jean</relationEntry>
            <dateRange>
               <fromDate standardDate="1822-03-07">7 mars 1822</fromDate>
               <toDate standardDate="1832-04-27">27 avril 1832</toDate>
            </dateRange>
         </cpfRelation>
         <cpfRelation xmlns:xlink="http://www.w3.org/1999/xlink"
                      cpfRelationType="associative"
                      xlink:href="FRAN_NP_011278"
                      xlink:type="simple">
            <relationEntry>La court, Didier de</relationEntry>
            <dateRange>
               <fromDate standardDate="1669-01-01">1669</fromDate>
               <toDate standardDate="1693-04-28">28 avril 1693</toDate>
            </dateRange>
         </cpfRelation>
         <cpfRelation xmlns:xlink="http://www.w3.org/1999/xlink"
                      cpfRelationType="associative"
                      xlink:href="FRAN_NP_010986"
                      xlink:type="simple">
            <relationEntry>Potier de la berthellière, Jacques-Louis</relationEntry>
            <dateRange>
               <fromDate standardDate="1860-11-15">15 novembre 1860</fromDate>
               <toDate standardDate="1867-02-26">26 février 1867</toDate>
            </dateRange>
         </cpfRelation>
         <cpfRelation xmlns:xlink="http://www.w3.org/1999/xlink"
                      cpfRelationType="associative"
                      xlink:href="FRAN_NP_011477"
                      xlink:type="simple">
            <relationEntry>Lefebvre, Michel</relationEntry>
            <dateRange>
               <fromDate standardDate="1598-01-01">1er janvier 1598</fromDate>
               <toDate standardDate="1598-12-31">31 décembre 1598</toDate>
            </dateRange>
         </cpfRelation>
         <cpfRelation xmlns:xlink="http://www.w3.org/1999/xlink"
                      cpfRelationType="associative"
                      xlink:href="FRAN_NP_011585"
                      xlink:type="simple">
            <relationEntry>Le sueur, Martin</relationEntry>
            <dateRange>
               <fromDate standardDate="1613-01-01">1613</fromDate>
               <toDate standardDate="1648-12-31">1648</toDate>
            </dateRange>
         </cpfRelation>
         <cpfRelation xmlns:xlink="http://www.w3.org/1999/xlink"
                      cpfRelationType="associative"
                      xlink:href="FRAN_NP_011672"
                      xlink:type="simple">
            <relationEntry>Jannot</relationEntry>
            <dateRange>
               <fromDate standardDate="1771-06-15">15 juin 1771</fromDate>
               <toDate standardDate="1785-08-31">août 1785</toDate>
            </dateRange>
         </cpfRelation>
         <cpfRelation xmlns:xlink="http://www.w3.org/1999/xlink"
                      cpfRelationType="associative"
                      xlink:href="FRAN_NP_011678"
                      xlink:type="simple">
            <relationEntry>Jardin, Jacques</relationEntry>
            <dateRange>
               <fromDate standardDate="1760-01-01">1760</fromDate>
               <toDate standardDate="1771-06-30">juin 1771</toDate>
            </dateRange>
         </cpfRelation>
         <cpfRelation xmlns:xlink="http://www.w3.org/1999/xlink"
                      cpfRelationType="associative"
                      xlink:href="FRAN_NP_012418"
                      xlink:type="simple">
            <relationEntry>Dargentel, Claude</relationEntry>
            <dateRange>
               <fromDate standardDate="1731-02-20">20 février 1731</fromDate>
               <toDate standardDate="1732-12-31">1732</toDate>
            </dateRange>
         </cpfRelation>
         <cpfRelation xmlns:xlink="http://www.w3.org/1999/xlink"
                      cpfRelationType="associative"
                      xlink:href="FRAN_NP_012419"
                      xlink:type="simple">
            <relationEntry>Grelier-Delanoë, Augustin</relationEntry>
            <dateRange>
               <fromDate standardDate="1752-04-01">avril 1752</fromDate>
               <toDate standardDate="1768-02-29">février 1768</toDate>
            </dateRange>
         </cpfRelation>
         <cpfRelation xmlns:xlink="http://www.w3.org/1999/xlink"
                      cpfRelationType="associative"
                      xlink:href="FRAN_NP_012420"
                      xlink:type="simple">
            <relationEntry>Doyon, Noël</relationEntry>
            <dateRange>
               <fromDate standardDate="1971-05-05">5 mai 1971</fromDate>
               <toDate standardDate="1994-07-14">14 juillet 1994</toDate>
            </dateRange>
         </cpfRelation>
         <cpfRelation xmlns:xlink="http://www.w3.org/1999/xlink"
                      cpfRelationType="associative"
                      xlink:href="FRAN_NP_012421"
                      xlink:type="simple">
            <relationEntry>Dubois, Pierre</relationEntry>
            <dateRange>
               <fromDate standardDate="1656-01-01">1656</fromDate>
               <toDate standardDate="1663-12-31">1663</toDate>
            </dateRange>
         </cpfRelation>
         <cpfRelation xmlns:xlink="http://www.w3.org/1999/xlink"
                      cpfRelationType="associative"
                      xlink:href="FRAN_NP_013526"
                      xlink:type="simple">
            <relationEntry>Dagrenat, Olivier</relationEntry>
            <dateRange>
               <fromDate standardDate="2011-10-13">13 octobre 2011</fromDate>
            </dateRange>
         </cpfRelation>
         <resourceRelation xmlns:xlink="http://www.w3.org/1999/xlink"
                           resourceRelationType="subjectOf"
                           xlink:href="FRAN_IR_043393"
                           xlink:type="simple">
            <relationEntry localType="archival">Minutes et répertoires du notaire François GUIBERT, 18 janvier 1802 - 7 mars 1822 (étude CXIV)</relationEntry>
         </resourceRelation>
         <resourceRelation xmlns:xlink="http://www.w3.org/1999/xlink"
                           resourceRelationType="subjectOf"
                           xlink:href="FRAN_IR_043396"
                           xlink:type="simple">
            <relationEntry localType="archival">Minutes et répertoires du notaire Jean LABIE, 7 mars 1822 - 27 avril 1832 (étude CXIV)</relationEntry>
         </resourceRelation>
         <resourceRelation xmlns:xlink="http://www.w3.org/1999/xlink"
                           resourceRelationType="subjectOf"
                           xlink:href="FRAN_IR_043394"
                           xlink:type="simple">
            <relationEntry localType="archival">Minutes et répertoires du notaire Jacques Louis POTIER de LA BERTHELLIÈRE, 15 novembre 1860 - 26 février 1867 (étude CXIV)</relationEntry>
         </resourceRelation>
         <resourceRelation xmlns:xlink="http://www.w3.org/1999/xlink"
                           resourceRelationType="subjectOf"
                           xlink:href="FRAN_IR_043392"
                           xlink:type="simple">
            <relationEntry localType="archival">Minutes et répertoires du notaire Alexandre François PETIT, septembre 1785 - 17 janvier 1802 (étude CXIV)</relationEntry>
         </resourceRelation>
         <resourceRelation xmlns:xlink="http://www.w3.org/1999/xlink"
                           resourceRelationType="creatorOf"
                           xlink:href="FRAN_IR_053183"
                           xlink:type="simple">
            <relationEntry localType="archival">Images du répertoire du notaire Alexandre François Petit pour l'étude CXIV</relationEntry>
         </resourceRelation>
         <resourceRelation xmlns:xlink="http://www.w3.org/1999/xlink"
                           resourceRelationType="creatorOf"
                           xlink:href="FRAN_IR_053409"
                           xlink:type="simple">
            <relationEntry localType="archival">Images des répertoires du notaire François Guibert pour l'étude CXIV</relationEntry>
         </resourceRelation>
         <resourceRelation xmlns:xlink="http://www.w3.org/1999/xlink"
                           resourceRelationType="creatorOf"
                           xlink:href="FRAN_IR_053226"
                           xlink:type="simple">
            <relationEntry localType="archival">Images des répertoires du notaire François Labie pour l'étude CXIV</relationEntry>
         </resourceRelation>
         <resourceRelation xmlns:xlink="http://www.w3.org/1999/xlink"
                           resourceRelationType="creatorOf"
                           xlink:href="FRAN_IR_053481"
                           xlink:type="simple">
            <relationEntry localType="archival">Images des répertoires du notaire Narcisse Désiré Ancelle pour l'étude CXIV</relationEntry>
         </resourceRelation>
         <resourceRelation xmlns:xlink="http://www.w3.org/1999/xlink"
                           resourceRelationType="creatorOf"
                           xlink:href="FRAN_IR_053467"
                           xlink:type="simple">
            <relationEntry localType="archival">Images des répertoires du notaire Vincent Blanché pour l'étude CXIV</relationEntry>
         </resourceRelation>
         <resourceRelation xmlns:xlink="http://www.w3.org/1999/xlink"
                           resourceRelationType="creatorOf"
                           xlink:href="FRAN_IR_053187"
                           xlink:type="simple">
            <relationEntry localType="archival">Images des répertoires du notaire Jacques Louis Potier de la Berthellière pour l'étude CXIV</relationEntry>
         </resourceRelation>
         <resourceRelation xmlns:xlink="http://www.w3.org/1999/xlink"
                           resourceRelationType="creatorOf"
                           xlink:href="FRAN_IR_053156"
                           xlink:type="simple">
            <relationEntry localType="archival">Images des répertoires du notaire Salomon Joseph Raynal pour l'étude CXIV</relationEntry>
         </resourceRelation>
         <resourceRelation xmlns:xlink="http://www.w3.org/1999/xlink"
                           resourceRelationType="creatorOf"
                           xlink:href="FRAN_IR_053206"
                           xlink:type="simple">
            <relationEntry localType="archival">Images des répertoires du notaire Eugène Philippe Michelez pour l'étude CXIV</relationEntry>
         </resourceRelation>
         <resourceRelation xmlns:xlink="http://www.w3.org/1999/xlink"
                           resourceRelationType="creatorOf"
                           xlink:href="FRAN_IR_043358"
                           xlink:type="simple">
            <relationEntry localType="archival">Minutes et répertoires du notaire Pierre GODEAU, 9 février 1580 - 1590 (étude CXIV)</relationEntry>
         </resourceRelation>
         <resourceRelation xmlns:xlink="http://www.w3.org/1999/xlink"
                           resourceRelationType="creatorOf"
                           xlink:href="FRAN_IR_043359"
                           xlink:type="simple">
            <relationEntry localType="archival">Minutes et répertoires du notaire Jacques I HAUMOIRE, 1591 -1596 (étude CXIV)</relationEntry>
         </resourceRelation>
         <resourceRelation xmlns:xlink="http://www.w3.org/1999/xlink"
                           resourceRelationType="creatorOf"
                           xlink:href="FRAN_IR_043362"
                           xlink:type="simple">
            <relationEntry localType="archival">Minutes et répertoires du notaire Michel LEFEBVRE, 1598 (étude CXIV)</relationEntry>
         </resourceRelation>
         <resourceRelation xmlns:xlink="http://www.w3.org/1999/xlink"
                           resourceRelationType="creatorOf"
                           xlink:href="FRAN_IR_043364"
                           xlink:type="simple">
            <relationEntry localType="archival">Minutes et répertoires du notaire François PERROTTE, 1598-1606 (étude CXIV)</relationEntry>
         </resourceRelation>
         <resourceRelation xmlns:xlink="http://www.w3.org/1999/xlink"
                           resourceRelationType="creatorOf"
                           xlink:href="FRAN_IR_043366"
                           xlink:type="simple">
            <relationEntry localType="archival">Minutes et répertoires du notaire Jacques II HAUMOIRE, 1593 - 1596 (étude CXIV)</relationEntry>
         </resourceRelation>
         <resourceRelation xmlns:xlink="http://www.w3.org/1999/xlink"
                           resourceRelationType="creatorOf"
                           xlink:href="FRAN_IR_043361"
                           xlink:type="simple">
            <relationEntry localType="archival">Minutes et répertoires du notaire BEZÉE, 5 janvier 1606 - 19 mars 1608 (étude CXIV)</relationEntry>
         </resourceRelation>
         <resourceRelation xmlns:xlink="http://www.w3.org/1999/xlink"
                           resourceRelationType="creatorOf"
                           xlink:href="FRAN_IR_043365"
                           xlink:type="simple">
            <relationEntry localType="archival">Minutes et répertoires du notaire BRACONNIER, 22 juin - 25 août 1609 (étude CXIV)</relationEntry>
         </resourceRelation>
         <resourceRelation xmlns:xlink="http://www.w3.org/1999/xlink"
                           resourceRelationType="creatorOf"
                           xlink:href="FRAN_IR_043363"
                           xlink:type="simple">
            <relationEntry localType="archival">Minutes et répertoires du notaire PICHON, 1618-1619 (étude CXIV)</relationEntry>
         </resourceRelation>
         <resourceRelation xmlns:xlink="http://www.w3.org/1999/xlink"
                           resourceRelationType="creatorOf"
                           xlink:href="FRAN_IR_043360"
                           xlink:type="simple">
            <relationEntry localType="archival">Minutes et répertoires du notaire PHELIPPES, 8 juillet 1613 - 5 mai 1614 (étude CXIV)</relationEntry>
         </resourceRelation>
         <resourceRelation xmlns:xlink="http://www.w3.org/1999/xlink"
                           resourceRelationType="creatorOf"
                           xlink:href="FRAN_IR_043370"
                           xlink:type="simple">
            <relationEntry localType="archival">Minutes et répertoires du notaire Joachim BOUQUIN, 20 février 1624- 1656 (étude CXIV)</relationEntry>
         </resourceRelation>
         <resourceRelation xmlns:xlink="http://www.w3.org/1999/xlink"
                           resourceRelationType="creatorOf"
                           xlink:href="FRAN_IR_043373"
                           xlink:type="simple">
            <relationEntry localType="archival">Minutes et répertoires du notaire Louis CORNEILLEAU, 1650 - 1653 (étude CXIV)</relationEntry>
         </resourceRelation>
         <resourceRelation xmlns:xlink="http://www.w3.org/1999/xlink"
                           resourceRelationType="creatorOf"
                           xlink:href="FRAN_IR_043375"
                           xlink:type="simple">
            <relationEntry localType="archival">Minutes et répertoires du notaire Pierre DUBOIS, 1656 - 1661 (étude CXIV)</relationEntry>
         </resourceRelation>
         <resourceRelation xmlns:xlink="http://www.w3.org/1999/xlink"
                           resourceRelationType="creatorOf"
                           xlink:href="FRAN_IR_043372"
                           xlink:type="simple">
            <relationEntry localType="archival">Minutes et répertoires du notaire SOUIN, 1664-1667 (étude CXIV)</relationEntry>
         </resourceRelation>
         <resourceRelation xmlns:xlink="http://www.w3.org/1999/xlink"
                           resourceRelationType="creatorOf"
                           xlink:href="FRAN_IR_043374"
                           xlink:type="simple">
            <relationEntry localType="archival">Minutes et répertoires du notaire Pierre BOURDIN, 1665 - 1669 (étude CXIV)</relationEntry>
         </resourceRelation>
         <resourceRelation xmlns:xlink="http://www.w3.org/1999/xlink"
                           resourceRelationType="creatorOf"
                           xlink:href="FRAN_IR_043379"
                           xlink:type="simple">
            <relationEntry localType="archival">Minutes et répertoires du notaire Henri VENANT, 26 juin 1693 - 22 décembre 1708 (étude CXIV)</relationEntry>
         </resourceRelation>
         <resourceRelation xmlns:xlink="http://www.w3.org/1999/xlink"
                           resourceRelationType="creatorOf"
                           xlink:href="FRAN_IR_043380"
                           xlink:type="simple">
            <relationEntry localType="archival">Minutes et répertoires du notaire Marcel II VENANT, 18 septembre 1709 - 31 octobre 1742 (étude CXIV)</relationEntry>
         </resourceRelation>
         <resourceRelation xmlns:xlink="http://www.w3.org/1999/xlink"
                           resourceRelationType="creatorOf"
                           xlink:href="FRAN_IR_043382"
                           xlink:type="simple">
            <relationEntry localType="archival">Minutes et répertoires du notaire Claude de ROUVROY, 4 mars 1729 - 4 décembre 1730 (étude CXIV)</relationEntry>
         </resourceRelation>
         <resourceRelation xmlns:xlink="http://www.w3.org/1999/xlink"
                           resourceRelationType="creatorOf"
                           xlink:href="FRAN_IR_043385"
                           xlink:type="simple">
            <relationEntry localType="archival">Minutes et répertoires du notaire Claude DARGENTEL, 20 février - 24 décembre 1731  (étude CXIV)</relationEntry>
         </resourceRelation>
         <resourceRelation xmlns:xlink="http://www.w3.org/1999/xlink"
                           resourceRelationType="creatorOf"
                           xlink:href="FRAN_IR_043383"
                           xlink:type="simple">
            <relationEntry localType="archival">Minutes et répertoires du notaire Nicolas WATELET, 3 mars 1732 - 9 septembre 1734 (étude CXIV)</relationEntry>
         </resourceRelation>
         <resourceRelation xmlns:xlink="http://www.w3.org/1999/xlink"
                           resourceRelationType="creatorOf"
                           xlink:href="FRAN_IR_043384"
                           xlink:type="simple">
            <relationEntry localType="archival">Minutes et répertoires du notaire Étienne RANDONNET, 22 avril 1735 - 4 juillet 1735 (étude CXIV)</relationEntry>
         </resourceRelation>
         <resourceRelation xmlns:xlink="http://www.w3.org/1999/xlink"
                           resourceRelationType="creatorOf"
                           xlink:href="FRAN_IR_043381"
                           xlink:type="simple">
            <relationEntry localType="archival">Minutes et répertoires du notaire LA BARRIÈRE, 28 mars 1743 - 26 avril 1744 (étude CXIV)</relationEntry>
         </resourceRelation>
         <resourceRelation xmlns:xlink="http://www.w3.org/1999/xlink"
                           resourceRelationType="creatorOf"
                           xlink:href="FRAN_IR_043386"
                           xlink:type="simple">
            <relationEntry localType="archival">Minutes et répertoires du notaire Gilbert NOËL, 26 septembre 1744 - 3 avril 1752 (étude CXIV)</relationEntry>
         </resourceRelation>
         <resourceRelation xmlns:xlink="http://www.w3.org/1999/xlink"
                           resourceRelationType="creatorOf"
                           xlink:href="FRAN_IR_043387"
                           xlink:type="simple">
            <relationEntry localType="archival">Minutes et répertoires du notaire Augustin GRELIER-DELANOË, 9 mai 1752 - 1759 (étude CXIV)</relationEntry>
         </resourceRelation>
         <resourceRelation xmlns:xlink="http://www.w3.org/1999/xlink"
                           resourceRelationType="creatorOf"
                           xlink:href="FRAN_IR_043390"
                           xlink:type="simple">
            <relationEntry localType="archival">Minutes et répertoires du notaire Jacques JARDIN, 1760 - juin 1771 (étude CXIV)</relationEntry>
         </resourceRelation>
         <resourceRelation xmlns:xlink="http://www.w3.org/1999/xlink"
                           resourceRelationType="creatorOf"
                           xlink:href="FRAN_IR_043391"
                           xlink:type="simple">
            <relationEntry localType="archival">Minutes et répertoires du notaire JANNOT, 15 juin 1771 - août 1785 (étude CXIV)</relationEntry>
         </resourceRelation>
         <resourceRelation xmlns:xlink="http://www.w3.org/1999/xlink"
                           resourceRelationType="creatorOf"
                           xlink:href="FRAN_IR_043369"
                           xlink:type="simple">
            <relationEntry localType="archival">Minutes et répertoires du notaire PERIER, 1601 - 1627 (étude CXIV)</relationEntry>
         </resourceRelation>
         <resourceRelation xmlns:xlink="http://www.w3.org/1999/xlink"
                           resourceRelationType="creatorOf"
                           xlink:href="FRAN_IR_043367"
                           xlink:type="simple">
            <relationEntry localType="archival">Minutes et répertoires du notaire Marcel I VENANT, 1622 - 1644 (étude CXIV)</relationEntry>
         </resourceRelation>
         <resourceRelation xmlns:xlink="http://www.w3.org/1999/xlink"
                           resourceRelationType="creatorOf"
                           xlink:href="FRAN_IR_043368"
                           xlink:type="simple">
            <relationEntry localType="archival">Minutes et répertoires du notaire Martin LE SUEUR, 1626 - 1648 (étude CXIV)</relationEntry>
         </resourceRelation>
         <resourceRelation xmlns:xlink="http://www.w3.org/1999/xlink"
                           resourceRelationType="creatorOf"
                           xlink:href="FRAN_IR_043371"
                           xlink:type="simple">
            <relationEntry localType="archival">Minutes et répertoires du notaire Jacques I CASIN, 1649 - 1668 (étude CXIV)</relationEntry>
         </resourceRelation>
         <resourceRelation xmlns:xlink="http://www.w3.org/1999/xlink"
                           resourceRelationType="creatorOf"
                           xlink:href="FRAN_IR_043378"
                           xlink:type="simple">
            <relationEntry localType="archival">Minutes et répertoires du notaire Didier de LA COURT, 1669 - 1693 (étude CXIV)</relationEntry>
         </resourceRelation>
         <resourceRelation xmlns:xlink="http://www.w3.org/1999/xlink"
                           resourceRelationType="creatorOf"
                           xlink:href="FRAN_IR_043388"
                           xlink:type="simple">
            <relationEntry localType="archival">Minutes et répertoires du notaire Pierre HEUZET, 3 mars 1755 - 10 novembre 1793 (étude CXIV)</relationEntry>
         </resourceRelation>
         <resourceRelation xmlns:xlink="http://www.w3.org/1999/xlink"
                           resourceRelationType="creatorOf"
                           xlink:href="FRAN_IR_043376"
                           xlink:type="simple">
            <relationEntry localType="archival">Minutes et répertoires du notaire ALLAVOYNE, 8 mars 1660 - 11 septembre 1691 (étude CXIV)</relationEntry>
         </resourceRelation>
         <resourceRelation xmlns:xlink="http://www.w3.org/1999/xlink"
                           resourceRelationType="creatorOf"
                           xlink:href="FRAN_IR_043377"
                           xlink:type="simple">
            <relationEntry localType="archival">Minutes et répertoires du notaire Pierre RAGET, 1707 - 27 mai 1757 (étude CXIV)</relationEntry>
         </resourceRelation>
         <resourceRelation xmlns:xlink="http://www.w3.org/1999/xlink"
                           resourceRelationType="creatorOf"
                           xlink:href="FRAN_IR_043389"
                           xlink:type="simple">
            <relationEntry localType="archival">Minutes et répertoires du notaire Pierre MACRET, 2 juin 1757 - 9 juin 1793 (étude CXIV)</relationEntry>
         </resourceRelation>
         <resourceRelation xmlns:xlink="http://www.w3.org/1999/xlink"
                           resourceRelationType="creatorOf"
                           xlink:href="FRAN_IR_043357"
                           xlink:type="simple">
            <relationEntry localType="archival">Archives de l'étude CXIV</relationEntry>
         </resourceRelation>
         <resourceRelation xmlns:xlink="http://www.w3.org/1999/xlink"
                           resourceRelationType="creatorOf"
                           xlink:href="FRAN_IR_043397"
                           xlink:type="simple">
            <relationEntry localType="archival">Minutes et répertoires du notaire Vincent BLANCHÉ, 30 avril 1851 - 15 novembre 1860 (étude CXIV)</relationEntry>
         </resourceRelation>
      </relations>
   </cpfDescription>
</eac-cpf>
