<eac-cpf xmlns="urn:isbn:1-931666-33-4"
         xmlns:xsi="http://www.w3.org/2001/XMLSchema-instance"
         xsi:schemaLocation="urn:isbn:1-931666-33-4 cpf.xsd">
   <control>
      <recordId>FRAN_NP_005089</recordId>
      <otherRecordId localType="Ancien_identifiant">5103/FILL</otherRecordId>
      <maintenanceStatus>revised</maintenanceStatus>
      <maintenanceAgency>
         <agencyName>Archives nationales de France</agencyName>
      </maintenanceAgency>
      <languageDeclaration>
         <language languageCode="fre">Français</language>
         <script scriptCode="Latn"/>
      </languageDeclaration>
      <conventionDeclaration>
         <citation>Notice établie conformément à la norme ICA-ISAAR (CPF) 2004, aux normes ISO 8601 pour le système de normalisation des dates utilisé, ainsi que AFNOR NF Z 44-061, juin 1986. Catalogage : forme et structure des vedettes noms de personne, des vedettes titres, des rubriques de classement et des titres forgés.</citation>
      </conventionDeclaration>
      <localControl localType="niveau_de_detail">
         <term>Complète</term>
      </localControl>
      <maintenanceHistory>
         <maintenanceEvent>
            <eventType>derived</eventType>
            <eventDateTime>2013-04-23</eventDateTime>
            <agentType>machine</agentType>
            <agent>Import_SIA</agent>
         </maintenanceEvent>
         <maintenanceEvent>
            <eventType>revised</eventType>
            <eventDateTime>2016-07-29</eventDateTime>
            <agentType>human</agentType>
            <agent>Marine ZELVERTE</agent>
         </maintenanceEvent>
         <maintenanceEvent>
            <eventType>updated</eventType>
            <eventDateTime>2017-03-17</eventDateTime>
            <agentType>human</agentType>
            <agent>Marine ZELVERTE</agent>
         </maintenanceEvent>
         <maintenanceEvent>
            <eventType>updated</eventType>
            <eventDateTime>2017-03-20</eventDateTime>
            <agentType>human</agentType>
            <agent>Mission.referentiels MISSION.REFERENTIELS</agent>
            <eventDescription>F. Clavaud, 20 mars 2017 : ajouté liens d'identité</eventDescription>
         </maintenanceEvent>
      </maintenanceHistory>
      <sources>
         <source>
            <sourceEntry>Notices BnF n°s FRBNF15121052 et FRBNF12110345</sourceEntry>
         </source>
         <source>
            <sourceEntry>Site officiel de la FILL (http://fill-livrelecture.org/la-fill/presentation-de-la-fill/)</sourceEntry>
         </source>
         <source>
            <sourceEntry>Notice Wikipédia (https://fr.wikipedia.org/wiki/F%C3%A9d%C3%A9ration_interr%C3%A9gionale_pour_le_livre_et_la_lecture)</sourceEntry>
         </source>
      </sources>
   </control>
   <cpfDescription>
      <identity>
         <entityId>ISNI : 0000 0001 1958 5027</entityId>
         <entityType>corporateBody</entityType>
         <nameEntry localType="autorisée" scriptCode="Latn" xml:lang="fre">
            <part>Fédération interrégionale du livre et de la lecture (1985-....)</part>
         </nameEntry>
         <nameEntry>
            <part>Fédération française pour la coopération des bibliothèques (FFCB)</part>
            <useDates>
               <dateRange>
                  <fromDate standardDate="1985-01-01">1985</fromDate>
                  <toDate standardDate="2006-12-31">2006</toDate>
               </dateRange>
            </useDates>
         </nameEntry>
         <nameEntry>
            <part>FFCB</part>
            <useDates>
               <dateRange>
                  <fromDate standardDate="1985-01-01">1985</fromDate>
                  <toDate standardDate="2006-12-31">2006</toDate>
               </dateRange>
            </useDates>
         </nameEntry>
         <nameEntry>
            <part>FILL</part>
            <useDates>
               <dateRange>
                  <fromDate standardDate="2006-01-01">2006</fromDate>
               </dateRange>
            </useDates>
         </nameEntry>
      </identity>
      <description>
         <existDates>
            <dateRange>
               <fromDate standardDate="1985-01-01">1985</fromDate>
            </dateRange>
         </existDates>
         <legalStatuses>
            <legalStatus>
               <term vocabularySource="d5blom9zjl-l45jh5o3uznu">association</term>
            </legalStatus>
         </legalStatuses>
         <functions>
            <function>
               <term vocabularySource="d5bhvil20q--uuew3ia85vzc">activité associative</term>
            </function>
            <function>
               <term vocabularySource="d3nyuh22j7-1un996fsc6m08">coopération</term>
            </function>
            <function>
               <term vocabularySource="d3nyuhebkg-a4o80yedjeb">documentation</term>
            </function>
            <function>
               <term vocabularySource="d5bhvihqll-iv6mus5ox250">évaluation</term>
            </function>
         </functions>
         <structureOrGenealogy>
            <p>Pour réaliser ses missions, la Fédération s'organise autour d'un centre de ressources et de quatre commissions d'études et de projets : patrimoine écrit et graphique, lecture publique, vie littéraire et publics et économie du livre.</p>
         </structureOrGenealogy>
         <biogHist>
            <p>La Fédération interrégionale du livre et de la lecture (FILL), anciennement Fédération française pour la coopération des bibliothèques, des métiers du livre et de la documentation (FFCB) a été créée à la fin de l'année 1985. À l'initiative des structures régionales du livre, elle a changé de nom le 22 mars 2006 et est devenue la FILL. </p>
            <p/>
            <p>Association soutenue par le Ministère de la Culture et de la Communication (Direction du livre et de la lecture), elle réunit au sein d'un réseau national des structures régionales pour le livre (agences et centres régionaux du livre), des collectivités territoriales, des institutions nationales et des associations, des personnes qualifiées œuvrant dans le domaine du livre, de la lecture et de la documentation. </p>
            <p/>
            <p>La FILL est le lieu de l'interprofession, de la rencontre des politiques du livre et de la lecture en région ainsi que de la politique menée par l'État. Elle se présente comme une plateforme d'observation, d'analyse, de débat et de proposition, et d'action en regard des réalités présentes et futures.</p>
            <p>Elle travaille au développement équilibré de l'accès au livre et à la lecture, à la dynamisation et à l'évaluation des politiques culturelles dans ce domaine autour de quatre missions principales : mettre en valeur au niveau national les politiques régionales du livre et de la lecture, favoriser et enrichir le dialogue entre les différents acteurs (élus, services culturels,....), susciter et animer le débat sur l'accès au livre et à la lecture en proposant des solutions pragmatiques et fédérer les acteurs de la filière.</p>
         </biogHist>
      </description>
      <relations>
         <cpfRelation xmlns:xlink="http://www.w3.org/1999/xlink"
                      cpfRelationType="associative"
                      xlink:href="FRAN_NP_000005"
                      xlink:type="simple">
            <relationEntry>France. Ministère de la Culture et de la Communication (1959-....)</relationEntry>
            <dateRange>
               <fromDate standardDate="1985-01-01">1985</fromDate>
            </dateRange>
            <descriptiveNote>
               <p>@isFunctionnallyLinkedTo@</p>
            </descriptiveNote>
         </cpfRelation>
         <cpfRelation xmlns:xlink="http://www.w3.org/1999/xlink"
                      cpfRelationType="associative"
                      xlink:href="FRAN_NP_005099"
                      xlink:type="simple">
            <relationEntry>France. Ministère de la Culture et de la Communication. Direction du Livre et de la Lecture (1976-2010)</relationEntry>
            <dateRange>
               <fromDate standardDate="1985-01-01">1985</fromDate>
               <toDate standardDate="2010-01-12">12 janvier 2010</toDate>
            </dateRange>
            <descriptiveNote>
               <p>@isFunctionnallyLinkedTo@</p>
            </descriptiveNote>
         </cpfRelation>
         <cpfRelation xmlns:xlink="http://www.w3.org/1999/xlink"
                      cpfRelationType="associative"
                      xlink:href="FRAN_NP_005628"
                      xlink:type="simple">
            <relationEntry>France. Direction générale des Médias et des Industries culturelles. Service du Livre et de la Lecture (2010-....)</relationEntry>
            <dateRange>
               <fromDate standardDate="2010-01-13">13 janvier 2010</fromDate>
            </dateRange>
            <descriptiveNote>
               <p>@isFunctionnallyLinkedTo@</p>
            </descriptiveNote>
         </cpfRelation>
         <cpfRelation xmlns:xlink="http://www.w3.org/1999/xlink"
                      cpfRelationType="associative"
                      xlink:href="FRAN_NP_005422"
                      xlink:type="simple">
            <relationEntry>Bibliothèque publique d'information (Paris)</relationEntry>
            <dateRange>
               <fromDate standardDate="1985-01-01">1985</fromDate>
            </dateRange>
            <descriptiveNote>
               <p>@isFunctionnallyLinkedTo@</p>
            </descriptiveNote>
         </cpfRelation>
         <cpfRelation xmlns:xlink="http://www.w3.org/1999/xlink"
                      cpfRelationType="associative"
                      xlink:href="FRAN_NP_005074"
                      xlink:type="simple">
            <relationEntry>Bibliothèque nationale (France)</relationEntry>
            <dateRange>
               <fromDate standardDate="1985-01-01">1985</fromDate>
               <toDate standardDate="1993-12-31">1993</toDate>
            </dateRange>
            <descriptiveNote>
               <p>@isFunctionnallyLinkedTo@</p>
            </descriptiveNote>
         </cpfRelation>
         <cpfRelation xmlns:xlink="http://www.w3.org/1999/xlink"
                      cpfRelationType="associative"
                      xlink:href="FRAN_NP_051355"
                      xlink:type="simple">
            <relationEntry>Bibliothèque nationale de France (1994-....)</relationEntry>
            <dateRange>
               <fromDate standardDate="1994-01-01">1994</fromDate>
            </dateRange>
            <descriptiveNote>
               <p>
     @isFunctionnallyLinkedTo@
    </p>
            </descriptiveNote>
         </cpfRelation>
         <cpfRelation xmlns:xlink="http://www.w3.org/1999/xlink"
                      cpfRelationType="associative"
                      xlink:href="FRAN_NP_005439"
                      xlink:type="simple">
            <relationEntry>France. Ministère de la Culture et de la Communication. Direction générale des Médias et des Industries culturelles (2010-....)</relationEntry>
            <dateRange>
               <fromDate standardDate="2010-01-13">13 janvier 2010</fromDate>
            </dateRange>
            <descriptiveNote>
               <p>@isFunctionnallyLinkedTo@</p>
            </descriptiveNote>
         </cpfRelation>
         <cpfRelation xmlns:xlink="http://www.w3.org/1999/xlink"
                      cpfRelationType="identity"
                      xlink:href="http://catalogue.bnf.fr/ark:/12148/cb15121052x"
                      xlink:type="simple">
            <relationEntry>Fédération interrégionale du livre et de la lecture</relationEntry>
            <dateRange>
               <fromDate standardDate="1985-01-01">1985</fromDate>
            </dateRange>
            <descriptiveNote>
               <p>Notice d'autorité BnF</p>
            </descriptiveNote>
         </cpfRelation>
         <cpfRelation xmlns:xlink="http://www.w3.org/1999/xlink"
                      cpfRelationType="identity"
                      xlink:href="https://fr.wikipedia.org/wiki/F%C3%A9d%C3%A9ration_interr%C3%A9gionale_pour_le_livre_et_la_lecture"
                      xlink:type="simple">
            <relationEntry>Fédération interrégionale pour le livre et la lecture</relationEntry>
            <dateRange>
               <fromDate standardDate="1985-01-01">1985</fromDate>
            </dateRange>
            <descriptiveNote>
               <p>Notice Wikipédia</p>
            </descriptiveNote>
         </cpfRelation>
      </relations>
   </cpfDescription>
</eac-cpf>
