<eac-cpf xmlns="urn:isbn:1-931666-33-4"
         xmlns:xsi="http://www.w3.org/2001/XMLSchema-instance"
         xsi:schemaLocation="urn:isbn:1-931666-33-4 cpf.xsd">
   <control>
      <recordId>FRAN_NP_006500</recordId>
      <otherRecordId localType="Ancien_identifiant">8113</otherRecordId>
      <maintenanceStatus>revised</maintenanceStatus>
      <maintenanceAgency>
         <agencyName>Archives nationales de France</agencyName>
      </maintenanceAgency>
      <languageDeclaration>
         <language languageCode="fre">Français</language>
         <script scriptCode="Latn"/>
      </languageDeclaration>
      <conventionDeclaration>
         <citation>Notice établie conformément à la norme ICA-ISAAR (CPF) 2004, aux normes ISO 8601 pour le système de normalisation des dates utilisé, ainsi que AFNOR NF Z 44-061, juin 1986. Catalogage : forme et structure des vedettes noms de personne, des vedettes titres, des rubriques de classement et des titres forgés.</citation>
      </conventionDeclaration>
      <localControl localType="niveau_de_detail">
         <term>Moyenne</term>
      </localControl>
      <maintenanceHistory>
         <maintenanceEvent>
            <eventType>derived</eventType>
            <eventDateTime>2013-04-23</eventDateTime>
            <agentType>machine</agentType>
            <agent>Import_SIA</agent>
         </maintenanceEvent>
         <maintenanceEvent>
            <eventType>revised</eventType>
            <eventDateTime>2015-07-24</eventDateTime>
            <agentType>human</agentType>
            <agent>Marie CHOULEUR</agent>
            <eventDescription>F. Clavaud, 24 juillet 2015 : revu liens IR</eventDescription>
         </maintenanceEvent>
         <maintenanceEvent>
            <eventType>revised</eventType>
            <eventDateTime>2015-07-24</eventDateTime>
            <agentType>human</agentType>
            <agent>Florence CLAVAUD</agent>
         </maintenanceEvent>
         <maintenanceEvent>
            <eventType>revised</eventType>
            <eventDateTime>2015-12-04</eventDateTime>
            <agentType>human</agentType>
            <agent>Florence CLAVAUD</agent>
         </maintenanceEvent>
      </maintenanceHistory>
      <sources>
         <source>
            <descriptiveNote>
               <p>Archives nationales, article 19970272/1 : Moyens de l’administration des dommages de guerre.</p>
               <p>LUQUET Jean, « Qui a reconstruit la France ? Ou la naissance d’une administration », dans Reconstructions et modernisation, la France après les ruines, 1918… 1945…, [catalogue de l’exposition organisée à l’hôtel de Rohan, janvier-mai 1991], Paris : Archives nationales, 1991.</p>
            </descriptiveNote>
         </source>
      </sources>
   </control>
   <cpfDescription>
      <identity>
         <entityType>corporateBody</entityType>
         <nameEntry localType="autorisée" scriptCode="Latn" xml:lang="fre">
            <part>Centre national de règlement des dommages de guerre (France)</part>
         </nameEntry>
         <nameEntry>
            <part>CNRDG</part>
         </nameEntry>
      </identity>
      <description>
         <existDates>
            <dateRange>
               <fromDate standardDate="1976-01-01">1976</fromDate>
               <toDate standardDate="1985-12-31">1985</toDate>
            </dateRange>
         </existDates>
         <legalStatuses>
            <legalStatus>
               <term>service à compétence nationale</term>
            </legalStatus>
         </legalStatuses>
         <functions>
            <function>
               <term vocabularySource="d3nyugaefk--zg9gvxs7butk">aménagement du territoire</term>
            </function>
            <function>
               <term vocabularySource="d3nyugszba-a2wofi2a3sjm">construction</term>
            </function>
            <function>
               <term vocabularySource="d3nyuhxzoi-nbw0nxwwzfuk">indemnisation</term>
            </function>
            <function>
               <term vocabularySource="d3nyuimm9z--1tz0n2jqoofo0">urbanisme</term>
            </function>
         </functions>
         <mandates>
            <mandate>
               <descriptiveNote>
                  <p>Circulaire du 6 janvier 1976 créant le centre national de réglement des dommages.</p>
               </descriptiveNote>
            </mandate>
         </mandates>
         <biogHist>
            <p>Lors de sa création en octobre 1944, le ministère de la Reconstruction et de l’Urbanisme est doté par le gouvernement provisoire de délégations départementales. Chacune d’entre elles comporte à l’origine un 
     <span style="bold">centre départemental des dommages de guerre</span>. 
    </p>
            <p>Ces centres, coordonnés par la direction des dommages de guerre, ont pour missions 
     <span style="bold"> d’instruire les dossiers d’indemnisation des sinistrés et de financement des travaux de reconstruction</span>. La direction des dommages de guerre, quant à elle, intervient de manière directe uniquement dans le cas des dossiers dits de « priorité nationale » ou dans les dossiers contentieux. 
    </p>
            <p>À mesure de l’avancée des travaux de reconstruction, et de la liquidation progressive des dossiers, les centres départementaux se regroupent à l’échelon interdépartemental, notamment en Seine-et-Oise. La fusion touche à son terme lorsque le 
     <span style="bold">centre départemental des dommages de guerre de Paris</span> devient, en 
     <span style="bold">1976</span>, 
     <span style="bold">centre national de règlement des dommages de guerre</span>. Il dépend de la direction de l’administration générale du ministère de l’équipement. 
    </p>
            <p>Le centre national de règlement des dommages de guerre cesse de fonctionner en 
     <span style="bold">1985</span>, date à laquelle ses missions, tout comme celles du bureau des dommages de guerre, sont transférées au bureau des affaires juridiques et du contentieux. 
    </p>
         </biogHist>
      </description>
      <relations>
         <cpfRelation xmlns:xlink="http://www.w3.org/1999/xlink"
                      cpfRelationType="hierarchical-parent"
                      xlink:href="FRAN_NP_006237"
                      xlink:type="simple">
            <relationEntry>Direction des affaires financières et de l'administration générale (ministère de l'Équipement)</relationEntry>
            <dateRange>
               <fromDate standardDate="1976-01-01">1976</fromDate>
               <toDate standardDate="1985-12-31">1985</toDate>
            </dateRange>
         </cpfRelation>
         <resourceRelation xmlns:xlink="http://www.w3.org/1999/xlink"
                           resourceRelationType="creatorOf"
                           xlink:href="FRAN_IR_014544"
                           xlink:type="simple">
            <relationEntry localType="archival">Ministères chargés de la Reconstruction. Dommages de guerre traités sur le plan
     national, secteur gaz (PN40) (1940-1983).</relationEntry>
         </resourceRelation>
         <resourceRelation xmlns:xlink="http://www.w3.org/1999/xlink"
                           resourceRelationType="creatorOf"
                           xlink:href="FRAN_IR_014356"
                           xlink:type="simple">
            <relationEntry localType="archival">Urbanisme ; Direction dommages de guerre, Centre national de réglement des dommages de guerre (1922-1970)</relationEntry>
         </resourceRelation>
         <resourceRelation xmlns:xlink="http://www.w3.org/1999/xlink"
                           resourceRelationType="creatorOf"
                           xlink:href="FRAN_IR_021016"
                           xlink:type="simple">
            <relationEntry localType="archival">Urbanisme ; Direction dommages de guerre, Centre national de réglement des dommages de guerre (1946-1960)</relationEntry>
         </resourceRelation>
         <resourceRelation xmlns:xlink="http://www.w3.org/1999/xlink"
                           resourceRelationType="creatorOf"
                           xlink:href="FRAN_IR_021873"
                           xlink:type="simple">
            <relationEntry localType="archival">Urbanisme ; Direction dommages de guerre, Centre national de réglement des dommages de guerre (1948-1983)</relationEntry>
         </resourceRelation>
         <resourceRelation xmlns:xlink="http://www.w3.org/1999/xlink"
                           resourceRelationType="creatorOf"
                           xlink:href="FRAN_IR_022657"
                           xlink:type="simple">
            <relationEntry localType="archival">Urbanisme ; Direction dommages de guerre, Centre national de réglement des dommages de guerre (1949-1969)</relationEntry>
         </resourceRelation>
         <resourceRelation xmlns:xlink="http://www.w3.org/1999/xlink"
                           resourceRelationType="creatorOf"
                           xlink:href="FRAN_IR_053965"
                           xlink:type="simple">
            <relationEntry localType="archival">Dossiers de dommages de guerre traités sur le plan national - 51. Lettres. Arts. Sports. 52. Ministère des Finances. 53. Ministère de l'Intérieur. 54. Ministère de la Justice.</relationEntry>
         </resourceRelation>
         <resourceRelation xmlns:xlink="http://www.w3.org/1999/xlink"
                           resourceRelationType="creatorOf"
                           xlink:href="FRAN_IR_017060"
                           xlink:type="simple">
            <relationEntry localType="archival">Dommages de guerre des entreprises de gaz et d’électricité
     (1922-1965).</relationEntry>
         </resourceRelation>
         <resourceRelation xmlns:xlink="http://www.w3.org/1999/xlink"
                           resourceRelationType="creatorOf"
                           xlink:href="FRAN_IR_016728"
                           xlink:type="simple">
            <relationEntry localType="archival">Urbanisme ; Direction Dommages de guerre, Centre national de réglement des dommages de guerre (1939-1945)</relationEntry>
         </resourceRelation>
      </relations>
   </cpfDescription>
</eac-cpf>
