<eac-cpf xmlns="urn:isbn:1-931666-33-4"
         xmlns:xsi="http://www.w3.org/2001/XMLSchema-instance"
         xsi:schemaLocation="urn:isbn:1-931666-33-4 cpf.xsd">
   <control>
      <recordId>FRAN_NP_003532</recordId>
      <otherRecordId localType="Ancien_identifiant">3211/A</otherRecordId>
      <maintenanceStatus>revised</maintenanceStatus>
      <maintenanceAgency>
         <agencyName>Archives nationales de France</agencyName>
      </maintenanceAgency>
      <languageDeclaration>
         <language languageCode="fre">Français</language>
         <script scriptCode="Latn"/>
      </languageDeclaration>
      <conventionDeclaration>
         <citation>Notice établie conformément à la norme ICA-ISAAR (CPF) 2004, aux normes ISO 8601 pour le système de normalisation des dates utilisé, ainsi que AFNOR NF Z 44-061, juin 1986. Catalogage : forme et structure des vedettes noms de personne, des vedettes titres, des rubriques de classement et des titres forgés.</citation>
      </conventionDeclaration>
      <localControl localType="niveau_de_detail">
         <term>Complète</term>
      </localControl>
      <maintenanceHistory>
         <maintenanceEvent>
            <eventType>derived</eventType>
            <eventDateTime>2013-04-23</eventDateTime>
            <agentType>machine</agentType>
            <agent>Import_SIA</agent>
         </maintenanceEvent>
         <maintenanceEvent>
            <eventType>revised</eventType>
            <eventDateTime>2016-05-20</eventDateTime>
            <agentType>human</agentType>
            <agent>Marine ZELVERTE</agent>
            <eventDescription/>
         </maintenanceEvent>
         <maintenanceEvent>
            <eventType>updated</eventType>
            <eventDateTime>2017-04-06</eventDateTime>
            <agentType>human</agentType>
            <agent>Marine ZELVERTE</agent>
            <eventDescription>F. Clavaud, 6 avril 2017 : vérifications rapides</eventDescription>
         </maintenanceEvent>
      </maintenanceHistory>
      <sources>
         <source>
            <sourceEntry>Bottin administratif</sourceEntry>
         </source>
      </sources>
   </control>
   <cpfDescription>
      <identity>
         <entityType>corporateBody</entityType>
         <nameEntry localType="autorisée" scriptCode="Latn" xml:lang="fre">
            <part>France. Direction des bibliothèques et de la lecture publique. Division des affaires administratives (1965-1975)</part>
         </nameEntry>
         <nameEntry>
            <part>Services administratifs</part>
            <useDates>
               <dateRange>
                  <fromDate standardDate="1965-01-01">1965</fromDate>
                  <toDate standardDate="1974-12-31">1974</toDate>
               </dateRange>
            </useDates>
         </nameEntry>
         <nameEntry>
            <part>Division des affaires administratives</part>
            <useDates>
               <dateRange>
                  <fromDate standardDate="1974-01-01">1974</fromDate>
                  <toDate standardDate="1975-12-31">1975</toDate>
               </dateRange>
            </useDates>
         </nameEntry>
      </identity>
      <description>
         <existDates>
            <dateRange>
               <fromDate standardDate="1965-01-01">1965</fromDate>
               <toDate standardDate="1975-12-31">1975</toDate>
            </dateRange>
         </existDates>
         <legalStatuses>
            <legalStatus>
               <term vocabularySource="d5blonaxbw--1mt8t42bokzts">service d'administration centrale</term>
            </legalStatus>
         </legalStatuses>
         <functions>
            <function>
               <term vocabularySource="d3nyugzvf8-1nwn3i74v5spq">contrôle financier</term>
            </function>
            <function>
               <term vocabularySource="d3nyuhebkg-a4o80yedjeb">documentation</term>
            </function>
            <function>
               <term vocabularySource="d5bhvii5wk-c5ead6thqj5l">exécution budgétaire</term>
            </function>
            <function>
               <term vocabularySource="d5bhvijq5z-zaaj99p5tmch">gestion du personnel</term>
            </function>
            <function>
               <term vocabularySource="d5bhvimbi4--1c33jbciwlk3b">gestion immobilière</term>
            </function>
            <function>
               <term vocabularySource="d5bhvijcl3--1u6l4sy8b51az">préparation budgétaire</term>
            </function>
         </functions>
         <mandates>
            <mandate/>
         </mandates>
         <structureOrGenealogy>
            <p>Les services administratifs sont composés de trois bureaux :</p>
            <list>
               <item>le bureau du personnel (BL 1) ;</item>
               <item>le bureau de la gestion et du contrôle financiers (BL 2) ;</item>
               <item>le bureau des affaires générales (BL 3).</item>
            </list>
         </structureOrGenealogy>
         <biogHist>
            <p>
               <span style="underline">Historique :</span>
            </p>
            <p>Les services administratifs sont réunis pour la première fois au sein de la direction des Bibliothèques et de la Lecture publique en 1965. Ils étaient auparavant constitués en deux bureaux indépendants, le bureau du personnel et le bureau de la comptabilité (devenu bureau de la gestion et du contrôle financiers). </p>
            <p>La division des affaires administratives disparaît en 1975 avec la DBLP, supprimée suite à une décision du conseil des ministres du 2 juillet qui répartit ses attributions entre le secrétariat d'État aux Universités et le secrétariat d'État à la Culture (décret du 29 octobre 1975).</p>
            <p/>
            <p>
               <span style="underline">Missions :</span>
            </p>
            <p>Les services administratifs sont chargés des questions liées au personnel des bibliothèques publiques (administration du personnel, statuts, examens et concours...), de la gestion et du contrôle financiers (établissement des budgets, engagement des crédits, contrôle financier...) ainsi que d'affaires générales liées au fonctionnement des bibliothèques (documentation administrative, questions immobilières et mobilières...). </p>
         </biogHist>
      </description>
      <relations>
         <cpfRelation xmlns:xlink="http://www.w3.org/1999/xlink"
                      cpfRelationType="temporal-later"
                      xlink:href="FRAN_NP_003537"
                      xlink:type="simple">
            <relationEntry>Division du budget et des affaires financières (service des bibliothèques, ministère des Universités)</relationEntry>
            <dateRange>
               <fromDate standardDate="1975-01-01">1975</fromDate>
            </dateRange>
         </cpfRelation>
         <cpfRelation xmlns:xlink="http://www.w3.org/1999/xlink"
                      cpfRelationType="hierarchical-child"
                      xlink:href="FRAN_NP_003529"
                      xlink:type="simple">
            <relationEntry>France. Direction des bibliothèques et de la lecture publique. Bureau de la gestion et du contrôle financiers (1945-1975)</relationEntry>
            <dateRange>
               <fromDate standardDate="1965-01-01">1965</fromDate>
               <toDate standardDate="1975-12-31">1975</toDate>
            </dateRange>
            <descriptiveNote>
               <p>
     @isPartOf@
    </p>
            </descriptiveNote>
         </cpfRelation>
         <cpfRelation xmlns:xlink="http://www.w3.org/1999/xlink"
                      cpfRelationType="hierarchical-child"
                      xlink:href="FRAN_NP_003531"
                      xlink:type="simple">
            <relationEntry>France. Direction des bibliothèques et de la lecture publique. Bureau du personnel (1945-1975)</relationEntry>
            <dateRange>
               <fromDate standardDate="1965-01-01">1965</fromDate>
               <toDate standardDate="1975-12-31">1975</toDate>
            </dateRange>
            <descriptiveNote>
               <p>
     @isPartOf@
    </p>
            </descriptiveNote>
         </cpfRelation>
         <cpfRelation xmlns:xlink="http://www.w3.org/1999/xlink"
                      cpfRelationType="hierarchical-child"
                      xlink:href="FRAN_NP_003530"
                      xlink:type="simple">
            <relationEntry>France. Direction des bibliothèques et de la lecture publique. Division des services administratifs. Bureau des affaires générales (1965-1975)</relationEntry>
            <dateRange>
               <fromDate standardDate="1965-01-01">1965</fromDate>
               <toDate standardDate="1975-12-31">1975</toDate>
            </dateRange>
            <descriptiveNote>
               <p>
     @isPartOf@
    </p>
            </descriptiveNote>
         </cpfRelation>
         <cpfRelation xmlns:xlink="http://www.w3.org/1999/xlink"
                      cpfRelationType="temporal-later"
                      xlink:href="FRAN_NP_005777"
                      xlink:type="simple">
            <relationEntry>France. Direction du Livre et de la Lecture. Sous-direction des affaires générales (1976-1987)</relationEntry>
            <dateRange>
               <fromDate standardDate="1976-01-01">1976</fromDate>
            </dateRange>
         </cpfRelation>
         <cpfRelation xmlns:xlink="http://www.w3.org/1999/xlink"
                      cpfRelationType="hierarchical-parent"
                      xlink:href="FRAN_NP_009943"
                      xlink:type="simple">
            <relationEntry>France. Direction générale des Arts et Lettres. Direction des bibliothèques et de la lecture publique (1945-1975)</relationEntry>
            <dateRange>
               <fromDate standardDate="1965-01-01">1965</fromDate>
               <toDate standardDate="1975-12-31">1975</toDate>
            </dateRange>
            <descriptiveNote>
               <p>@isPartOf@</p>
            </descriptiveNote>
         </cpfRelation>
      </relations>
   </cpfDescription>
</eac-cpf>
