<eac-cpf xmlns="urn:isbn:1-931666-33-4"
         xmlns:xsi="http://www.w3.org/2001/XMLSchema-instance"
         xsi:schemaLocation="urn:isbn:1-931666-33-4 cpf.xsd">
   <control>
      <recordId>FRAN_NP_005055</recordId>
      <otherRecordId localType="Ancien_identifiant">5101/SNT</otherRecordId>
      <maintenanceStatus>revised</maintenanceStatus>
      <maintenanceAgency>
         <agencyName>Archives nationales de France</agencyName>
      </maintenanceAgency>
      <languageDeclaration>
         <language languageCode="fre">Français</language>
         <script scriptCode="Latn"/>
      </languageDeclaration>
      <conventionDeclaration>
         <citation>Notice établie conformément à la norme ICA-ISAAR (CPF) 2004, aux normes ISO 8601 pour le système de normalisation des dates utilisé, ainsi que AFNOR NF Z 44-061, juin 1986. Catalogage : forme et structure des vedettes noms de personne, des vedettes titres, des rubriques de classement et des titres forgés.</citation>
      </conventionDeclaration>
      <localControl localType="niveau_de_detail">
         <term>Complète</term>
      </localControl>
      <maintenanceHistory>
         <maintenanceEvent>
            <eventType>derived</eventType>
            <eventDateTime>2013-04-23</eventDateTime>
            <agentType>machine</agentType>
            <agent>Import_SIA</agent>
         </maintenanceEvent>
         <maintenanceEvent>
            <eventType>revised</eventType>
            <eventDateTime>2015-12-04</eventDateTime>
            <agentType>human</agentType>
            <agent>Blandine WAGNER</agent>
            <eventDescription>Anciens identifiants : 5101/SNT, 5110/SNT</eventDescription>
         </maintenanceEvent>
         <maintenanceEvent>
            <eventType>revised</eventType>
            <eventDateTime>2016-08-17</eventDateTime>
            <agentType>human</agentType>
            <agent>Marine ZELVERTE</agent>
         </maintenanceEvent>
         <maintenanceEvent>
            <eventType>updated</eventType>
            <eventDateTime>2017-04-12</eventDateTime>
            <agentType>human</agentType>
            <agent>Mission.referentiels MISSION.REFERENTIELS</agent>
            <eventDescription>F. Clavaud, 12 avril 2017 : ajouté lien d'identité, revu liens IR</eventDescription>
         </maintenanceEvent>
      </maintenanceHistory>
      <sources>
         <source>
            <sourceEntry>Journal Officiel de la République française</sourceEntry>
         </source>
         <source>
            <sourceEntry>Notice BnF n° FRBNF14638241</sourceEntry>
         </source>
      </sources>
   </control>
   <cpfDescription>
      <identity>
         <entityId>ISNI 0000 0001 2184 2352</entityId>
         <entityType>corporateBody</entityType>
         <nameEntry localType="autorisée" scriptCode="Latn" xml:lang="fre">
            <part>France. Ministère de la Culture et de la Communication. Service national des travaux (1990-2010)</part>
         </nameEntry>
         <nameEntry>
            <part>SNT</part>
         </nameEntry>
      </identity>
      <description>
         <existDates>
            <dateRange>
               <fromDate standardDate="1990-01-05">5 janvier 1990</fromDate>
               <toDate standardDate="2010-07-20">20 juillet 2010</toDate>
            </dateRange>
         </existDates>
         <legalStatuses>
            <legalStatus>
               <term vocabularySource="d5blokqhb2-71c8sqtdbid4">service à compétence nationale</term>
            </legalStatus>
         </legalStatuses>
         <functions>
            <function>
               <term vocabularySource="d3nyugszba-a2wofi2a3sjm">construction</term>
            </function>
            <function>
               <term vocabularySource="d5bhvimbi4--1c33jbciwlk3b">gestion immobilière</term>
            </function>
         </functions>
         <mandates>
            <mandate>
               <descriptiveNote>
                  <p> Décret n° 90-13 du 3 janvier 1990 portant création du service national des travaux au ministère de la culture, de la communication, des grands travaux et du Bicentenaire (https://www.legifrance.gouv.fr/affichTexte.do?cidTexte=JORFTEXT000000524251&amp;fastPos=10&amp;fastReqId=642661081&amp;categorieLien=id&amp;oldAction=rechTexte)</p>
                  <p> Arrêté du 3 mai 2002 relatif au service national des travaux (https://www.legifrance.gouv.fr/affichTexte.do?cidTexte=JORFTEXT000000777893&amp;fastPos=13&amp;fastReqId=2036009122&amp;categorieLien=id&amp;oldAction=rechTexte)</p>
                  <p>Décret n° 2010-818 du 14 juillet 2010 relatif à l'Opérateur du patrimoine et des projets immobiliers de la culture (https://www.legifrance.gouv.fr/affichTexte.do?cidTexte=JORFTEXT000022497544&amp;fastPos=4&amp;fastReqId=1037663746&amp;categorieLien=id&amp;oldAction=rechTexte)</p>
               </descriptiveNote>
            </mandate>
         </mandates>
         <structureOrGenealogy>
            <p>Le SNT est organisé en 6 départements : un département des affaires juridiques et contentieuses, un département chargé de coordonner les études et la programmation et quatre départements de conduite d'opération.</p>
         </structureOrGenealogy>
         <biogHist>
            <p>
               <span style="underline">Historique :</span>
            </p>
            <p>Créé par le décret n° 90-13 du 3 janvier 1990 (publié au Journal Officiel le 4 janvier), le Service national des travaux (SNT) est un service à compétence nationale chargé de missions de maîtrise d'ouvrage sur les immeubles bâtis et non bâtis de l'État. Il est à la fois l'héritier d'un service d'administration centrale, la sous-direction des affaires générales et des constructions publiques, qui était maître d'ouvrage pour la construction d'immeubles affectés au ministère de la Culture (gestion des crédits, études de faisabilité et de programmation architecturale et technique, choix du maître d'œuvre), et d'un service d'échelon régional, la Conservation régionale des monuments historiques d'Ile-de-France (CRMH), chargée de recenser, protéger et restaurer les monuments historiques franciliens, et qui a cédé au SNT, en 1990, la conduite des travaux portant sur les principaux édifices classés d'Île-de-France appartenant à l'État. Le SNT est installé dans les locaux de la CRMH, à la Grande Écurie du Roi, à Versailles.</p>
            <p>Ses compétences sont précisées par l'arrêté du 3 mai 2002. Il est rattaché au directeur de l'administration générale et au directeur de l'architecture et du patrimoine du ministère de la Culture et de la Communication.</p>
            <p>En application d'une décision du Conseil de modernisation des politiques publiques de juin 2008, le SNT et l'Établissement public de maîtrise d'ouvrage des travaux culturels (EMOC), chargé de missions voisines, ont fusionné dans un établissement public à caractère administratif, l'Opérateur du patrimoine et des projets immobiliers de la Culture (OPPIC), créé par décret n° 2010-818 du 14 juillet 2010 (publié au Journal Officiel le 20 juillet).</p>
            <p/>
            <p>
               <span style="underline">Missions :</span>
            </p>
            <p>Les missions du SNT sont définies dans l'article 2 de l'arrêté du 3 mai 2002 : "À la demande du directeur de l'administration générale et du directeur de l'architecture et du patrimoine, le service exerce des missions de maîtrise d'ouvrage sur les immeubles bâtis et non bâtis de l'État dont la liste est arrêtée par le ministre chargé de la culture ainsi que pour l'organisation des cérémonies nationales et pour le transfert au Panthéon de cendres illustres. Il participe à l'élaboration du programme des travaux en liaison avec la direction ou l'établissement public dont dépend l'immeuble. Il propose l'enveloppe financière prévisionnelle et détermine le processus selon lequel les travaux seront réalisés. Il conclut avec les maîtres d'oeuvre et les entreprises les marchés d'études et de réalisation des travaux. Il assure le suivi de la réalisation des travaux et l'exécution des marchés."</p>
         </biogHist>
      </description>
      <relations>
         <cpfRelation xmlns:xlink="http://www.w3.org/1999/xlink"
                      cpfRelationType="hierarchical-parent"
                      xlink:href="FRAN_NP_005406"
                      xlink:type="simple">
            <relationEntry>France. Ministère de la Culture et de la Communication. Direction de l'architecture et du patrimoine (1998-2010)</relationEntry>
            <dateRange>
               <fromDate standardDate="1998-01-01">1998</fromDate>
               <toDate standardDate="2010-01-12">12 janvier 2010</toDate>
            </dateRange>
            <descriptiveNote>
               <p>@isControlledBy@</p>
            </descriptiveNote>
         </cpfRelation>
         <cpfRelation xmlns:xlink="http://www.w3.org/1999/xlink"
                      cpfRelationType="associative"
                      xlink:href="FRAN_NP_005282"
                      xlink:type="simple">
            <relationEntry>France. Ministère de la Culture et de la Communication. Direction de l'administration générale (1959-2010)</relationEntry>
            <dateRange>
               <fromDate standardDate="1990-01-05">5 janvier 1990</fromDate>
               <toDate standardDate="2010-07-20">20 juillet 2010</toDate>
            </dateRange>
            <descriptiveNote>
               <p>isControlledBy</p>
            </descriptiveNote>
         </cpfRelation>
         <cpfRelation xmlns:xlink="http://www.w3.org/1999/xlink"
                      cpfRelationType="associative"
                      xlink:href="FRAN_NP_005437"
                      xlink:type="simple">
            <relationEntry>France. Ministère de la Culture et de la Communication. Direction générale des patrimoines (2010-....)</relationEntry>
            <dateRange>
               <fromDate standardDate="2010-01-13">13 janvier 2010</fromDate>
               <toDate standardDate="2010-07-20">20 juillet 2010</toDate>
            </dateRange>
            <descriptiveNote>
               <p>@isFunctionnallyLinked@</p>
            </descriptiveNote>
         </cpfRelation>
         <cpfRelation xmlns:xlink="http://www.w3.org/1999/xlink"
                      cpfRelationType="temporal-earlier"
                      xlink:href="FRAN_NP_005412"
                      xlink:type="simple">
            <relationEntry>Conservation régionale des monuments historiques d'Île-de-France</relationEntry>
            <dateRange>
               <fromDate standardDate="1990-01-05">5 janvier 1990</fromDate>
            </dateRange>
         </cpfRelation>
         <cpfRelation xmlns:xlink="http://www.w3.org/1999/xlink"
                      cpfRelationType="temporal-earlier"
                      xlink:href="FRAN_NP_005156"
                      xlink:type="simple">
            <relationEntry>Sous-direction des affaires générales et des constructions publiques (direction du patrimoine)</relationEntry>
            <dateRange>
               <fromDate standardDate="1990-01-05">5 janvier 1990</fromDate>
            </dateRange>
         </cpfRelation>
         <cpfRelation xmlns:xlink="http://www.w3.org/1999/xlink"
                      cpfRelationType="temporal-later"
                      xlink:href="FRAN_NP_005427"
                      xlink:type="simple">
            <relationEntry>Opérateur du patrimoine et des projets immobiliers de la culture (France)</relationEntry>
            <dateRange>
               <fromDate standardDate="2010-07-21">21 juillet 2010</fromDate>
            </dateRange>
         </cpfRelation>
         <cpfRelation xmlns:xlink="http://www.w3.org/1999/xlink"
                      cpfRelationType="associative"
                      xlink:href="FRAN_NP_005074"
                      xlink:type="simple">
            <relationEntry>Bibliothèque nationale (France)</relationEntry>
            <dateRange>
               <fromDate standardDate="1990-01-05">5 janvier 1990</fromDate>
               <toDate standardDate="1993-12-31">1993</toDate>
            </dateRange>
            <descriptiveNote>
               <p>@isFunctionnallyLinkedTo@</p>
            </descriptiveNote>
         </cpfRelation>
         <cpfRelation xmlns:xlink="http://www.w3.org/1999/xlink"
                      cpfRelationType="associative"
                      xlink:href="FRAN_NP_051355"
                      xlink:type="simple">
            <relationEntry>Bibliothèque nationale de France (1994-....)</relationEntry>
            <dateRange>
               <fromDate standardDate="1994-01-01">1994</fromDate>
               <toDate standardDate="2010-07-20">20 juillet 2010</toDate>
            </dateRange>
            <descriptiveNote>
               <p>@isFunctionnallyLinkedTo@</p>
            </descriptiveNote>
         </cpfRelation>
         <cpfRelation xmlns:xlink="http://www.w3.org/1999/xlink"
                      cpfRelationType="identity"
                      xlink:href="http://catalogue.bnf.fr/ark:/12148/cb14638241f"
                      xlink:type="simple">
            <relationEntry>France. Ministère de la culture et de la communication (1997-....). Service national des travaux</relationEntry>
            <dateRange>
               <fromDate standardDate="1990-01-05">5 janvier 1990</fromDate>
               <toDate standardDate="2010-07-20">20 juillet 2010</toDate>
            </dateRange>
            <descriptiveNote>
               <p>Notice d'autorité BnF</p>
            </descriptiveNote>
         </cpfRelation>
         <resourceRelation xmlns:xlink="http://www.w3.org/1999/xlink"
                           resourceRelationType="creatorOf"
                           xlink:href="FRAN_IR_053531"
                           xlink:type="simple">
            <relationEntry localType="archival">Service national des travaux</relationEntry>
         </resourceRelation>
         <resourceRelation xmlns:xlink="http://www.w3.org/1999/xlink"
                           resourceRelationType="creatorOf"
                           xlink:href="FRAN_IR_053533"
                           xlink:type="simple">
            <relationEntry localType="archival">Service national des travaux</relationEntry>
         </resourceRelation>
         <resourceRelation xmlns:xlink="http://www.w3.org/1999/xlink"
                           resourceRelationType="creatorOf"
                           xlink:href="FRAN_IR_053532"
                           xlink:type="simple">
            <relationEntry localType="archival">Service national des travaux Programmation et conduite de travaux sur des édifices publics (1956-1993)</relationEntry>
         </resourceRelation>
         <resourceRelation xmlns:xlink="http://www.w3.org/1999/xlink"
                           resourceRelationType="creatorOf"
                           xlink:href="FRAN_IR_054246"
                           xlink:type="simple">
            <relationEntry localType="archival">Service national des travaux et etablissement public de maitrise d'ouvrage de travaux culturels TRANSFORMATION DU PALAIS DE TOKYO EN PALAIS Des arts de L'IMAGE</relationEntry>
         </resourceRelation>
         <resourceRelation xmlns:xlink="http://www.w3.org/1999/xlink"
                           resourceRelationType="creatorOf"
                           xlink:href="FRAN_IR_054248"
                           xlink:type="simple">
            <relationEntry localType="archival">Service national des travaux et etablissement public de maitrise d'ouvrage de travaux culturels Transformation du PALAIS DE TOKYO EN PALAIS DES ARTS DE L'IMAGE</relationEntry>
         </resourceRelation>
         <resourceRelation xmlns:xlink="http://www.w3.org/1999/xlink"
                           resourceRelationType="creatorOf"
                           xlink:href="FRAN_IR_054247"
                           xlink:type="simple">
            <relationEntry localType="archival">Service national des travaux et etablissement public de maitrise d'ouvrage de travaux culturels tRANSFORMATION DU pALAIS DE tOKYO EN pALAIS DES ARTS DE L'IMAGE</relationEntry>
         </resourceRelation>
         <resourceRelation xmlns:xlink="http://www.w3.org/1999/xlink"
                           resourceRelationType="creatorOf"
                           xlink:href="FRAN_IR_055368"
                           xlink:type="simple">
            <relationEntry localType="archival">Panneaux de concours d'architecture pour la construction ou l'aménagement de bâtiments a usage culturel (1985-2004)</relationEntry>
         </resourceRelation>
         <resourceRelation xmlns:xlink="http://www.w3.org/1999/xlink"
                           resourceRelationType="creatorOf"
                           xlink:href="FRAN_IR_055879"
                           xlink:type="simple">
            <relationEntry localType="archival">Réaménagement du musée national des arts asiatiques-guimet</relationEntry>
         </resourceRelation>
         <resourceRelation xmlns:xlink="http://www.w3.org/1999/xlink"
                           resourceRelationType="creatorOf"
                           xlink:href="FRAN_IR_056412"
                           xlink:type="simple">
            <relationEntry localType="archival">Sous-direction des affaires générales et des constructions publiques et Service national des travaux du ministère de la culture Programmation et conduite de travaux sur des édifices publics (1979-2010)</relationEntry>
         </resourceRelation>
      </relations>
   </cpfDescription>
</eac-cpf>
