<eac-cpf xmlns="urn:isbn:1-931666-33-4"
         xmlns:xsi="http://www.w3.org/2001/XMLSchema-instance"
         xsi:schemaLocation="urn:isbn:1-931666-33-4 cpf.xsd">
   <control>
      <recordId>FRAN_NP_009900</recordId>
      <maintenanceStatus>revised</maintenanceStatus>
      <maintenanceAgency>
         <agencyName>Archives nationales de France</agencyName>
      </maintenanceAgency>
      <languageDeclaration>
         <language languageCode="fre">Français</language>
         <script scriptCode="Latn"/>
      </languageDeclaration>
      <conventionDeclaration>
         <citation>Notice établie conformément à la norme ICA-ISAAR (CPF) 2004, aux normes ISO 8601 pour le système de normalisation des dates utilisé, ainsi que AFNOR NF Z 44-061, juin 1986. Catalogage : forme et structure des vedettes noms de personne, des vedettes titres, des rubriques de classement et des titres forgés.</citation>
      </conventionDeclaration>
      <localControl localType="niveau_de_detail">
         <term>Complète</term>
      </localControl>
      <maintenanceHistory>
         <maintenanceEvent>
            <eventType>derived</eventType>
            <eventDateTime>2013-04-23</eventDateTime>
            <agentType>machine</agentType>
            <agent>Import_SIA</agent>
         </maintenanceEvent>
         <maintenanceEvent>
            <eventType>revised</eventType>
            <eventDateTime>2015-12-21</eventDateTime>
            <agentType>human</agentType>
            <agent>Monique LEBLOIS-PECHON</agent>
            <eventDescription>F. Clavaud, 21 décembre 2015 : légères retouches, indexation, ajout n° ISNI et identifiant ARK de la notice BnF</eventDescription>
         </maintenanceEvent>
      </maintenanceHistory>
      <sources>
         <source>
            <descriptiveNote>
               <p>Introduction de l'inventaire des archives du Commissariat aux questions juives (IR 31020) par Marie-Thérèse Chabord et Jean Pouëssel, 1998</p>
               <p>Notice d'autorité BnF : http://catalogue.bnf.fr/ark:/12148/cb12321142t</p>
            </descriptiveNote>
         </source>
      </sources>
   </control>
   <cpfDescription>
      <identity>
         <entityId>ISNI 0000 0001 2295 2940</entityId>
         <entityType>corporateBody</entityType>
         <nameEntry localType="autorisée" scriptCode="Latn" xml:lang="fre">
            <part>France. Commissariat général aux questions juives (1941-1944)</part>
         </nameEntry>
         <nameEntry>
            <part>CGQJ</part>
         </nameEntry>
         <nameEntry>
            <part>Commissariat aux questions juives</part>
         </nameEntry>
      </identity>
      <description>
         <existDates>
            <dateRange>
               <fromDate standardDate="1941-03-29">29 mars 1941</fromDate>
               <toDate standardDate="1944-08-17">17 août 1944</toDate>
            </dateRange>
         </existDates>
         <legalStatuses>
            <legalStatus>
               <term vocabularySource="d5blonaxbw--1mt8t42bokzts">service d'administration centrale</term>
            </legalStatus>
         </legalStatuses>
         <functions>
            <function>
               <term vocabularySource="d3nyui229e--p611v00n1s5k">liquidation</term>
               <descriptiveNote>
                  <p>liquidation et spoliation des biens juifs pendant la 2e guerre mondiale</p>
               </descriptiveNote>
            </function>
         </functions>
         <mandates>
            <mandate>
               <descriptiveNote>
                  <p>Lois du 29 mars 1941 ( 
       <span style="italic">J.O</span>. du 31 mars 1941), du 1er septembre 1941 ( 
       <span style="italic">J.O</span>. du 2 septembre 1941) et du 6 mai 1942 ( 
       <span style="italic">J.O</span>. du 14 mai 1942) 
      </p>
               </descriptiveNote>
            </mandate>
         </mandates>
         <structureOrGenealogy>
            <p>Le Commissariat avait son siège à Vichy, mais c’est à Paris que les services étaient le plus actifs. L’organisation du CGQJ a évolué entre 1941 et 1944. Le décret du 19 juin 1941 plaçait sous l’autorité du commissaire général les quatre services suivants : un cabinet auquel étaient rattachés les services administratifs et financiers, la direction du statut des personnes, la direction de l’aryanisation économique (pour toute la France à partir d’août 1941) et le service du contrôle des administrateurs provisoires. </p>
            <p>A ces quatre services s’ajoutent à partir d’octobre 1941 la police des questions juives (PQJ) qui deviendra plus tard la section d’enquêtes et de contrôle (SEC), en décembre 1942 la direction de la propagande et en mai 1944 une direction de l’inspection générale. </p>
            <p>Les pouvoirs du CGQJ s’étendaient à la zone sud comme à la zone occupée. Dans chaque préfecture, en dehors de la région parisienne, était installée une direction régionale, à laquelle était rattachée une délégation de la SEC et éventuellement une délégation à la propagande.</p>
         </structureOrGenealogy>
         <generalContext/>
         <biogHist>
            <p>Le Commissariat général aux questions juives (C.G.Q.J.) fut créé par la loi du 29 mars 1941. Il était chargé de préparer et de proposer au chef de l'État toutes les mesures législatives concernant les Juifs, de fixer les dates de liquidation des biens juifs, de désigner les administrateurs séquestres et de contrôler leur activité. La direction de l'aryanisation économique (D.A.E.) avait, à elle seule, plus d'importance que tous les autres services du Commissariat. Elle était chargée de l'exécution des mesures économiques prises contre les Juifs et englobait le Service du contrôle des administrateurs provisoires (S.C.A.P.). L'autre service prédominant était la Police des questions juives (P.Q.J.), devenue par la suite Section d'enquête et de contrôle (S.E.C.), dont le rôle était la recherche des infractions au statut des Juifs. </p>
            <p>Le Commissariat fut rattaché tout d'abord à la vice-présidence du Conseil, puis au Ministère de l'Intérieur par la loi du 1er septembre 1941. Enfin, par la loi du 6 mai 1942, le C.G.Q.J. fut placé directement sous l'autorité du chef du gouvernement qui nommait personnellement le Commissaire général. Il fut dirigé successivement par Xavier Vallat (mars 1941-mars 1942), Louis Darquier de Pellepoix (mai 1942-février 1944) et Charles Mercier du Paty de Clam (février-mai 1944).</p>
            <p>Le C.G.Q.J. a été officiellement fermé fin août 1944, ses biens ont été mis sous séquestre et le séquestre confié au ministère des Finances.</p>
         </biogHist>
      </description>
      <relations>
         <cpfRelation xmlns:xlink="http://www.w3.org/1999/xlink"
                      cpfRelationType="temporal-later"
                      xlink:href="FRAN_NP_009901"
                      xlink:type="simple">
            <relationEntry>France. Service de restitution des biens des victimes des lois et mesures de spoliation (1944-1950)</relationEntry>
            <dateRange>
               <fromDate standardDate="1944-11-14">14 novembre 1944</fromDate>
            </dateRange>
         </cpfRelation>
         <cpfRelation xmlns:xlink="http://www.w3.org/1999/xlink"
                      cpfRelationType="hierarchical-parent"
                      xlink:href="FRAN_NP_000008"
                      xlink:type="simple">
            <relationEntry>Ministère de l'Intérieur</relationEntry>
            <dateRange>
               <fromDate standardDate="1941-09-01">1er septembre 1941</fromDate>
               <toDate standardDate="1942-05-06">6 mai 1942</toDate>
            </dateRange>
         </cpfRelation>
         <resourceRelation xmlns:xlink="http://www.w3.org/1999/xlink"
                           resourceRelationType="creatorOf"
                           xlink:href="FRAN_IR_054029"
                           xlink:type="simple">
            <relationEntry localType="archival">Commissariat général aux questions juives et Service de restitution des biens des victimes des lois et mesures de spoliation (1/3)</relationEntry>
         </resourceRelation>
         <resourceRelation xmlns:xlink="http://www.w3.org/1999/xlink"
                           resourceRelationType="creatorOf"
                           xlink:href="FRAN_IR_054030"
                           xlink:type="simple">
            <relationEntry localType="archival">Commissariat général aux questions juives et Service de restitution des biens des victimes des lois et mesures de spoliation (2/3)</relationEntry>
         </resourceRelation>
      </relations>
   </cpfDescription>
</eac-cpf>
