<eac-cpf xmlns="urn:isbn:1-931666-33-4"
         xmlns:xsi="http://www.w3.org/2001/XMLSchema-instance"
         xsi:schemaLocation="urn:isbn:1-931666-33-4 cpf.xsd">
   <control>
      <recordId>FRAN_NP_010229</recordId>
      <otherRecordId localType="Ancien_identifiant">FRDAFANCH00MC_NAETUDE_102</otherRecordId>
      <maintenanceStatus>revised</maintenanceStatus>
      <maintenanceAgency>
         <agencyName>Archives nationales de France</agencyName>
      </maintenanceAgency>
      <languageDeclaration>
         <language languageCode="fre">Français</language>
         <script scriptCode="Latn"/>
      </languageDeclaration>
      <conventionDeclaration>
         <citation>Notice établie conformément à la norme ICA-ISAAR (CPF) 2004, aux normes ISO 8601 pour le système de normalisation des dates utilisé, ainsi que AFNOR NF Z 44-061, juin 1986. Catalogage : forme et structure des vedettes noms de personne, des vedettes titres, des rubriques de classement et des titres forgés.</citation>
      </conventionDeclaration>
      <localControl localType="niveau_de_detail">
         <term>Moyenne</term>
      </localControl>
      <maintenanceHistory>
         <maintenanceEvent>
            <eventType>derived</eventType>
            <eventDateTime>2013-04-23</eventDateTime>
            <agentType>machine</agentType>
            <agent>Migration ETANOT</agent>
         </maintenanceEvent>
         <maintenanceEvent>
            <eventType>revised</eventType>
            <eventDateTime>2015-09-30</eventDateTime>
            <agentType>human</agentType>
            <agent>Marie-Françoise LIMON-BONNET</agent>
            <eventDescription>F. Clavaud, 20 août 2015 : ajouté statut, indexation lieux, revu tous les liens IR</eventDescription>
         </maintenanceEvent>
      </maintenanceHistory>
   </control>
   <cpfDescription>
      <identity>
         <entityType>corporateBody</entityType>
         <nameEntry localType="autorisée" scriptCode="Latn" xml:lang="fre">
            <part>Etude CII</part>
         </nameEntry>
         <nameEntry>
            <part>75109</part>
         </nameEntry>
      </identity>
      <description>
         <existDates>
            <dateRange>
               <fromDate standardDate="1535-01-01">1535</fromDate>
            </dateRange>
         </existDates>
         <places>
            <place>
               <placeRole>Lieu de Paris</placeRole>
               <placeEntry localType="nomLieu">Boulevard Saint-Michel, Paris</placeEntry>
               <placeEntry localType="voie" vocabularySource="d3nzd5myb8-15bm7zrkt93gd">Saint-Michel (boulevard)</placeEntry>
               <dateRange>
                  <fromDate standardDate="1866-01-01">1866</fromDate>
               </dateRange>
            </place>
         </places>
         <legalStatuses>
            <legalStatus>
               <term>office notarial</term>
            </legalStatus>
         </legalStatuses>
         <functions>
            <function>
               <term vocabularySource="d3nyui3o8w--11y7jgy8q3wnt">notaire à Paris</term>
               <dateRange>
                  <fromDate standardDate="1535-01-01">1535</fromDate>
                  <toDate/>
               </dateRange>
            </function>
         </functions>
         <biogHist>
            <p>Du XVIème au XIXème siècle, l'étude demeure dans la Cité : rue des Marmousets ; rue du Marché-Palu ; parvis Notre-Dame. Elle passe ensuite la Seine et s'installe boulevard Saint-Michel en 1866.</p>
         </biogHist>
      </description>
      <relations>
         <cpfRelation xmlns:xlink="http://www.w3.org/1999/xlink"
                      cpfRelationType="associative"
                      xlink:href="FRAN_NP_010316"
                      xlink:type="simple">
            <relationEntry>Wasselin-Desfosses, Alfred-Victor</relationEntry>
            <dateRange>
               <fromDate standardDate="1838-08-08">8 août 1838</fromDate>
               <toDate standardDate="1858-09-30">30 septembre 1858</toDate>
            </dateRange>
         </cpfRelation>
         <cpfRelation xmlns:xlink="http://www.w3.org/1999/xlink"
                      cpfRelationType="associative"
                      xlink:href="FRAN_NP_010888"
                      xlink:type="simple">
            <relationEntry>Péron, Jacques-Claude</relationEntry>
            <dateRange>
               <fromDate standardDate="1761-06-03">3 juin 1761</fromDate>
               <toDate standardDate="1797-11-13">13 novembre 1797</toDate>
            </dateRange>
         </cpfRelation>
         <cpfRelation xmlns:xlink="http://www.w3.org/1999/xlink"
                      cpfRelationType="associative"
                      xlink:href="FRAN_NP_010932"
                      xlink:type="simple">
            <relationEntry>Pillault, Louis</relationEntry>
            <dateRange>
               <fromDate standardDate="1668-04-30">30 avril 1668</fromDate>
               <toDate standardDate="1688-05-28">28 mai 1688</toDate>
            </dateRange>
         </cpfRelation>
         <cpfRelation xmlns:xlink="http://www.w3.org/1999/xlink"
                      cpfRelationType="associative"
                      xlink:href="FRAN_NP_011364"
                      xlink:type="simple">
            <relationEntry>Laudigeois, Louis-Alexandre</relationEntry>
            <dateRange>
               <fromDate standardDate="1797-11-13">13 novembre 1797</fromDate>
               <toDate standardDate="1816-01-16">16 janvier 1816</toDate>
            </dateRange>
         </cpfRelation>
         <cpfRelation xmlns:xlink="http://www.w3.org/1999/xlink"
                      cpfRelationType="associative"
                      xlink:href="FRAN_NP_011381"
                      xlink:type="simple">
            <relationEntry>Le berche, Louis-Joseph</relationEntry>
            <dateRange>
               <fromDate standardDate="1704-09-10">10 septembre 1704</fromDate>
               <toDate standardDate="1712-02-12">12 février 1712</toDate>
            </dateRange>
         </cpfRelation>
         <cpfRelation xmlns:xlink="http://www.w3.org/1999/xlink"
                      cpfRelationType="associative"
                      xlink:href="FRAN_NP_011383"
                      xlink:type="simple">
            <relationEntry>Le blond, Louis</relationEntry>
            <dateRange>
               <fromDate standardDate="1658-03-11">11 mars 1658</fromDate>
               <toDate standardDate="1660-01-26">26 janvier 1660</toDate>
            </dateRange>
         </cpfRelation>
         <cpfRelation xmlns:xlink="http://www.w3.org/1999/xlink"
                      cpfRelationType="associative"
                      xlink:href="FRAN_NP_011325"
                      xlink:type="simple">
            <relationEntry>Lambert sainte-Croix, Barthélemy-Germain</relationEntry>
            <dateRange>
               <fromDate standardDate="1816-01-16">16 janvier 1816</fromDate>
               <toDate standardDate="1838-08-08">8 août 1838</toDate>
            </dateRange>
         </cpfRelation>
         <cpfRelation xmlns:xlink="http://www.w3.org/1999/xlink"
                      cpfRelationType="associative"
                      xlink:href="FRAN_NP_010588"
                      xlink:type="simple">
            <relationEntry>Simon, Paul Joseph</relationEntry>
            <dateRange>
               <fromDate standardDate="1919-08-14">14 août 1919</fromDate>
               <toDate standardDate="1942-11-11">11 novembre 1942</toDate>
            </dateRange>
         </cpfRelation>
         <cpfRelation xmlns:xlink="http://www.w3.org/1999/xlink"
                      cpfRelationType="associative"
                      xlink:href="FRAN_NP_012683"
                      xlink:type="simple">
            <relationEntry>Clément, Claude</relationEntry>
            <dateRange>
               <fromDate standardDate="1743-11-13">13 novembre 1743</fromDate>
               <toDate standardDate="1761-05-27">27 mai 1761</toDate>
            </dateRange>
         </cpfRelation>
         <cpfRelation xmlns:xlink="http://www.w3.org/1999/xlink"
                      cpfRelationType="associative"
                      xlink:href="FRAN_NP_011919"
                      xlink:type="simple">
            <relationEntry>Giron, Louis</relationEntry>
            <dateRange>
               <fromDate standardDate="1663-08-28">28 août 1663</fromDate>
               <toDate standardDate="1665-08-12">12 août 1665</toDate>
            </dateRange>
         </cpfRelation>
         <cpfRelation xmlns:xlink="http://www.w3.org/1999/xlink"
                      cpfRelationType="associative"
                      xlink:href="FRAN_NP_010776"
                      xlink:type="simple">
            <relationEntry>Orcibal, Jean-Baptiste</relationEntry>
            <dateRange>
               <fromDate standardDate="1858-09-30">30 septembre 1858</fromDate>
               <toDate standardDate="1873-08-29">29 août 1873</toDate>
            </dateRange>
         </cpfRelation>
         <cpfRelation xmlns:xlink="http://www.w3.org/1999/xlink"
                      cpfRelationType="associative"
                      xlink:href="FRAN_NP_011879"
                      xlink:type="simple">
            <relationEntry>Geraldy, Yves</relationEntry>
            <dateRange>
               <fromDate standardDate="1982-10-07">7 octobre 1982</fromDate>
               <toDate standardDate="1999-10-15">15 octobre 1999</toDate>
            </dateRange>
         </cpfRelation>
         <cpfRelation xmlns:xlink="http://www.w3.org/1999/xlink"
                      cpfRelationType="associative"
                      xlink:href="FRAN_NP_011799"
                      xlink:type="simple">
            <relationEntry>Hubault, Cyprien</relationEntry>
            <dateRange>
               <fromDate standardDate="1665-09-10">10 septembre 1665</fromDate>
               <toDate standardDate="1668-04-30">30 avril 1668</toDate>
            </dateRange>
         </cpfRelation>
         <cpfRelation xmlns:xlink="http://www.w3.org/1999/xlink"
                      cpfRelationType="associative"
                      xlink:href="FRAN_NP_013127"
                      xlink:type="simple">
            <relationEntry>Angirard, Jean</relationEntry>
            <dateRange>
               <fromDate standardDate="1536-01-01">1536</fromDate>
               <toDate standardDate="1577-12-31">1577</toDate>
            </dateRange>
         </cpfRelation>
         <cpfRelation xmlns:xlink="http://www.w3.org/1999/xlink"
                      cpfRelationType="associative"
                      xlink:href="FRAN_NP_010660"
                      xlink:type="simple">
            <relationEntry>Ricard, Louis-Victor-Albert</relationEntry>
            <dateRange>
               <fromDate standardDate="1873-08-29">29 août 1873</fromDate>
               <toDate standardDate="1890-03-28">28 mars 1890</toDate>
            </dateRange>
         </cpfRelation>
         <cpfRelation xmlns:xlink="http://www.w3.org/1999/xlink"
                      cpfRelationType="associative"
                      xlink:href="FRAN_NP_013069"
                      xlink:type="simple">
            <relationEntry>Bru, Hugues</relationEntry>
            <dateRange>
               <fromDate standardDate="1675-02-22">22 février 1675</fromDate>
               <toDate standardDate="1704-12-31">1704</toDate>
            </dateRange>
         </cpfRelation>
         <cpfRelation xmlns:xlink="http://www.w3.org/1999/xlink"
                      cpfRelationType="associative"
                      xlink:href="FRAN_NP_011891"
                      xlink:type="simple">
            <relationEntry>Gibert, Cyril</relationEntry>
            <dateRange>
               <fromDate standardDate="2007-02-09">9 février 2007</fromDate>
            </dateRange>
         </cpfRelation>
         <cpfRelation xmlns:xlink="http://www.w3.org/1999/xlink"
                      cpfRelationType="associative"
                      xlink:href="FRAN_NP_013323"
                      xlink:type="simple">
            <relationEntry>Bozellec, Céline</relationEntry>
            <dateRange>
               <fromDate standardDate="2007-02-09">9 février 2007</fromDate>
               <toDate standardDate="2011-10-06">6 octobre 2011</toDate>
            </dateRange>
         </cpfRelation>
         <cpfRelation xmlns:xlink="http://www.w3.org/1999/xlink"
                      cpfRelationType="associative"
                      xlink:href="FRAN_NP_012682"
                      xlink:type="simple">
            <relationEntry>Chaudé, Louis Henry</relationEntry>
            <dateRange>
               <fromDate standardDate="1913-06-25">25 juin 1913</fromDate>
               <toDate standardDate="1919-08-14">14 août 1919</toDate>
            </dateRange>
         </cpfRelation>
         <cpfRelation xmlns:xlink="http://www.w3.org/1999/xlink"
                      cpfRelationType="associative"
                      xlink:href="FRAN_NP_011962"
                      xlink:type="simple">
            <relationEntry>Grignon, Henri-François</relationEntry>
            <dateRange>
               <fromDate standardDate="1890-03-28">28 mars 1890</fromDate>
               <toDate standardDate="1913-06-25">25 juin 1913</toDate>
            </dateRange>
         </cpfRelation>
         <cpfRelation xmlns:xlink="http://www.w3.org/1999/xlink"
                      cpfRelationType="associative"
                      xlink:href="FRAN_NP_010521"
                      xlink:type="simple">
            <relationEntry>Sagaut, Marie José</relationEntry>
            <dateRange>
               <fromDate standardDate="1977-11-09">9 novembre 1977</fromDate>
               <toDate standardDate="1982-10-07">7 octobre 1982</toDate>
            </dateRange>
         </cpfRelation>
         <cpfRelation xmlns:xlink="http://www.w3.org/1999/xlink"
                      cpfRelationType="associative"
                      xlink:href="FRAN_NP_011386"
                      xlink:type="simple">
            <relationEntry>Le boucher, Nicolas I</relationEntry>
            <dateRange>
               <fromDate standardDate="1628-01-01">1628</fromDate>
               <toDate standardDate="1657-03-18">18 mars 1657</toDate>
            </dateRange>
         </cpfRelation>
         <cpfRelation xmlns:xlink="http://www.w3.org/1999/xlink"
                      cpfRelationType="associative"
                      xlink:href="FRAN_NP_011596"
                      xlink:type="simple">
            <relationEntry>Lévêque, Charles</relationEntry>
            <dateRange>
               <fromDate standardDate="1688-05-29">29 mai 1688</fromDate>
               <toDate standardDate="1704-09-03">3 septembre 1704</toDate>
            </dateRange>
         </cpfRelation>
         <cpfRelation xmlns:xlink="http://www.w3.org/1999/xlink"
                      cpfRelationType="associative"
                      xlink:href="FRAN_NP_011616"
                      xlink:type="simple">
            <relationEntry>Linacier, René-Philippe</relationEntry>
            <dateRange>
               <fromDate standardDate="1712-02-13">13 février 1712</fromDate>
               <toDate standardDate="1743-11-12">12 novembre 1743</toDate>
            </dateRange>
         </cpfRelation>
         <cpfRelation xmlns:xlink="http://www.w3.org/1999/xlink"
                      cpfRelationType="associative"
                      xlink:href="FRAN_NP_011645"
                      xlink:type="simple">
            <relationEntry>Lusson, Jean I</relationEntry>
            <dateRange>
               <fromDate standardDate="1566-07-13">13 juillet 1566</fromDate>
               <toDate standardDate="1599-11-23">23 novembre 1599</toDate>
            </dateRange>
         </cpfRelation>
         <cpfRelation xmlns:xlink="http://www.w3.org/1999/xlink"
                      cpfRelationType="associative"
                      xlink:href="FRAN_NP_011647"
                      xlink:type="simple">
            <relationEntry>Lusson, Regnault</relationEntry>
            <dateRange>
               <fromDate standardDate="1566-01-01">1566</fromDate>
               <toDate standardDate="1604-12-31">1604</toDate>
            </dateRange>
         </cpfRelation>
         <cpfRelation xmlns:xlink="http://www.w3.org/1999/xlink"
                      cpfRelationType="associative"
                      xlink:href="FRAN_NP_012377"
                      xlink:type="simple">
            <relationEntry>Demortreux, Maurice Jules François</relationEntry>
            <dateRange>
               <fromDate standardDate="1942-11-11">11 novembre 1942</fromDate>
               <toDate standardDate="1975-03-21">21 mars 1975</toDate>
            </dateRange>
         </cpfRelation>
         <cpfRelation xmlns:xlink="http://www.w3.org/1999/xlink"
                      cpfRelationType="associative"
                      xlink:href="FRAN_NP_012378"
                      xlink:type="simple">
            <relationEntry>Demortreux, Xavier</relationEntry>
            <dateRange>
               <fromDate standardDate="1969-05-14">14 mai 1969</fromDate>
               <toDate standardDate="2007-02-09">9 février 2007</toDate>
            </dateRange>
         </cpfRelation>
         <cpfRelation xmlns:xlink="http://www.w3.org/1999/xlink"
                      cpfRelationType="associative"
                      xlink:href="FRAN_NP_011284"
                      xlink:type="simple">
            <relationEntry>La motte, Nicolas de</relationEntry>
            <dateRange>
               <fromDate standardDate="1661-04-27">27 avril 1661</fromDate>
               <toDate standardDate="1675-01-29">29 janvier 1675</toDate>
            </dateRange>
         </cpfRelation>
         <resourceRelation xmlns:xlink="http://www.w3.org/1999/xlink"
                           resourceRelationType="creatorOf"
                           xlink:href="FRAN_IR_043101"
                           xlink:type="simple">
            <relationEntry localType="archival">Archives de l'étude CII</relationEntry>
         </resourceRelation>
         <resourceRelation xmlns:xlink="http://www.w3.org/1999/xlink"
                           resourceRelationType="creatorOf"
                           xlink:href="FRAN_IR_053404"
                           xlink:type="simple">
            <relationEntry localType="archival">Images des répertoires du notaire Alfred Victor Wasselin-Desfosses pour l'étude CII</relationEntry>
         </resourceRelation>
         <resourceRelation xmlns:xlink="http://www.w3.org/1999/xlink"
                           resourceRelationType="creatorOf"
                           xlink:href="FRAN_IR_053167"
                           xlink:type="simple">
            <relationEntry localType="archival">Images des répertoires du notaire Jean-Baptiste Orcibal pour l'étude CII</relationEntry>
         </resourceRelation>
         <resourceRelation xmlns:xlink="http://www.w3.org/1999/xlink"
                           resourceRelationType="creatorOf"
                           xlink:href="FRAN_IR_053232"
                           xlink:type="simple">
            <relationEntry localType="archival">Images des répertoires du notaire Louis Alexandre Laudigeois pour l'étude CII</relationEntry>
         </resourceRelation>
         <resourceRelation xmlns:xlink="http://www.w3.org/1999/xlink"
                           resourceRelationType="creatorOf"
                           xlink:href="FRAN_IR_053161"
                           xlink:type="simple">
            <relationEntry localType="archival">Images des répertoires du notaire Louis Victor Albert Ricard pour l'étude CII</relationEntry>
         </resourceRelation>
         <resourceRelation xmlns:xlink="http://www.w3.org/1999/xlink"
                           resourceRelationType="creatorOf"
                           xlink:href="FRAN_IR_053256"
                           xlink:type="simple">
            <relationEntry localType="archival">Images du répertoire du notaire Charles Lévêque pour l'étude CII</relationEntry>
         </resourceRelation>
         <resourceRelation xmlns:xlink="http://www.w3.org/1999/xlink"
                           resourceRelationType="creatorOf"
                           xlink:href="FRAN_IR_053430"
                           xlink:type="simple">
            <relationEntry localType="archival">Images du répertoire du notaire Claude Clément pour l'étude CII</relationEntry>
         </resourceRelation>
         <resourceRelation xmlns:xlink="http://www.w3.org/1999/xlink"
                           resourceRelationType="creatorOf"
                           xlink:href="FRAN_IR_053235"
                           xlink:type="simple">
            <relationEntry localType="archival">Images du répertoire du notaire Louis Joseph Le Berche pour l'étude CII</relationEntry>
         </resourceRelation>
         <resourceRelation xmlns:xlink="http://www.w3.org/1999/xlink"
                           resourceRelationType="creatorOf"
                           xlink:href="FRAN_IR_053263"
                           xlink:type="simple">
            <relationEntry localType="archival">Images du répertoire du notaire René Philippe Linacier pour l'étude CII</relationEntry>
         </resourceRelation>
         <resourceRelation xmlns:xlink="http://www.w3.org/1999/xlink"
                           resourceRelationType="creatorOf"
                           xlink:href="FRAN_IR_043119"
                           xlink:type="simple">
            <relationEntry localType="archival">Minutes et répertoires du notaire Alfred Victor WASSELIN-DESFOSSES, 8 août 1838 - 30 septembre 1858 (étude CII)</relationEntry>
         </resourceRelation>
         <resourceRelation xmlns:xlink="http://www.w3.org/1999/xlink"
                           resourceRelationType="creatorOf"
                           xlink:href="FRAN_IR_043118"
                           xlink:type="simple">
            <relationEntry localType="archival">Minutes et répertoires du notaire Barthélemy Germain LAMBERT SAINTE-CROIX, 16 janvier 1816 - 8 août 1838 (étude CII)</relationEntry>
         </resourceRelation>
         <resourceRelation xmlns:xlink="http://www.w3.org/1999/xlink"
                           resourceRelationType="creatorOf"
                           xlink:href="FRAN_IR_043112"
                           xlink:type="simple">
            <relationEntry localType="archival">Minutes et répertoires du notaire Charles LÉVÊQUE, 29 mai 1688 - 3 septembre 1704 (étude CII)</relationEntry>
         </resourceRelation>
         <resourceRelation xmlns:xlink="http://www.w3.org/1999/xlink"
                           resourceRelationType="creatorOf"
                           xlink:href="FRAN_IR_043115"
                           xlink:type="simple">
            <relationEntry localType="archival">Minutes et répertoires du notaire Claude CLÉMENT, 13 novembre 1743 - 27 mai 1761 (étude CII)</relationEntry>
         </resourceRelation>
         <resourceRelation xmlns:xlink="http://www.w3.org/1999/xlink"
                           resourceRelationType="creatorOf"
                           xlink:href="FRAN_IR_043110"
                           xlink:type="simple">
            <relationEntry localType="archival">Minutes et répertoires du notaire Cyprien HUBAULT, 10 septembre 1665 - 30 avril 1668 (étude CII)</relationEntry>
         </resourceRelation>
         <resourceRelation xmlns:xlink="http://www.w3.org/1999/xlink"
                           resourceRelationType="creatorOf"
                           xlink:href="FRAN_IR_043122"
                           xlink:type="simple">
            <relationEntry localType="archival">Minutes et répertoires du notaire Henri François GRIGNON, 28 mars 1890 - 8 janvier 1896 (étude CII)</relationEntry>
         </resourceRelation>
         <resourceRelation xmlns:xlink="http://www.w3.org/1999/xlink"
                           resourceRelationType="creatorOf"
                           xlink:href="FRAN_IR_043107"
                           xlink:type="simple">
            <relationEntry localType="archival">Minutes et répertoires du notaire Hugues BRU, 22 février 1675 - 1704 (étude CII)</relationEntry>
         </resourceRelation>
         <resourceRelation xmlns:xlink="http://www.w3.org/1999/xlink"
                           resourceRelationType="creatorOf"
                           xlink:href="FRAN_IR_043116"
                           xlink:type="simple">
            <relationEntry localType="archival">Minutes et répertoires du notaire Jacques Claude PÉRON, 3 juin 1761 - 13 novembre 1797 (étude CII)</relationEntry>
         </resourceRelation>
         <resourceRelation xmlns:xlink="http://www.w3.org/1999/xlink"
                           resourceRelationType="creatorOf"
                           xlink:href="FRAN_IR_043102"
                           xlink:type="simple">
            <relationEntry localType="archival">Minutes et répertoires du notaire Jean ANGIRARD, 1536 - 31 juillet 1577 (étude CII)</relationEntry>
         </resourceRelation>
         <resourceRelation xmlns:xlink="http://www.w3.org/1999/xlink"
                           resourceRelationType="creatorOf"
                           xlink:href="FRAN_IR_043103"
                           xlink:type="simple">
            <relationEntry localType="archival">Minutes et répertoires du notaire Jean I LUSSON, 13 juillet 1566 - 23 novembre 1599 (étude CII)</relationEntry>
         </resourceRelation>
         <resourceRelation xmlns:xlink="http://www.w3.org/1999/xlink"
                           resourceRelationType="creatorOf"
                           xlink:href="FRAN_IR_043120"
                           xlink:type="simple">
            <relationEntry localType="archival">Minutes et répertoires du notaire Jean-Baptiste ORCIBAL, 30 septembre 1858 - 29 août 1873 (étude CII)</relationEntry>
         </resourceRelation>
         <resourceRelation xmlns:xlink="http://www.w3.org/1999/xlink"
                           resourceRelationType="creatorOf"
                           xlink:href="FRAN_IR_043117"
                           xlink:type="simple">
            <relationEntry localType="archival">Minutes et répertoires du notaire Louis Alexandre LAUDIGEOIS, 13 novembre 1797 - 16 janvier 1816 (étude CII)</relationEntry>
         </resourceRelation>
         <resourceRelation xmlns:xlink="http://www.w3.org/1999/xlink"
                           resourceRelationType="creatorOf"
                           xlink:href="FRAN_IR_043109"
                           xlink:type="simple">
            <relationEntry localType="archival">Minutes et répertoires du notaire Louis GIRON, 2 septembre 1663 - 12 août 1665 (étude CII)</relationEntry>
         </resourceRelation>
         <resourceRelation xmlns:xlink="http://www.w3.org/1999/xlink"
                           resourceRelationType="creatorOf"
                           xlink:href="FRAN_IR_043113"
                           xlink:type="simple">
            <relationEntry localType="archival">Minutes et répertoires du notaire Louis Joseph LE BERCHE, 10 septembre 1704 - 12 février 1712 (étude CII)</relationEntry>
         </resourceRelation>
         <resourceRelation xmlns:xlink="http://www.w3.org/1999/xlink"
                           resourceRelationType="creatorOf"
                           xlink:href="FRAN_IR_043106"
                           xlink:type="simple">
            <relationEntry localType="archival">Minutes et répertoires du notaire Louis LE BLOND, 21 mars 1657 - 29 mars 1661 (étude CII)</relationEntry>
         </resourceRelation>
         <resourceRelation xmlns:xlink="http://www.w3.org/1999/xlink"
                           resourceRelationType="creatorOf"
                           xlink:href="FRAN_IR_043111"
                           xlink:type="simple">
            <relationEntry localType="archival">Minutes et répertoires du notaire Louis PILLAULT, 30 avril 1668 - 28 mai 1688 (étude CII)</relationEntry>
         </resourceRelation>
         <resourceRelation xmlns:xlink="http://www.w3.org/1999/xlink"
                           resourceRelationType="creatorOf"
                           xlink:href="FRAN_IR_043121"
                           xlink:type="simple">
            <relationEntry localType="archival">Minutes et répertoires du notaire Louis Victor Albert RICARD, 29 août 1873 - 28 mars 1890 (étude CII)</relationEntry>
         </resourceRelation>
         <resourceRelation xmlns:xlink="http://www.w3.org/1999/xlink"
                           resourceRelationType="creatorOf"
                           xlink:href="FRAN_IR_043105"
                           xlink:type="simple">
            <relationEntry localType="archival">Minutes et répertoires du notaire Nicolas I LE BOUCHER, 23 juillet 1623 - 1657 (étude CII)</relationEntry>
         </resourceRelation>
         <resourceRelation xmlns:xlink="http://www.w3.org/1999/xlink"
                           resourceRelationType="creatorOf"
                           xlink:href="FRAN_IR_043108"
                           xlink:type="simple">
            <relationEntry localType="archival">Minutes et répertoires du notaire Nicolas de LA MOTTE, 27 avril 1661 - 29 janvier 1675 (étude CII)</relationEntry>
         </resourceRelation>
         <resourceRelation xmlns:xlink="http://www.w3.org/1999/xlink"
                           resourceRelationType="creatorOf"
                           xlink:href="FRAN_IR_043104"
                           xlink:type="simple">
            <relationEntry localType="archival">Minutes et répertoires du notaire Regnault LUSSON, 1566 - 30 novembre 1605 (étude CII)</relationEntry>
         </resourceRelation>
         <resourceRelation xmlns:xlink="http://www.w3.org/1999/xlink"
                           resourceRelationType="creatorOf"
                           xlink:href="FRAN_IR_043114"
                           xlink:type="simple">
            <relationEntry localType="archival">Minutes et répertoires du notaire René Philippe LINACIER, 13 février 1712 - 12 novembre 1743 (étude CII)</relationEntry>
         </resourceRelation>
         <resourceRelation xmlns:xlink="http://www.w3.org/1999/xlink"
                           resourceRelationType="creatorOf"
                           xlink:href="FRAN_IR_054190"
                           xlink:type="simple">
            <relationEntry localType="archival">«Mélanges» (dossiers de clients) de l’étude CII. MC/ET/CII/410, MC/ET/CII/682-MC/ET/CII/693 (1100-1881)</relationEntry>
         </resourceRelation>
         <resourceRelation xmlns:xlink="http://www.w3.org/1999/xlink"
                           resourceRelationType="creatorOf"
                           xlink:href="FRAN_IR_053301"
                           xlink:type="simple">
            <relationEntry localType="archival">Images des répertoires du notaire Henri François Grignon pour l'étude CII</relationEntry>
         </resourceRelation>
         <resourceRelation xmlns:xlink="http://www.w3.org/1999/xlink"
                           resourceRelationType="creatorOf"
                           xlink:href="FRAN_IR_055450"
                           xlink:type="simple">
            <relationEntry localType="archival">Images des répertoires du notaire Jacques Claude Péron pour l'étude CII</relationEntry>
         </resourceRelation>
         <resourceRelation xmlns:xlink="http://www.w3.org/1999/xlink"
                           resourceRelationType="creatorOf"
                           xlink:href="FRAN_IR_055456"
                           xlink:type="simple">
            <relationEntry localType="archival">Images des répertoires du notaire Barthélemy Germain Lambert Sainte-Croix pour l'étude CII</relationEntry>
         </resourceRelation>
      </relations>
   </cpfDescription>
</eac-cpf>
