<eac-cpf xmlns="urn:isbn:1-931666-33-4"
         xmlns:xsi="http://www.w3.org/2001/XMLSchema-instance"
         xsi:schemaLocation="urn:isbn:1-931666-33-4 cpf.xsd">
   <control>
      <recordId>FRAN_NP_010228</recordId>
      <otherRecordId localType="Ancien_identifiant">FRDAFANCH00MC_NAETUDE_101</otherRecordId>
      <maintenanceStatus>derived</maintenanceStatus>
      <maintenanceAgency>
         <agencyName>Archives nationales de France</agencyName>
      </maintenanceAgency>
      <languageDeclaration>
         <language languageCode="fre">Français</language>
         <script scriptCode="Latn"/>
      </languageDeclaration>
      <conventionDeclaration>
         <citation>Notice établie conformément à la norme ICA-ISAAR (CPF) 2004, aux normes ISO 8601 pour le système de normalisation des dates utilisé, ainsi que AFNOR NF Z 44-061, juin 1986. Catalogage : forme et structure des vedettes noms de personne, des vedettes titres, des rubriques de classement et des titres forgés.</citation>
      </conventionDeclaration>
      <localControl localType="niveau_de_detail">
         <term>Moyenne</term>
      </localControl>
      <maintenanceHistory>
         <maintenanceEvent>
            <eventType>derived</eventType>
            <eventDateTime>2015-09-30</eventDateTime>
            <agentType>machine</agentType>
            <agent>Migration ETANOT</agent>
         </maintenanceEvent>
      </maintenanceHistory>
   </control>
   <cpfDescription>
      <identity>
         <entityType>corporateBody</entityType>
         <nameEntry localType="autorisée" scriptCode="Latn" xml:lang="fre">
            <part>Etude CI</part>
         </nameEntry>
         <nameEntry>
            <part>75082</part>
         </nameEntry>
      </identity>
      <description>
         <existDates>
            <dateRange>
               <fromDate standardDate="1671-01-01">1671</fromDate>
            </dateRange>
         </existDates>
         <functions>
            <function>
               <term vocabularySource="d3nyui3o8w--11y7jgy8q3wnt">notaire à paris</term>
               <dateRange>
                  <fromDate standardDate="1671-01-01">1671</fromDate>
                  <toDate/>
               </dateRange>
            </function>
         </functions>
         <biogHist>
            <p>Étude de la rive droite qui évolue d'Ouest en Est (contrairement à l'usage). Au XVIIème siècle, elle habite les paroisses Saint-Eustache et Saint-Germain-l'Auxerrois. Au XVIIIème siècle, la paroisse Saint-Merri (rue Saint-Martin ; rue de la Verrerie). Au XIXème siècle, la paroisse Saint-Gervais (place Baudoyer). Elle revient finalement rue du Renard en 1900.</p>
         </biogHist>
      </description>
      <relations>
         <cpfRelation xmlns:xlink="http://www.w3.org/1999/xlink"
                      cpfRelationType="associative"
                      xlink:href="FRAN_NP_010813"
                      xlink:type="simple">
            <relationEntry>Nony, Jean Luc</relationEntry>
            <dateRange>
               <fromDate standardDate="1989-07-05">5 juillet 1989</fromDate>
               <toDate standardDate="2008-01-23">23 janvier 2008</toDate>
            </dateRange>
         </cpfRelation>
         <cpfRelation xmlns:xlink="http://www.w3.org/1999/xlink"
                      cpfRelationType="associative"
                      xlink:href="FRAN_NP_011378"
                      xlink:type="simple">
            <relationEntry>Lavigne, Jacques</relationEntry>
            <dateRange>
               <fromDate standardDate="1989-07-05">5 juillet 1989</fromDate>
            </dateRange>
         </cpfRelation>
         <cpfRelation xmlns:xlink="http://www.w3.org/1999/xlink"
                      cpfRelationType="associative"
                      xlink:href="FRAN_NP_011403"
                      xlink:type="simple">
            <relationEntry>Le court, Jean-Pierre</relationEntry>
            <dateRange>
               <fromDate standardDate="1740-11-23">23 novembre 1740</fromDate>
               <toDate standardDate="1760-08-02">2 août 1760</toDate>
            </dateRange>
         </cpfRelation>
         <cpfRelation xmlns:xlink="http://www.w3.org/1999/xlink"
                      cpfRelationType="associative"
                      xlink:href="FRAN_NP_011404"
                      xlink:type="simple">
            <relationEntry>Le court, Jean-Baptiste</relationEntry>
            <dateRange>
               <fromDate standardDate="1700-01-19">19 janvier 1700</fromDate>
               <toDate standardDate="1740-11-21">21 novembre 1740</toDate>
            </dateRange>
         </cpfRelation>
         <cpfRelation xmlns:xlink="http://www.w3.org/1999/xlink"
                      cpfRelationType="associative"
                      xlink:href="FRAN_NP_011231"
                      xlink:type="simple">
            <relationEntry>Morel d'arleux, Philippe Joseph René</relationEntry>
            <dateRange>
               <fromDate standardDate="1943-02-09">9 février 1943</fromDate>
               <toDate standardDate="1963-08-01">1er août 1963</toDate>
            </dateRange>
         </cpfRelation>
         <cpfRelation xmlns:xlink="http://www.w3.org/1999/xlink"
                      cpfRelationType="associative"
                      xlink:href="FRAN_NP_011222"
                      xlink:type="simple">
            <relationEntry>Morel d'arleux, Albert Louis</relationEntry>
            <dateRange>
               <fromDate standardDate="1891-08-12">12 août 1891</fromDate>
               <toDate standardDate="1943-02-09">9 février 1943</toDate>
            </dateRange>
         </cpfRelation>
         <cpfRelation xmlns:xlink="http://www.w3.org/1999/xlink"
                      cpfRelationType="associative"
                      xlink:href="FRAN_NP_013289"
                      xlink:type="simple">
            <relationEntry>Roux, François Pierre Marie Jehan</relationEntry>
            <dateRange>
               <fromDate standardDate="2006-01-18">18 janvier 2006</fromDate>
            </dateRange>
         </cpfRelation>
         <cpfRelation xmlns:xlink="http://www.w3.org/1999/xlink"
                      cpfRelationType="associative"
                      xlink:href="FRAN_NP_011012"
                      xlink:type="simple">
            <relationEntry>Prieur, François</relationEntry>
            <dateRange>
               <fromDate standardDate="1694-12-18">18 décembre 1694</fromDate>
               <toDate standardDate="1698-10-01">1er octobre 1698</toDate>
            </dateRange>
         </cpfRelation>
         <cpfRelation xmlns:xlink="http://www.w3.org/1999/xlink"
                      cpfRelationType="associative"
                      xlink:href="FRAN_NP_010619"
                      xlink:type="simple">
            <relationEntry>Rappe, Bonnaventure</relationEntry>
            <dateRange>
               <fromDate standardDate="1685-02-03">3 février 1685</fromDate>
               <toDate standardDate="1690-09-22">22 septembre 1690</toDate>
            </dateRange>
         </cpfRelation>
         <cpfRelation xmlns:xlink="http://www.w3.org/1999/xlink"
                      cpfRelationType="associative"
                      xlink:href="FRAN_NP_010659"
                      xlink:type="simple">
            <relationEntry>Ribo, Marie Françoise</relationEntry>
            <dateRange>
               <fromDate standardDate="1992-01-29">29 janvier 1992</fromDate>
               <toDate standardDate="2005-06-24">24 juin 2005</toDate>
            </dateRange>
         </cpfRelation>
         <cpfRelation xmlns:xlink="http://www.w3.org/1999/xlink"
                      cpfRelationType="associative"
                      xlink:href="FRAN_NP_013133"
                      xlink:type="simple">
            <relationEntry>Antheaume, Adrien-François</relationEntry>
            <dateRange>
               <fromDate standardDate="1794-08-13">13 août 1794</fromDate>
               <toDate standardDate="1814-11-12">12 novembre 1814</toDate>
            </dateRange>
         </cpfRelation>
         <cpfRelation xmlns:xlink="http://www.w3.org/1999/xlink"
                      cpfRelationType="associative"
                      xlink:href="FRAN_NP_012061"
                      xlink:type="simple">
            <relationEntry>Fillocque, Eustache</relationEntry>
            <dateRange>
               <fromDate standardDate="1671-08-07">7 août 1671</fromDate>
               <toDate standardDate="1685-01-30">30 janvier 1685</toDate>
            </dateRange>
         </cpfRelation>
         <cpfRelation xmlns:xlink="http://www.w3.org/1999/xlink"
                      cpfRelationType="associative"
                      xlink:href="FRAN_NP_011798"
                      xlink:type="simple">
            <relationEntry>Huas, Pierre René</relationEntry>
            <dateRange>
               <fromDate standardDate="1963-08-01">1er août 1963</fromDate>
               <toDate standardDate="1989-07-05">5 juillet 1989</toDate>
            </dateRange>
         </cpfRelation>
         <cpfRelation xmlns:xlink="http://www.w3.org/1999/xlink"
                      cpfRelationType="associative"
                      xlink:href="FRAN_NP_012788"
                      xlink:type="simple">
            <relationEntry>Bauchau, Joseph-Marie</relationEntry>
            <dateRange>
               <fromDate standardDate="1818-02-10">10 février 1818</fromDate>
               <toDate standardDate="1824-11-03">3 novembre 1824</toDate>
            </dateRange>
         </cpfRelation>
         <cpfRelation xmlns:xlink="http://www.w3.org/1999/xlink"
                      cpfRelationType="associative"
                      xlink:href="FRAN_NP_011971"
                      xlink:type="simple">
            <relationEntry>Gruter, Jacques-Charles</relationEntry>
            <dateRange>
               <fromDate standardDate="1814-11-12">12 novembre 1814</fromDate>
               <toDate standardDate="1818-02-10">10 février 1818</toDate>
            </dateRange>
         </cpfRelation>
         <cpfRelation xmlns:xlink="http://www.w3.org/1999/xlink"
                      cpfRelationType="associative"
                      xlink:href="FRAN_NP_011223"
                      xlink:type="simple">
            <relationEntry>Morel d'arleux, Charles-Louis</relationEntry>
            <dateRange>
               <fromDate standardDate="1858-05-12">12 mai 1858</fromDate>
               <toDate standardDate="1891-08-12">12 août 1891</toDate>
            </dateRange>
         </cpfRelation>
         <cpfRelation xmlns:xlink="http://www.w3.org/1999/xlink"
                      cpfRelationType="associative"
                      xlink:href="FRAN_NP_011118"
                      xlink:type="simple">
            <relationEntry>Maupas, Jean</relationEntry>
            <dateRange>
               <fromDate standardDate="1763-10-08">8 octobre 1763</fromDate>
               <toDate standardDate="1799-10-26">26 octobre 1799</toDate>
            </dateRange>
         </cpfRelation>
         <cpfRelation xmlns:xlink="http://www.w3.org/1999/xlink"
                      cpfRelationType="associative"
                      xlink:href="FRAN_NP_011230"
                      xlink:type="simple">
            <relationEntry>Morel d'arleux, Louis Jean-Marie</relationEntry>
            <dateRange>
               <fromDate standardDate="1825-04-27">27 avril 1825</fromDate>
               <toDate standardDate="1858-05-12">12 mai 1858</toDate>
            </dateRange>
         </cpfRelation>
         <cpfRelation xmlns:xlink="http://www.w3.org/1999/xlink"
                      cpfRelationType="associative"
                      xlink:href="FRAN_NP_011503"
                      xlink:type="simple">
            <relationEntry>Legrand, Philippe-Martin</relationEntry>
            <dateRange>
               <fromDate standardDate="1760-08-02">2 août 1760</fromDate>
               <toDate standardDate="1763-10-05">5 octobre 1763</toDate>
            </dateRange>
         </cpfRelation>
         <cpfRelation xmlns:xlink="http://www.w3.org/1999/xlink"
                      cpfRelationType="associative"
                      xlink:href="FRAN_NP_012376"
                      xlink:type="simple">
            <relationEntry>Duclos, Claude</relationEntry>
            <dateRange>
               <fromDate standardDate="1690-10-06">6 octobre 1690</fromDate>
               <toDate standardDate="1693-12-02">2 décembre 1693</toDate>
            </dateRange>
         </cpfRelation>
         <cpfRelation xmlns:xlink="http://www.w3.org/1999/xlink"
                      cpfRelationType="associative"
                      xlink:href="FRAN_NP_013441"
                      xlink:type="simple">
            <relationEntry>Hullin, François</relationEntry>
            <dateRange>
               <fromDate standardDate="2006-01-18">18 janvier 2006</fromDate>
            </dateRange>
         </cpfRelation>
         <cpfRelation xmlns:xlink="http://www.w3.org/1999/xlink"
                      cpfRelationType="associative"
                      xlink:href="FRAN_NP_013442"
                      xlink:type="simple">
            <relationEntry>Ollivier, Antoine</relationEntry>
            <dateRange>
               <fromDate standardDate="2006-01-18">18 janvier 2006</fromDate>
            </dateRange>
         </cpfRelation>
         <resourceRelation xmlns:xlink="http://www.w3.org/1999/xlink"
                           resourceRelationType="subjectOf"
                           xlink:href="FRAN_IR_043095"
                           xlink:type="simple">
            <relationEntry localType="archival">Minutes et répertoires du notaire Louis Jean Marie MOREL d'ARLEUX, 27 avril 1825 - décembre 1832 (étude CI)</relationEntry>
         </resourceRelation>
         <resourceRelation xmlns:xlink="http://www.w3.org/1999/xlink"
                           resourceRelationType="subjectOf"
                           xlink:href="FRAN_IR_043098"
                           xlink:type="simple">
            <relationEntry localType="archival">Minutes et répertoires du notaire Louis Jean Marie MOREL d'ARLEUX, janvier 1853 - 11 mai 1858 (étude CI)</relationEntry>
         </resourceRelation>
         <resourceRelation xmlns:xlink="http://www.w3.org/1999/xlink"
                           resourceRelationType="subjectOf"
                           xlink:href="FRAN_IR_043083"
                           xlink:type="simple">
            <relationEntry localType="archival">Minutes et répertoires du notaire Jean-Baptiste LE COURT, 19 janvier 1700 - 21 novembre 1740 (étude CI)</relationEntry>
         </resourceRelation>
         <resourceRelation xmlns:xlink="http://www.w3.org/1999/xlink"
                           resourceRelationType="subjectOf"
                           xlink:href="FRAN_IR_043099"
                           xlink:type="simple">
            <relationEntry localType="archival">Minutes et répertoires du notaire Charles Louis MOREL d'ARLEUX, 12 mai 1858 - 12 août 1891 (étude CI)</relationEntry>
         </resourceRelation>
         <resourceRelation xmlns:xlink="http://www.w3.org/1999/xlink"
                           resourceRelationType="subjectOf"
                           xlink:href="FRAN_IR_043085"
                           xlink:type="simple">
            <relationEntry localType="archival">Minutes et répertoires du notaire Eustache FILLOCQUE, 7 août 1671 - 30 janvier 1685 (étude CI)</relationEntry>
         </resourceRelation>
         <resourceRelation xmlns:xlink="http://www.w3.org/1999/xlink"
                           resourceRelationType="subjectOf"
                           xlink:href="FRAN_IR_043088"
                           xlink:type="simple">
            <relationEntry localType="archival">Minutes et répertoires du notaire Claude DUCLOS, 6 octobre 1690 - 2 décembre 1693 (étude CI)</relationEntry>
         </resourceRelation>
         <resourceRelation xmlns:xlink="http://www.w3.org/1999/xlink"
                           resourceRelationType="subjectOf"
                           xlink:href="FRAN_IR_043089"
                           xlink:type="simple">
            <relationEntry localType="archival">Minutes et répertoires du notaire Jean MAUPAS, 8 octobre 1763 - 26 octobre 1799 (étude CI)</relationEntry>
         </resourceRelation>
         <resourceRelation xmlns:xlink="http://www.w3.org/1999/xlink"
                           resourceRelationType="subjectOf"
                           xlink:href="FRAN_IR_043093"
                           xlink:type="simple">
            <relationEntry localType="archival">Minutes et répertoires du notaire Joseph Marie BAUCHAU, 10 février 1818 - 26 avril 1825 (étude CI)</relationEntry>
         </resourceRelation>
         <resourceRelation xmlns:xlink="http://www.w3.org/1999/xlink"
                           resourceRelationType="subjectOf"
                           xlink:href="FRAN_IR_043100"
                           xlink:type="simple">
            <relationEntry localType="archival">Minutes et répertoires du notaire Albert Louis MOREL d'ARLEUX, 12 août 1891 - décembre 1903 (étude CI)</relationEntry>
         </resourceRelation>
         <resourceRelation xmlns:xlink="http://www.w3.org/1999/xlink"
                           resourceRelationType="subjectOf"
                           xlink:href="FRAN_IR_043092"
                           xlink:type="simple">
            <relationEntry localType="archival">Minutes et répertoires du notaire Adrien François ANTHEAUME, 15 août 1794 - 12 novembre 1814 (étude CI)</relationEntry>
         </resourceRelation>
         <resourceRelation xmlns:xlink="http://www.w3.org/1999/xlink"
                           resourceRelationType="subjectOf"
                           xlink:href="FRAN_IR_043086"
                           xlink:type="simple">
            <relationEntry localType="archival">Minutes et répertoires du notaire François PRIEUR, 18 décembre 1694 - 1er octobre 1698 (étude CI)</relationEntry>
         </resourceRelation>
         <resourceRelation xmlns:xlink="http://www.w3.org/1999/xlink"
                           resourceRelationType="subjectOf"
                           xlink:href="FRAN_IR_043084"
                           xlink:type="simple">
            <relationEntry localType="archival">Minutes et répertoires du notaire Bonnaventure RAPPE, 3 février 1685 - 22 septembre 1690 (étude CI)</relationEntry>
         </resourceRelation>
         <resourceRelation xmlns:xlink="http://www.w3.org/1999/xlink"
                           resourceRelationType="creatorOf"
                           xlink:href="FRAN_IR_054173"
                           xlink:type="simple">
            <relationEntry localType="archival">«Mélanges» (dossiers de clients) de l’étude CI. MC/ET/CI/1207 (1702-1869)</relationEntry>
         </resourceRelation>
         <resourceRelation xmlns:xlink="http://www.w3.org/1999/xlink"
                           resourceRelationType="creatorOf"
                           xlink:href="FRAN_IR_043087"
                           xlink:type="simple">
            <relationEntry localType="archival">Minutes et répertoires du notaire Jean Pierre LE COURT, 23 novembre 1740 - 30 juillet 1760 (étude CI)</relationEntry>
         </resourceRelation>
         <resourceRelation xmlns:xlink="http://www.w3.org/1999/xlink"
                           resourceRelationType="creatorOf"
                           xlink:href="FRAN_IR_043097"
                           xlink:type="simple">
            <relationEntry localType="archival">Minutes et répertoires du notaire Louis Jean Marie MOREL d'ARLEUX, janvier 1843 - décembre 1852 (étude CI)</relationEntry>
         </resourceRelation>
         <resourceRelation xmlns:xlink="http://www.w3.org/1999/xlink"
                           resourceRelationType="creatorOf"
                           xlink:href="FRAN_IR_053399"
                           xlink:type="simple">
            <relationEntry localType="archival">Images des répertoires du notaire Bonnaventure Rappe pour l'étude CI</relationEntry>
         </resourceRelation>
         <resourceRelation xmlns:xlink="http://www.w3.org/1999/xlink"
                           resourceRelationType="creatorOf"
                           xlink:href="FRAN_IR_053314"
                           xlink:type="simple">
            <relationEntry localType="archival">Images des répertoires du notaire Eustache Fillocque pour l'étude CI</relationEntry>
         </resourceRelation>
         <resourceRelation xmlns:xlink="http://www.w3.org/1999/xlink"
                           resourceRelationType="creatorOf"
                           xlink:href="FRAN_IR_053330"
                           xlink:type="simple">
            <relationEntry localType="archival">Images des répertoires du notaire Claude Duclos pour l'étude CI</relationEntry>
         </resourceRelation>
         <resourceRelation xmlns:xlink="http://www.w3.org/1999/xlink"
                           resourceRelationType="creatorOf"
                           xlink:href="FRAN_IR_053188"
                           xlink:type="simple">
            <relationEntry localType="archival">Images des répertoires du notaire François Prieur pour l'étude CI</relationEntry>
         </resourceRelation>
         <resourceRelation xmlns:xlink="http://www.w3.org/1999/xlink"
                           resourceRelationType="creatorOf"
                           xlink:href="FRAN_IR_053237"
                           xlink:type="simple">
            <relationEntry localType="archival">Images des répertoires du notaire Jean Pierre Le Court pour l'étude CI</relationEntry>
         </resourceRelation>
         <resourceRelation xmlns:xlink="http://www.w3.org/1999/xlink"
                           resourceRelationType="creatorOf"
                           xlink:href="FRAN_IR_053245"
                           xlink:type="simple">
            <relationEntry localType="archival">Images du répertoire du notaire Philippe Martin Legrand pour l'étude CI</relationEntry>
         </resourceRelation>
         <resourceRelation xmlns:xlink="http://www.w3.org/1999/xlink"
                           resourceRelationType="creatorOf"
                           xlink:href="FRAN_IR_053201"
                           xlink:type="simple">
            <relationEntry localType="archival">Images des répertoires du notaire Jean Maupas pour l'étude CI</relationEntry>
         </resourceRelation>
         <resourceRelation xmlns:xlink="http://www.w3.org/1999/xlink"
                           resourceRelationType="creatorOf"
                           xlink:href="FRAN_IR_053485"
                           xlink:type="simple">
            <relationEntry localType="archival">Images des répertoires du notaire Adrien François Antheaume pour l'étude CI</relationEntry>
         </resourceRelation>
         <resourceRelation xmlns:xlink="http://www.w3.org/1999/xlink"
                           resourceRelationType="creatorOf"
                           xlink:href="FRAN_IR_053303"
                           xlink:type="simple">
            <relationEntry localType="archival">Images des répertoires du notaire Jacques Charles Gruter pour l'étude CI</relationEntry>
         </resourceRelation>
         <resourceRelation xmlns:xlink="http://www.w3.org/1999/xlink"
                           resourceRelationType="creatorOf"
                           xlink:href="FRAN_IR_043091"
                           xlink:type="simple">
            <relationEntry localType="archival">Minutes et répertoires du notaire Jacques Charles GRUTER, 12 novembre 1814 - 10 février 1818 (étude CI)</relationEntry>
         </resourceRelation>
         <resourceRelation xmlns:xlink="http://www.w3.org/1999/xlink"
                           resourceRelationType="creatorOf"
                           xlink:href="FRAN_IR_053456"
                           xlink:type="simple">
            <relationEntry localType="archival">Images des répertoires du notaire Joseph Marie Bauchau pour l'étude CI</relationEntry>
         </resourceRelation>
         <resourceRelation xmlns:xlink="http://www.w3.org/1999/xlink"
                           resourceRelationType="creatorOf"
                           xlink:href="FRAN_IR_053217"
                           xlink:type="simple">
            <relationEntry localType="archival">Images des répertoires du notaire Charles Louis Morel d'Arleux pour l'étude CI</relationEntry>
         </resourceRelation>
         <resourceRelation xmlns:xlink="http://www.w3.org/1999/xlink"
                           resourceRelationType="creatorOf"
                           xlink:href="FRAN_IR_053214"
                           xlink:type="simple">
            <relationEntry localType="archival">Images des répertoires du notaire Albert Louis Morel d'Arleux pour l'étude CI</relationEntry>
         </resourceRelation>
         <resourceRelation xmlns:xlink="http://www.w3.org/1999/xlink"
                           resourceRelationType="creatorOf"
                           xlink:href="FRAN_IR_053220"
                           xlink:type="simple">
            <relationEntry localType="archival">Images des répertoires du notaire Louis Jean Marie Morel d'Arleux pour l'étude CI</relationEntry>
         </resourceRelation>
         <resourceRelation xmlns:xlink="http://www.w3.org/1999/xlink"
                           resourceRelationType="creatorOf"
                           xlink:href="FRAN_IR_055462"
                           xlink:type="simple">
            <relationEntry localType="archival">Images des répertoires du notaire Jean-Baptiste Le Court pour l'étude CI</relationEntry>
         </resourceRelation>
         <resourceRelation xmlns:xlink="http://www.w3.org/1999/xlink"
                           resourceRelationType="creatorOf"
                           xlink:href="FRAN_IR_043082"
                           xlink:type="simple">
            <relationEntry localType="archival">Archives de l'étude CI</relationEntry>
         </resourceRelation>
         <resourceRelation xmlns:xlink="http://www.w3.org/1999/xlink"
                           resourceRelationType="creatorOf"
                           xlink:href="FRAN_IR_056696"
                           xlink:type="simple">
            <relationEntry localType="archival">Archives de l'office notarial CI</relationEntry>
         </resourceRelation>
         <resourceRelation xmlns:xlink="http://www.w3.org/1999/xlink"
                           resourceRelationType="creatorOf"
                           xlink:href="FRAN_IR_056697"
                           xlink:type="simple">
            <relationEntry localType="archival">Dossiers de clients de l'étude CI</relationEntry>
         </resourceRelation>
         <resourceRelation xmlns:xlink="http://www.w3.org/1999/xlink"
                           resourceRelationType="creatorOf"
                           xlink:href="FRAN_IR_043094"
                           xlink:type="simple">
            <relationEntry localType="archival">Minutes et répertoires du notaire Louis Jean Marie MOREL d'ARLEUX, 27 avril 1825 - 11 mai 1858 (étude CI)</relationEntry>
         </resourceRelation>
         <resourceRelation xmlns:xlink="http://www.w3.org/1999/xlink"
                           resourceRelationType="creatorOf"
                           xlink:href="FRAN_IR_043090"
                           xlink:type="simple">
            <relationEntry localType="archival">Minutes et répertoires du notaire Philippe Martin LEGRAND, 3 août 1760 - 5 octobre 1763 (étude CI)</relationEntry>
         </resourceRelation>
      </relations>
   </cpfDescription>
</eac-cpf>
