<eac-cpf xmlns="urn:isbn:1-931666-33-4"
         xmlns:xsi="http://www.w3.org/2001/XMLSchema-instance"
         xsi:schemaLocation="urn:isbn:1-931666-33-4 cpf.xsd">
   <control>
      <recordId>FRAN_NP_005172</recordId>
      <otherRecordId localType="Ancien_identifiant">5106/79TCH</otherRecordId>
      <maintenanceStatus>revised</maintenanceStatus>
      <maintenanceAgency>
         <agencyName>Archives nationales de France</agencyName>
      </maintenanceAgency>
      <languageDeclaration>
         <language languageCode="fre">Français</language>
         <script scriptCode="Latn"/>
      </languageDeclaration>
      <conventionDeclaration>
         <citation>Notice établie conformément à la norme ICA-ISAAR (CPF) 2004, aux normes ISO 8601 pour le système de normalisation des dates utilisé, ainsi que AFNOR NF Z 44-061, juin 1986. Catalogage : forme et structure des vedettes noms de personne, des vedettes titres, des rubriques de classement et des titres forgés.</citation>
      </conventionDeclaration>
      <localControl localType="niveau_de_detail">
         <term>Moyenne</term>
      </localControl>
      <maintenanceHistory>
         <maintenanceEvent>
            <eventType>derived</eventType>
            <eventDateTime>2013-04-23</eventDateTime>
            <agentType>machine</agentType>
            <agent>Import_SIA</agent>
         </maintenanceEvent>
         <maintenanceEvent>
            <eventType>revised</eventType>
            <eventDateTime>2015-05-22</eventDateTime>
            <agentType>human</agentType>
            <agent>Catherine MÉROT</agent>
            <eventDescription>F. Clavaud, 22 mai 2015 : revu lien IR, indexation fonction, ajouté descripteur lieu</eventDescription>
         </maintenanceEvent>
         <maintenanceEvent>
            <eventType>revised</eventType>
            <eventDateTime>2017-12-19</eventDateTime>
            <agentType>human</agentType>
            <agent>Mission.referentiels MISSION.REFERENTIELS</agent>
         </maintenanceEvent>
         <maintenanceEvent>
            <eventType>updated</eventType>
            <eventDateTime>2017-12-19</eventDateTime>
            <agentType>human</agentType>
            <agent>Mission.referentiels MISSION.REFERENTIELS</agent>
         </maintenanceEvent>
         <maintenanceEvent>
            <eventType>updated</eventType>
            <eventDateTime>2017-12-21</eventDateTime>
            <agentType>human</agentType>
            <agent>Martine SIN BLIMA-BARRU</agent>
            <eventDescription>NP existante, actualisée - complément forme du nom</eventDescription>
         </maintenanceEvent>
      </maintenanceHistory>
      <sources>
         <source>
            <sourceEntry>notice BnF n0 FRBNF11865645</sourceEntry>
         </source>
         <source>
            <sourceEntry>Introduction du répertoire du versement 1990195</sourceEntry>
         </source>
      </sources>
   </control>
   <cpfDescription>
      <identity>
         <entityId>ISNI 0000 0001 1959 787X</entityId>
         <entityType>corporateBody</entityType>
         <nameEntry localType="autorisée" scriptCode="Latn" xml:lang="fre">
            <part>Théâtre national de Chaillot (Paris ; 1937-....)</part>
         </nameEntry>
         <nameEntry>
            <part>Théâtre national populaire (TNP)</part>
            <useDates>
               <dateRange>
                  <fromDate standardDate="1951-01-01">1951</fromDate>
                  <toDate standardDate="1975-12-31">1975</toDate>
               </dateRange>
            </useDates>
         </nameEntry>
         <nameEntry>
            <part>Théâtre national de la danse</part>
            <useDates>
               <dateRange>
                  <fromDate standardDate="2016-01-01">2016</fromDate>
               </dateRange>
            </useDates>
         </nameEntry>
      </identity>
      <description>
         <existDates>
            <dateRange>
               <fromDate standardDate="1937-01-01">1937</fromDate>
            </dateRange>
         </existDates>
         <places>
            <place>
               <placeRole>Lieu de Paris</placeRole>
               <placeEntry localType="edifice" vocabularySource="d3nzugozgr-s4u53ifi5d7f">Chaillot (palais de)</placeEntry>
            </place>
         </places>
         <legalStatuses>
            <legalStatus>
               <term vocabularySource="d5blokqfd8--191myac7ayrnr">établissement public à caractère industriel et commercial</term>
            </legalStatus>
         </legalStatuses>
         <functions>
            <function>
               <term vocabularySource="d5bhviikk9--y6te63k761ib">culture</term>
               <descriptiveNote>
                  <p>théâtre</p>
               </descriptiveNote>
            </function>
         </functions>
         <mandates>
            <mandate>
               <descriptiveNote>
                  <p>Décret n° 68-906 du 21/10/68 portant statut d'établissement public à caractère industriel et commercial pour le TNP.</p>
                  <p>décrets du 09/05/75 et 03/03/81 relatifs au théâtre national de Chaillot</p>
               </descriptiveNote>
            </mandate>
         </mandates>
         <structureOrGenealogy>
            <p>
               <span style="underline">Statut du théâtre national de Chaillot et activites artistiques </span>
            </p>
            <p>Par décret du 21/10/68 portant statut du théâtre national populaire, modifié par les décrets du 09/05/75 et 03/03/81 relatifs au théâtre national de Chaillot, ce dernier relève de deux tutelles : -celle du ministère de la Culture, qui veille à la conformité des activités de l'établissement avec les grandes orientations de sa mission. A cet effet, il approuve le programme artistique de chaque saison.</p>
            <p>- celle du ministère de l'Economie et des Finances.</p>
            <p>L'établissement est investi de la personnalité civile et de l'autonomie financière ; le budget annuel, approuvé par les deux ministres de tutelle, fait l'objet d'un arrêté co-signé par eux et publié au journal officiel.</p>
            <p>Le directeur est nommé par décret pris en conseil des ministres, sur proposition du ministre de la Culture. Son mandat de trois ans est renouvelable. Une commission consultative d'exploitation comprenant trois représentants élus du personnel et trois personnalités désignées par le ministre de la Culture a été constituée en 1981. Elle est appelée à donner son avis sur toutes les questions d'ordre général intéressant le fonctionnement de l'établissement. Le théâtre est affectataire des locaux du Palais de Chaillot, palais national et monument classé.</p>
            <p>La politique artistique du théâtre est tracé par le décret qui définit la mission assignée au théâtre national de Chaillot : "favoriser le renouvellement des formes et des conditions de la création artistique contemporaine".Dans cette perspective, le théâtre peut présenter "tout spectacle appartenant au répertoire classique et moderne, français et étranger, créer toute oeuvre nouvelle favorisant l'accès aux valeurs culturelles du public le plus large et le plus diversifié, et organiser toute manifestation culturelle et artistique concourant à l'accomplissement de sa mission". Le théâtre est en règle générale producteur de ses propres projets. Il peut toutefois accueillir des productions extérieures, soit dans le cadre d'échanges avec de grandes compagnies françaises et étrangères, soit en collaboration avec des institutions telles que le festival d'Automne, le festival d'Avignon.</p>
            <p>Dans le souci d'ouvrir les activités du théâtre au public le plus divers et aussi de donner vie à l'ensemble de l'édifice, de multiples manifestations sont organisées dans les deux salles mais surtout dans le Grand foyer et ses dépendances :</p>
            <p>- un cycle régulier de spectacles destinés aux jeunes spectateurs, donnant une plus large place à l'art de la marionnette</p>
            <p>- des formes brèves</p>
            <p>- des rencontres de poésie</p>
            <p>- des lectures d'oeuvres inédites</p>
            <p>- des concerts, essentiellement consacrés à la musique contemporaine</p>
            <p>- des rencontres et des débats</p>
            <p>- des expositions documentaires</p>
         </structureOrGenealogy>
         <biogHist>
            <p>
               <span style="underline">Du Théâtre national populaire au Théâtre national de Chaillot </span>
            </p>
            <p>Le 11 novembre 1920, Firmin Gémier concessionnaire de "la grande et la petite salle des fêtes" du Palais du Trocadéro, édifié pour abriter l'Exposition internationale de 1878, y inaugure le théâtre national populaire. Il en demeure le directeur jusqu'à sa mort en 1933. Ce premier T.N.P. ne produit pas de spectacles. Comme le prévoit son cahier des charges, il accueille ceux des théâtres nationaux : Opéra, Opéra comique, Odéon, Comédie française et présente, à des tarifs "populaires", les ouvrages du répertoire.</p>
            <p>Le 1er février 1936, en prévision de l'Exposition internationale de 1937, la construction du Palais de Chaillot est entreprise sur les fondations conservées de l'ancien Palais du Trocadéro.</p>
            <p>En 1939, Paul Abram, qui conserve par ailleurs, comme l'avait fait Gémier, la direction de l'Odéon, est nommé directeur du T.N.P.</p>
            <p>L'activité du théâtre s'interrompt lorsque la guerre éclate. Elle reprend en septembre 1940, avec Pierre Aldebert, animateur de grands spectacles en plein air.</p>
            <p>En 1947, a lieu à Avignon la première semaine d'Art, dirigée par Jean Vilar. En 1951, celui-ci est nommé, sur proposition de Jeanne Laurent, alors sous-directrice des spectacles, directeur du Théâtre national populaire, dés lors désigné par son sigle : T.N.P. En 1963, Jean Vilar renonce au renouvellement de son contrat. Il est remplacé par Georges Wilson qui ouvre la salle Gémier (500 places) aménagée dans l'ancien bar et destinée à la présentation d'oeuvres contemporaines.</p>
            <p>Le décret n° 68-906 du 21/10/68 met fin au régime de la concession et dote le T.N.P. du statut d'établissement public à caractère industriel et commercial.</p>
            <p>En 1973, Jack Lang est désigné comme directeur du Théâtre national de Chaillot, appelé à devenir un centre de création inter-disciplinaire où des hommes d'expressions artistiques différentes travailleront en fonction d'un projet précis. Il charge Antoine Vitez et Christian Dupavillon de la codirection artistique et demande la transformation radicale de la grande salle. Les travaux dureront deux années. J. Lang institue le Théâtre national des enfants qui donne une série de spectacles au château de Vincennes, sous châpiteaux ; puis il loue le théâtre de la Gaîté lyrique.</p>
            <p>En juillet 1974, Michel Guy, secrétaire d'Etat à la Culture, ne donne pas suite à la mission de J. Lang et nomme André-Louis Périnetti. La grande salle est réouverte le 16 octobre 1975 avec une création musicale ; le premier spectacle théâtral y est présenté en février 1976.</p>
            <p>Le gouvernement d'alors, par mesure conservatoire, le place en interdiction de produire à compter du 1er janvier 1977.</p>
            <p>Cette situation d'attente durera plus de quatre ans pendant lesquels le théâtre, à quelques dérogations près, ne pourra qu'accueillir les créations des compagnies invitées.</p>
            <p>Enfin, par décret du 18/03/81, Antoine Vitez est nommé directeur, pour entrer en fonction le 1er juillet. Le théâtre est réinvesti de sa mission de création et recouvre les moyens de l'accomplir. Antoine Vitez conserve la direction du Théâtre national de Chaillot jusqu'au 15/06/88.</p>
            <p>En 1988, Jérôme Savary le remplace et transforme l'ambiance du théâtre en y produisant de nombreuses comédies musicales, genre qu'il affectionne beaucoup. Mais il reprend aussi les idées de ses prédécesseurs en perpétuant les apéritifs-concerts instaurés par Jean Vilar. Il restera onze ans à la direction de l'établissement, laissant sa place à Ariel Goldenberg en 2000. </p>
            <p>Cette direction est marquée par un changement de mission du théâtre, puisque sa programmation est dorénavant axée sur la danse. Les festivals de flamenco et de tango connaîtront un grand succès, tout comme les « Chaillot nomade » et les « Chaillot famille » institués dans le cadre du programme « l'Art d'être spectateur » par Dominique Hervieu, alors chargée de mission jeune public. C'est cette dernière qui reprend la direction de l'établissement de 2008 à 2011, avec à ces côtés le chorégraphe José Montalvo. Elle prolonge la programmation dédiée à la danse, et développe son programme « l'Art d'être spectateur » avec de nouveaux partenariats comme la Petite Université Populaire de la Danse.</p>
            <p>Dirigé par Didier Deschamps depuis juillet 2011, l'établissement est marqué par la double sphère du théâtre et de la danse.</p>
            <p>Depuis juin 2016, il est devenu Chaillot - Théâtre national de la Danse.</p>
         </biogHist>
      </description>
      <relations>
         <cpfRelation xmlns:xlink="http://www.w3.org/1999/xlink"
                      cpfRelationType="hierarchical-parent"
                      xlink:href="FRAN_NP_000005"
                      xlink:type="simple">
            <relationEntry>Ministère de la Culture et de la Communication</relationEntry>
            <dateRange>
               <fromDate standardDate="1959-02-03">3 février 1959</fromDate>
               <toDate/>
            </dateRange>
         </cpfRelation>
         <cpfRelation xmlns:xlink="http://www.w3.org/1999/xlink"
                      cpfRelationType="associative"
                      xlink:href="FRAN_NP_005438"
                      xlink:type="simple">
            <relationEntry>Direction générale de la création artistique</relationEntry>
            <dateRange>
               <fromDate standardDate="2010-01-01">2010</fromDate>
               <toDate/>
            </dateRange>
         </cpfRelation>
         <cpfRelation xmlns:xlink="http://www.w3.org/1999/xlink"
                      cpfRelationType="identity"
                      xlink:href="https://fr.wikipedia.org/wiki/Th%C3%A9%C3%A2tre_national_de_Chaillot"
                      xlink:type="simple">
            <relationEntry>Théâtre national de Chaillot</relationEntry>
            <dateRange>
               <fromDate standardDate="1937-01-01">1937</fromDate>
            </dateRange>
            <descriptiveNote>
               <p>Lien vers la notice Wikipédia. </p>
            </descriptiveNote>
         </cpfRelation>
         <cpfRelation xmlns:xlink="http://www.w3.org/1999/xlink"
                      cpfRelationType="identity"
                      xlink:href="http://data.bnf.fr/11865645/theatre_national_de_chaillot_paris/"
                      xlink:type="simple">
            <relationEntry>Théâtre national de Chaillot. Paris</relationEntry>
            <dateRange>
               <fromDate standardDate="1937-01-01">1937</fromDate>
            </dateRange>
            <descriptiveNote>
               <p>Lien vers la notice d'autorité BnF.</p>
            </descriptiveNote>
         </cpfRelation>
         <resourceRelation xmlns:xlink="http://www.w3.org/1999/xlink"
                           resourceRelationType="creatorOf"
                           xlink:href="FRAN_IR_007516"
                           xlink:type="simple">
            <relationEntry localType="archival">Archives de fonctionnement du Théâtre national de Chaillot
     (1960-1987)</relationEntry>
         </resourceRelation>
         <resourceRelation xmlns:xlink="http://www.w3.org/1999/xlink"
                           resourceRelationType="creatorOf"
                           xlink:href="FRAN_IR_056062"
                           xlink:type="simple">
            <relationEntry localType="archival">THEATRE NATIONAL DE CHAILLOT DIRECTION Jérôme SAVARY</relationEntry>
         </resourceRelation>
         <resourceRelation xmlns:xlink="http://www.w3.org/1999/xlink"
                           resourceRelationType="creatorOf"
                           xlink:href="FRAN_IR_056063"
                           xlink:type="simple">
            <relationEntry localType="archival">THÉÂTRE NATIONAL DE CHAILLOT Service habillement</relationEntry>
         </resourceRelation>
         <resourceRelation xmlns:xlink="http://www.w3.org/1999/xlink"
                           resourceRelationType="creatorOf"
                           xlink:href="FRAN_IR_056748"
                           xlink:type="simple">
            <relationEntry localType="archival">THEATRE NATIONAL DE CHAILLOT DIRECTIONs Jean VILAR, Georges wilson, jACK lang, andre-louis perinetti, Antoine Vitez</relationEntry>
         </resourceRelation>
         <resourceRelation xmlns:xlink="http://www.w3.org/1999/xlink"
                           resourceRelationType="creatorOf"
                           xlink:href="FRAN_IR_055964"
                           xlink:type="simple">
            <relationEntry localType="archival">Archives audiovisuelles du Théâtre National de Chaillot</relationEntry>
         </resourceRelation>
         <resourceRelation xmlns:xlink="http://www.w3.org/1999/xlink"
                           resourceRelationType="creatorOf"
                           xlink:href="FRAN_IR_056791"
                           xlink:type="simple">
            <relationEntry localType="archival">Archives sonores du Théâtre National de Chaillot</relationEntry>
         </resourceRelation>
      </relations>
   </cpfDescription>
</eac-cpf>
