<eac-cpf xmlns="urn:isbn:1-931666-33-4"
         xmlns:xsi="http://www.w3.org/2001/XMLSchema-instance"
         xsi:schemaLocation="urn:isbn:1-931666-33-4 cpf.xsd">
   <control>
      <recordId>FRAN_NP_005297</recordId>
      <otherRecordId localType="Ancien_identifiant">5111/CONSM</otherRecordId>
      <maintenanceStatus>revised</maintenanceStatus>
      <maintenanceAgency>
         <agencyName>Archives nationales de France</agencyName>
      </maintenanceAgency>
      <languageDeclaration>
         <language languageCode="fre">Français</language>
         <script scriptCode="Latn"/>
      </languageDeclaration>
      <conventionDeclaration>
         <citation>Notice établie conformément à la norme ICA-ISAAR (CPF) 2004, aux normes ISO 8601 pour le système de normalisation des dates utilisé, ainsi que AFNOR NF Z 44-061, juin 1986. Catalogage : forme et structure des vedettes noms de personne, des vedettes titres, des rubriques de classement et des titres forgés.</citation>
      </conventionDeclaration>
      <localControl localType="niveau_de_detail">
         <term>Moyenne</term>
      </localControl>
      <maintenanceHistory>
         <maintenanceEvent>
            <eventType>derived</eventType>
            <eventDateTime>2013-04-23</eventDateTime>
            <agentType>machine</agentType>
            <agent>Import_SIA</agent>
         </maintenanceEvent>
         <maintenanceEvent>
            <eventType>revised</eventType>
            <eventDateTime>2017-10-24</eventDateTime>
            <agentType>human</agentType>
            <agent>Emeline ROTOLO</agent>
            <eventDescription>Pas de numéro ISNI au 25/01/2018.</eventDescription>
         </maintenanceEvent>
         <maintenanceEvent>
            <eventType>updated</eventType>
            <eventDateTime>2018-07-10</eventDateTime>
            <agentType>human</agentType>
            <agent>Geneviève PROFIT</agent>
         </maintenanceEvent>
      </maintenanceHistory>
      <sources>
         <source>
            <sourceEntry>Archives du versement 20080177.</sourceEntry>
         </source>
      </sources>
   </control>
   <cpfDescription>
      <identity>
         <entityType>corporateBody</entityType>
         <nameEntry localType="autorisée" scriptCode="Latn" xml:lang="fre">
            <part>France. Conseil supérieur de la musique (Paris ; 1982-2005)</part>
         </nameEntry>
         <nameEntry>
            <part>CSM</part>
         </nameEntry>
      </identity>
      <description>
         <existDates>
            <dateRange>
               <fromDate standardDate="1982-11-05">5 novembre 1982</fromDate>
               <toDate standardDate="2005-07-26">[26 juillet] 2005</toDate>
            </dateRange>
         </existDates>
         <places>
            <place>
               <placeRole>Lieu de Paris</placeRole>
               <placeEntry localType="nomLieu">Conseil supérieur de la musique</placeEntry>
               <placeEntry localType="voie" vocabularySource="d3nzac3jjp-1cmvh2uuepx15">Escaut (rue de l')</placeEntry>
            </place>
         </places>
         <legalStatuses>
            <legalStatus>
               <term vocabularySource="d5blomrbsy--d2dm41z2xnq2">organisme consultatif</term>
            </legalStatus>
         </legalStatuses>
         <functions>
            <function>
               <term vocabularySource="d3nyugsjkt--7vpbe5hqjvzi">conseil</term>
            </function>
            <function>
               <term vocabularySource="d-5y9b5kp96-1c2t2ztcvdht9">création artistique</term>
            </function>
            <function>
               <term vocabularySource="d5bhviikk9--y6te63k761ib">culture</term>
            </function>
         </functions>
         <mandates>
            <mandate>
               <descriptiveNote>
                  <p>Décret n° 82-967 du 5 novembre 1982 relatif à la création du Conseil supérieur de la musique (JORF du 17 novembre 1982 page 3439 ; https://www.legifrance.gouv.fr/affichTexte.do?cidTexte=JORFTEXT000000884727 )</p>
                  <p>Arrêté du 14 mars 1986 relatif à la composition du Conseil supérieur de la musique (JORF du 20 mars 1986 page 4843 ; https://www.legifrance.gouv.fr/affichTexte.do?cidTexte=JORFTEXT000000472133)</p>
                  <p>Arrêté du 7 janvier 1991 relatif à la composition du Conseil supérieur de la musique (JORF n°47 du 23 février 1991 page 2736 ; https://www.legifrance.gouv.fr/affichTexte.do?cidTexte=JORFTEXT000000717797)</p>
                  <p>Arrêté du 9 septembre 1994 portant nomination au Conseil supérieur de la musique (JORF n°218 du 20 septembre 1994 page 13431 ; https://www.legifrance.gouv.fr/affichTexte.do?cidTexte=JORFTEXT000000366249)</p>
                  <p>Décret n°2005-880 du 26 juillet 2005 relatif à la simplification de la composition des commissions administratives et à la réduction de leur nombre (JORF n°178 du 2 août 2005 page 12610 - texte n° 29 ; https://www.legifrance.gouv.fr/affichTexte.do?cidTexte=JORFTEXT000000631605)</p>
               </descriptiveNote>
            </mandate>
         </mandates>
         <structureOrGenealogy>
            <p> Dans le décret de création n° 82-967 du 5 novembre 1982, l'article 1 dresse la liste des membres nommés au CSM : </p>
            <list>
               <item>Le directeur de la musique et de la danse</item>
               <item>4 personnalités choisies en raison de leur compétence, élus des collectivités territoriales</item>
            </list>
            <p>M. Jean-Marie Girault, maire de Cean</p>
            <p>M. André Lang, maire de Montbéliard</p>
            <p>M. Maurice Pic, Président du Conseil général de la Drôme</p>
            <p>M. Michel Pezet, Président du conseil régional de la région Provence-Alpes-Côte d'Azur</p>
            <list>
               <item>4 personnalités choisies en raison de leur compétence, personnalités qualifiées</item>
            </list>
            <p>M. Jean-Claude Casadesus, chef d'orchestre</p>
            <p>M. Henri Dutilleux, compositeur</p>
            <p>M. Daniel Moreau, délégué général des assises de la musique</p>
            <p>Mme Anne Sylvestre, compositeur interprète</p>
            <p>Ce même décret désigne également les organismes habilités à désigner des membres représentants au CSM parmi les syndicats ou associations de compositeurs, auteurs compositeurs, artistes musiciens et artistes interprètes ; syndicats de personnels de l'Éducation nationale et de l'enseignement musical spécialisé ; associations d'action musicale ; groupements professionnels de la musique ; organismes représentatifs du public et des usagers. Les membres sont renouvelés dans les arrêtés de composition suivants.</p>
         </structureOrGenealogy>
         <biogHist>
            <p>A l’issue du Conseil des ministres du 3 février 1982, le ministre de la Culture a proposé la création du Conseil Supérieur de la Musique (CSM). Il a été créée officiellement par le décret n° 82-967 du 5 novembre 1982 et a été placé sous l’autorité du ministre de la Culture. Cet organisme a été concrètement mis en place dans le courant de l’année 1983. Les travaux ont débuté à la fin de de cette même année. Il est habilité à exprimer son avis sur toutes les questions concernant les grandes orientations et les objectifs de la politique musicale ainsi que sur les moyens à mettre en œuvre pour les atteindre et sur celles concernant la coordination et l’harmonisation des actions menées par le ministère concerné. Le CSM reçoit de l’administration et de tout organisme public les informations nécessaires à l’accomplissement de ses missions. Il peut également commander des études à des organismes qualifiés publics ou privés. </p>
            <p>Le CSM a, à sa tête, un président assisté d’un secrétaire général. </p>
            <p>
               <span style="underline">Présidents et secrétaires généraux :</span>
            </p>
            <list>
               <item>MM. Moreau (Daniel) et Casadessus (Jean-Claude) nommés le 7 janvier 1991</item>
               <item>MM. Hadas-Lebel (Raphaël) et Casadesus (Jean-Claude) nommés le 9 septembre 1994</item>
            </list>
            <p>Il comprend également des membres de droit, des représentants de la radio et de la télévision, des personnalités, des membres désignés par des organismes professionnels (cf. organisation interne). Il dispose donc d'une double légitimité à la fois par ses compétences techniques et sa capacité de représentation institutionnelle.</p>
            <p>Il se répartit en 4 commissions :</p>
            <list>
               <item>Commission I : Éducation Formation</item>
               <item>Commission II : Création, Production, Diffusion</item>
               <item>Commission III : Audiovisuel, Industries culturelles</item>
               <item>Commission IV : Professions musicales</item>
            </list>
            <p>Suite à l'arrêté du 9 septembre 1994 et à la nouvelle composition du CSM, 4 groupes de travail sont désignés :</p>
            <list>
               <item>Groupe 1 : Conditions de développement des orchestres français permanents</item>
               <item>Groupe 2 : Marché de la diffusion musicale et concurrence déloyale</item>
               <item>Groupe 3 : L'enseignement de la musique en France et les effets de la loi de 1988</item>
               <item>Groupe 4 : La place de la musique dans le politique de la Ville</item>
            </list>
         </biogHist>
      </description>
      <relations>
         <cpfRelation xmlns:xlink="http://www.w3.org/1999/xlink"
                      cpfRelationType="hierarchical-parent"
                      xlink:href="FRAN_NP_000005"
                      xlink:type="simple">
            <relationEntry>France. Ministère de la Culture et de la Communication (1959-....)</relationEntry>
            <dateRange>
               <fromDate standardDate="1982-11-05">5 novembre 1982</fromDate>
               <toDate standardDate="2005-07-26">26 juillet 2005</toDate>
            </dateRange>
         </cpfRelation>
         <resourceRelation xmlns:xlink="http://www.w3.org/1999/xlink"
                           resourceRelationType="creatorOf"
                           xlink:href="FRAN_IR_056465"
                           xlink:type="simple">
            <relationEntry localType="archival">Archives de la création, du suivi et de l'activité du Conseil supérieur de la musique (1982-1995).</relationEntry>
         </resourceRelation>
      </relations>
   </cpfDescription>
</eac-cpf>
