<eac-cpf xmlns="urn:isbn:1-931666-33-4"
         xmlns:xsi="http://www.w3.org/2001/XMLSchema-instance"
         xsi:schemaLocation="urn:isbn:1-931666-33-4 cpf.xsd">
   <control>
      <recordId>FRAN_NP_010240</recordId>
      <otherRecordId localType="Ancien_identifiant">FRDAFANCH00MC_NAETUDE_113</otherRecordId>
      <maintenanceStatus>revised</maintenanceStatus>
      <maintenanceAgency>
         <agencyName>Archives nationales de France</agencyName>
      </maintenanceAgency>
      <languageDeclaration>
         <language languageCode="fre">Français</language>
         <script scriptCode="Latn"/>
      </languageDeclaration>
      <conventionDeclaration>
         <citation>Notice établie conformément à la norme ICA-ISAAR (CPF) 2004, aux normes ISO 8601 pour le système de normalisation des dates utilisé, ainsi que AFNOR NF Z 44-061, juin 1986. Catalogage : forme et structure des vedettes noms de personne, des vedettes titres, des rubriques de classement et des titres forgés.</citation>
      </conventionDeclaration>
      <localControl localType="niveau_de_detail">
         <term>Moyenne</term>
      </localControl>
      <maintenanceHistory>
         <maintenanceEvent>
            <eventType>derived</eventType>
            <eventDateTime>2013-04-23</eventDateTime>
            <agentType>machine</agentType>
            <agent>Migration ETANOT</agent>
         </maintenanceEvent>
         <maintenanceEvent>
            <eventType>revised</eventType>
            <eventDateTime>2015-09-30</eventDateTime>
            <agentType>human</agentType>
            <agent>Marie-Françoise LIMON-BONNET</agent>
            <eventDescription>F. Clavaud, 31 mars 2014 : révision liens IR</eventDescription>
         </maintenanceEvent>
      </maintenanceHistory>
      <sources>
         <source>
            <descriptiveNote>
               <p>
                  <span style="bold">Voir :</span>
               </p>
               <p>Poisson (Jean-Paul), " Matériaux et orientations pour une étude du notariat parisien pendant la Révolution française, essentiellement études XLVIII, XLVII et XLVI ; sondages dans études III, VII, LXVIII et CXIII", dans 
      <span style="italic">Notaires et société. Travaux d'histoire et de sociologie notariales</span>, t. II, 1990, p. 141. 
     </p>
               <p>Limon-Bonnet (M.-F.) [dir.], 
      <span style="italic">122 minutes d'histoire. Actes des notaires de Paris, XVIe-XXe siècle</span>, Paris, 2012, pp. 230-231. 
     </p>
               <p>
                  <span style="italic">Annuaire officiel du notariat</span>, 2012. 
     </p>
            </descriptiveNote>
         </source>
      </sources>
   </control>
   <cpfDescription>
      <identity>
         <entityType>corporateBody</entityType>
         <nameEntry localType="autorisée" scriptCode="Latn" xml:lang="fre">
            <part>Etude CXIII</part>
         </nameEntry>
         <nameEntry>
            <part>75068</part>
         </nameEntry>
         <nameEntry>
            <part>PARGADE Dominique et PARGADE Laurent, SELARL</part>
         </nameEntry>
      </identity>
      <description>
         <existDates>
            <dateRange>
               <fromDate standardDate="1625-01-01">1625</fromDate>
            </dateRange>
         </existDates>
         <places>
            <place>
               <placeRole>Lieu de Paris</placeRole>
               <placeEntry localType="nomLieu">24, rue La Fayette</placeEntry>
               <placeEntry localType="voie" vocabularySource="d3nzbmscto--2k2q239mkocu">La-Fayette (rue)</placeEntry>
            </place>
         </places>
         <legalStatuses>
            <legalStatus>
               <term>office notarial</term>
            </legalStatus>
         </legalStatuses>
         <functions>
            <function>
               <term vocabularySource="d3nyui3o8w--11y7jgy8q3wnt">notaire à Paris</term>
               <dateRange>
                  <fromDate standardDate="1625-01-01">1625</fromDate>
                  <toDate/>
               </dateRange>
            </function>
         </functions>
         <mandates>
            <mandate/>
         </mandates>
         <biogHist>
            <p>Fidèle à la rue Saint-Honoré, où elle réside pendant la majeure partie des XVIIe et XVIIIe siècles, l'étude CXIII migre lentement vers l'ouest, d'abord rue Saint-Thomas-du-Louvre, puis rue Sainte-Anne. De la rue des Petits-Champs, où elle se trouve en 1831, elle s'installe rue Le Peletier en 1842 et rue La Fayette en 1892. C'est aujourd'hui encore son adresse. </p>
            <p>La clientèle prestigieuse y est légion. Les familles de Lorraine, de Richelieu, de Duras, de Louvois, d'Aumont, de La Feuillade et de Villars, entre autres, y sont représentées. Cette étude est aussi celle de la famille d'Orléans et on y trouve l'inventaire après décès de Monsieur, le frère de Louis XIV, ou des actes concernant le futur Régent, Philippe, duc d'Orlans. Ce dernier renonce par acte enregistré à l'étude le 19 novembre 1712, à la succession de la couronne d'Espagne. Autre renonciation d'importance, celle de l'archevêché de Cambrai par Le Tellier en faveur de Fénelon. L'homme de lettres François de La Rochefoucauld y est client et de nombreux actes le concernant ont été identifiés, tout comme pour Molière et les familles Poquelin et Béjart. Malebranche ou Tallemant des Réaux y viennent aussi à de multiples reprises. Parmi d'autres personnages illustres, citrons Polichinelle, Scaramouche ou Colombine qui viennent y signer avec leur troupe des comédiens italiens. Les hôtels particuliers des rues avoisinantes donnent également quelques beaux marchés de construction, notamment pour les hôtels de La Ferté ou Du Plessis-Châtillon. Au XIXe siècle, la forte implantation dans le IXe arrondissement des compagnies d'assurances permet d'expliquer leurs présence dans les minutes, à l'exemple de 
     <span style="italic"> L'Urbaine</span>. 
    </p>
            <p>Le Minutier central conserve les minutes de l'étude CXIII à partir de l'année 1626.</p>
            <p>Les minutes de cette étude ont été versées aux Archives nationales (2013) jusqu'au 31 décembre 1938.</p>
         </biogHist>
      </description>
      <relations>
         <cpfRelation xmlns:xlink="http://www.w3.org/1999/xlink"
                      cpfRelationType="associative"
                      xlink:href="FRAN_NP_010833"
                      xlink:type="simple">
            <relationEntry>Pargade, Dominique</relationEntry>
            <dateRange>
               <fromDate standardDate="1980-02-13">13 février 1980</fromDate>
            </dateRange>
         </cpfRelation>
         <cpfRelation xmlns:xlink="http://www.w3.org/1999/xlink"
                      cpfRelationType="associative"
                      xlink:href="FRAN_NP_010980"
                      xlink:type="simple">
            <relationEntry>Porlier, Benjamin</relationEntry>
            <dateRange>
               <fromDate standardDate="1798-08-03">3 août 1798</fromDate>
               <toDate standardDate="1806-08-08">8 août 1806</toDate>
            </dateRange>
         </cpfRelation>
         <cpfRelation xmlns:xlink="http://www.w3.org/1999/xlink"
                      cpfRelationType="associative"
                      xlink:href="FRAN_NP_011480"
                      xlink:type="simple">
            <relationEntry>Lefèvre, Alexandre</relationEntry>
            <dateRange>
               <fromDate standardDate="1698-09-02">2 septembre 1698</fromDate>
               <toDate standardDate="1726-06-08">8 juin 1726</toDate>
            </dateRange>
         </cpfRelation>
         <cpfRelation xmlns:xlink="http://www.w3.org/1999/xlink"
                      cpfRelationType="associative"
                      xlink:href="FRAN_NP_011312"
                      xlink:type="simple">
            <relationEntry>Lainé, Léonard Albert</relationEntry>
            <dateRange>
               <fromDate standardDate="1924-06-04">4 juin 1924</fromDate>
               <toDate standardDate="1959-02-11">11 février 1959</toDate>
            </dateRange>
         </cpfRelation>
         <cpfRelation xmlns:xlink="http://www.w3.org/1999/xlink"
                      cpfRelationType="associative"
                      xlink:href="FRAN_NP_010558"
                      xlink:type="simple">
            <relationEntry>Schelcher, André-Marc</relationEntry>
            <dateRange>
               <fromDate standardDate="1860-11-15">15 novembre 1860</fromDate>
               <toDate standardDate="1882-07-28">28 juillet 1882</toDate>
            </dateRange>
         </cpfRelation>
         <cpfRelation xmlns:xlink="http://www.w3.org/1999/xlink"
                      cpfRelationType="associative"
                      xlink:href="FRAN_NP_013387"
                      xlink:type="simple">
            <relationEntry>Pargade, Laurent</relationEntry>
            <dateRange>
               <fromDate standardDate="2007-07-06">6 juillet 2007</fromDate>
            </dateRange>
         </cpfRelation>
         <cpfRelation xmlns:xlink="http://www.w3.org/1999/xlink"
                      cpfRelationType="associative"
                      xlink:href="FRAN_NP_010790"
                      xlink:type="simple">
            <relationEntry>Narjot, Jean-Marie</relationEntry>
            <dateRange>
               <fromDate standardDate="1806-08-08">8 août 1806</fromDate>
               <toDate standardDate="1826-08-16">16 août 1826</toDate>
            </dateRange>
         </cpfRelation>
         <cpfRelation xmlns:xlink="http://www.w3.org/1999/xlink"
                      cpfRelationType="associative"
                      xlink:href="FRAN_NP_012815"
                      xlink:type="simple">
            <relationEntry>Beaufort, Pierre I de</relationEntry>
            <dateRange>
               <fromDate standardDate="1625-06-03">3 juin 1625</fromDate>
               <toDate standardDate="1658-02-13">13 février 1658</toDate>
            </dateRange>
         </cpfRelation>
         <cpfRelation xmlns:xlink="http://www.w3.org/1999/xlink"
                      cpfRelationType="associative"
                      xlink:href="FRAN_NP_010655"
                      xlink:type="simple">
            <relationEntry>Rey, Charles-Gabriel</relationEntry>
            <dateRange>
               <fromDate standardDate="1882-07-28">28 juillet 1882</fromDate>
               <toDate standardDate="1901-08-29">29 août 1901</toDate>
            </dateRange>
         </cpfRelation>
         <cpfRelation xmlns:xlink="http://www.w3.org/1999/xlink"
                      cpfRelationType="associative"
                      xlink:href="FRAN_NP_012062"
                      xlink:type="simple">
            <relationEntry>Flamand-Duval, Eugène Isidore Edmond</relationEntry>
            <dateRange>
               <fromDate standardDate="1901-08-29">29 août 1901</fromDate>
               <toDate standardDate="1924-06-04">4 juin 1924</toDate>
            </dateRange>
         </cpfRelation>
         <cpfRelation xmlns:xlink="http://www.w3.org/1999/xlink"
                      cpfRelationType="associative"
                      xlink:href="FRAN_NP_012823"
                      xlink:type="simple">
            <relationEntry>Bechet, Denis</relationEntry>
            <dateRange>
               <fromDate standardDate="1675-04-27">27 avril 1675</fromDate>
               <toDate standardDate="1690-09-13">13 septembre 1690</toDate>
            </dateRange>
         </cpfRelation>
         <cpfRelation xmlns:xlink="http://www.w3.org/1999/xlink"
                      cpfRelationType="associative"
                      xlink:href="FRAN_NP_012836"
                      xlink:type="simple">
            <relationEntry>Bellanger, Toussaint</relationEntry>
            <dateRange>
               <fromDate standardDate="1690-09-13">13 septembre 1690</fromDate>
               <toDate standardDate="1710-07-05">5 juillet 1710</toDate>
            </dateRange>
         </cpfRelation>
         <cpfRelation xmlns:xlink="http://www.w3.org/1999/xlink"
                      cpfRelationType="associative"
                      xlink:href="FRAN_NP_011894"
                      xlink:type="simple">
            <relationEntry>Gigault, Pierre</relationEntry>
            <dateRange>
               <fromDate standardDate="1658-02-13">13 février 1658</fromDate>
               <toDate standardDate="1675-04-27">27 avril 1675</toDate>
            </dateRange>
         </cpfRelation>
         <cpfRelation xmlns:xlink="http://www.w3.org/1999/xlink"
                      cpfRelationType="associative"
                      xlink:href="FRAN_NP_010482"
                      xlink:type="simple">
            <relationEntry>Tresse, Louis</relationEntry>
            <dateRange>
               <fromDate standardDate="1831-05-20">20 mai 1831</fromDate>
               <toDate standardDate="1860-11-15">15 novembre 1860</toDate>
            </dateRange>
         </cpfRelation>
         <cpfRelation xmlns:xlink="http://www.w3.org/1999/xlink"
                      cpfRelationType="associative"
                      xlink:href="FRAN_NP_011327"
                      xlink:type="simple">
            <relationEntry>Lambert, Dominique</relationEntry>
            <dateRange>
               <fromDate standardDate="1826-08-16">16 août 1826</fromDate>
               <toDate standardDate="1831-05-20">20 mai 1831</toDate>
            </dateRange>
         </cpfRelation>
         <cpfRelation xmlns:xlink="http://www.w3.org/1999/xlink"
                      cpfRelationType="associative"
                      xlink:href="FRAN_NP_011601"
                      xlink:type="simple">
            <relationEntry>Levieux, Claude Yvon Eugène</relationEntry>
            <dateRange>
               <fromDate standardDate="1959-02-11">11 février 1959</fromDate>
               <toDate standardDate="1991-02-13">13 février 1991</toDate>
            </dateRange>
         </cpfRelation>
         <cpfRelation xmlns:xlink="http://www.w3.org/1999/xlink"
                      cpfRelationType="associative"
                      xlink:href="FRAN_NP_012383"
                      xlink:type="simple">
            <relationEntry>La balle, François de</relationEntry>
            <dateRange>
               <fromDate standardDate="1715-04-01">1er avril 1715</fromDate>
               <toDate standardDate="1742-08-07">7 août 1742</toDate>
            </dateRange>
         </cpfRelation>
         <cpfRelation xmlns:xlink="http://www.w3.org/1999/xlink"
                      cpfRelationType="associative"
                      xlink:href="FRAN_NP_012416"
                      xlink:type="simple">
            <relationEntry>Dupré, Jean-Baptiste I</relationEntry>
            <dateRange>
               <fromDate standardDate="1742-08-08">8 août 1742</fromDate>
               <toDate standardDate="1779-10-26">26 octobre 1779</toDate>
            </dateRange>
         </cpfRelation>
         <cpfRelation xmlns:xlink="http://www.w3.org/1999/xlink"
                      cpfRelationType="associative"
                      xlink:href="FRAN_NP_012417"
                      xlink:type="simple">
            <relationEntry>Dupré, Jean-Baptiste II</relationEntry>
            <dateRange>
               <fromDate standardDate="1779-10-26">26 octobre 1779</fromDate>
               <toDate standardDate="1798-08-03">3 août 1798</toDate>
            </dateRange>
         </cpfRelation>
         <resourceRelation xmlns:xlink="http://www.w3.org/1999/xlink"
                           resourceRelationType="subjectOf"
                           xlink:href="FRAN_IR_050282"
                           xlink:type="simple">
            <relationEntry localType="archival">Minutes et répertoires du notaire Eugène Isidore Edmond FLAMAND-DUVAL, 29 août 1901 - 4 juin 1924 (étude CXIII)</relationEntry>
         </resourceRelation>
         <resourceRelation xmlns:xlink="http://www.w3.org/1999/xlink"
                           resourceRelationType="subjectOf"
                           xlink:href="FRAN_IR_043352"
                           xlink:type="simple">
            <relationEntry localType="archival">Minutes et répertoires du notaire Jean Marie NARJOT, 8 août 1806 - 16 août 1826 (étude CXIII)</relationEntry>
         </resourceRelation>
         <resourceRelation xmlns:xlink="http://www.w3.org/1999/xlink"
                           resourceRelationType="subjectOf"
                           xlink:href="FRAN_IR_043351"
                           xlink:type="simple">
            <relationEntry localType="archival">Minutes et répertoires du notaire Benjamin PORLIER, 3 août 1798 - 8 août 1806 (étude CXIII)</relationEntry>
         </resourceRelation>
         <resourceRelation xmlns:xlink="http://www.w3.org/1999/xlink"
                           resourceRelationType="subjectOf"
                           xlink:href="FRAN_IR_043355"
                           xlink:type="simple">
            <relationEntry localType="archival">Minutes et répertoires du notaire André Marc SCHELCHER, 15 novembre 1860 - 28 juillet 1882 (étude CXIII)</relationEntry>
         </resourceRelation>
         <resourceRelation xmlns:xlink="http://www.w3.org/1999/xlink"
                           resourceRelationType="creatorOf"
                           xlink:href="FRAN_IR_043346"
                           xlink:type="simple">
            <relationEntry localType="archival">Minutes et répertoires du notaire Toussaint BELLANGER, 13 septembre 1690 - 5 juillet 1710 (étude CXIII)</relationEntry>
         </resourceRelation>
         <resourceRelation xmlns:xlink="http://www.w3.org/1999/xlink"
                           resourceRelationType="creatorOf"
                           xlink:href="FRAN_IR_054252"
                           xlink:type="simple">
            <relationEntry localType="archival">Images des répertoires du notaire Eugène Isidore Edmond Flamand-Duval pour l'étude CXIII</relationEntry>
         </resourceRelation>
         <resourceRelation xmlns:xlink="http://www.w3.org/1999/xlink"
                           resourceRelationType="creatorOf"
                           xlink:href="FRAN_IR_054347"
                           xlink:type="simple">
            <relationEntry localType="archival">Images des répertoires du notaire Léonard Albert Lainé pour l'étude CXIII</relationEntry>
         </resourceRelation>
         <resourceRelation xmlns:xlink="http://www.w3.org/1999/xlink"
                           resourceRelationType="creatorOf"
                           xlink:href="FRAN_IR_043349"
                           xlink:type="simple">
            <relationEntry localType="archival">Minutes et répertoires du notaire Jean-Baptiste I DUPRÉ, 8 août 1742 - 26 octobre 1779 (étude CXIII)</relationEntry>
         </resourceRelation>
         <resourceRelation xmlns:xlink="http://www.w3.org/1999/xlink"
                           resourceRelationType="creatorOf"
                           xlink:href="FRAN_IR_053461"
                           xlink:type="simple">
            <relationEntry localType="archival">Images du répertoire du notaire Pierre de Beaufort I pour l'étude CXIII</relationEntry>
         </resourceRelation>
         <resourceRelation xmlns:xlink="http://www.w3.org/1999/xlink"
                           resourceRelationType="creatorOf"
                           xlink:href="FRAN_IR_053297"
                           xlink:type="simple">
            <relationEntry localType="archival">Images du répertoire du notaire Pierre Gigault pour l'étude CXIII</relationEntry>
         </resourceRelation>
         <resourceRelation xmlns:xlink="http://www.w3.org/1999/xlink"
                           resourceRelationType="creatorOf"
                           xlink:href="FRAN_IR_055324"
                           xlink:type="simple">
            <relationEntry localType="archival">Images du répertoire du notaire Denis Bechet pour l'étude CXIII</relationEntry>
         </resourceRelation>
         <resourceRelation xmlns:xlink="http://www.w3.org/1999/xlink"
                           resourceRelationType="creatorOf"
                           xlink:href="FRAN_IR_053463"
                           xlink:type="simple">
            <relationEntry localType="archival">Images des répertoires du notaire Toussaint Bellanger pour l'étude CXIII</relationEntry>
         </resourceRelation>
         <resourceRelation xmlns:xlink="http://www.w3.org/1999/xlink"
                           resourceRelationType="creatorOf"
                           xlink:href="FRAN_IR_053422"
                           xlink:type="simple">
            <relationEntry localType="archival">Images du répertoire du notaire Jean-Baptiste II Dupré pour l'étude CXIII</relationEntry>
         </resourceRelation>
         <resourceRelation xmlns:xlink="http://www.w3.org/1999/xlink"
                           resourceRelationType="creatorOf"
                           xlink:href="FRAN_IR_053242"
                           xlink:type="simple">
            <relationEntry localType="archival">Images des répertoires du notaire Alexandre Lefevre pour l'étude CXIII</relationEntry>
         </resourceRelation>
         <resourceRelation xmlns:xlink="http://www.w3.org/1999/xlink"
                           resourceRelationType="creatorOf"
                           xlink:href="FRAN_IR_053332"
                           xlink:type="simple">
            <relationEntry localType="archival">Images du répertoire du notaire François de La Balle pour l'étude CXIII</relationEntry>
         </resourceRelation>
         <resourceRelation xmlns:xlink="http://www.w3.org/1999/xlink"
                           resourceRelationType="creatorOf"
                           xlink:href="FRAN_IR_053347"
                           xlink:type="simple">
            <relationEntry localType="archival">Images du répertoire du notaire Jean-Baptiste I Dupré pour l'étude CXIII</relationEntry>
         </resourceRelation>
         <resourceRelation xmlns:xlink="http://www.w3.org/1999/xlink"
                           resourceRelationType="creatorOf"
                           xlink:href="FRAN_IR_053186"
                           xlink:type="simple">
            <relationEntry localType="archival">Images du répertoire du notaire Benjamin Porlier pour l'étude CXIII</relationEntry>
         </resourceRelation>
         <resourceRelation xmlns:xlink="http://www.w3.org/1999/xlink"
                           resourceRelationType="creatorOf"
                           xlink:href="FRAN_IR_053173"
                           xlink:type="simple">
            <relationEntry localType="archival">Images des répertoires du notaire Jean Marie Narjot pour l'étude CXIII</relationEntry>
         </resourceRelation>
         <resourceRelation xmlns:xlink="http://www.w3.org/1999/xlink"
                           resourceRelationType="creatorOf"
                           xlink:href="FRAN_IR_053234"
                           xlink:type="simple">
            <relationEntry localType="archival">Images des répertoires du notaire Dominique Lambert pour l'étude CXIII</relationEntry>
         </resourceRelation>
         <resourceRelation xmlns:xlink="http://www.w3.org/1999/xlink"
                           resourceRelationType="creatorOf"
                           xlink:href="FRAN_IR_053143"
                           xlink:type="simple">
            <relationEntry localType="archival">Images des répertoires du notaire Louis Tresse pour l'étude CXIII</relationEntry>
         </resourceRelation>
         <resourceRelation xmlns:xlink="http://www.w3.org/1999/xlink"
                           resourceRelationType="creatorOf"
                           xlink:href="FRAN_IR_053152"
                           xlink:type="simple">
            <relationEntry localType="archival">Images des répertoires du notaire André Marc Schelcher pour l'étude CXIII</relationEntry>
         </resourceRelation>
         <resourceRelation xmlns:xlink="http://www.w3.org/1999/xlink"
                           resourceRelationType="creatorOf"
                           xlink:href="FRAN_IR_043353"
                           xlink:type="simple">
            <relationEntry localType="archival">Minutes et répertoires du notaire Dominique LAMBERT, 16 août 1826 - 20 mai 1831 (étude CXIII)</relationEntry>
         </resourceRelation>
         <resourceRelation xmlns:xlink="http://www.w3.org/1999/xlink"
                           resourceRelationType="creatorOf"
                           xlink:href="FRAN_IR_043356"
                           xlink:type="simple">
            <relationEntry localType="archival">Minutes et répertoires du notaire Charles Gabriel REY, 28 juillet 1882 - 29 août 1901 (étude CXIII)</relationEntry>
         </resourceRelation>
         <resourceRelation xmlns:xlink="http://www.w3.org/1999/xlink"
                           resourceRelationType="creatorOf"
                           xlink:href="FRAN_IR_043354"
                           xlink:type="simple">
            <relationEntry localType="archival">Minutes et répertoires du notaire Louis TRESSE, 20 mai 1831 - 15 novembre 1860 (étude CXIII)</relationEntry>
         </resourceRelation>
      </relations>
   </cpfDescription>
</eac-cpf>
