<eac-cpf xmlns="urn:isbn:1-931666-33-4"
         xmlns:xsi="http://www.w3.org/2001/XMLSchema-instance"
         xsi:schemaLocation="urn:isbn:1-931666-33-4 cpf.xsd">
   <control>
      <recordId>FRAN_NP_002151</recordId>
      <otherRecordId localType="Ancien_identifiant">3101/CNUE</otherRecordId>
      <maintenanceStatus>revised</maintenanceStatus>
      <maintenanceAgency>
         <agencyName>Archives nationales de France</agencyName>
      </maintenanceAgency>
      <languageDeclaration>
         <language languageCode="fre">Français</language>
         <script scriptCode="Latn"/>
      </languageDeclaration>
      <conventionDeclaration>
         <citation>Notice établie conformément à la norme ICA-ISAAR (CPF) 2004, aux normes ISO 8601 pour le système de normalisation des dates utilisé, ainsi que AFNOR NF Z 44-061, juin 1986. Catalogage : forme et structure des vedettes noms de personne, des vedettes titres, des rubriques de classement et des titres forgés.</citation>
      </conventionDeclaration>
      <localControl localType="niveau_de_detail">
         <term>Complète</term>
      </localControl>
      <maintenanceHistory>
         <maintenanceEvent>
            <eventType>derived</eventType>
            <eventDateTime>2013-04-23</eventDateTime>
            <agentType>machine</agentType>
            <agent>Import_SIA</agent>
         </maintenanceEvent>
         <maintenanceEvent>
            <eventType>revised</eventType>
            <eventDateTime>2017-07-27</eventDateTime>
            <agentType>human</agentType>
            <agent>Anne ROHFRITSCH</agent>
            <eventDescription>Révision le 05/10/2017 (A. Rohfritsch, DECAS) : nom, dates d'existence, historique, organisation interne, sources.</eventDescription>
         </maintenanceEvent>
         <maintenanceEvent>
            <eventType>updated</eventType>
            <eventDateTime>2018-07-04</eventDateTime>
            <agentType>human</agentType>
            <agent>Emmanuelle GIRY</agent>
            <eventDescription>P. Charbonnier, 04 juillet 2018 : ajout des relations d'identité</eventDescription>
         </maintenanceEvent>
      </maintenanceHistory>
      <sources>
         <source>
            <sourceEntry>Informations fournies par la Mission des archives et du patrimoine culturel du MENESR.</sourceEntry>
         </source>
         <source>
            <sourceEntry>Notice Wikipédia : https://fr.wikipedia.org/wiki/Commission_Hetzel</sourceEntry>
         </source>
      </sources>
   </control>
   <cpfDescription>
      <identity>
         <entityType>corporateBody</entityType>
         <nameEntry localType="autorisée" scriptCode="Latn" xml:lang="fre">
            <part>France. Commission du débat national Université-Emploi</part>
         </nameEntry>
         <nameEntry>
            <part>Commission Hetzel</part>
            <useDates>
               <dateRange>
                  <fromDate standardDate="2006-01-01">2006</fromDate>
                  <toDate standardDate="2006-12-31">2006</toDate>
               </dateRange>
            </useDates>
         </nameEntry>
      </identity>
      <description>
         <existDates>
            <dateRange>
               <fromDate standardDate="2006-01-01">2006</fromDate>
               <toDate standardDate="2006-12-31">2006</toDate>
            </dateRange>
         </existDates>
         <legalStatuses>
            <legalStatus>
               <term vocabularySource="d5blomrbsy--d2dm41z2xnq2">organisme consultatif</term>
            </legalStatus>
         </legalStatuses>
         <functions>
            <function>
               <term vocabularySource="d5bhvikan6-574lz876edtw">emploi</term>
            </function>
            <function>
               <term vocabularySource="d5bhvihxhx--1dol4k5w0lb2i">enseignement supérieur</term>
            </function>
         </functions>
         <structureOrGenealogy>
            <p>Placée sous la présidence de Patrick Hetzel, recteur de l’académie de Limoges, la commission s’est composée de 15 membres issus des milieux professionnels et universitaires : </p>
            <p>- Laurence Baret, DRH au sein du groupe Danone ;</p>
            <p>- Françoise Bevalot, ancienne présidente de l’université de Franche-Comté ;</p>
            <p>- Hervé Baussart, président de l’université de Lille 1 ;</p>
            <p>- Marie Duru-Bellat, professeur à l’université de Bourgogne ;</p>
            <p>- Françoise Fressoz, journaliste aux Échos ;</p>
            <p>- Françoise Holder, directrice juridique de Holder SA ;</p>
            <p>- John Keiger, professeur à l’université de Salford (Grande-Bretagne) ;</p>
            <p>- Daniel Laurent, conseiller du président du groupe AXA ;</p>
            <p>- Sylvain Lecoq, président du Cercle Vinci ;</p>
            <p>- Philippe Mahrer, directeur du Collège des Ingénieurs ;</p>
            <p>- Bernard Masingue, directeur de la formation du groupe Veolia ;</p>
            <p>- Christian Saint-Etienne, professeur aux universités de Tours et de Paris Dauphine ;</p>
            <p>- Géraldine Schmidt, professeur à l’IAE de l’université Panthéon-Sorbonne Paris 1 ;</p>
            <p>- Françoise Bouygard, déléguée adjointe à l’emploi et à la formation professionnelle, ministère de l’Emploi, de la Cohésion sociale et du Logement, rapporteur ;</p>
            <p>- Hervé de Monts de Savasse, directeur de l’Office national d’information sur les enseignements et les professions (ONISEP), rapporteur.</p>
         </structureOrGenealogy>
         <biogHist>
            <p>Suite à la crise du contrat première embauche (CPE), le Premier ministre Dominique de Villepin installe la commission du débat national université-emploi le 25 avril 2006 à la Sorbonne, en présence du ministre de l’Emploi, de la Cohésion sociale et du Logement, Jean-Louis Borloo, et du ministre de l’Éducation nationale, de l’Enseignement supérieur et de la Recherche, Gilles de Robien. </p>
            <p>La commission est chargée d’animer et de synthétiser le grand débat national sur l’université et l’emploi ayant pour objectif d’apporter des réponses concrètes aux étudiants sur l’adéquation entre les formations dispensées dans les universités et le marché du travail. Elle organise ce grand débat à partir de trois thèmes de réflexion :</p>
            <p>- l’orientation, l’information et l’insertion professionnelle des étudiants ;</p>
            <p>- la professionnalisation des études dans le cadre du cursus LMD ;</p>
            <p>- l’apprentissage et le développement en alternance.</p>
            <p>Au niveau national, la commission a pour mission d’auditionner l’ensemble des acteurs concernés par le lien université-emploi, en particulier les présidents d’université, les représentants des personnels et des étudiants, les partenaires sociaux, les organisations étudiantes, les représentants du monde économique. Dans chaque académie, des débats associent les acteurs locaux sous la responsabilité des recteurs.</p>
            <p>La commission remet un premier bilan d’étape le 29 juin 2006, puis son rapport final, « De l’Université à l’Emploi » le 24 octobre 2006.</p>
         </biogHist>
      </description>
      <relations>
         <cpfRelation xmlns:xlink="http://www.w3.org/1999/xlink"
                      cpfRelationType="hierarchical-parent"
                      xlink:href="FRAN_NP_000016"
                      xlink:type="simple">
            <relationEntry>Ministère de l'Éducation nationale</relationEntry>
            <dateRange>
               <fromDate standardDate="2006-01-01">2006</fromDate>
               <toDate standardDate="2006-12-31">2006</toDate>
            </dateRange>
         </cpfRelation>
         <cpfRelation xmlns:xlink="http://www.w3.org/1999/xlink"
                      cpfRelationType="identity"
                      xlink:href="https://fr.wikipedia.org/wiki/Commission_Hetzel"
                      xlink:type="simple">
            <relationEntry>Commission Hetzel</relationEntry>
            <dateRange>
               <fromDate standardDate="2006-01-01">2006</fromDate>
               <toDate standardDate="2006-12-31">2006</toDate>
            </dateRange>
            <descriptiveNote>
               <p>Notice Wikipédia</p>
            </descriptiveNote>
         </cpfRelation>
         <cpfRelation xmlns:xlink="http://www.w3.org/1999/xlink"
                      cpfRelationType="identity"
                      xlink:href="http://catalogue.bnf.fr/ark:/12148/cb15530212w"
                      xlink:type="simple">
            <relationEntry>France. Commission du débat national université-emploi</relationEntry>
            <dateRange>
               <fromDate standardDate="2006-01-01">2006</fromDate>
               <toDate standardDate="2006-12-31">2006</toDate>
            </dateRange>
            <descriptiveNote>
               <p>Notice d'autorité BnF</p>
            </descriptiveNote>
         </cpfRelation>
         <resourceRelation xmlns:xlink="http://www.w3.org/1999/xlink"
                           resourceRelationType="creatorOf"
                           xlink:href="FRAN_IR_056306"
                           xlink:type="simple">
            <relationEntry localType="archival">Archives de la Commission du débat national université-emploi, présidée par Patrick Hetzel, recteur de l'académie de Limoges (2006)</relationEntry>
         </resourceRelation>
      </relations>
   </cpfDescription>
</eac-cpf>
