<eac-cpf xmlns="urn:isbn:1-931666-33-4"
         xmlns:xsi="http://www.w3.org/2001/XMLSchema-instance"
         xsi:schemaLocation="urn:isbn:1-931666-33-4 cpf.xsd">
   <control>
      <recordId>FRAN_NP_004501</recordId>
      <otherRecordId localType="Ancien_identifiant">4113/MPDM3</otherRecordId>
      <maintenanceStatus>revised</maintenanceStatus>
      <maintenanceAgency>
         <agencyName>Archives nationales de France</agencyName>
      </maintenanceAgency>
      <languageDeclaration>
         <language languageCode="fre">Français</language>
         <script scriptCode="Latn"/>
      </languageDeclaration>
      <conventionDeclaration>
         <citation>Notice établie conformément à la norme ICA-ISAAR (CPF) 2004, aux normes ISO 8601 pour le système de normalisation des dates utilisé, ainsi que AFNOR NF Z 44-061, juin 1986. Catalogage : forme et structure des vedettes noms de personne, des vedettes titres, des rubriques de classement et des titres forgés.</citation>
      </conventionDeclaration>
      <localControl localType="niveau_de_detail">
         <term>Moyenne</term>
      </localControl>
      <maintenanceHistory>
         <maintenanceEvent>
            <eventType>derived</eventType>
            <eventDateTime>2013-04-23</eventDateTime>
            <agentType>machine</agentType>
            <agent>Import_SIA</agent>
         </maintenanceEvent>
         <maintenanceEvent>
            <eventType>revised</eventType>
            <eventDateTime>2013-07-25</eventDateTime>
            <agentType>human</agentType>
            <agent>Blandine WAGNER</agent>
            <eventDescription>Anciens identifiants : 4113/MPDM3, 4113/MPDM</eventDescription>
         </maintenanceEvent>
         <maintenanceEvent>
            <eventType>revised</eventType>
            <eventDateTime>2015-01-27</eventDateTime>
            <agentType>human</agentType>
            <agent>Catherine MÉROT</agent>
            <eventDescription>F. Clavaud, 27 janvier 2015 : changé forme du nom, revu liens IR, ajouté début d'indexation fonctions</eventDescription>
         </maintenanceEvent>
      </maintenanceHistory>
   </control>
   <cpfDescription>
      <identity>
         <entityType>corporateBody</entityType>
         <nameEntry localType="autorisée" scriptCode="Latn" xml:lang="fre">
            <part>France. Direction de la population et des migrations. Bureau des autorisations de travail et du regroupement familial</part>
         </nameEntry>
         <nameEntry>
            <part>Bureau des affaires individuelles</part>
            <useDates>
               <dateRange>
                  <fromDate standardDate="1981-01-01">1981</fromDate>
                  <toDate standardDate="1986-12-31">1986</toDate>
               </dateRange>
            </useDates>
         </nameEntry>
         <nameEntry>
            <part>Bureau des autorisations de travail et du regroupement familial (direction de la population et des migrations)</part>
         </nameEntry>
         <nameEntry>
            <part>DMI2</part>
         </nameEntry>
      </identity>
      <description>
         <existDates>
            <dateRange>
               <fromDate standardDate="1981-01-01">1981</fromDate>
               <toDate standardDate="2007-12-31">2007</toDate>
            </dateRange>
         </existDates>
         <legalStatuses>
            <legalStatus>
               <term vocabularySource="d5blonaxbw--1mt8t42bokzts">service d'administration centrale</term>
            </legalStatus>
         </legalStatuses>
         <functions>
            <function>
               <term vocabularySource="d3nyui1pz3--1xo3byar8jzxv">législation</term>
               <descriptiveNote>
                  <p>préparation et application de la législation et de la réglementation sur les conditions d'entrée, de séjour et de travail en France des étrangers</p>
               </descriptiveNote>
            </function>
            <function>
               <term vocabularySource="d3nyui4q6o-42t7jsnnca4h">organisation du travail</term>
               <descriptiveNote>
                  <p>traitement du contentieux relatif aux autorisations de travail et de regroupement familial</p>
               </descriptiveNote>
            </function>
         </functions>
         <biogHist>
            <p>Au sein de la DPM (direction de la population et des migrations), le bureau de la réglementation, des autorisations de travail et du regroupement familial (DMI2) dépendait de la sous-direction de la démographie, des mouvements de population et des questions internationales (DMI). Ce bureau était chargé de la préparation et l'application de la législation et de la réglementation relatives aux conditions d'entrée, de séjour et de travail en France des étrangers permanents, temporaires et saisonniers et des membres de leurs familles. Il était en outre chargé du traitement du contentieux relatif aux autorisations de travail et de regroupement familial.</p>
         </biogHist>
      </description>
      <relations>
         <cpfRelation xmlns:xlink="http://www.w3.org/1999/xlink"
                      cpfRelationType="hierarchical-parent"
                      xlink:href="FRAN_NP_004504"
                      xlink:type="simple">
            <relationEntry>Sous-direction de la démographie, des mouvements de population et des questions internationales (direction de la population et des migrations)</relationEntry>
            <dateRange>
               <fromDate standardDate="1981-01-01">1981</fromDate>
               <toDate standardDate="2000-12-31">2000</toDate>
            </dateRange>
         </cpfRelation>
         <cpfRelation xmlns:xlink="http://www.w3.org/1999/xlink"
                      cpfRelationType="temporal-later"
                      xlink:href="FRAN_NP_004963"
                      xlink:type="simple">
            <relationEntry>Bureau de la réglementation des autorisations de travail et du regroupement familial (direction de la population et des migrations)</relationEntry>
            <dateRange>
               <fromDate standardDate="2000-01-01">2000</fromDate>
            </dateRange>
         </cpfRelation>
         <cpfRelation xmlns:xlink="http://www.w3.org/1999/xlink"
                      cpfRelationType="temporal-earlier"
                      xlink:href="FRAN_NP_004776"
                      xlink:type="simple">
            <relationEntry>Bureau des affaires individuelles (service de l'immigration)</relationEntry>
            <dateRange>
               <fromDate standardDate="1981-01-01">1981</fromDate>
            </dateRange>
         </cpfRelation>
         <resourceRelation xmlns:xlink="http://www.w3.org/1999/xlink"
                           resourceRelationType="creatorOf"
                           xlink:href="FRAN_IR_053749"
                           xlink:type="simple">
            <relationEntry localType="archival">Entrée, séjour et travail des étrangers en France : Élaboration réglementaire et législative</relationEntry>
         </resourceRelation>
         <resourceRelation xmlns:xlink="http://www.w3.org/1999/xlink"
                           resourceRelationType="creatorOf"
                           xlink:href="FRAN_IR_006051"
                           xlink:type="simple">
            <relationEntry localType="archival">Santé ; Direction de la population et des migrations ; Sous-direction des mouvements de population ; Bureau affaires individuelles (1981-1986) - Bureau autorisations de travail, regroupement familial (1987-) (1965-1975)</relationEntry>
         </resourceRelation>
         <resourceRelation xmlns:xlink="http://www.w3.org/1999/xlink"
                           resourceRelationType="creatorOf"
                           xlink:href="FRAN_IR_006138"
                           xlink:type="simple">
            <relationEntry localType="archival">Santé ; Direction de la population et des migrations ; Sous-direction des mouvements de population ; Bureau affaires individuelles (1981-1986) - Bureau autorisations de travail, regroupement familial (1987-) (1966-1976)</relationEntry>
         </resourceRelation>
         <resourceRelation xmlns:xlink="http://www.w3.org/1999/xlink"
                           resourceRelationType="creatorOf"
                           xlink:href="FRAN_IR_006655"
                           xlink:type="simple">
            <relationEntry localType="archival">Santé ; Direction de la population et des migrations ; Sous-direction des mouvements de population ; Bureau affaires individuelles (1981-1986) - Bureau autorisations de travail, regroupement familial (1987-) (1976-1976)</relationEntry>
         </resourceRelation>
         <resourceRelation xmlns:xlink="http://www.w3.org/1999/xlink"
                           resourceRelationType="creatorOf"
                           xlink:href="FRAN_IR_018784"
                           xlink:type="simple">
            <relationEntry localType="archival">Santé ; Direction de la population et des migrations ; Sous-direction des mouvements de population ; Bureau affaires individuelles (1981-1986) ; Bureau autorisations de travail, regroupement familial (1987-) (1930-1990)</relationEntry>
         </resourceRelation>
         <resourceRelation xmlns:xlink="http://www.w3.org/1999/xlink"
                           resourceRelationType="creatorOf"
                           xlink:href="FRAN_IR_022510"
                           xlink:type="simple">
            <relationEntry localType="archival">Santé ; Direction de la population et des migrations ; Sous-direction des mouvements de population ; Bureau affaires individuelles (1981-1986) ; Bureau autorisations de travail, regroupement familial (1987-) (1989-1989)</relationEntry>
         </resourceRelation>
         <resourceRelation xmlns:xlink="http://www.w3.org/1999/xlink"
                           resourceRelationType="creatorOf"
                           xlink:href="FRAN_IR_013768"
                           xlink:type="simple">
            <relationEntry localType="archival">Santé ; Direction de la population et des migrations ; Sous-direction des mouvements de population ; Bureau affaires individuelles (1981-1986) - Bureau autorisations de travail, regroupement familial (1987-) (1948-1995)</relationEntry>
         </resourceRelation>
         <resourceRelation xmlns:xlink="http://www.w3.org/1999/xlink"
                           resourceRelationType="creatorOf"
                           xlink:href="FRAN_IR_023281"
                           xlink:type="simple">
            <relationEntry localType="archival">Santé ; Direction de la population et des migrations ; Sous-direction des mouvements de population ; Bureau affaires individuelles (1981-1986) - Bureau autorisations de travail, regroupement familial (1987-) (1951-1994)</relationEntry>
         </resourceRelation>
         <resourceRelation xmlns:xlink="http://www.w3.org/1999/xlink"
                           resourceRelationType="creatorOf"
                           xlink:href="FRAN_IR_013575"
                           xlink:type="simple">
            <relationEntry localType="archival">Santé ; Direction de la population et des migrations ; Sous-direction des mouvements de population ; Bureau affaires individuelles (1981-1986) - Bureau autorisations de travail, regroupement familial (1987-) (1976-1996)</relationEntry>
         </resourceRelation>
         <resourceRelation xmlns:xlink="http://www.w3.org/1999/xlink"
                           resourceRelationType="creatorOf"
                           xlink:href="FRAN_IR_023279"
                           xlink:type="simple">
            <relationEntry localType="archival">Santé ; Direction de la population et des migrations ; Sous-direction des mouvements de population ; Bureau affaires individuelles (1981-1986) - Bureau autorisations de travail, regroupement familial (1987-) (1978-1997)</relationEntry>
         </resourceRelation>
         <resourceRelation xmlns:xlink="http://www.w3.org/1999/xlink"
                           resourceRelationType="creatorOf"
                           xlink:href="FRAN_IR_023280"
                           xlink:type="simple">
            <relationEntry localType="archival">Santé ; Direction de la population et des migrations ; Sous-direction des mouvements de population ; Bureau affaires individuelles (1981-1986) - Bureau autorisations de travail, regroupement familial (1987-) (1979-1990)</relationEntry>
         </resourceRelation>
         <resourceRelation xmlns:xlink="http://www.w3.org/1999/xlink"
                           resourceRelationType="creatorOf"
                           xlink:href="FRAN_IR_013770"
                           xlink:type="simple">
            <relationEntry localType="archival">Santé ; Direction de la population et des migrations ; Sous-direction des mouvements de population ; Bureau affaires individuelles (1981-1986) - Bureau autorisations de travail, regroupement familial (1987-) (1997-1997)</relationEntry>
         </resourceRelation>
         <resourceRelation xmlns:xlink="http://www.w3.org/1999/xlink"
                           resourceRelationType="creatorOf"
                           xlink:href="FRAN_IR_013769"
                           xlink:type="simple">
            <relationEntry localType="archival">Santé ; Direction de la population et des migrations ; Sous-direction des mouvements de population ; Bureau affaires individuelles (1981-1986) - Bureau autorisations de travail, regroupement familial (1987-) (1997-1999)</relationEntry>
         </resourceRelation>
         <resourceRelation xmlns:xlink="http://www.w3.org/1999/xlink"
                           resourceRelationType="creatorOf"
                           xlink:href="FRAN_IR_013771"
                           xlink:type="simple">
            <relationEntry localType="archival">Santé ; Direction de la population et des migrations ; Sous-direction des mouvements de population ; Bureau affaires individuelles (1981-1986) - Bureau autorisations de travail, regroupement familial (1987-) (1998-1998)</relationEntry>
         </resourceRelation>
      </relations>
   </cpfDescription>
</eac-cpf>
