<eac-cpf xmlns="urn:isbn:1-931666-33-4"
         xmlns:xsi="http://www.w3.org/2001/XMLSchema-instance"
         xsi:schemaLocation="urn:isbn:1-931666-33-4 cpf.xsd">
   <control>
      <recordId>FRAN_NP_003529</recordId>
      <otherRecordId localType="Ancien_identifiant">3211/AF</otherRecordId>
      <maintenanceStatus>revised</maintenanceStatus>
      <maintenanceAgency>
         <agencyName>Archives nationales de France</agencyName>
      </maintenanceAgency>
      <languageDeclaration>
         <language languageCode="fre">Français</language>
         <script scriptCode="Latn"/>
      </languageDeclaration>
      <conventionDeclaration>
         <citation>Notice établie conformément à la norme ICA-ISAAR (CPF) 2004, aux normes ISO 8601 pour le système de normalisation des dates utilisé, ainsi que AFNOR NF Z 44-061, juin 1986. Catalogage : forme et structure des vedettes noms de personne, des vedettes titres, des rubriques de classement et des titres forgés.</citation>
      </conventionDeclaration>
      <localControl localType="niveau_de_detail">
         <term>Complète</term>
      </localControl>
      <maintenanceHistory>
         <maintenanceEvent>
            <eventType>derived</eventType>
            <eventDateTime>2013-04-23</eventDateTime>
            <agentType>machine</agentType>
            <agent>Import_SIA</agent>
         </maintenanceEvent>
         <maintenanceEvent>
            <eventType>revised</eventType>
            <eventDateTime>2016-05-20</eventDateTime>
            <agentType>human</agentType>
            <agent>Marine ZELVERTE</agent>
            <eventDescription/>
         </maintenanceEvent>
         <maintenanceEvent>
            <eventType>updated</eventType>
            <eventDateTime>2017-04-06</eventDateTime>
            <agentType>human</agentType>
            <agent>Mission.referentiels MISSION.REFERENTIELS</agent>
            <eventDescription>F. Clavaud, 6 avril 2017 : vérifications rapides</eventDescription>
         </maintenanceEvent>
      </maintenanceHistory>
      <sources>
         <source>
            <descriptiveNote>
               <p>Bottin administratif</p>
            </descriptiveNote>
         </source>
      </sources>
   </control>
   <cpfDescription>
      <identity>
         <entityType>corporateBody</entityType>
         <nameEntry localType="autorisée" scriptCode="Latn" xml:lang="fre">
            <part>France. Direction des bibliothèques et de la lecture publique. Bureau de la gestion et du contrôle financiers (1945-1975)</part>
         </nameEntry>
         <nameEntry>
            <part>Bureau de la gestion et du contrôle financier</part>
            <useDates>
               <dateRange>
                  <fromDate standardDate="1949-01-01">1949</fromDate>
                  <toDate standardDate="1961-12-31">1961</toDate>
               </dateRange>
            </useDates>
         </nameEntry>
         <nameEntry>
            <part>Deuxième bureau (Gestion et contrôle financier, Affaires générales-Documentation-Matériel)</part>
            <useDates>
               <dateRange>
                  <fromDate standardDate="1961-01-01">1961</fromDate>
                  <toDate standardDate="1965-12-31">1965</toDate>
               </dateRange>
            </useDates>
         </nameEntry>
         <nameEntry>
            <part>Bureau de la gestion et du contrôle financiers</part>
            <useDates>
               <dateRange>
                  <fromDate standardDate="1965-01-01">1965</fromDate>
                  <toDate standardDate="1975-12-31">1975</toDate>
               </dateRange>
            </useDates>
         </nameEntry>
         <nameEntry>
            <part>Bureau de la comptabilité</part>
            <useDates>
               <dateRange>
                  <fromDate standardDate="1945-08-18">18 août 1945</fromDate>
                  <toDate standardDate="1949-12-31">1949</toDate>
               </dateRange>
            </useDates>
         </nameEntry>
         <nameEntry>
            <part>BL 2</part>
            <useDates>
               <dateRange>
                  <fromDate standardDate="1965-01-01">1965</fromDate>
                  <toDate standardDate="1970-12-31">1970</toDate>
               </dateRange>
            </useDates>
         </nameEntry>
         <nameEntry>
            <part>DB 2</part>
            <useDates>
               <dateRange>
                  <fromDate standardDate="1971-01-01">1971</fromDate>
                  <toDate standardDate="1975-12-31">1975</toDate>
               </dateRange>
            </useDates>
         </nameEntry>
      </identity>
      <description>
         <existDates>
            <dateRange>
               <fromDate standardDate="1945-08-18">18 août 1945</fromDate>
               <toDate standardDate="1975-12-31">1975</toDate>
            </dateRange>
         </existDates>
         <legalStatuses>
            <legalStatus>
               <term vocabularySource="d5blonaxbw--1mt8t42bokzts">service d'administration centrale</term>
            </legalStatus>
         </legalStatuses>
         <functions>
            <function>
               <term vocabularySource="d3nyugqf1y-blcz6vh7uoov">comptabilité</term>
            </function>
            <function>
               <term vocabularySource="d3nyugzvf8-1nwn3i74v5spq">contrôle financier</term>
            </function>
            <function>
               <term vocabularySource="d5bhvii5wk-c5ead6thqj5l">exécution budgétaire</term>
            </function>
            <function>
               <term vocabularySource="d5bhvijcl3--1u6l4sy8b51az">préparation budgétaire</term>
            </function>
         </functions>
         <mandates>
            <mandate>
               <descriptiveNote>
                  <p>Décret n° 45-1889 du 18 août 1945 portant organisation de la direction générale des Arts et des Lettres</p>
                  <p>Décret n°75-1003 du 29 octobre 1975 par lequel sont transférées au Secrétaire d'État à la Culture les attributions exercées par le Secrétaire d'État aux Universités dans les domaines du livre et de la lecture publique (https://www.legifrance.gouv.fr/affichTexte.do?cidTexte=JORFTEXT000000500152&amp;fastPos=3&amp;fastReqId=1129159639&amp;categorieLien=id&amp;oldAction=rechTexte)</p>
               </descriptiveNote>
            </mandate>
         </mandates>
         <biogHist>
            <p>
               <span style="underline">Historique :</span>
            </p>
            <p>Un bureau de la comptabilité est créé en 1945 au sein de la direction des bibliothèques de France et de la lecture publique (direction générale des Arts et Lettres organisée par le décret du 18 août 1945). De 1949 à 1961, il devient bureau de la gestion et du contrôle financier. En 1961, le deuxième bureau de la direction des bibliothèques de France réunit la gestion et le contrôle financiers d'une part, et les affaires générales, la documentation et le matériel d'autres part. Enfin, un bureau de la gestion et du contrôle financiers distinct est créé en 1965 dans le cadre d'une réorganisation de la direction des bibliothèques de France, qui devient direction des bibliothèques et de la lecture publique : il est alors érigé en deuxième bureau (BL 2) des services administratifs.</p>
            <p> Il disparaît en 1975 avec la DBLP, supprimée suite à une décision du conseil des ministres du 2 juillet qui répartit ses attributions entre le secrétariat d'État aux Universités et le secrétariat d'État à la Culture (décret du 29 octobre 1975).</p>
            <p/>
            <p>
               <span style="underline">Missions :</span>
            </p>
            <p>Le bureau de la gestion et du contrôle financier est chargé de l'établissement des budgets, de l'engagement des crédits, de la centralisation et de la vérification ou établissement des pièces comptables, de la liquidation des dépenses afférentes au personnel et au matériel, des travaux subventionnés et du contrôle financier. </p>
         </biogHist>
      </description>
      <relations>
         <cpfRelation xmlns:xlink="http://www.w3.org/1999/xlink"
                      cpfRelationType="temporal-later"
                      xlink:href="FRAN_NP_003533"
                      xlink:type="simple">
            <relationEntry>Bureau du budget (service des bibliothèques, ministère des Universités)</relationEntry>
            <dateRange>
               <fromDate standardDate="1975-01-01">1975</fromDate>
            </dateRange>
         </cpfRelation>
         <cpfRelation xmlns:xlink="http://www.w3.org/1999/xlink"
                      cpfRelationType="hierarchical-parent"
                      xlink:href="FRAN_NP_009943"
                      xlink:type="simple">
            <relationEntry>France. Direction des bibliothèques et de la lecture publique (1945-1975)</relationEntry>
            <dateRange>
               <fromDate standardDate="1945-08-18">18 août 1945</fromDate>
               <toDate standardDate="1964-12-31">1964</toDate>
            </dateRange>
            <descriptiveNote>
               <p>@isPartOf@</p>
            </descriptiveNote>
         </cpfRelation>
         <cpfRelation xmlns:xlink="http://www.w3.org/1999/xlink"
                      cpfRelationType="hierarchical-parent"
                      xlink:href="FRAN_NP_003532"
                      xlink:type="simple">
            <relationEntry>France. Direction des bibliothèques et de la lecture publique. Division des affaires administratives (1965-1975)</relationEntry>
            <dateRange>
               <fromDate standardDate="1965-01-01">1965</fromDate>
               <toDate standardDate="1975-12-31">1975</toDate>
            </dateRange>
            <descriptiveNote>
               <p>@isPartOf@</p>
            </descriptiveNote>
         </cpfRelation>
      </relations>
   </cpfDescription>
</eac-cpf>
