<eac-cpf xmlns="urn:isbn:1-931666-33-4"
         xmlns:xsi="http://www.w3.org/2001/XMLSchema-instance"
         xsi:schemaLocation="urn:isbn:1-931666-33-4 cpf.xsd">
   <control>
      <recordId>FRAN_NP_010204</recordId>
      <otherRecordId localType="Ancien_identifiant">FRDAFANCH00MC_NAETUDE_077</otherRecordId>
      <maintenanceStatus>derived</maintenanceStatus>
      <maintenanceAgency>
         <agencyName>Archives nationales de France</agencyName>
      </maintenanceAgency>
      <languageDeclaration>
         <language languageCode="fre">Français</language>
         <script scriptCode="Latn"/>
      </languageDeclaration>
      <conventionDeclaration>
         <citation>Notice établie conformément à la norme ICA-ISAAR (CPF) 2004, aux normes ISO 8601 pour le système de normalisation des dates utilisé, ainsi que AFNOR NF Z 44-061, juin 1986. Catalogage : forme et structure des vedettes noms de personne, des vedettes titres, des rubriques de classement et des titres forgés.</citation>
      </conventionDeclaration>
      <localControl localType="niveau_de_detail">
         <term>Moyenne</term>
      </localControl>
      <maintenanceHistory>
         <maintenanceEvent>
            <eventType>derived</eventType>
            <eventDateTime>2015-09-30</eventDateTime>
            <agentType>machine</agentType>
            <agent>Migration ETANOT</agent>
         </maintenanceEvent>
      </maintenanceHistory>
   </control>
   <cpfDescription>
      <identity>
         <entityType>corporateBody</entityType>
         <nameEntry localType="autorisée" scriptCode="Latn" xml:lang="fre">
            <part>Etude LXXVII</part>
         </nameEntry>
         <nameEntry>
            <part>75069</part>
         </nameEntry>
      </identity>
      <description>
         <existDates>
            <dateRange>
               <fromDate standardDate="1653-01-01">1653</fromDate>
            </dateRange>
         </existDates>
         <places>
            <place>
               <placeRole>Lieu de Paris</placeRole>
               <placeEntry localType="nomLieu">20, rue de la Paix, 75002 PARIS</placeEntry>
            </place>
         </places>
         <functions>
            <function>
               <term vocabularySource="d3nyui3o8w--11y7jgy8q3wnt">notaire à paris</term>
               <dateRange>
                  <fromDate standardDate="1653-01-01">1653</fromDate>
                  <toDate/>
               </dateRange>
            </function>
         </functions>
         <biogHist>
            <p>Étude du quartier des Halles : elle y connaît dix domiciles successifs avant d'atteindre le boulevard Haussmann en 1869.</p>
         </biogHist>
      </description>
      <relations>
         <cpfRelation xmlns:xlink="http://www.w3.org/1999/xlink"
                      cpfRelationType="associative"
                      xlink:href="FRAN_NP_010805"
                      xlink:type="simple">
            <relationEntry>Noël, Alphonse Doste</relationEntry>
            <dateRange>
               <fromDate standardDate="1831-02-05">5 février 1831</fromDate>
               <toDate standardDate="1839-04-24">24 avril 1839</toDate>
            </dateRange>
         </cpfRelation>
         <cpfRelation xmlns:xlink="http://www.w3.org/1999/xlink"
                      cpfRelationType="associative"
                      xlink:href="FRAN_NP_011351"
                      xlink:type="simple">
            <relationEntry>Lanquest, Eric</relationEntry>
            <dateRange>
               <fromDate standardDate="1973-01-03">3 janvier 1973</fromDate>
               <toDate standardDate="1996-12-31">1996</toDate>
            </dateRange>
         </cpfRelation>
         <cpfRelation xmlns:xlink="http://www.w3.org/1999/xlink"
                      cpfRelationType="associative"
                      xlink:href="FRAN_NP_011352"
                      xlink:type="simple">
            <relationEntry>Lanquest, Louis François</relationEntry>
            <dateRange>
               <fromDate standardDate="1884-05-14">14 mai 1884</fromDate>
               <toDate standardDate="1911-02-01">1er février 1911</toDate>
            </dateRange>
         </cpfRelation>
         <cpfRelation xmlns:xlink="http://www.w3.org/1999/xlink"
                      cpfRelationType="associative"
                      xlink:href="FRAN_NP_011353"
                      xlink:type="simple">
            <relationEntry>Lanquest, Louis Marie Frédéric</relationEntry>
            <dateRange>
               <fromDate standardDate="1911-02-01">1er février 1911</fromDate>
               <toDate standardDate="1943-03-14">14 mars 1943</toDate>
            </dateRange>
         </cpfRelation>
         <cpfRelation xmlns:xlink="http://www.w3.org/1999/xlink"
                      cpfRelationType="associative"
                      xlink:href="FRAN_NP_011354"
                      xlink:type="simple">
            <relationEntry>Lanquest, Philippe Marie Georges</relationEntry>
            <dateRange>
               <fromDate standardDate="1943-03-19">19 mars 1943</fromDate>
               <toDate standardDate="1973-01-03">3 janvier 1973</toDate>
            </dateRange>
         </cpfRelation>
         <cpfRelation xmlns:xlink="http://www.w3.org/1999/xlink"
                      cpfRelationType="associative"
                      xlink:href="FRAN_NP_013219"
                      xlink:type="simple">
            <relationEntry>Bonnet, Gilles</relationEntry>
            <dateRange>
               <fromDate standardDate="2003-01-01">2003</fromDate>
            </dateRange>
         </cpfRelation>
         <cpfRelation xmlns:xlink="http://www.w3.org/1999/xlink"
                      cpfRelationType="associative"
                      xlink:href="FRAN_NP_012644"
                      xlink:type="simple">
            <relationEntry>Caiez, Antoine-Jean</relationEntry>
            <dateRange>
               <fromDate standardDate="1774-07-19">19 juillet 1774</fromDate>
               <toDate standardDate="1783-10-10">10 octobre 1783</toDate>
            </dateRange>
         </cpfRelation>
         <cpfRelation xmlns:xlink="http://www.w3.org/1999/xlink"
                      cpfRelationType="associative"
                      xlink:href="FRAN_NP_010453"
                      xlink:type="simple">
            <relationEntry>Thomas, Etienne</relationEntry>
            <dateRange>
               <fromDate standardDate="1675-01-01">1er janvier 1675</fromDate>
               <toDate standardDate="1687-04-15">15 avril 1687</toDate>
            </dateRange>
         </cpfRelation>
         <cpfRelation xmlns:xlink="http://www.w3.org/1999/xlink"
                      cpfRelationType="associative"
                      xlink:href="FRAN_NP_012752"
                      xlink:type="simple">
            <relationEntry>Bailly, Mathieu</relationEntry>
            <dateRange>
               <fromDate standardDate="1687-04-17">17 avril 1687</fromDate>
               <toDate standardDate="1723-02-07">7 février 1723</toDate>
            </dateRange>
         </cpfRelation>
         <cpfRelation xmlns:xlink="http://www.w3.org/1999/xlink"
                      cpfRelationType="associative"
                      xlink:href="FRAN_NP_013393"
                      xlink:type="simple">
            <relationEntry>Chapon, Nathalie</relationEntry>
            <dateRange>
               <fromDate standardDate="2008-08-11">11 août 2008</fromDate>
            </dateRange>
         </cpfRelation>
         <cpfRelation xmlns:xlink="http://www.w3.org/1999/xlink"
                      cpfRelationType="associative"
                      xlink:href="FRAN_NP_011754"
                      xlink:type="simple">
            <relationEntry>Havard, Michel</relationEntry>
            <dateRange>
               <fromDate standardDate="1783-10-06">6 octobre 1783</fromDate>
               <toDate standardDate="1796-05-10">10 mai 1796</toDate>
            </dateRange>
         </cpfRelation>
         <cpfRelation xmlns:xlink="http://www.w3.org/1999/xlink"
                      cpfRelationType="associative"
                      xlink:href="FRAN_NP_010688"
                      xlink:type="simple">
            <relationEntry>Robert duménil, Alexandre Pierre François</relationEntry>
            <dateRange>
               <fromDate standardDate="1809-08-11">11 août 1809</fromDate>
               <toDate standardDate="1831-02-04">4 février 1831</toDate>
            </dateRange>
         </cpfRelation>
         <cpfRelation xmlns:xlink="http://www.w3.org/1999/xlink"
                      cpfRelationType="associative"
                      xlink:href="FRAN_NP_013183"
                      xlink:type="simple">
            <relationEntry>Cheval, Christophe</relationEntry>
            <dateRange>
               <fromDate standardDate="2006-11-30">30 novembre 2006</fromDate>
            </dateRange>
         </cpfRelation>
         <cpfRelation xmlns:xlink="http://www.w3.org/1999/xlink"
                      cpfRelationType="associative"
                      xlink:href="FRAN_NP_010618"
                      xlink:type="simple">
            <relationEntry>Ranvier, Pierre</relationEntry>
            <dateRange>
               <fromDate standardDate="1993-02-17">17 février 1993</fromDate>
               <toDate standardDate="1995-10-05">5 octobre 1995</toDate>
            </dateRange>
         </cpfRelation>
         <cpfRelation xmlns:xlink="http://www.w3.org/1999/xlink"
                      cpfRelationType="associative"
                      xlink:href="FRAN_NP_012802"
                      xlink:type="simple">
            <relationEntry>Bayard, Louis Benoît</relationEntry>
            <dateRange>
               <fromDate standardDate="1839-08-10">10 août 1839</fromDate>
               <toDate standardDate="1855-04-12">12 avril 1855</toDate>
            </dateRange>
         </cpfRelation>
         <cpfRelation xmlns:xlink="http://www.w3.org/1999/xlink"
                      cpfRelationType="associative"
                      xlink:href="FRAN_NP_013394"
                      xlink:type="simple">
            <relationEntry>Terny, Antony</relationEntry>
            <dateRange>
               <fromDate standardDate="2008-08-11">11 août 2008</fromDate>
            </dateRange>
         </cpfRelation>
         <cpfRelation xmlns:xlink="http://www.w3.org/1999/xlink"
                      cpfRelationType="associative"
                      xlink:href="FRAN_NP_012751"
                      xlink:type="simple">
            <relationEntry>Bailly, Mathieu-Pierre</relationEntry>
            <dateRange>
               <fromDate standardDate="1723-02-27">27 février 1723</fromDate>
               <toDate standardDate="1749-10-18">18 octobre 1749</toDate>
            </dateRange>
         </cpfRelation>
         <cpfRelation xmlns:xlink="http://www.w3.org/1999/xlink"
                      cpfRelationType="associative"
                      xlink:href="FRAN_NP_012645"
                      xlink:type="simple">
            <relationEntry>Commissaire, François</relationEntry>
            <dateRange>
               <fromDate standardDate="1772-01-02">2 janvier 1772</fromDate>
               <toDate standardDate="1774-07-18">18 juillet 1774</toDate>
            </dateRange>
         </cpfRelation>
         <cpfRelation xmlns:xlink="http://www.w3.org/1999/xlink"
                      cpfRelationType="associative"
                      xlink:href="FRAN_NP_013227"
                      xlink:type="simple">
            <relationEntry>Gaudry chantal</relationEntry>
            <dateRange>
               <fromDate standardDate="2003-01-01">2003</fromDate>
            </dateRange>
         </cpfRelation>
         <cpfRelation xmlns:xlink="http://www.w3.org/1999/xlink"
                      cpfRelationType="associative"
                      xlink:href="FRAN_NP_011384"
                      xlink:type="simple">
            <relationEntry>Le boeuf de le bret, Pierre</relationEntry>
            <dateRange>
               <fromDate standardDate="1749-10-22">22 octobre 1749</fromDate>
               <toDate standardDate="1771-12-31">31 décembre 1771</toDate>
            </dateRange>
         </cpfRelation>
         <cpfRelation xmlns:xlink="http://www.w3.org/1999/xlink"
                      cpfRelationType="associative"
                      xlink:href="FRAN_NP_011493"
                      xlink:type="simple">
            <relationEntry>Legé, Louis-Marie</relationEntry>
            <dateRange>
               <fromDate standardDate="1794-08-13">13 août 1794</fromDate>
               <toDate standardDate="1809-08-10">10 août 1809</toDate>
            </dateRange>
         </cpfRelation>
         <cpfRelation xmlns:xlink="http://www.w3.org/1999/xlink"
                      cpfRelationType="associative"
                      xlink:href="FRAN_NP_011499"
                      xlink:type="simple">
            <relationEntry>Le gonidec de kerhalic, Gildas</relationEntry>
            <dateRange>
               <fromDate standardDate="1982-08-10">10 août 1982</fromDate>
            </dateRange>
         </cpfRelation>
         <cpfRelation xmlns:xlink="http://www.w3.org/1999/xlink"
                      cpfRelationType="associative"
                      xlink:href="FRAN_NP_011644"
                      xlink:type="simple">
            <relationEntry>Lucet, Frédéric</relationEntry>
            <dateRange>
               <fromDate standardDate="1993-12-15">15 décembre 1993</fromDate>
               <toDate standardDate="2002-09-16">16 septembre 2002</toDate>
            </dateRange>
         </cpfRelation>
         <cpfRelation xmlns:xlink="http://www.w3.org/1999/xlink"
                      cpfRelationType="associative"
                      xlink:href="FRAN_NP_011656"
                      xlink:type="simple">
            <relationEntry>Koenig, Alain</relationEntry>
            <dateRange>
               <fromDate standardDate="1999-12-15">15 décembre 1999</fromDate>
            </dateRange>
         </cpfRelation>
         <cpfRelation xmlns:xlink="http://www.w3.org/1999/xlink"
                      cpfRelationType="associative"
                      xlink:href="FRAN_NP_012108"
                      xlink:type="simple">
            <relationEntry>Fovard, Edouard Constant Frédéric</relationEntry>
            <dateRange>
               <fromDate standardDate="1855-04-12">12 avril 1855</fromDate>
               <toDate standardDate="1884-05-14">14 mai 1884</toDate>
            </dateRange>
         </cpfRelation>
         <resourceRelation xmlns:xlink="http://www.w3.org/1999/xlink"
                           resourceRelationType="subjectOf"
                           xlink:href="FRAN_IR_042691"
                           xlink:type="simple">
            <relationEntry localType="archival">Minutes et répertoires du notaire Étienne THOMAS, janvier 1675 - 15 avril 1687 (étude LXXVII)</relationEntry>
         </resourceRelation>
         <resourceRelation xmlns:xlink="http://www.w3.org/1999/xlink"
                           resourceRelationType="subjectOf"
                           xlink:href="FRAN_IR_042693"
                           xlink:type="simple">
            <relationEntry localType="archival">Minutes et répertoires du notaire Mathieu Pierre BAILLY, 27 février 1723 - 18 octobre 1749 (étude LXXVII)</relationEntry>
         </resourceRelation>
         <resourceRelation xmlns:xlink="http://www.w3.org/1999/xlink"
                           resourceRelationType="subjectOf"
                           xlink:href="FRAN_IR_042700"
                           xlink:type="simple">
            <relationEntry localType="archival">Minutes et répertoires du notaire Alphonse Doste NOËL, 5 février 1831 - 24 avril 1839 (étude LXXVII)</relationEntry>
         </resourceRelation>
         <resourceRelation xmlns:xlink="http://www.w3.org/1999/xlink"
                           resourceRelationType="subjectOf"
                           xlink:href="FRAN_IR_042697"
                           xlink:type="simple">
            <relationEntry localType="archival">Minutes et répertoires du notaire Michel HAVARD, 11 octobre 1783 - 10 mai 1796 (étude LXXVII)</relationEntry>
         </resourceRelation>
         <resourceRelation xmlns:xlink="http://www.w3.org/1999/xlink"
                           resourceRelationType="subjectOf"
                           xlink:href="FRAN_IR_042698"
                           xlink:type="simple">
            <relationEntry localType="archival">Minutes et répertoires du notaire Louis Marie LEGÉ, 13 août 1794 - 10 août 1809 (étude LXXVII)</relationEntry>
         </resourceRelation>
         <resourceRelation xmlns:xlink="http://www.w3.org/1999/xlink"
                           resourceRelationType="creatorOf"
                           xlink:href="FRAN_IR_050721"
                           xlink:type="simple">
            <relationEntry localType="archival">Dossiers de clients de l'étude LXXVII</relationEntry>
         </resourceRelation>
         <resourceRelation xmlns:xlink="http://www.w3.org/1999/xlink"
                           resourceRelationType="creatorOf"
                           xlink:href="FRAN_IR_042695"
                           xlink:type="simple">
            <relationEntry localType="archival">Minutes et répertoires du notaire François COMMISSAIRE, 2 janvier 1772 - 18 juillet 1774 (étude LXXVII)</relationEntry>
         </resourceRelation>
         <resourceRelation xmlns:xlink="http://www.w3.org/1999/xlink"
                           resourceRelationType="creatorOf"
                           xlink:href="FRAN_IR_042694"
                           xlink:type="simple">
            <relationEntry localType="archival">Minutes et répertoires du notaire Pierre LE BOEUF de LE BRET, 22 octobre 1749 - décembre 1771 (étude LXXVII)</relationEntry>
         </resourceRelation>
         <resourceRelation xmlns:xlink="http://www.w3.org/1999/xlink"
                           resourceRelationType="creatorOf"
                           xlink:href="FRAN_IR_051271"
                           xlink:type="simple">
            <relationEntry localType="archival">Images des répertoires du notaire Alphonse Doste Noël pour l'étude LXXVII</relationEntry>
         </resourceRelation>
         <resourceRelation xmlns:xlink="http://www.w3.org/1999/xlink"
                           resourceRelationType="creatorOf"
                           xlink:href="FRAN_IR_051351"
                           xlink:type="simple">
            <relationEntry localType="archival">Images des répertoires du notaire Louis François Lanquest pour l'étude LXXVII</relationEntry>
         </resourceRelation>
         <resourceRelation xmlns:xlink="http://www.w3.org/1999/xlink"
                           resourceRelationType="creatorOf"
                           xlink:href="FRAN_IR_051415"
                           xlink:type="simple">
            <relationEntry localType="archival">Images du répertoire du notaire Michel Havard pour l'étude LXXVII</relationEntry>
         </resourceRelation>
         <resourceRelation xmlns:xlink="http://www.w3.org/1999/xlink"
                           resourceRelationType="creatorOf"
                           xlink:href="FRAN_IR_051582"
                           xlink:type="simple">
            <relationEntry localType="archival">Images des répertoires du notaire Louis Benoît Bayard pour l'étude LXXVII</relationEntry>
         </resourceRelation>
         <resourceRelation xmlns:xlink="http://www.w3.org/1999/xlink"
                           resourceRelationType="creatorOf"
                           xlink:href="FRAN_IR_051461"
                           xlink:type="simple">
            <relationEntry localType="archival">Images des répertoires du notaire Édouard Constant Frédéric Fovard pour l'étude LXXVII</relationEntry>
         </resourceRelation>
         <resourceRelation xmlns:xlink="http://www.w3.org/1999/xlink"
                           resourceRelationType="creatorOf"
                           xlink:href="FRAN_IR_051252"
                           xlink:type="simple">
            <relationEntry localType="archival">Images des répertoires du notaire Alexandre Pierre François Robert-Dumesnil pour l'étude LXXVII</relationEntry>
         </resourceRelation>
         <resourceRelation xmlns:xlink="http://www.w3.org/1999/xlink"
                           resourceRelationType="creatorOf"
                           xlink:href="FRAN_IR_042690"
                           xlink:type="simple">
            <relationEntry localType="archival">Archives de l'étude LXXVII</relationEntry>
         </resourceRelation>
         <resourceRelation xmlns:xlink="http://www.w3.org/1999/xlink"
                           resourceRelationType="creatorOf"
                           xlink:href="FRAN_IR_051380"
                           xlink:type="simple">
            <relationEntry localType="archival">Images des répertoires du notaire Louis Marie Legé pour l'étude LXXVII</relationEntry>
         </resourceRelation>
         <resourceRelation xmlns:xlink="http://www.w3.org/1999/xlink"
                           resourceRelationType="creatorOf"
                           xlink:href="FRAN_IR_042692"
                           xlink:type="simple">
            <relationEntry localType="archival">Minutes et répertoires du notaire Mathieu BAILLY, 17 avril 1687 - 7 février 1723 (étude LXXVII)</relationEntry>
         </resourceRelation>
         <resourceRelation xmlns:xlink="http://www.w3.org/1999/xlink"
                           resourceRelationType="creatorOf"
                           xlink:href="FRAN_IR_042699"
                           xlink:type="simple">
            <relationEntry localType="archival">Minutes et répertoires du notaire Alexandre Pierre François ROBERT-DUMESNIL, 11 août 1809 - 4 février 1831 (étude LXXVII)</relationEntry>
         </resourceRelation>
         <resourceRelation xmlns:xlink="http://www.w3.org/1999/xlink"
                           resourceRelationType="creatorOf"
                           xlink:href="FRAN_IR_052842"
                           xlink:type="simple">
            <relationEntry localType="archival">Images du répertoire du notaire Mathieu Bailly pour l'étude LXXVII</relationEntry>
         </resourceRelation>
         <resourceRelation xmlns:xlink="http://www.w3.org/1999/xlink"
                           resourceRelationType="creatorOf"
                           xlink:href="FRAN_IR_052841"
                           xlink:type="simple">
            <relationEntry localType="archival">Images du répertoire du notaire Mathieu Pierre Bailly pour l'étude LXXVII</relationEntry>
         </resourceRelation>
         <resourceRelation xmlns:xlink="http://www.w3.org/1999/xlink"
                           resourceRelationType="creatorOf"
                           xlink:href="FRAN_IR_052782"
                           xlink:type="simple">
            <relationEntry localType="archival">Images du répertoire du notaire Pierre Le Boeuf de Le Bret pour l'étude LXXVII</relationEntry>
         </resourceRelation>
         <resourceRelation xmlns:xlink="http://www.w3.org/1999/xlink"
                           resourceRelationType="creatorOf"
                           xlink:href="FRAN_IR_052837"
                           xlink:type="simple">
            <relationEntry localType="archival">Images du répertoire du notaire François Commissaire pour l'étude LXXVII</relationEntry>
         </resourceRelation>
         <resourceRelation xmlns:xlink="http://www.w3.org/1999/xlink"
                           resourceRelationType="creatorOf"
                           xlink:href="FRAN_IR_052836"
                           xlink:type="simple">
            <relationEntry localType="archival">Images du répertoire du notaire Antoine Jean Caiez pour l'étude LXXVII</relationEntry>
         </resourceRelation>
         <resourceRelation xmlns:xlink="http://www.w3.org/1999/xlink"
                           resourceRelationType="creatorOf"
                           xlink:href="FRAN_IR_055785"
                           xlink:type="simple">
            <relationEntry localType="archival">Images du répertoire du notaire Etienne Thomas pour l'étude LXXVII</relationEntry>
         </resourceRelation>
         <resourceRelation xmlns:xlink="http://www.w3.org/1999/xlink"
                           resourceRelationType="creatorOf"
                           xlink:href="FRAN_IR_042703"
                           xlink:type="simple">
            <relationEntry localType="archival">Minutes et répertoires du notaire Louis François LANQUEST, 14 mai 1884 - décembre 1900 (étude LXXVII)</relationEntry>
         </resourceRelation>
         <resourceRelation xmlns:xlink="http://www.w3.org/1999/xlink"
                           resourceRelationType="creatorOf"
                           xlink:href="FRAN_IR_042701"
                           xlink:type="simple">
            <relationEntry localType="archival">Minutes et répertoires du notaire Louis Benoît BAYARD, 10 août 1839 - 12 avril 1855 (étude LXXVII)</relationEntry>
         </resourceRelation>
         <resourceRelation xmlns:xlink="http://www.w3.org/1999/xlink"
                           resourceRelationType="creatorOf"
                           xlink:href="FRAN_IR_042696"
                           xlink:type="simple">
            <relationEntry localType="archival">Minutes et répertoires du notaire Antoine Jean CAIEZ, 19 juillet 1774 - 10 octobre 1783 (étude LXXVII)</relationEntry>
         </resourceRelation>
      </relations>
   </cpfDescription>
</eac-cpf>
