<eac-cpf xmlns="urn:isbn:1-931666-33-4"
         xmlns:xsi="http://www.w3.org/2001/XMLSchema-instance"
         xsi:schemaLocation="urn:isbn:1-931666-33-4 cpf.xsd">
   <control>
      <recordId>FRAN_NP_010172</recordId>
      <otherRecordId localType="Ancien_identifiant">FRDAFANCH00MC_NAETUDE_045</otherRecordId>
      <maintenanceStatus>revised</maintenanceStatus>
      <maintenanceAgency>
         <agencyName>Archives nationales de France</agencyName>
      </maintenanceAgency>
      <languageDeclaration>
         <language languageCode="fre">Français</language>
         <script scriptCode="Latn"/>
      </languageDeclaration>
      <conventionDeclaration>
         <citation>Notice établie conformément à la norme ICA-ISAAR (CPF) 2004, aux normes ISO 8601 pour le système de normalisation des dates utilisé, ainsi que AFNOR NF Z 44-061, juin 1986. Catalogage : forme et structure des vedettes noms de personne, des vedettes titres, des rubriques de classement et des titres forgés.</citation>
      </conventionDeclaration>
      <localControl localType="niveau_de_detail">
         <term>Moyenne</term>
      </localControl>
      <maintenanceHistory>
         <maintenanceEvent>
            <eventType>derived</eventType>
            <eventDateTime>2013-04-23</eventDateTime>
            <agentType>machine</agentType>
            <agent>Migration ETANOT</agent>
         </maintenanceEvent>
         <maintenanceEvent>
            <eventType>revised</eventType>
            <eventDateTime>2015-09-30</eventDateTime>
            <agentType>human</agentType>
            <agent>Marie-Françoise LIMON-BONNET</agent>
            <eventDescription>F. Clavaud, 8 octobre 2014 : revu tous les liens IR</eventDescription>
         </maintenanceEvent>
      </maintenanceHistory>
      <sources>
         <source>
            <descriptiveNote>
               <p>
                  <span style="bold">Voir : </span>
               </p>
               <p>Limon-Bonnet (M.-F.) [dir.], 
      <span style="italic"> 122 minutes d'histoire. Actes des notaires de Paris, XVIe-XXe siècle</span>, Paris, 2012, pp. 94-95. 
     </p>
               <p>
                  <span style="italic">Annuaire du notariat français 2012</span>, p. 1036. 
     </p>
            </descriptiveNote>
         </source>
      </sources>
   </control>
   <cpfDescription>
      <identity>
         <entityType>corporateBody</entityType>
         <nameEntry localType="autorisée" scriptCode="Latn" xml:lang="fre">
            <part>Etude XLV</part>
         </nameEntry>
         <nameEntry>
            <part>75052</part>
         </nameEntry>
         <nameEntry>
            <part>PINEL Jean-Jacques, SCP</part>
         </nameEntry>
      </identity>
      <description>
         <existDates>
            <dateRange>
               <fromDate standardDate="1566-01-01">1566</fromDate>
            </dateRange>
         </existDates>
         <places>
            <place>
               <placeRole>Lieu de Paris</placeRole>
               <placeEntry localType="nomLieu">109, boulevard Exelmans, 75016 Paris</placeEntry>
               <placeEntry localType="voie" vocabularySource="d3nzadj02d-iiklsk7ac4dm">Exelmans (boulevard)</placeEntry>
               <placeEntry localType="arrondissement_actuel"
                           vocabularySource="d3nyv8l7vr--1oyxkw6yfemf2">16e arrondissement</placeEntry>
            </place>
         </places>
         <legalStatuses>
            <legalStatus>
               <term>office notarial</term>
            </legalStatus>
         </legalStatuses>
         <functions>
            <function>
               <term vocabularySource="d3nyui3o8w--11y7jgy8q3wnt">notaire à Paris</term>
               <dateRange>
                  <fromDate standardDate="1566-01-01">1566</fromDate>
                  <toDate/>
               </dateRange>
            </function>
         </functions>
         <mandates>
            <mandate/>
         </mandates>
         <generalContext>
            <p>Les minutes de cette étude ont été versées aux Archives nationales (2013) jusqu'au 31 décembre 1938.</p>
         </generalContext>
         <biogHist>
            <p>Faisant preuve d'une remarquable stabilité géographique depuis sa création et jusqu'à la fin du XIXe siècle, cette étude est établie dans le périmètre de la rue Saint-Honoré, les abords du Palais-Royal sous l'Ancien Régime, puis le voisinage de la place Vendôme. En 1865, elle s'installe rue du Faubourg-Saint-Honoré. Elle se trouve actuellement dans le XVIe arrondissement, boulevard Exelmans. Son plus ancien document actuellement conservé date de 1568, mais provient d'un autre notaire (Me Nicolas Lenoir), qui officiait rue des Marmousets, dans la Cité, et la série de minutes de l'étude proprement dite ne commence qu'au début du XVIIe siècle. Implantée près des centres du pouvoir royal, l'étude eut, au XVIIe siècle, une clientèle de gens importants, à des titres divers. Le 2 juin 1650, Mazarin y donne procuration à son "agent des affaires", Dominique Jobart, pour emprunter de l'argent avec mise en gage de ses bijoux. On y trouve aussi des actes concernant Molière. Au XIXe siècle encore, l'étude accueille nombre d'hommes politiques, ministres, pairs de France, militaires de haut rang, dont Lazare Carnot, "l'organisateur de la victoire", qui fait dresser l'inventaire après décès de son épouse le 30 avil 1813.</p>
            <p>Le Minutier central conserve les minutes de l'étude XLV de manière régulière à partir de l'année 1603.</p>
            <p>Les minutes de cette étude ont été versées aux Archives nationales (2013) jusqu'au 31 décembre 1938.</p>
         </biogHist>
      </description>
      <relations>
         <cpfRelation xmlns:xlink="http://www.w3.org/1999/xlink"
                      cpfRelationType="associative"
                      xlink:href="FRAN_NP_010938"
                      xlink:type="simple">
            <relationEntry>Pinel, Jean-Jacques</relationEntry>
            <dateRange>
               <fromDate standardDate="1998-09-02">2 septembre 1998</fromDate>
            </dateRange>
         </cpfRelation>
         <cpfRelation xmlns:xlink="http://www.w3.org/1999/xlink"
                      cpfRelationType="associative"
                      xlink:href="FRAN_NP_011265"
                      xlink:type="simple">
            <relationEntry>Moulineau, Jean</relationEntry>
            <dateRange>
               <fromDate standardDate="1685-11-11">11 novembre 1685</fromDate>
               <toDate standardDate="1698-06-25">25 juin 1698</toDate>
            </dateRange>
         </cpfRelation>
         <cpfRelation xmlns:xlink="http://www.w3.org/1999/xlink"
                      cpfRelationType="associative"
                      xlink:href="FRAN_NP_011365"
                      xlink:type="simple">
            <relationEntry>Launay, Bruno</relationEntry>
            <dateRange>
               <fromDate standardDate="1978-03-08">8 mars 1978</fromDate>
               <toDate standardDate="2003-08-25">25 août 2003</toDate>
            </dateRange>
         </cpfRelation>
         <cpfRelation xmlns:xlink="http://www.w3.org/1999/xlink"
                      cpfRelationType="associative"
                      xlink:href="FRAN_NP_011535"
                      xlink:type="simple">
            <relationEntry>Lenoir, Nicolas</relationEntry>
            <dateRange>
               <fromDate standardDate="1571-03-19">19 mars 1571</fromDate>
               <toDate standardDate="1629-02-12">12 février 1629</toDate>
            </dateRange>
         </cpfRelation>
         <cpfRelation xmlns:xlink="http://www.w3.org/1999/xlink"
                      cpfRelationType="associative"
                      xlink:href="FRAN_NP_012568"
                      xlink:type="simple">
            <relationEntry>Clignet, François</relationEntry>
            <dateRange>
               <fromDate standardDate="1698-06-26">26 juin 1698</fromDate>
               <toDate standardDate="1709-12-30">30 décembre 1709</toDate>
            </dateRange>
         </cpfRelation>
         <cpfRelation xmlns:xlink="http://www.w3.org/1999/xlink"
                      cpfRelationType="associative"
                      xlink:href="FRAN_NP_012569"
                      xlink:type="simple">
            <relationEntry>Crone, Richard</relationEntry>
            <dateRange>
               <fromDate standardDate="1990-03-14">14 mars 1990</fromDate>
               <toDate standardDate="1999-12-31">1999</toDate>
            </dateRange>
         </cpfRelation>
         <cpfRelation xmlns:xlink="http://www.w3.org/1999/xlink"
                      cpfRelationType="associative"
                      xlink:href="FRAN_NP_011111"
                      xlink:type="simple">
            <relationEntry>Mathieu de heudolsheim, Joseph-François</relationEntry>
            <dateRange>
               <fromDate standardDate="1789-03-29">29 mars 1789</fromDate>
               <toDate standardDate="1805-12-31">31 décembre 1805</toDate>
            </dateRange>
         </cpfRelation>
         <cpfRelation xmlns:xlink="http://www.w3.org/1999/xlink"
                      cpfRelationType="associative"
                      xlink:href="FRAN_NP_011899"
                      xlink:type="simple">
            <relationEntry>Gillet, Antoine-Louis</relationEntry>
            <dateRange>
               <fromDate standardDate="1805-12-31">31 décembre 1805</fromDate>
               <toDate standardDate="1826-02-14">14 février 1826</toDate>
            </dateRange>
         </cpfRelation>
         <cpfRelation xmlns:xlink="http://www.w3.org/1999/xlink"
                      cpfRelationType="associative"
                      xlink:href="FRAN_NP_012824"
                      xlink:type="simple">
            <relationEntry>Beçon, François</relationEntry>
            <dateRange>
               <fromDate standardDate="1633-07-21">21 juillet 1633</fromDate>
               <toDate standardDate="1636-10-26">26 octobre 1636</toDate>
            </dateRange>
         </cpfRelation>
         <cpfRelation xmlns:xlink="http://www.w3.org/1999/xlink"
                      cpfRelationType="associative"
                      xlink:href="FRAN_NP_012064"
                      xlink:type="simple">
            <relationEntry>Fleury, Charles Augustin Arthus</relationEntry>
            <dateRange>
               <fromDate standardDate="1890-09-10">10 septembre 1890</fromDate>
               <toDate standardDate="1912-03-13">13 mars 1912</toDate>
            </dateRange>
         </cpfRelation>
         <cpfRelation xmlns:xlink="http://www.w3.org/1999/xlink"
                      cpfRelationType="associative"
                      xlink:href="FRAN_NP_012959"
                      xlink:type="simple">
            <relationEntry>Bontemps, Jean</relationEntry>
            <dateRange>
               <fromDate standardDate="1731-01-16">16 janvier 1731</fromDate>
               <toDate standardDate="1786-11-04">4 novembre 1786</toDate>
            </dateRange>
         </cpfRelation>
         <cpfRelation xmlns:xlink="http://www.w3.org/1999/xlink"
                      cpfRelationType="associative"
                      xlink:href="FRAN_NP_012063"
                      xlink:type="simple">
            <relationEntry>Fleury, Charles Alphonse Victor</relationEntry>
            <dateRange>
               <fromDate standardDate="1912-03-13">13 mars 1912</fromDate>
               <toDate standardDate="1950-11-09">9 novembre 1950</toDate>
            </dateRange>
         </cpfRelation>
         <cpfRelation xmlns:xlink="http://www.w3.org/1999/xlink"
                      cpfRelationType="associative"
                      xlink:href="FRAN_NP_010784"
                      xlink:type="simple">
            <relationEntry>Outrebon, Louis-Claude</relationEntry>
            <dateRange>
               <fromDate standardDate="1826-02-15">15 février 1826</fromDate>
               <toDate standardDate="1848-05-27">27 mai 1848</toDate>
            </dateRange>
         </cpfRelation>
         <cpfRelation xmlns:xlink="http://www.w3.org/1999/xlink"
                      cpfRelationType="associative"
                      xlink:href="FRAN_NP_011060"
                      xlink:type="simple">
            <relationEntry>Mainnemare, Charles-Antoine</relationEntry>
            <dateRange>
               <fromDate standardDate="1786-11-04">4 novembre 1786</fromDate>
               <toDate standardDate="1789-03-28">28 mars 1789</toDate>
            </dateRange>
         </cpfRelation>
         <cpfRelation xmlns:xlink="http://www.w3.org/1999/xlink"
                      cpfRelationType="associative"
                      xlink:href="FRAN_NP_012566"
                      xlink:type="simple">
            <relationEntry>Chèvre, André</relationEntry>
            <dateRange>
               <fromDate standardDate="1709-12-31">31 décembre 1709</fromDate>
               <toDate standardDate="1726-11-07">7 novembre 1726</toDate>
            </dateRange>
         </cpfRelation>
         <cpfRelation xmlns:xlink="http://www.w3.org/1999/xlink"
                      cpfRelationType="associative"
                      xlink:href="FRAN_NP_012567"
                      xlink:type="simple">
            <relationEntry>Chèvre, François-Nicolas</relationEntry>
            <dateRange>
               <fromDate standardDate="1726-11-08">8 novembre 1726</fromDate>
               <toDate standardDate="1731-01-15">15 janvier 1731</toDate>
            </dateRange>
         </cpfRelation>
         <cpfRelation xmlns:xlink="http://www.w3.org/1999/xlink"
                      cpfRelationType="associative"
                      xlink:href="FRAN_NP_010511"
                      xlink:type="simple">
            <relationEntry>Turgis, Denis</relationEntry>
            <dateRange>
               <fromDate standardDate="1603-03-11">11 mars 1603</fromDate>
               <toDate standardDate="1633-06-16">16 juin 1633</toDate>
            </dateRange>
         </cpfRelation>
         <cpfRelation xmlns:xlink="http://www.w3.org/1999/xlink"
                      cpfRelationType="associative"
                      xlink:href="FRAN_NP_011594"
                      xlink:type="simple">
            <relationEntry>Levasseur, Jean</relationEntry>
            <dateRange>
               <fromDate standardDate="1629-06-13">13 juin 1629</fromDate>
               <toDate standardDate="1685-10-10">10 octobre 1685</toDate>
            </dateRange>
         </cpfRelation>
         <cpfRelation xmlns:xlink="http://www.w3.org/1999/xlink"
                      cpfRelationType="associative"
                      xlink:href="FRAN_NP_011645"
                      xlink:type="simple">
            <relationEntry>Lusson, Jean I</relationEntry>
            <dateRange>
               <fromDate standardDate="1568-01-01">1er janvier 1568</fromDate>
               <toDate standardDate="1568-12-31">31 décembre 1568</toDate>
            </dateRange>
         </cpfRelation>
         <cpfRelation xmlns:xlink="http://www.w3.org/1999/xlink"
                      cpfRelationType="associative"
                      xlink:href="FRAN_NP_012129"
                      xlink:type="simple">
            <relationEntry>Eschbach, André Louis</relationEntry>
            <dateRange>
               <fromDate standardDate="1950-11-09">9 novembre 1950</fromDate>
               <toDate standardDate="1986-06-04">4 juin 1986</toDate>
            </dateRange>
         </cpfRelation>
         <cpfRelation xmlns:xlink="http://www.w3.org/1999/xlink"
                      cpfRelationType="associative"
                      xlink:href="FRAN_NP_012251"
                      xlink:type="simple">
            <relationEntry>Durant, Adolphe-Louis</relationEntry>
            <dateRange>
               <fromDate standardDate="1848-05-27">27 mai 1848</fromDate>
               <toDate standardDate="1890-09-10">10 septembre 1890</toDate>
            </dateRange>
         </cpfRelation>
         <resourceRelation xmlns:xlink="http://www.w3.org/1999/xlink"
                           resourceRelationType="creatorOf"
                           xlink:href="FRAN_IR_052048"
                           xlink:type="simple">
            <relationEntry localType="archival">Images des répertoires du notaire Adolphe Louis Durant pour l'étude XLV</relationEntry>
         </resourceRelation>
         <resourceRelation xmlns:xlink="http://www.w3.org/1999/xlink"
                           resourceRelationType="creatorOf"
                           xlink:href="FRAN_IR_052045"
                           xlink:type="simple">
            <relationEntry localType="archival">Images des répertoires du notaire Antoine Louis Gillet pour l'étude XLV</relationEntry>
         </resourceRelation>
         <resourceRelation xmlns:xlink="http://www.w3.org/1999/xlink"
                           resourceRelationType="creatorOf"
                           xlink:href="FRAN_IR_052042"
                           xlink:type="simple">
            <relationEntry localType="archival">Images des répertoires du notaire Joseph François Mathieu de Heudolsheim pour l'étude XLV</relationEntry>
         </resourceRelation>
         <resourceRelation xmlns:xlink="http://www.w3.org/1999/xlink"
                           resourceRelationType="creatorOf"
                           xlink:href="FRAN_IR_052039"
                           xlink:type="simple">
            <relationEntry localType="archival">Images des répertoires du notaire Louis Claude Outrebon pour l'étude XLV</relationEntry>
         </resourceRelation>
         <resourceRelation xmlns:xlink="http://www.w3.org/1999/xlink"
                           resourceRelationType="creatorOf"
                           xlink:href="FRAN_IR_052049"
                           xlink:type="simple">
            <relationEntry localType="archival">Images du répertoire du notaire André Chèvre pour l'étude XLV</relationEntry>
         </resourceRelation>
         <resourceRelation xmlns:xlink="http://www.w3.org/1999/xlink"
                           resourceRelationType="creatorOf"
                           xlink:href="FRAN_IR_052047"
                           xlink:type="simple">
            <relationEntry localType="archival">Images du répertoire du notaire Charles Augustin Arthus Fleury pour l'étude XLV</relationEntry>
         </resourceRelation>
         <resourceRelation xmlns:xlink="http://www.w3.org/1999/xlink"
                           resourceRelationType="creatorOf"
                           xlink:href="FRAN_IR_052041"
                           xlink:type="simple">
            <relationEntry localType="archival">Images du répertoire du notaire Charles Antoine Mainnemare pour l'étude XLV</relationEntry>
         </resourceRelation>
         <resourceRelation xmlns:xlink="http://www.w3.org/1999/xlink"
                           resourceRelationType="creatorOf"
                           xlink:href="FRAN_IR_052052"
                           xlink:type="simple">
            <relationEntry localType="archival">Images du répertoire du notaire François Clignet pour l'étude XLV</relationEntry>
         </resourceRelation>
         <resourceRelation xmlns:xlink="http://www.w3.org/1999/xlink"
                           resourceRelationType="creatorOf"
                           xlink:href="FRAN_IR_052046"
                           xlink:type="simple">
            <relationEntry localType="archival">Images du répertoire du notaire François Nicolas Chèvre pour l'étude XLV</relationEntry>
         </resourceRelation>
         <resourceRelation xmlns:xlink="http://www.w3.org/1999/xlink"
                           resourceRelationType="creatorOf"
                           xlink:href="FRAN_IR_052044"
                           xlink:type="simple">
            <relationEntry localType="archival">Images du répertoire du notaire Jean Levasseur pour l'étude XLV</relationEntry>
         </resourceRelation>
         <resourceRelation xmlns:xlink="http://www.w3.org/1999/xlink"
                           resourceRelationType="creatorOf"
                           xlink:href="FRAN_IR_052043"
                           xlink:type="simple">
            <relationEntry localType="archival">Images du répertoire du notaire Jean Moulineau pour l'étude XLV</relationEntry>
         </resourceRelation>
         <resourceRelation xmlns:xlink="http://www.w3.org/1999/xlink"
                           resourceRelationType="creatorOf"
                           xlink:href="FRAN_IR_050137"
                           xlink:type="simple">
            <relationEntry localType="archival">Minutes et répertoires du notaire Charles Alphonse Victor FLEURY, 13 mars 1912 - 31 décembre 1938 (étude XLV)</relationEntry>
         </resourceRelation>
         <resourceRelation xmlns:xlink="http://www.w3.org/1999/xlink"
                           resourceRelationType="subjectOf"
                           xlink:href="FRAN_IR_042130"
                           xlink:type="simple">
            <relationEntry localType="archival">Minutes et répertoires du notaire Joseph François MATHIEU de HEUDOLSHEIM, 29 mars 1786 - 29 décembre 1805 (étude XLV)</relationEntry>
         </resourceRelation>
         <resourceRelation xmlns:xlink="http://www.w3.org/1999/xlink"
                           resourceRelationType="subjectOf"
                           xlink:href="FRAN_IR_042127"
                           xlink:type="simple">
            <relationEntry localType="archival">Minutes et répertoires du notaire François Nicolas CHÈVRE, 7 novembre 1726 - 15 janvier 1731 (étude XLV)</relationEntry>
         </resourceRelation>
         <resourceRelation xmlns:xlink="http://www.w3.org/1999/xlink"
                           resourceRelationType="subjectOf"
                           xlink:href="FRAN_IR_042131"
                           xlink:type="simple">
            <relationEntry localType="archival">Minutes et répertoires du notaire Antoine Louis GILLET, janvier 1806 - 14 février 1826 (étude XLV)</relationEntry>
         </resourceRelation>
         <resourceRelation xmlns:xlink="http://www.w3.org/1999/xlink"
                           resourceRelationType="subjectOf"
                           xlink:href="FRAN_IR_042126"
                           xlink:type="simple">
            <relationEntry localType="archival">Minutes et répertoires du notaire André CHÈVRE, janvier 1710 - 7 novembre 1726 (étude XLV)</relationEntry>
         </resourceRelation>
         <resourceRelation xmlns:xlink="http://www.w3.org/1999/xlink"
                           resourceRelationType="subjectOf"
                           xlink:href="FRAN_IR_042125"
                           xlink:type="simple">
            <relationEntry localType="archival">Minutes et répertoires du notaire François CLIGNET, 28 juin 1698 - 30 décembre 1709 (étude XLV)</relationEntry>
         </resourceRelation>
         <resourceRelation xmlns:xlink="http://www.w3.org/1999/xlink"
                           resourceRelationType="subjectOf"
                           xlink:href="FRAN_IR_042129"
                           xlink:type="simple">
            <relationEntry localType="archival">Minutes et répertoires du notaire Charles Antoine MAINNEMARE, 4 novembre 1786 - 26 mars 1789 (étude XLV)</relationEntry>
         </resourceRelation>
         <resourceRelation xmlns:xlink="http://www.w3.org/1999/xlink"
                           resourceRelationType="subjectOf"
                           xlink:href="FRAN_IR_042124"
                           xlink:type="simple">
            <relationEntry localType="archival">Minutes et répertoires du notaire Jean MOULINEAU, 4 novembre 1685 - 25 juin 1698 (étude XLV)</relationEntry>
         </resourceRelation>
         <resourceRelation xmlns:xlink="http://www.w3.org/1999/xlink"
                           resourceRelationType="creatorOf"
                           xlink:href="FRAN_IR_042118"
                           xlink:type="simple">
            <relationEntry localType="archival">Archives de l'étude XLV</relationEntry>
         </resourceRelation>
         <resourceRelation xmlns:xlink="http://www.w3.org/1999/xlink"
                           resourceRelationType="creatorOf"
                           xlink:href="FRAN_IR_042128"
                           xlink:type="simple">
            <relationEntry localType="archival">Minutes et répertoires du notaire Jean BONTEMPS, 16 janvier 1731 - octobre 1786 (étude XLV)</relationEntry>
         </resourceRelation>
         <resourceRelation xmlns:xlink="http://www.w3.org/1999/xlink"
                           resourceRelationType="creatorOf"
                           xlink:href="FRAN_IR_042122"
                           xlink:type="simple">
            <relationEntry localType="archival">Minutes et répertoires du notaire Jean LEVASSEUR, 13 juin 1629 - 10 octobre 1685 (étude XLV)</relationEntry>
         </resourceRelation>
         <resourceRelation xmlns:xlink="http://www.w3.org/1999/xlink"
                           resourceRelationType="creatorOf"
                           xlink:href="FRAN_IR_042119"
                           xlink:type="simple">
            <relationEntry localType="archival">Minutes et répertoires du notaire Jean I LUSSON, novembre 1568 - novembre 1568 (étude XLV)</relationEntry>
         </resourceRelation>
         <resourceRelation xmlns:xlink="http://www.w3.org/1999/xlink"
                           resourceRelationType="creatorOf"
                           xlink:href="FRAN_IR_042120"
                           xlink:type="simple">
            <relationEntry localType="archival">Minutes et répertoires du notaire Nicolas LENOIR, 19 mars 1571 - 12 février 1629 (étude XLV)</relationEntry>
         </resourceRelation>
         <resourceRelation xmlns:xlink="http://www.w3.org/1999/xlink"
                           resourceRelationType="creatorOf"
                           xlink:href="FRAN_IR_042123"
                           xlink:type="simple">
            <relationEntry localType="archival">Minutes et répertoires du notaire François BEÇON, 21 juillet 1633 - 26 octobre 1636 (étude XLV)</relationEntry>
         </resourceRelation>
         <resourceRelation xmlns:xlink="http://www.w3.org/1999/xlink"
                           resourceRelationType="creatorOf"
                           xlink:href="FRAN_IR_056055"
                           xlink:type="simple">
            <relationEntry localType="archival">Images des répertoires du notaire Jean Bontemps pour l'étude XLV</relationEntry>
         </resourceRelation>
         <resourceRelation xmlns:xlink="http://www.w3.org/1999/xlink"
                           resourceRelationType="creatorOf"
                           xlink:href="FRAN_IR_042134"
                           xlink:type="simple">
            <relationEntry localType="archival">Minutes et répertoires du notaire Charles Augustin Arthus FLEURY, 10 septembre 1890 - 13 mars 1912 (étude XLV)</relationEntry>
         </resourceRelation>
         <resourceRelation xmlns:xlink="http://www.w3.org/1999/xlink"
                           resourceRelationType="creatorOf"
                           xlink:href="FRAN_IR_042133"
                           xlink:type="simple">
            <relationEntry localType="archival">Minutes et répertoires du notaire Adolphe Louis DURANT, 31 mai 1848 - 5 septembre 1890 (étude XLV)</relationEntry>
         </resourceRelation>
      </relations>
   </cpfDescription>
</eac-cpf>
