<eac-cpf xmlns="urn:isbn:1-931666-33-4"
         xmlns:xsi="http://www.w3.org/2001/XMLSchema-instance"
         xsi:schemaLocation="urn:isbn:1-931666-33-4 cpf.xsd">
   <control>
      <recordId>FRAN_NP_004989</recordId>
      <otherRecordId localType="Ancien_identifiant">4102/AFLS</otherRecordId>
      <maintenanceStatus>revised</maintenanceStatus>
      <maintenanceAgency>
         <agencyName>Archives nationales de France</agencyName>
      </maintenanceAgency>
      <languageDeclaration>
         <language languageCode="fre">Français</language>
         <script scriptCode="Latn"/>
      </languageDeclaration>
      <conventionDeclaration>
         <citation>Notice établie conformément à la norme ICA-ISAAR (CPF) 2004, aux normes ISO 8601 pour le système de normalisation des dates utilisé, ainsi que AFNOR NF Z 44-061, juin 1986. Catalogage : forme et structure des vedettes noms de personne, des vedettes titres, des rubriques de classement et des titres forgés.</citation>
      </conventionDeclaration>
      <localControl localType="niveau_de_detail">
         <term>Moyenne</term>
      </localControl>
      <maintenanceHistory>
         <maintenanceEvent>
            <eventType>derived</eventType>
            <eventDateTime>2013-04-23</eventDateTime>
            <agentType>machine</agentType>
            <agent>Import_SIA</agent>
         </maintenanceEvent>
         <maintenanceEvent>
            <eventType>revised</eventType>
            <eventDateTime>2013-07-25</eventDateTime>
            <agentType>human</agentType>
            <agent>Blandine WAGNER</agent>
            <eventDescription>Anciens identifiants : 4102/AFLS, 4189</eventDescription>
         </maintenanceEvent>
         <maintenanceEvent>
            <eventType>revised</eventType>
            <eventDateTime>2015-09-30</eventDateTime>
            <agentType>human</agentType>
            <agent>Catherine MÉROT</agent>
         </maintenanceEvent>
      </maintenanceHistory>
      <sources>
         <source>
            <descriptiveNote>
               <p>notice BNF FRBNF12206993</p>
            </descriptiveNote>
         </source>
      </sources>
   </control>
   <cpfDescription>
      <identity>
         <entityType>corporateBody</entityType>
         <nameEntry localType="autorisée" scriptCode="Latn" xml:lang="fre">
            <part>Agence française de lutte contre le sida</part>
         </nameEntry>
         <nameEntry>
            <part>AFLS</part>
         </nameEntry>
      </identity>
      <description>
         <existDates>
            <dateRange>
               <fromDate standardDate="1989-05-31">31 mai 1989</fromDate>
               <toDate standardDate="1995-06-28">28 juin 1995</toDate>
            </dateRange>
         </existDates>
         <legalStatuses>
            <legalStatus>
               <term vocabularySource="d5blom9zjl-l45jh5o3uznu">association</term>
            </legalStatus>
         </legalStatuses>
         <functions>
            <function>
               <term vocabularySource="d5bhviiyko--q661mlo9uy50">santé</term>
            </function>
         </functions>
         <biogHist>
            <p>L’AFLS a été créée le 31 mai 1989, dans le cadre du plan national de lutte contre le sida. Elle avait pour mission de proposer et réaliser des politiques de prévention et de mettre en œuvre des dispositifs concrets de lutte contre la maladie.</p>
            <p>Organisme privé avec une mission de service public et des fonds publics, l’Agence était placée sous la tutelle du ministère de la santé et de la Direction générale de la santé (DGS). </p>
            <p>A la fin de l’année 1994, les dossiers gérés par l’AFLS furent repris par la division SIDA au sein de la DGS. L’Agence fut dissoute définitivement lors de son assemblée générale du 28 juin 1995.</p>
         </biogHist>
      </description>
      <relations>
         <cpfRelation xmlns:xlink="http://www.w3.org/1999/xlink"
                      cpfRelationType="associative"
                      xlink:href="FRAN_NP_004229"
                      xlink:type="simple">
            <relationEntry>Direction générale de la santé</relationEntry>
            <dateRange>
               <fromDate standardDate="1989-05-31">31 mai 1989</fromDate>
               <toDate standardDate="1995-06-28">28 juin 1995</toDate>
            </dateRange>
         </cpfRelation>
         <resourceRelation xmlns:xlink="http://www.w3.org/1999/xlink"
                           resourceRelationType="creatorOf"
                           xlink:href="FRAN_IR_050865"
                           xlink:type="simple">
            <relationEntry localType="archival">Agence française de lutte contre le sida (AFLS) : demandes d'attribution d'une aide
     de solidarité en faveur de personnes hémophiles contaminées par le virus du sida
     (1989-1993)</relationEntry>
         </resourceRelation>
         <resourceRelation xmlns:xlink="http://www.w3.org/1999/xlink"
                           resourceRelationType="creatorOf"
                           xlink:href="FRAN_IR_054153"
                           xlink:type="simple">
            <relationEntry localType="archival">Agence française de lutte contre le Sida : demandes d'attribution d'une aide de
     solidarité en faveur des hémophiles atteints du sida : Chronos et tableaux
     récapitulatifs</relationEntry>
         </resourceRelation>
      </relations>
   </cpfDescription>
</eac-cpf>
