<eac-cpf xmlns="urn:isbn:1-931666-33-4"
         xmlns:xsi="http://www.w3.org/2001/XMLSchema-instance"
         xsi:schemaLocation="urn:isbn:1-931666-33-4 cpf.xsd">
   <control>
      <recordId>FRAN_NP_003773</recordId>
      <otherRecordId localType="Ancien_identifiant">3292</otherRecordId>
      <maintenanceStatus>revised</maintenanceStatus>
      <maintenanceAgency>
         <agencyName>Archives nationales de France</agencyName>
      </maintenanceAgency>
      <languageDeclaration>
         <language languageCode="fre">Français</language>
         <script scriptCode="Latn"/>
      </languageDeclaration>
      <conventionDeclaration>
         <citation>Notice établie conformément à la norme ICA-ISAAR (CPF) 2004, aux normes ISO 8601 pour le système de normalisation des dates utilisé, ainsi que AFNOR NF Z 44-061, juin 1986. Catalogage : forme et structure des vedettes noms de personne, des vedettes titres, des rubriques de classement et des titres forgés.</citation>
      </conventionDeclaration>
      <localControl localType="niveau_de_detail">
         <term>Moyenne</term>
      </localControl>
      <maintenanceHistory>
         <maintenanceEvent>
            <eventType>derived</eventType>
            <eventDateTime>2013-04-23</eventDateTime>
            <agentType>machine</agentType>
            <agent>Import_SIA</agent>
         </maintenanceEvent>
         <maintenanceEvent>
            <eventType>revised</eventType>
            <eventDateTime>2015-09-30</eventDateTime>
            <agentType>human</agentType>
            <agent>Blandine WAGNER</agent>
            <eventDescription>Anciens identifiants : 3292, 3384</eventDescription>
         </maintenanceEvent>
         <maintenanceEvent>
            <eventType>revised</eventType>
            <eventDateTime>2018-07-31</eventDateTime>
            <agentType>human</agentType>
            <agent>Catherine MÉROT</agent>
         </maintenanceEvent>
         <maintenanceEvent>
            <eventType>updated</eventType>
            <eventDateTime>2018-07-31</eventDateTime>
            <agentType>human</agentType>
            <agent>Catherine MÉROT</agent>
            <eventDescription>notice EHESS complétée historique/ISNI/relations d'identités/liens IR créateur</eventDescription>
         </maintenanceEvent>
         <maintenanceEvent>
            <eventType>updated</eventType>
            <eventDateTime>2018-08-08</eventDateTime>
            <agentType>human</agentType>
            <agent>Mission.referentiels MISSION.REFERENTIELS</agent>
            <eventDescription>F. Clavaud, 8 août 2018 : changé forme du nom (ajouté lieu et dates)</eventDescription>
         </maintenanceEvent>
      </maintenanceHistory>
      <sources>
         <source>
            <sourceEntry>Notice BnF n° : FRBNF11863458</sourceEntry>
         </source>
      </sources>
   </control>
   <cpfDescription>
      <identity>
         <entityId>ISNI 0000 0001 2178 632X</entityId>
         <entityType>corporateBody</entityType>
         <nameEntry localType="autorisée" scriptCode="Latn" xml:lang="fre">
            <part>École des hautes études en sciences sociales (Paris ; 1975-....)</part>
         </nameEntry>
         <nameEntry>
            <part>EHESS</part>
         </nameEntry>
      </identity>
      <description>
         <existDates>
            <dateRange>
               <fromDate standardDate="1975-01-23">23 janvier 1975</fromDate>
            </dateRange>
         </existDates>
         <legalStatuses>
            <legalStatus>
               <term vocabularySource="d5bloma37i--zasxhhwa4h0">établissement public à caractère scientifique, culturel et professionnel</term>
            </legalStatus>
         </legalStatuses>
         <functions>
            <function>
               <term vocabularySource="d5bhvihxhx--1dol4k5w0lb2i">enseignement supérieur</term>
            </function>
            <function>
               <term vocabularySource="d3nyuic5p0-ktmsglhlnhvr">recherche</term>
            </function>
         </functions>
         <mandates>
            <mandate>
               <descriptiveNote>
                  <p>décret de création du 23-01-1975</p>
               </descriptiveNote>
            </mandate>
         </mandates>
         <biogHist>
            <p>C'est par un décret du 3 novembre 1974 qu'est créée la VIe section de l'École pratique des hautes études dite des « sciences économiques et sociales ». Cette création répond au besoin exprimé dès la création de l'EPHE de regrouper les sciences sociales. Charles Morazé et Lucien Febvre peuvent mener à bien cette tâche grâce à l'appui financier de la Fondation Rockefeller et du gouvernement américain qui financent et organisent le rapatriement des intellectuels francophones exilés à New York. </p>
            <p>La section est dirigée d'abord par l'historien Lucien Febvre puis, à partir de la mort de celui-ci en 1956, par Fernand Braudel. Cette institution devient un centre exceptionnel de réflexions interdisciplinaires et méthodologiques dans les années 1960. Elle associe donc dès ses premiers moments les différentes sciences sociales. Fernand Braudel élabore au milieu des années 1950 avec Gaston Berger le projet d'une Maison des sciences de l'Homme qui peut être réalisé grâce à un financement de la Fondation Ford et accueillir tardivement et progressivement les diverses équipes de recherche disséminées dans le quartier latin dans les locaux actuels du boulevard Raspail. La section développe un recrutement plus tourné vers la recherche et l'international. Jacques Le Goff succède en 1972 à Fernand Braudel.</p>
            <p>Le décret du 23-01-1975 émancipe administrativement la VIe section de l'École pratique et elle devient l'École des hautes études en sciences sociales dotée du statut d'établissement public et habilitée à délivrer des doctorats d'État. Elle abrite désormais un grand nombre de centres de recherche couvrant l'ensemble des sciences sociales. En 1984, l'EHESS devient grand établissement, comme l'EPHE ou le Collège de France. </p>
         </biogHist>
      </description>
      <relations>
         <cpfRelation xmlns:xlink="http://www.w3.org/1999/xlink"
                      cpfRelationType="associative"
                      xlink:href="FRAN_NP_050204"
                      xlink:type="simple">
            <relationEntry>Flandrin, Jean-Louis</relationEntry>
            <dateRange>
               <fromDate standardDate="1983-01-01">1983</fromDate>
               <toDate standardDate="2001-08-08">8 août 2001</toDate>
            </dateRange>
            <descriptiveNote>
               <p> J.-Louis Flandrin, directeur d'études à l'EHESS, y anime un séminaire de 1983 à 2001. </p>
            </descriptiveNote>
         </cpfRelation>
         <cpfRelation xmlns:xlink="http://www.w3.org/1999/xlink"
                      cpfRelationType="associative"
                      xlink:href="FRAN_NP_050834"
                      xlink:type="simple">
            <relationEntry>Sigaut, François (1940-2012)</relationEntry>
            <dateRange>
               <fromDate standardDate="1976-01-01">1976</fromDate>
               <toDate standardDate="2012-11-02">2 novembre 2012</toDate>
            </dateRange>
            <descriptiveNote>
               <p> F. Sigaut, chargé de conférences à l'EHESS (1976), puis maître-assistant (1978), maître de conférences (1985) et directeur d'études à partir de 1992. </p>
            </descriptiveNote>
         </cpfRelation>
         <cpfRelation xmlns:xlink="http://www.w3.org/1999/xlink"
                      cpfRelationType="associative"
                      xlink:href="FRAN_NP_052040"
                      xlink:type="simple">
            <relationEntry>Prochasson, Christophe (1959-....)</relationEntry>
            <dateRange>
               <fromDate standardDate="1991-01-01">1991</fromDate>
            </dateRange>
            <descriptiveNote>
               <p> Maître de conférences (1991-1999), directeur d'études (1999-2016) puis président de l'Ecole des hautes études en sciences sociales (depuis 2017). </p>
            </descriptiveNote>
         </cpfRelation>
         <cpfRelation xmlns:xlink="http://www.w3.org/1999/xlink"
                      cpfRelationType="hierarchical-parent"
                      xlink:href="FRAN_NP_000017"
                      xlink:type="simple">
            <relationEntry>Ministère de l'Enseignement supérieur et de la Recherche</relationEntry>
            <dateRange>
               <fromDate standardDate="2007-05-18">18 mai 2007</fromDate>
               <toDate/>
            </dateRange>
         </cpfRelation>
         <cpfRelation xmlns:xlink="http://www.w3.org/1999/xlink"
                      cpfRelationType="hierarchical-child"
                      xlink:href="FRAN_NP_051817"
                      xlink:type="simple">
            <relationEntry>Centre d'études arctiques (Paris ; 1957-....)</relationEntry>
            <dateRange>
               <fromDate standardDate="1975-01-23">23 janvier 1975</fromDate>
            </dateRange>
         </cpfRelation>
         <cpfRelation xmlns:xlink="http://www.w3.org/1999/xlink"
                      cpfRelationType="associative"
                      xlink:href="FRAN_NP_050824"
                      xlink:type="simple">
            <relationEntry>Héritier, Françoise (1933-2017)</relationEntry>
            <dateRange>
               <fromDate standardDate="1980-01-01">1980</fromDate>
               <toDate standardDate="2017-11-15">15 novembre 2017</toDate>
            </dateRange>
            <descriptiveNote>
               <p>
      Françoise Héritier, directrice d'études à l'EHESS à partir de 1980 
    </p>
            </descriptiveNote>
         </cpfRelation>
         <cpfRelation xmlns:xlink="http://www.w3.org/1999/xlink"
                      cpfRelationType="identity"
                      xlink:href="https://fr.wikipedia.org/wiki/%C3%89cole_des_hautes_%C3%A9tudes_en_sciences_sociales"
                      xlink:type="simple">
            <relationEntry>École des hautes études en sciences sociales </relationEntry>
            <dateRange>
               <fromDate standardDate="1975-01-23">23 janvier 1975</fromDate>
            </dateRange>
            <descriptiveNote>
               <p>notice Wikipedia</p>
            </descriptiveNote>
         </cpfRelation>
         <cpfRelation xmlns:xlink="http://www.w3.org/1999/xlink"
                      cpfRelationType="identity"
                      xlink:href="https://catalogue.bnf.fr/ark:/12148/cb118634582"
                      xlink:type="simple">
            <relationEntry>école des hautes études en sciences sociales (Paris)</relationEntry>
            <dateRange>
               <fromDate standardDate="1975-01-23">23 janvier 1975</fromDate>
            </dateRange>
            <descriptiveNote>
               <p>notice BnF</p>
            </descriptiveNote>
         </cpfRelation>
         <cpfRelation xmlns:xlink="http://www.w3.org/1999/xlink"
                      cpfRelationType="associative"
                      xlink:href="FRAN_NP_050842"
                      xlink:type="simple">
            <relationEntry>Boudon, Raymond (1934-2013)</relationEntry>
            <dateRange>
               <fromDate standardDate="1975-01-23">23 janvier 1975</fromDate>
               <toDate standardDate="2013-04-10">10 avril 2013</toDate>
            </dateRange>
         </cpfRelation>
         <cpfRelation xmlns:xlink="http://www.w3.org/1999/xlink"
                      cpfRelationType="associative"
                      xlink:href="FRAN_NP_051527"
                      xlink:type="simple">
            <relationEntry>Vernay, Denise (1924-2013)</relationEntry>
            <dateRange>
               <fromDate standardDate="1975-01-23">23 janvier 1975</fromDate>
               <toDate standardDate="1980-12-31">1980</toDate>
            </dateRange>
         </cpfRelation>
         <resourceRelation xmlns:xlink="http://www.w3.org/1999/xlink"
                           resourceRelationType="creatorOf"
                           xlink:href="FRAN_IR_007122"
                           xlink:type="simple">
            <relationEntry localType="archival">Enseignement supérieur et universités ; Ecole des Hautes études en sciences sociales (EHESS) (1960-1979)</relationEntry>
         </resourceRelation>
         <resourceRelation xmlns:xlink="http://www.w3.org/1999/xlink"
                           resourceRelationType="creatorOf"
                           xlink:href="FRAN_IR_007121"
                           xlink:type="simple">
            <relationEntry localType="archival">Enseignement supérieur et universités ; Ecole des Hautes études en sciences sociales (EHESS) (1969-1979)</relationEntry>
         </resourceRelation>
         <resourceRelation xmlns:xlink="http://www.w3.org/1999/xlink"
                           resourceRelationType="creatorOf"
                           xlink:href="FRAN_IR_007123"
                           xlink:type="simple">
            <relationEntry localType="archival">Enseignement supérieur et universités ; Ecole des Hautes études en sciences sociales (EHESS) (1970-1979)</relationEntry>
         </resourceRelation>
         <resourceRelation xmlns:xlink="http://www.w3.org/1999/xlink"
                           resourceRelationType="creatorOf"
                           xlink:href="FRAN_IR_012367"
                           xlink:type="simple">
            <relationEntry localType="archival">Enseignement supérieur et universités ; Ecole des hautes études en sciences sociales (EHESS) (1959-1969)</relationEntry>
         </resourceRelation>
         <resourceRelation xmlns:xlink="http://www.w3.org/1999/xlink"
                           resourceRelationType="creatorOf"
                           xlink:href="FRAN_IR_018259"
                           xlink:type="simple">
            <relationEntry localType="archival">Enseignement supérieur et universités ; Ecole des hautes études en sciences sociales (EHESS) (1965-1978)</relationEntry>
         </resourceRelation>
         <resourceRelation xmlns:xlink="http://www.w3.org/1999/xlink"
                           resourceRelationType="creatorOf"
                           xlink:href="FRAN_IR_022562"
                           xlink:type="simple">
            <relationEntry localType="archival">Enseignement supérieur et universités ; Ecole des hautes études en sciences sociales (EHESS) (1970-1992)</relationEntry>
         </resourceRelation>
         <resourceRelation xmlns:xlink="http://www.w3.org/1999/xlink"
                           resourceRelationType="creatorOf"
                           xlink:href="FRAN_IR_018249"
                           xlink:type="simple">
            <relationEntry localType="archival">Enseignement supérieur et universités ; Ecole des hautes études en sciences sociales (EHESS) (1976-1989)</relationEntry>
         </resourceRelation>
         <resourceRelation xmlns:xlink="http://www.w3.org/1999/xlink"
                           resourceRelationType="creatorOf"
                           xlink:href="FRAN_IR_018038"
                           xlink:type="simple">
            <relationEntry localType="archival">Enseignement supérieur et universités ; Ecole des hautes études en sciences sociales (EHESS) (1982-1990)</relationEntry>
         </resourceRelation>
         <resourceRelation xmlns:xlink="http://www.w3.org/1999/xlink"
                           resourceRelationType="creatorOf"
                           xlink:href="FRAN_IR_008932"
                           xlink:type="simple">
            <relationEntry localType="archival">Enseignement supérieur et universités ; Ecole des hautes études en sciences sociales (EHESS) (1985-1990)</relationEntry>
         </resourceRelation>
         <resourceRelation xmlns:xlink="http://www.w3.org/1999/xlink"
                           resourceRelationType="creatorOf"
                           xlink:href="FRAN_IR_008933"
                           xlink:type="simple">
            <relationEntry localType="archival">Enseignement supérieur et universités ; Ecole des hautes études en sciences sociales (EHESS) (1985-1990)</relationEntry>
         </resourceRelation>
         <resourceRelation xmlns:xlink="http://www.w3.org/1999/xlink"
                           resourceRelationType="creatorOf"
                           xlink:href="FRAN_IR_008934"
                           xlink:type="simple">
            <relationEntry localType="archival">Enseignement supérieur et universités ; Ecole des hautes études en sciences sociales (EHESS) (1985-1993)</relationEntry>
         </resourceRelation>
         <resourceRelation xmlns:xlink="http://www.w3.org/1999/xlink"
                           resourceRelationType="creatorOf"
                           xlink:href="FRAN_IR_008935"
                           xlink:type="simple">
            <relationEntry localType="archival">Enseignement supérieur et universités ; Ecole des hautes études en sciences sociales (EHESS) (1985-1993)</relationEntry>
         </resourceRelation>
         <resourceRelation xmlns:xlink="http://www.w3.org/1999/xlink"
                           resourceRelationType="creatorOf"
                           xlink:href="FRAN_IR_022685"
                           xlink:type="simple">
            <relationEntry localType="archival">Enseignement supérieur et universités ; Ecole des hautes études en sciences sociales (EHESS) (1991)</relationEntry>
         </resourceRelation>
         <resourceRelation xmlns:xlink="http://www.w3.org/1999/xlink"
                           resourceRelationType="creatorOf"
                           xlink:href="FRAN_IR_022686"
                           xlink:type="simple">
            <relationEntry localType="archival">Enseignement supérieur et universités ; Ecole des hautes études en sciences sociales (EHESS) (1992)</relationEntry>
         </resourceRelation>
         <resourceRelation xmlns:xlink="http://www.w3.org/1999/xlink"
                           resourceRelationType="creatorOf"
                           xlink:href="FRAN_IR_015078"
                           xlink:type="simple">
            <relationEntry localType="archival">Enseignement supérieur et universités ; École des hautes études en sciences sociales (EHESS) (1956-1985)</relationEntry>
         </resourceRelation>
         <resourceRelation xmlns:xlink="http://www.w3.org/1999/xlink"
                           resourceRelationType="creatorOf"
                           xlink:href="FRAN_IR_014953"
                           xlink:type="simple">
            <relationEntry localType="archival">Enseignement supérieur et universités ; École des hautes études en sciences sociales (EHESS) (1959-1975)</relationEntry>
         </resourceRelation>
         <resourceRelation xmlns:xlink="http://www.w3.org/1999/xlink"
                           resourceRelationType="creatorOf"
                           xlink:href="FRAN_IR_014952"
                           xlink:type="simple">
            <relationEntry localType="archival">Enseignement supérieur et universités ; École des hautes études en sciences sociales (EHESS) (1967-1973)</relationEntry>
         </resourceRelation>
         <resourceRelation xmlns:xlink="http://www.w3.org/1999/xlink"
                           resourceRelationType="creatorOf"
                           xlink:href="FRAN_IR_018252"
                           xlink:type="simple">
            <relationEntry localType="archival">Enseignement supérieur et universités ; École des hautes études en sciences sociales (EHESS) (1968-1968)</relationEntry>
         </resourceRelation>
         <resourceRelation xmlns:xlink="http://www.w3.org/1999/xlink"
                           resourceRelationType="creatorOf"
                           xlink:href="FRAN_IR_018260"
                           xlink:type="simple">
            <relationEntry localType="archival">Enseignement supérieur et universités ; École des hautes études en sciences sociales (EHESS) (1968-1991)</relationEntry>
         </resourceRelation>
         <resourceRelation xmlns:xlink="http://www.w3.org/1999/xlink"
                           resourceRelationType="creatorOf"
                           xlink:href="FRAN_IR_023592"
                           xlink:type="simple">
            <relationEntry localType="archival">Enseignement supérieur et universités ; Ecole des hautes études en sciences sociales (EHESS) (1939-1996)</relationEntry>
         </resourceRelation>
         <resourceRelation xmlns:xlink="http://www.w3.org/1999/xlink"
                           resourceRelationType="creatorOf"
                           xlink:href="FRAN_IR_022945"
                           xlink:type="simple">
            <relationEntry localType="archival">Enseignement supérieur et universités ; Ecole des hautes études en sciences sociales (EHESS) (1948-1993)</relationEntry>
         </resourceRelation>
         <resourceRelation xmlns:xlink="http://www.w3.org/1999/xlink"
                           resourceRelationType="creatorOf"
                           xlink:href="FRAN_IR_023597"
                           xlink:type="simple">
            <relationEntry localType="archival">Enseignement supérieur et universités ; Ecole des hautes études en sciences sociales (EHESS) (1957-1957)</relationEntry>
         </resourceRelation>
         <resourceRelation xmlns:xlink="http://www.w3.org/1999/xlink"
                           resourceRelationType="creatorOf"
                           xlink:href="FRAN_IR_023593"
                           xlink:type="simple">
            <relationEntry localType="archival">Enseignement supérieur et universités ; Ecole des hautes études en sciences sociales (EHESS) (1961-1971)</relationEntry>
         </resourceRelation>
         <resourceRelation xmlns:xlink="http://www.w3.org/1999/xlink"
                           resourceRelationType="creatorOf"
                           xlink:href="FRAN_IR_023573"
                           xlink:type="simple">
            <relationEntry localType="archival">Enseignement supérieur et universités ; Ecole des hautes études en sciences sociales (EHESS) (1973-1974)</relationEntry>
         </resourceRelation>
         <resourceRelation xmlns:xlink="http://www.w3.org/1999/xlink"
                           resourceRelationType="creatorOf"
                           xlink:href="FRAN_IR_018037"
                           xlink:type="simple">
            <relationEntry localType="archival">Enseignement supérieur et universités ; Ecole des hautes études en sciences sociales (EHESS) (1979-1985)</relationEntry>
         </resourceRelation>
         <resourceRelation xmlns:xlink="http://www.w3.org/1999/xlink"
                           resourceRelationType="creatorOf"
                           xlink:href="FRAN_IR_023595"
                           xlink:type="simple">
            <relationEntry localType="archival">Enseignement supérieur et universités ; Ecole des hautes études en sciences sociales (EHESS) (1983-1995)</relationEntry>
         </resourceRelation>
         <resourceRelation xmlns:xlink="http://www.w3.org/1999/xlink"
                           resourceRelationType="creatorOf"
                           xlink:href="FRAN_IR_013385"
                           xlink:type="simple">
            <relationEntry localType="archival">Enseignement supérieur et universités ; Ecole des hautes études en sciences sociales (EHESS) (1985-1992)</relationEntry>
         </resourceRelation>
         <resourceRelation xmlns:xlink="http://www.w3.org/1999/xlink"
                           resourceRelationType="creatorOf"
                           xlink:href="FRAN_IR_022943"
                           xlink:type="simple">
            <relationEntry localType="archival">Enseignement supérieur et universités ; Ecole des hautes études en sciences sociales (EHESS) (1985-1996)</relationEntry>
         </resourceRelation>
         <resourceRelation xmlns:xlink="http://www.w3.org/1999/xlink"
                           resourceRelationType="creatorOf"
                           xlink:href="FRAN_IR_023596"
                           xlink:type="simple">
            <relationEntry localType="archival">Enseignement supérieur et universités ; Ecole des hautes études en sciences sociales (EHESS) (XXe siècle)</relationEntry>
         </resourceRelation>
         <resourceRelation xmlns:xlink="http://www.w3.org/1999/xlink"
                           resourceRelationType="creatorOf"
                           xlink:href="FRAN_IR_016325"
                           xlink:type="simple">
            <relationEntry localType="archival">Éducation nationale ; École des hautes études en sciences sociales ; Service de la scolarité ; Doctorats</relationEntry>
         </resourceRelation>
         <resourceRelation xmlns:xlink="http://www.w3.org/1999/xlink"
                           resourceRelationType="creatorOf"
                           xlink:href="FRAN_IR_016326"
                           xlink:type="simple">
            <relationEntry localType="archival">Éducation nationale ; École des hautes études en sciences sociales ; Service financier.</relationEntry>
         </resourceRelation>
         <resourceRelation xmlns:xlink="http://www.w3.org/1999/xlink"
                           resourceRelationType="creatorOf"
                           xlink:href="FRAN_IR_017501"
                           xlink:type="simple">
            <relationEntry localType="archival">éducation nationale ; Service universitaire des relations avec l'étranger et l'Outre-mer (1948-1960) ; Direction coopération avec la communauté et l'étranger (..1963..) - Direction coopération (..1965-1972) - Mission des relations internationales (1973) - Service des affaires internationales (1974 -1980) - Direction des affaires internatinales (1981) - Direction coopération, relations internationales (1982 - 1987) (1970-1973)</relationEntry>
         </resourceRelation>
         <resourceRelation xmlns:xlink="http://www.w3.org/1999/xlink"
                           resourceRelationType="creatorOf"
                           xlink:href="FRAN_IR_054049"
                           xlink:type="simple">
            <relationEntry localType="archival">Cartes de France et des Îles britanniques du laboratoire de cartographie de l'Ecole des Hautes Etudes en Sciences Sociales (1964-1981)</relationEntry>
         </resourceRelation>
         <resourceRelation xmlns:xlink="http://www.w3.org/1999/xlink"
                           resourceRelationType="creatorOf"
                           xlink:href="FRAN_IR_018248"
                           xlink:type="simple">
            <relationEntry localType="archival">Centre d'études arctiques de l'École des hautes études en sciences sociales (EHESS)
     (1961-1992)</relationEntry>
         </resourceRelation>
      </relations>
   </cpfDescription>
</eac-cpf>
