<eac-cpf xmlns="urn:isbn:1-931666-33-4"
         xmlns:xsi="http://www.w3.org/2001/XMLSchema-instance"
         xsi:schemaLocation="urn:isbn:1-931666-33-4 cpf.xsd">
   <control>
      <recordId>FRAN_NP_009032</recordId>
      <maintenanceStatus>revised</maintenanceStatus>
      <maintenanceAgency>
         <agencyName>Archives nationales de France</agencyName>
      </maintenanceAgency>
      <languageDeclaration>
         <language languageCode="fre">Français</language>
         <script scriptCode="Latn"/>
      </languageDeclaration>
      <conventionDeclaration>
         <citation>Notice établie conformément à la norme ICA-ISAAR (CPF) 2004, aux normes ISO 8601 pour le système de normalisation des dates utilisé, ainsi que AFNOR NF Z 44-061, juin 1986. Catalogage : forme et structure des vedettes noms de personne, des vedettes titres, des rubriques de classement et des titres forgés.</citation>
      </conventionDeclaration>
      <localControl localType="niveau_de_detail">
         <term>Moyenne</term>
      </localControl>
      <maintenanceHistory>
         <maintenanceEvent>
            <eventType>derived</eventType>
            <eventDateTime>2013-04-23</eventDateTime>
            <agentType>machine</agentType>
            <agent>Import_SIA</agent>
         </maintenanceEvent>
         <maintenanceEvent>
            <eventType>revised</eventType>
            <eventDateTime>2014-07-07</eventDateTime>
            <agentType>human</agentType>
            <agent>Florence CLAVAUD</agent>
            <eventDescription/>
         </maintenanceEvent>
         <maintenanceEvent>
            <eventType>revised</eventType>
            <eventDateTime>2015-05-22</eventDateTime>
            <agentType>human</agentType>
            <agent>Catherine MÉROT</agent>
            <eventDescription/>
         </maintenanceEvent>
      </maintenanceHistory>
      <sources>
         <source>
            <descriptiveNote>
               <p>Notice d'autorité BnF n° FRBNF12173355</p>
               <p>Introduction du répertoire numérique du versement 20140520</p>
            </descriptiveNote>
         </source>
      </sources>
   </control>
   <cpfDescription>
      <identity>
         <entityId>ISNI 0000 0001 1130 0322</entityId>
         <entityType>corporateBody</entityType>
         <nameEntry localType="autorisée" scriptCode="Latn" xml:lang="fre">
            <part>Centre national d'études vétérinaires et alimentaires (France)</part>
         </nameEntry>
         <nameEntry>
            <part>CNEVA</part>
         </nameEntry>
      </identity>
      <description>
         <existDates>
            <dateRange>
               <fromDate standardDate="1988-04-29">29 avril 1988</fromDate>
               <toDate standardDate="1999-03-26">26 mars 1999</toDate>
            </dateRange>
         </existDates>
         <legalStatuses>
            <legalStatus>
               <term vocabularySource="d5blonb3ky--u69ytier8ih6">établissement public à caractère administratif</term>
            </legalStatus>
         </legalStatuses>
         <functions>
            <function>
               <term vocabularySource="d5bhviiyko--q661mlo9uy50">santé</term>
            </function>
            <function>
               <term vocabularySource="d5bhvij9kg--1s0ew89cwo2rz">sécurité alimentaire</term>
            </function>
         </functions>
         <mandates>
            <mandate>
               <descriptiveNote>
                  <p>Décret n° 88-478 du 29 avril 1988 (création du CNEVA)</p>
                  <p>Décret n° 99-242 du 26 mars 1999 (création de l'Agence française de sécurité sanitaire des aliments, suppression du CNEVA)</p>
               </descriptiveNote>
            </mandate>
         </mandates>
         <biogHist>
            <p>Le Centre national d’études vétérinaires et alimentaires (CNEVA) est l’héritier des laboratoires nationaux vétérinaires dont le plus prestigieux fut le Laboratoire central de recherches sur les maladies infectieuses des animaux créé à Maisons-Alfort en 1901 et qui s’illustra par les travaux, dans la lignée pastorienne, des professeurs Roux et Nocard puis du professeur Carré sur la fièvre aphteuse et sur la pathologie bovine. Ce dernier prit, par la suite, la dénomination de Laboratoire central de recherches vétérinaires (LCRV).</p>
            <p/>
            <p>Un audit externe conduit par le professeur Parodi à la demande du ministère de l’Agriculture en 1983 eut pour objectif d’analyser l’organisation et le fonctionnement des laboratoires nationaux vétérinaires de l’ancienne direction de la qualité du ministère afin de répondre à leur diversification et à l’imprécision de leurs missions et de leurs programmes de recherche et de faire toute proposition structurelle. Son rapport remis en juin 1984 mit l’accent sur deux constats : d’une part une “ crise d’identité ” des laboratoires et d’autre part une inadaptation de leurs structures administratives, financières et comptables résultant “ d’une absence paralysante d’autonomie ”. La commission résuma ses recommandations à la fin de son rapport en proposant pour les laboratoires “ … des missions élargies mais redéfinies, une structure permettant d’une part de concilier autonomie et autorité et … d’associer des partenaires publics et éventuellement privés, mieux insérer ces laboratoires dans la communauté scientifique, prendre la mesure enfin des conséquences de la décentralisation. ”. Elle préconisa la transformation en établissement public autonome et argumenta la volonté des pouvoirs publics de rendre moins artisanale l’expertise et l’évaluation du risque.</p>
            <p/>
            <p>Après une première tentative de création d’un établissement public à caractère scientifique et technologique (EPST) - INSV / Institut national des sciences vétérinaires en 1985 et CNAVRSQ / Centre national agronomique et vétérinaire de recherche sur la santé et la qualité - le CNEVA vit le jour en 1988 (décret 88-478 du 29 avril 1988). Etablissement public à caractère administratif (EPA) et à vocation scientifique et technique dans le domaine du génie vétérinaire, il fut placé sous la tutelle du Ministère de l’agriculture et sous celle du ministère de la Santé à partir de 1995, date de la création de l’Agence nationale du médicament vétérinaire (ANMV). Le CNEVA devint opérationnel le 1er janvier 1989 en regroupant les neufs laboratoires nationaux vétérinaires existants, à savoir :</p>
            <p>le Laboratoire central de recherches vétérinaires (LCRV) de Maisons-Alfort</p>
            <p>le Laboratoire central d’hygiène alimentaire (LCHA) à Paris créé en 1973</p>
            <p>le Centre national d’études et de recherches pour l’alimentation collective (LERPAC) à Paris créé en 1978.</p>
            <p>le Laboratoire national de pathologie bovine (LPB) à Lyon créé en 1978 et anciennement laboratoire de virologie animale créé en 1952 en annexe de l’Ecole nationale vétérinaire de Lyon pour contrôler les vaccins anti-aphteux.</p>
            <p>le Centre national d’études sur la rage et la pathologie des animaux sauvages (LERPAS) à Nancy créé en 1971.</p>
            <p>le Laboratoire national de pathologie des animaux aquatiques (LPAA) à Brest créé en 1976.</p>
            <p>le Laboratoire national de pathologie des petits ruminants et des abeilles (LPPRA) à Nice/Sophia Antipolis créé en 1951.</p>
            <p>le Laboratoire national de pathologie aviaire (LNPA) à Ploufragan créé en 1969.</p>
            <p>le Laboratoire national des médicaments vétérinaires (LMV) à Fougères créé en 1978.</p>
            <p>Lui furent rattachés par la suite le Centre informatique sur la qualité des aliments (CIQUAL) à Paris, le Laboratoire central de recherche avicole et porcine (LCRAP) de Ploufragan, le Laboratoire d’études sur les produits de la pêche (LEPP) à Boulogne-sur-Mer ainsi que l’Institut de pathologie du cheval (IPC) à Dozulé. Il comptait en outre deux structures associées : la Station régionale de pathologie caprine (SRPC) à Niort et l’unité de virologie bovine (LPB) de l’Ecole nationale vétérinaire de Toulouse.</p>
            <p/>
            <p>Le CNEVA avait pour principale mission d'apporter l'appui scientifique et technique nécessaire à l'élaboration, l'application et l'évaluation des mesures prises par les pouvoirs publics dans le domaine de la santé animale et de la qualité des l'alimentation liée à la consommation de denrées d'origine animale. Il contribuait en outre à la mise en œuvre de programmes tendant à la protection sanitaire et à la salubrité alimentaire, à la conception et utilisation de nouvelles techniques, à l'établissement de normes applicables aux aliments pour valoriser leur qualité (voir bibliographie ci-dessous : décret n°88-478 du 29 avril 1988).</p>
            <p/>
            <p>Le CNEVA fut intégré à l'Agence française de sécurité sanitaire des aliments (AFSSA) en 1998.</p>
         </biogHist>
      </description>
      <relations>
         <cpfRelation xmlns:xlink="http://www.w3.org/1999/xlink"
                      cpfRelationType="temporal-later"
                      xlink:href="FRAN_NP_009020"
                      xlink:type="simple">
            <relationEntry>Agence française de sécurité sanitaire des aliments</relationEntry>
            <dateRange>
               <fromDate standardDate="1999-03-26">26 mars 1999</fromDate>
            </dateRange>
         </cpfRelation>
         <cpfRelation xmlns:xlink="http://www.w3.org/1999/xlink"
                      cpfRelationType="hierarchical-parent"
                      xlink:href="FRAN_NP_000004"
                      xlink:type="simple">
            <relationEntry>Ministère de l'Agriculture</relationEntry>
            <dateRange>
               <fromDate standardDate="1988-04-29">29 avril 1988</fromDate>
               <toDate standardDate="1999-03-26">26 mars 1999</toDate>
            </dateRange>
         </cpfRelation>
         <cpfRelation xmlns:xlink="http://www.w3.org/1999/xlink"
                      cpfRelationType="associative"
                      xlink:href="FRAN_NP_004951"
                      xlink:type="simple">
            <relationEntry>Ministère de l'Emploi et de la Solidarité</relationEntry>
            <dateRange>
               <fromDate standardDate="1997-06-04">4 juin 1997</fromDate>
               <toDate standardDate="1999-03-26">26 mars 1999</toDate>
            </dateRange>
         </cpfRelation>
      </relations>
   </cpfDescription>
</eac-cpf>
