<eac-cpf xmlns="urn:isbn:1-931666-33-4"
         xmlns:xsi="http://www.w3.org/2001/XMLSchema-instance"
         xsi:schemaLocation="urn:isbn:1-931666-33-4 cpf.xsd">
   <control>
      <recordId>FRAN_NP_005236</recordId>
      <otherRecordId localType="Ancien_identifiant">5109/RMN</otherRecordId>
      <maintenanceStatus>revised</maintenanceStatus>
      <maintenanceAgency>
         <agencyName>Archives nationales de France</agencyName>
      </maintenanceAgency>
      <languageDeclaration>
         <language languageCode="fre">Français</language>
         <script scriptCode="Latn"/>
      </languageDeclaration>
      <conventionDeclaration>
         <citation>Notice établie conformément à la norme ICA-ISAAR (CPF) 2004, aux normes ISO 8601 pour le système de normalisation des dates utilisé, ainsi que AFNOR NF Z 44-061, juin 1986. Catalogage : forme et structure des vedettes noms de personne, des vedettes titres, des rubriques de classement et des titres forgés.</citation>
      </conventionDeclaration>
      <localControl localType="niveau_de_detail">
         <term>Moyenne</term>
      </localControl>
      <maintenanceHistory>
         <maintenanceEvent>
            <eventType>derived</eventType>
            <eventDateTime>2013-04-23</eventDateTime>
            <agentType>machine</agentType>
            <agent>Import_SIA</agent>
         </maintenanceEvent>
         <maintenanceEvent>
            <eventType>revised</eventType>
            <eventDateTime>2013-07-30</eventDateTime>
            <agentType>human</agentType>
            <agent>Blandine WAGNER</agent>
            <eventDescription>Anciens identifiants : 5109/RMN, 5103/RMN</eventDescription>
         </maintenanceEvent>
         <maintenanceEvent>
            <eventType>revised</eventType>
            <eventDateTime>2015-05-22</eventDateTime>
            <agentType>human</agentType>
            <agent>Pascal RIVIALE</agent>
            <eventDescription>F. Clavaud, 22 mai 2015 : revu liens IR et descripteur fonction</eventDescription>
         </maintenanceEvent>
         <maintenanceEvent>
            <eventType>revised</eventType>
            <eventDateTime>2015-12-04</eventDateTime>
            <agentType>human</agentType>
            <agent>Pascal RIVIALE</agent>
         </maintenanceEvent>
      </maintenanceHistory>
      <sources>
         <source>
            <descriptiveNote>
               <p>Historique d'après l'introduction de l'IR 20144660</p>
               <p>Notice BnF n° FRBNF16272563</p>
            </descriptiveNote>
         </source>
      </sources>
   </control>
   <cpfDescription>
      <identity>
         <entityId>ISNI 0000 0001 2116 9380</entityId>
         <entityType>corporateBody</entityType>
         <nameEntry localType="autorisée" scriptCode="Latn" xml:lang="fre">
            <part>Établissement public de la Réunion des musées nationaux et du Grand Palais des Champs-Élysées (France)</part>
         </nameEntry>
         <nameEntry>
            <part>RMN-Grand Palais</part>
            <useDates>
               <dateRange>
                  <fromDate standardDate="2011-01-01">2011</fromDate>
               </dateRange>
            </useDates>
         </nameEntry>
         <nameEntry>
            <part>Réunion des musées nationaux (RMN)</part>
            <useDates>
               <dateRange>
                  <fromDate standardDate="1896-01-01">1896</fromDate>
                  <toDate standardDate="2011-12-31">2011</toDate>
               </dateRange>
            </useDates>
         </nameEntry>
      </identity>
      <description>
         <existDates>
            <dateRange>
               <fromDate standardDate="1896-01-01">1896</fromDate>
            </dateRange>
         </existDates>
         <legalStatuses>
            <legalStatus>
               <term vocabularySource="d5blokqfd8--191myac7ayrnr">établissement public à caractère industriel et commercial</term>
            </legalStatus>
         </legalStatuses>
         <functions>
            <function>
               <term vocabularySource="d5bhviikk9--y6te63k761ib">culture</term>
               <descriptiveNote>
                  <p>acquisition d'oeuvres pour les musées français édition et valorisation</p>
               </descriptiveNote>
            </function>
         </functions>
         <mandates>
            <mandate>
               <descriptiveNote>
                  <p> Décret de création de l'Établissement public de la Réunion des musées nationaux et du Grand Palais des Champs-Élysées 2011-52 du 13 janvier 2011</p>
               </descriptiveNote>
            </mandate>
         </mandates>
         <biogHist>
            <p>La Réunion des musées nationaux (RMN) est un organisme créé par la loi de finances du 16 avril 1895 (art.52-56). Cette loi a pour objet de doter la Réunion des musées nationaux de la personnalité civile (voir J.O. du 16 janvier 1896).</p>
            <p>La RMN est administrée par le Directeur des Musées nationaux, assisté d’un conseil administratif et d’un conseil artistique. Le premier vote le budget, contrôle le service commercial et gère le patrimoine de la RMN, tandis que le second est consulté sur les acquisitions destinées aux musées nationaux et fixe le montant des crédits alloués pour ces acquisitions après avis du comité des conservateurs.</p>
            <p>Les ressources de la RMN sont constituées par les dons et legs, les souscriptions, les budgets alloués par l’état, le produit de vente par les musées, le produit des expositions et des diverses activités culturelles. Le budget de la RMN est préparé par le Directeur des musées nationaux ; les opérations sont soumises à un contrôle et les recettes sont dirigées par un agent comptable qui dépend du ministère des Finances. Les services commerciaux sont constitués en régie intéressée. Celle-ci est placée sous l’autorité du Conseil de la RMN et du Directeur des musées nationaux. Une loi de finances datant de 1921 fixe le droit d’entrée dans les musées, le produit de ces taxes est versé à la caisse des Musées nationaux. En 1926, une première d’organisation administrative émerge. Les équipes se composent de secrétaires et de comptables. La direction de la RMN est confiée au secrétaire général des musées nationaux. Les fonctionnaires sont détachés de la Direction des musées nationaux. En 1940 la RMN étoffe ses services et paie elle-même les traitements de ses fonctionnaires.</p>
            <p>En 1947, un chef des services administratifs est nommé à la tête de la RMN. Il est assisté d’un secrétaire et d’un comptable. Tous sont détachés par le ministère des Finances et donc indépendants des comptables de la Direction des musées nationaux. Un service des expositions est également créée à l’occasion de cette réorganisation.</p>
            <p>En 1968, le nombre de services s’accroît pour atteindre le nombre de 5 : service administratif, service des œuvres d’art, service d’action culturelle, service des expositions, services commerciaux. L’ensemble de ces services est dirigé et coordonné par un administrateur-délégué. L’agent-comptable est nommé par le ministère des Finances et détaché dans les musées.</p>
            <p>La RMN est transformée en établissement public à caractère industriel et commercial par décret du 14 novembre 1990. Elle conserve dans ses missions l’acquisition des œuvres d'art destinées à enrichir les collections nationales. Aujourd’hui elle est devenue l'un des premiers éditeurs en France d'ouvrages et de reproductions, grâce au développement de ses missions de diffusion culturelle notamment à travers l'organisation de grandes expositions. Elle gère les espaces commerciaux et édite les guides et catalogues de plusieurs musées de région (Grenoble, Lyon, Rouen…). Les recettes de la RMN proviennent de la perception, en partie, du droit d’entrée dans trente-trois musées nationaux, et du résultat de ses activités commerciales.</p>
         </biogHist>
      </description>
      <relations>
         <cpfRelation xmlns:xlink="http://www.w3.org/1999/xlink"
                      cpfRelationType="hierarchical-parent"
                      xlink:href="FRAN_NP_000005"
                      xlink:type="simple">
            <relationEntry>Ministère de la Culture et de la Communication</relationEntry>
            <dateRange>
               <fromDate standardDate="1959-02-03">3 février 1959</fromDate>
               <toDate/>
            </dateRange>
         </cpfRelation>
         <cpfRelation xmlns:xlink="http://www.w3.org/1999/xlink"
                      cpfRelationType="associative"
                      xlink:href="FRAN_NP_050981"
                      xlink:type="simple">
            <relationEntry>France. Direction des musées nationaux (1889-1944)</relationEntry>
            <dateRange>
               <fromDate standardDate="1896-01-01">1896</fromDate>
               <toDate standardDate="1944-12-31">1944</toDate>
            </dateRange>
         </cpfRelation>
         <cpfRelation xmlns:xlink="http://www.w3.org/1999/xlink"
                      cpfRelationType="temporal-earlier"
                      xlink:href="FRAN_NP_005221"
                      xlink:type="simple">
            <relationEntry>Galeries nationales du Grand Palais (Paris)</relationEntry>
            <dateRange>
               <fromDate standardDate="2011-01-01">2011</fromDate>
            </dateRange>
         </cpfRelation>
         <cpfRelation xmlns:xlink="http://www.w3.org/1999/xlink"
                      cpfRelationType="associative"
                      xlink:href="FRAN_NP_050974"
                      xlink:type="simple">
            <relationEntry>Musée du Luxembourg (Paris ; 1979-....)</relationEntry>
            <dateRange>
               <fromDate standardDate="2010-01-01">2010</fromDate>
            </dateRange>
            <descriptiveNote>
               <p>
      le Sénat délègue la gestion du musée du Luxembourg à la RMN en 2010 
    </p>
            </descriptiveNote>
         </cpfRelation>
         <cpfRelation xmlns:xlink="http://www.w3.org/1999/xlink"
                      cpfRelationType="associative"
                      xlink:href="FRAN_NP_005437"
                      xlink:type="simple">
            <relationEntry>Direction générale des patrimoines</relationEntry>
            <dateRange>
               <fromDate standardDate="2010-01-01">2010</fromDate>
               <toDate/>
            </dateRange>
         </cpfRelation>
         <resourceRelation xmlns:xlink="http://www.w3.org/1999/xlink"
                           resourceRelationType="creatorOf"
                           xlink:href="FRAN_IR_053957"
                           xlink:type="simple">
            <relationEntry localType="archival">Archives des musées nationaux Comptabilité de la réunion des musées nationaux (Série NN)</relationEntry>
         </resourceRelation>
         <resourceRelation xmlns:xlink="http://www.w3.org/1999/xlink"
                           resourceRelationType="creatorOf"
                           xlink:href="FRAN_IR_008992"
                           xlink:type="simple">
            <relationEntry localType="archival">Culture ; Direction des musées de France ; Réunion des musées nationaux (1919-1992)</relationEntry>
         </resourceRelation>
         <resourceRelation xmlns:xlink="http://www.w3.org/1999/xlink"
                           resourceRelationType="creatorOf"
                           xlink:href="FRAN_IR_019311"
                           xlink:type="simple">
            <relationEntry localType="archival">Culture ; Direction des musées de France ; Réunion des musées nationaux (1984-1993)</relationEntry>
         </resourceRelation>
         <resourceRelation xmlns:xlink="http://www.w3.org/1999/xlink"
                           resourceRelationType="creatorOf"
                           xlink:href="FRAN_IR_009464"
                           xlink:type="simple">
            <relationEntry localType="archival">Culture ; Direction des musées de France ; Réunion des musées nationaux (1992)</relationEntry>
         </resourceRelation>
         <resourceRelation xmlns:xlink="http://www.w3.org/1999/xlink"
                           resourceRelationType="creatorOf"
                           xlink:href="FRAN_IR_019168"
                           xlink:type="simple">
            <relationEntry localType="archival">Culture ; Direction des musées de France ; Réunion des musées nationaux (1997)</relationEntry>
         </resourceRelation>
         <resourceRelation xmlns:xlink="http://www.w3.org/1999/xlink"
                           resourceRelationType="creatorOf"
                           xlink:href="FRAN_IR_010002"
                           xlink:type="simple">
            <relationEntry localType="archival">Culture ; Direction des musées de France ; Réunion des musées nationaux (1963-1996)</relationEntry>
         </resourceRelation>
         <resourceRelation xmlns:xlink="http://www.w3.org/1999/xlink"
                           resourceRelationType="creatorOf"
                           xlink:href="FRAN_IR_010003"
                           xlink:type="simple">
            <relationEntry localType="archival">Culture ; Direction des musées de France ; Réunion des musées nationaux (1983-1998)</relationEntry>
         </resourceRelation>
         <resourceRelation xmlns:xlink="http://www.w3.org/1999/xlink"
                           resourceRelationType="creatorOf"
                           xlink:href="FRAN_IR_016216"
                           xlink:type="simple">
            <relationEntry localType="archival">Culture ; Direction des musées de France ; Réunion des musées nationaux (1985-1999)</relationEntry>
         </resourceRelation>
         <resourceRelation xmlns:xlink="http://www.w3.org/1999/xlink"
                           resourceRelationType="creatorOf"
                           xlink:href="FRAN_IR_013787"
                           xlink:type="simple">
            <relationEntry localType="archival">Culture ; Direction des musées de France ; Réunion des musées nationaux (1988-2000)</relationEntry>
         </resourceRelation>
         <resourceRelation xmlns:xlink="http://www.w3.org/1999/xlink"
                           resourceRelationType="creatorOf"
                           xlink:href="FRAN_IR_054017"
                           xlink:type="simple">
            <relationEntry localType="archival">Archives des musées nationaux Réunion des musées nationaux, service des œuvres d'art (sous-série 2CC)</relationEntry>
         </resourceRelation>
         <resourceRelation xmlns:xlink="http://www.w3.org/1999/xlink"
                           resourceRelationType="creatorOf"
                           xlink:href="FRAN_IR_053938"
                           xlink:type="simple">
            <relationEntry localType="archival">Archives des musées nationaux - Réunion des musées nationaux (série
          CC)</relationEntry>
         </resourceRelation>
         <resourceRelation xmlns:xlink="http://www.w3.org/1999/xlink"
                           resourceRelationType="creatorOf"
                           xlink:href="FRAN_IR_054022"
                           xlink:type="simple">
            <relationEntry localType="archival">Archives des musées nationaux Réunion des musées nationaux, services techniques et commerciaux (sous-série 5CC), service de presse (sous-série 7CC), service des publications (sous-série 8CC), registres (sous série *CC, *2CC, *30CC)</relationEntry>
         </resourceRelation>
         <resourceRelation xmlns:xlink="http://www.w3.org/1999/xlink"
                           resourceRelationType="creatorOf"
                           xlink:href="FRAN_IR_054020"
                           xlink:type="simple">
            <relationEntry localType="archival">Archives des musées nationaux, service des expositions de la Réunion des musées nationaux (Sous-série 4CC)</relationEntry>
         </resourceRelation>
      </relations>
   </cpfDescription>
</eac-cpf>
