<eac-cpf xmlns="urn:isbn:1-931666-33-4"
         xmlns:xsi="http://www.w3.org/2001/XMLSchema-instance"
         xsi:schemaLocation="urn:isbn:1-931666-33-4 cpf.xsd">
   <control>
      <recordId>FRAN_NP_010403</recordId>
      <otherRecordId localType="Ancien_identifiant">FRDAFANCH00MC_NANOTAIRE00107</otherRecordId>
      <maintenanceStatus>revised</maintenanceStatus>
      <maintenanceAgency>
         <agencyName>Archives nationales de France</agencyName>
      </maintenanceAgency>
      <languageDeclaration>
         <language languageCode="fre">Français</language>
         <script scriptCode="Latn"/>
      </languageDeclaration>
      <conventionDeclaration>
         <citation>Notice établie conformément à la norme ICA-ISAAR (CPF) 2004, aux normes ISO 8601 pour le système de normalisation des dates utilisé, ainsi que AFNOR NF Z 44-061, juin 1986. Catalogage : forme et structure des vedettes noms de personne, des vedettes titres, des rubriques de classement et des titres forgés.</citation>
      </conventionDeclaration>
      <localControl localType="niveau_de_detail">
         <term>Moyenne</term>
      </localControl>
      <maintenanceHistory>
         <maintenanceEvent>
            <eventType>derived</eventType>
            <eventDateTime>2013-04-23</eventDateTime>
            <agentType>machine</agentType>
            <agent>Migration ETANOT</agent>
         </maintenanceEvent>
         <maintenanceEvent>
            <eventType>revised</eventType>
            <eventDateTime>2015-11-13</eventDateTime>
            <agentType>human</agentType>
            <agent>Marie-Françoise LIMON-BONNET</agent>
            <eventDescription>F. Clavaud, 13 novembre 2015 : ajouté activité</eventDescription>
         </maintenanceEvent>
         <maintenanceEvent>
            <eventType>revised</eventType>
            <eventDateTime>2016-01-11</eventDateTime>
            <agentType>human</agentType>
            <agent>Marie-Françoise LIMON-BONNET</agent>
            <eventDescription>F. Clavaud, 11 janvier 2016 : supprimé un lien IR</eventDescription>
         </maintenanceEvent>
         <maintenanceEvent>
            <eventType>revised</eventType>
            <eventDateTime>2017-03-23</eventDateTime>
            <agentType>human</agentType>
            <agent>Marie-Françoise LIMON-BONNET</agent>
         </maintenanceEvent>
         <maintenanceEvent>
            <eventType>updated</eventType>
            <eventDateTime>2017-04-05</eventDateTime>
            <agentType>human</agentType>
            <agent>Marie-Françoise LIMON-BONNET</agent>
            <eventDescription>Chère Florence, Peux-tu me dire si ma façon de remplir, notamment sur les dates, est désormais conforme à tes prescriptions de ton me du 20 mars 2017 ? Merci à toi MF</eventDescription>
         </maintenanceEvent>
      </maintenanceHistory>
   </control>
   <cpfDescription>
      <identity>
         <entityType>person</entityType>
         <nameEntry localType="autorisée" scriptCode="Latn" xml:lang="fre">
            <part>Tansard, Eugène (18..-1902)</part>
         </nameEntry>
      </identity>
      <description>
         <existDates>
            <dateRange>
               <fromDate standardDate="1875-02-11">11 février 1875</fromDate>
               <toDate standardDate="1901-12-11">11 décembre 1901</toDate>
            </dateRange>
            <descriptiveNote>
               <p>Les dates indiquées sont les dates d'exercice de la personne en tant que notaire.</p>
            </descriptiveNote>
         </existDates>
         <places>
            <place>
               <placeRole>Lieu de Paris</placeRole>
               <placeEntry localType="nomLieu">5, rue du Grenier-Saint-Lazare</placeEntry>
               <placeEntry localType="arrondissement_actuel"
                           vocabularySource="d3nyv8gloo-1mqax06e8pe1d">03e arrondissement</placeEntry>
               <placeEntry localType="voie" vocabularySource="d3nzb9v9vx-118739bjcbzf7">Grenier-Saint-Lazare (rue du)</placeEntry>
            </place>
            <place>
               <placeRole>Lieu de Paris</placeRole>
               <placeEntry localType="nomLieu">65, rue de Turbigo</placeEntry>
               <placeEntry localType="arrondissement_actuel"
                           vocabularySource="d3nyv8gloo-1mqax06e8pe1d">03e arrondissement</placeEntry>
               <placeEntry localType="voie" vocabularySource="d3nzdln8u4--1628swume55kq">Turbigo (rue de)</placeEntry>
            </place>
         </places>
         <functions>
            <function>
               <term vocabularySource="d3nyui3o8w--11y7jgy8q3wnt">notaire à Paris</term>
               <dateRange>
                  <fromDate standardDate="1875-02-11">11 février 1875</fromDate>
                  <toDate standardDate="1901-12-11">11 décembre 1901</toDate>
               </dateRange>
            </function>
         </functions>
         <occupations>
            <occupation>
               <term vocabularySource="d3nyu9x713-9kcjiv44l4wh">notaire</term>
               <dateRange>
                  <fromDate standardDate="1875-02-11">11 février 1875</fromDate>
                  <toDate standardDate="1901-12-11">11 décembre 1901</toDate>
               </dateRange>
            </occupation>
         </occupations>
         <biogHist>
            <p>Eugène Tansard est mort à Neuilly-sur-Seine le 20 avril 1902 (MC/RE/XCIV/22, état des minutes en déficit). Son fils, René Tansard, lui avait succédé dès décembre 1901. Marié avec Victorine Georgette Angèle Lisbach, Eugène Tansard a, outre ce fils, au moment de son décès, trois autres enfants :</p>
            <p>- Marie Tansard, mariée</p>
            <p>- André Tansard, docteur en médecine</p>
            <p>- Henri Tansard, étudiant en droit.</p>
            <p>Sa veuve, rentière, habite 43, rue de Berlin.</p>
         </biogHist>
      </description>
      <relations>
         <cpfRelation xmlns:xlink="http://www.w3.org/1999/xlink"
                      cpfRelationType="family"
                      xlink:href="FRAN_NP_010405"
                      xlink:type="simple">
            <relationEntry>Tansard, René</relationEntry>
            <descriptiveNote>
               <p> René Tansard, fils d'Eugène Tansard. </p>
            </descriptiveNote>
         </cpfRelation>
         <cpfRelation xmlns:xlink="http://www.w3.org/1999/xlink"
                      cpfRelationType="associative"
                      xlink:href="FRAN_NP_010221"
                      xlink:type="simple">
            <relationEntry>Etude notariale XCIV</relationEntry>
            <dateRange>
               <fromDate standardDate="1875-02-11">11 février 1875</fromDate>
               <toDate standardDate="1901-12-11">11 décembre 1901</toDate>
            </dateRange>
         </cpfRelation>
         <resourceRelation xmlns:xlink="http://www.w3.org/1999/xlink"
                           resourceRelationType="creatorOf"
                           xlink:href="FRAN_IR_042986"
                           xlink:type="simple">
            <relationEntry localType="archival">Minutes et répertoires du notaire Eugène TANSARD, 11 février 1875 - 11 décembre 1901 (étude XCIV)</relationEntry>
         </resourceRelation>
         <resourceRelation xmlns:xlink="http://www.w3.org/1999/xlink"
                           resourceRelationType="creatorOf"
                           xlink:href="FRAN_IR_055553"
                           xlink:type="simple">
            <relationEntry localType="archival">Images des répertoires du notaire Eugène Tansard pour l'étude XCIV</relationEntry>
         </resourceRelation>
      </relations>
   </cpfDescription>
</eac-cpf>
