<eac-cpf xmlns="urn:isbn:1-931666-33-4"
         xmlns:xsi="http://www.w3.org/2001/XMLSchema-instance"
         xsi:schemaLocation="urn:isbn:1-931666-33-4 cpf.xsd">
   <control>
      <recordId>FRAN_NP_010208</recordId>
      <otherRecordId localType="Ancien_identifiant">FRDAFANCH00MC_NAETUDE_081</otherRecordId>
      <maintenanceStatus>derived</maintenanceStatus>
      <maintenanceAgency>
         <agencyName>Archives nationales de France</agencyName>
      </maintenanceAgency>
      <languageDeclaration>
         <language languageCode="fre">Français</language>
         <script scriptCode="Latn"/>
      </languageDeclaration>
      <conventionDeclaration>
         <citation>Notice établie conformément à la norme ICA-ISAAR (CPF) 2004, aux normes ISO 8601 pour le système de normalisation des dates utilisé, ainsi que AFNOR NF Z 44-061, juin 1986. Catalogage : forme et structure des vedettes noms de personne, des vedettes titres, des rubriques de classement et des titres forgés.</citation>
      </conventionDeclaration>
      <localControl localType="niveau_de_detail">
         <term>Moyenne</term>
      </localControl>
      <maintenanceHistory>
         <maintenanceEvent>
            <eventType>derived</eventType>
            <eventDateTime>2015-09-30</eventDateTime>
            <agentType>machine</agentType>
            <agent>Migration ETANOT</agent>
         </maintenanceEvent>
      </maintenanceHistory>
   </control>
   <cpfDescription>
      <identity>
         <entityType>corporateBody</entityType>
         <nameEntry localType="autorisée" scriptCode="Latn" xml:lang="fre">
            <part>Etude LXXXI</part>
         </nameEntry>
         <nameEntry>
            <part>75054</part>
         </nameEntry>
      </identity>
      <description>
         <existDates>
            <dateRange>
               <fromDate standardDate="1631-01-01">1631</fromDate>
            </dateRange>
         </existDates>
         <places>
            <place>
               <placeRole>Lieu de Paris</placeRole>
               <placeEntry localType="nomLieu">15, avenue Victor Hugo, 75116 PARIS</placeEntry>
            </place>
         </places>
         <functions>
            <function>
               <term vocabularySource="d3nyui3o8w--11y7jgy8q3wnt">notaire à paris</term>
               <dateRange>
                  <fromDate standardDate="1631-01-01">1631</fromDate>
                  <toDate/>
               </dateRange>
            </function>
         </functions>
         <biogHist>
            <p>Étude itinérante. Elle est rue Comtesse d'Artois au XVIIème siècle. Puis, de 1692 à 1735, sur l'île Notre-Dame. Elle revient rue Saint-Denis dans la seconde moitié du XVIIIème siècle. Sous l'Empire, elle est rue des fossés Saint-Germain-l'Auxerrois et sous la Restauration, rue Montmartre. Elle y reste jusqu'en 1867, date à laquelle elle déménage place de la Bourse où elle demeure jusqu'à la fin du XIXème siècle.</p>
         </biogHist>
      </description>
      <relations>
         <cpfRelation xmlns:xlink="http://www.w3.org/1999/xlink"
                      cpfRelationType="associative"
                      xlink:href="FRAN_NP_010369"
                      xlink:type="simple">
            <relationEntry>Vie, Patrice</relationEntry>
            <dateRange>
               <fromDate standardDate="1999-05-19">19 mai 1999</fromDate>
            </dateRange>
         </cpfRelation>
         <cpfRelation xmlns:xlink="http://www.w3.org/1999/xlink"
                      cpfRelationType="associative"
                      xlink:href="FRAN_NP_010871"
                      xlink:type="simple">
            <relationEntry>Peloni, Alain</relationEntry>
            <dateRange>
               <fromDate standardDate="1979-01-03">3 janvier 1979</fromDate>
               <toDate standardDate="2000-12-20">20 décembre 2000</toDate>
            </dateRange>
         </cpfRelation>
         <cpfRelation xmlns:xlink="http://www.w3.org/1999/xlink"
                      cpfRelationType="associative"
                      xlink:href="FRAN_NP_010941"
                      xlink:type="simple">
            <relationEntry>Pioger, Charles</relationEntry>
            <dateRange>
               <fromDate standardDate="1692-08-14">14 août 1692</fromDate>
               <toDate standardDate="1713-12-13">13 décembre 1713</toDate>
            </dateRange>
         </cpfRelation>
         <cpfRelation xmlns:xlink="http://www.w3.org/1999/xlink"
                      cpfRelationType="associative"
                      xlink:href="FRAN_NP_010957"
                      xlink:type="simple">
            <relationEntry>Ploix, François-Adolphe</relationEntry>
            <dateRange>
               <fromDate standardDate="1869-05-04">4 mai 1869</fromDate>
               <toDate standardDate="1884-01-02">2 janvier 1884</toDate>
            </dateRange>
         </cpfRelation>
         <cpfRelation xmlns:xlink="http://www.w3.org/1999/xlink"
                      cpfRelationType="associative"
                      xlink:href="FRAN_NP_013209"
                      xlink:type="simple">
            <relationEntry>Pollaci, Laurent</relationEntry>
            <dateRange>
               <fromDate standardDate="2001-01-10">10 janvier 2001</fromDate>
            </dateRange>
         </cpfRelation>
         <cpfRelation xmlns:xlink="http://www.w3.org/1999/xlink"
                      cpfRelationType="associative"
                      xlink:href="FRAN_NP_011951"
                      xlink:type="simple">
            <relationEntry>Gouvion, François</relationEntry>
            <dateRange>
               <fromDate standardDate="1735-04-19">19 avril 1735</fromDate>
               <toDate standardDate="1755-05-12">12 mai 1755</toDate>
            </dateRange>
         </cpfRelation>
         <cpfRelation xmlns:xlink="http://www.w3.org/1999/xlink"
                      cpfRelationType="associative"
                      xlink:href="FRAN_NP_011922"
                      xlink:type="simple">
            <relationEntry>Gittard, Louis</relationEntry>
            <dateRange>
               <fromDate standardDate="1781-11-06">6 novembre 1781</fromDate>
               <toDate standardDate="1799-05-22">22 mai 1799</toDate>
            </dateRange>
         </cpfRelation>
         <cpfRelation xmlns:xlink="http://www.w3.org/1999/xlink"
                      cpfRelationType="associative"
                      xlink:href="FRAN_NP_010740"
                      xlink:type="simple">
            <relationEntry>Roussel, Gilles</relationEntry>
            <dateRange>
               <fromDate standardDate="1656-12-15">15 décembre 1656</fromDate>
               <toDate standardDate="1692-08-09">9 août 1692</toDate>
            </dateRange>
         </cpfRelation>
         <cpfRelation xmlns:xlink="http://www.w3.org/1999/xlink"
                      cpfRelationType="associative"
                      xlink:href="FRAN_NP_011857"
                      xlink:type="simple">
            <relationEntry>Gastaldi, Guillaume</relationEntry>
            <dateRange>
               <fromDate standardDate="1982-06-16">16 juin 1982</fromDate>
               <toDate standardDate="2006-04-14">14 avril 2006</toDate>
            </dateRange>
         </cpfRelation>
         <cpfRelation xmlns:xlink="http://www.w3.org/1999/xlink"
                      cpfRelationType="associative"
                      xlink:href="FRAN_NP_011859"
                      xlink:type="simple">
            <relationEntry>Gastaldi, René Camille William</relationEntry>
            <dateRange>
               <fromDate standardDate="1921-12-31">31 décembre 1921</fromDate>
               <toDate standardDate="1953-07-21">21 juillet 1953</toDate>
            </dateRange>
         </cpfRelation>
         <cpfRelation xmlns:xlink="http://www.w3.org/1999/xlink"
                      cpfRelationType="associative"
                      xlink:href="FRAN_NP_013125"
                      xlink:type="simple">
            <relationEntry>Andry, Pierre-André</relationEntry>
            <dateRange>
               <fromDate standardDate="1830-05-04">4 mai 1830</fromDate>
               <toDate standardDate="1849-10-26">26 octobre 1849</toDate>
            </dateRange>
         </cpfRelation>
         <cpfRelation xmlns:xlink="http://www.w3.org/1999/xlink"
                      cpfRelationType="associative"
                      xlink:href="FRAN_NP_012030"
                      xlink:type="simple">
            <relationEntry>Fauconnier, Anne-Geoffroy</relationEntry>
            <dateRange>
               <fromDate standardDate="1724-12-05">5 décembre 1724</fromDate>
               <toDate standardDate="1735-04-17">17 avril 1735</toDate>
            </dateRange>
         </cpfRelation>
         <cpfRelation xmlns:xlink="http://www.w3.org/1999/xlink"
                      cpfRelationType="associative"
                      xlink:href="FRAN_NP_011858"
                      xlink:type="simple">
            <relationEntry>Gastaldi, Jérôme Marie Noël</relationEntry>
            <dateRange>
               <fromDate standardDate="1953-07-21">21 juillet 1953</fromDate>
               <toDate standardDate="1979-01-03">3 janvier 1979</toDate>
            </dateRange>
         </cpfRelation>
         <cpfRelation xmlns:xlink="http://www.w3.org/1999/xlink"
                      cpfRelationType="associative"
                      xlink:href="FRAN_NP_011856"
                      xlink:type="simple">
            <relationEntry>Gastaldi, Eugène-Félix Willams</relationEntry>
            <dateRange>
               <fromDate standardDate="1884-01-02">2 janvier 1884</fromDate>
               <toDate standardDate="1921-12-31">31 décembre 1921</toDate>
            </dateRange>
         </cpfRelation>
         <cpfRelation xmlns:xlink="http://www.w3.org/1999/xlink"
                      cpfRelationType="associative"
                      xlink:href="FRAN_NP_010741"
                      xlink:type="simple">
            <relationEntry>Roussel, Jacques I</relationEntry>
            <dateRange>
               <fromDate standardDate="1631-01-01">1er janvier 1631</fromDate>
               <toDate standardDate="1656-12-14">14 décembre 1656</toDate>
            </dateRange>
         </cpfRelation>
         <cpfRelation xmlns:xlink="http://www.w3.org/1999/xlink"
                      cpfRelationType="associative"
                      xlink:href="FRAN_NP_011884"
                      xlink:type="simple">
            <relationEntry>Gérin, Pierre-Stanislas</relationEntry>
            <dateRange>
               <fromDate standardDate="1856-01-15">15 janvier 1856</fromDate>
               <toDate standardDate="1869-05-04">4 mai 1869</toDate>
            </dateRange>
         </cpfRelation>
         <cpfRelation xmlns:xlink="http://www.w3.org/1999/xlink"
                      cpfRelationType="associative"
                      xlink:href="FRAN_NP_013404"
                      xlink:type="simple">
            <relationEntry>Dourneau, Jérôme</relationEntry>
            <dateRange>
               <fromDate standardDate="2008-05-28">28 mai 2008</fromDate>
            </dateRange>
         </cpfRelation>
         <cpfRelation xmlns:xlink="http://www.w3.org/1999/xlink"
                      cpfRelationType="associative"
                      xlink:href="FRAN_NP_011213"
                      xlink:type="simple">
            <relationEntry>Morand, Louis</relationEntry>
            <dateRange>
               <fromDate standardDate="1713-02-16">16 février 1713</fromDate>
               <toDate standardDate="1724-12-04">4 décembre 1724</toDate>
            </dateRange>
         </cpfRelation>
         <cpfRelation xmlns:xlink="http://www.w3.org/1999/xlink"
                      cpfRelationType="associative"
                      xlink:href="FRAN_NP_010978"
                      xlink:type="simple">
            <relationEntry>Porchon de bonval, André-Jacques</relationEntry>
            <dateRange>
               <fromDate standardDate="1771-11-05">5 novembre 1771</fromDate>
               <toDate standardDate="1781-11-05">5 novembre 1781</toDate>
            </dateRange>
         </cpfRelation>
         <cpfRelation xmlns:xlink="http://www.w3.org/1999/xlink"
                      cpfRelationType="associative"
                      xlink:href="FRAN_NP_011666"
                      xlink:type="simple">
            <relationEntry>Jairsain, Etienne</relationEntry>
            <dateRange>
               <fromDate standardDate="1755-05-13">13 mai 1755</fromDate>
               <toDate standardDate="1771-10-26">26 octobre 1771</toDate>
            </dateRange>
         </cpfRelation>
         <cpfRelation xmlns:xlink="http://www.w3.org/1999/xlink"
                      cpfRelationType="associative"
                      xlink:href="FRAN_NP_012134"
                      xlink:type="simple">
            <relationEntry>Estier, Charles</relationEntry>
            <dateRange>
               <fromDate standardDate="1799-05-22">22 mai 1799</fromDate>
               <toDate standardDate="1819-07-02">2 juillet 1819</toDate>
            </dateRange>
         </cpfRelation>
         <cpfRelation xmlns:xlink="http://www.w3.org/1999/xlink"
                      cpfRelationType="associative"
                      xlink:href="FRAN_NP_012335"
                      xlink:type="simple">
            <relationEntry>Delagrevol, Edme-Maximilien</relationEntry>
            <dateRange>
               <fromDate standardDate="1849-10-26">26 octobre 1849</fromDate>
               <toDate standardDate="1856-01-15">15 janvier 1856</toDate>
            </dateRange>
         </cpfRelation>
         <cpfRelation xmlns:xlink="http://www.w3.org/1999/xlink"
                      cpfRelationType="associative"
                      xlink:href="FRAN_NP_012336"
                      xlink:type="simple">
            <relationEntry>Delamotte, Edilbert</relationEntry>
            <dateRange>
               <fromDate standardDate="1819-07-02">2 juillet 1819</fromDate>
               <toDate standardDate="1830-05-04">4 mai 1830</toDate>
            </dateRange>
         </cpfRelation>
         <resourceRelation xmlns:xlink="http://www.w3.org/1999/xlink"
                           resourceRelationType="subjectOf"
                           xlink:href="FRAN_IR_042746"
                           xlink:type="simple">
            <relationEntry localType="archival">Minutes et répertoires du notaire Jacques I ROUSSEL, 1631 - 14 décembre 1656 (étude LXXXI)</relationEntry>
         </resourceRelation>
         <resourceRelation xmlns:xlink="http://www.w3.org/1999/xlink"
                           resourceRelationType="subjectOf"
                           xlink:href="FRAN_IR_042757"
                           xlink:type="simple">
            <relationEntry localType="archival">Minutes et répertoires du notaire Pierre André ANDRY, 4 mai 1830 - 25 octobre 1849 (étude LXXXI)</relationEntry>
         </resourceRelation>
         <resourceRelation xmlns:xlink="http://www.w3.org/1999/xlink"
                           resourceRelationType="subjectOf"
                           xlink:href="FRAN_IR_042749"
                           xlink:type="simple">
            <relationEntry localType="archival">Minutes et répertoires du notaire Louis MORAND, 16 février 1713 - 4 décembre 1724 (étude LXXXI)</relationEntry>
         </resourceRelation>
         <resourceRelation xmlns:xlink="http://www.w3.org/1999/xlink"
                           resourceRelationType="subjectOf"
                           xlink:href="FRAN_IR_042754"
                           xlink:type="simple">
            <relationEntry localType="archival">Minutes et répertoires du notaire Louis GITTARD, 6 novembre 1781 - 22 mai 1799 (étude LXXXI)</relationEntry>
         </resourceRelation>
         <resourceRelation xmlns:xlink="http://www.w3.org/1999/xlink"
                           resourceRelationType="subjectOf"
                           xlink:href="FRAN_IR_042755"
                           xlink:type="simple">
            <relationEntry localType="archival">Minutes et répertoires du notaire Charles ESTIER, 22 mai 1799 - 2 juillet 1819 (étude LXXXI)</relationEntry>
         </resourceRelation>
         <resourceRelation xmlns:xlink="http://www.w3.org/1999/xlink"
                           resourceRelationType="subjectOf"
                           xlink:href="FRAN_IR_042760"
                           xlink:type="simple">
            <relationEntry localType="archival">Minutes et répertoires du notaire François Adolphe PLOIX, 4 mai 1869 - 2 janvier 1884 (étude LXXXI)</relationEntry>
         </resourceRelation>
         <resourceRelation xmlns:xlink="http://www.w3.org/1999/xlink"
                           resourceRelationType="subjectOf"
                           xlink:href="FRAN_IR_042756"
                           xlink:type="simple">
            <relationEntry localType="archival">Minutes et répertoires du notaire Édilbert DELAMOTTE, 2 juillet 1819 - 4 mai 1830 (étude LXXXI)</relationEntry>
         </resourceRelation>
         <resourceRelation xmlns:xlink="http://www.w3.org/1999/xlink"
                           resourceRelationType="subjectOf"
                           xlink:href="FRAN_IR_042759"
                           xlink:type="simple">
            <relationEntry localType="archival">Minutes et répertoires du notaire Pierre Stanislas GÉRIN, 15 janvier 1856 - 4 mai 1869 (étude LXXXI)</relationEntry>
         </resourceRelation>
         <resourceRelation xmlns:xlink="http://www.w3.org/1999/xlink"
                           resourceRelationType="subjectOf"
                           xlink:href="FRAN_IR_042748"
                           xlink:type="simple">
            <relationEntry localType="archival">Minutes et répertoires du notaire Charles PIOGER, 14 août 1692 - 15 février 1713 (étude LXXXI)</relationEntry>
         </resourceRelation>
         <resourceRelation xmlns:xlink="http://www.w3.org/1999/xlink"
                           resourceRelationType="subjectOf"
                           xlink:href="FRAN_IR_042747"
                           xlink:type="simple">
            <relationEntry localType="archival">Minutes et répertoires du notaire Gilles ROUSSEL, 15 décembre 1656 - 9 août 1692 (étude LXXXI)</relationEntry>
         </resourceRelation>
         <resourceRelation xmlns:xlink="http://www.w3.org/1999/xlink"
                           resourceRelationType="creatorOf"
                           xlink:href="FRAN_IR_053984"
                           xlink:type="simple">
            <relationEntry localType="archival">«Mélanges» (dossiers de clients) de l’étude LXXXI. MC/ET/LXXXI/717 (1409-1650)</relationEntry>
         </resourceRelation>
         <resourceRelation xmlns:xlink="http://www.w3.org/1999/xlink"
                           resourceRelationType="creatorOf"
                           xlink:href="FRAN_IR_042745"
                           xlink:type="simple">
            <relationEntry localType="archival">Archives de l'étude LXXXI</relationEntry>
         </resourceRelation>
         <resourceRelation xmlns:xlink="http://www.w3.org/1999/xlink"
                           resourceRelationType="creatorOf"
                           xlink:href="FRAN_IR_042751"
                           xlink:type="simple">
            <relationEntry localType="archival">Minutes et répertoires du notaire François GOUVION, 1er avril 1735 - 12 mai 1755 (étude LXXXI)</relationEntry>
         </resourceRelation>
         <resourceRelation xmlns:xlink="http://www.w3.org/1999/xlink"
                           resourceRelationType="creatorOf"
                           xlink:href="FRAN_IR_042753"
                           xlink:type="simple">
            <relationEntry localType="archival">Minutes et répertoires du notaire André Jacques PORCHON de BONVAL, 5 novembre 1771 - 5 novembre 1781 (étude LXXXI)</relationEntry>
         </resourceRelation>
         <resourceRelation xmlns:xlink="http://www.w3.org/1999/xlink"
                           resourceRelationType="creatorOf"
                           xlink:href="FRAN_IR_052416"
                           xlink:type="simple">
            <relationEntry localType="archival">Images du répertoire du notaire Jacques I Roussel pour l'étude LXXXI</relationEntry>
         </resourceRelation>
         <resourceRelation xmlns:xlink="http://www.w3.org/1999/xlink"
                           resourceRelationType="creatorOf"
                           xlink:href="FRAN_IR_052415"
                           xlink:type="simple">
            <relationEntry localType="archival">Images du répertoire du notaire Charles Pioger pour l'étude LXXXI</relationEntry>
         </resourceRelation>
         <resourceRelation xmlns:xlink="http://www.w3.org/1999/xlink"
                           resourceRelationType="creatorOf"
                           xlink:href="FRAN_IR_052412"
                           xlink:type="simple">
            <relationEntry localType="archival">Images du répertoire du notaire Louis Morand pour l'étude LXXXI</relationEntry>
         </resourceRelation>
         <resourceRelation xmlns:xlink="http://www.w3.org/1999/xlink"
                           resourceRelationType="creatorOf"
                           xlink:href="FRAN_IR_052427"
                           xlink:type="simple">
            <relationEntry localType="archival">Images des répertoires du notaire François Gouvion pour l'étude LXXXI</relationEntry>
         </resourceRelation>
         <resourceRelation xmlns:xlink="http://www.w3.org/1999/xlink"
                           resourceRelationType="creatorOf"
                           xlink:href="FRAN_IR_052424"
                           xlink:type="simple">
            <relationEntry localType="archival">Images des répertoires du notaire Edilbert Delamotte pour l'étude LXXXI</relationEntry>
         </resourceRelation>
         <resourceRelation xmlns:xlink="http://www.w3.org/1999/xlink"
                           resourceRelationType="creatorOf"
                           xlink:href="FRAN_IR_052428"
                           xlink:type="simple">
            <relationEntry localType="archival">Images des répertoires du notaire Pierre Stanislas Gérin pour l'étude LXXXI</relationEntry>
         </resourceRelation>
         <resourceRelation xmlns:xlink="http://www.w3.org/1999/xlink"
                           resourceRelationType="creatorOf"
                           xlink:href="FRAN_IR_052414"
                           xlink:type="simple">
            <relationEntry localType="archival">Images du répertoire du notaire François Adolphe Ploix pour l'étude LXXXI</relationEntry>
         </resourceRelation>
         <resourceRelation xmlns:xlink="http://www.w3.org/1999/xlink"
                           resourceRelationType="creatorOf"
                           xlink:href="FRAN_IR_052423"
                           xlink:type="simple">
            <relationEntry localType="archival">Images des répertoires du notaire Pierre André Andry pour l'étude LXXXI</relationEntry>
         </resourceRelation>
         <resourceRelation xmlns:xlink="http://www.w3.org/1999/xlink"
                           resourceRelationType="creatorOf"
                           xlink:href="FRAN_IR_052425"
                           xlink:type="simple">
            <relationEntry localType="archival">Images des répertoires du notaire Edme Maximilien Delagrevol pour l'étude LXXXI</relationEntry>
         </resourceRelation>
         <resourceRelation xmlns:xlink="http://www.w3.org/1999/xlink"
                           resourceRelationType="creatorOf"
                           xlink:href="FRAN_IR_055757"
                           xlink:type="simple">
            <relationEntry localType="archival">Images du répertoire du notaire Anne Geoffroy Fauconnier pour l'étude LXXXI</relationEntry>
         </resourceRelation>
         <resourceRelation xmlns:xlink="http://www.w3.org/1999/xlink"
                           resourceRelationType="creatorOf"
                           xlink:href="FRAN_IR_055758"
                           xlink:type="simple">
            <relationEntry localType="archival">Images du répertoire du notaire Gilles Roussel pour l'étude LXXXI</relationEntry>
         </resourceRelation>
         <resourceRelation xmlns:xlink="http://www.w3.org/1999/xlink"
                           resourceRelationType="creatorOf"
                           xlink:href="FRAN_IR_055759"
                           xlink:type="simple">
            <relationEntry localType="archival">Images des répertoires du notaire Etienne Jairsain pour l'étude LXXXI</relationEntry>
         </resourceRelation>
         <resourceRelation xmlns:xlink="http://www.w3.org/1999/xlink"
                           resourceRelationType="creatorOf"
                           xlink:href="FRAN_IR_055762"
                           xlink:type="simple">
            <relationEntry localType="archival">Images des répertoires du notaire Charles Estier pour l'étude LXXXI</relationEntry>
         </resourceRelation>
         <resourceRelation xmlns:xlink="http://www.w3.org/1999/xlink"
                           resourceRelationType="creatorOf"
                           xlink:href="FRAN_IR_052413"
                           xlink:type="simple">
            <relationEntry localType="archival">Images du répertoire du notaire André Jacques Porchon de Bonval pour l'étude LXXXI</relationEntry>
         </resourceRelation>
         <resourceRelation xmlns:xlink="http://www.w3.org/1999/xlink"
                           resourceRelationType="creatorOf"
                           xlink:href="FRAN_IR_055763"
                           xlink:type="simple">
            <relationEntry localType="archival">Images des répertoires du notaire Louis Gittard pour l'étude LXXXI</relationEntry>
         </resourceRelation>
         <resourceRelation xmlns:xlink="http://www.w3.org/1999/xlink"
                           resourceRelationType="creatorOf"
                           xlink:href="FRAN_IR_042750"
                           xlink:type="simple">
            <relationEntry localType="archival">Minutes et répertoires du notaire Anne Geoffroy FAUCONNIER, 5 décembre 1724 - 1er avril 1735 (étude LXXXI)</relationEntry>
         </resourceRelation>
         <resourceRelation xmlns:xlink="http://www.w3.org/1999/xlink"
                           resourceRelationType="creatorOf"
                           xlink:href="FRAN_IR_055951"
                           xlink:type="simple">
            <relationEntry localType="archival">Dossiers de clients de l'étude LXXXI</relationEntry>
         </resourceRelation>
         <resourceRelation xmlns:xlink="http://www.w3.org/1999/xlink"
                           resourceRelationType="creatorOf"
                           xlink:href="FRAN_IR_042758"
                           xlink:type="simple">
            <relationEntry localType="archival">Minutes et répertoires du notaire Edme Maximilien DELAGREVOL, 26 octobre 1849 - 15 janvier 1856 (étude LXXXI)</relationEntry>
         </resourceRelation>
         <resourceRelation xmlns:xlink="http://www.w3.org/1999/xlink"
                           resourceRelationType="creatorOf"
                           xlink:href="FRAN_IR_042752"
                           xlink:type="simple">
            <relationEntry localType="archival">Minutes et répertoires du notaire Étienne JAIRSAIN, 13 mai 1755 - octobre 1771 (étude LXXXI)</relationEntry>
         </resourceRelation>
      </relations>
   </cpfDescription>
</eac-cpf>
