<eac-cpf xmlns="urn:isbn:1-931666-33-4"
         xmlns:xsi="http://www.w3.org/2001/XMLSchema-instance"
         xsi:schemaLocation="urn:isbn:1-931666-33-4 cpf.xsd">
   <control>
      <recordId>FRAN_NP_010242</recordId>
      <otherRecordId localType="Ancien_identifiant">FRDAFANCH00MC_NAETUDE_115</otherRecordId>
      <maintenanceStatus>derived</maintenanceStatus>
      <maintenanceAgency>
         <agencyName>Archives nationales de France</agencyName>
      </maintenanceAgency>
      <languageDeclaration>
         <language languageCode="fre">Français</language>
         <script scriptCode="Latn"/>
      </languageDeclaration>
      <conventionDeclaration>
         <citation>Notice établie conformément à la norme ICA-ISAAR (CPF) 2004, aux normes ISO 8601 pour le système de normalisation des dates utilisé, ainsi que AFNOR NF Z 44-061, juin 1986. Catalogage : forme et structure des vedettes noms de personne, des vedettes titres, des rubriques de classement et des titres forgés.</citation>
      </conventionDeclaration>
      <localControl localType="niveau_de_detail">
         <term>Moyenne</term>
      </localControl>
      <maintenanceHistory>
         <maintenanceEvent>
            <eventType>derived</eventType>
            <eventDateTime>2015-10-15</eventDateTime>
            <agentType>machine</agentType>
            <agent>Migration ETANOT</agent>
         </maintenanceEvent>
      </maintenanceHistory>
   </control>
   <cpfDescription>
      <identity>
         <entityType>corporateBody</entityType>
         <nameEntry localType="autorisée" scriptCode="Latn" xml:lang="fre">
            <part>Etude CXV</part>
         </nameEntry>
         <nameEntry>
            <part>75033</part>
         </nameEntry>
      </identity>
      <description>
         <existDates>
            <dateRange>
               <fromDate standardDate="1591-01-01">1591</fromDate>
            </dateRange>
         </existDates>
         <functions>
            <function>
               <term vocabularySource="d3nyui3o8w--11y7jgy8q3wnt">notaire à paris</term>
               <dateRange>
                  <fromDate standardDate="1591-01-01">1591</fromDate>
                  <toDate/>
               </dateRange>
            </function>
         </functions>
         <biogHist>
            <p>De 1591 à 1616, l'étude se trouve rue Saint-Antoine. Puis jusqu'en 1818, elle demeure paroisse Saint-Germain-l'Auxerrois (rue Saint-Germain ; rue du Roule). Sous la Restauration, elle passe boulevard des Italiens, puis rue Louis-le-Grand (1847) et rue de la Ville-L'Évêque (1885).</p>
         </biogHist>
      </description>
      <relations>
         <cpfRelation xmlns:xlink="http://www.w3.org/1999/xlink"
                      cpfRelationType="associative"
                      xlink:href="FRAN_NP_010337"
                      xlink:type="simple">
            <relationEntry>Vanin, Jean-Simon</relationEntry>
            <dateRange>
               <fromDate standardDate="1752-03-04">4 mars 1752</fromDate>
               <toDate standardDate="1767-12-31">31 décembre 1767</toDate>
            </dateRange>
         </cpfRelation>
         <cpfRelation xmlns:xlink="http://www.w3.org/1999/xlink"
                      cpfRelationType="associative"
                      xlink:href="FRAN_NP_010816"
                      xlink:type="simple">
            <relationEntry>Nottin, Ernest</relationEntry>
            <dateRange>
               <fromDate standardDate="1883-04-18">18 avril 1883</fromDate>
               <toDate standardDate="1924-02-19">19 février 1924</toDate>
            </dateRange>
         </cpfRelation>
         <cpfRelation xmlns:xlink="http://www.w3.org/1999/xlink"
                      cpfRelationType="associative"
                      xlink:href="FRAN_NP_011488"
                      xlink:type="simple">
            <relationEntry>Lefoyer de costil, Christine</relationEntry>
            <dateRange>
               <fromDate standardDate="1990-12-19">19 décembre 1990</fromDate>
               <toDate standardDate="1996-12-31">1996</toDate>
            </dateRange>
         </cpfRelation>
         <cpfRelation xmlns:xlink="http://www.w3.org/1999/xlink"
                      cpfRelationType="associative"
                      xlink:href="FRAN_NP_011608"
                      xlink:type="simple">
            <relationEntry>L'homme, Jean-Louis</relationEntry>
            <dateRange>
               <fromDate standardDate="1768-01-05">5 janvier 1768</fromDate>
               <toDate standardDate="1791-07-22">22 juillet 1791</toDate>
            </dateRange>
         </cpfRelation>
         <cpfRelation xmlns:xlink="http://www.w3.org/1999/xlink"
                      cpfRelationType="associative"
                      xlink:href="FRAN_NP_011667"
                      xlink:type="simple">
            <relationEntry>Jallabert, Pierre-Nicolas</relationEntry>
            <dateRange>
               <fromDate standardDate="1791-07-22">22 juillet 1791</fromDate>
               <toDate standardDate="1818-08-21">21 août 1818</toDate>
            </dateRange>
         </cpfRelation>
         <cpfRelation xmlns:xlink="http://www.w3.org/1999/xlink"
                      cpfRelationType="associative"
                      xlink:href="FRAN_NP_011687"
                      xlink:type="simple">
            <relationEntry>Joigne, Antoine de</relationEntry>
            <dateRange>
               <fromDate standardDate="1591-01-15">15 janvier 1591</fromDate>
               <toDate standardDate="1616-10-17">17 octobre 1616</toDate>
            </dateRange>
         </cpfRelation>
         <cpfRelation xmlns:xlink="http://www.w3.org/1999/xlink"
                      cpfRelationType="associative"
                      xlink:href="FRAN_NP_013246"
                      xlink:type="simple">
            <relationEntry>Thouault, Elisabeth</relationEntry>
            <dateRange>
               <fromDate standardDate="2003-09-24">24 septembre 2003</fromDate>
            </dateRange>
         </cpfRelation>
         <cpfRelation xmlns:xlink="http://www.w3.org/1999/xlink"
                      cpfRelationType="associative"
                      xlink:href="FRAN_NP_011067"
                      xlink:type="simple">
            <relationEntry>Manchon, Jean</relationEntry>
            <dateRange>
               <fromDate standardDate="1651-08-21">21 août 1651</fromDate>
               <toDate standardDate="1672-08-19">19 août 1672</toDate>
            </dateRange>
         </cpfRelation>
         <cpfRelation xmlns:xlink="http://www.w3.org/1999/xlink"
                      cpfRelationType="associative"
                      xlink:href="FRAN_NP_012792"
                      xlink:type="simple">
            <relationEntry>Baudin, Charles</relationEntry>
            <dateRange>
               <fromDate standardDate="1711-12-09">9 décembre 1711</fromDate>
               <toDate standardDate="1723-03-19">19 mars 1723</toDate>
            </dateRange>
         </cpfRelation>
         <cpfRelation xmlns:xlink="http://www.w3.org/1999/xlink"
                      cpfRelationType="associative"
                      xlink:href="FRAN_NP_012710"
                      xlink:type="simple">
            <relationEntry>Clairet, Jean-Baptiste-André</relationEntry>
            <dateRange>
               <fromDate standardDate="1818-08-21">21 août 1818</fromDate>
               <toDate standardDate="1861-02-20">20 février 1861</toDate>
            </dateRange>
         </cpfRelation>
         <cpfRelation xmlns:xlink="http://www.w3.org/1999/xlink"
                      cpfRelationType="associative"
                      xlink:href="FRAN_NP_013048"
                      xlink:type="simple">
            <relationEntry>Briand, François Luc Fernand</relationEntry>
            <dateRange>
               <fromDate standardDate="1951-05-07">7 mai 1951</fromDate>
               <toDate standardDate="1987-02-11">11 février 1987</toDate>
            </dateRange>
         </cpfRelation>
         <cpfRelation xmlns:xlink="http://www.w3.org/1999/xlink"
                      cpfRelationType="associative"
                      xlink:href="FRAN_NP_012709"
                      xlink:type="simple">
            <relationEntry>Cabaret, Pierre-Henri</relationEntry>
            <dateRange>
               <fromDate standardDate="1861-02-20">20 février 1861</fromDate>
               <toDate standardDate="1883-04-18">18 avril 1883</toDate>
            </dateRange>
         </cpfRelation>
         <cpfRelation xmlns:xlink="http://www.w3.org/1999/xlink"
                      cpfRelationType="associative"
                      xlink:href="FRAN_NP_012782"
                      xlink:type="simple">
            <relationEntry>Barrie, Gabriel</relationEntry>
            <dateRange>
               <fromDate standardDate="1746-09-14">14 septembre 1746</fromDate>
               <toDate standardDate="1752-02-29">29 février 1752</toDate>
            </dateRange>
         </cpfRelation>
         <cpfRelation xmlns:xlink="http://www.w3.org/1999/xlink"
                      cpfRelationType="associative"
                      xlink:href="FRAN_NP_010457"
                      xlink:type="simple">
            <relationEntry>Thouault, Bertrand</relationEntry>
            <dateRange>
               <fromDate standardDate="1987-02-11">11 février 1987</fromDate>
               <toDate standardDate="2010-06-03">3 juin 2010</toDate>
            </dateRange>
         </cpfRelation>
         <cpfRelation xmlns:xlink="http://www.w3.org/1999/xlink"
                      cpfRelationType="associative"
                      xlink:href="FRAN_NP_011086"
                      xlink:type="simple">
            <relationEntry>Marion, Gilles</relationEntry>
            <dateRange>
               <fromDate standardDate="1617-03-17">17 mars 1617</fromDate>
               <toDate standardDate="1651-08-19">19 août 1651</toDate>
            </dateRange>
         </cpfRelation>
         <cpfRelation xmlns:xlink="http://www.w3.org/1999/xlink"
                      cpfRelationType="associative"
                      xlink:href="FRAN_NP_010509"
                      xlink:type="simple">
            <relationEntry>Tulloue, Pierre</relationEntry>
            <dateRange>
               <fromDate standardDate="1618-08-22">22 août 1618</fromDate>
               <toDate standardDate="1628-04-17">17 avril 1628</toDate>
            </dateRange>
         </cpfRelation>
         <cpfRelation xmlns:xlink="http://www.w3.org/1999/xlink"
                      cpfRelationType="associative"
                      xlink:href="FRAN_NP_012422"
                      xlink:type="simple">
            <relationEntry>Decloux, Jean Gabriel</relationEntry>
            <dateRange>
               <fromDate standardDate="1924-02-19">19 février 1924</fromDate>
               <toDate standardDate="1951-05-07">7 mai 1951</toDate>
            </dateRange>
         </cpfRelation>
         <cpfRelation xmlns:xlink="http://www.w3.org/1999/xlink"
                      cpfRelationType="associative"
                      xlink:href="FRAN_NP_012423"
                      xlink:type="simple">
            <relationEntry>Doyen, Antoine-François</relationEntry>
            <dateRange>
               <fromDate standardDate="1723-03-20">20 mars 1723</fromDate>
               <toDate standardDate="1767-08-18">18 août 1767</toDate>
            </dateRange>
         </cpfRelation>
         <cpfRelation xmlns:xlink="http://www.w3.org/1999/xlink"
                      cpfRelationType="associative"
                      xlink:href="FRAN_NP_012424"
                      xlink:type="simple">
            <relationEntry>Doyen, Antoine</relationEntry>
            <dateRange>
               <fromDate standardDate="1672-09-13">13 septembre 1672</fromDate>
               <toDate standardDate="1711-12-07">7 décembre 1711</toDate>
            </dateRange>
         </cpfRelation>
         <cpfRelation xmlns:xlink="http://www.w3.org/1999/xlink"
                      cpfRelationType="associative"
                      xlink:href="FRAN_NP_013422"
                      xlink:type="simple">
            <relationEntry>Dupire, Alexis</relationEntry>
            <dateRange>
               <fromDate standardDate="2009-05-14">14 mai 2009</fromDate>
            </dateRange>
         </cpfRelation>
         <cpfRelation xmlns:xlink="http://www.w3.org/1999/xlink"
                      cpfRelationType="associative"
                      xlink:href="FRAN_NP_013466"
                      xlink:type="simple">
            <relationEntry>Le quéré, Stéphane</relationEntry>
            <dateRange>
               <fromDate standardDate="2010-06-03">3 juin 2010</fromDate>
            </dateRange>
         </cpfRelation>
         <cpfRelation xmlns:xlink="http://www.w3.org/1999/xlink"
                      cpfRelationType="associative"
                      xlink:href="FRAN_NP_013467"
                      xlink:type="simple">
            <relationEntry>Cossec, Sandrine</relationEntry>
            <dateRange>
               <fromDate standardDate="2010-06-03">3 juin 2010</fromDate>
            </dateRange>
         </cpfRelation>
         <resourceRelation xmlns:xlink="http://www.w3.org/1999/xlink"
                           resourceRelationType="subjectOf"
                           xlink:href="FRAN_IR_043407"
                           xlink:type="simple">
            <relationEntry localType="archival">Minutes et répertoires du notaire Charles BAUDIN, 9 décembre 1711 - 19 mars 1723 (étude CXV)</relationEntry>
         </resourceRelation>
         <resourceRelation xmlns:xlink="http://www.w3.org/1999/xlink"
                           resourceRelationType="subjectOf"
                           xlink:href="FRAN_IR_043405"
                           xlink:type="simple">
            <relationEntry localType="archival">Minutes et répertoires du notaire Jean MANCHON, 21 août 1651 - 19 août 1672 (étude CXV)</relationEntry>
         </resourceRelation>
         <resourceRelation xmlns:xlink="http://www.w3.org/1999/xlink"
                           resourceRelationType="subjectOf"
                           xlink:href="FRAN_IR_043412"
                           xlink:type="simple">
            <relationEntry localType="archival">Minutes et répertoires du notaire Pierre Nicolas JALLABERT, 22 juillet 1791  - 21 août 1818 (étude CXV)</relationEntry>
         </resourceRelation>
         <resourceRelation xmlns:xlink="http://www.w3.org/1999/xlink"
                           resourceRelationType="subjectOf"
                           xlink:href="FRAN_IR_043403"
                           xlink:type="simple">
            <relationEntry localType="archival">Minutes et répertoires du notaire Gilles MARION, 1617 -  19 août 1651 (étude CXV)</relationEntry>
         </resourceRelation>
         <resourceRelation xmlns:xlink="http://www.w3.org/1999/xlink"
                           resourceRelationType="creatorOf"
                           xlink:href="FRAN_IR_054080"
                           xlink:type="simple">
            <relationEntry localType="archival">Dossiers de clients de l'étude CXV</relationEntry>
         </resourceRelation>
         <resourceRelation xmlns:xlink="http://www.w3.org/1999/xlink"
                           resourceRelationType="creatorOf"
                           xlink:href="FRAN_IR_054476"
                           xlink:type="simple">
            <relationEntry localType="archival">«Mélanges» (dossiers de clients) de l’étude CXV. MC/ET/CXV/1070-MC/ET/CXV/1071 (1762-1829)</relationEntry>
         </resourceRelation>
         <resourceRelation xmlns:xlink="http://www.w3.org/1999/xlink"
                           resourceRelationType="creatorOf"
                           xlink:href="FRAN_IR_043415"
                           xlink:type="simple">
            <relationEntry localType="archival">Minutes et répertoires du notaire Ernest NOTTIN, 18 avril 1883 - décembre 1906 (étude CXV)</relationEntry>
         </resourceRelation>
         <resourceRelation xmlns:xlink="http://www.w3.org/1999/xlink"
                           resourceRelationType="creatorOf"
                           xlink:href="FRAN_IR_043402"
                           xlink:type="simple">
            <relationEntry localType="archival">Minutes et répertoires du notaire Antoine de JOIGNE, 1591 - 28 octobre 1616 (étude CXV)</relationEntry>
         </resourceRelation>
         <resourceRelation xmlns:xlink="http://www.w3.org/1999/xlink"
                           resourceRelationType="creatorOf"
                           xlink:href="FRAN_IR_043404"
                           xlink:type="simple">
            <relationEntry localType="archival">Minutes et répertoires du notaire Pierre TULLOUE, 31 août 1618 - 17 avril 1628 (étude CXV)</relationEntry>
         </resourceRelation>
         <resourceRelation xmlns:xlink="http://www.w3.org/1999/xlink"
                           resourceRelationType="creatorOf"
                           xlink:href="FRAN_IR_053195"
                           xlink:type="simple">
            <relationEntry localType="archival">Images des répertoires du notaire Gilles Marion pour l'étude CXV</relationEntry>
         </resourceRelation>
         <resourceRelation xmlns:xlink="http://www.w3.org/1999/xlink"
                           resourceRelationType="creatorOf"
                           xlink:href="FRAN_IR_053190"
                           xlink:type="simple">
            <relationEntry localType="archival">Images des répertoires du notaire Jean Manchon pour l'étude CXV</relationEntry>
         </resourceRelation>
         <resourceRelation xmlns:xlink="http://www.w3.org/1999/xlink"
                           resourceRelationType="creatorOf"
                           xlink:href="FRAN_IR_053427"
                           xlink:type="simple">
            <relationEntry localType="archival">Images des répertoires du notaire Antoine Doyen pour l'étude CXV</relationEntry>
         </resourceRelation>
         <resourceRelation xmlns:xlink="http://www.w3.org/1999/xlink"
                           resourceRelationType="creatorOf"
                           xlink:href="FRAN_IR_053458"
                           xlink:type="simple">
            <relationEntry localType="archival">Images du répertoire du notaire Charles Baudin pour l'étude CXV</relationEntry>
         </resourceRelation>
         <resourceRelation xmlns:xlink="http://www.w3.org/1999/xlink"
                           resourceRelationType="creatorOf"
                           xlink:href="FRAN_IR_053424"
                           xlink:type="simple">
            <relationEntry localType="archival">Images des répertoires du notaire Antoine François Doyen pour l'étude CXV</relationEntry>
         </resourceRelation>
         <resourceRelation xmlns:xlink="http://www.w3.org/1999/xlink"
                           resourceRelationType="creatorOf"
                           xlink:href="FRAN_IR_053454"
                           xlink:type="simple">
            <relationEntry localType="archival">Images du répertoire du notaire Gabriel Barrie pour l'étude CXV</relationEntry>
         </resourceRelation>
         <resourceRelation xmlns:xlink="http://www.w3.org/1999/xlink"
                           resourceRelationType="creatorOf"
                           xlink:href="FRAN_IR_053578"
                           xlink:type="simple">
            <relationEntry localType="archival">Images des répertoires du notaire Jean Simon Vanin pour l'étude CXV</relationEntry>
         </resourceRelation>
         <resourceRelation xmlns:xlink="http://www.w3.org/1999/xlink"
                           resourceRelationType="creatorOf"
                           xlink:href="FRAN_IR_053261"
                           xlink:type="simple">
            <relationEntry localType="archival">Images des répertoires du notaire Jean Louis L'Homme pour l'étude CXV</relationEntry>
         </resourceRelation>
         <resourceRelation xmlns:xlink="http://www.w3.org/1999/xlink"
                           resourceRelationType="creatorOf"
                           xlink:href="FRAN_IR_053273"
                           xlink:type="simple">
            <relationEntry localType="archival">Images des répertoires du notaire Pierre Nicolas Jallabert pour l'étude CXV</relationEntry>
         </resourceRelation>
         <resourceRelation xmlns:xlink="http://www.w3.org/1999/xlink"
                           resourceRelationType="creatorOf"
                           xlink:href="FRAN_IR_053442"
                           xlink:type="simple">
            <relationEntry localType="archival">Images des répertoires du notaire Jean-Baptiste André Clairet pour l'étude CXV</relationEntry>
         </resourceRelation>
         <resourceRelation xmlns:xlink="http://www.w3.org/1999/xlink"
                           resourceRelationType="creatorOf"
                           xlink:href="FRAN_IR_053440"
                           xlink:type="simple">
            <relationEntry localType="archival">Images des répertoires du notaire Pierre Henri Cabaret pour l'étude CXV</relationEntry>
         </resourceRelation>
      </relations>
   </cpfDescription>
</eac-cpf>
