<eac-cpf xmlns="urn:isbn:1-931666-33-4"
         xmlns:xsi="http://www.w3.org/2001/XMLSchema-instance"
         xsi:schemaLocation="urn:isbn:1-931666-33-4 cpf.xsd">
   <control>
      <recordId>FRAN_NP_005675</recordId>
      <maintenanceStatus>revised</maintenanceStatus>
      <maintenanceAgency>
         <agencyName>Archives nationales de France</agencyName>
      </maintenanceAgency>
      <languageDeclaration>
         <language languageCode="fre">Français</language>
         <script scriptCode="Latn"/>
      </languageDeclaration>
      <conventionDeclaration>
         <citation>Notice établie conformément à la norme ICA-ISAAR (CPF) 2004, aux normes ISO 8601 pour le système de normalisation des dates utilisé, ainsi que AFNOR NF Z 44-061, juin 1986. Catalogage : forme et structure des vedettes noms de personne, des vedettes titres, des rubriques de classement et des titres forgés.</citation>
      </conventionDeclaration>
      <localControl localType="niveau_de_detail">
         <term>Complète</term>
      </localControl>
      <maintenanceHistory>
         <maintenanceEvent>
            <eventType>derived</eventType>
            <eventDateTime>2013-04-23</eventDateTime>
            <agentType>machine</agentType>
            <agent>Import_SIA</agent>
         </maintenanceEvent>
         <maintenanceEvent>
            <eventType>revised</eventType>
            <eventDateTime>2016-02-22</eventDateTime>
            <agentType>human</agentType>
            <agent>Marine ZELVERTE</agent>
            <eventDescription/>
         </maintenanceEvent>
         <maintenanceEvent>
            <eventType>updated</eventType>
            <eventDateTime>2017-04-14</eventDateTime>
            <agentType>human</agentType>
            <agent>Mission.referentiels MISSION.REFERENTIELS</agent>
            <eventDescription>F. Clavaud, 14 avril 2017 : revu les liens NP</eventDescription>
         </maintenanceEvent>
      </maintenanceHistory>
      <sources>
         <source>
            <descriptiveNote>
               <p>Bottin administratif</p>
            </descriptiveNote>
         </source>
      </sources>
   </control>
   <cpfDescription>
      <identity>
         <entityType>corporateBody</entityType>
         <nameEntry localType="autorisée" scriptCode="Latn" xml:lang="fre">
            <part>France. Direction du Livre et de la Lecture. Bureau de la tutelle et des projets nationaux (1993-1995)</part>
         </nameEntry>
      </identity>
      <description>
         <existDates>
            <dateRange>
               <fromDate standardDate="1993-03-22">22 mars 1993</fromDate>
               <toDate standardDate="1995-05-11">11 mai 1995</toDate>
            </dateRange>
         </existDates>
         <legalStatuses>
            <legalStatus>
               <term vocabularySource="d5blonaxbw--1mt8t42bokzts">service d'administration centrale</term>
            </legalStatus>
         </legalStatuses>
         <functions>
            <function>
               <term vocabularySource="d3nyuhrig1--3acyzmp9v988">formation</term>
            </function>
            <function>
               <term vocabularySource="d3nyuilwmi-zu0efiq3ap4v">tutelle</term>
            </function>
         </functions>
         <mandates>
            <mandate>
               <descriptiveNote>
                  <p>Arrêté du 19 mars 1993 relatif à l'organisation de la direction du livre et de la lecture (https://www.legifrance.gouv.fr/affichTexte.do?cidTexte=JORFTEXT000000163938&amp;fastPos=20&amp;fastReqId=2035075412&amp;categorieLien=id&amp;oldAction=rechTexte)</p>
                  <p>Arrêtés du 9 mai 1995 relatifs à l'organisation de la direction du Livre et de la Lecture (https://www.legifrance.gouv.fr/affichTexte.do?cidTexte=JORFTEXT000000353930&amp;fastPos=41&amp;fastReqId=720883689&amp;categorieLien=id&amp;oldAction=rechTexte)</p>
               </descriptiveNote>
            </mandate>
         </mandates>
         <biogHist>
            <p>
               <span style="underline">Historique :</span>
            </p>
            <p>Le bureau de la tutelle et des projets nationaux constitue l'un des deux bureaux du département des bibliothèques de l'État et des affaires générales, qui remplace le département des bibliothèques et de la lecture au sein de la direction du Livre et de la Lecture (DLL) en 1993 (arrêté du 19 mars 1993 publié au Journal Officiel le 21 mars). Il reprend une partie des missions du bureau des établissements, de la formation et de la lecture, ainsi que de celles du bureau du patrimoine, de l'informatique et de l'audiovisuel. </p>
            <p>Il disparaît avec deux arrêtés du 9 mai 1995 qui réorganisent entièrement la DLL (publiés au Journal Officiel le 11 mai).</p>
            <p/>
            <p>
               <span style="underline">Missions :</span>
            </p>
            <p>Il est chargé :</p>
            <list>
               <item>du suivi de la tutelle des établissements publics (Bibliothèque nationale puis BnF, Bibliothèque publique d'information, Centre national du Livre), du suivi des projets Bibliothèque de France, du Serveur bibliographique national, de la bibliothèque nationale des arts ; </item>
               <item>du suivi des statuts et de la formation (évaluation nationale des politiques de formation, évaluation des compétences dans les bibliothèques, coordination de la formation continue des personnels d'État).</item>
            </list>
         </biogHist>
      </description>
      <relations>
         <cpfRelation xmlns:xlink="http://www.w3.org/1999/xlink"
                      cpfRelationType="temporal-earlier"
                      xlink:href="FRAN_NP_005082"
                      xlink:type="simple">
            <relationEntry>France. Direction du Livre et de la Lecture. Bureau des établissements, de la formation et de la lecture (1989-1993)</relationEntry>
            <dateRange>
               <fromDate standardDate="1993-03-22">22 mars 1993</fromDate>
            </dateRange>
         </cpfRelation>
         <cpfRelation xmlns:xlink="http://www.w3.org/1999/xlink"
                      cpfRelationType="temporal-earlier"
                      xlink:href="FRAN_NP_005083"
                      xlink:type="simple">
            <relationEntry>France. Direction du Livre et de la Lecture. Bureau du patrimoine, de l'informatique et de l'audiovisuel (1989-1993)</relationEntry>
            <dateRange>
               <fromDate standardDate="1993-03-22">22 mars 1993</fromDate>
            </dateRange>
         </cpfRelation>
         <cpfRelation xmlns:xlink="http://www.w3.org/1999/xlink"
                      cpfRelationType="temporal-later"
                      xlink:href="FRAN_NP_005095"
                      xlink:type="simple">
            <relationEntry>France. Direction du Livre et de la Lecture. Bureau de la politique documentaire (1995-2010)</relationEntry>
            <dateRange>
               <fromDate standardDate="1995-05-12">12 mai 1995</fromDate>
            </dateRange>
         </cpfRelation>
         <cpfRelation xmlns:xlink="http://www.w3.org/1999/xlink"
                      cpfRelationType="associative"
                      xlink:href="FRAN_NP_051355"
                      xlink:type="simple">
            <relationEntry>Bibliothèque nationale de France (1994-....)</relationEntry>
            <dateRange>
               <fromDate standardDate="1994-01-01">1994</fromDate>
               <toDate standardDate="1995-05-11">11 mai 1995</toDate>
            </dateRange>
            <descriptiveNote>
               <p>@isFunctionallyLinkedTo@</p>
            </descriptiveNote>
         </cpfRelation>
         <cpfRelation xmlns:xlink="http://www.w3.org/1999/xlink"
                      cpfRelationType="associative"
                      xlink:href="FRAN_NP_005075"
                      xlink:type="simple">
            <relationEntry>Centre national du livre (France)</relationEntry>
            <dateRange>
               <fromDate standardDate="1993-03-22">22 mars 1993</fromDate>
               <toDate standardDate="1995-05-11">11 mai 1995</toDate>
            </dateRange>
            <descriptiveNote>
               <p>@isFunctionallyLinkedTo@</p>
            </descriptiveNote>
         </cpfRelation>
         <cpfRelation xmlns:xlink="http://www.w3.org/1999/xlink"
                      cpfRelationType="associative"
                      xlink:href="FRAN_NP_005422"
                      xlink:type="simple">
            <relationEntry>Bibliothèque publique d'information (Paris)</relationEntry>
            <dateRange>
               <fromDate standardDate="1993-03-22">22 mars 1993</fromDate>
               <toDate standardDate="1995-05-11">11 mai 1995</toDate>
            </dateRange>
            <descriptiveNote>
               <p>@isFunctionallyLinkedTo@</p>
            </descriptiveNote>
         </cpfRelation>
         <cpfRelation xmlns:xlink="http://www.w3.org/1999/xlink"
                      cpfRelationType="hierarchical-parent"
                      xlink:href="FRAN_NP_005673"
                      xlink:type="simple">
            <relationEntry>France. Direction du Livre et de la Lecture. Département des bibliothèques de l'État et des affaires générales (1993-1995)</relationEntry>
            <dateRange>
               <fromDate standardDate="1993-03-22">22 mars 1993</fromDate>
               <toDate standardDate="1995-05-11">11 mai 1995</toDate>
            </dateRange>
            <descriptiveNote>
               <p>@isPartOf@</p>
            </descriptiveNote>
         </cpfRelation>
      </relations>
   </cpfDescription>
</eac-cpf>
