<eac-cpf xmlns="urn:isbn:1-931666-33-4"
         xmlns:xsi="http://www.w3.org/2001/XMLSchema-instance"
         xsi:schemaLocation="urn:isbn:1-931666-33-4 cpf.xsd">
   <control>
      <recordId>FRAN_NP_005198</recordId>
      <otherRecordId localType="Ancien_identifiant">5107/S</otherRecordId>
      <maintenanceStatus>revised</maintenanceStatus>
      <maintenanceAgency>
         <agencyName>Archives nationales de France</agencyName>
      </maintenanceAgency>
      <languageDeclaration>
         <language languageCode="fre">Français</language>
         <script scriptCode="Latn"/>
      </languageDeclaration>
      <conventionDeclaration>
         <citation>Notice établie conformément à la norme ICA-ISAAR (CPF) 2004, aux normes ISO 8601 pour le système de normalisation des dates utilisé, ainsi que AFNOR NF Z 44-061, juin 1986. Catalogage : forme et structure des vedettes noms de personne, des vedettes titres, des rubriques de classement et des titres forgés.</citation>
      </conventionDeclaration>
      <localControl localType="niveau_de_detail">
         <term>Moyenne</term>
      </localControl>
      <maintenanceHistory>
         <maintenanceEvent>
            <eventType>derived</eventType>
            <eventDateTime>2013-04-23</eventDateTime>
            <agentType>machine</agentType>
            <agent>Import_SIA</agent>
         </maintenanceEvent>
         <maintenanceEvent>
            <eventType>revised</eventType>
            <eventDateTime>2015-12-03</eventDateTime>
            <agentType>human</agentType>
            <agent>Elsa CAMUS</agent>
            <eventDescription/>
         </maintenanceEvent>
         <maintenanceEvent>
            <eventType>revised</eventType>
            <eventDateTime>2017-03-23</eventDateTime>
            <agentType>human</agentType>
            <agent>Mission.referentiels MISSION.REFERENTIELS</agent>
         </maintenanceEvent>
         <maintenanceEvent>
            <eventType>updated</eventType>
            <eventDateTime>2017-03-23</eventDateTime>
            <agentType>human</agentType>
            <agent>Mission.referentiels MISSION.REFERENTIELS</agent>
            <eventDescription>F. Clavaud, 23 mars 2017 : ajouté lien vers successeur</eventDescription>
         </maintenanceEvent>
      </maintenanceHistory>
      <sources>
         <source>
            <descriptiveNote>
               <p>Dardy-Cretin Michèle, 
      <span style="italic">Histoire administrative du Ministère de la culture et de la communication, 1959-2012 : les services de l'administration centrale</span>, Paris, Comité d'histoire du Ministère de la Culture, 2012 
     </p>
            </descriptiveNote>
         </source>
      </sources>
   </control>
   <cpfDescription>
      <identity>
         <entityType>corporateBody</entityType>
         <nameEntry localType="autorisée" scriptCode="Latn" xml:lang="fre">
            <part>France. Ministère des Affaires culturelles. Direction de l'architecture. Sous-direction des sites et des espaces protégés (1968-1978)</part>
         </nameEntry>
         <nameEntry>
            <part>France. Secrétariat d'État à la culture. Direction de l'architecture. Sous-direction des sites et des espaces protégés (8 juin 1974-29 mars 1977)</part>
            <useDates>
               <dateRange>
                  <fromDate standardDate="1974-06-08">8 juin 1974</fromDate>
                  <toDate standardDate="1977-03-29">29 mars 1977</toDate>
               </dateRange>
            </useDates>
         </nameEntry>
         <nameEntry>
            <part>France. Ministère de la culture et de l'environnement. Direction de l'architecture. Sous-direction des sites et des espaces protégés (30 mars 1977 - 31 mars 1978)</part>
            <useDates>
               <dateRange>
                  <fromDate standardDate="1977-03-30">30 mars 1977</fromDate>
                  <toDate standardDate="1978-03-31">31 mars 1978</toDate>
               </dateRange>
            </useDates>
         </nameEntry>
      </identity>
      <description>
         <existDates>
            <dateRange>
               <fromDate standardDate="1968-01-01">1968</fromDate>
               <toDate standardDate="1978-12-31">1978</toDate>
            </dateRange>
         </existDates>
         <legalStatuses>
            <legalStatus>
               <term vocabularySource="d5blonaxbw--1mt8t42bokzts">service d'administration centrale</term>
            </legalStatus>
         </legalStatuses>
         <biogHist>
            <p>La sous-direction des sites et des espaces protégés est créée suite à la réorganisation de la direction de l'architecture en 1968. Cette dernière, placée au sein du ministère des Affaires culturelles depuis sa création le 8 janvier 1959, est restructurée en quatre sous-directions en 1968 : la sous-direction du personnel, de l'organisation et des programmes, la sous-direction des monuments historiques et des palais nationaux, la sous-direction des sites et des espaces protégés et enfin la sous-direction de la création architecturale et des constructions publiques.</p>
            <p>La sous-direction des sites et des espaces protégés gère les sites, la protection de la nature, les abords des monuments historiques et les secteurs sauvegardés.</p>
            <p>Suite à la création du ministère de l'Environnement et du Cadre de vie en 1978, la direction de l'architecture est éclatée et les compétences en matière d'architecture et d'espaces protégés rejoignent le nouveau ministère. La sous-direction des sites et espaces protégés rejoint la nouvelle direction de l'urbanisme et des paysages.</p>
         </biogHist>
      </description>
      <relations>
         <cpfRelation xmlns:xlink="http://www.w3.org/1999/xlink"
                      cpfRelationType="hierarchical-parent"
                      xlink:href="FRAN_NP_000051"
                      xlink:type="simple">
            <relationEntry>France. Ministère des affaires culturelles. Direction de l'architecture (1959-1978)</relationEntry>
            <dateRange>
               <fromDate standardDate="1968-01-01">1968</fromDate>
               <toDate standardDate="1978-12-31">1978</toDate>
            </dateRange>
            <descriptiveNote>
               <p>
      @isPartOf@ 
    </p>
            </descriptiveNote>
         </cpfRelation>
         <cpfRelation xmlns:xlink="http://www.w3.org/1999/xlink"
                      cpfRelationType="associative"
                      xlink:href="FRAN_NP_051487"
                      xlink:type="simple">
            <relationEntry>Védrine, Hubert (1947-....)</relationEntry>
            <dateRange>
               <fromDate standardDate="1974-01-01">1974</fromDate>
               <toDate standardDate="1978-12-31">1978</toDate>
            </dateRange>
            <descriptiveNote>
               <p>
     H. Védrine, chargé de mission et chef de bureau dans cette sous-direction
    </p>
            </descriptiveNote>
         </cpfRelation>
         <cpfRelation xmlns:xlink="http://www.w3.org/1999/xlink"
                      cpfRelationType="associative"
                      xlink:href="FRAN_NP_052057"
                      xlink:type="simple">
            <relationEntry>Preschez, Philippe (1939-...)</relationEntry>
            <dateRange>
               <fromDate standardDate="1968-01-01">1968</fromDate>
               <toDate standardDate="1978-12-31">1978</toDate>
            </dateRange>
            <descriptiveNote>
               <p>
     Sous-directeur des sites et espaces protégés.
    </p>
            </descriptiveNote>
         </cpfRelation>
         <cpfRelation xmlns:xlink="http://www.w3.org/1999/xlink"
                      cpfRelationType="temporal-later"
                      xlink:href="FRAN_NP_006430"
                      xlink:type="simple">
            <relationEntry>Direction de l'aménagement foncier et de l'urbanisme</relationEntry>
            <dateRange>
               <fromDate standardDate="1978-01-01">1978</fromDate>
            </dateRange>
         </cpfRelation>
         <resourceRelation xmlns:xlink="http://www.w3.org/1999/xlink"
                           resourceRelationType="creatorOf"
                           xlink:href="FRAN_IR_021768"
                           xlink:type="simple">
            <relationEntry localType="archival">Culture ; Direction de l'Architecture ; Sous-direction sites, espaces protégés (1908-1973)</relationEntry>
         </resourceRelation>
      </relations>
   </cpfDescription>
</eac-cpf>
