<eac-cpf xmlns="urn:isbn:1-931666-33-4"
         xmlns:xsi="http://www.w3.org/2001/XMLSchema-instance"
         xsi:schemaLocation="urn:isbn:1-931666-33-4 cpf.xsd">
   <control>
      <recordId>FRAN_NP_010393</recordId>
      <otherRecordId localType="Ancien_identifiant">FRDAFANCH00MC_NANOTAIRE00095</otherRecordId>
      <maintenanceStatus>derived</maintenanceStatus>
      <maintenanceAgency>
         <agencyName>Archives nationales de France</agencyName>
      </maintenanceAgency>
      <languageDeclaration>
         <language languageCode="fre">Français</language>
         <script scriptCode="Latn"/>
      </languageDeclaration>
      <conventionDeclaration>
         <citation>Notice établie conformément à la norme ICA-ISAAR (CPF) 2004, aux normes ISO 8601 pour le système de normalisation des dates utilisé, ainsi que AFNOR NF Z 44-061, juin 1986. Catalogage : forme et structure des vedettes noms de personne, des vedettes titres, des rubriques de classement et des titres forgés.</citation>
      </conventionDeclaration>
      <localControl localType="niveau_de_detail">
         <term>Moyenne</term>
      </localControl>
      <maintenanceHistory>
         <maintenanceEvent>
            <eventType>derived</eventType>
            <eventDateTime>2013-04-23</eventDateTime>
            <agentType>machine</agentType>
            <agent>Migration ETANOT</agent>
         </maintenanceEvent>
      </maintenanceHistory>
      <sources>
         <source>
            <descriptiveNote>
               <p>Noémie SANTACANA Les notaires au Châtelet de Paris à l'époque du Cardinal de Fleury, mémoire de maîtrise 2003-2004, dact., p. 306-307</p>
            </descriptiveNote>
         </source>
      </sources>
   </control>
   <cpfDescription>
      <identity>
         <entityType>person</entityType>
         <nameEntry localType="autorisée" scriptCode="Latn" xml:lang="fre">
            <part>Visigny, Etienne-Alexandre de</part>
         </nameEntry>
      </identity>
      <description>
         <existDates>
            <dateRange>
               <fromDate standardDate="1727-07-12">12 juillet 1727</fromDate>
               <toDate standardDate="1738-11-13">13 novembre 1738</toDate>
            </dateRange>
            <descriptiveNote>
               <p>Les dates d'existence de la personne ne sont pas connues et sont évaluées d'après les dates d'exercice en tant que notaire</p>
            </descriptiveNote>
         </existDates>
         <places>
            <place>
               <placeRole>Lieu de Paris</placeRole>
               <placeEntry localType="paroisse" vocabularySource="d3nyvow9c3--1ln2rhczl581f">saint-eustache (paroisse)</placeEntry>
               <placeEntry localType="quartier" vocabularySource="d3nyvgrksc--1qyg7stzts74f">saint-denis (quartier)</placeEntry>
               <placeEntry localType="voie" vocabularySource="d3nzc49pmx--133esvc789ehg">montorgueil (rue)</placeEntry>
               <placeEntry localType="nomLieu">rue Montorgueil, au coin de la rue Tiquetonne</placeEntry>
            </place>
         </places>
         <functions>
            <function>
               <term vocabularySource="d3nyui3o8w--11y7jgy8q3wnt">notaire à paris</term>
               <dateRange>
                  <fromDate standardDate="1727-07-12">12 juillet 1727</fromDate>
                  <toDate standardDate="1738-11-13">13 novembre 1738</toDate>
               </dateRange>
            </function>
         </functions>
         <biogHist>
            <p>Baptisé le 11 février 1688</p>
            <p>Marié à Elisabeth Bréau (voir ET/CI/267, 18 janvier 1728, contrat de mariage)</p>
            <p>Décédé le 15 novembre 1738</p>
         </biogHist>
      </description>
      <relations>
         <cpfRelation xmlns:xlink="http://www.w3.org/1999/xlink"
                      cpfRelationType="associative"
                      xlink:href="FRAN_NP_010142"
                      xlink:type="simple">
            <relationEntry>Etude notariale XV</relationEntry>
            <dateRange>
               <fromDate standardDate="1727-07-12">12 juillet 1727</fromDate>
               <toDate standardDate="1738-11-13">13 novembre 1738</toDate>
            </dateRange>
         </cpfRelation>
         <resourceRelation resourceRelationType="other">
            <relationEntry localType="archival">V1/270, folio 288, 18 juillet 1727, lettre de provision d'office</relationEntry>
         </resourceRelation>
         <resourceRelation resourceRelationType="other">
            <relationEntry localType="archival">ET/LXXXIII/364, 25 novembre 1738, inventaire après décès</relationEntry>
         </resourceRelation>
         <resourceRelation resourceRelationType="other">
            <relationEntry localType="archival">ET/LXXXIII/364, 22 novembre 1738, traité d'office de notaire entre les héritiers d'Etienne-Alexandre de Visigny et Louis Denis Chomel</relationEntry>
         </resourceRelation>
         <resourceRelation xmlns:xlink="http://www.w3.org/1999/xlink"
                           resourceRelationType="creatorOf"
                           xlink:href="FRAN_IR_041446"
                           xlink:type="simple">
            <relationEntry localType="archival">Minutes et répertoires du notaire Étienne Alexandre de VISIGNY, 12 juillet 1727 - 3 décembre 1738 (étude XV)</relationEntry>
         </resourceRelation>
         <resourceRelation xmlns:xlink="http://www.w3.org/1999/xlink"
                           resourceRelationType="creatorOf"
                           xlink:href="FRAN_IR_051803"
                           xlink:type="simple">
            <relationEntry localType="archival">Images du répertoire du notaire Etienne Alexandre de Visigny pour l'étude XV</relationEntry>
         </resourceRelation>
      </relations>
   </cpfDescription>
</eac-cpf>
