<eac-cpf xmlns="urn:isbn:1-931666-33-4"
         xmlns:xsi="http://www.w3.org/2001/XMLSchema-instance"
         xsi:schemaLocation="urn:isbn:1-931666-33-4 cpf.xsd">
   <control>
      <recordId>FRAN_NP_009213</recordId>
      <otherRecordId localType="Ancien_identifiant">9831/PEY</otherRecordId>
      <maintenanceStatus>revised</maintenanceStatus>
      <maintenanceAgency>
         <agencyName>Archives nationales de France</agencyName>
      </maintenanceAgency>
      <languageDeclaration>
         <language languageCode="fre">Français</language>
         <script scriptCode="Latn"/>
      </languageDeclaration>
      <conventionDeclaration>
         <citation>Notice établie conformément à la norme ICA-ISAAR (CPF) 2004, aux normes ISO 8601 pour le système de normalisation des dates utilisé, ainsi que AFNOR NF Z 44-061, juin 1986. Catalogage : forme et structure des vedettes noms de personne, des vedettes titres, des rubriques de classement et des titres forgés.</citation>
      </conventionDeclaration>
      <localControl localType="niveau_de_detail">
         <term>Moyenne</term>
      </localControl>
      <maintenanceHistory>
         <maintenanceEvent>
            <eventType>derived</eventType>
            <eventDateTime>2013-04-23</eventDateTime>
            <agentType>machine</agentType>
            <agent>Import_SIA</agent>
         </maintenanceEvent>
         <maintenanceEvent>
            <eventType>revised</eventType>
            <eventDateTime>2017-09-07</eventDateTime>
            <agentType>human</agentType>
            <agent>Zénaïde ANDRIEU-ROMANEIX</agent>
            <eventDescription>Révisée en septembre 2017. Ajout ISNI, sources et liens d'identité (BnF et Wikipédia), liens d'association avec les NP de ministères existantes, rédaction de la biographie, IR du fonds AP non publié en SIV (fonds non classé). Indexation lieu et activité.</eventDescription>
         </maintenanceEvent>
         <maintenanceEvent>
            <eventType>updated</eventType>
            <eventDateTime>2018-05-04</eventDateTime>
            <agentType>human</agentType>
            <agent>Isabelle ARISTIDE-HASTIR</agent>
            <eventDescription>P. Charbonnier, 4 mai 2018 : modification des liens vers IR_055199, IR_020045 et IR_055200 en liens de provenance (créateur et non sujet)</eventDescription>
         </maintenanceEvent>
         <maintenanceEvent>
            <eventType>revised</eventType>
            <eventDateTime>2018-06-28</eventDateTime>
            <agentType>human</agentType>
            <agent>Marie RANQUET</agent>
            <eventDescription>18/09/2018, Marie RANQUET, liens IR_057142 et IR_057146</eventDescription>
         </maintenanceEvent>
         <maintenanceEvent>
            <eventType>updated</eventType>
            <eventDateTime>2018-09-26</eventDateTime>
            <agentType>human</agentType>
            <agent>Samuel GIBIAT</agent>
            <eventDescription>Notice soumise à nouvelle publication par Samuel Gibiat le 25 septembre 2018 après création par Marie Ranquet de nouveaux liens IR et liens Wikipédia et autorité BnF.</eventDescription>
         </maintenanceEvent>
      </maintenanceHistory>
      <sources>
         <source>
            <sourceEntry>Notice BnF n° FRBNF11919489. </sourceEntry>
         </source>
         <source>
            <sourceEntry>Notice Wikipédia : https://fr.wikipedia.org/wiki/Alain_Peyrefitte.</sourceEntry>
         </source>
      </sources>
   </control>
   <cpfDescription>
      <identity>
         <entityId>ISNI 0000 0000 8169 0867</entityId>
         <entityType>person</entityType>
         <nameEntry localType="autorisée" scriptCode="Latn" xml:lang="fre">
            <part>Peyrefitte, Alain (1925-1999)</part>
         </nameEntry>
         <nameEntry>
            <part>Alain-Peyrefitte, Roger (1925-1999)</part>
         </nameEntry>
         <nameEntry>
            <part>Peyrefitte, Roger Antoine (1925-1999)</part>
         </nameEntry>
      </identity>
      <description>
         <existDates>
            <dateRange>
               <fromDate standardDate="1925-08-26">26 août 1925</fromDate>
               <toDate standardDate="1999-11-27">27 novembre 1999</toDate>
            </dateRange>
         </existDates>
         <places>
            <place>
               <placeRole>Lieu général</placeRole>
               <placeEntry localType="nomLieu">Provins</placeEntry>
               <placeEntry localType="lieu" vocabularySource="d3ntb8r1j8-pfqcs6tkazic">Seine-et-Marne (Ile-de-France , département)</placeEntry>
               <dateRange>
                  <fromDate standardDate="1965-01-01">1965</fromDate>
                  <toDate standardDate="1997-12-31">1997</toDate>
               </dateRange>
               <descriptiveNote>
                  <p>Maire.</p>
               </descriptiveNote>
            </place>
            <place>
               <placeRole>Lieu général</placeRole>
               <placeEntry localType="nomLieu">Bray-sur-Seine</placeEntry>
               <placeEntry localType="lieu" vocabularySource="d3ntb8r1j8-pfqcs6tkazic">Seine-et-Marne (Ile-de-France , département)</placeEntry>
               <dateRange>
                  <fromDate standardDate="1964-01-01">1964</fromDate>
                  <toDate standardDate="1988-12-31">1988</toDate>
               </dateRange>
               <descriptiveNote>
                  <p>Conseiller général du canton.</p>
               </descriptiveNote>
            </place>
            <place>
               <placeRole>Lieu général</placeRole>
               <placeEntry localType="nomLieu">Seine-et-Marne</placeEntry>
               <placeEntry localType="lieu" vocabularySource="d3ntb6umju--1cjhempe2foi4">Ile-de-France (France , région administrative)</placeEntry>
               <dateRange>
                  <fromDate standardDate="1958-01-01">1958</fromDate>
                  <toDate standardDate="1999-11-27">27 novembre 1999</toDate>
               </dateRange>
               <descriptiveNote>
                  <p>Député (1958-1995) ; sénateur (1995-1999) ; premier vice-président du Conseil général (1982-1988).</p>
               </descriptiveNote>
            </place>
            <place>
               <placeRole>Lieu général</placeRole>
               <placeEntry localType="nomLieu">Pologne</placeEntry>
               <placeEntry localType="lieu" vocabularySource="d3m08zx99qw-34vr540l8yjz">Cracovie (Pologne)</placeEntry>
               <dateRange>
                  <fromDate standardDate="1954-01-01">1954</fromDate>
                  <toDate standardDate="1956-12-31">1956</toDate>
               </dateRange>
               <descriptiveNote>
                  <p>Consul général de France.</p>
               </descriptiveNote>
            </place>
         </places>
         <occupations>
            <occupation>
               <term vocabularySource="d699msizce3-1fkn61hd3lpjw">journaliste</term>
            </occupation>
            <occupation>
               <term vocabularySource="d699msj3i51--hevk1gms21cg">écrivain</term>
            </occupation>
            <occupation>
               <term vocabularySource="d699msj9l7t-1gb5a09kkzrmp">sénateur</term>
               <dateRange>
                  <fromDate standardDate="1995-10-02">2 octobre 1995</fromDate>
                  <toDate standardDate="1999-11-27">27 novembre 1999</toDate>
               </dateRange>
               <descriptiveNote>
                  <p>Sénateur de Seine-et-Marne.</p>
               </descriptiveNote>
            </occupation>
            <occupation>
               <term vocabularySource="d699msjyazt-1f0ggfyf3is8u">élu local</term>
               <dateRange>
                  <fromDate standardDate="1964-01-01">1964</fromDate>
                  <toDate standardDate="1997-12-31">1997</toDate>
               </dateRange>
               <descriptiveNote>
                  <p>Élu local dans le Val-de-Marne : maire de Provins (1965-1997) ; conseiller général du canton de Bray-sur-Seine (1964-1988) ; premier vice-président du conseil général (1982-1988).</p>
               </descriptiveNote>
            </occupation>
            <occupation>
               <term vocabularySource="d699msj5les--1kxyfzhpd7g0m">secrétaire d'Etat</term>
               <dateRange>
                  <fromDate standardDate="1962-04-14">14 avril 1962</fromDate>
                  <toDate standardDate="1962-09-11">11 septembre 1962</toDate>
               </dateRange>
               <descriptiveNote>
                  <p>Secrétaire d'État chargé de l'Information.</p>
               </descriptiveNote>
            </occupation>
            <occupation>
               <term vocabularySource="d699msjnw86-64seh0fmw8hj">ministre</term>
               <dateRange>
                  <fromDate standardDate="1962-01-01">1962</fromDate>
                  <toDate standardDate="1981-12-31">1981</toDate>
               </dateRange>
               <descriptiveNote>
                  <p>Ministre délégué aux Rapatriés (11 septembre 1962-28 novembre 1962) ; ministre de l'Information (28 novembre 1962-8 janvier 1966) ; ministre délégué à la Recherche scientifique et aux Questions atomiques et spatiales (8 janvier 1966-1er avril 1967) ; ministre de l'Éducation nationale (7 avril 1967-28 mai 1968) ; ministre chargé des Réformes administratives (6 avril 1973-27 février 1974) ; ministre des Affaires culturelles et de l'Environnement (2 mars 1974-27 mai 1974) ; garde des Sceaux, ministre de la Justice (30 mars 1977-13 mai 1981).</p>
               </descriptiveNote>
            </occupation>
            <occupation>
               <term vocabularySource="d699msiribo--1dn34eg8lht4f">député</term>
               <dateRange>
                  <fromDate standardDate="1958-01-01">1958</fromDate>
                  <toDate standardDate="1995-12-31">1995</toDate>
               </dateRange>
               <descriptiveNote>
                  <p>Député de Seine-et-Marne.</p>
               </descriptiveNote>
            </occupation>
            <occupation>
               <term vocabularySource="d699msjqtlt--8qlp1v5rp9ov">diplomate</term>
               <dateRange>
                  <fromDate standardDate="1949-01-01">1949</fromDate>
                  <toDate standardDate="1956-12-31">1956</toDate>
               </dateRange>
               <descriptiveNote>
                  <p>Collaborateur d'André François-Poncet, haut commissaire de la Zone d'occupation française en Allemagne (1949-1952) ; consul général de France en Pologne (1954-1956).</p>
               </descriptiveNote>
            </occupation>
         </occupations>
         <biogHist>
            <p> Alain Peyrefitte (1925-1999) naît le 26 août 1925 à Najac (Aveyron). Prénommé Roger Antoine à la naissance, il change de prénom au cours de ses études pour éviter toute confusion avec l'écrivain Roger Peyrefitte. Il passe son enfance à Aubin, Rodez puis Montpellier.</p>
            <p>À la Libération, il arrive à Paris et est reçu à l'École normale supérieure. En 1946, il intègre l'École nationale d'administration et fait ainsi partie de la première promotion, dite « France combattante ». À sa sortie de l'ENA, il est pendant quelques mois attaché, puis chargé de recherche au CNRS. </p>
            <p>Le 14 décembre 1948, il épouse Monique Luton (Paris, 4 novembre 1924 - Paris, 9 janvier 2005) avec qui il aura cinq enfants : quatre filles, Florence, Christel, Véronique et Emmanuelle, et un fils, Benoît.</p>
            <p>Alain Peyrefitte commence une carrière de diplomate en Allemagne, sous la direction d'André François-Poncet, alors haut commissaire de la Zone d'occupation française en Allemagne. Rentré à Paris en 1952, il repart en 1954 à Cracovie, en Pologne, où il est nommé consul général de France. Il est de retour à Paris en 1956 et se consacre aux affaires européennes au sein du ministère des Affaires étrangères.</p>
            <p>En avril 1958, il se présente, sans succès, aux élections cantonales dans le canton de Bray-sur-Seine (Seine-et-Marne), mais est élu en novembre de la même année député UNR de Seine-et-Marne. Il le reste jusqu'à son élection comme sénateur de Seine-et-Marne le 24 septembre 1995, mandat qu'il conserve jusqu'à sa mort en 1999.</p>
            <p>Alain Peyrefitte est également conseiller général de Bray-sur-Seine de 1964 à 1988, premier vice-président du conseil général de Seine-et-Marne de 1982 à 1988, et maire de Provins pendant 32 ans, de 1965 jusqu'à mars 1997.</p>
            <p>Dès 1958, Alain Peyrefitte est remarqué par le général de Gaulle qui lui confie le dossier algérien et les questions européennes. Il entre au gouvernement en avril 1962 comme secrétaire d'État à l'Information puis est nommé pour quelques semaines, en septembre de la même année, ministre des Rapatriés. En décembre 1962, il devient ministre de l'Information.</p>
            <p>En janvier 1966, à la suite de la réélection du général de Gaulle à la présidence de la République, il est nommé ministre de la Recherche, puis, en avril 1967, ministre de l'Éducation nationale. Il est contraint à la démission le 28 mai 1968.</p>
            <p>De 1968 à 1972, Alain Peyrefitte occupe la fonction de président de la Commission des Affaires culturelles et sociales de l'Assemblée nationale. Il effectue en 1971 une mission parlementaire en Chine, à l'origine de la publication en 1973 de son ouvrage 
     <span style="italic">Quand la Chine s'éveillera… le monde tremblera</span>. 
    </p>
            <p>Secrétaire général du mouvement gaulliste, l'UDR, de 1972 à 1973, il est également chargé de missions de réflexion sur des problèmes de société : la participation (1968-1969) ; la drogue (1969-1970) ; la décentralisation (1973-1974) ; la violence, la criminalité et la délinquance (1976-1977).</p>
            <p>De retour au gouvernement en 1973, il nommé au mois de mars ministre des Réformes administratives et du Plan, puis, en février 1974, ministre des Affaires culturelles et de l'Environnement. La mort de Georges Pompidou entraîne son départ quelques mois plus tard, en mai 1974.</p>
            <p>En mars 1977, il devient garde des Sceaux et ministre de la Justice du gouvernement de Raymond Barre. Il occupera cette fonction jusqu'en mai 1981. Après la victoire de François Mitterrand, il n'occupe plus de fonction ministérielle et se consacre essentiellement à ses activités d'élu local, de sénateur, d'écrivain et de journaliste comme directeur du comité éditorial du 
     <span style="italic">Figaro</span>. 
    </p>
            <p>Parallèlement à sa carrière politique, dès ses années d'études, Alain Peyrefitte entame et poursuit une carrière d'écrivain. Son œuvre littéraire lui vaut d'être élu membre de l'Académie française le 10 février 1977, puis de l'Académie des sciences morales et politiques en 1987.</p>
         </biogHist>
      </description>
      <relations>
         <cpfRelation xmlns:xlink="http://www.w3.org/1999/xlink"
                      cpfRelationType="associative"
                      xlink:href="FRAN_NP_000016"
                      xlink:type="simple">
            <relationEntry>Ministère de l'Éducation nationale</relationEntry>
            <dateRange>
               <fromDate standardDate="1967-04-07">7 avril 1967</fromDate>
               <toDate standardDate="1968-05-28">28 mai 1968</toDate>
            </dateRange>
         </cpfRelation>
         <cpfRelation xmlns:xlink="http://www.w3.org/1999/xlink"
                      cpfRelationType="associative"
                      xlink:href="FRAN_NP_000019"
                      xlink:type="simple">
            <relationEntry>Ministère de l'Information</relationEntry>
            <dateRange>
               <fromDate standardDate="1962-12-06">6 décembre 1962</fromDate>
               <toDate standardDate="1966-01-08">8 janvier 1966</toDate>
            </dateRange>
         </cpfRelation>
         <cpfRelation xmlns:xlink="http://www.w3.org/1999/xlink"
                      cpfRelationType="associative"
                      xlink:href="FRAN_NP_050173"
                      xlink:type="simple">
            <relationEntry>François-Poncet, André (1887-1978)</relationEntry>
            <dateRange>
               <fromDate standardDate="1949-01-01">1949</fromDate>
               <toDate standardDate="1952-12-31">1952</toDate>
            </dateRange>
         </cpfRelation>
         <cpfRelation xmlns:xlink="http://www.w3.org/1999/xlink"
                      cpfRelationType="associative"
                      xlink:href="FRAN_NP_000066"
                      xlink:type="simple">
            <relationEntry>Assemblée nationale</relationEntry>
            <dateRange>
               <fromDate standardDate="1958-01-01">1958</fromDate>
               <toDate standardDate="1995-12-31">1995</toDate>
            </dateRange>
            <descriptiveNote>
               <p>Président de la Commission des Affaires culturelles et sociales.</p>
            </descriptiveNote>
         </cpfRelation>
         <cpfRelation xmlns:xlink="http://www.w3.org/1999/xlink"
                      cpfRelationType="associative"
                      xlink:href="FRAN_NP_000005"
                      xlink:type="simple">
            <relationEntry>France. Ministère de la Culture et de la Communication (1959-....)</relationEntry>
            <dateRange>
               <fromDate standardDate="1974-03-02">2 mars 1974</fromDate>
               <toDate standardDate="1974-05-27">27 mai 1974</toDate>
            </dateRange>
         </cpfRelation>
         <cpfRelation xmlns:xlink="http://www.w3.org/1999/xlink"
                      cpfRelationType="associative"
                      xlink:href="FRAN_NP_000009"
                      xlink:type="simple">
            <relationEntry>Ministère de la Justice</relationEntry>
            <dateRange>
               <fromDate standardDate="1977-03-30">30 mars 1977</fromDate>
               <toDate standardDate="1981-05-13">13 mai 1981</toDate>
            </dateRange>
         </cpfRelation>
         <cpfRelation xmlns:xlink="http://www.w3.org/1999/xlink"
                      cpfRelationType="identity"
                      xlink:href="https://fr.wikipedia.org/wiki/Alain_Peyrefitte"
                      xlink:type="simple">
            <relationEntry>Alain Peyrefitte</relationEntry>
            <dateRange>
               <fromDate standardDate="1925-08-26">26 août 1925</fromDate>
               <toDate standardDate="1999-11-21">21 novembre 1999</toDate>
            </dateRange>
            <descriptiveNote>
               <p>Notice wikipédia</p>
            </descriptiveNote>
         </cpfRelation>
         <cpfRelation xmlns:xlink="http://www.w3.org/1999/xlink"
                      cpfRelationType="identity"
                      xlink:href="http://catalogue.bnf.fr/ark:/12148/cb11919489x"
                      xlink:type="simple">
            <relationEntry>Peyrefitte, Alain (1925-1999) </relationEntry>
            <dateRange>
               <fromDate standardDate="1925-08-26">26 août 1925</fromDate>
               <toDate standardDate="1999-11-21">21 novembre 1999</toDate>
            </dateRange>
            <descriptiveNote>
               <p>Notice d'autorité BnF</p>
            </descriptiveNote>
         </cpfRelation>
         <resourceRelation xmlns:xlink="http://www.w3.org/1999/xlink"
                           resourceRelationType="creatorOf"
                           xlink:href="FRAN_IR_055200"
                           xlink:type="simple">
            <relationEntry localType="archival">Cabinet d'Alain Peyrefitte, ministre de l'Éducation nationale (1967-1968)</relationEntry>
         </resourceRelation>
         <resourceRelation xmlns:xlink="http://www.w3.org/1999/xlink"
                           resourceRelationType="creatorOf"
                           xlink:href="FRAN_IR_055199"
                           xlink:type="simple">
            <relationEntry localType="archival">Cabinet d'Alain Peyrefitte, ministre de la Recherche (1966-1967)</relationEntry>
         </resourceRelation>
         <resourceRelation xmlns:xlink="http://www.w3.org/1999/xlink"
                           resourceRelationType="creatorOf"
                           xlink:href="FRAN_IR_019920"
                           xlink:type="simple">
            <relationEntry localType="archival">Fonds privés du domaine de l'éducation ; Archives personnelles et familiales ; Fonds Alain Peyrefitte (1967-1972)</relationEntry>
         </resourceRelation>
         <resourceRelation xmlns:xlink="http://www.w3.org/1999/xlink"
                           resourceRelationType="creatorOf"
                           xlink:href="FRAN_IR_020045"
                           xlink:type="simple">
            <relationEntry localType="archival">éducation nationale ; Archives privées d'Alain Peyrefitte (1962-1968)</relationEntry>
         </resourceRelation>
      </relations>
   </cpfDescription>
</eac-cpf>
