<eac-cpf xmlns="urn:isbn:1-931666-33-4"
         xmlns:xsi="http://www.w3.org/2001/XMLSchema-instance"
         xsi:schemaLocation="urn:isbn:1-931666-33-4 cpf.xsd">
   <control>
      <recordId>FRAN_NP_010226</recordId>
      <otherRecordId localType="Ancien_identifiant">FRDAFANCH00MC_NAETUDE_099</otherRecordId>
      <maintenanceStatus>derived</maintenanceStatus>
      <maintenanceAgency>
         <agencyName>Archives nationales de France</agencyName>
      </maintenanceAgency>
      <languageDeclaration>
         <language languageCode="fre">Français</language>
         <script scriptCode="Latn"/>
      </languageDeclaration>
      <conventionDeclaration>
         <citation>Notice établie conformément à la norme ICA-ISAAR (CPF) 2004, aux normes ISO 8601 pour le système de normalisation des dates utilisé, ainsi que AFNOR NF Z 44-061, juin 1986. Catalogage : forme et structure des vedettes noms de personne, des vedettes titres, des rubriques de classement et des titres forgés.</citation>
      </conventionDeclaration>
      <localControl localType="niveau_de_detail">
         <term>Moyenne</term>
      </localControl>
      <maintenanceHistory>
         <maintenanceEvent>
            <eventType>derived</eventType>
            <eventDateTime>2013-04-23</eventDateTime>
            <agentType>machine</agentType>
            <agent>Migration ETANOT</agent>
         </maintenanceEvent>
      </maintenanceHistory>
   </control>
   <cpfDescription>
      <identity>
         <entityType>corporateBody</entityType>
         <nameEntry localType="autorisée" scriptCode="Latn" xml:lang="fre">
            <part>Etude XCIX</part>
         </nameEntry>
         <nameEntry>
            <part>indéterminé</part>
         </nameEntry>
      </identity>
      <description>
         <existDates>
            <dateRange>
               <fromDate standardDate="1563-01-01">1563</fromDate>
            </dateRange>
         </existDates>
         <functions>
            <function>
               <term vocabularySource="d3nyui3o8w--11y7jgy8q3wnt">notaire à paris</term>
               <dateRange>
                  <fromDate standardDate="1563-01-01">1563</fromDate>
                  <toDate/>
               </dateRange>
            </function>
         </functions>
         <biogHist>
            <p>Au XVIème siècle, l'étude est instalée sur la paroisse Saint-Germain-l'Auxerrois. En 1614, elle passe rue Saint-Martin, au voisinage de l'hôpital Saint-Julien, et y reste jusqu'en 1777. Jusqu'en 1827, on la trouve dans le Marais (rue des Quatre-Fils ; rue de la Perle ; rue Vieille-du-Temple). Elle déménage alors rue Gramont jusqu'en 1843 et s'installe finalement boulevard des Italiens où elle demeure jusqu'au début du XXème siècle. Fusion avec l'étude LXXV en 1976</p>
         </biogHist>
      </description>
      <relations>
         <cpfRelation xmlns:xlink="http://www.w3.org/1999/xlink"
                      cpfRelationType="associative"
                      xlink:href="FRAN_NP_010353"
                      xlink:type="simple">
            <relationEntry>Vavin, Alexis</relationEntry>
            <dateRange>
               <fromDate standardDate="1822-05-07">7 mai 1822</fromDate>
               <toDate standardDate="1838-01-25">25 janvier 1838</toDate>
            </dateRange>
         </cpfRelation>
         <cpfRelation xmlns:xlink="http://www.w3.org/1999/xlink"
                      cpfRelationType="associative"
                      xlink:href="FRAN_NP_011536"
                      xlink:type="simple">
            <relationEntry>Lenormand, Charles-François</relationEntry>
            <dateRange>
               <fromDate standardDate="1797-11-28">28 novembre 1797</fromDate>
               <toDate standardDate="1816-03-16">16 mars 1816</toDate>
            </dateRange>
         </cpfRelation>
         <cpfRelation xmlns:xlink="http://www.w3.org/1999/xlink"
                      cpfRelationType="associative"
                      xlink:href="FRAN_NP_010525"
                      xlink:type="simple">
            <relationEntry>Saint-Fussien, Valeran de</relationEntry>
            <dateRange>
               <fromDate standardDate="1585-07-16">16 juillet 1585</fromDate>
               <toDate standardDate="1610-04-28">28 avril 1610</toDate>
            </dateRange>
         </cpfRelation>
         <cpfRelation xmlns:xlink="http://www.w3.org/1999/xlink"
                      cpfRelationType="associative"
                      xlink:href="FRAN_NP_012677"
                      xlink:type="simple">
            <relationEntry>Cronier, Pierre-Narcisse</relationEntry>
            <dateRange>
               <fromDate standardDate="1816-03-16">16 mars 1816</fromDate>
               <toDate standardDate="1822-05-07">7 mai 1822</toDate>
            </dateRange>
         </cpfRelation>
         <cpfRelation xmlns:xlink="http://www.w3.org/1999/xlink"
                      cpfRelationType="associative"
                      xlink:href="FRAN_NP_012676"
                      xlink:type="simple">
            <relationEntry>Charpentier, Pierre André</relationEntry>
            <dateRange>
               <fromDate standardDate="1902-07-31">31 juillet 1902</fromDate>
               <toDate standardDate="1926-07-13">13 juillet 1926</toDate>
            </dateRange>
         </cpfRelation>
         <cpfRelation xmlns:xlink="http://www.w3.org/1999/xlink"
                      cpfRelationType="associative"
                      xlink:href="FRAN_NP_010773"
                      xlink:type="simple">
            <relationEntry>Olagnier, Auguste-Robert</relationEntry>
            <dateRange>
               <fromDate standardDate="1876-04-19">19 avril 1876</fromDate>
               <toDate standardDate="1902-07-31">31 juillet 1902</toDate>
            </dateRange>
         </cpfRelation>
         <cpfRelation xmlns:xlink="http://www.w3.org/1999/xlink"
                      cpfRelationType="associative"
                      xlink:href="FRAN_NP_010789"
                      xlink:type="simple">
            <relationEntry>Naret, Maurice Victor Gustave</relationEntry>
            <dateRange>
               <fromDate standardDate="1926-07-13">13 juillet 1926</fromDate>
               <toDate standardDate="1961-07-12">12 juillet 1961</toDate>
            </dateRange>
         </cpfRelation>
         <cpfRelation xmlns:xlink="http://www.w3.org/1999/xlink"
                      cpfRelationType="associative"
                      xlink:href="FRAN_NP_010693"
                      xlink:type="simple">
            <relationEntry>Robillard, Georges II</relationEntry>
            <dateRange>
               <fromDate standardDate="1682-07-11">11 juillet 1682</fromDate>
               <toDate standardDate="1706-02-09">9 février 1706</toDate>
            </dateRange>
         </cpfRelation>
         <cpfRelation xmlns:xlink="http://www.w3.org/1999/xlink"
                      cpfRelationType="associative"
                      xlink:href="FRAN_NP_012999"
                      xlink:type="simple">
            <relationEntry>Bouret, André</relationEntry>
            <dateRange>
               <fromDate standardDate="1645-01-12">12 janvier 1645</fromDate>
               <toDate standardDate="1685-08-02">2 août 1685</toDate>
            </dateRange>
         </cpfRelation>
         <cpfRelation xmlns:xlink="http://www.w3.org/1999/xlink"
                      cpfRelationType="associative"
                      xlink:href="FRAN_NP_013160"
                      xlink:type="simple">
            <relationEntry>Aubry, Eugène-Louis</relationEntry>
            <dateRange>
               <fromDate standardDate="1838-01-25">25 janvier 1838</fromDate>
               <toDate standardDate="1858-04-10">10 avril 1858</toDate>
            </dateRange>
         </cpfRelation>
         <cpfRelation xmlns:xlink="http://www.w3.org/1999/xlink"
                      cpfRelationType="associative"
                      xlink:href="FRAN_NP_012084"
                      xlink:type="simple">
            <relationEntry>Foucault, Charles-Damien</relationEntry>
            <dateRange>
               <fromDate standardDate="1706-02-09">9 février 1706</fromDate>
               <toDate standardDate="1739-07-16">16 juillet 1739</toDate>
            </dateRange>
         </cpfRelation>
         <cpfRelation xmlns:xlink="http://www.w3.org/1999/xlink"
                      cpfRelationType="associative"
                      xlink:href="FRAN_NP_011755"
                      xlink:type="simple">
            <relationEntry>Hazon, Fabien</relationEntry>
            <dateRange>
               <fromDate standardDate="1739-07-17">17 juillet 1739</fromDate>
               <toDate standardDate="1766-05-23">23 mai 1766</toDate>
            </dateRange>
         </cpfRelation>
         <cpfRelation xmlns:xlink="http://www.w3.org/1999/xlink"
                      cpfRelationType="associative"
                      xlink:href="FRAN_NP_011848"
                      xlink:type="simple">
            <relationEntry>Garnier-Deschesnes, Edme</relationEntry>
            <dateRange>
               <fromDate standardDate="1766-05-24">24 mai 1766</fromDate>
               <toDate standardDate="1781-12-31">31 décembre 1781</toDate>
            </dateRange>
         </cpfRelation>
         <cpfRelation xmlns:xlink="http://www.w3.org/1999/xlink"
                      cpfRelationType="associative"
                      xlink:href="FRAN_NP_011939"
                      xlink:type="simple">
            <relationEntry>Gondouin, Pierre-Charles</relationEntry>
            <dateRange>
               <fromDate standardDate="1782-01-04">4 janvier 1782</fromDate>
               <toDate standardDate="1797-11-28">28 novembre 1797</toDate>
            </dateRange>
         </cpfRelation>
         <cpfRelation xmlns:xlink="http://www.w3.org/1999/xlink"
                      cpfRelationType="associative"
                      xlink:href="FRAN_NP_012675"
                      xlink:type="simple">
            <relationEntry>Carrel, Anne</relationEntry>
            <dateRange>
               <fromDate standardDate="1563-01-15">15 janvier 1563</fromDate>
               <toDate standardDate="1585-07-19">19 juillet 1585</toDate>
            </dateRange>
         </cpfRelation>
         <cpfRelation xmlns:xlink="http://www.w3.org/1999/xlink"
                      cpfRelationType="associative"
                      xlink:href="FRAN_NP_010524"
                      xlink:type="simple">
            <relationEntry>Saint-Fussien, Jacques de</relationEntry>
            <dateRange>
               <fromDate standardDate="1614-02-20">20 février 1614</fromDate>
               <toDate standardDate="1635-11-27">27 novembre 1635</toDate>
            </dateRange>
         </cpfRelation>
         <cpfRelation xmlns:xlink="http://www.w3.org/1999/xlink"
                      cpfRelationType="associative"
                      xlink:href="FRAN_NP_012101"
                      xlink:type="simple">
            <relationEntry>Fournier, François</relationEntry>
            <dateRange>
               <fromDate standardDate="1635-11-27">27 novembre 1635</fromDate>
               <toDate standardDate="1645-01-12">12 janvier 1645</toDate>
            </dateRange>
         </cpfRelation>
         <cpfRelation xmlns:xlink="http://www.w3.org/1999/xlink"
                      cpfRelationType="associative"
                      xlink:href="FRAN_NP_012369"
                      xlink:type="simple">
            <relationEntry>Destrem, Dominique Georges</relationEntry>
            <dateRange>
               <fromDate standardDate="1961-07-12">12 juillet 1961</fromDate>
               <toDate standardDate="1976-12-29">29 décembre 1976</toDate>
            </dateRange>
         </cpfRelation>
         <cpfRelation xmlns:xlink="http://www.w3.org/1999/xlink"
                      cpfRelationType="associative"
                      xlink:href="FRAN_NP_012370"
                      xlink:type="simple">
            <relationEntry>Du boys, Silvius</relationEntry>
            <dateRange>
               <fromDate standardDate="1858-04-10">10 avril 1858</fromDate>
               <toDate standardDate="1876-04-19">19 avril 1876</toDate>
            </dateRange>
         </cpfRelation>
         <resourceRelation xmlns:xlink="http://www.w3.org/1999/xlink"
                           resourceRelationType="subjectOf"
                           xlink:href="FRAN_IR_043058"
                           xlink:type="simple">
            <relationEntry localType="archival">Minutes et répertoires du notaire Pierre Narcisse CRONIER, 16 mars 1816 - 7 mai 1822 (étude XCIX)</relationEntry>
         </resourceRelation>
         <resourceRelation xmlns:xlink="http://www.w3.org/1999/xlink"
                           resourceRelationType="subjectOf"
                           xlink:href="FRAN_IR_043057"
                           xlink:type="simple">
            <relationEntry localType="archival">Minutes et répertoires du notaire Charles François LENORMAND, 28 novembre 1797 - 16 mars 1816 (étude XCIX)</relationEntry>
         </resourceRelation>
         <resourceRelation xmlns:xlink="http://www.w3.org/1999/xlink"
                           resourceRelationType="creatorOf"
                           xlink:href="FRAN_IR_054141"
                           xlink:type="simple">
            <relationEntry localType="archival">«Mélanges» (dossiers de clients) de l’étude XCIX. MC/ET/XCIX/334, MC/ET/XCIX/796-MC/ET/XCIX/798, MC/ET/XCIX/957-MC/ET/XCIX/959 (1575-1818)</relationEntry>
         </resourceRelation>
         <resourceRelation xmlns:xlink="http://www.w3.org/1999/xlink"
                           resourceRelationType="creatorOf"
                           xlink:href="FRAN_IR_053471"
                           xlink:type="simple">
            <relationEntry localType="archival">Images du répertoire du notaire André Bouret pour l'étude XCIX</relationEntry>
         </resourceRelation>
         <resourceRelation xmlns:xlink="http://www.w3.org/1999/xlink"
                           resourceRelationType="creatorOf"
                           xlink:href="FRAN_IR_053431"
                           xlink:type="simple">
            <relationEntry localType="archival">Images des répertoires du notaire Pierre Narcisse Cronier pour l'étude XCIX</relationEntry>
         </resourceRelation>
         <resourceRelation xmlns:xlink="http://www.w3.org/1999/xlink"
                           resourceRelationType="creatorOf"
                           xlink:href="FRAN_IR_053486"
                           xlink:type="simple">
            <relationEntry localType="archival">Images des répertoires du notaire Eugène Louis Aubry pour l'étude XCIX</relationEntry>
         </resourceRelation>
         <resourceRelation xmlns:xlink="http://www.w3.org/1999/xlink"
                           resourceRelationType="creatorOf"
                           xlink:href="FRAN_IR_053172"
                           xlink:type="simple">
            <relationEntry localType="archival">Images des répertoires du notaire Auguste Robert Olagnier pour l'étude XCIX</relationEntry>
         </resourceRelation>
         <resourceRelation xmlns:xlink="http://www.w3.org/1999/xlink"
                           resourceRelationType="creatorOf"
                           xlink:href="FRAN_IR_043051"
                           xlink:type="simple">
            <relationEntry localType="archival">Minutes et répertoires du notaire Anne CARREL, 15 janvier 1563 - 19 juillet 1585 (étude XCIX)</relationEntry>
         </resourceRelation>
         <resourceRelation xmlns:xlink="http://www.w3.org/1999/xlink"
                           resourceRelationType="creatorOf"
                           xlink:href="FRAN_IR_043050"
                           xlink:type="simple">
            <relationEntry localType="archival">Minutes et répertoires du notaire Jacques de SAINT-FUSSIEN, 20 février 1614 - 27 novembre 1635 (étude XCIX)</relationEntry>
         </resourceRelation>
         <resourceRelation xmlns:xlink="http://www.w3.org/1999/xlink"
                           resourceRelationType="creatorOf"
                           xlink:href="FRAN_IR_043052"
                           xlink:type="simple">
            <relationEntry localType="archival">Minutes et répertoires du notaire François FOURNIER, 27 novembre 1635 - 12 janvier 1645 (étude XCIX)</relationEntry>
         </resourceRelation>
         <resourceRelation xmlns:xlink="http://www.w3.org/1999/xlink"
                           resourceRelationType="creatorOf"
                           xlink:href="FRAN_IR_055471"
                           xlink:type="simple">
            <relationEntry localType="archival">Images des répertoires du notaire Georges II Robillard pour l'étude XCIX</relationEntry>
         </resourceRelation>
         <resourceRelation xmlns:xlink="http://www.w3.org/1999/xlink"
                           resourceRelationType="creatorOf"
                           xlink:href="FRAN_IR_055478"
                           xlink:type="simple">
            <relationEntry localType="archival">Images du répertoire du notaire Charles Damien Foucault pour l'étude XCIX</relationEntry>
         </resourceRelation>
         <resourceRelation xmlns:xlink="http://www.w3.org/1999/xlink"
                           resourceRelationType="creatorOf"
                           xlink:href="FRAN_IR_055482"
                           xlink:type="simple">
            <relationEntry localType="archival">Images du répertoire du notaire Fabien Hazon pour l'étude XCIX</relationEntry>
         </resourceRelation>
         <resourceRelation xmlns:xlink="http://www.w3.org/1999/xlink"
                           resourceRelationType="creatorOf"
                           xlink:href="FRAN_IR_055485"
                           xlink:type="simple">
            <relationEntry localType="archival">Images du répertoire du notaire Edme Garnier-Deschesnes pour l'étude XCIX</relationEntry>
         </resourceRelation>
         <resourceRelation xmlns:xlink="http://www.w3.org/1999/xlink"
                           resourceRelationType="creatorOf"
                           xlink:href="FRAN_IR_055486"
                           xlink:type="simple">
            <relationEntry localType="archival">Images du répertoire du notaire Pierre Charles Gondouin pour l'étude XCIX</relationEntry>
         </resourceRelation>
         <resourceRelation xmlns:xlink="http://www.w3.org/1999/xlink"
                           resourceRelationType="creatorOf"
                           xlink:href="FRAN_IR_055488"
                           xlink:type="simple">
            <relationEntry localType="archival">Images des répertoires du notaire Charles François Lenormand pour l'étude XCIX</relationEntry>
         </resourceRelation>
         <resourceRelation xmlns:xlink="http://www.w3.org/1999/xlink"
                           resourceRelationType="creatorOf"
                           xlink:href="FRAN_IR_055491"
                           xlink:type="simple">
            <relationEntry localType="archival">Images des répertoires du notaire Silvius Du Boys pour l'étude XCIX</relationEntry>
         </resourceRelation>
         <resourceRelation xmlns:xlink="http://www.w3.org/1999/xlink"
                           resourceRelationType="creatorOf"
                           xlink:href="FRAN_IR_055492"
                           xlink:type="simple">
            <relationEntry localType="archival">Images des répertoires du notaire Alexis Vavin pour l'étude XCIX</relationEntry>
         </resourceRelation>
         <resourceRelation xmlns:xlink="http://www.w3.org/1999/xlink"
                           resourceRelationType="creatorOf"
                           xlink:href="FRAN_IR_043059"
                           xlink:type="simple">
            <relationEntry localType="archival">Minutes et répertoires du notaire Alexis VAVIN, 7 mai 1822 - 25 janvier 1838 (étude XCIX)</relationEntry>
         </resourceRelation>
         <resourceRelation xmlns:xlink="http://www.w3.org/1999/xlink"
                           resourceRelationType="creatorOf"
                           xlink:href="FRAN_IR_043060"
                           xlink:type="simple">
            <relationEntry localType="archival">Minutes et répertoires du notaire Eugène Louis AUBRY, 25 janvier 1838 - 10 avril 1858 (étude XCIX)</relationEntry>
         </resourceRelation>
         <resourceRelation xmlns:xlink="http://www.w3.org/1999/xlink"
                           resourceRelationType="creatorOf"
                           xlink:href="FRAN_IR_043063"
                           xlink:type="simple">
            <relationEntry localType="archival">Minutes et répertoires du notaire Pierre André CHARPENTIER, 31 juillet 1902 - 4 juillet 1903 (étude XCIX)</relationEntry>
         </resourceRelation>
         <resourceRelation xmlns:xlink="http://www.w3.org/1999/xlink"
                           resourceRelationType="creatorOf"
                           xlink:href="FRAN_IR_043062"
                           xlink:type="simple">
            <relationEntry localType="archival">Minutes et répertoires du notaire Auguste Robert OLAGNIER, 19 avril 1876 - 31 juillet 1902 (étude XCIX)</relationEntry>
         </resourceRelation>
      </relations>
   </cpfDescription>
</eac-cpf>
