<eac-cpf xmlns="urn:isbn:1-931666-33-4"
         xmlns:xsi="http://www.w3.org/2001/XMLSchema-instance"
         xsi:schemaLocation="urn:isbn:1-931666-33-4 cpf.xsd">
   <control>
      <recordId>FRAN_NP_009941</recordId>
      <maintenanceStatus>revised</maintenanceStatus>
      <maintenanceAgency>
         <agencyName>Archives nationales de France</agencyName>
      </maintenanceAgency>
      <languageDeclaration>
         <language languageCode="fre">Français</language>
         <script scriptCode="Latn"/>
      </languageDeclaration>
      <conventionDeclaration>
         <citation>Notice établie conformément à la norme ICA-ISAAR (CPF) 2004, aux normes ISO 8601 pour le système de normalisation des dates utilisé, ainsi que AFNOR NF Z 44-061, juin 1986. Catalogage : forme et structure des vedettes noms de personne, des vedettes titres, des rubriques de classement et des titres forgés.</citation>
      </conventionDeclaration>
      <localControl localType="niveau_de_detail">
         <term>Moyenne</term>
      </localControl>
      <maintenanceHistory>
         <maintenanceEvent>
            <eventType>derived</eventType>
            <eventDateTime>2013-04-23</eventDateTime>
            <agentType>machine</agentType>
            <agent>Import_SIA</agent>
         </maintenanceEvent>
         <maintenanceEvent>
            <eventType>revised</eventType>
            <eventDateTime>2016-02-02</eventDateTime>
            <agentType>human</agentType>
            <agent>Vanessa ASPART</agent>
            <eventDescription>F. Clavaud, 2 février 2016 : revu le nom, ajouté ISNI, liens d'association et familial, indexation activités, n°s notices BnF et Wikipédia</eventDescription>
         </maintenanceEvent>
         <maintenanceEvent>
            <eventType>revised</eventType>
            <eventDateTime>2017-07-05</eventDateTime>
            <agentType>human</agentType>
            <agent>Pascal DAVID-DORMIEN</agent>
         </maintenanceEvent>
         <maintenanceEvent>
            <eventType>updated</eventType>
            <eventDateTime>2017-07-06</eventDateTime>
            <agentType>human</agentType>
            <agent>Isabelle ARISTIDE-HASTIR</agent>
         </maintenanceEvent>
         <maintenanceEvent>
            <eventType>updated</eventType>
            <eventDateTime>2017-07-06</eventDateTime>
            <agentType>human</agentType>
            <agent>Mission.referentiels MISSION.REFERENTIELS</agent>
            <eventDescription>F. Clavaud, 6 juillet 2017 : ajouté liens d'identité, complété qques liens d'association, supprimé indexation fonctions</eventDescription>
         </maintenanceEvent>
         <maintenanceEvent>
            <eventType>revised</eventType>
            <eventDateTime>2017-07-18</eventDateTime>
            <agentType>human</agentType>
            <agent>Pascal DAVID-DORMIEN</agent>
         </maintenanceEvent>
         <maintenanceEvent>
            <eventType>updated</eventType>
            <eventDateTime>2017-11-07</eventDateTime>
            <agentType>human</agentType>
            <agent>Isabelle ARISTIDE-HASTIR</agent>
         </maintenanceEvent>
      </maintenanceHistory>
      <sources>
         <source>
            <sourceEntry>Notice BnF : http://catalogue.bnf.fr/ark:/12148/cb11927825h</sourceEntry>
         </source>
         <source>
            <sourceEntry>Notice Wikipédia : https://fr.wikipedia.org/wiki/Simone_Veil</sourceEntry>
         </source>
         <source>
            <sourceEntry>Archives nationales, fonds Simone Veil (1882-2014)</sourceEntry>
         </source>
      </sources>
   </control>
   <cpfDescription>
      <identity>
         <entityId>ISNI 0000 0001 2149 1361</entityId>
         <entityType>person</entityType>
         <nameEntry localType="autorisée" scriptCode="Latn" xml:lang="fre">
            <part>Veil, Simone (1927-2017)</part>
         </nameEntry>
      </identity>
      <description>
         <existDates>
            <dateRange>
               <fromDate standardDate="1927-07-13">13 juillet 1927</fromDate>
               <toDate standardDate="2017-06-30">30 juin 2017</toDate>
            </dateRange>
         </existDates>
         <occupations>
            <occupation>
               <term vocabularySource="d699msjy3v4--oimn0b7kuvf4">magistrat</term>
            </occupation>
            <occupation>
               <term vocabularySource="d699msj3i51--hevk1gms21cg">écrivain</term>
            </occupation>
            <occupation>
               <term vocabularySource="d699msjnw86-64seh0fmw8hj">ministre</term>
               <dateRange>
                  <fromDate standardDate="1993-01-01">1993</fromDate>
                  <toDate standardDate="1995-12-31">1995</toDate>
               </dateRange>
               <descriptiveNote>
                  <p>ministre des Affaires sociales, de la Santé et de la Ville</p>
               </descriptiveNote>
            </occupation>
            <occupation>
               <term vocabularySource="d3m0bl780ji-ni4u6eapto5b">élu</term>
               <dateRange>
                  <fromDate standardDate="1979-01-01">1979</fromDate>
                  <toDate standardDate="1993-12-31">1993</toDate>
               </dateRange>
               <descriptiveNote>
                  <p>Parlement européen</p>
               </descriptiveNote>
            </occupation>
            <occupation>
               <term vocabularySource="d699msjnw86-64seh0fmw8hj">ministre</term>
               <dateRange>
                  <fromDate standardDate="1974-01-01">1974</fromDate>
                  <toDate standardDate="1979-12-31">1979</toDate>
               </dateRange>
               <descriptiveNote>
                  <p>ministre de la Santé</p>
               </descriptiveNote>
            </occupation>
         </occupations>
         <biogHist>
            <p>Née à Nice en 1927, Simone Veil est une figure incontournable de la vie politique française et européenne à partir du milieu des années 1970. </p>
            <p>Pionnière, elle occupe au sein de l'administration des postes réservés jusqu'alors aux hommes. Rescapée de la Shoah, elle entame des études de droit et devient magistrate dans l'administration pénitentiaire après la Seconde guerre mondiale. Elle débute dans la politique en intégrant le cabinet de René Pleven, garde des Sceaux du gouvernement Chaban-Delmas. Elle occupe par la suite la fonction de ministre de la Santé de Valéry Giscard d'Estaing dans les gouvernements Chirac et Barre (1974-1979). Par son engagement en faveur de la contraception (1974) et de l'interruption volontaire de grossesse (loi Veil, 1975), elle acquiert une grande renommée auprès du public. Première femme assurant la présidence du Parlement de Strasbourg de 1979 à 1982, elle représente un symbole d'émancipation. Elle poursuit sa carrière au ministère des Affaires sociales, de la Santé et de la Ville avec rang de ministre d'Etat dans le gouvernement d'Edouard Balladur. Présidente du Haut conseil à l’intégration (1997-98) et du comité directeur du Fonds au profit des victimes relevant de la Cour pénale internationale (2003-2009), elle siège au Conseil constitutionnel de 1998 à 2007.</p>
            <p> </p>
            <p>Simone Jacob est née le 13 juillet 1927 à Nice. Après Madelaine « Milou », Denise et Jean, Simone est la cadette du couple André Jacob (1891-1944), architecte et Yvonne Steinmetz. La famille Jacob est d'origine juive de Lorraine, mais non pratiquante. Malgré la Seconde Guerre mondiale et l'occupation de la France par l'Allemagne nazie, Simone passe son baccalauréat le 29 mars 1944. Le lendemain elle est arrêtée à Nice par la police allemande, conduite à l'Hôtel Excelsior, occupé alors par la Gestapo, puis elle est envoyée le 7 avril au camp de Drancy près de Paris, où elle retrouve Madeleine et sa mère. Sa sœur Denise, résistante est arrêtée et déportée à Ravensbrück, Jean et André Jacob sont déportés et assassinés en Lituanie. Ensuite, Madelaine, Yvonne et Simone sont transférées au camp de travail de Bobrek (camp du complexe d'Auschwitz-Birkenau en Pologne), où elles parviennent à rester ensemble. Avec l'arrivée des forces Américaines en Allemagne, les Nazis décident de transférer les déportés à Bergen-Belsen à la fin du mois de janvier 1945, c'est la « marche de la mort », infligée aux derniers prisonniers des camps. En mars, Yvonne Jacob meurt du typhus à Bergen-Belsen et le mois suivant le camp est libéré par les troupes britanniques. Le 23 mai 1945, Simone et Madeleine Jacob sont de retour en France où elles retrouvent Denise.</p>
            <p>Simone Veil débute alors ses études à l'Institut d'études politiques de Paris où elle rencontre Antoine Veil. Simone Jacob et Antoine Veil se marient le 26 octobre 1946 à Paris. Le couple aura 3 garçons : Jean (1947), Nicolas (1948) et Pierre-François (1954). Tandis qu'Antoine Veil travaille dans des cabinets ministériels, Simone achève ses études à l'École nationale de la magistrature et réussit le concours en 1956. Entre 1957 et 1964, elle inspecte les établissements pénitentiaires pour le ministère de la Justice, puis en 1959, elle devient membre de la Société internationale de Criminologie comme déléguée nationale. En 1964, elle est nommée à la Direction des Affaires civiles et du Sceau, sous-direction de la Législation : à ce titre elle participe à la réforme du Code Civil pour ce qui relève du droit de la famille. En 1966, elle assume simultanément le poste de secrétaire de la Commission de Réforme de la loi de 1938 sur l'internement des malades mentaux et de secrétaire de la Commission d'études sur les problèmes relatifs à l'adoption. De plus, elle est également conseillère ministérielle de 1964 à 1969, notamment dans le cabinet de René Pleven, garde des Sceaux du gouvernement Chaban-Delmas, qu'elle intègre en 1969, comme conseiller technique chargée de suivre les affaires civiles, avant d'être nommée par le Président de la République, secrétaire du Conseil supérieur de la Magistrature en 1970. Elle est ensuite désignée comme membre des Comités d'experts du Conseil de l'Europe, par le ministre de la Justice (ces comités sont chargés de préparer les conventions européennes sur l'âge de la majorité ainsi que sur la filiation naturelle). En 1971, elle est nommée par le président de la République, Georges Pompidou, membre du Conseil d'administration de l'Office de Radio Télévision Française (ORTF).</p>
            <p>Du 28 mai 1974 au 4 juillet 1979, elle est nommée ministre de la Santé sous la présidence de Valéry Giscard d'Estaing. Pendant son mandat elle fait adopter la loi sur l'Interruption volontaire de grossesse (IVG) le 29 novembre 1974. Cette loi rentre en vigueur le 19 janvier 1975. Peu après la fin de ses fonctions au gouvernement, elle s'engage en faveur du parlement européen. En juin 1979, elle conduit la liste UDF pour les premières élections au Parlement européen au suffrage universel direct.</p>
            <p>Simone Veil devient la première femme présidente du Parlement européen entre juillet 1979 et janvier 1982. Elle préside également pendant deux ans, la commission juridique. Réélue en juin 1984 au Parlement européen sur la liste RPR-UDF qu'elle conduit, Simone Veil mène ensuite une campagne pour devenir présidente du Groupe libéral, démocratique et réformateur, poste qu'elle occupe de 1985 à 1989.</p>
            <p>Durant son mandat, elle est successivement Présidente du Comité français pour l'année Européenne de l'Environnement en 1987, et du Comité Européen pour l'année européenne du cinéma et de la télévision en 1989. Fervente citoyenne de l'Europe, Simone Veil, s'engage l'année suivante dans une troisième législature au Parlement européen entre 1989 et 1993. Durant ce mandat elle s'occupe principalement de la commission européenne chargée d'une assistance financière de la crise du Golfe en 1990.</p>
            <p>À la demande d’Édouard Balladur en avril 1993, Premier ministre sous François Mitterrand, Simone Veil est nommée ministre d'État des Affaires sociales, de la Santé et de la Ville, poste qu'elle assume deux ans, jusqu'à mai 1995. Entre 1997-1998, elle préside le Haut Conseil à l'intégration (HCI), et de 2003 à 2009, le Comité directeur du Fonds au profit des victimes relevant de la Cour pénale Internationale (CPI), tout en siégeant au Conseil constitutionnel jusqu'en 2007. La même année elle soutient Nicolas Sarkozy en vue de son élection à la Présidence de la République.</p>
            <p>Quarante années après sa déportation en Pologne, elle retourne au camp de Birkenau en 1994, avec une délégation du Parlement européen ; elle y revient en janvier 2005, pour participer aux cérémonies du 60e anniversaire de la libération du camp d'Auschwitz par l'armée soviétique, accompagnée de sa famille, d'anciens déportés et de journalistes. Depuis 2001, Simone Veil est présidente de la Fondation pour la Mémoire de la Shoah, dont le siège se trouve au Mémorial du Martyr juif inconnu, rue Geoffroy l'Asnier à Paris, dont elle devient Présidente d'honneur en 2007.</p>
            <p>En parallèle de ses engagements gouvernementaux et européens, elle est membre de partis politiques : l'Union pour la démocratie française (UDF) puis en octobre 2012, l'Union des démocrates et indépendants (UDI), présidé par Jean-Louis Borloo. Par ailleurs, elle rédige son histoire personnelle dans son ouvrage autobiographique 
     <span style="italic">Une vie</span>, publié chez Stock en 2007. Elle est élue à l'Académie française l'année suivante au fauteuil de Pierre Messmer le 20 novembre 2008. 
    </p>
            <p>Simone Veil est docteur 
     <span style="italic">honoris causa</span> de multiples établissements universitaires dont Princeton (New Jersey, États-Unis, 1975), l’Institut Weizmann de Réhovot (Israël, 1976), l’université de Cambridge (Royaume-Uni, 1980), l’université de Georgetown à Washington (États-Unis, 1981), l’université libre de Bruxelles (1984), les universités de Yale (États-Unis, 1980), de Glasgow en Écosse (Royaume-Uni, 1995), de Pennsylvanie (États-Unis, 1997), de Montréal au Québec (Canada, 2007), de Netanya (Israël, 2008), de Bologne (Italie, 2009), Ben Gourion (Israël, 2010), de Tel Aviv (Israël, 2011), et de Meiji (Japon, 2011). 
    </p>
            <p>Pour ses engagements, Simone Veil a reçu de nombreux prix et distinctions honorifiques : prix Athènes de la Fondation Onassis (1980), prix Charlemagne (1981), prix de la Fondation Éléonore et Franklin Roosevelt (1984), prix Truman pour la paix (Jérusalem, 1991), médaille d’or du B’Nai Brith (Washington, 1993), médaille d’or de l’association Stresemann (Mayence, 1993), médaille d’or de la santé pour tous de l’Organisation mondiale de la santé (1997), prix Prince des Asturies et prix Grand Siècle Laurent-Perrier (2005), prix Scopus (Paris, 2007), prix Charles V (Espagne, 2008), prix franco-allemand du journalisme (Paris, 2009), prix Heinrich-Heine (Düsseldorf, 2010), prix européen des droits civiques des Sinti et Roma (Berlin, 2010), prix Schiller (Stuttgart, 2011), médaille Ambroise Paré (Paris, 2012), médaille d’honneur de la Santé et des Affaires sociales (Paris, 2012). Simone Veil a également été distinguée par la grand'croix de la Légion d'honneur en juillet 2012, dont les insignes lui ont été remis au palais de l'Élysée par le Président de la République François Hollande deux mois après.</p>
            <p>Après le décès de Denise Vernay (née Jacob), sa sœur, ancienne résistante, en mars 2013 à 88 ans, puis de son époux, Antoine Veil, en avril 2013, Simone Veil décide de se retirer de toute activité publique et interrompt sa carrière politique. Durant de nombreuses années, des enquêtes d'opinions indiquent régulièrement qu'elle figure toujours parmi les personnalités les plus populaires aux cœurs des Français. </p>
            <p>Simone Veil décède à son domicile parisien le 30 juin 2017 à l'âge de 89 ans.</p>
         </biogHist>
      </description>
      <relations>
         <cpfRelation xmlns:xlink="http://www.w3.org/1999/xlink"
                      cpfRelationType="associative"
                      xlink:href="FRAN_NP_000385"
                      xlink:type="simple">
            <relationEntry>Haut Conseil à l'intégration</relationEntry>
            <dateRange>
               <fromDate standardDate="1997-01-01">1997</fromDate>
               <toDate standardDate="1998-12-31">1998</toDate>
            </dateRange>
            <descriptiveNote>
               <p>S. Veil, présidente du HCI</p>
            </descriptiveNote>
         </cpfRelation>
         <cpfRelation xmlns:xlink="http://www.w3.org/1999/xlink"
                      cpfRelationType="associative"
                      xlink:href="FRAN_NP_000093"
                      xlink:type="simple">
            <relationEntry>Conseil constitutionnel</relationEntry>
            <dateRange>
               <fromDate standardDate="1998-01-01">1998</fromDate>
               <toDate standardDate="2007-12-31">2007</toDate>
            </dateRange>
            <descriptiveNote>
               <p>S. Veil, membre du Conseil constitutionnel</p>
            </descriptiveNote>
         </cpfRelation>
         <cpfRelation xmlns:xlink="http://www.w3.org/1999/xlink"
                      cpfRelationType="associative"
                      xlink:href="FRAN_NP_009196"
                      xlink:type="simple">
            <relationEntry>Balladur, Édouard</relationEntry>
            <dateRange>
               <fromDate standardDate="1993-01-01">1993</fromDate>
               <toDate standardDate="2017-06-30">30 juin 2017</toDate>
            </dateRange>
         </cpfRelation>
         <cpfRelation xmlns:xlink="http://www.w3.org/1999/xlink"
                      cpfRelationType="associative"
                      xlink:href="FRAN_NP_050187"
                      xlink:type="simple">
            <relationEntry>Pleven, René (1901-1993)</relationEntry>
            <dateRange>
               <fromDate standardDate="1969-01-01">1969</fromDate>
               <toDate standardDate="1969-12-31">1969</toDate>
            </dateRange>
         </cpfRelation>
         <cpfRelation xmlns:xlink="http://www.w3.org/1999/xlink"
                      cpfRelationType="associative"
                      xlink:href="FRAN_NP_000042"
                      xlink:type="simple">
            <relationEntry>Conseil supérieur de la magistrature</relationEntry>
            <dateRange>
               <fromDate standardDate="1970-01-01">1970</fromDate>
               <toDate standardDate="1970-12-31">1970</toDate>
            </dateRange>
         </cpfRelation>
         <cpfRelation xmlns:xlink="http://www.w3.org/1999/xlink"
                      cpfRelationType="associative"
                      xlink:href="FRAN_NP_000347"
                      xlink:type="simple">
            <relationEntry>Office de radiodiffusion-télévision française (1964-1974)</relationEntry>
            <dateRange>
               <fromDate standardDate="1971-01-01">1971</fromDate>
               <toDate standardDate="1971-12-31">1971</toDate>
            </dateRange>
         </cpfRelation>
         <cpfRelation xmlns:xlink="http://www.w3.org/1999/xlink"
                      cpfRelationType="associative"
                      xlink:href="FRAN_NP_009907"
                      xlink:type="simple">
            <relationEntry>Giscard d'Estaing, Valéry</relationEntry>
            <dateRange>
               <fromDate standardDate="1974-01-01">1974</fromDate>
               <toDate standardDate="1979-12-31">1979</toDate>
            </dateRange>
         </cpfRelation>
         <cpfRelation xmlns:xlink="http://www.w3.org/1999/xlink"
                      cpfRelationType="associative"
                      xlink:href="FRAN_NP_000009"
                      xlink:type="simple">
            <relationEntry>Ministère de la Justice</relationEntry>
            <dateRange>
               <fromDate standardDate="1956-01-01">1956</fromDate>
               <toDate standardDate="1971-12-31">1971</toDate>
            </dateRange>
         </cpfRelation>
         <cpfRelation xmlns:xlink="http://www.w3.org/1999/xlink"
                      cpfRelationType="associative"
                      xlink:href="FRAN_NP_004953"
                      xlink:type="simple">
            <relationEntry>Ministère de la Santé (1969-1983)</relationEntry>
            <dateRange>
               <fromDate standardDate="1974-05-28">28 mai 1974</fromDate>
               <toDate standardDate="1979-07-04">4 juillet 1979</toDate>
            </dateRange>
            <descriptiveNote>
               <p>ministre</p>
            </descriptiveNote>
         </cpfRelation>
         <cpfRelation xmlns:xlink="http://www.w3.org/1999/xlink"
                      cpfRelationType="associative"
                      xlink:href="FRAN_NP_009649"
                      xlink:type="simple">
            <relationEntry>Ministère des Affaires sociales (1988-1995)</relationEntry>
            <dateRange>
               <fromDate standardDate="1993-03-30">30 mars 1993</fromDate>
               <toDate standardDate="1995-05-11">11 mai 1995</toDate>
            </dateRange>
            <descriptiveNote>
               <p>ministre</p>
            </descriptiveNote>
         </cpfRelation>
         <cpfRelation xmlns:xlink="http://www.w3.org/1999/xlink"
                      cpfRelationType="family"
                      xlink:href="FRAN_NP_050963"
                      xlink:type="simple">
            <relationEntry>Veil, Antoine (1926-2013)</relationEntry>
            <descriptiveNote>
               <p> Antoine Veil épouse Simone Jacob en 1946 </p>
            </descriptiveNote>
         </cpfRelation>
         <cpfRelation xmlns:xlink="http://www.w3.org/1999/xlink"
                      cpfRelationType="family"
                      xlink:href="FRAN_NP_051527"
                      xlink:type="simple">
            <relationEntry>Vernay, Denise (1924-2013)</relationEntry>
            <descriptiveNote>
               <p> Soeur de Denise Vernay </p>
            </descriptiveNote>
         </cpfRelation>
         <cpfRelation xmlns:xlink="http://www.w3.org/1999/xlink"
                      cpfRelationType="identity"
                      xlink:href="https://fr.wikipedia.org/wiki/Simone_Veil"
                      xlink:type="simple">
            <relationEntry>Simone Veil</relationEntry>
            <dateRange>
               <fromDate standardDate="1927-07-13">13 juillet 1927</fromDate>
               <toDate standardDate="2017-06-30">30 juin 2017</toDate>
            </dateRange>
            <descriptiveNote>
               <p>Notice Wikipédia</p>
            </descriptiveNote>
         </cpfRelation>
         <cpfRelation xmlns:xlink="http://www.w3.org/1999/xlink"
                      cpfRelationType="identity"
                      xlink:href="http://catalogue.bnf.fr/ark:/12148/cb11927825h"
                      xlink:type="simple">
            <relationEntry>Veil, Simone (1927-2017)</relationEntry>
            <dateRange>
               <fromDate standardDate="1927-07-13">13 juillet 1927</fromDate>
               <toDate standardDate="2017-06-30">30 juin 2017</toDate>
            </dateRange>
            <descriptiveNote>
               <p>Notice d'autorité BnF</p>
            </descriptiveNote>
         </cpfRelation>
         <resourceRelation xmlns:xlink="http://www.w3.org/1999/xlink"
                           resourceRelationType="creatorOf"
                           xlink:href="FRAN_IR_056142"
                           xlink:type="simple">
            <relationEntry localType="archival">Cabinet De Simone Veil, ministre des affaires sociales, de la santé et de la ville : dossiers de Sylvie Dreyfus, conseiller technique en charge de l'information, de la communication et des relations avec la presse</relationEntry>
         </resourceRelation>
         <resourceRelation xmlns:xlink="http://www.w3.org/1999/xlink"
                           resourceRelationType="creatorOf"
                           xlink:href="FRAN_IR_056137"
                           xlink:type="simple">
            <relationEntry localType="archival">Cabinet de Simone Veil, ministre des affaires sociales, de la sante et de la ville : dossiers de Michel Duraffourg, conseiller technique en charge de l'assurance maladie</relationEntry>
         </resourceRelation>
         <resourceRelation xmlns:xlink="http://www.w3.org/1999/xlink"
                           resourceRelationType="creatorOf"
                           xlink:href="FRAN_IR_056151"
                           xlink:type="simple">
            <relationEntry localType="archival">Cabinet de Simone Veil, ministre des affaires sociales, de la santé et de la ville : Chrono de Christophe Lecourtier, conseiller technique chargé des affaires européennes et internationales et de l'Outre-mer</relationEntry>
         </resourceRelation>
         <resourceRelation xmlns:xlink="http://www.w3.org/1999/xlink"
                           resourceRelationType="creatorOf"
                           xlink:href="FRAN_IR_056156"
                           xlink:type="simple">
            <relationEntry localType="archival">Cabinet de Simone Veil, ministre des affaires sociales, de la santé et de la ville : dossiers de Agnès Audier, conseiller technique chargé de l'insertion professionnelle et sociale</relationEntry>
         </resourceRelation>
         <resourceRelation xmlns:xlink="http://www.w3.org/1999/xlink"
                           resourceRelationType="creatorOf"
                           xlink:href="FRAN_IR_056136"
                           xlink:type="simple">
            <relationEntry localType="archival">Cabinet de Simone Veil, ministre des affaires sociales, de la santé et de la ville : dossiers de Agnès Claret de Fleurieu, conseiller chargé de la politique de la ville et des questions d'immigration</relationEntry>
         </resourceRelation>
         <resourceRelation xmlns:xlink="http://www.w3.org/1999/xlink"
                           resourceRelationType="creatorOf"
                           xlink:href="FRAN_IR_056138"
                           xlink:type="simple">
            <relationEntry localType="archival">Cabinet de Simone Veil, ministre des affaires sociales, de la santé et de la ville : dossiers de Alix de la Bretesche, conseiller technique chargé du droit des femmes</relationEntry>
         </resourceRelation>
         <resourceRelation xmlns:xlink="http://www.w3.org/1999/xlink"
                           resourceRelationType="creatorOf"
                           xlink:href="FRAN_IR_056149"
                           xlink:type="simple">
            <relationEntry localType="archival">Cabinet de Simone Veil, ministre des affaires sociales, de la santé et de la ville : dossiers de André Ribet, conseiller chargé de la santé, de la recherche et des enseignements médicaux</relationEntry>
         </resourceRelation>
         <resourceRelation xmlns:xlink="http://www.w3.org/1999/xlink"
                           resourceRelationType="creatorOf"
                           xlink:href="FRAN_IR_056143"
                           xlink:type="simple">
            <relationEntry localType="archival">Cabinet de Simone Veil, ministre des affaires sociales, de la santé et de la ville : dossiers de Bertrand Fragonard, chargé de mission</relationEntry>
         </resourceRelation>
         <resourceRelation xmlns:xlink="http://www.w3.org/1999/xlink"
                           resourceRelationType="creatorOf"
                           xlink:href="FRAN_IR_056139"
                           xlink:type="simple">
            <relationEntry localType="archival">Cabinet de Simone Veil, ministre des affaires sociales, de la santé et de la ville : dossiers de Christophe Lecourtier, conseiller technique chargé des affaires européennes et internationales et de l'Outre-Mer</relationEntry>
         </resourceRelation>
         <resourceRelation xmlns:xlink="http://www.w3.org/1999/xlink"
                           resourceRelationType="creatorOf"
                           xlink:href="FRAN_IR_056144"
                           xlink:type="simple">
            <relationEntry localType="archival">Cabinet de Simone Veil, ministre des affaires sociales, de la santé et de la ville : dossiers de Claire Trouvé, conseiller technique chargé des relations avec le Parlement et les élus locaux</relationEntry>
         </resourceRelation>
         <resourceRelation xmlns:xlink="http://www.w3.org/1999/xlink"
                           resourceRelationType="creatorOf"
                           xlink:href="FRAN_IR_056146"
                           xlink:type="simple">
            <relationEntry localType="archival">Cabinet de Simone Veil, ministre des affaires sociales, de la santé et de la ville : dossiers de Dominique Chagnollaud, conseiller pour les questions de communication et d'économie sociale</relationEntry>
         </resourceRelation>
         <resourceRelation xmlns:xlink="http://www.w3.org/1999/xlink"
                           resourceRelationType="creatorOf"
                           xlink:href="FRAN_IR_056141"
                           xlink:type="simple">
            <relationEntry localType="archival">Cabinet de Simone Veil, ministre des affaires sociales, de la santé et de la ville : dossiers de Dominique Le Vert, directeur de cabinet</relationEntry>
         </resourceRelation>
         <resourceRelation xmlns:xlink="http://www.w3.org/1999/xlink"
                           resourceRelationType="creatorOf"
                           xlink:href="FRAN_IR_056150"
                           xlink:type="simple">
            <relationEntry localType="archival">Cabinet de Simone Veil, ministre des affaires sociales, de la santé et de la ville : dossiers de Dominique Libault, conseiller technique en charge du financement social</relationEntry>
         </resourceRelation>
         <resourceRelation xmlns:xlink="http://www.w3.org/1999/xlink"
                           resourceRelationType="creatorOf"
                           xlink:href="FRAN_IR_056147"
                           xlink:type="simple">
            <relationEntry localType="archival">Cabinet de Simone Veil, ministre des affaires sociales, de la santé et de la ville : dossiers de François Noisette et de son prédécesseur Patrick Laporte, conseillers techniques chargés de la politique de la ville</relationEntry>
         </resourceRelation>
         <resourceRelation xmlns:xlink="http://www.w3.org/1999/xlink"
                           resourceRelationType="creatorOf"
                           xlink:href="FRAN_IR_056140"
                           xlink:type="simple">
            <relationEntry localType="archival">Cabinet de Simone Veil, ministre des affaires sociales, de la santé et de la ville : dossiers de Frédérique Leprince, conseiller technique chargé de l'enfance et de la famille</relationEntry>
         </resourceRelation>
         <resourceRelation xmlns:xlink="http://www.w3.org/1999/xlink"
                           resourceRelationType="creatorOf"
                           xlink:href="FRAN_IR_056145"
                           xlink:type="simple">
            <relationEntry localType="archival">Cabinet de Simone Veil, ministre des affaires sociales, de la santé et de la ville : dossiers de Jean Legrain, chef de cabinet</relationEntry>
         </resourceRelation>
         <resourceRelation xmlns:xlink="http://www.w3.org/1999/xlink"
                           resourceRelationType="creatorOf"
                           xlink:href="FRAN_IR_056153"
                           xlink:type="simple">
            <relationEntry localType="archival">Cabinet de Simone Veil, ministre des affaires sociales, de la santé et de la ville : dossiers de Jean-Paul Le Divenah et de son prédécesseur Bertrand-Pierre Galey, conseillers techniques chargés des questions d'immigration et d'intégration</relationEntry>
         </resourceRelation>
         <resourceRelation xmlns:xlink="http://www.w3.org/1999/xlink"
                           resourceRelationType="creatorOf"
                           xlink:href="FRAN_IR_056155"
                           xlink:type="simple">
            <relationEntry localType="archival">Cabinet de Simone Veil, ministre des affaires sociales, de la santé et de la ville : dossiers de Philippe Bas, conseiller puis directeur adjoint de cabinet</relationEntry>
         </resourceRelation>
         <resourceRelation xmlns:xlink="http://www.w3.org/1999/xlink"
                           resourceRelationType="creatorOf"
                           xlink:href="FRAN_IR_056148"
                           xlink:type="simple">
            <relationEntry localType="archival">Cabinet de Simone Veil, ministre des affaires sociales, de la santé et de la ville : dossiers de Raymonde Tailleur, conseiller technique chargé des personnes handicapées, du travail social, de l'exclusion, des accidents du travail et maladies professionnelles</relationEntry>
         </resourceRelation>
         <resourceRelation xmlns:xlink="http://www.w3.org/1999/xlink"
                           resourceRelationType="creatorOf"
                           xlink:href="FRAN_IR_050929"
                           xlink:type="simple">
            <relationEntry localType="archival">Fonds Simone VEIL (1882-2014)</relationEntry>
         </resourceRelation>
         <resourceRelation xmlns:xlink="http://www.w3.org/1999/xlink"
                           resourceRelationType="creatorOf"
                           xlink:href="FRAN_IR_054647"
                           xlink:type="simple">
            <relationEntry localType="archival">Radio France, France Inter. Archives papier des émissions de Jacques chancel « Radioscopie », «Parenthèse », « Quotidien pluriel » 1971-1990</relationEntry>
         </resourceRelation>
         <resourceRelation xmlns:xlink="http://www.w3.org/1999/xlink"
                           resourceRelationType="creatorOf"
                           xlink:href="FRAN_IR_022770"
                           xlink:type="simple">
            <relationEntry localType="archival">Santé ; Direction générale de la santé ; conseiller technique (1957-1983)</relationEntry>
         </resourceRelation>
         <resourceRelation xmlns:xlink="http://www.w3.org/1999/xlink"
                           resourceRelationType="creatorOf"
                           xlink:href="FRAN_IR_009303"
                           xlink:type="simple">
            <relationEntry localType="archival">Santé ; Service information, communication (1981-1995)</relationEntry>
         </resourceRelation>
         <resourceRelation xmlns:xlink="http://www.w3.org/1999/xlink"
                           resourceRelationType="creatorOf"
                           xlink:href="FRAN_IR_016078"
                           xlink:type="simple">
            <relationEntry localType="archival">Services communs à la santé et au travail ; Cabinet et services rattachés au Ministre ; Bureau presse, information, oeuvres (1993-1997)</relationEntry>
         </resourceRelation>
         <resourceRelation xmlns:xlink="http://www.w3.org/1999/xlink"
                           resourceRelationType="creatorOf"
                           xlink:href="FRAN_IR_006372"
                           xlink:type="simple">
            <relationEntry localType="archival">Services communs à la santé et au travail ; Direction de l'administration générale, du personnel et du budget ; Division de la documentation, des publications et de l'information ; Bureau documentation (1966-1979)</relationEntry>
         </resourceRelation>
      </relations>
   </cpfDescription>
</eac-cpf>
