<eac-cpf xmlns="urn:isbn:1-931666-33-4"
         xmlns:xsi="http://www.w3.org/2001/XMLSchema-instance"
         xsi:schemaLocation="urn:isbn:1-931666-33-4 cpf.xsd">
   <control>
      <recordId>FRAN_NP_005078</recordId>
      <otherRecordId localType="Ancien_identifiant">5103/BDL</otherRecordId>
      <maintenanceStatus>revised</maintenanceStatus>
      <maintenanceAgency>
         <agencyName>Archives nationales de France</agencyName>
      </maintenanceAgency>
      <languageDeclaration>
         <language languageCode="fre">Français</language>
         <script scriptCode="Latn"/>
      </languageDeclaration>
      <conventionDeclaration>
         <citation>Notice établie conformément à la norme ICA-ISAAR (CPF) 2004, aux normes ISO 8601 pour le système de normalisation des dates utilisé, ainsi que AFNOR NF Z 44-061, juin 1986. Catalogage : forme et structure des vedettes noms de personne, des vedettes titres, des rubriques de classement et des titres forgés.</citation>
      </conventionDeclaration>
      <localControl localType="niveau_de_detail">
         <term>Complète</term>
      </localControl>
      <maintenanceHistory>
         <maintenanceEvent>
            <eventType>derived</eventType>
            <eventDateTime>2013-04-23</eventDateTime>
            <agentType>machine</agentType>
            <agent>Import_SIA</agent>
         </maintenanceEvent>
         <maintenanceEvent>
            <eventType>revised</eventType>
            <eventDateTime>2016-02-23</eventDateTime>
            <agentType>human</agentType>
            <agent>Marine ZELVERTE</agent>
            <eventDescription/>
         </maintenanceEvent>
         <maintenanceEvent>
            <eventType>updated</eventType>
            <eventDateTime>2017-03-29</eventDateTime>
            <agentType>human</agentType>
            <agent>Marine ZELVERTE</agent>
         </maintenanceEvent>
         <maintenanceEvent>
            <eventType>updated</eventType>
            <eventDateTime>2017-04-06</eventDateTime>
            <agentType>human</agentType>
            <agent>Mission.referentiels MISSION.REFERENTIELS</agent>
         </maintenanceEvent>
         <maintenanceEvent>
            <eventType>revised</eventType>
            <eventDateTime>2017-04-14</eventDateTime>
            <agentType>human</agentType>
            <agent>Mission.referentiels MISSION.REFERENTIELS</agent>
         </maintenanceEvent>
         <maintenanceEvent>
            <eventType>updated</eventType>
            <eventDateTime>2017-04-14</eventDateTime>
            <agentType>human</agentType>
            <agent>Mission.referentiels MISSION.REFERENTIELS</agent>
            <eventDescription>F. Clavaud, 14 avril 2017 : recréé les liens hiérarchiques </eventDescription>
         </maintenanceEvent>
      </maintenanceHistory>
      <sources>
         <source>
            <sourceEntry>Bottin administratif</sourceEntry>
         </source>
      </sources>
   </control>
   <cpfDescription>
      <identity>
         <entityType>corporateBody</entityType>
         <nameEntry localType="autorisée" scriptCode="Latn" xml:lang="fre">
            <part>France. Direction du Livre et de la Lecture. Bureau du développement de la lecture (1993-2010)</part>
         </nameEntry>
         <nameEntry>
            <part>Bureau des publics et du développement de la lecture</part>
            <useDates>
               <dateRange>
                  <fromDate standardDate="1993-03-22">22 mars 1993</fromDate>
                  <toDate standardDate="1994-12-31">31 décembre 1994</toDate>
               </dateRange>
            </useDates>
         </nameEntry>
      </identity>
      <description>
         <existDates>
            <dateRange>
               <fromDate standardDate="1993-03-22">22 mars 1993</fromDate>
               <toDate standardDate="2010-01-12">12 janvier 2010</toDate>
            </dateRange>
         </existDates>
         <legalStatuses>
            <legalStatus>
               <term vocabularySource="d5blonaxbw--1mt8t42bokzts">service d'administration centrale</term>
            </legalStatus>
         </legalStatuses>
         <mandates>
            <mandate>
               <descriptiveNote>
                  <p>Arrêté du 19 mars 1993 relatif à l'organisation de la direction du livre et de la lecture (https://www.legifrance.gouv.fr/affichTexte.do?cidTexte=JORFTEXT000000163938&amp;fastPos=20&amp;fastReqId=2035075412&amp;categorieLien=id&amp;oldAction=rechTexte)</p>
                  <p>Arrêtés du 9 mai 1995 relatifs à l'organisation de la direction du Livre et de la Lecture (https://www.legifrance.gouv.fr/affichTexte.do?cidTexte=JORFTEXT000000353930&amp;fastPos=41&amp;fastReqId=720883689&amp;categorieLien=id&amp;oldAction=rechTexte)</p>
                  <p>Décret n° 2009-1393 du 11 novembre 2009 relatif aux missions et à l'organisation de l'administration centrale du ministère de la culture et de la communication (https://www.legifrance.gouv.fr/affichTexte.do?cidTexte=JORFTEXT000021262661&amp;fastPos=1&amp;fastReqId=1165052470&amp;categorieLien=id&amp;oldAction=rechTexte)</p>
               </descriptiveNote>
            </mandate>
         </mandates>
         <biogHist>
            <p>
               <span style="underline">Historique :</span>
            </p>
            <p>Le bureau des publics et du développement de la lecture est mis en place suite à l'arrêté du 19 mars 1993 (publié au Journal Officiel le 21 mars) qui crée au sein de la direction du Livre et de la Lecture (DLL) le département de l'action régionale et des bibliothèques territoriales. Il reprend une partie des missions du bureau du patrimoine, de l'informatique et de l'audiovisuel, ainsi que du bureau des établissements, de la formation et de la lecture.</p>
            <p>Il est maintenu par l'arrêté du 9 mai 1995 qui supprime le département de l'action régionale et des bibliothèques territoriales, et fait alors partie du département des politiques documentaires et patrimoniales.</p>
            <p>Il disparaît avec la DLL en vertu du décret du 11 novembre 2009 (entré en vigueur le 13 janvier 2010) qui redéfinit l'organisation du ministère en réduisant le nombre des directions à trois.</p>
            <p/>
            <p>
               <span style="underline">Missions :</span>
            </p>
            <p> Il est chargé : </p>
            <list>
               <item>du développement de la lecture pour les comités d'entreprise, les prisons, l'armée, les hôpitaux, et pour les handicapés visuels ; </item>
               <item>de mener des actions dans le cadre de l'aménagement du territoire (politique de la ville et zones rurales) ;</item>
               <item>de mener des actions en direction des jeunes, du milieu scolaire et des universités ;</item>
               <item>du développement des collections des bibliothèques publiques et associatives.</item>
            </list>
         </biogHist>
      </description>
      <relations>
         <cpfRelation xmlns:xlink="http://www.w3.org/1999/xlink"
                      cpfRelationType="temporal-earlier"
                      xlink:href="FRAN_NP_005082"
                      xlink:type="simple">
            <relationEntry>France. Direction du Livre et de la Lecture. Bureau des établissements, de la formation et de la lecture (1989-1993)</relationEntry>
            <dateRange>
               <fromDate standardDate="1993-03-22">22 mars 1993</fromDate>
            </dateRange>
         </cpfRelation>
         <cpfRelation xmlns:xlink="http://www.w3.org/1999/xlink"
                      cpfRelationType="temporal-earlier"
                      xlink:href="FRAN_NP_005083"
                      xlink:type="simple">
            <relationEntry>France. Direction du Livre et de la Lecture. Bureau du patrimoine, de l'informatique et de l'audiovisuel (1989-1993)</relationEntry>
            <dateRange>
               <fromDate standardDate="1993-03-22">22 mars 1993</fromDate>
            </dateRange>
         </cpfRelation>
         <cpfRelation xmlns:xlink="http://www.w3.org/1999/xlink"
                      cpfRelationType="hierarchical-parent"
                      xlink:href="FRAN_NP_005674"
                      xlink:type="simple">
            <relationEntry>France. Direction du Livre et de la Lecture. Département de l'action régionale et des bibliothèques territoriales (1993-1995)</relationEntry>
            <dateRange>
               <fromDate standardDate="1993-03-22">22 mars 1993</fromDate>
               <toDate standardDate="1995-05-11">11 mai 1995</toDate>
            </dateRange>
            <descriptiveNote>
               <p>@isPartOf@</p>
            </descriptiveNote>
         </cpfRelation>
         <cpfRelation xmlns:xlink="http://www.w3.org/1999/xlink"
                      cpfRelationType="hierarchical-parent"
                      xlink:href="FRAN_NP_005085"
                      xlink:type="simple">
            <relationEntry>France. Direction du Livre et de la Lecture. Département des bibliothèques territoriales et du développement de la lecture (1995-2010)</relationEntry>
            <dateRange>
               <fromDate standardDate="1995-05-12">12 mai 1995</fromDate>
               <toDate standardDate="2010-01-12">12 janvier 2010</toDate>
            </dateRange>
            <descriptiveNote>
               <p>@isPartOf@</p>
            </descriptiveNote>
         </cpfRelation>
      </relations>
   </cpfDescription>
</eac-cpf>
