<eac-cpf xmlns="urn:isbn:1-931666-33-4"
         xmlns:xsi="http://www.w3.org/2001/XMLSchema-instance"
         xsi:schemaLocation="urn:isbn:1-931666-33-4 cpf.xsd">
   <control>
      <recordId>FRAN_NP_009963</recordId>
      <maintenanceStatus>revised</maintenanceStatus>
      <maintenanceAgency>
         <agencyName>Archives nationales de France</agencyName>
      </maintenanceAgency>
      <languageDeclaration>
         <language languageCode="fre">Français</language>
         <script scriptCode="Latn"/>
      </languageDeclaration>
      <conventionDeclaration>
         <citation>Notice établie conformément à la norme ICA-ISAAR (CPF) 2004, aux normes ISO 8601 pour le système de normalisation des dates utilisé, ainsi que AFNOR NF Z 44-061, juin 1986. Catalogage : forme et structure des vedettes noms de personne, des vedettes titres, des rubriques de classement et des titres forgés.</citation>
      </conventionDeclaration>
      <localControl localType="niveau_de_detail">
         <term>Complète</term>
      </localControl>
      <maintenanceHistory>
         <maintenanceEvent>
            <eventType>derived</eventType>
            <eventDateTime>2015-09-30</eventDateTime>
            <agentType>machine</agentType>
            <agent>Import_SIA</agent>
         </maintenanceEvent>
         <maintenanceEvent>
            <eventType>revised</eventType>
            <eventDateTime>2016-08-17</eventDateTime>
            <agentType>human</agentType>
            <agent>Emmanuelle GIRY</agent>
         </maintenanceEvent>
         <maintenanceEvent>
            <eventType>updated</eventType>
            <eventDateTime>2017-03-20</eventDateTime>
            <agentType>human</agentType>
            <agent>Mission.referentiels MISSION.REFERENTIELS</agent>
            <eventDescription>F. Clavaud, 20 mars 2017 : revu le nom, ajouté fonctions, liens d'identité, qques liens d'association</eventDescription>
         </maintenanceEvent>
      </maintenanceHistory>
      <sources>
         <source>
            <sourceEntry>École nationale des chartes, Livre du centenaire (1821-1921), Paris, Picard, 1921, 398 p., 2v. </sourceEntry>
         </source>
         <source>
            <sourceEntry> L'École des chartes et la guerre (1914-1918) : livre d'or orné de 51 portraits, Paris, Société de l'École des chartes, 1921, VIII-169 p </sourceEntry>
         </source>
         <source>
            <sourceEntry>Babelon (Jean-Pierre), Bancquart (Marie-Claire), Barbiche (Bernard), L'École nationale des chartes : histoire de l'École depuis 1821, THionville, G. Klopp, 1997, 326 p. </sourceEntry>
         </source>
         <source>
            <sourceEntry>Leniaud (Jean-Michel), "L'École des chartes et la formation des élites (xXIXe siècle)", dans La Revue administrative, t. 46, 1993, p. 618-624. </sourceEntry>
         </source>
         <source>
            <sourceEntry>Leniaud (Jean-Michel), ZINC (Michel) éd., L'Histoire en mutation : l'École nationale des chartes aujourd'hui et demain : actes du colloque international tenu le 13 novembre 2015 à l'Institut de France, Paris, Éditions de Boccard, 120 p. </sourceEntry>
         </source>
         <source>
            <sourceEntry/>
         </source>
         <source>
            <sourceEntry> Bibliothèque de l'École des chartes : revue d'érudition…, Paris, Société de l'École des chartes, 1839-. Version numérisée accessible sur le site www.persee.fr à partir de l'année 1840. La revue permet notamment de suivre la scolarité et la carrière des élèves et anciens élèves, par la publication des résultats des concours, des sujets et des résultats des examens, des nécrologies. </sourceEntry>
         </source>
         <source>
            <sourceEntry/>
         </source>
         <source>
            <sourceEntry>Notice BnF n°FRBNF11863474</sourceEntry>
         </source>
      </sources>
   </control>
   <cpfDescription>
      <identity>
         <entityId>ISNI 0000 0001 2289 3514</entityId>
         <entityType>corporateBody</entityType>
         <nameEntry localType="autorisée" scriptCode="Latn" xml:lang="fre">
            <part>École nationale des chartes (Paris ; 1821-....)</part>
         </nameEntry>
         <nameEntry>
            <part>École impériale des chartes</part>
            <useDates>
               <dateRange>
                  <fromDate standardDate="1852-01-01">1852</fromDate>
                  <toDate standardDate="1871-12-31">1871</toDate>
               </dateRange>
            </useDates>
         </nameEntry>
         <nameEntry>
            <part>École royale des chartes</part>
            <useDates>
               <dateRange>
                  <fromDate standardDate="1822-01-01">1822</fromDate>
                  <toDate standardDate="1848-12-31">1848</toDate>
               </dateRange>
            </useDates>
         </nameEntry>
      </identity>
      <description>
         <existDates>
            <dateRange>
               <fromDate standardDate="1821-02-22">22 février 1821</fromDate>
            </dateRange>
         </existDates>
         <legalStatuses>
            <legalStatus>
               <term vocabularySource="d5bloma37i--zasxhhwa4h0">établissement public à caractère scientifique, culturel et professionnel</term>
            </legalStatus>
         </legalStatuses>
         <functions>
            <function>
               <term vocabularySource="d5bhvihxhx--1dol4k5w0lb2i">enseignement supérieur</term>
            </function>
            <function>
               <term vocabularySource="d3nyuhrig1--3acyzmp9v988">formation</term>
            </function>
            <function>
               <term vocabularySource="d3nyuic5p0-ktmsglhlnhvr">recherche</term>
               <descriptiveNote>
                  <p>recherche en SHS</p>
               </descriptiveNote>
            </function>
         </functions>
         <mandates>
            <mandate>
               <descriptiveNote>
                  <p>- Ordonnance royale du 22 février 1821 portant création de l'École des chartes</p>
                  <p>- Ordonnance royale du 11 novembre 1829 </p>
                  <p>- Ordonnance du 31 décembre 1846</p>
                  <p>- Décret du 4 février 1850 relatif au statut des élèves de l'École des chartes</p>
                  <p>- Décret du 30 janvier 1869 relatif aux enseignements de l'École impériale des chartes</p>
                  <p>- Décret du 22 février 1884 relatif aux vacances de chaires à l'École nationale des chartes</p>
                  <p>- Décret du 16 décembre 1931 relatif à la composition du conseil de perfectionnement de l'École des chartes</p>
                  <p>- Décret n°67-304 du 31 mars 1967 portant attribution de la personnalité civile et de l'autonomie financière l'École nationale des chartes</p>
                  <p>- Décret n°67-734 du 23 août 1967 relatif à l'organisation administrative et financière de l'École nationale des chartes</p>
                  <p>- Décret du 6 juillet 1987 classant l'école des chartes parmi les grands établissements d'enseignement supérieur aux termes de la loi du 26 janvier 1984</p>
                  <p>- Décret n°87-832 du 8 octobre 1987 portant statut de l'École des chartes</p>
                  <p>- Décret n°2005-1751 du 30 décembre 2005 modifiant le décret n° 87-832 du 8 octobre 1987 relatif à l'École nationale des chartes.</p>
               </descriptiveNote>
            </mandate>
         </mandates>
         <generalContext>
            <p>L'évolution des enseignements proposés à l'École des chartes suit également, notamment pour le XXe siècle, l'évolution des métiers des bibliothèques et des archives. La création de l'École nationale du patrimoine en 1990, devenue Institut national du patrimoine en 2001, comme celle de l'École nationale supérieure des sciences de l'information et des bibliothèques en 1992, influe sur le cursus proposé. </p>
            <p>Deux organismes sont rattachés à l'École des chartes. L'arrêté du 12 juin 2007 porte ainsi création à l'École nationale des chartes d'un institut dénommé Comité des travaux historiques et scientifiques (CTHS), institut qui s'inscrit dans la continuité du comité des travaux historiques et scientifiques créé en 1834. De même la convention du 16 septembre 2002 a rattaché l'unité régionale de Formation à l'Information Scientifique et Technique (l'URFIST) à l'École des chartes qui en assure la gestion. </p>
         </generalContext>
         <biogHist>
            <p>L'École des chartes est créée par ordonnance du 22 février 1821 signée par Louis XVIII : cette ordonnance s'inscrit dans la lignée du projet porté par le baron Joseph-Marie de Gérando depuis 1807 de reconstituer un corps capable de "ranimer un genre d’études indispensable à la gloire de la France et fournir à notre Académie des inscriptions et belles-lettres tous les moyens nécessaires pour l’avancement des travaux confiés à ses soins". Ce projet convainct le ministre de l'Intérieur Joseph-Jérôme Siméon, qui établit un rapport adressé au roi daté également du 22 février 1821 présentant son projet d'ordonnance. </p>
            <p>Cette ordonnance porte le nombre d'élèves à 12 et indique qu'"on apprendra aux élèves de l'École des chartes à lire les divers manuscrits et à appliquer les dialectes français du Moyen Âge". Cette ordonnance de 1821 est complétée par celle du 16 juillet 1823 qui fixe notamment la durée des cours.</p>
            <p/>
            <p>Tombée en sommeil, l'École fut remise en activité par l'ordonnance du 11 novembre 1829, qui prévoyait un cours élémentaire d'une année aux Archives du royaume, pour " apprendre à déchiffrer et lire les chartes ", puis deux années à la Bibliothèque royale, pour l'étude des langues romanes et de la diplomatique. Cette ordonnance de 1829 est permise par l'action de Rives, nommé en août 1829 directeur du personnel au ministère de l'Intérieur. L'ordonnance de 1829 inscrit l'École des chartes durablement dans la logique de poursuite des grandes entreprises d'éditions en établissant la 
     <span style="italic">Bibliothèque de l'école royale des chartes</span>, pensée comme un recueil des documents traduits par les élèves (et jugés dignes d'être publiés) avec le texte originel en regard. Enfin, cette ordonnance de 1829 institue une commission chargée de sélectionner les documents publiés dans la 
     <span style="italic">Bibliothèque de l'école royale des chartes</span> d'une part et d'autre part de choisir les élèves pensionnaires de l'institution. 
    </p>
            <p/>
            <p>L'ordonnance du 31 décembre 1846 marque de profonds changements pour l'École des chartes. Ces changements sont d'une part d'ordre administratif (l'ordonnance lui attribue en effet des locaux distincts, aux Archives du royaume, une bibliothèque et un budget propre, et la place sous l'autorité d'un directeur et d'un conseil de perfectionnement, qui succédait à la commission créée par l'ordonnance de 1829) mais également d'ordre scolaire (un examen d'entrée est institué, le nombre de professeurs est fixé à 7). L'examen d'entrée, supprimé par décret du 18 octobre 1849, est rétabli par arrêté du 24 juillet 1872</p>
            <p>L'enseignement comprend désormais la paléographie, la sigillographie, la numismatique, la philologie, le classement des archives et des bibliothèques, la géographie historique, le système des monnaies et des poids et mesures, l'histoire des institutions politiques de la France, l'archéologie, les éléments du droit civil, du droit canonique et du droit féodal. </p>
            <p>La formation que propose ainsi l'École des chartes conduit à l'instauration règlementaire d'une préférence pour ses élèves pour les postes en bibliothèques et en archives. Les élèves diplômés ont désormais priorité pour un tiers des postes dans toutes les bibliothèques, y compris la Bibliothèque royale, et pour la moitié des places aux Archives nationales. Par la suite, des décrets réservèrent aux chartistes les places d'archivistes départementaux (4 février 1850) et toutes les places aux Archives nationales, celles de commis exceptées (14 mai 1887). </p>
            <p/>
            <p>La formation proposée connaît quelques évolutions et le décret du 30 janvier 1869 fixe ainsi de façon durable la liste des disciplines enseignées. L'École compte alors sept chaires : paléographie ; langues romanes ; bibliographie, classement des bibliothèques et des archives ; diplomatique ; institutions politiques, administratives et judiciaires de la France ; droit civil et droit canonique du Moyen Âge ; archéologie du Moyen Âge. En 1882 est adjoint un enseignement d' " étude critique des sources de l'histoire de France ". La chaire de bibliographie, à la mort d'Anatole de Montaiglon en 1895, est partagée en deux disciplines confiées à deux chargés de cours, l'un pour les bibliothèques, l'autre pour les archives. Elles deviennent ensuite des chaires à part entière. L'organisation de l'enseignement ne connaît pas de modification notable avant 1955. Le lien entre enseignement professeionnel et formation théorique est fondamental et justifie en partie le décret du 1er août 1963 créant le statut de fonctionnaire-stagiaire pour les élèves de l'École des chartes "se destinant aux emplois publics". </p>
            <p/>
            <p>Transformée en 1967 en établissement public à caractère administratif, l'École des chartes se voit doter d'un conseil d'administration par décret du 23 août 1967. Le décret du 8 octobre 1987 modifie durablement son fonctionnement : l'École devient un établissement public de l'État à caractère scientifique, culturel et professionnel et rejoint la liste des grands établissements. Elle reste dirigée par un directeur mais est dotée d'un conseil d'administration et d'un conseil scientifique, qui reprend les compétences du conseil de perfectionnement précédent et de l'assemblée des professeurs. </p>
            <p/>
            <p>Le décret de 2005 rappelle ainsi les missions de l'École des chartes : "L’École nationale des chartes a pour mission la formation de personnels scientifiques des archives et des bibliothèques. Elle concourt à la formation de tous les personnels qui contribuent à la connaissance scientifique et à la mise en valeur du patrimoine national. Elle participe à la formation à et par la recherche des étudiants en sciences de l'homme et de la société, particulièrement dans les disciplines relatives à l'étude critique, l'exploitation, la conservation et la communication des sources historiques. Elle mène des activités de recherche et contribue à la diffusion et à la valorisation des résultats dans ces disciplines".</p>
            <p/>
            <p>L'École des chartes a toujours été située à Paris (en dépit de l'expérience éphémère de la création d'une École des chartes à Dijon, qui a existé de 1829 à 1836) : installée de puis 1846 à l'hôtel de Soubise aux Archives nationales, puis en 1866 à l'hôtel de Breteuil, elle rejoint en 1897 la Sorbonne dans les locaux initialement prévus par la faculté de théologie (19, rue de la Sorbonne). En 2014, elle déménage sur le site du 65, rue de Richelieu et se rapproche ainsi de la Bibliothèque nationale de France. </p>
         </biogHist>
      </description>
      <relations>
         <cpfRelation xmlns:xlink="http://www.w3.org/1999/xlink"
                      cpfRelationType="associative"
                      xlink:href="FRAN_NP_010099"
                      xlink:type="simple">
            <relationEntry>Delmas, Bruno (1941-....)</relationEntry>
            <dateRange>
               <fromDate standardDate="1977-01-01">1977</fromDate>
               <toDate standardDate="2007-12-31">2007</toDate>
            </dateRange>
            <descriptiveNote>
               <p/>
            </descriptiveNote>
         </cpfRelation>
         <cpfRelation xmlns:xlink="http://www.w3.org/1999/xlink"
                      cpfRelationType="associative"
                      xlink:href="FRAN_NP_009969"
                      xlink:type="simple">
            <relationEntry>Mulon, Marianne (1927-2011)</relationEntry>
            <dateRange>
               <fromDate standardDate="1946-01-01">1946</fromDate>
               <toDate standardDate="1950-12-31">1950</toDate>
            </dateRange>
            <descriptiveNote>
               <p> Élève à l'École nationale des chartes </p>
            </descriptiveNote>
         </cpfRelation>
         <cpfRelation xmlns:xlink="http://www.w3.org/1999/xlink"
                      cpfRelationType="associative"
                      xlink:href="FRAN_NP_050223"
                      xlink:type="simple">
            <relationEntry>Durand-Barthez, Maurice (1914-2012)</relationEntry>
            <dateRange>
               <fromDate standardDate="1935-01-01">1935</fromDate>
               <toDate standardDate="1938-12-31">1938</toDate>
            </dateRange>
            <descriptiveNote>
               <p> Promotion 1937. Estimation pour la date de début </p>
            </descriptiveNote>
         </cpfRelation>
         <cpfRelation xmlns:xlink="http://www.w3.org/1999/xlink"
                      cpfRelationType="associative"
                      xlink:href="FRAN_NP_050364"
                      xlink:type="simple">
            <relationEntry>François, Michel (1906-1981)</relationEntry>
            <dateRange>
               <fromDate standardDate="1970-01-01">1970</fromDate>
               <toDate standardDate="1976-12-31">1976</toDate>
            </dateRange>
            <descriptiveNote>
               <p> Major de la promotion 1927. Directeur de l'Ecole nationale des chartes de 1970 à 1976 </p>
            </descriptiveNote>
         </cpfRelation>
         <cpfRelation xmlns:xlink="http://www.w3.org/1999/xlink"
                      cpfRelationType="associative"
                      xlink:href="FRAN_NP_050287"
                      xlink:type="simple">
            <relationEntry>Bourgin, Georges (1879-1958)</relationEntry>
            <dateRange>
               <fromDate standardDate="1900-01-01">1900</fromDate>
               <toDate standardDate="1903-12-31">1903</toDate>
            </dateRange>
            <descriptiveNote>
               <p> Promotion 1903 </p>
            </descriptiveNote>
         </cpfRelation>
         <cpfRelation xmlns:xlink="http://www.w3.org/1999/xlink"
                      cpfRelationType="hierarchical-parent"
                      xlink:href="FRAN_NP_000016"
                      xlink:type="simple">
            <relationEntry>Ministère de l'Éducation nationale</relationEntry>
            <dateRange>
               <fromDate standardDate="1828-02-10">10 février 1828</fromDate>
            </dateRange>
            <descriptiveNote>
               <p>@isControlledBy@</p>
            </descriptiveNote>
         </cpfRelation>
         <cpfRelation xmlns:xlink="http://www.w3.org/1999/xlink"
                      cpfRelationType="associative"
                      xlink:href="FRAN_NP_050420"
                      xlink:type="simple">
            <relationEntry>Mirot, Léon (1870-1946)</relationEntry>
            <dateRange>
               <fromDate standardDate="1892-01-01">1892</fromDate>
               <toDate standardDate="1894-12-31">1894</toDate>
            </dateRange>
            <descriptiveNote>
               <p>
     Ancien élève, diplômé en 1894
    </p>
            </descriptiveNote>
         </cpfRelation>
         <cpfRelation xmlns:xlink="http://www.w3.org/1999/xlink"
                      cpfRelationType="associative"
                      xlink:href="FRAN_NP_005568"
                      xlink:type="simple">
            <relationEntry>France. Ministère de la Culture et de la Communication. Service interministériel des Archives de France (2009-….)</relationEntry>
            <dateRange>
               <fromDate standardDate="2010-01-01">2010</fromDate>
            </dateRange>
            <descriptiveNote>
               <p>
     @isFunctionnallyLinkedTo@
    </p>
            </descriptiveNote>
         </cpfRelation>
         <cpfRelation xmlns:xlink="http://www.w3.org/1999/xlink"
                      cpfRelationType="associative"
                      xlink:href="FRAN_NP_051615"
                      xlink:type="simple">
            <relationEntry>Romier, Lucien (1885-1944)</relationEntry>
            <dateRange>
               <fromDate standardDate="1905-01-01">1905</fromDate>
               <toDate standardDate="1909-12-31">1909</toDate>
            </dateRange>
            <descriptiveNote>
               <p>
     Lucien Romier reçoit le diplôme d'archiviste paléographe pour sa thèse intitulée "Études sur le rôle politique, administratif et militaire de Jacques d’Albon de Saint-André (1512-1562)".
    </p>
            </descriptiveNote>
         </cpfRelation>
         <cpfRelation xmlns:xlink="http://www.w3.org/1999/xlink"
                      cpfRelationType="associative"
                      xlink:href="FRAN_NP_051774"
                      xlink:type="simple">
            <relationEntry>Roques, Mario (1875-1961)</relationEntry>
            <dateRange>
               <fromDate standardDate="1894-01-01">1894</fromDate>
               <toDate standardDate="1895-12-31">1895</toDate>
            </dateRange>
         </cpfRelation>
         <cpfRelation xmlns:xlink="http://www.w3.org/1999/xlink"
                      cpfRelationType="associative"
                      xlink:href="FRAN_NP_051922"
                      xlink:type="simple">
            <relationEntry>Arnauld, Marie-Paule (1946-2015)</relationEntry>
            <dateRange>
               <fromDate standardDate="1965-01-01">1965</fromDate>
               <toDate standardDate="1971-12-31">1971</toDate>
            </dateRange>
         </cpfRelation>
         <cpfRelation xmlns:xlink="http://www.w3.org/1999/xlink"
                      cpfRelationType="associative"
                      xlink:href="FRAN_NP_050419"
                      xlink:type="simple">
            <relationEntry>Michaud, Hélène (1920-1977)</relationEntry>
            <dateRange>
               <fromDate standardDate="1940-01-01">1940</fromDate>
               <toDate standardDate="1944-12-31">1944</toDate>
            </dateRange>
         </cpfRelation>
         <cpfRelation xmlns:xlink="http://www.w3.org/1999/xlink"
                      cpfRelationType="associative"
                      xlink:href="FRAN_NP_050312"
                      xlink:type="simple">
            <relationEntry>Favier, Jean (1932-2014)</relationEntry>
            <dateRange>
               <fromDate standardDate="1932-04-02">2 avril 1932</fromDate>
               <toDate standardDate="2014-08-12">12 août 2014</toDate>
            </dateRange>
            <descriptiveNote>
               <p>
     @isEmployeeOf@
    </p>
            </descriptiveNote>
         </cpfRelation>
         <cpfRelation xmlns:xlink="http://www.w3.org/1999/xlink"
                      cpfRelationType="associative"
                      xlink:href="FRAN_NP_003553"
                      xlink:type="simple">
            <relationEntry>Comité des travaux historiques et scientifiques</relationEntry>
            <dateRange>
               <fromDate standardDate="2007-01-01">2007</fromDate>
            </dateRange>
            <descriptiveNote>
               <p>Le CTHS est rattaché à l'ENC</p>
            </descriptiveNote>
         </cpfRelation>
         <cpfRelation xmlns:xlink="http://www.w3.org/1999/xlink"
                      cpfRelationType="associative"
                      xlink:href="FRAN_NP_003971"
                      xlink:type="simple">
            <relationEntry>École nationale supérieure des sciences de l'information et des bibliothèques (Villeurbanne, Rhône)</relationEntry>
            <dateRange>
               <fromDate standardDate="1992-01-13">13 janvier 1992</fromDate>
            </dateRange>
            <descriptiveNote>
               <p>@isFunctionnallyLinkedTo@</p>
            </descriptiveNote>
         </cpfRelation>
         <cpfRelation xmlns:xlink="http://www.w3.org/1999/xlink"
                      cpfRelationType="associative"
                      xlink:href="FRAN_NP_005160"
                      xlink:type="simple">
            <relationEntry>Institut national du patrimoine (1990-.... ; Paris)</relationEntry>
            <dateRange>
               <fromDate standardDate="1990-01-01">1990</fromDate>
            </dateRange>
            <descriptiveNote>
               <p>@isFunctionnallyLinkedTo@</p>
            </descriptiveNote>
         </cpfRelation>
         <cpfRelation xmlns:xlink="http://www.w3.org/1999/xlink"
                      cpfRelationType="identity"
                      xlink:href="http://catalogue.bnf.fr/ark:/12148/cb118634749"
                      xlink:type="simple">
            <relationEntry>École nationale des chartes (Paris) </relationEntry>
            <dateRange>
               <fromDate standardDate="1821-02-22">22 février 1821</fromDate>
            </dateRange>
            <descriptiveNote>
               <p>notice d'autorité BnF</p>
            </descriptiveNote>
         </cpfRelation>
         <cpfRelation xmlns:xlink="http://www.w3.org/1999/xlink"
                      cpfRelationType="identity"
                      xlink:href="https://fr.wikipedia.org/wiki/%C3%89cole_nationale_des_chartes"
                      xlink:type="simple">
            <relationEntry>École nationale des chartes</relationEntry>
            <dateRange>
               <fromDate standardDate="1821-02-22">22 février 1821</fromDate>
            </dateRange>
            <descriptiveNote>
               <p>Notice Wikipédia</p>
            </descriptiveNote>
         </cpfRelation>
      </relations>
   </cpfDescription>
</eac-cpf>
