<eac-cpf xmlns="urn:isbn:1-931666-33-4"
         xmlns:xsi="http://www.w3.org/2001/XMLSchema-instance"
         xsi:schemaLocation="urn:isbn:1-931666-33-4 cpf.xsd">
   <control>
      <recordId>FRAN_NP_009280</recordId>
      <otherRecordId localType="Ancien_identifiant">9911/AP173</otherRecordId>
      <maintenanceStatus>revised</maintenanceStatus>
      <maintenanceAgency>
         <agencyName>Archives nationales de France</agencyName>
      </maintenanceAgency>
      <languageDeclaration>
         <language languageCode="fre">Français</language>
         <script scriptCode="Latn"/>
      </languageDeclaration>
      <conventionDeclaration>
         <citation>Notice établie conformément à la norme ICA-ISAAR (CPF) 2004, aux normes ISO 8601 pour le système de normalisation des dates utilisé, ainsi que AFNOR NF Z 44-061, juin 1986. Catalogage : forme et structure des vedettes noms de personne, des vedettes titres, des rubriques de classement et des titres forgés.</citation>
      </conventionDeclaration>
      <localControl localType="niveau_de_detail">
         <term>Complète</term>
      </localControl>
      <maintenanceHistory>
         <maintenanceEvent>
            <eventType>derived</eventType>
            <eventDateTime>2013-04-23</eventDateTime>
            <agentType>machine</agentType>
            <agent>Import_SIA</agent>
         </maintenanceEvent>
         <maintenanceEvent>
            <eventType>revised</eventType>
            <eventDateTime>2015-10-23</eventDateTime>
            <agentType>human</agentType>
            <agent>Thierry GUILPIN</agent>
            <eventDescription>F. Clavaud, 21 octobre 2015 : ajouté ISNI, n° notice BnF et indexation activités</eventDescription>
         </maintenanceEvent>
         <maintenanceEvent>
            <eventType>revised</eventType>
            <eventDateTime>2017-07-28</eventDateTime>
            <agentType>human</agentType>
            <agent>Constance DE VERGNETTE DE LAMOTTE</agent>
            <eventDescription>Ajout des liens identité le 28 juillet 2017.</eventDescription>
         </maintenanceEvent>
         <maintenanceEvent>
            <eventType>updated</eventType>
            <eventDateTime>2018-06-12</eventDateTime>
            <agentType>human</agentType>
            <agent>Isabelle ARISTIDE-HASTIR</agent>
         </maintenanceEvent>
      </maintenanceHistory>
      <sources>
         <source>
            <sourceEntry>Notice d'autorité BnF n° FRBNF12459791</sourceEntry>
         </source>
         <source>
            <sourceEntry>Archives nationales, fonds du maréchal Berthier : 173 AP.</sourceEntry>
         </source>
         <source>
            <sourceEntry>Notice Wikipedia : https://fr.wikipedia.org/wiki/Louis-Alexandre_Berthier</sourceEntry>
         </source>
         <source>
            <sourceEntry>Six (Georges), Dictionnaire biographiques des généraux et amiraux français de la révolution et de l'Empire (1792-1814), 1934, t. 1, p. 87-88. </sourceEntry>
         </source>
         <source>
            <sourceEntry>Tulard (Jean) (dir.), Dictionnaire Napoléon, Fayard, 1999, vol. 1, p. 211-213. </sourceEntry>
         </source>
      </sources>
   </control>
   <cpfDescription>
      <identity>
         <entityId>ISNI 0000 0001 2123 1367</entityId>
         <entityType>person</entityType>
         <nameEntry localType="autorisée" scriptCode="Latn" xml:lang="fre">
            <part>Berthier, Alexandre (1753-1815)</part>
         </nameEntry>
         <nameEntry>
            <part>Berthier, Louis-Alexandre (1753-1815)</part>
         </nameEntry>
         <nameEntry>
            <part>Wagram, Alexandre Berthier (1753-1815 ; prince de)</part>
         </nameEntry>
         <nameEntry>
            <part>Berthier, Louis (1753-1815)</part>
         </nameEntry>
         <nameEntry>
            <part>Neufchâtel, Alexandre Berthier (1753-1815 ; prince de)</part>
         </nameEntry>
         <nameEntry>
            <part>Maréchal Berthier (1753-1815)</part>
         </nameEntry>
      </identity>
      <description>
         <existDates>
            <dateRange>
               <fromDate standardDate="1753-11-20">20 novembre 1753</fromDate>
               <toDate standardDate="1815-06-01">1er juin 1815</toDate>
            </dateRange>
         </existDates>
         <places>
            <place>
               <placeRole>Lieu général</placeRole>
               <placeEntry localType="nomLieu">Amérique</placeEntry>
               <placeEntry localType="lieu" vocabularySource="d5bdpnc6n8--6t8agr79pl90">Etats-Unis</placeEntry>
            </place>
            <place>
               <placeRole>Lieu général</placeRole>
               <placeEntry localType="nomLieu">Bamberg</placeEntry>
               <placeEntry localType="lieu" vocabularySource="d3m08zmlgdv-1day1rajbubum">Bavière (Allemagne)</placeEntry>
            </place>
            <place>
               <placeRole>Lieu général</placeRole>
               <placeEntry localType="nomLieu">Campagne d'Egypte</placeEntry>
               <placeEntry localType="lieu" vocabularySource="d5bdp2m9bi--7qyiku2nrvrt">Egypte</placeEntry>
            </place>
            <place>
               <placeRole>Lieu général</placeRole>
               <placeEntry localType="nomLieu">Campagne de Russie</placeEntry>
               <placeEntry localType="lieu" vocabularySource="d3ntxlhlzu--xk25nxgg86yz">Russie</placeEntry>
            </place>
            <place>
               <placeRole>Lieu général</placeRole>
               <placeEntry localType="nomLieu">Ecole royale du génie de Mézières</placeEntry>
               <placeEntry localType="lieu" vocabularySource="d3ntdi6ukv-mjl8brd7geo8">Charleville-Mézières (Ardennes)</placeEntry>
            </place>
            <place>
               <placeRole>Lieu général</placeRole>
               <placeEntry localType="nomLieu">Rome</placeEntry>
               <placeEntry localType="lieu" vocabularySource="d3ntxp6caw-udnctpnx3a0s">Rome (Italie)</placeEntry>
            </place>
            <place>
               <placeRole>Lieu général</placeRole>
               <placeEntry localType="nomLieu">Wagram</placeEntry>
               <placeEntry localType="lieu" vocabularySource="d3ntxk0ks9-1dn4hde9xnd6e">Autriche</placeEntry>
            </place>
            <place>
               <placeRole>Lieu général</placeRole>
               <placeEntry localType="nomLieu">principauté de Neufchâtel</placeEntry>
               <placeEntry localType="lieu" vocabularySource="d3ntxlqozz--1f3x6hvqucf3g">Suisse</placeEntry>
            </place>
         </places>
         <occupations>
            <occupation>
               <term vocabularySource="d699msjpuqr-66gt6kmedjiv">officier (armée)</term>
            </occupation>
            <occupation>
               <term vocabularySource="d699msk3a25-1xs3m641rhiyg">officier général</term>
            </occupation>
            <occupation>
               <term vocabularySource="d699msjnw86-64seh0fmw8hj">ministre</term>
               <dateRange>
                  <fromDate standardDate="1800-01-01">1800</fromDate>
                  <toDate standardDate="1807-12-31">1807</toDate>
               </dateRange>
               <descriptiveNote>
                  <p>ministre de la guerre</p>
               </descriptiveNote>
            </occupation>
         </occupations>
         <biogHist>
            <p>Louis 
     <span style="italic">Alexandre</span> Berthier est né le 20 novembre 1753 à Versailles. En 1766, il sort de l'Ecole royale du génie de Mézières en tant qu'ingénieur-géographe. Lieutenant dès 1772, il prend part à la campagne d’Amérique, au sein de l'état-major de Rochambeau. Commandant en second de la garde nationale en 1789, il protége la famille royale jusqu’aux journées d’octobre. 
    </p>
            <p>Adjudant général en 1791, le maréchal de camp Berthier est destitué en 1792 avec la chute de la monarchie mais réintégré comme général de brigade et chef d'état-major de l'armée des Alpes et de l'Italie en mars 1795. Distingué par Bonaparte qui le nomme chef d’état-major de l’armée d’Italie en 1796, il s’empare de Rome en 1798 et il y organise l’administration républicaine. Sur ordre du Directoire, il procède à l’arrestation et à la déportation du pape Pie VI. Il reprend, auprès de Bonaparte, dans la campagne d’Égypte, son grade de chef d’état-major. Ministre de la Guerre de novembre 1799 à 1807, Berthier est promu maréchal en 1804, puis il est major général de la Grande Armée de 1805 à 1814. Collaborateur immédiat de Napoléon, il est créé prince souverain de Neufchâtel en 1806 et prince de Wagram en 1809. En 1810, c'est lui que choisit Napoléon pour demander la main de l'archiduchesse Marie-Louise d'Autriche en son nom. Il s’oppose à la campagne de Russie, mais il fait preuve d’un grand courage pendant toute la retraite. En 1814, il se rallie à Louis XVIII qui le nomme pair de France. Réfugié pendant les Cent-Jours à Bamberg, dans les États de son beau-père, le duc Guillaume de Bavière-Birkenfeld, il meurt dans des circonstances mystérieuses.</p>
            <p>En mars 1808, il épouse Marie-Elisabeth de Bavière-Birkenfeld, dont il a trois enfants : Napoléon-Alexandre, Marie-Anne et Caroline.</p>
         </biogHist>
      </description>
      <relations>
         <cpfRelation xmlns:xlink="http://www.w3.org/1999/xlink"
                      cpfRelationType="associative"
                      xlink:href="FRAN_NP_051171"
                      xlink:type="simple">
            <relationEntry>Napoléon Ier (empereur des Français ; 1769-1821)</relationEntry>
            <dateRange>
               <fromDate standardDate="1796-03-01">mars 1796</fromDate>
               <toDate standardDate="1814-12-31">1814</toDate>
            </dateRange>
         </cpfRelation>
         <cpfRelation xmlns:xlink="http://www.w3.org/1999/xlink"
                      cpfRelationType="family"
                      xlink:href="FRAN_NP_050052"
                      xlink:type="simple">
            <relationEntry>Berthier, César (1765-1819)</relationEntry>
            <descriptiveNote>
               <p/>
            </descriptiveNote>
         </cpfRelation>
         <cpfRelation xmlns:xlink="http://www.w3.org/1999/xlink"
                      cpfRelationType="family"
                      xlink:href="FRAN_NP_050571"
                      xlink:type="simple">
            <relationEntry>Murat, Joachim Joseph Napoléon (1834-1901 ; prince)</relationEntry>
            <descriptiveNote>
               <p>
     Joachim Joseph Napoléon Murat a épousé la petite-fille du maréchal Berthier, Malcy Berthier de Wagram.
    </p>
            </descriptiveNote>
         </cpfRelation>
         <cpfRelation xmlns:xlink="http://www.w3.org/1999/xlink"
                      cpfRelationType="temporal-later"
                      xlink:href="FRAN_NP_050768"
                      xlink:type="simple">
            <relationEntry>Clarke, Henri (1765-1818)</relationEntry>
            <dateRange>
               <fromDate standardDate="1807-08-09">9 août 1807</fromDate>
            </dateRange>
         </cpfRelation>
         <cpfRelation xmlns:xlink="http://www.w3.org/1999/xlink"
                      cpfRelationType="identity"
                      xlink:href="http://catalogue.bnf.fr/ark:/12148/cb12459791d"
                      xlink:type="simple">
            <relationEntry>Berthier, Alexandre (1753-1815)</relationEntry>
            <dateRange>
               <fromDate standardDate="1753-11-20">20 novembre 1753</fromDate>
               <toDate standardDate="1815-06-01">1er juin 1815</toDate>
            </dateRange>
            <descriptiveNote>
               <p>Lien vers la notice d'autorité BnF.</p>
            </descriptiveNote>
         </cpfRelation>
         <cpfRelation xmlns:xlink="http://www.w3.org/1999/xlink"
                      cpfRelationType="identity"
                      xlink:href="https://fr.wikipedia.org/wiki/Louis-Alexandre_Berthier"
                      xlink:type="simple">
            <relationEntry>Louis-Alexandre Berthier</relationEntry>
            <dateRange>
               <fromDate standardDate="1753-11-20">20 novembre 1753</fromDate>
               <toDate standardDate="1815-06-01">1er juin 1815</toDate>
            </dateRange>
            <descriptiveNote>
               <p>Lien vers la notice Wikipédia.</p>
            </descriptiveNote>
         </cpfRelation>
         <resourceRelation xmlns:xlink="http://www.w3.org/1999/xlink"
                           resourceRelationType="creatorOf"
                           xlink:href="FRAN_IR_001908"
                           xlink:type="simple">
            <relationEntry localType="archival">Fonds du maréchal Berthier (XIXe-XXe siècles)</relationEntry>
         </resourceRelation>
      </relations>
   </cpfDescription>
</eac-cpf>
