<eac-cpf xmlns="urn:isbn:1-931666-33-4"
         xmlns:xsi="http://www.w3.org/2001/XMLSchema-instance"
         xsi:schemaLocation="urn:isbn:1-931666-33-4 cpf.xsd">
   <control>
      <recordId>FRAN_NP_010131</recordId>
      <otherRecordId localType="Ancien_identifiant">FRDAFANCH00MC_NAETUDE_004</otherRecordId>
      <maintenanceStatus>derived</maintenanceStatus>
      <maintenanceAgency>
         <agencyName>Archives nationales de France</agencyName>
      </maintenanceAgency>
      <languageDeclaration>
         <language languageCode="fre">Français</language>
         <script scriptCode="Latn"/>
      </languageDeclaration>
      <conventionDeclaration>
         <citation>Notice établie conformément à la norme ICA-ISAAR (CPF) 2004, aux normes ISO 8601 pour le système de normalisation des dates utilisé, ainsi que AFNOR NF Z 44-061, juin 1986. Catalogage : forme et structure des vedettes noms de personne, des vedettes titres, des rubriques de classement et des titres forgés.</citation>
      </conventionDeclaration>
      <localControl localType="niveau_de_detail">
         <term>Moyenne</term>
      </localControl>
      <maintenanceHistory>
         <maintenanceEvent>
            <eventType>derived</eventType>
            <eventDateTime>2013-04-23</eventDateTime>
            <agentType>machine</agentType>
            <agent>Migration ETANOT</agent>
         </maintenanceEvent>
      </maintenanceHistory>
   </control>
   <cpfDescription>
      <identity>
         <entityType>corporateBody</entityType>
         <nameEntry localType="autorisée" scriptCode="Latn" xml:lang="fre">
            <part>Etude IV</part>
         </nameEntry>
         <nameEntry>
            <part>75079</part>
         </nameEntry>
      </identity>
      <description>
         <existDates>
            <dateRange>
               <fromDate standardDate="1576-01-01">1576</fromDate>
            </dateRange>
         </existDates>
         <functions>
            <function>
               <term vocabularySource="d3nyui3o8w--11y7jgy8q3wnt">notaire à paris</term>
               <dateRange>
                  <fromDate standardDate="1576-01-01">1576</fromDate>
                  <toDate/>
               </dateRange>
            </function>
         </functions>
         <biogHist>
            <p>Claude JOURDAN, le premier titulaire de l'étude, est établi rue Saint-Honoré à la fin du XVIème siècle . En revanche, ses successeurs s'installent dans le quartier de la Grève au cours des deux siècles suivants : rue de la Poterie jusqu'en 1673, puis rue de la Tissanderie jusqu'en l'an VI. A cette date, Pierre LALLEMAN transporte l'étude rue Neuve-Saint-Eustache, où elle reste jusqu'en 1865. Elle gagne ensuite la rue d'Aboukir et, en 1884, la rue Poissonnière.</p>
         </biogHist>
      </description>
      <relations>
         <cpfRelation xmlns:xlink="http://www.w3.org/1999/xlink"
                      cpfRelationType="associative"
                      xlink:href="FRAN_NP_011465"
                      xlink:type="simple">
            <relationEntry>Lefèbvre de saint-Maur, Edouard</relationEntry>
            <dateRange>
               <fromDate standardDate="1831-04-06">6 avril 1831</fromDate>
               <toDate standardDate="1862-02-28">28 février 1862</toDate>
            </dateRange>
         </cpfRelation>
         <cpfRelation xmlns:xlink="http://www.w3.org/1999/xlink"
                      cpfRelationType="associative"
                      xlink:href="FRAN_NP_011305"
                      xlink:type="simple">
            <relationEntry>La grenée, Martin</relationEntry>
            <dateRange>
               <fromDate standardDate="1765-05-11">11 mai 1765</fromDate>
               <toDate standardDate="1786-05-24">24 mai 1786</toDate>
            </dateRange>
         </cpfRelation>
         <cpfRelation xmlns:xlink="http://www.w3.org/1999/xlink"
                      cpfRelationType="associative"
                      xlink:href="FRAN_NP_012459"
                      xlink:type="simple">
            <relationEntry>Caron, Jean-Antoine</relationEntry>
            <dateRange>
               <fromDate standardDate="1673-11-16">16 novembre 1673</fromDate>
               <toDate standardDate="1707-02-21">21 février 1707</toDate>
            </dateRange>
         </cpfRelation>
         <cpfRelation xmlns:xlink="http://www.w3.org/1999/xlink"
                      cpfRelationType="associative"
                      xlink:href="FRAN_NP_012463"
                      xlink:type="simple">
            <relationEntry>Colin, Jean-Jacques</relationEntry>
            <dateRange>
               <fromDate standardDate="1808-08-23">23 août 1808</fromDate>
               <toDate standardDate="1820-08-08">8 août 1820</toDate>
            </dateRange>
         </cpfRelation>
         <cpfRelation xmlns:xlink="http://www.w3.org/1999/xlink"
                      cpfRelationType="associative"
                      xlink:href="FRAN_NP_012461"
                      xlink:type="simple">
            <relationEntry>Charlet, Simon II</relationEntry>
            <dateRange>
               <fromDate standardDate="1652-03-05">5 mars 1652</fromDate>
               <toDate standardDate="1673-04-03">3 avril 1673</toDate>
            </dateRange>
         </cpfRelation>
         <cpfRelation xmlns:xlink="http://www.w3.org/1999/xlink"
                      cpfRelationType="associative"
                      xlink:href="FRAN_NP_011159"
                      xlink:type="simple">
            <relationEntry>Meunié, Hubert</relationEntry>
            <dateRange>
               <fromDate standardDate="1997-07-24">24 juillet 1997</fromDate>
               <toDate standardDate="2002-08-08">08 août 2002</toDate>
            </dateRange>
         </cpfRelation>
         <cpfRelation xmlns:xlink="http://www.w3.org/1999/xlink"
                      cpfRelationType="associative"
                      xlink:href="FRAN_NP_011162"
                      xlink:type="simple">
            <relationEntry>Meunie, Michel</relationEntry>
            <dateRange>
               <fromDate standardDate="1970-03-04">4 mars 1970</fromDate>
               <toDate standardDate="1998-12-31">1998</toDate>
            </dateRange>
         </cpfRelation>
         <cpfRelation xmlns:xlink="http://www.w3.org/1999/xlink"
                      cpfRelationType="associative"
                      xlink:href="FRAN_NP_012768"
                      xlink:type="simple">
            <relationEntry>Barbier, Aristide</relationEntry>
            <dateRange>
               <fromDate standardDate="1826-09-20">20 septembre 1826</fromDate>
               <toDate standardDate="1831-04-06">6 avril 1831</toDate>
            </dateRange>
         </cpfRelation>
         <cpfRelation xmlns:xlink="http://www.w3.org/1999/xlink"
                      cpfRelationType="associative"
                      xlink:href="FRAN_NP_011700"
                      xlink:type="simple">
            <relationEntry>Jourdan, Claude</relationEntry>
            <dateRange>
               <fromDate standardDate="1576-12-28">28 décembre 1576</fromDate>
               <toDate standardDate="1606-06-23">23 juin 1606</toDate>
            </dateRange>
         </cpfRelation>
         <cpfRelation xmlns:xlink="http://www.w3.org/1999/xlink"
                      cpfRelationType="associative"
                      xlink:href="FRAN_NP_013124"
                      xlink:type="simple">
            <relationEntry>Andrieu, Jean</relationEntry>
            <dateRange>
               <fromDate standardDate="1744-07-22">22 juillet 1744</fromDate>
               <toDate standardDate="1765-05-07">7 mai 1765</toDate>
            </dateRange>
         </cpfRelation>
         <cpfRelation xmlns:xlink="http://www.w3.org/1999/xlink"
                      cpfRelationType="associative"
                      xlink:href="FRAN_NP_011851"
                      xlink:type="simple">
            <relationEntry>Garnot, Philippe</relationEntry>
            <dateRange>
               <fromDate standardDate="1820-08-08">8 août 1820</fromDate>
               <toDate standardDate="1826-09-20">20 septembre 1826</toDate>
            </dateRange>
         </cpfRelation>
         <cpfRelation xmlns:xlink="http://www.w3.org/1999/xlink"
                      cpfRelationType="associative"
                      xlink:href="FRAN_NP_011163"
                      xlink:type="simple">
            <relationEntry>Meunié, Robert</relationEntry>
            <dateRange>
               <fromDate standardDate="1929-07-04">4 juillet 1929</fromDate>
               <toDate standardDate="1970-03-04">4 mars 1970</toDate>
            </dateRange>
         </cpfRelation>
         <cpfRelation xmlns:xlink="http://www.w3.org/1999/xlink"
                      cpfRelationType="associative"
                      xlink:href="FRAN_NP_011158"
                      xlink:type="simple">
            <relationEntry>Meunié, Albert</relationEntry>
            <dateRange>
               <fromDate standardDate="1898-05-05">5 mai 1898</fromDate>
               <toDate standardDate="1929-07-04">4 juillet 1929</toDate>
            </dateRange>
         </cpfRelation>
         <cpfRelation xmlns:xlink="http://www.w3.org/1999/xlink"
                      cpfRelationType="associative"
                      xlink:href="FRAN_NP_010526"
                      xlink:type="simple">
            <relationEntry>Saint-Georges, Michel-Ange de</relationEntry>
            <dateRange>
               <fromDate standardDate="1707-02-25">25 février 1707</fromDate>
               <toDate standardDate="1744-07-21">21 juillet 1744</toDate>
            </dateRange>
         </cpfRelation>
         <cpfRelation xmlns:xlink="http://www.w3.org/1999/xlink"
                      cpfRelationType="associative"
                      xlink:href="FRAN_NP_012460"
                      xlink:type="simple">
            <relationEntry>Charlet, Simon I</relationEntry>
            <dateRange>
               <fromDate standardDate="1608-02-12">12 février 1608</fromDate>
               <toDate standardDate="1652-03-03">3 mars 1652</toDate>
            </dateRange>
         </cpfRelation>
         <cpfRelation xmlns:xlink="http://www.w3.org/1999/xlink"
                      cpfRelationType="associative"
                      xlink:href="FRAN_NP_012462"
                      xlink:type="simple">
            <relationEntry>Chatelain, Alfred</relationEntry>
            <dateRange>
               <fromDate standardDate="1874-10-23">23 octobre 1874</fromDate>
               <toDate standardDate="1898-05-05">5 mai 1898</toDate>
            </dateRange>
         </cpfRelation>
         <cpfRelation xmlns:xlink="http://www.w3.org/1999/xlink"
                      cpfRelationType="associative"
                      xlink:href="FRAN_NP_011322"
                      xlink:type="simple">
            <relationEntry>Lalleman, Pierre</relationEntry>
            <dateRange>
               <fromDate standardDate="1798-07-17">17 juillet 1798</fromDate>
               <toDate standardDate="1808-08-23">23 août 1808</toDate>
            </dateRange>
         </cpfRelation>
         <cpfRelation xmlns:xlink="http://www.w3.org/1999/xlink"
                      cpfRelationType="associative"
                      xlink:href="FRAN_NP_011464"
                      xlink:type="simple">
            <relationEntry>Lefèbvre de saint- maur, Auguste</relationEntry>
            <dateRange>
               <fromDate standardDate="1862-02-28">28 février 1862</fromDate>
               <toDate standardDate="1874-10-23">23 octobre 1874</toDate>
            </dateRange>
         </cpfRelation>
         <cpfRelation xmlns:xlink="http://www.w3.org/1999/xlink"
                      cpfRelationType="associative"
                      xlink:href="FRAN_NP_010991"
                      xlink:type="simple">
            <relationEntry>Poultier, Charles</relationEntry>
            <dateRange>
               <fromDate standardDate="1786-05-27">27 mai 1786</fromDate>
               <toDate standardDate="1798-07-17">17 juillet 1798</toDate>
            </dateRange>
         </cpfRelation>
         <resourceRelation xmlns:xlink="http://www.w3.org/1999/xlink"
                           resourceRelationType="creatorOf"
                           xlink:href="FRAN_IR_041166"
                           xlink:type="simple">
            <relationEntry localType="archival">Minutes et répertoires du notaire Claude JOURDAN, juillet 1576 - 23 juin 1606 (étude IV)</relationEntry>
         </resourceRelation>
         <resourceRelation xmlns:xlink="http://www.w3.org/1999/xlink"
                           resourceRelationType="creatorOf"
                           xlink:href="FRAN_IR_041167"
                           xlink:type="simple">
            <relationEntry localType="archival">Minutes et répertoires du notaire Simon I CHARLET, 12 février 1608 - 3 mars 1652 (étude IV)</relationEntry>
         </resourceRelation>
         <resourceRelation xmlns:xlink="http://www.w3.org/1999/xlink"
                           resourceRelationType="creatorOf"
                           xlink:href="FRAN_IR_041168"
                           xlink:type="simple">
            <relationEntry localType="archival">Minutes et répertoires du notaire Simon II CHARLET, 5 mars 1652 - 7 avril 1673 (étude IV)</relationEntry>
         </resourceRelation>
         <resourceRelation xmlns:xlink="http://www.w3.org/1999/xlink"
                           resourceRelationType="creatorOf"
                           xlink:href="FRAN_IR_041169"
                           xlink:type="simple">
            <relationEntry localType="archival">Minutes et répertoires du notaire Jean Antoine CARON, janvier 1674 - 21 février 1707 (étude IV)</relationEntry>
         </resourceRelation>
         <resourceRelation xmlns:xlink="http://www.w3.org/1999/xlink"
                           resourceRelationType="creatorOf"
                           xlink:href="FRAN_IR_041170"
                           xlink:type="simple">
            <relationEntry localType="archival">Minutes et répertoires du notaire Michel Ange de SAINT-GEORGES, 25 février 1707 - 20 juillet 1744 (étude IV)</relationEntry>
         </resourceRelation>
         <resourceRelation xmlns:xlink="http://www.w3.org/1999/xlink"
                           resourceRelationType="creatorOf"
                           xlink:href="FRAN_IR_041171"
                           xlink:type="simple">
            <relationEntry localType="archival">Minutes et répertoires du notaire Jean ANDRIEU, 22 juillet 1744 - 7 mai 1765 (étude IV)</relationEntry>
         </resourceRelation>
         <resourceRelation xmlns:xlink="http://www.w3.org/1999/xlink"
                           resourceRelationType="creatorOf"
                           xlink:href="FRAN_IR_041176"
                           xlink:type="simple">
            <relationEntry localType="archival">Minutes et répertoires du notaire Martin LA GRENÉE, 11 mai 1765 - 26 mai 1786 (étude IV)</relationEntry>
         </resourceRelation>
         <resourceRelation xmlns:xlink="http://www.w3.org/1999/xlink"
                           resourceRelationType="creatorOf"
                           xlink:href="FRAN_IR_041175"
                           xlink:type="simple">
            <relationEntry localType="archival">Minutes et répertoires du notaire Charles POULTIER, 27 mai 1786 - 25 juin 1798 (étude IV)</relationEntry>
         </resourceRelation>
         <resourceRelation xmlns:xlink="http://www.w3.org/1999/xlink"
                           resourceRelationType="creatorOf"
                           xlink:href="FRAN_IR_041172"
                           xlink:type="simple">
            <relationEntry localType="archival">Minutes et répertoires du notaire Pierre LALLEMAN, 23 juillet 1798 - 22 août 1808 (étude IV)</relationEntry>
         </resourceRelation>
         <resourceRelation xmlns:xlink="http://www.w3.org/1999/xlink"
                           resourceRelationType="creatorOf"
                           xlink:href="FRAN_IR_041173"
                           xlink:type="simple">
            <relationEntry localType="archival">Minutes et répertoires du notaire Jean Jacques COLIN, 23 août 1808 - 7 août 1820 (étude IV)</relationEntry>
         </resourceRelation>
         <resourceRelation xmlns:xlink="http://www.w3.org/1999/xlink"
                           resourceRelationType="creatorOf"
                           xlink:href="FRAN_IR_041174"
                           xlink:type="simple">
            <relationEntry localType="archival">Minutes et répertoires du notaire Philippe GARNOT, 8 août 1820 - 19 septembre 1826 (étude IV)</relationEntry>
         </resourceRelation>
         <resourceRelation xmlns:xlink="http://www.w3.org/1999/xlink"
                           resourceRelationType="creatorOf"
                           xlink:href="FRAN_IR_041177"
                           xlink:type="simple">
            <relationEntry localType="archival">Minutes et répertoires du notaire Aristide BARBIER, 20 septembre 1826 - 5 avril 1831 (étude IV)</relationEntry>
         </resourceRelation>
         <resourceRelation xmlns:xlink="http://www.w3.org/1999/xlink"
                           resourceRelationType="creatorOf"
                           xlink:href="FRAN_IR_041178"
                           xlink:type="simple">
            <relationEntry localType="archival">Minutes et répertoires du notaire Édouard LEFÈBVRE de SAINT-MAUR, 6 avril 1831 - 27 février 1862 (étude IV)</relationEntry>
         </resourceRelation>
         <resourceRelation xmlns:xlink="http://www.w3.org/1999/xlink"
                           resourceRelationType="creatorOf"
                           xlink:href="FRAN_IR_041179"
                           xlink:type="simple">
            <relationEntry localType="archival">Minutes et répertoires du notaire Auguste LEFÈBVRE de SAINT-MAUR, 28 février 1862 - 23 octobre 1874 (étude IV)</relationEntry>
         </resourceRelation>
         <resourceRelation xmlns:xlink="http://www.w3.org/1999/xlink"
                           resourceRelationType="creatorOf"
                           xlink:href="FRAN_IR_041180"
                           xlink:type="simple">
            <relationEntry localType="archival">Minutes et répertoires du notaire Alfred CHATELAIN, 23 octobre 1874 - 4 mai 1898 (étude IV)</relationEntry>
         </resourceRelation>
         <resourceRelation xmlns:xlink="http://www.w3.org/1999/xlink"
                           resourceRelationType="creatorOf"
                           xlink:href="FRAN_IR_041181"
                           xlink:type="simple">
            <relationEntry localType="archival">Minutes et répertoires du notaire Albert MEUNIÉ, 5 mai 1898 - 7 juillet 1900 (étude IV)</relationEntry>
         </resourceRelation>
         <resourceRelation xmlns:xlink="http://www.w3.org/1999/xlink"
                           resourceRelationType="creatorOf"
                           xlink:href="FRAN_IR_041165"
                           xlink:type="simple">
            <relationEntry localType="archival">Archives de l'étude IV</relationEntry>
         </resourceRelation>
         <resourceRelation xmlns:xlink="http://www.w3.org/1999/xlink"
                           resourceRelationType="creatorOf"
                           xlink:href="FRAN_IR_051182"
                           xlink:type="simple">
            <relationEntry localType="archival">Images des répertoires du notaire Martin La Grenée pour l'étude IV</relationEntry>
         </resourceRelation>
         <resourceRelation xmlns:xlink="http://www.w3.org/1999/xlink"
                           resourceRelationType="creatorOf"
                           xlink:href="FRAN_IR_051193"
                           xlink:type="simple">
            <relationEntry localType="archival">Images des répertoires du notaire Aristide Barbier pour l'étude IV</relationEntry>
         </resourceRelation>
         <resourceRelation xmlns:xlink="http://www.w3.org/1999/xlink"
                           resourceRelationType="creatorOf"
                           xlink:href="FRAN_IR_051183"
                           xlink:type="simple">
            <relationEntry localType="archival">Images des répertoires du notaire Michel Ange de Saint-Georges pour l'étude IV</relationEntry>
         </resourceRelation>
         <resourceRelation xmlns:xlink="http://www.w3.org/1999/xlink"
                           resourceRelationType="creatorOf"
                           xlink:href="FRAN_IR_051195"
                           xlink:type="simple">
            <relationEntry localType="archival">Images du répertoire du notaire Jean Andrieu pour l'étude IV</relationEntry>
         </resourceRelation>
         <resourceRelation xmlns:xlink="http://www.w3.org/1999/xlink"
                           resourceRelationType="creatorOf"
                           xlink:href="FRAN_IR_051184"
                           xlink:type="simple">
            <relationEntry localType="archival">Images des répertoires du notaire Charles Poultier pour l'étude IV</relationEntry>
         </resourceRelation>
         <resourceRelation xmlns:xlink="http://www.w3.org/1999/xlink"
                           resourceRelationType="creatorOf"
                           xlink:href="FRAN_IR_055641"
                           xlink:type="simple">
            <relationEntry localType="archival">Images des répertoires du notaire Simon II Charlet pour l'étude IV</relationEntry>
         </resourceRelation>
         <resourceRelation xmlns:xlink="http://www.w3.org/1999/xlink"
                           resourceRelationType="creatorOf"
                           xlink:href="FRAN_IR_051190"
                           xlink:type="simple">
            <relationEntry localType="archival">Images du répertoire du notaire Simon I Charlet pour l'étude IV</relationEntry>
         </resourceRelation>
         <resourceRelation xmlns:xlink="http://www.w3.org/1999/xlink"
                           resourceRelationType="creatorOf"
                           xlink:href="FRAN_IR_056693"
                           xlink:type="simple">
            <relationEntry localType="archival">Images des répertoires du notaire Jean Jacques Colin pour l'étude IV</relationEntry>
         </resourceRelation>
         <resourceRelation xmlns:xlink="http://www.w3.org/1999/xlink"
                           resourceRelationType="creatorOf"
                           xlink:href="FRAN_IR_051188"
                           xlink:type="simple">
            <relationEntry localType="archival">Images du répertoire du notaire Jean Antoine Caron pour l'étude IV</relationEntry>
         </resourceRelation>
         <resourceRelation xmlns:xlink="http://www.w3.org/1999/xlink"
                           resourceRelationType="creatorOf"
                           xlink:href="FRAN_IR_051198"
                           xlink:type="simple">
            <relationEntry localType="archival">Images du répertoire du notaire Pierre Lalleman pour l'étude IV</relationEntry>
         </resourceRelation>
         <resourceRelation xmlns:xlink="http://www.w3.org/1999/xlink"
                           resourceRelationType="creatorOf"
                           xlink:href="FRAN_IR_051189"
                           xlink:type="simple">
            <relationEntry localType="archival">Images des répertoires du notaire Philippe Garnot pour l'étude IV</relationEntry>
         </resourceRelation>
         <resourceRelation xmlns:xlink="http://www.w3.org/1999/xlink"
                           resourceRelationType="creatorOf"
                           xlink:href="FRAN_IR_051187"
                           xlink:type="simple">
            <relationEntry localType="archival">Images des répertoires du notaire Édouard Lefèbvre de Saint-Maur pour l'étude IV</relationEntry>
         </resourceRelation>
         <resourceRelation xmlns:xlink="http://www.w3.org/1999/xlink"
                           resourceRelationType="creatorOf"
                           xlink:href="FRAN_IR_051186"
                           xlink:type="simple">
            <relationEntry localType="archival">Images des répertoires du notaire Auguste Lefèbvre de Saint-Maur pour l'étude IV</relationEntry>
         </resourceRelation>
         <resourceRelation xmlns:xlink="http://www.w3.org/1999/xlink"
                           resourceRelationType="creatorOf"
                           xlink:href="FRAN_IR_056793"
                           xlink:type="simple">
            <relationEntry localType="archival">Images des répertoires du notaire Alfred Chatelain pour l'étude IV</relationEntry>
         </resourceRelation>
         <resourceRelation xmlns:xlink="http://www.w3.org/1999/xlink"
                           resourceRelationType="creatorOf"
                           xlink:href="FRAN_IR_056794"
                           xlink:type="simple">
            <relationEntry localType="archival">Images du répertoire du notaire Albert Meunié pour l'étude IV</relationEntry>
         </resourceRelation>
      </relations>
   </cpfDescription>
</eac-cpf>
