<eac-cpf xmlns="urn:isbn:1-931666-33-4"
         xmlns:xsi="http://www.w3.org/2001/XMLSchema-instance"
         xsi:schemaLocation="urn:isbn:1-931666-33-4 cpf.xsd">
   <control>
      <recordId>FRAN_NP_005229</recordId>
      <otherRecordId localType="Ancien_identifiant">5109/ORSAY</otherRecordId>
      <maintenanceStatus>revised</maintenanceStatus>
      <maintenanceAgency>
         <agencyName>Archives nationales de France</agencyName>
      </maintenanceAgency>
      <languageDeclaration>
         <language languageCode="fre">Français</language>
         <script scriptCode="Latn"/>
      </languageDeclaration>
      <conventionDeclaration>
         <citation>Notice établie conformément à la norme ICA-ISAAR (CPF) 2004, aux normes ISO 8601 pour le système de normalisation des dates utilisé, ainsi que AFNOR NF Z 44-061, juin 1986. Catalogage : forme et structure des vedettes noms de personne, des vedettes titres, des rubriques de classement et des titres forgés.</citation>
      </conventionDeclaration>
      <localControl localType="niveau_de_detail">
         <term>Moyenne</term>
      </localControl>
      <maintenanceHistory>
         <maintenanceEvent>
            <eventType>derived</eventType>
            <eventDateTime>2013-04-23</eventDateTime>
            <agentType>machine</agentType>
            <agent>Import_SIA</agent>
         </maintenanceEvent>
         <maintenanceEvent>
            <eventType>revised</eventType>
            <eventDateTime>2016-06-10</eventDateTime>
            <agentType>human</agentType>
            <agent>Pascal RIVIALE</agent>
            <eventDescription>Elsa Camus, 3 octobre 2016 : ajout fonctions, ajout sources, ajout lien d'identité, ajout lieu, modification forme autorisée du nom</eventDescription>
         </maintenanceEvent>
         <maintenanceEvent>
            <eventType>updated</eventType>
            <eventDateTime>2016-10-03</eventDateTime>
            <agentType>human</agentType>
            <agent>Mission.referentiels MISSION.REFERENTIELS</agent>
         </maintenanceEvent>
      </maintenanceHistory>
      <sources>
         <source>
            <descriptiveNote>
               <p>notice BnF FRBNF11990767 : http://catalogue.bnf.fr/ark:/12148/cb16592380h</p>
               <p>notice wikipedia : https://fr.wikipedia.org/wiki/Mus%C3%A9e_d%27Orsay</p>
            </descriptiveNote>
         </source>
      </sources>
   </control>
   <cpfDescription>
      <identity>
         <entityId>ISNI 0000 0004 0645 1902</entityId>
         <entityType>corporateBody</entityType>
         <nameEntry localType="autorisée" scriptCode="Latn" xml:lang="fre">
            <part>Établissement public du musée d'Orsay (Paris ; 2004-2009)</part>
         </nameEntry>
      </identity>
      <description>
         <existDates>
            <dateRange>
               <fromDate standardDate="2004-01-01">2004</fromDate>
               <toDate standardDate="2009-12-31">2009</toDate>
            </dateRange>
         </existDates>
         <legalStatuses>
            <legalStatus>
               <term vocabularySource="d5blonb3ky--u69ytier8ih6">établissement public à caractère administratif</term>
            </legalStatus>
         </legalStatuses>
         <mandates>
            <mandate>
               <descriptiveNote>
                  <p>décret du 26 décembre 2003 : https://www.legifrance.gouv.fr/jo_pdf.do?id=JORFTEXT000000611798</p>
                  <p>décret du 27 mai 2010 : https://www.legifrance.gouv.fr/jo_pdf.do?id=JORFTEXT000022272160</p>
               </descriptiveNote>
            </mandate>
         </mandates>
         <biogHist>
            <p>Menacée de démolition et de remplacement par un grand hôtel moderne, la gare d'Orsay, construite à la fin du XIXe siècle pour l'exposition universelle de 1900, est inscrite à l’inventaire supplémentaire des Monuments historiques en 1973.</p>
            <p>Le président de la République, François Mitterrand, inaugure le 1er décembre 1986 le nouveau musée consacré à la création artistique du monde occidental de 1848 à 1914.</p>
            <p>Le musée d'Orsay est un musée national du Ministère de la Culture. Il est, avant 2004, un service à compétence nationale et devient établissement public à caractère administratif par décret du 26 décembre 2003 (modifié par le décret du 27 mai 2010), placé sous la tutelle du ministre chargé de la culture. </p>
            <p>Depuis le 1er janvier 2004, le musée d'Orsay regroupe le musée d'Orsay et le musée Hébert. Le musée de l’Orangerie, qui était lui-même un service à compétence nationale, est rattaché en mai 2010 à l’établissement public du musée d’Orsay, qui devient l’établissement public des musées d’Orsay et de l’Orangerie.</p>
         </biogHist>
      </description>
      <relations>
         <cpfRelation xmlns:xlink="http://www.w3.org/1999/xlink"
                      cpfRelationType="hierarchical-parent"
                      xlink:href="FRAN_NP_005237"
                      xlink:type="simple">
            <relationEntry>Direction des musées de France</relationEntry>
            <dateRange>
               <fromDate standardDate="2004-01-01">2004</fromDate>
               <toDate standardDate="2009-12-31">2009</toDate>
            </dateRange>
         </cpfRelation>
         <cpfRelation xmlns:xlink="http://www.w3.org/1999/xlink"
                      cpfRelationType="temporal-later"
                      xlink:href="FRAN_NP_005481"
                      xlink:type="simple">
            <relationEntry>Établissement public du musée d'Orsay et du musée de l'Orangerie (Paris ; 2010-....)</relationEntry>
            <dateRange>
               <fromDate standardDate="2010-01-01">2010</fromDate>
            </dateRange>
         </cpfRelation>
         <cpfRelation xmlns:xlink="http://www.w3.org/1999/xlink"
                      cpfRelationType="temporal-earlier"
                      xlink:href="FRAN_NP_005227"
                      xlink:type="simple">
            <relationEntry>Musée d'Orsay (Paris ; 1978-2003)</relationEntry>
            <dateRange>
               <fromDate standardDate="2004-01-01">2004</fromDate>
            </dateRange>
         </cpfRelation>
         <resourceRelation xmlns:xlink="http://www.w3.org/1999/xlink"
                           resourceRelationType="creatorOf"
                           xlink:href="FRAN_IR_008860"
                           xlink:type="simple">
            <relationEntry localType="archival">Culture ; Direction des musées de France ; Etablissement public du musée d'Orsay (1926-1995)</relationEntry>
         </resourceRelation>
         <resourceRelation xmlns:xlink="http://www.w3.org/1999/xlink"
                           resourceRelationType="creatorOf"
                           xlink:href="FRAN_IR_014718"
                           xlink:type="simple">
            <relationEntry localType="archival">Culture ; Direction des musées de France ; Etablissement public du musée d'Orsay (1960-1987)</relationEntry>
         </resourceRelation>
         <resourceRelation xmlns:xlink="http://www.w3.org/1999/xlink"
                           resourceRelationType="creatorOf"
                           xlink:href="FRAN_IR_014719"
                           xlink:type="simple">
            <relationEntry localType="archival">Culture ; Direction des musées de France ; Établissement public du musée d'Orsay (1978-1987)</relationEntry>
         </resourceRelation>
         <resourceRelation xmlns:xlink="http://www.w3.org/1999/xlink"
                           resourceRelationType="creatorOf"
                           xlink:href="FRAN_IR_014899"
                           xlink:type="simple">
            <relationEntry localType="archival">Culture ; Direction des musées de France ; Etablissement public du musée d'Orsay (1978-1988)</relationEntry>
         </resourceRelation>
         <resourceRelation xmlns:xlink="http://www.w3.org/1999/xlink"
                           resourceRelationType="creatorOf"
                           xlink:href="FRAN_IR_054444"
                           xlink:type="simple">
            <relationEntry localType="archival">Musée d'Orsay : administration générale</relationEntry>
         </resourceRelation>
         <resourceRelation xmlns:xlink="http://www.w3.org/1999/xlink"
                           resourceRelationType="creatorOf"
                           xlink:href="FRAN_IR_054613"
                           xlink:type="simple">
            <relationEntry localType="archival">Etablissement public des musées d'Orsay et de l'Orangerie</relationEntry>
         </resourceRelation>
         <resourceRelation xmlns:xlink="http://www.w3.org/1999/xlink"
                           resourceRelationType="creatorOf"
                           xlink:href="FRAN_IR_054383"
                           xlink:type="simple">
            <relationEntry localType="archival">Musée d'Orsay : aménagement du musée et des espaces dédiés à la sculpture</relationEntry>
         </resourceRelation>
         <resourceRelation xmlns:xlink="http://www.w3.org/1999/xlink"
                           resourceRelationType="creatorOf"
                           xlink:href="FRAN_IR_055473"
                           xlink:type="simple">
            <relationEntry localType="archival">ÉTABLISSEMENT PUBLIC Des MUSEEs D'ORSay et de l'orangerie</relationEntry>
         </resourceRelation>
      </relations>
   </cpfDescription>
</eac-cpf>
