<eac-cpf xmlns="urn:isbn:1-931666-33-4"
         xmlns:xsi="http://www.w3.org/2001/XMLSchema-instance"
         xsi:schemaLocation="urn:isbn:1-931666-33-4 cpf.xsd">
   <control>
      <recordId>FRAN_NP_009300</recordId>
      <otherRecordId localType="Ancien_identifiant">9912/AS061</otherRecordId>
      <maintenanceStatus>revised</maintenanceStatus>
      <maintenanceAgency>
         <agencyName>Archives nationales de France</agencyName>
      </maintenanceAgency>
      <languageDeclaration>
         <language languageCode="fre">Français</language>
         <script scriptCode="Latn"/>
      </languageDeclaration>
      <conventionDeclaration>
         <citation>Notice établie conformément à la norme ICA-ISAAR (CPF) 2004, aux normes ISO 8601 pour le système de normalisation des dates utilisé, ainsi que AFNOR NF Z 44-061, juin 1986. Catalogage : forme et structure des vedettes noms de personne, des vedettes titres, des rubriques de classement et des titres forgés.</citation>
      </conventionDeclaration>
      <localControl localType="niveau_de_detail">
         <term>Élémentaire</term>
      </localControl>
      <maintenanceHistory>
         <maintenanceEvent>
            <eventType>derived</eventType>
            <eventDateTime>2013-04-23</eventDateTime>
            <agentType>machine</agentType>
            <agent>Import_SIA</agent>
         </maintenanceEvent>
         <maintenanceEvent>
            <eventType>revised</eventType>
            <eventDateTime>2017-12-21</eventDateTime>
            <agentType>human</agentType>
            <agent>Constance DE VERGNETTE DE LAMOTTE</agent>
            <eventDescription>Pas de notice wikipédia, pas de notice d'autorité BnF, pas de numéro ISNI</eventDescription>
         </maintenanceEvent>
         <maintenanceEvent>
            <eventType>updated</eventType>
            <eventDateTime>2018-07-06</eventDateTime>
            <agentType>human</agentType>
            <agent>Isabelle ARISTIDE-HASTIR</agent>
         </maintenanceEvent>
      </maintenanceHistory>
      <sources>
         <source>
            <sourceEntry>Archives nationales, fonds de l'Association de la bourgeoisie ancienne française : 61 AS.</sourceEntry>
         </source>
      </sources>
   </control>
   <cpfDescription>
      <identity>
         <entityType>corporateBody</entityType>
         <nameEntry localType="autorisée" scriptCode="Latn" xml:lang="fre">
            <part>Association de la bourgeoisie ancienne française (1978-1987)</part>
         </nameEntry>
         <nameEntry>
            <part>ABAF</part>
         </nameEntry>
      </identity>
      <description>
         <existDates>
            <dateRange>
               <fromDate standardDate="1978-01-01">1978</fromDate>
               <toDate standardDate="1987-12-31">1987</toDate>
            </dateRange>
         </existDates>
         <legalStatuses>
            <legalStatus>
               <term vocabularySource="d5blom9zjl-l45jh5o3uznu">association</term>
            </legalStatus>
         </legalStatuses>
         <functions>
            <function>
               <term vocabularySource="d3nyug3e0g-1xzlvri8dg416">action sociale</term>
            </function>
         </functions>
         <biogHist>
            <p>Créée en 1978 sur le modèle de l’Association de la noblesse française, l’Association de la bourgeoisie ancienne française (ABAF) a pour but de rassembler les descendants de personnes qualifiées de bourgeois d’une ville sous l’Ancien Régime, et d’encourager l’entraide en faveur de ses membres les plus défavorisés.</p>
            <p>N’ayant jamais rencontré le succès escompté, l’ABAF a peu à peu cessé toute activité, ce qui devient effectif en 1987.</p>
         </biogHist>
      </description>
      <relations>
         <resourceRelation xmlns:xlink="http://www.w3.org/1999/xlink"
                           resourceRelationType="creatorOf"
                           xlink:href="FRAN_IR_022903"
                           xlink:type="simple">
            <relationEntry localType="archival">Archives d'associations ; 61 AS : Association de la bourgeoisie ancienne française (1978-1986)</relationEntry>
         </resourceRelation>
      </relations>
   </cpfDescription>
</eac-cpf>
