<eac-cpf xmlns="urn:isbn:1-931666-33-4"
         xmlns:xsi="http://www.w3.org/2001/XMLSchema-instance"
         xsi:schemaLocation="urn:isbn:1-931666-33-4 cpf.xsd">
   <control>
      <recordId>FRAN_NP_010265</recordId>
      <otherRecordId localType="Ancien_identifiant">FRDAFANCH00MC_NAETUDE_157</otherRecordId>
      <maintenanceStatus>derived</maintenanceStatus>
      <maintenanceAgency>
         <agencyName>Archives nationales de France</agencyName>
      </maintenanceAgency>
      <languageDeclaration>
         <language languageCode="fre">Français</language>
         <script scriptCode="Latn"/>
      </languageDeclaration>
      <conventionDeclaration>
         <citation>Notice établie conformément à la norme ICA-ISAAR (CPF) 2004, aux normes ISO 8601 pour le système de normalisation des dates utilisé, ainsi que AFNOR NF Z 44-061, juin 1986. Catalogage : forme et structure des vedettes noms de personne, des vedettes titres, des rubriques de classement et des titres forgés.</citation>
      </conventionDeclaration>
      <localControl localType="niveau_de_detail">
         <term>Moyenne</term>
      </localControl>
      <maintenanceHistory>
         <maintenanceEvent>
            <eventType>derived</eventType>
            <eventDateTime>2013-04-23</eventDateTime>
            <agentType>machine</agentType>
            <agent>Migration ETANOT</agent>
         </maintenanceEvent>
      </maintenanceHistory>
   </control>
   <cpfDescription>
      <identity>
         <entityType>corporateBody</entityType>
         <nameEntry scriptCode="Latn" localType="autorisée" xml:lang="fre">
            <part>Etude CLVII</part>
         </nameEntry>
         <nameEntry>
            <part>75200</part>
         </nameEntry>
      </identity>
      <description>
         <existDates>
            <dateRange>
               <fromDate standardDate="1976-11-24">24 novembre 1976</fromDate>
            </dateRange>
         </existDates>
         <places>
            <place>
               <placeRole>Lieu de Paris</placeRole>
               <placeEntry localType="nomLieu">25, avenue Georges V, 75008 PARIS</placeEntry>
            </place>
         </places>
         <functions>
            <function>
               <term vocabularySource="d3nyui3o8w--11y7jgy8q3wnt">notaire à paris</term>
               <dateRange>
                  <fromDate standardDate="1976-11-24">24 novembre 1976</fromDate>
                  <toDate/>
               </dateRange>
            </function>
         </functions>
      </description>
      <relations>
         <cpfRelation xmlns:xlink="http://www.w3.org/1999/xlink"
                      cpfRelationType="associative"
                      xlink:href="FRAN_NP_010314"
                      xlink:type="simple">
            <relationEntry>Wallut, Patrick</relationEntry>
            <dateRange>
               <fromDate standardDate="1987-06-17">17 juin 1987</fromDate>
               <toDate standardDate="2007-01-11">11 janvier 2007</toDate>
            </dateRange>
         </cpfRelation>
         <cpfRelation xmlns:xlink="http://www.w3.org/1999/xlink"
                      cpfRelationType="associative"
                      xlink:href="FRAN_NP_011654"
                      xlink:type="simple">
            <relationEntry>Katz, Alain</relationEntry>
            <dateRange>
               <fromDate standardDate="1983-11-30">30 novembre 1983</fromDate>
               <toDate standardDate="1999-05-06">6 mai 1999</toDate>
            </dateRange>
         </cpfRelation>
         <cpfRelation xmlns:xlink="http://www.w3.org/1999/xlink"
                      cpfRelationType="associative"
                      xlink:href="FRAN_NP_012448"
                      xlink:type="simple">
            <relationEntry>Dupre, Philippe</relationEntry>
            <dateRange>
               <fromDate standardDate="1979-02-28">28 février 1979</fromDate>
               <toDate standardDate="1983-11-30">30 novembre 1983</toDate>
            </dateRange>
         </cpfRelation>
         <cpfRelation xmlns:xlink="http://www.w3.org/1999/xlink"
                      cpfRelationType="associative"
                      xlink:href="FRAN_NP_011115"
                      xlink:type="simple">
            <relationEntry>Maulen, Dominique</relationEntry>
            <dateRange>
               <fromDate standardDate="1996-10-16">16 octobre 1996</fromDate>
            </dateRange>
         </cpfRelation>
         <cpfRelation xmlns:xlink="http://www.w3.org/1999/xlink"
                      cpfRelationType="associative"
                      xlink:href="FRAN_NP_013226"
                      xlink:type="simple">
            <relationEntry>Filbet-Fournis, Nathalie</relationEntry>
            <dateRange>
               <fromDate standardDate="2003-05-14">14 mai 2003</fromDate>
            </dateRange>
         </cpfRelation>
         <cpfRelation xmlns:xlink="http://www.w3.org/1999/xlink"
                      cpfRelationType="associative"
                      xlink:href="FRAN_NP_011097"
                      xlink:type="simple">
            <relationEntry>Martin, Frédéric</relationEntry>
            <dateRange>
               <fromDate standardDate="1991-02-06">6 février 1991</fromDate>
            </dateRange>
         </cpfRelation>
         <cpfRelation xmlns:xlink="http://www.w3.org/1999/xlink"
                      cpfRelationType="associative"
                      xlink:href="FRAN_NP_013110"
                      xlink:type="simple">
            <relationEntry>Allez, Marc</relationEntry>
            <dateRange>
               <fromDate standardDate="1979-02-28">28 février 1979</fromDate>
               <toDate standardDate="1998-06-23">23 juin 1998</toDate>
            </dateRange>
         </cpfRelation>
         <cpfRelation xmlns:xlink="http://www.w3.org/1999/xlink"
                      cpfRelationType="associative"
                      xlink:href="FRAN_NP_012962"
                      xlink:type="simple">
            <relationEntry>Bontoux, Dorothée</relationEntry>
            <dateRange>
               <fromDate standardDate="1999-11-03">3 novembre 1999</fromDate>
               <toDate standardDate="2002-06-11">11 juin 2002</toDate>
            </dateRange>
         </cpfRelation>
         <cpfRelation xmlns:xlink="http://www.w3.org/1999/xlink"
                      cpfRelationType="associative"
                      xlink:href="FRAN_NP_011982"
                      xlink:type="simple">
            <relationEntry>Guéroult, Jean-Pierre</relationEntry>
            <dateRange>
               <fromDate standardDate="1983-11-30">30 novembre 1983</fromDate>
               <toDate standardDate="2010-12-14">14 décembre 2010</toDate>
            </dateRange>
         </cpfRelation>
         <cpfRelation xmlns:xlink="http://www.w3.org/1999/xlink"
                      cpfRelationType="associative"
                      xlink:href="FRAN_NP_013259"
                      xlink:type="simple">
            <relationEntry>Pichat, Etienne</relationEntry>
            <dateRange>
               <fromDate standardDate="2004-06-07">7 juin 2004</fromDate>
            </dateRange>
         </cpfRelation>
         <cpfRelation xmlns:xlink="http://www.w3.org/1999/xlink"
                      cpfRelationType="associative"
                      xlink:href="FRAN_NP_013239"
                      xlink:type="simple">
            <relationEntry>Lucien-Coirre, Delphine</relationEntry>
            <dateRange>
               <fromDate standardDate="2003-01-01">2003</fromDate>
            </dateRange>
         </cpfRelation>
         <cpfRelation xmlns:xlink="http://www.w3.org/1999/xlink"
                      cpfRelationType="associative"
                      xlink:href="FRAN_NP_012447"
                      xlink:type="simple">
            <relationEntry>Dupre, Fernand</relationEntry>
            <dateRange>
               <fromDate standardDate="1976-11-24">24 novembre 1976</fromDate>
               <toDate standardDate="1983-11-30">30 novembre 1983</toDate>
            </dateRange>
         </cpfRelation>
         <cpfRelation xmlns:xlink="http://www.w3.org/1999/xlink"
                      cpfRelationType="associative"
                      xlink:href="FRAN_NP_013479"
                      xlink:type="simple">
            <relationEntry>Chemithe, Guillaume</relationEntry>
            <dateRange>
               <fromDate standardDate="2010-09-08">8 septembre 2010</fromDate>
            </dateRange>
         </cpfRelation>
         <cpfRelation xmlns:xlink="http://www.w3.org/1999/xlink"
                      cpfRelationType="associative"
                      xlink:href="FRAN_NP_013480"
                      xlink:type="simple">
            <relationEntry>Sachet, Romuald</relationEntry>
            <dateRange>
               <fromDate standardDate="2010-09-08">8 septembre 2010</fromDate>
            </dateRange>
         </cpfRelation>
         <cpfRelation xmlns:xlink="http://www.w3.org/1999/xlink"
                      cpfRelationType="associative"
                      xlink:href="FRAN_NP_013516"
                      xlink:type="simple">
            <relationEntry>Audoir, Vincent</relationEntry>
            <dateRange>
               <fromDate standardDate="2011-10-06">6 octobre 2011</fromDate>
            </dateRange>
         </cpfRelation>
      </relations>
   </cpfDescription>
</eac-cpf>
