<eac-cpf xmlns="urn:isbn:1-931666-33-4"
         xmlns:xsi="http://www.w3.org/2001/XMLSchema-instance"
         xsi:schemaLocation="urn:isbn:1-931666-33-4 cpf.xsd">
   <control>
      <recordId>FRAN_NP_005016</recordId>
      <otherRecordId localType="Ancien_identifiant">4404/P</otherRecordId>
      <maintenanceStatus>revised</maintenanceStatus>
      <maintenanceAgency>
         <agencyName>Archives nationales de France</agencyName>
      </maintenanceAgency>
      <languageDeclaration>
         <language languageCode="fre">Français</language>
         <script scriptCode="Latn"/>
      </languageDeclaration>
      <conventionDeclaration>
         <citation>Notice établie conformément à la norme ICA-ISAAR (CPF) 2004, aux normes ISO 8601 pour le système de normalisation des dates utilisé, ainsi que AFNOR NF Z 44-061, juin 1986. Catalogage : forme et structure des vedettes noms de personne, des vedettes titres, des rubriques de classement et des titres forgés.</citation>
      </conventionDeclaration>
      <localControl localType="niveau_de_detail">
         <term>Moyenne</term>
      </localControl>
      <maintenanceHistory>
         <maintenanceEvent>
            <eventType>derived</eventType>
            <eventDateTime>2013-04-23</eventDateTime>
            <agentType>machine</agentType>
            <agent>Import_SIA</agent>
         </maintenanceEvent>
         <maintenanceEvent>
            <eventType>revised</eventType>
            <eventDateTime>2015-09-25</eventDateTime>
            <agentType>human</agentType>
            <agent>Monique LEBLOIS-PECHON</agent>
            <eventDescription>F. Clavaud, 28 août 2015 : revu le nom, les liens producteurs, ajouté indexation fonctions</eventDescription>
         </maintenanceEvent>
      </maintenanceHistory>
   </control>
   <cpfDescription>
      <identity>
         <entityType>corporateBody</entityType>
         <nameEntry localType="autorisée" scriptCode="Latn" xml:lang="fre">
            <part>France. Ministère des Anciens Combattants et Victimes de guerre. Sous-direction des pensions (1984-1998)</part>
         </nameEntry>
      </identity>
      <description>
         <existDates>
            <dateRange>
               <fromDate standardDate="1984-01-01">1984</fromDate>
               <toDate standardDate="1998-12-31">1998</toDate>
            </dateRange>
         </existDates>
         <legalStatuses>
            <legalStatus>
               <term vocabularySource="d5blonaxbw--1mt8t42bokzts">service d'administration centrale</term>
            </legalStatus>
         </legalStatuses>
         <functions>
            <function>
               <term vocabularySource="d3nyug3e0g-1xzlvri8dg416">action sociale</term>
               <descriptiveNote>
                  <p>pension des anciens combattants</p>
               </descriptiveNote>
            </function>
            <function>
               <term vocabularySource="d5bhvik770--15ma0n1oncnzo">anciens combattants</term>
            </function>
         </functions>
         <biogHist>
            <p>A partir de 1984, la Direction des pensions devient Direction des pensions et de la réinsertion sociale et la Direction des statuts et des services médicaux devient Direction des statuts et de l'information historique. Cette dernière direction disparait en 1986, la sous-direction de la réglementation et des statuts est alors rattachée à la Direction des pensions et de la réinsertion sociale.</p>
            <p>La sous-direction des pensions dépend de 1984 à 1986 de la Direction des pensions et de la réinsertion sociale, et à partir de 1987 de la Direction des statuts, des pensions et de la réinsertion sociale.</p>
         </biogHist>
      </description>
      <relations>
         <cpfRelation xmlns:xlink="http://www.w3.org/1999/xlink"
                      cpfRelationType="hierarchical-child"
                      xlink:href="FRAN_NP_005015"
                      xlink:type="simple">
            <relationEntry>Bureau des droits à pension (ministère chargé des anciens combattants et victimes de guerre)</relationEntry>
            <dateRange>
               <fromDate standardDate="1984-01-01">1984</fromDate>
               <toDate standardDate="1998-12-31">1998</toDate>
            </dateRange>
         </cpfRelation>
         <cpfRelation xmlns:xlink="http://www.w3.org/1999/xlink"
                      cpfRelationType="temporal-earlier"
                      xlink:href="FRAN_NP_005004"
                      xlink:type="simple">
            <relationEntry>Sous-direction de la liquidation des pensions (ministère des Anciens Combattants et Victimes de guerre)</relationEntry>
            <dateRange>
               <fromDate standardDate="1984-01-01">1984</fromDate>
            </dateRange>
         </cpfRelation>
         <cpfRelation xmlns:xlink="http://www.w3.org/1999/xlink"
                      cpfRelationType="associative"
                      xlink:href="FRAN_NP_051274"
                      xlink:type="simple">
            <relationEntry>Fédération des amputés de guerre de France (1929-....)</relationEntry>
            <dateRange>
               <fromDate standardDate="1984-01-01">1984</fromDate>
               <toDate standardDate="1998-12-31">1998</toDate>
            </dateRange>
         </cpfRelation>
         <cpfRelation xmlns:xlink="http://www.w3.org/1999/xlink"
                      cpfRelationType="hierarchical-parent"
                      xlink:href="FRAN_NP_005019"
                      xlink:type="simple">
            <relationEntry>Direction des statuts, des pensions et de la réinsertion sociale (ministère des Anciens Combattants et Victimes de guerre)</relationEntry>
            <dateRange>
               <fromDate standardDate="1987-02-05">5 février 1987</fromDate>
               <toDate standardDate="1998-12-31">1998</toDate>
            </dateRange>
         </cpfRelation>
         <cpfRelation xmlns:xlink="http://www.w3.org/1999/xlink"
                      cpfRelationType="hierarchical-parent"
                      xlink:href="FRAN_NP_005030"
                      xlink:type="simple">
            <relationEntry>France. Ministère des Anciens combattants et Victimes de guerre. Direction des pensions et de la réinsertion sociale (1984-1986)</relationEntry>
            <dateRange>
               <fromDate standardDate="1984-01-01">1984</fromDate>
               <toDate standardDate="1986-12-31">1986</toDate>
            </dateRange>
         </cpfRelation>
      </relations>
   </cpfDescription>
</eac-cpf>
