<eac-cpf xmlns="urn:isbn:1-931666-33-4"
         xmlns:xsi="http://www.w3.org/2001/XMLSchema-instance"
         xsi:schemaLocation="urn:isbn:1-931666-33-4 cpf.xsd">
   <control>
      <recordId>FRAN_NP_000075</recordId>
      <otherRecordId localType="Ancien_identifiant">1401/CP</otherRecordId>
      <maintenanceStatus>revised</maintenanceStatus>
      <maintenanceAgency>
         <agencyName>Archives nationales de France</agencyName>
      </maintenanceAgency>
      <languageDeclaration>
         <language languageCode="fre">Français</language>
         <script scriptCode="Latn"/>
      </languageDeclaration>
      <conventionDeclaration>
         <citation>Notice établie conformément à la norme ICA-ISAAR (CPF) 2004, aux normes ISO 8601 pour le système de normalisation des dates utilisé, ainsi que AFNOR NF Z 44-061, juin 1986. Catalogage : forme et structure des vedettes noms de personne, des vedettes titres, des rubriques de classement et des titres forgés.</citation>
      </conventionDeclaration>
      <localControl localType="niveau_de_detail">
         <term>Moyenne</term>
      </localControl>
      <maintenanceHistory>
         <maintenanceEvent>
            <eventType>derived</eventType>
            <eventDateTime>2013-04-23</eventDateTime>
            <agentType>machine</agentType>
            <agent>Import_SIA</agent>
         </maintenanceEvent>
         <maintenanceEvent>
            <eventType>revised</eventType>
            <eventDateTime>2015-09-30</eventDateTime>
            <agentType>human</agentType>
            <agent>Blandine WAGNER</agent>
         </maintenanceEvent>
         <maintenanceEvent>
            <eventType>revised</eventType>
            <eventDateTime>2017-03-06</eventDateTime>
            <agentType>human</agentType>
            <agent>Arnaud ROMONT</agent>
         </maintenanceEvent>
         <maintenanceEvent>
            <eventType>updated</eventType>
            <eventDateTime>2017-08-18</eventDateTime>
            <agentType>human</agentType>
            <agent>Samuel GIBIAT</agent>
         </maintenanceEvent>
      </maintenanceHistory>
      <sources>
         <source>
            <sourceEntry>Fougère (Louis) (dir.), Le Conseil d’État, son histoire à travers les documents d'époque, 1799-1974, Éditions du CNRS, 1974.</sourceEntry>
         </source>
         <source>
            <sourceEntry>Fanachi, Pierre. Conférence Vincent Wright : le Conseil des prises et sa jurisprudence de 1914 à 1920 [en ligne]. Conseil d'État, 2014 [consulté le 6 mars 2017]. Disponible sur : http://www.conseil-etat.fr/Actualites/Le-Conseil-d-Etat-vous-ouvre-ses-portes/Les-colloques-en-videos/Le-Conseil-des-Prises-et-sa-jurisprudence-de-1914-a-1920</sourceEntry>
         </source>
         <source>
            <sourceEntry>Notice Wikipédia : https://fr.wikipedia.org/wiki/Conseil_des_prises</sourceEntry>
         </source>
      </sources>
   </control>
   <cpfDescription>
      <identity>
         <entityType>corporateBody</entityType>
         <nameEntry localType="autorisée" scriptCode="Latn" xml:lang="fre">
            <part>France. Conseil des prises (1800-1965)</part>
         </nameEntry>
      </identity>
      <description>
         <existDates>
            <dateRange>
               <fromDate standardDate="1800-03-27">6 germinal an VIII (27 mars 1800)</fromDate>
               <toDate standardDate="1965-12-31">1965</toDate>
            </dateRange>
         </existDates>
         <legalStatuses>
            <legalStatus>
               <term>juridiction</term>
            </legalStatus>
         </legalStatuses>
         <functions>
            <function>
               <term vocabularySource="d3nyugtbte--13rem7tfg1o1y">contentieux</term>
            </function>
            <function>
               <term vocabularySource="d5bhviliu0--ghc74xbke76o">justice</term>
            </function>
         </functions>
         <occupations>
            <occupation>
               <term vocabularySource="d699msj4m5h-1b2buwj8z7npn">juge</term>
            </occupation>
         </occupations>
         <mandates>
            <mandate>
               <descriptiveNote>
                  <p>- Arrêté du 6 germinal an VIII portant création d'un Conseil des prises.</p>
                  <p>- Arrêté du 2 prairial an XI sur le règlement des armements de course.</p>
                  <p>- Décret du 11 juin 1806 sur l’organisation et les attributions du Conseil d’État.</p>
                  <p>- Ordonnance du 9 janvier 1815 portant suppression du Conseil des prises.</p>
                  <p>- Décret impérial du 18 juillet 1854 portant création d'un Conseil des prises.</p>
                  <p>- Déclaration du Congrès de Paris du 16 avril 1856 abolissant la course et protégeant les navires neutres.</p>
                  <p>- Décret impérial du 9 mai 1859 rétablissant le Conseil des prises.</p>
                  <p>- Décret impérial du 28 novembre 1861 maintenant le Conseil des prises institué en 1859.</p>
                  <p>- Convention de La Haye du 18 octobre 1907 relative au régime des navires de commerce ennemis au début des hostilités.</p>
                  <p>- Déclaration de la Convention navale de Londres du 26 février 1909 relative au droit de la guerre maritime.</p>
                  <p>- Décret du 6 novembre 1914 relatif à l’application, au cours de la guerre actuelle, des règles de droit international maritime.</p>
                  <p>- Décret du 16 mars 1915 relatif aux mesures prises pour arrêter les marchandises appartenant à des sujets de l’Empire d’Allemagne, ou venant d’Allemagne, ou expédiées sur l’Allemagne.</p>
                  <p>- Loi du 15 mars 1916 déterminant le mode d’attribution des prises maritimes.</p>
                  <p>- Décret du 16 mars 1915 relatif aux arrêts de marchandise.</p>
                  <p>- Décret-loi du 1er septembre 1939 relatif aux prises maritimes.</p>
                  <p>- </p>
               </descriptiveNote>
            </mandate>
         </mandates>
         <biogHist>
            <p>La procédure de jugement des prises maritimes effectuées à l’occasion des guerres remonte au Moyen Âge. Dès le XVe siècle, l'instruction et le jugement des prises en première instance étaient confiés aux officiers de l’amirauté. Ce n’est qu’au XVIIe siècle cependant que des institutions spécifiques furent créées pour le jugement des prises.</p>
            <p/>
            <p>En 1659 était ainsi instituée une commission extraordinaire de conseillers d’État et de maîtres des requêtes, le Conseil des prises, pour assister le grand maître de la navigation en matière de jugement des prises maritimes. À partir de 1695, ce Conseil était présidé par l’Amiral de France, avec appel auprès du Conseil royal des finances. Le fonctionnement de cette juridiction était réglementé par l’ordonnance d’août 1681 sur la marine. Cette juridiction ne fonctionnait qu’en temps de guerre, mais son activité était prolongée jusqu’au règlement des affaires en instance.</p>
            <p/>
            <p>Le Conseil des prises fut dissout par la loi du 14 février 1793 qui attribua la connaissance des affaires de prises maritimes aux tribunaux de commerce. Cependant, cette compétence fut successivement transférée au Conseil exécutif puis au Comité de Salut public, avant de revenir aux tribunaux de commerce (3 brumaire an IV).</p>
            <p/>
            <p>Un Conseil des prises fut rétabli par un arrêté du 6 germinal an VIII, composé de neuf conseillers d’État, d’un commissaire du Gouvernement et d’un secrétaire, nommés par le Premier Consul. La réglementation des prises maritimes fut par ailleurs réformée par l’arrêté du 2 prairial an XI sur le règlement des armements de course, qui est resté le texte de référence jusqu’au traité de Paris de 1856. Un appel des décisions du Conseil des prises auprès du Conseil d’État fut enfin institué le 11 juin 1806.</p>
            <p/>
            <p>Supprimé le 9 janvier 1815, le Conseil des prises fut restauré par décret impérial du 18 juillet 1854, à l'occasion de la guerre de Crimée.</p>
            <p/>
            <p>À l’issue du congrès de Paris, les plénipotentiaires adoptèrent, en effet, le 16 avril 1856, une déclaration commune abolissant la course et protégeant les navires neutres, sauf s’ils transportaient des marchandises déclarées contrebande de guerre, ainsi que les marchandises neutres, sauf si elles étaient déclarées contrebande de guerre.</p>
            <p/>
            <p>Le Conseil des prises fut réformé par le décret impérial du 9 mai 1859, à l’occasion de la guerre franco-autrichienne.</p>
            <p/>
            <p>En vertu de ce décret, le Conseil des prises eut pour fonction de statuer sur la validité de toutes les prises maritimes faites dans le cours de la guerre. Il statuait également sur les constatations relatives à la qualité des navires neutres ou ennemis, naufragés ou échoués, et sur les prises maritimes amenées dans les ports des colonies.</p>
            <p/>
            <p>Composé d’un conseiller d’État, de six membres (dont deux maîtres des requêtes au Conseil d’État) et d’un commissaire du Gouvernement nommés par décret, il rendait des décisions qui ne devenaient exécutoires que huit jours après notification, sauf recours devant le Conseil d’État. Ses frais de fonctionnement étaient assurés par la caisse des invalides de la marine.</p>
            <p/>
            <p>Un décret du 28 novembre 1861 compléta le dispositif en ordonnant que le Conseil des prises institué en 1859 sera maintenu. Il continua ainsi à fonctionner pour les prises effectuées lors de l’expédition du Mexique, de la guerre franco-prussienne de 1870 et des expéditions d’Indochine.</p>
            <p/>
            <p>La réglementation des prises maritimes évolua ensuite au cours des grandes conférences réglementant le droit de la guerre : convention de La Haye de 1907 avec la signature de la Convention du 18 octobre 1907 relative au régime des navires de commerce ennemis au début des hostilités, Conférence navale de Londres de 1909 avec la signature de la déclaration relative au droit de la guerre maritime du 26 février 1909.</p>
            <p/>
            <p>Le Conseil des prises fut automatiquement réactivé avec le déclenchement de la Première Guerre mondiale. Plusieurs textes marquèrent son fonctionnement : notification du Gouvernement du 11 août 1914 relative aux articles considérés pendant le cours des hostilités comme contrebande de guerre ; décret du 25 août 1914 relatif à l’application, durant la guerre, de la déclaration signée à Londres le 26 février 1909 relative au droit de la guerre maritime ; décret du 6 novembre 1914 relatif à l’application, au cours de la guerre actuelle, des règles de droit international maritime ; décret du 16 mars 1915 relatif aux mesures prises pour arrêter les marchandises appartenant à des sujets de l’Empire d’Allemagne, ou venant d’Allemagne, ou expédiées sur l’Allemagne ; loi du 15 mars 1916 déterminant le mode d’attribution des prises maritimes.</p>
            <p/>
            <p>Dans le cas des arrêts de marchandises prévus par le décret du 16 mars 1915, le Conseil des prises était saisi, dans les deux jours qui suivent l’arrivée du navire dérouté, pour statuer sur le caractère des marchandises saisies. Le service des prises du port adressait alors au commissaire du Gouvernement près le Conseil des prises les papiers de bord et les documents justifiant le déroutement.</p>
            <p/>
            <p>Le Conseil continua ses travaux jusqu’en 1927 et fut ensuite mis en sommeil.</p>
            <p/>
            <p>Il fut réactivé au début de la Seconde Guerre mondiale avec la publication des textes suivants : décret-loi du 1er septembre 1939 relatif aux prises maritimes ; notification du Gouvernement français relative aux articles considérés pendant le cours des hostilités comme contrebande de guerre.</p>
            <p/>
            <p>Le Conseil continua ses travaux jusqu’en 1965.</p>
         </biogHist>
      </description>
      <relations>
         <cpfRelation xmlns:xlink="http://www.w3.org/1999/xlink"
                      cpfRelationType="associative"
                      xlink:href="FRAN_NP_000080"
                      xlink:type="simple">
            <relationEntry>France. Conseil d'État (1799-....)</relationEntry>
            <dateRange>
               <fromDate standardDate="1800-03-27">27 mars 1800</fromDate>
               <toDate standardDate="1965-12-31">1965</toDate>
            </dateRange>
         </cpfRelation>
         <resourceRelation xmlns:xlink="http://www.w3.org/1999/xlink"
                           resourceRelationType="creatorOf"
                           xlink:href="FRAN_IR_053813"
                           xlink:type="simple">
            <relationEntry localType="archival">Archives de Jean-Étienne-Marie Portalis et de Joseph-Marie Portalis, conseillers d'État (an VIII-1812)</relationEntry>
         </resourceRelation>
         <resourceRelation xmlns:xlink="http://www.w3.org/1999/xlink"
                           resourceRelationType="creatorOf"
                           xlink:href="FRAN_IR_023544"
                           xlink:type="simple">
            <relationEntry localType="archival">Archives du Conseil des prises (1854-1965)</relationEntry>
         </resourceRelation>
         <resourceRelation xmlns:xlink="http://www.w3.org/1999/xlink"
                           resourceRelationType="creatorOf"
                           xlink:href="FRAN_IR_050875"
                           xlink:type="simple">
            <relationEntry localType="archival">Archives du Conseil des prises (1859-1965)</relationEntry>
         </resourceRelation>
         <resourceRelation xmlns:xlink="http://www.w3.org/1999/xlink"
                           resourceRelationType="creatorOf"
                           xlink:href="FRAN_IR_055946"
                           xlink:type="simple">
            <relationEntry localType="archival">Seconde Guerre mondiale. Archives du Conseil des prises. Conclusions des commissaires du Gouvernement et décisions (1940-1943).</relationEntry>
         </resourceRelation>
      </relations>
   </cpfDescription>
</eac-cpf>
