<eac-cpf xmlns="urn:isbn:1-931666-33-4"
         xmlns:xsi="http://www.w3.org/2001/XMLSchema-instance"
         xsi:schemaLocation="urn:isbn:1-931666-33-4 cpf.xsd">
   <control>
      <recordId>FRAN_NP_010134</recordId>
      <otherRecordId localType="Ancien_identifiant">FRDAFANCH00MC_NAETUDE_007</otherRecordId>
      <maintenanceStatus>derived</maintenanceStatus>
      <maintenanceAgency>
         <agencyName>Archives nationales de France</agencyName>
      </maintenanceAgency>
      <languageDeclaration>
         <language languageCode="fre">Français</language>
         <script scriptCode="Latn"/>
      </languageDeclaration>
      <conventionDeclaration>
         <citation>Notice établie conformément à la norme ICA-ISAAR (CPF) 2004, aux normes ISO 8601 pour le système de normalisation des dates utilisé, ainsi que AFNOR NF Z 44-061, juin 1986. Catalogage : forme et structure des vedettes noms de personne, des vedettes titres, des rubriques de classement et des titres forgés.</citation>
      </conventionDeclaration>
      <localControl localType="niveau_de_detail">
         <term>Moyenne</term>
      </localControl>
      <maintenanceHistory>
         <maintenanceEvent>
            <eventType>derived</eventType>
            <eventDateTime>2013-04-23</eventDateTime>
            <agentType>machine</agentType>
            <agent>Migration ETANOT</agent>
         </maintenanceEvent>
      </maintenanceHistory>
   </control>
   <cpfDescription>
      <identity>
         <entityType>corporateBody</entityType>
         <nameEntry localType="autorisée" scriptCode="Latn" xml:lang="fre">
            <part>Etude VII</part>
         </nameEntry>
         <nameEntry>
            <part>75023</part>
         </nameEntry>
      </identity>
      <description>
         <existDates>
            <dateRange>
               <fromDate standardDate="1582-01-01">1582</fromDate>
            </dateRange>
         </existDates>
         <places>
            <place>
               <placeRole>Lieu de Paris</placeRole>
               <placeEntry localType="nomLieu">64, rue du Ranelagh, bp 376-16, 75768 PARIS cedex 16</placeEntry>
            </place>
         </places>
         <functions>
            <function>
               <term vocabularySource="d3nyui3o8w--11y7jgy8q3wnt">notaire à paris</term>
               <dateRange>
                  <fromDate standardDate="1582-01-01">1582</fromDate>
                  <toDate/>
               </dateRange>
            </function>
         </functions>
         <biogHist>
            <p>L'étude reste rue de l'Arbre-Sec, près de la Croix du Trahoir, du début du XVIIème siècle avec Simon MERCIER, jusqu'en l'an VI (rue de la Monnaie, rue du Four). PEZET de CORVAL la transfère rue Neuve-Saint-Augustin où elle demeure jusqu'en 1842, avant de s'installer rue Bleue (1843), puis boulevard Magenta (1890).</p>
         </biogHist>
      </description>
      <relations>
         <cpfRelation xmlns:xlink="http://www.w3.org/1999/xlink"
                      cpfRelationType="associative"
                      xlink:href="FRAN_NP_012151"
                      xlink:type="simple">
            <relationEntry>Drouet, Nicolas</relationEntry>
            <dateRange>
               <fromDate standardDate="1684-05-12">12 mai 1684</fromDate>
               <toDate standardDate="1689-02-07">7 février 1689</toDate>
            </dateRange>
         </cpfRelation>
         <cpfRelation xmlns:xlink="http://www.w3.org/1999/xlink"
                      cpfRelationType="associative"
                      xlink:href="FRAN_NP_011519"
                      xlink:type="simple">
            <relationEntry>Le mercier, Simon</relationEntry>
            <dateRange>
               <fromDate standardDate="1611-09-14">14 septembre 1611</fromDate>
               <toDate standardDate="1647-10-01">1er octobre 1647</toDate>
            </dateRange>
         </cpfRelation>
         <cpfRelation xmlns:xlink="http://www.w3.org/1999/xlink"
                      cpfRelationType="associative"
                      xlink:href="FRAN_NP_010983"
                      xlink:type="simple">
            <relationEntry>Postelle, Sébastien</relationEntry>
            <dateRange>
               <fromDate standardDate="1805-10-10">10 octobre 1805</fromDate>
               <toDate standardDate="1810-11-30">30 novembre 1810</toDate>
            </dateRange>
         </cpfRelation>
         <cpfRelation xmlns:xlink="http://www.w3.org/1999/xlink"
                      cpfRelationType="associative"
                      xlink:href="FRAN_NP_012544"
                      xlink:type="simple">
            <relationEntry>Cressé, Nicolas</relationEntry>
            <dateRange>
               <fromDate standardDate="1625-01-01">1625</fromDate>
               <toDate standardDate="1626-02-26">26 février 1626</toDate>
            </dateRange>
         </cpfRelation>
         <cpfRelation xmlns:xlink="http://www.w3.org/1999/xlink"
                      cpfRelationType="associative"
                      xlink:href="FRAN_NP_012472"
                      xlink:type="simple">
            <relationEntry>Chavane de Dalmassy, Claude Marie Pierre Alfred</relationEntry>
            <dateRange>
               <fromDate standardDate="1932-03-23">23 mars 1932</fromDate>
               <toDate standardDate="1972-11-22">22 novembre 1972</toDate>
            </dateRange>
         </cpfRelation>
         <cpfRelation xmlns:xlink="http://www.w3.org/1999/xlink"
                      cpfRelationType="associative"
                      xlink:href="FRAN_NP_012474"
                      xlink:type="simple">
            <relationEntry>Chavane de dalmassy, Jean Louis</relationEntry>
            <dateRange>
               <fromDate standardDate="1969-01-08">8 janvier 1969</fromDate>
               <toDate standardDate="1995-02-10">10 février 1995</toDate>
            </dateRange>
         </cpfRelation>
         <cpfRelation xmlns:xlink="http://www.w3.org/1999/xlink"
                      cpfRelationType="associative"
                      xlink:href="FRAN_NP_012476"
                      xlink:type="simple">
            <relationEntry>Curmer, Alexandre</relationEntry>
            <dateRange>
               <fromDate standardDate="1810-11-30">30 novembre 1810</fromDate>
               <toDate standardDate="1826-12-19">19 décembre 1826</toDate>
            </dateRange>
         </cpfRelation>
         <cpfRelation xmlns:xlink="http://www.w3.org/1999/xlink"
                      cpfRelationType="associative"
                      xlink:href="FRAN_NP_012611"
                      xlink:type="simple">
            <relationEntry>Chauvin-Coqueux, Marie Dominique</relationEntry>
            <dateRange>
               <fromDate standardDate="2006-02-07">7 février 2006</fromDate>
            </dateRange>
         </cpfRelation>
         <cpfRelation xmlns:xlink="http://www.w3.org/1999/xlink"
                      cpfRelationType="associative"
                      xlink:href="FRAN_NP_010452"
                      xlink:type="simple">
            <relationEntry>Thomas, Antoine Juste Alphonse</relationEntry>
            <dateRange>
               <fromDate standardDate="1831-12-15">15 décembre 1831</fromDate>
               <toDate standardDate="1886-12-17">17 décembre 1886</toDate>
            </dateRange>
         </cpfRelation>
         <cpfRelation xmlns:xlink="http://www.w3.org/1999/xlink"
                      cpfRelationType="associative"
                      xlink:href="FRAN_NP_011841"
                      xlink:type="simple">
            <relationEntry>Garanger, Charles Louis</relationEntry>
            <dateRange>
               <fromDate standardDate="1886-12-17">17 décembre 1886</fromDate>
               <toDate standardDate="1907-01-02">2 janvier 1907</toDate>
            </dateRange>
         </cpfRelation>
         <cpfRelation xmlns:xlink="http://www.w3.org/1999/xlink"
                      cpfRelationType="associative"
                      xlink:href="FRAN_NP_011761"
                      xlink:type="simple">
            <relationEntry>Henry, Jean-Baptiste</relationEntry>
            <dateRange>
               <fromDate standardDate="1711-10-03">3 octobre 1711</fromDate>
               <toDate standardDate="1712-11-11">11 novembre 1712</toDate>
            </dateRange>
         </cpfRelation>
         <cpfRelation xmlns:xlink="http://www.w3.org/1999/xlink"
                      cpfRelationType="associative"
                      xlink:href="FRAN_NP_013138"
                      xlink:type="simple">
            <relationEntry>Armet, Nicolas</relationEntry>
            <dateRange>
               <fromDate standardDate="1750-05-29">29 mai 1750</fromDate>
               <toDate standardDate="1777-06-30">30 juin 1777</toDate>
            </dateRange>
         </cpfRelation>
         <cpfRelation xmlns:xlink="http://www.w3.org/1999/xlink"
                      cpfRelationType="associative"
                      xlink:href="FRAN_NP_012901"
                      xlink:type="simple">
            <relationEntry>Bierne, Jean de</relationEntry>
            <dateRange>
               <fromDate standardDate="1648-03-14">14 mars 1648</fromDate>
               <toDate standardDate="1663-04-26">26 avril 1663</toDate>
            </dateRange>
         </cpfRelation>
         <cpfRelation xmlns:xlink="http://www.w3.org/1999/xlink"
                      cpfRelationType="associative"
                      xlink:href="FRAN_NP_013137"
                      xlink:type="simple">
            <relationEntry>Armet, Edme</relationEntry>
            <dateRange>
               <fromDate standardDate="1777-07-01">1er juillet 1777</fromDate>
               <toDate standardDate="1789-02-04">4 février 1789</toDate>
            </dateRange>
         </cpfRelation>
         <cpfRelation xmlns:xlink="http://www.w3.org/1999/xlink"
                      cpfRelationType="associative"
                      xlink:href="FRAN_NP_012045"
                      xlink:type="simple">
            <relationEntry>Ferrant, Charles</relationEntry>
            <dateRange>
               <fromDate standardDate="1582-04-04">4 avril 1582</fromDate>
               <toDate standardDate="1611-06-01">1er juin 1611</toDate>
            </dateRange>
         </cpfRelation>
         <cpfRelation xmlns:xlink="http://www.w3.org/1999/xlink"
                      cpfRelationType="associative"
                      xlink:href="FRAN_NP_013087"
                      xlink:type="simple">
            <relationEntry>Burthe-Mique, Olivier</relationEntry>
            <dateRange>
               <fromDate standardDate="1992-08-06">6 août 1992</fromDate>
               <toDate standardDate="2000-10-11">11 octobre 2000</toDate>
            </dateRange>
         </cpfRelation>
         <cpfRelation xmlns:xlink="http://www.w3.org/1999/xlink"
                      cpfRelationType="associative"
                      xlink:href="FRAN_NP_011106"
                      xlink:type="simple">
            <relationEntry>Masson, Jean</relationEntry>
            <dateRange>
               <fromDate standardDate="1712-11-29">29 novembre 1712</fromDate>
               <toDate standardDate="1750-05-28">28 mai 1750</toDate>
            </dateRange>
         </cpfRelation>
         <cpfRelation xmlns:xlink="http://www.w3.org/1999/xlink"
                      cpfRelationType="associative"
                      xlink:href="FRAN_NP_010458"
                      xlink:type="simple">
            <relationEntry>Thouin, Joseph</relationEntry>
            <dateRange>
               <fromDate standardDate="1690-08-08">8 août 1690</fromDate>
               <toDate standardDate="1711-10-02">2 octobre 1711</toDate>
            </dateRange>
         </cpfRelation>
         <cpfRelation xmlns:xlink="http://www.w3.org/1999/xlink"
                      cpfRelationType="associative"
                      xlink:href="FRAN_NP_011168"
                      xlink:type="simple">
            <relationEntry>Michaux, Pierre</relationEntry>
            <dateRange>
               <fromDate standardDate="1826-12-19">19 décembre 1826</fromDate>
               <toDate standardDate="1831-12-15">15 décembre 1831</toDate>
            </dateRange>
         </cpfRelation>
         <cpfRelation xmlns:xlink="http://www.w3.org/1999/xlink"
                      cpfRelationType="associative"
                      xlink:href="FRAN_NP_012475"
                      xlink:type="simple">
            <relationEntry>Cornibert, Marc-Antoine</relationEntry>
            <dateRange>
               <fromDate standardDate="1680-10-20">20 octobre 1680</fromDate>
               <toDate standardDate="1684-02-19">19 février 1684</toDate>
            </dateRange>
         </cpfRelation>
         <cpfRelation xmlns:xlink="http://www.w3.org/1999/xlink"
                      cpfRelationType="associative"
                      xlink:href="FRAN_NP_012473"
                      xlink:type="simple">
            <relationEntry>Chavane de dalmassy, François</relationEntry>
            <dateRange>
               <fromDate standardDate="1992-08-06">6 août 1992</fromDate>
            </dateRange>
         </cpfRelation>
         <cpfRelation xmlns:xlink="http://www.w3.org/1999/xlink"
                      cpfRelationType="associative"
                      xlink:href="FRAN_NP_012471"
                      xlink:type="simple">
            <relationEntry>Chavane, Marie Jules André Auguste</relationEntry>
            <dateRange>
               <fromDate standardDate="1907-01-02">2 janvier 1907</fromDate>
               <toDate standardDate="1932-03-23">23 mars 1932</toDate>
            </dateRange>
         </cpfRelation>
         <cpfRelation xmlns:xlink="http://www.w3.org/1999/xlink"
                      cpfRelationType="associative"
                      xlink:href="FRAN_NP_012545"
                      xlink:type="simple">
            <relationEntry>Cressé, Pierre</relationEntry>
            <dateRange>
               <fromDate standardDate="1626-03-23">23 mars 1626</fromDate>
               <toDate standardDate="1636-04-11">11 avril 1636</toDate>
            </dateRange>
         </cpfRelation>
         <cpfRelation xmlns:xlink="http://www.w3.org/1999/xlink"
                      cpfRelationType="associative"
                      xlink:href="FRAN_NP_011483"
                      xlink:type="simple">
            <relationEntry>Lefevre, Noël</relationEntry>
            <dateRange>
               <fromDate standardDate="1684-02-29">29 février 1684</fromDate>
               <toDate standardDate="1684-05-06">6 mai 1684</toDate>
            </dateRange>
         </cpfRelation>
         <cpfRelation xmlns:xlink="http://www.w3.org/1999/xlink"
                      cpfRelationType="associative"
                      xlink:href="FRAN_NP_010910"
                      xlink:type="simple">
            <relationEntry>Pezet de corval, Antoine</relationEntry>
            <dateRange>
               <fromDate standardDate="1789-02-04">4 février 1789</fromDate>
               <toDate standardDate="1805-10-10">10 octobre 1805</toDate>
            </dateRange>
         </cpfRelation>
         <cpfRelation xmlns:xlink="http://www.w3.org/1999/xlink"
                      cpfRelationType="associative"
                      xlink:href="FRAN_NP_011628"
                      xlink:type="simple">
            <relationEntry>Loret, Adrien</relationEntry>
            <dateRange>
               <fromDate standardDate="1663-06-09">9 juin 1663</fromDate>
               <toDate standardDate="1676-07-18">18 juillet 1676</toDate>
            </dateRange>
         </cpfRelation>
         <resourceRelation xmlns:xlink="http://www.w3.org/1999/xlink"
                           resourceRelationType="creatorOf"
                           xlink:href="FRAN_IR_041235"
                           xlink:type="simple">
            <relationEntry localType="archival">Minutes et répertoires du notaire Simon LE MERCIER, 15 septembre 1609 - 31 octobre 1647 (étude VII)</relationEntry>
         </resourceRelation>
         <resourceRelation xmlns:xlink="http://www.w3.org/1999/xlink"
                           resourceRelationType="creatorOf"
                           xlink:href="FRAN_IR_041234"
                           xlink:type="simple">
            <relationEntry localType="archival">Minutes et répertoires du notaire Charles FERRANT, 4 avril 1582 - 1er juin 1611 (étude VII)</relationEntry>
         </resourceRelation>
         <resourceRelation xmlns:xlink="http://www.w3.org/1999/xlink"
                           resourceRelationType="creatorOf"
                           xlink:href="FRAN_IR_041238"
                           xlink:type="simple">
            <relationEntry localType="archival">Minutes et répertoires du notaire Jean de BIERNE, 14 mars 1648 - 26 avril 1663 (étude VII)</relationEntry>
         </resourceRelation>
         <resourceRelation xmlns:xlink="http://www.w3.org/1999/xlink"
                           resourceRelationType="creatorOf"
                           xlink:href="FRAN_IR_041242"
                           xlink:type="simple">
            <relationEntry localType="archival">Minutes et répertoires du notaire Adrien LORET, 9 juin 1663 - 18 juillet 1676 (étude VII)</relationEntry>
         </resourceRelation>
         <resourceRelation xmlns:xlink="http://www.w3.org/1999/xlink"
                           resourceRelationType="creatorOf"
                           xlink:href="FRAN_IR_041236"
                           xlink:type="simple">
            <relationEntry localType="archival">Minutes et répertoires du notaire Nicolas CRESSÉ, 1625 - 26 février 1626 (étude VII)</relationEntry>
         </resourceRelation>
         <resourceRelation xmlns:xlink="http://www.w3.org/1999/xlink"
                           resourceRelationType="creatorOf"
                           xlink:href="FRAN_IR_041237"
                           xlink:type="simple">
            <relationEntry localType="archival">Minutes et répertoires du notaire Pierre CRESSÉ, 23 mars 1626 - 1635 (étude VII)</relationEntry>
         </resourceRelation>
         <resourceRelation xmlns:xlink="http://www.w3.org/1999/xlink"
                           resourceRelationType="creatorOf"
                           xlink:href="FRAN_IR_041239"
                           xlink:type="simple">
            <relationEntry localType="archival">Minutes et répertoires du notaire Marc Antoine CORNIBERT, 20 octobre 1680 - 19 février 1684 (étude VII)</relationEntry>
         </resourceRelation>
         <resourceRelation xmlns:xlink="http://www.w3.org/1999/xlink"
                           resourceRelationType="creatorOf"
                           xlink:href="FRAN_IR_041241"
                           xlink:type="simple">
            <relationEntry localType="archival">Minutes et répertoires du notaire Noël LEFEVRE, 29 février - 6 mai 1684 (étude VII)</relationEntry>
         </resourceRelation>
         <resourceRelation xmlns:xlink="http://www.w3.org/1999/xlink"
                           resourceRelationType="creatorOf"
                           xlink:href="FRAN_IR_041240"
                           xlink:type="simple">
            <relationEntry localType="archival">Minutes et répertoires du notaire Nicolas DROUET, 12 mai 1684 - 7 février 1689 (étude VII)</relationEntry>
         </resourceRelation>
         <resourceRelation xmlns:xlink="http://www.w3.org/1999/xlink"
                           resourceRelationType="creatorOf"
                           xlink:href="FRAN_IR_041243"
                           xlink:type="simple">
            <relationEntry localType="archival">Minutes et répertoires du notaire Joseph THOUIN, 9 août 1690 - 2 octobre 1711 (étude VII)</relationEntry>
         </resourceRelation>
         <resourceRelation xmlns:xlink="http://www.w3.org/1999/xlink"
                           resourceRelationType="creatorOf"
                           xlink:href="FRAN_IR_041244"
                           xlink:type="simple">
            <relationEntry localType="archival">Minutes et répertoires du notaire Jean-Baptiste HENRY, 3 octobre 1711 - 26 novembre 1712 (étude VII)</relationEntry>
         </resourceRelation>
         <resourceRelation xmlns:xlink="http://www.w3.org/1999/xlink"
                           resourceRelationType="creatorOf"
                           xlink:href="FRAN_IR_041245"
                           xlink:type="simple">
            <relationEntry localType="archival">Minutes et répertoires du notaire Jean MASSON, décembre 1712 - 28 mai 1750 (étude VII)</relationEntry>
         </resourceRelation>
         <resourceRelation xmlns:xlink="http://www.w3.org/1999/xlink"
                           resourceRelationType="creatorOf"
                           xlink:href="FRAN_IR_041246"
                           xlink:type="simple">
            <relationEntry localType="archival">Minutes et répertoires du notaire Nicolas ARMET, 29 mai 1750 - juin 1777 (étude VII)</relationEntry>
         </resourceRelation>
         <resourceRelation xmlns:xlink="http://www.w3.org/1999/xlink"
                           resourceRelationType="creatorOf"
                           xlink:href="FRAN_IR_041247"
                           xlink:type="simple">
            <relationEntry localType="archival">Minutes et répertoires du notaire Edme ARMET, juillet 1777 - 3 février 1789 (étude VII)</relationEntry>
         </resourceRelation>
         <resourceRelation xmlns:xlink="http://www.w3.org/1999/xlink"
                           resourceRelationType="creatorOf"
                           xlink:href="FRAN_IR_041248"
                           xlink:type="simple">
            <relationEntry localType="archival">Minutes et répertoires du notaire Antoine PEZET de CORVAL, 3 février 1789 - 7 octobre 1805 (étude VII)</relationEntry>
         </resourceRelation>
         <resourceRelation xmlns:xlink="http://www.w3.org/1999/xlink"
                           resourceRelationType="creatorOf"
                           xlink:href="FRAN_IR_041249"
                           xlink:type="simple">
            <relationEntry localType="archival">Minutes et répertoires du notaire Sébastien POSTELLE, 10 octobre 1805 - 28 novembre 1810 (étude VII)</relationEntry>
         </resourceRelation>
         <resourceRelation xmlns:xlink="http://www.w3.org/1999/xlink"
                           resourceRelationType="creatorOf"
                           xlink:href="FRAN_IR_041250"
                           xlink:type="simple">
            <relationEntry localType="archival">Minutes et répertoires du notaire Alexandre CURMER, décembre 1810 - 18 décembre 1826 (étude VII)</relationEntry>
         </resourceRelation>
         <resourceRelation xmlns:xlink="http://www.w3.org/1999/xlink"
                           resourceRelationType="creatorOf"
                           xlink:href="FRAN_IR_041251"
                           xlink:type="simple">
            <relationEntry localType="archival">Minutes et répertoires du notaire Pierre MICHAUX, 19 décembre 1826 - 15 décembre 1831 (étude VII)</relationEntry>
         </resourceRelation>
         <resourceRelation xmlns:xlink="http://www.w3.org/1999/xlink"
                           resourceRelationType="creatorOf"
                           xlink:href="FRAN_IR_041254"
                           xlink:type="simple">
            <relationEntry localType="archival">Minutes et répertoires du notaire Charles Louis GARANGER, 17 décembre 1886 - novembre 1899 (étude VII)</relationEntry>
         </resourceRelation>
         <resourceRelation xmlns:xlink="http://www.w3.org/1999/xlink"
                           resourceRelationType="creatorOf"
                           xlink:href="FRAN_IR_041233"
                           xlink:type="simple">
            <relationEntry localType="archival">Archives de l'étude VII</relationEntry>
         </resourceRelation>
         <resourceRelation xmlns:xlink="http://www.w3.org/1999/xlink"
                           resourceRelationType="creatorOf"
                           xlink:href="FRAN_IR_051468"
                           xlink:type="simple">
            <relationEntry localType="archival">Images du répertoire du notaire Nicolas Drouet pour l'étude VII</relationEntry>
         </resourceRelation>
         <resourceRelation xmlns:xlink="http://www.w3.org/1999/xlink"
                           resourceRelationType="creatorOf"
                           xlink:href="FRAN_IR_051532"
                           xlink:type="simple">
            <relationEntry localType="archival">Images des répertoires du notaire Alexandre Curmer pour l'étude VII</relationEntry>
         </resourceRelation>
         <resourceRelation xmlns:xlink="http://www.w3.org/1999/xlink"
                           resourceRelationType="creatorOf"
                           xlink:href="FRAN_IR_051215"
                           xlink:type="simple">
            <relationEntry localType="archival">Images des répertoires du notaire Antoine Juste Alphonse Thomas pour l'étude VII</relationEntry>
         </resourceRelation>
         <resourceRelation xmlns:xlink="http://www.w3.org/1999/xlink"
                           resourceRelationType="creatorOf"
                           xlink:href="FRAN_IR_051432"
                           xlink:type="simple">
            <relationEntry localType="archival">Images des répertoires du notaire Charles Louis Garanger pour l'étude VII</relationEntry>
         </resourceRelation>
         <resourceRelation xmlns:xlink="http://www.w3.org/1999/xlink"
                           resourceRelationType="creatorOf"
                           xlink:href="FRAN_IR_051395"
                           xlink:type="simple">
            <relationEntry localType="archival">Images du répertoire du notaire Adrien Loret pour l'étude VII</relationEntry>
         </resourceRelation>
         <resourceRelation xmlns:xlink="http://www.w3.org/1999/xlink"
                           resourceRelationType="creatorOf"
                           xlink:href="FRAN_IR_051325"
                           xlink:type="simple">
            <relationEntry localType="archival">Images des répertoires du notaire Pierre Michaux pour l'étude VII</relationEntry>
         </resourceRelation>
         <resourceRelation xmlns:xlink="http://www.w3.org/1999/xlink"
                           resourceRelationType="creatorOf"
                           xlink:href="FRAN_IR_052771"
                           xlink:type="simple">
            <relationEntry localType="archival">Images des répertoires du notaire Jean Masson pour l'étude VII</relationEntry>
         </resourceRelation>
         <resourceRelation xmlns:xlink="http://www.w3.org/1999/xlink"
                           resourceRelationType="creatorOf"
                           xlink:href="FRAN_IR_052796"
                           xlink:type="simple">
            <relationEntry localType="archival">Images des répertoires du notaire Jean-Baptiste Henry pour l'étude VII</relationEntry>
         </resourceRelation>
         <resourceRelation xmlns:xlink="http://www.w3.org/1999/xlink"
                           resourceRelationType="creatorOf"
                           xlink:href="FRAN_IR_056562"
                           xlink:type="simple">
            <relationEntry localType="archival">Images des répertoires du notaire Simon Le Mercier pour l'étude VII</relationEntry>
         </resourceRelation>
         <resourceRelation xmlns:xlink="http://www.w3.org/1999/xlink"
                           resourceRelationType="creatorOf"
                           xlink:href="FRAN_IR_052849"
                           xlink:type="simple">
            <relationEntry localType="archival">Images du répertoire du notaire Jean de Bierne pour l'étude VII</relationEntry>
         </resourceRelation>
         <resourceRelation xmlns:xlink="http://www.w3.org/1999/xlink"
                           resourceRelationType="creatorOf"
                           xlink:href="FRAN_IR_053024"
                           xlink:type="simple">
            <relationEntry localType="archival">Images du répertoire du notaire Noël Lefevre pour l'étude VII</relationEntry>
         </resourceRelation>
         <resourceRelation xmlns:xlink="http://www.w3.org/1999/xlink"
                           resourceRelationType="creatorOf"
                           xlink:href="FRAN_IR_052751"
                           xlink:type="simple">
            <relationEntry localType="archival">Images du répertoire du notaire Joseph Thouin pour l'étude VII</relationEntry>
         </resourceRelation>
         <resourceRelation xmlns:xlink="http://www.w3.org/1999/xlink"
                           resourceRelationType="creatorOf"
                           xlink:href="FRAN_IR_052860"
                           xlink:type="simple">
            <relationEntry localType="archival">Images des répertoires du notaire Nicolas Armet pour l'étude VII</relationEntry>
         </resourceRelation>
         <resourceRelation xmlns:xlink="http://www.w3.org/1999/xlink"
                           resourceRelationType="creatorOf"
                           xlink:href="FRAN_IR_052859"
                           xlink:type="simple">
            <relationEntry localType="archival">Images des répertoires du notaire Edme Armet pour l'étude VII</relationEntry>
         </resourceRelation>
         <resourceRelation xmlns:xlink="http://www.w3.org/1999/xlink"
                           resourceRelationType="creatorOf"
                           xlink:href="FRAN_IR_052763"
                           xlink:type="simple">
            <relationEntry localType="archival">Images des répertoires du notaire Antoine Pezet de Corval pour l'étude VII</relationEntry>
         </resourceRelation>
         <resourceRelation xmlns:xlink="http://www.w3.org/1999/xlink"
                           resourceRelationType="creatorOf"
                           xlink:href="FRAN_IR_052768"
                           xlink:type="simple">
            <relationEntry localType="archival">Images des répertoires du notaire Sébastien Postelle pour l'étude VII</relationEntry>
         </resourceRelation>
      </relations>
   </cpfDescription>
</eac-cpf>
