<eac-cpf xmlns="urn:isbn:1-931666-33-4"
         xmlns:xsi="http://www.w3.org/2001/XMLSchema-instance"
         xsi:schemaLocation="urn:isbn:1-931666-33-4 cpf.xsd">
   <control>
      <recordId>FRAN_NP_005155</recordId>
      <otherRecordId localType="Ancien_identifiant">5105/A</otherRecordId>
      <maintenanceStatus>revised</maintenanceStatus>
      <maintenanceAgency>
         <agencyName>Archives nationales de France</agencyName>
      </maintenanceAgency>
      <languageDeclaration>
         <language languageCode="fre">Français</language>
         <script scriptCode="Latn"/>
      </languageDeclaration>
      <conventionDeclaration>
         <citation>Notice établie conformément à la norme ICA-ISAAR (CPF) 2004, aux normes ISO 8601 pour le système de normalisation des dates utilisé, ainsi que AFNOR NF Z 44-061, juin 1986. Catalogage : forme et structure des vedettes noms de personne, des vedettes titres, des rubriques de classement et des titres forgés.</citation>
      </conventionDeclaration>
      <localControl localType="niveau_de_detail">
         <term>Complète</term>
      </localControl>
      <maintenanceHistory>
         <maintenanceEvent>
            <eventType>derived</eventType>
            <eventDateTime>2013-04-23</eventDateTime>
            <agentType>machine</agentType>
            <agent>Import_SIA</agent>
         </maintenanceEvent>
         <maintenanceEvent>
            <eventType>revised</eventType>
            <eventDateTime>2015-10-12</eventDateTime>
            <agentType>human</agentType>
            <agent>Elsa CAMUS</agent>
            <eventDescription>Modification du nom, des liens entre producteurs. Ajout de l'historique, des textes de référence, de l'organisation interne, du numéro ISNI, des sources.</eventDescription>
         </maintenanceEvent>
         <maintenanceEvent>
            <eventType>updated</eventType>
            <eventDateTime>2016-10-20</eventDateTime>
            <agentType>human</agentType>
            <agent>Mission.referentiels MISSION.REFERENTIELS</agent>
         </maintenanceEvent>
      </maintenanceHistory>
      <sources>
         <source>
            <descriptiveNote>
               <p>Dardy-Cretin Michèle, 
      <span style="italic">Histoire administrative du Ministère de la culture et de la communication, 1959-2012 : les services de l'administration centrale</span>, Paris, Comité d'histoire du Ministère de la Culture, 2012. 
     </p>
               <p/>
               <p>Site Internet du ministère de la Culture et de la Communication. Disponible à l'adresse suivante : http://www.culturecommunication.gouv.fr/</p>
            </descriptiveNote>
         </source>
      </sources>
   </control>
   <cpfDescription>
      <identity>
         <entityId>ISNI 0000 0001 2190 4306</entityId>
         <entityType>corporateBody</entityType>
         <nameEntry localType="autorisée" scriptCode="Latn" xml:lang="fre">
            <part>France. Ministère de la Culture et de la Communication. Direction du patrimoine. Sous-direction de l'archéologie (1979-1998)</part>
         </nameEntry>
         <nameEntry>
            <part>France. Ministère de la Culture et de la Communication. Direction du patrimoine. Sous-direction des fouilles et antiquités (1979-1981)</part>
            <useDates>
               <dateRange>
                  <fromDate standardDate="1979-01-01">1979</fromDate>
                  <toDate standardDate="1981-12-31">1981</toDate>
               </dateRange>
            </useDates>
         </nameEntry>
      </identity>
      <description>
         <existDates>
            <dateRange>
               <fromDate standardDate="1979-01-01">1979</fromDate>
               <toDate standardDate="1998-12-31">1998</toDate>
            </dateRange>
         </existDates>
         <legalStatuses>
            <legalStatus>
               <term vocabularySource="d5blonaxbw--1mt8t42bokzts">service d'administration centrale</term>
            </legalStatus>
         </legalStatuses>
         <functions>
            <function>
               <term vocabularySource="d5bhviikk9--y6te63k761ib">culture</term>
            </function>
         </functions>
         <mandates>
            <mandate>
               <descriptiveNote>
                  <p>Arrêté du 23 octobre 1979 portant organisation de la direction du patrimoine ;</p>
                  <p>Arrêté du 2 février 1981 relatif à l’organisation de la direction du patrimoine : http://www.legifrance.gouv.fr/jopdf/common/jo_pdf.jsp?numJO=0&amp;dateJO=19810311&amp;numTexte=&amp;pageDebut=52491&amp;pageFin= ;</p>
                  <p>Arrêté du 14 mai 1991 modifiant l'arrêté du 11 juillet 1990 relatif à l'organisation et aux attributions de la direction du patrimoine : http://www.legifrance.gouv.fr/jopdf/common/jo_pdf.jsp?numJO=0&amp;dateJO=19910517&amp;numTexte=&amp;pageDebut=06684&amp;pageFin= ;</p>
                  <p> Arrêté du 6 mai 1996 relatif à l'organisation de la direction du patrimoine : http://www.legifrance.gouv.fr/jopdf/common/jo_pdf.jsp?numJO=0&amp;dateJO=19960508&amp;numTexte=&amp;pageDebut=06920&amp;pageFin=19960508 ;</p>
                  <p> Arrêté du 10 mai 1996 portant organisation des services de la direction du patrimoine : http://www.legifrance.gouv.fr/jopdf/common/jo_pdf.jsp?numJO=0&amp;dateJO=19960529&amp;numTexte=&amp;pageDebut=07934&amp;pageFin=19960529 ;</p>
               </descriptiveNote>
            </mandate>
         </mandates>
         <structureOrGenealogy>
            <p>L'arrêté du 2 février 1981 organise la sous-direction de l'archéologie en trois bureaux : </p>
            <p>- le bureau des affaires générales et de la protection ;</p>
            <p>- le bureau de la recherche ;</p>
            <p>- le bureau de la documentation.</p>
            <p/>
            <p>Suite au retour de la direction de l'architecture au sein du ministère de la Culture, la direction du patrimoine est réorganisée par arrêté le 6 mai 1996. La sous-direction de l'archéologie comprend quatre bureaux :</p>
            <p>- le bureau des affaires générales ;</p>
            <p>- le bureau de la programmation et de la diffusion de la recherche ;</p>
            <p>- le bureau de l'archéologie préventive et de la méthodologie ;</p>
            <p>ainsi que le Centre national de la préhistoire et le Département des recherches archéologiques subaquatiques et sous-marines.</p>
         </structureOrGenealogy>
         <biogHist>
            <p>La sous-direction des fouilles et antiquités est créée au sein de la direction du patrimoine par arrêté le 23 octobre 1979. Elle succède au bureau des fouilles et antiquités, placé de 1945 à 1964 à la direction de l'architecture, puis directement au ministre de la Culture.</p>
            <p>La sous-direction des fouilles et antiquités devient la sous-direction de l'archéologie, suite à l'arrêté du 2 février 1981, appellation reconduite au sein d’une direction du patrimoine réorganisée en 1996.</p>
            <p> La direction de l’architecture et du patrimoine réunit de nouveau les deux directions (décret n°98-840 du 21 septembre 1998) au sein de laquelle existe, entre 2004 (arrêté du 14 octobre 2004) et 2009 une sous-direction de l’archéologie. </p>
            <p/>
            <p>Sont rattachés à la sous-direction de l'archéologie :</p>
            <p>- le premier service à compétence thématique, le département des recherches archéologiques subaquatiques et sous-marines (DRASSM) qui naît en 1966 ;</p>
            <p>- le Centre national de la préhistoire, créé en 1975 à Périgueux ;</p>
            <p>- les directions des antiquités préhistoriques et les directions des antiquités historiques qui rejoignent les DRAC en 1977 et deviennent services régionaux de l’architecture en 1991 ;</p>
            <p>- le Conseil supérieur de la recherche archéologique créé en 1966 qui se transforme en Conseil national de la recherche archéologique à la tête des commissions régionales ou CIRA ;</p>
            <p>- le Centre national d'archéologie urbaine, créé en 1984 à Tours.</p>
         </biogHist>
      </description>
      <relations>
         <cpfRelation xmlns:xlink="http://www.w3.org/1999/xlink"
                      cpfRelationType="temporal-later"
                      xlink:href="FRAN_NP_005365"
                      xlink:type="simple">
            <relationEntry>Sous-direction de l'archéologie (1998-2004)</relationEntry>
            <dateRange>
               <fromDate standardDate="1998-01-01">1998</fromDate>
            </dateRange>
         </cpfRelation>
         <cpfRelation xmlns:xlink="http://www.w3.org/1999/xlink"
                      cpfRelationType="hierarchical-parent"
                      xlink:href="FRAN_NP_005170"
                      xlink:type="simple">
            <relationEntry>France. Ministère de la Culture et de la Communication. Direction du patrimoine (1978-1998)</relationEntry>
            <dateRange>
               <fromDate standardDate="1979-01-01">1979</fromDate>
               <toDate standardDate="1998-12-31">1998</toDate>
            </dateRange>
            <descriptiveNote>
               <p/>
            </descriptiveNote>
         </cpfRelation>
         <resourceRelation xmlns:xlink="http://www.w3.org/1999/xlink"
                           resourceRelationType="subjectOf"
                           xlink:href="FRAN_IR_009742"
                           xlink:type="simple">
            <relationEntry localType="archival">Culture ; Direction du patrimoine ; Sous-direction archéologie (1945-1993)</relationEntry>
         </resourceRelation>
         <resourceRelation xmlns:xlink="http://www.w3.org/1999/xlink"
                           resourceRelationType="subjectOf"
                           xlink:href="FRAN_IR_009926"
                           xlink:type="simple">
            <relationEntry localType="archival">Culture ; Direction du patrimoine ; Sous-direction archéologie (1975-1986)</relationEntry>
         </resourceRelation>
      </relations>
   </cpfDescription>
</eac-cpf>
