<eac-cpf xmlns="urn:isbn:1-931666-33-4"
         xmlns:xsi="http://www.w3.org/2001/XMLSchema-instance"
         xsi:schemaLocation="urn:isbn:1-931666-33-4 cpf.xsd">
   <control>
      <recordId>FRAN_NP_005025</recordId>
      <otherRecordId localType="Ancien_identifiant">4480</otherRecordId>
      <maintenanceStatus>revised</maintenanceStatus>
      <maintenanceAgency>
         <agencyName>Archives nationales de France</agencyName>
      </maintenanceAgency>
      <languageDeclaration>
         <language languageCode="fre">Français</language>
         <script scriptCode="Latn"/>
      </languageDeclaration>
      <conventionDeclaration>
         <citation>Notice établie conformément à la norme ICA-ISAAR (CPF) 2004, aux normes ISO 8601 pour le système de normalisation des dates utilisé, ainsi que AFNOR NF Z 44-061, juin 1986. Catalogage : forme et structure des vedettes noms de personne, des vedettes titres, des rubriques de classement et des titres forgés.</citation>
      </conventionDeclaration>
      <localControl localType="niveau_de_detail">
         <term>Complète</term>
      </localControl>
      <maintenanceHistory>
         <maintenanceEvent>
            <eventType>derived</eventType>
            <eventDateTime>2013-04-23</eventDateTime>
            <agentType>machine</agentType>
            <agent>Import_SIA</agent>
         </maintenanceEvent>
         <maintenanceEvent>
            <eventType>revised</eventType>
            <eventDateTime>2016-01-11</eventDateTime>
            <agentType>human</agentType>
            <agent>Monique LEBLOIS-PECHON</agent>
            <eventDescription>F. Clavaud, 11 janvier 2016 : revu les liens IR, l'URI BnF, ajouté fonction</eventDescription>
         </maintenanceEvent>
      </maintenanceHistory>
      <sources>
         <source>
            <descriptiveNote>
               <p>Notice d'autorité BNF : http://catalogue.bnf.fr/ark:/12148/cb11883840h</p>
            </descriptiveNote>
         </source>
      </sources>
   </control>
   <cpfDescription>
      <identity>
         <entityId>ISNI 0000 0001 2105 6693</entityId>
         <entityType>corporateBody</entityType>
         <nameEntry localType="autorisée" scriptCode="Latn" xml:lang="fre">
            <part>Office national des anciens combattants et victimes de guerre (France)</part>
         </nameEntry>
         <nameEntry>
            <part>ONAC</part>
            <useDates>
               <dateRange>
                  <fromDate standardDate="1946-01-01">1946</fromDate>
               </dateRange>
            </useDates>
         </nameEntry>
         <nameEntry>
            <part>ONACVG</part>
            <useDates>
               <dateRange>
                  <fromDate standardDate="1946-01-01">1946</fromDate>
               </dateRange>
            </useDates>
         </nameEntry>
         <nameEntry>
            <part>Office national des mutilés, combattants, victimes de la guerre et pupilles de la Nation</part>
            <useDates>
               <dateRange>
                  <fromDate standardDate="1935-01-01">1935</fromDate>
                  <toDate standardDate="1946-12-31">1946</toDate>
               </dateRange>
            </useDates>
         </nameEntry>
         <nameEntry>
            <part>Office national des Mutilés et Réformés de la guerre</part>
            <useDates>
               <dateRange>
                  <fromDate standardDate="1916-03-02">2 mars 1916</fromDate>
                  <toDate standardDate="1934-12-31">1934</toDate>
               </dateRange>
            </useDates>
         </nameEntry>
      </identity>
      <description>
         <existDates>
            <dateRange>
               <fromDate standardDate="1916-03-02">2 mars 1916</fromDate>
            </dateRange>
         </existDates>
         <legalStatuses>
            <legalStatus>
               <term vocabularySource="d5blonb3ky--u69ytier8ih6">établissement public à caractère administratif</term>
            </legalStatus>
         </legalStatuses>
         <functions>
            <function>
               <term vocabularySource="d5bhvik770--15ma0n1oncnzo">anciens combattants</term>
               <dateRange>
                  <fromDate standardDate="1916-03-02">2 mars 1916</fromDate>
               </dateRange>
               <descriptiveNote>
                  <p>aide aux anciens combattants et victimes de guerre</p>
               </descriptiveNote>
            </function>
         </functions>
         <mandates>
            <mandate>
               <descriptiveNote>
                  <p>Par décret du 29-05-1946, l'Office national des mutilés, combattants, victimes de guerre et pupilles de la nation, se voit adjoindre le Service d'action sociale du Ministère des prisonniers, déportés et réfugiés et reçoit son titre actuel.</p>
               </descriptiveNote>
            </mandate>
         </mandates>
         <structureOrGenealogy>
            <p>L'ONAC est une originalité française. Il est fondamentalement le lieu où s'exerce la cogestion des questions concernant le monde combattant car il est géré de façon paritaire entre les associations et l'Etat.</p>
            <p>Son Directeur général est nommé en Conseil des ministres par décret et sur proposition du Ministre délégué aux Anciens Combattants. Il est assisté d'un conseil d'administration composé de 70 membres répartis en trois collèges et nommés par décret. Il comprend les représentants des assemblées, des grands corps de l'Etat, du Gouvernement, des titulaires de distinctions honorifiques, des différentes catégories de ressortissants de l'ONAC. Il est présidé par le Ministre délégué aux Anciens Combattants. Son rôle est de définir la politique générale de l'établissement.</p>
            <p/>
            <p>Pour accomplir sa mission, l'ONAC dispose de moyens financiers et en personnel. Ses moyens budgétaires proviennent de son activité propre, maisons de retraite et écoles de reconversion professionnelle (E.R.P.).</p>
         </structureOrGenealogy>
         <biogHist>
            <p>L'histoire de l'Office National des Anciens Combattants et Victimes de guerre est la résultante de la fusion de plusieurs organismes créés au cours du XXe siècle pour répondre aux besoins générés par une série de conflits d'une ampleur jusque là inconnue. La Première Guerre mondiale marque l'entrée dans un mode de conflit terriblement meurtrier et pose la question de la prise en charge des personnes affectées par le conflit : mutilés, veuves, orphelins...</p>
            <p>La Grande Guerre a effectivement laissé derrière elle 1 400 000 morts en France mais aussi :</p>
            <list>
               <item>300 000 mutilés</item>
               <item>600 000 veuves</item>
               <item>700 000 orphelins</item>
            </list>
            <p>Le premier office à voir le jour est celui des Mutilés et Réformés de la guerre créé par l'arrêté ministériel du 2 mars 1916. L'Office National des Mutilés et Réformés est alors un établissement public autonome interministériel géré par un Conseil d'administration assisté de deux organismes dirigeants :</p>
            <list>
               <item>une Commission de rééducation qui s'occupait de toutes les questions touchant à la rééducation professionnelle et au fonctionnement administratif, financier et technique des centres et écoles de rééducation professionnelle.</item>
               <item>un Conseil de Perfectionnement qui s'occupait de toutes les questions se rapportant aux intérêts généraux, matériels et moraux des invalides de la guerre.</item>
            </list>
            <p>La loi du 27 juillet 1917 crée ensuite l'Office National des Pupilles de la Nation puis celle du 19 décembre 1926 donne le jour à l'Office national du combattant. Durant les années 1933 et 1934, la fusion successive de ces 3 organismes permet la création de l'Office national des mutilés, combattants, victimes de la guerre et pupilles de la nation. Ce n'est qu'en 1946, par le décret du 17 juin, que cet organisme récupère la gestion des services sociaux du Ministère des prisonniers, déportés et réfugiés et s'appelle désormais l'Office National des Anciens Combattants et Victimes de guerre.</p>
            <p>Les premières opérations militaires en 1914 (liées à la guerre de mouvement), puis la longue guerre des tranchées, très coûteuses en vies humaines, ont conduit à la création des différents offices précités. Il s'agissait alors d'apporter une aide aussi bien aux anciens combattants blessés ou mutilés qu'à leur famille en cas de décès. Toutefois, l'action des offices ne permettait pas d'apporter une solution durable au sort des millions d'anciens combattants que la guerre avait rendus invalides.</p>
            <p>En 1919, la France comptait 39 millions d'habitants. La mobilisation avait touché plus de 20 % de la population, pratiquement 41 % des personnes de sexe masculin et 75 % des hommes de 20 à 35 ans. La mobilisation a porté sur 33 classes (de 1887 à 1919), les personnes appelées les plus âgées avaient 47 ans. Or, les pertes subies ont été à la mesure de l'importance des forces engagées. Les personnes tuées ou disparues au feu représentent 1.393.000 morts tandis qu'on évalue le nombre des blessés à 3.595.000 et que 56.000 personnes furent amputées. La population civile souffrit également. On dénombre 110.000 victimes mortes des suites de la guerre. Le conflit a laissé en outre 600.000 veuves et 986.000 orphelins.</p>
            <p>Le caractère extrêmement meurtrier de ce conflit et le devoir de reconnaissance de la Nation à l'égard des anciens combattants ont conduit à l'adoption de la loi du 31 mars 1919 sur les pensions d'invalidité. Par ailleurs, était créé le 23 janvier 1920 le "Ministère des pensions" afin de mettre en application la loi sur les pensions.</p>
            <p>Le but social de l'ONAC a été confirmé en 1946 par l'incorporation dans l'Office des services sociaux du ministère des prisonniers, déportés et réfugiés.</p>
            <p>Par ailleurs, l'existence de services extérieurs aussi bien au Ministère qu'à l'ONAC a été analysée comme permettant une adaptation plus fine aux réalités du terrain et une spécialisation accrue des missions : l'accueil et l'action de proximité pour les services départementaux de l'ONAC, le traitement administratif des dossiers et la production des prestations offertes aux ressortissants pour les directions interdépartementales du Ministère des anciens combattants qui furent créées en 1946.</p>
            <p>L'Office National des Anciens Combattants et Victimes de guerre (ONAC) est un établissement public d'Etat à caractère administratif aujourd'hui sous tutelle du Ministère de la Défense, doté d'une personnalité civile et d'une autonomie financière.</p>
         </biogHist>
      </description>
      <relations>
         <cpfRelation xmlns:xlink="http://www.w3.org/1999/xlink"
                      cpfRelationType="associative"
                      xlink:href="FRAN_NP_051274"
                      xlink:type="simple">
            <relationEntry>Fédération des amputés de guerre de France (1929-....)</relationEntry>
            <dateRange>
               <fromDate standardDate="1929-01-01">1929</fromDate>
            </dateRange>
         </cpfRelation>
         <cpfRelation xmlns:xlink="http://www.w3.org/1999/xlink"
                      cpfRelationType="hierarchical-parent"
                      xlink:href="FRAN_NP_005028"
                      xlink:type="simple">
            <relationEntry>Ministère de la Défense</relationEntry>
            <dateRange>
               <fromDate standardDate="1995-11-07">7 novembre 1995</fromDate>
               <toDate/>
            </dateRange>
         </cpfRelation>
         <resourceRelation xmlns:xlink="http://www.w3.org/1999/xlink"
                           resourceRelationType="creatorOf"
                           xlink:href="FRAN_IR_007527"
                           xlink:type="simple">
            <relationEntry localType="archival">Anciens combattants et victimes de guerre ; Office national des anciens combattants et victimes de guerre (ONAC) (1914-1950)</relationEntry>
         </resourceRelation>
         <resourceRelation xmlns:xlink="http://www.w3.org/1999/xlink"
                           resourceRelationType="creatorOf"
                           xlink:href="FRAN_IR_020077"
                           xlink:type="simple">
            <relationEntry localType="archival">Office national des anciens combattants et victimes de guerre (ONAC) : organisation
     et missions 1915-2003</relationEntry>
         </resourceRelation>
         <resourceRelation xmlns:xlink="http://www.w3.org/1999/xlink"
                           resourceRelationType="creatorOf"
                           xlink:href="FRAN_IR_023560"
                           xlink:type="simple">
            <relationEntry localType="archival">Office National des Anciens Combattants et Victimes de Guerre (ONAC), Œuvre nationale du Bleuet de France (1961-1985)</relationEntry>
         </resourceRelation>
         <resourceRelation xmlns:xlink="http://www.w3.org/1999/xlink"
                           resourceRelationType="creatorOf"
                           xlink:href="FRAN_IR_023731"
                           xlink:type="simple">
            <relationEntry localType="archival">Office National des Anciens Combattants et Victimes de Guerre (ONAC), Œuvre nationale du Bleuet de France (1961-1985)</relationEntry>
         </resourceRelation>
         <resourceRelation xmlns:xlink="http://www.w3.org/1999/xlink"
                           resourceRelationType="creatorOf"
                           xlink:href="FRAN_IR_020133"
                           xlink:type="simple">
            <relationEntry localType="archival">Office national des anciens combattants et victimes de guerre (ONAC) : documents audiovisuels (1996-1997)</relationEntry>
         </resourceRelation>
         <resourceRelation xmlns:xlink="http://www.w3.org/1999/xlink"
                           resourceRelationType="creatorOf"
                           xlink:href="FRAN_IR_020063"
                           xlink:type="simple">
            <relationEntry localType="archival">Office national des anciens combattants et victimes de guerre (ONAC) : dons et legs, prêts et subventions aux associations (1916-2000)</relationEntry>
         </resourceRelation>
         <resourceRelation xmlns:xlink="http://www.w3.org/1999/xlink"
                           resourceRelationType="creatorOf"
                           xlink:href="FRAN_IR_019833"
                           xlink:type="simple">
            <relationEntry localType="archival">Office national des anciens combattants et victimes de guerre (ONAC), oeuvre nationale du Bleuet de France (ONBF) (1961-1985)</relationEntry>
         </resourceRelation>
      </relations>
   </cpfDescription>
</eac-cpf>
