<eac-cpf xmlns="urn:isbn:1-931666-33-4"
         xmlns:xsi="http://www.w3.org/2001/XMLSchema-instance"
         xsi:schemaLocation="urn:isbn:1-931666-33-4 cpf.xsd">
   <control>
      <recordId>FRAN_NP_009196</recordId>
      <otherRecordId localType="Ancien_identifiant">9812/BAL</otherRecordId>
      <maintenanceStatus>revised</maintenanceStatus>
      <maintenanceAgency>
         <agencyName>Archives nationales de France</agencyName>
      </maintenanceAgency>
      <languageDeclaration>
         <language languageCode="fre">Français</language>
         <script scriptCode="Latn"/>
      </languageDeclaration>
      <conventionDeclaration>
         <citation>Notice établie conformément à la norme ICA-ISAAR (CPF) 2004, aux normes ISO 8601 pour le système de normalisation des dates utilisé, ainsi que AFNOR NF Z 44-061, juin 1986. Catalogage : forme et structure des vedettes noms de personne, des vedettes titres, des rubriques de classement et des titres forgés.</citation>
      </conventionDeclaration>
      <localControl localType="niveau_de_detail">
         <term>Moyenne</term>
      </localControl>
      <maintenanceHistory>
         <maintenanceEvent>
            <eventType>derived</eventType>
            <eventDateTime>2013-04-23</eventDateTime>
            <agentType>machine</agentType>
            <agent>Import_SIA</agent>
         </maintenanceEvent>
         <maintenanceEvent>
            <eventType>revised</eventType>
            <eventDateTime>2013-10-22</eventDateTime>
            <agentType>human</agentType>
            <agent>Virginie POTIN</agent>
         </maintenanceEvent>
      </maintenanceHistory>
   </control>
   <cpfDescription>
      <identity>
         <entityType>person</entityType>
         <nameEntry localType="autorisée" scriptCode="Latn" xml:lang="fre">
            <part>Balladur, Édouard</part>
         </nameEntry>
      </identity>
      <description>
         <existDates>
            <dateRange>
               <fromDate standardDate="1929-05-02">2 mai 1929</fromDate>
            </dateRange>
         </existDates>
         <biogHist>
            <p>Chargé de mission (1964) puis conseiller technique auprès de Georges Pompidou (1966-1968), Édouard Balladur (né en 1929) a été, après l’élection de ce dernier, secrétaire général adjoint (1969) puis secrétaire général de la présidence de la République (1973-1974). Président-directeur général de la Générale de service informatique (1977-1986), président de la Compagnie européenne d’accumulateurs (1980-1986), Édouard Balladur a aussi été conseiller d’État (1984-1988). Lors de la première cohabitation entre le gouvernement Chirac et le président Mitterrand, il a été ministre de l’Économie, des Finances et de la Privatisation (1986-1988) : partisan d’une économie libérale, il a conduit la privatisation de plusieurs grandes entreprises publiques. Après la victoire massive de l’Union pour la France (RPR et UDF) aux élections législatives de mars 1993, il a été Premier ministre, tandis que débutait une nouvelle période de cohabitation (1993-1995). Candidat à l’élection présidentielle de 1995, il est député de Paris depuis 1986, avec des interruptions durant ses fonctions ministérielles. </p>
         </biogHist>
      </description>
      <relations>
         <cpfRelation xmlns:xlink="http://www.w3.org/1999/xlink"
                      cpfRelationType="associative"
                      xlink:href="FRAN_NP_009941"
                      xlink:type="simple">
            <relationEntry>Veil, Simone (1927-2017)</relationEntry>
            <dateRange>
               <fromDate standardDate="1993-01-01">1993</fromDate>
               <toDate standardDate="2017-06-30">30 juin 2017</toDate>
            </dateRange>
         </cpfRelation>
         <cpfRelation xmlns:xlink="http://www.w3.org/1999/xlink"
                      cpfRelationType="associative"
                      xlink:href="FRAN_NP_000002"
                      xlink:type="simple">
            <relationEntry>Premier ministre</relationEntry>
            <dateRange>
               <fromDate standardDate="1993-03-29">29 mars 1993</fromDate>
               <toDate standardDate="1995-05-11">11 mai 1995</toDate>
            </dateRange>
         </cpfRelation>
         <resourceRelation xmlns:xlink="http://www.w3.org/1999/xlink"
                           resourceRelationType="subjectOf"
                           xlink:href="FRAN_IR_013621"
                           xlink:type="simple">
            <relationEntry localType="archival">Fonds privés du domaine des services du Premier ministre ; Archives personnelles et familiales ; Fonds Edouard Balladur (1988-1993)</relationEntry>
         </resourceRelation>
      </relations>
   </cpfDescription>
</eac-cpf>
