<eac-cpf xmlns="urn:isbn:1-931666-33-4"
         xmlns:xsi="http://www.w3.org/2001/XMLSchema-instance"
         xsi:schemaLocation="urn:isbn:1-931666-33-4 cpf.xsd">
   <control>
      <recordId>FRAN_NP_009804</recordId>
      <maintenanceStatus>revised</maintenanceStatus>
      <maintenanceAgency>
         <agencyName>Archives nationales de France</agencyName>
      </maintenanceAgency>
      <languageDeclaration>
         <language languageCode="fre">Français</language>
         <script scriptCode="Latn"/>
      </languageDeclaration>
      <conventionDeclaration>
         <citation>Notice établie conformément à la norme ICA-ISAAR (CPF) 2004, aux normes ISO 8601 pour le système de normalisation des dates utilisé, ainsi que AFNOR NF Z 44-061, juin 1986. Catalogage : forme et structure des vedettes noms de personne, des vedettes titres, des rubriques de classement et des titres forgés.</citation>
      </conventionDeclaration>
      <localControl localType="niveau_de_detail">
         <term>Complète</term>
      </localControl>
      <maintenanceHistory>
         <maintenanceEvent>
            <eventType>derived</eventType>
            <eventDateTime>2013-04-23</eventDateTime>
            <agentType>machine</agentType>
            <agent>Import_SIA</agent>
         </maintenanceEvent>
         <maintenanceEvent>
            <eventType>revised</eventType>
            <eventDateTime>2016-03-08</eventDateTime>
            <agentType>human</agentType>
            <agent>Marine ZELVERTE</agent>
            <eventDescription/>
         </maintenanceEvent>
         <maintenanceEvent>
            <eventType>updated</eventType>
            <eventDateTime>2017-03-17</eventDateTime>
            <agentType>human</agentType>
            <agent>Marine ZELVERTE</agent>
         </maintenanceEvent>
         <maintenanceEvent>
            <eventType>updated</eventType>
            <eventDateTime>2017-03-22</eventDateTime>
            <agentType>human</agentType>
            <agent>Mission.referentiels MISSION.REFERENTIELS</agent>
            <eventDescription>F. Clavaud, 22 mars 2017 : ajouté lien d'association</eventDescription>
         </maintenanceEvent>
      </maintenanceHistory>
      <sources>
         <source>
            <sourceEntry>Site du ministère de la Culture et de la Communication (http://www.culturecommunication.gouv.fr/Politiques-ministerielles/Livre-et-Lecture/Service-du-Livre-et-de-la-Lecture/Le-Departement-des-Bibliotheques)</sourceEntry>
         </source>
         <source>
            <sourceEntry>Organigramme du service du Livre et de la Lecture</sourceEntry>
         </source>
         <source>
            <sourceEntry>Journal Officiel de la République française</sourceEntry>
         </source>
      </sources>
   </control>
   <cpfDescription>
      <identity>
         <entityType>corporateBody</entityType>
         <nameEntry localType="autorisée" scriptCode="Latn" xml:lang="fre">
            <part>France. Service du Livre et de la Lecture. Département des bibliothèques. Bureau du patrimoine (2012-....)</part>
         </nameEntry>
      </identity>
      <description>
         <existDates>
            <dateRange>
               <fromDate standardDate="2012-03-01">1er mars 2012</fromDate>
            </dateRange>
         </existDates>
         <legalStatuses>
            <legalStatus>
               <term vocabularySource="d5blonaxbw--1mt8t42bokzts">service d'administration centrale</term>
            </legalStatus>
         </legalStatuses>
         <functions>
            <function>
               <term vocabularySource="d3nyuh17x9-p3lv1gh3hjbu">contrôle technique</term>
            </function>
         </functions>
         <mandates>
            <mandate>
               <descriptiveNote>
                  <p>Arrêté du 19 janvier 2012 modifiant l'arrêté du 17 novembre 2009 relatif aux missions et à l'organisation de la direction générale des médias et des industries culturelles (art. 1) (https://www.legifrance.gouv.fr/eli/arrete/2012/1/19/MCCB1130198A/jo/texte)</p>
               </descriptiveNote>
            </mandate>
         </mandates>
         <biogHist>
            <p>
               <span style="underline">Historique :</span>
            </p>
            <p>Le bureau du patrimoine est créé au sein du département des bibliothèques (service du Livre et de la Lecture) par l'article 1 de l'arrêté du 19 janvier 2012 (publié au Journal Officiel le 29 février) qui modifie l'arrêté du 17 novembre 2009 qui réorganise la direction générale des Médias et des Industries culturelles (DGMIC).</p>
            <p/>
            <p>
               <span style="underline">Missions :</span>
            </p>
            <p>Le bureau du patrimoine est chargé :</p>
            <list>
               <item>des acquisitions patrimoniales des bibliothèques et de la BnF ;</item>
               <item>du suivi des ventes publiques, de la participation aux fonds régionaux d'acquisitions pour les bibliothèques (FRAB) ;</item>
               <item>du suivi du marché de l'art et de la circulation des biens culturels (autorisations de sortie temporaire, certificats, licences d'exportation) ; </item>
               <item>du plan d'action pour le patrimoine écrit ;</item>
               <item>des relations avec les bibliothèques municipales classées dans le cadre du contrôle technique de l'État ;</item>
               <item>des relations avec la BnF en matière de recherche ;</item>
               <item>du suivi de la fédération des maisons d'écrivains et patrimoines littéraires ;</item>
               <item>du secrétariat du comité technique de restauration des bibliothèques.</item>
            </list>
         </biogHist>
      </description>
      <relations>
         <cpfRelation xmlns:xlink="http://www.w3.org/1999/xlink"
                      cpfRelationType="hierarchical-parent"
                      xlink:href="FRAN_NP_009801"
                      xlink:type="simple">
            <relationEntry>France. Direction générale des Médias et des Industries culturelles. Service du Livre et de la Lecture. Département des bibliothèques (2012-....)</relationEntry>
            <dateRange>
               <fromDate standardDate="2012-03-01">1er mars 2012</fromDate>
            </dateRange>
            <descriptiveNote>
               <p>@isPartOf@</p>
            </descriptiveNote>
         </cpfRelation>
         <cpfRelation xmlns:xlink="http://www.w3.org/1999/xlink"
                      cpfRelationType="associative"
                      xlink:href="FRAN_NP_051355"
                      xlink:type="simple">
            <relationEntry>Bibliothèque nationale de France (1994-....)</relationEntry>
            <dateRange>
               <fromDate standardDate="2012-03-01">1er mars 2012</fromDate>
            </dateRange>
            <descriptiveNote>
               <p>
     @isFunctionnallyLinkedTo@
    </p>
            </descriptiveNote>
         </cpfRelation>
      </relations>
   </cpfDescription>
</eac-cpf>
