<eac-cpf xmlns="urn:isbn:1-931666-33-4"
         xmlns:xsi="http://www.w3.org/2001/XMLSchema-instance"
         xsi:schemaLocation="urn:isbn:1-931666-33-4 cpf.xsd">
   <control>
      <recordId>FRAN_NP_009894</recordId>
      <maintenanceStatus>revised</maintenanceStatus>
      <maintenanceAgency>
         <agencyName>Archives nationales de France</agencyName>
      </maintenanceAgency>
      <languageDeclaration>
         <language languageCode="fre">Français</language>
         <script scriptCode="Latn"/>
      </languageDeclaration>
      <conventionDeclaration>
         <citation>Notice établie conformément à la norme ICA-ISAAR (CPF) 2004, aux normes ISO 8601 pour le système de normalisation des dates utilisé, ainsi que AFNOR NF Z 44-061, juin 1986. Catalogage : forme et structure des vedettes noms de personne, des vedettes titres, des rubriques de classement et des titres forgés.</citation>
      </conventionDeclaration>
      <localControl localType="niveau_de_detail">
         <term>Moyenne</term>
      </localControl>
      <maintenanceHistory>
         <maintenanceEvent>
            <eventType>derived</eventType>
            <eventDateTime>2013-04-23</eventDateTime>
            <agentType>machine</agentType>
            <agent>Import_SIA</agent>
         </maintenanceEvent>
         <maintenanceEvent>
            <eventType>revised</eventType>
            <eventDateTime>2016-06-09</eventDateTime>
            <agentType>human</agentType>
            <agent>Florence CLAVAUD</agent>
            <eventDescription>F. Clavaud, 9 juin 2016 : mise à jour de la notice sur demande de la mission. Revu forme du nom, ajouté historique, textes de référence, composition interne, liens, fonction</eventDescription>
         </maintenanceEvent>
      </maintenanceHistory>
   </control>
   <cpfDescription>
      <identity>
         <entityType>corporateBody</entityType>
         <nameEntry localType="autorisée" scriptCode="Latn" xml:lang="fre">
            <part>France. Ministère de l'Agriculture. Cabinet de Guillaume Garot, ministre délégué chargé de l'Agroalimentaire (2012-2014)</part>
         </nameEntry>
      </identity>
      <description>
         <existDates>
            <dateRange>
               <fromDate standardDate="2012-06-21">21 juin 2012</fromDate>
               <toDate standardDate="2014-03-31">31 mars 2014</toDate>
            </dateRange>
         </existDates>
         <legalStatuses>
            <legalStatus>
               <term vocabularySource="d5blonb04s-1nqrprwwl75h0">cabinet ministériel</term>
            </legalStatus>
         </legalStatuses>
         <functions>
            <function>
               <term vocabularySource="d5bhvikz03--iqa08pprge9n">agriculture</term>
               <descriptiveNote>
                  <p>questions agroalimentaires</p>
               </descriptiveNote>
            </function>
         </functions>
         <mandates>
            <mandate>
               <descriptiveNote>
                  <p>Décret n° 2012-893 du 19 juillet 2012 (NOR : AGLX1228627D) relatif aux attributions du ministre délégué auprès du ministre de l’agriculture, de l’agroalimentaire et de la forêt, chargé de l’agroalimentaire </p>
                  <p>Décret du 31 mars 2014 (NOR : HRUX1407797D) relatif à la cessation des fonctions du gouvernement.</p>
               </descriptiveNote>
            </mandate>
         </mandates>
         <structureOrGenealogy>
            <p>Composition du cabinet : </p>
            <p>Guillaume GAROT, ministre délégué à l'agroalimentaire</p>
            <p>Caroline LEBOUCHER, directrice de cabinet (29 juin 2012-31 juillet 2013) puis</p>
            <p>Corinne ORZECHOWSKI, directrice de cabinet (1er août 2013-1er avril 2014),</p>
            <p>Antoine LEBEL, directeur adjoint de cabinet (16 juillet 2012-5 août 2013) puis</p>
            <p>Nicolas TRIMBOUR, directeur adjoint de cabinet (9 septembre 2013-31 mars 2014),</p>
            <p>Alexandre GODIN, chef de cabinet (9 juillet 2012-31 mars 2014),</p>
            <p>Matthieu DERAY, chef de cabinet adjoint (1er septembre 2012-31 mars 2014),</p>
            <p>Catherine ARMENGAU, conseillère technique (17 septembre 2013-31 mars 2014),</p>
            <p>Thibault NANCY, conseiller technique (15 octobre 2013-31 mars 2014),</p>
            <p>Jean-Philippe DOP, conseiller technique (23 juillet 2012-31 mars 2014),</p>
            <p>Nicolas CADENE, conseiller technique (2 juillet 2012-30 avril 2013),</p>
            <p>Sarah VIDAL, conseillère technique (6 mai 2013-31 mars 2014),</p>
            <p>Daniel PERRON, conseiller technique (1er octobre 2013-31 mars 2014),</p>
            <p>David PHILIPPONA, conseiller technique (31 mai 2013-31 mars 2014)</p>
            <p>Françoise DEGOIS, conseillère technique (9 juillet 2012-31 mars 2014).</p>
         </structureOrGenealogy>
         <biogHist>
            <p>Par délégation du ministre de l’agriculture, de l’agroalimentaire et de la forêt, G. Garot, ministre délégué à l'agroalimentaire, traite (avec son cabinet) des questions relatives à l’agroalimentaire.</p>
            <p>Il prépare et met en œuvre la politique dans le domaine des industries agroalimentaires, du développement et de la compétitivité de ces filières industrielles, de la promotion de la qualité des produits agricoles et alimentaires.</p>
            <p>Il contribue à la politique gouvernementale en faveur d’une alimentation diversifiée et de qualité.</p>
            <p>Il accomplit toute autre mission que le ministre de l’agriculture, de l’agroalimentaire et de la forêt lui confie.</p>
            <p>Pour l’exercice de ses attributions, le ministre délégué auprès du ministre de l’agriculture, de l’agroalimentaire et de la forêt, chargé de l’agroalimentaire, dispose des services placés sous l’autorité du ministre de l’agriculture, de l’agroalimentaire et de la forêt ou dont celui-ci dispose, et notamment du délégué interministériel aux industries agroalimentaires et à l’agro-industrie et de la direction générale de la</p>
            <p>compétitivité, de l’industrie et des services.</p>
         </biogHist>
      </description>
      <relations>
         <cpfRelation xmlns:xlink="http://www.w3.org/1999/xlink"
                      cpfRelationType="associative"
                      xlink:href="FRAN_NP_007921"
                      xlink:type="simple">
            <relationEntry>Délégué interministériel aux industries agroalimentaires et à l'agro-industrie</relationEntry>
            <dateRange>
               <fromDate standardDate="2012-06-21">21 juin 2012</fromDate>
               <toDate standardDate="2014-03-31">31 mars 2014</toDate>
            </dateRange>
            <descriptiveNote>
               <p>Le ministre et son cabinet s'appuient pour exercer leurs attributions sur le délégué interministériel aux industries agro-alimentaires et à l'agro-industrie</p>
            </descriptiveNote>
         </cpfRelation>
         <cpfRelation xmlns:xlink="http://www.w3.org/1999/xlink"
                      cpfRelationType="hierarchical-parent"
                      xlink:href="FRAN_NP_000004"
                      xlink:type="simple">
            <relationEntry>Ministère de l'Agriculture</relationEntry>
            <dateRange>
               <fromDate standardDate="2012-06-21">21 juin 2012</fromDate>
               <toDate standardDate="2014-03-31">31 mars 2014</toDate>
            </dateRange>
         </cpfRelation>
      </relations>
   </cpfDescription>
</eac-cpf>
