<eac-cpf xmlns="urn:isbn:1-931666-33-4"
         xmlns:xsi="http://www.w3.org/2001/XMLSchema-instance"
         xsi:schemaLocation="urn:isbn:1-931666-33-4 cpf.xsd">
   <control>
      <recordId>FRAN_NP_003552</recordId>
      <otherRecordId localType="Ancien_identifiant">3211/ST</otherRecordId>
      <maintenanceStatus>revised</maintenanceStatus>
      <maintenanceAgency>
         <agencyName>Archives nationales de France</agencyName>
      </maintenanceAgency>
      <languageDeclaration>
         <language languageCode="fre">Français</language>
         <script scriptCode="Latn"/>
      </languageDeclaration>
      <conventionDeclaration>
         <citation>Notice établie conformément à la norme ICA-ISAAR (CPF) 2004, aux normes ISO 8601 pour le système de normalisation des dates utilisé, ainsi que AFNOR NF Z 44-061, juin 1986. Catalogage : forme et structure des vedettes noms de personne, des vedettes titres, des rubriques de classement et des titres forgés.</citation>
      </conventionDeclaration>
      <localControl localType="niveau_de_detail">
         <term>Complète</term>
      </localControl>
      <maintenanceHistory>
         <maintenanceEvent>
            <eventType>derived</eventType>
            <eventDateTime>2013-04-23</eventDateTime>
            <agentType>machine</agentType>
            <agent>Import_SIA</agent>
         </maintenanceEvent>
         <maintenanceEvent>
            <eventType>revised</eventType>
            <eventDateTime>2016-04-22</eventDateTime>
            <agentType>human</agentType>
            <agent>Marine ZELVERTE</agent>
            <eventDescription/>
         </maintenanceEvent>
         <maintenanceEvent>
            <eventType>updated</eventType>
            <eventDateTime>2017-04-06</eventDateTime>
            <agentType>human</agentType>
            <agent>Florence CLAVAUD</agent>
            <eventDescription>F. Clavaud, 6 avril 2017 : revu les liens hiérarchiques et chronologiques</eventDescription>
         </maintenanceEvent>
      </maintenanceHistory>
      <sources>
         <source>
            <descriptiveNote>
               <p>Richter (Noë), "Histoire de la lecture publique en France", Bulletin des bibliothèques de France, n° 1, 1977. Disponible sur le Web : &lt;http://bbf.enssib.fr/consulter/bbf-1977-01-0001-001&gt;. ISSN 1292-8399. </p>
               <p>Bottin administratif</p>
            </descriptiveNote>
         </source>
      </sources>
   </control>
   <cpfDescription>
      <identity>
         <entityType>corporateBody</entityType>
         <nameEntry localType="autorisée" scriptCode="Latn" xml:lang="fre">
            <part>France. Direction des bibliothèques et de la lecture publique. Services techniques (1945-1975)</part>
         </nameEntry>
         <nameEntry>
            <part>Service technique</part>
            <useDates>
               <dateRange>
                  <fromDate standardDate="1964-01-01">1964</fromDate>
                  <toDate standardDate="1970-12-31">1970</toDate>
               </dateRange>
            </useDates>
         </nameEntry>
      </identity>
      <description>
         <existDates>
            <dateRange>
               <fromDate standardDate="1945-08-18">18 août 1945</fromDate>
               <toDate standardDate="1975-12-31">1975</toDate>
            </dateRange>
         </existDates>
         <legalStatuses>
            <legalStatus>
               <term vocabularySource="d5blonaxbw--1mt8t42bokzts">service d'administration centrale</term>
            </legalStatus>
         </legalStatuses>
         <functions>
            <function>
               <term vocabularySource="d3nyuh38s6-1lg9onn879oxm">coordination</term>
            </function>
            <function>
               <term vocabularySource="d3nyuhrig1--3acyzmp9v988">formation</term>
            </function>
            <function>
               <term vocabularySource="d3nyuicsjl-tb7ampjet3iu">réglementation</term>
            </function>
            <function>
               <term vocabularySource="d3nyuhp1um--qolq4osvi6b5">étude</term>
            </function>
         </functions>
         <mandates>
            <mandate>
               <descriptiveNote>
                  <p>Décret n° 45-1889 du 18 août 1945 portant organisation de la direction générale des Arts et des Lettres</p>
                  <p>Décret n°75-1003 du 29 octobre 1975 par lequel sont transférées au Secrétaire d'État à la Culture les attributions exercées par le Secrétaire d'État aux Universités dans les domaines du livre et de la lecture publique (https://www.legifrance.gouv.fr/affichTexte.do?cidTexte=JORFTEXT000000500152&amp;fastPos=3&amp;fastReqId=1129159639&amp;categorieLien=id&amp;oldAction=rechTexte)</p>
                  <p>Décret n°75-1218 du 23 décembre 1975 portant création d'une direction du Livre au Secrétariat d'État à la Culture</p>
               </descriptiveNote>
            </mandate>
         </mandates>
         <structureOrGenealogy>
            <p>Le service technique est dirigé dès 1945 par un conservateur et un conservateur adjoint. </p>
            <p/>
            <p>Il se structure à partir de 1965, date à laquelle il est composé de trois sections : </p>
            <list>
               <item>Architecture, équipement mobilier, plan ;</item>
               <item>Étude de la réglementation et du fonctionnement des différentes catégories de bibliothèques, bibliothéconomie, Bulletin des bibliothèques de France, Bulletin de documentation bibliographique ;</item>
               <item>Achats de livres. </item>
            </list>
            <p/>
            <p>Les services techniques sont réorganisés en 1971, du fait de l'absorption du service de la lecture publique. Ils se composent alors de trois nouvelles sections :</p>
            <list>
               <item>Affaires communes (qui réunit les deux premières sections) ;</item>
               <item>Lecture publique ;</item>
               <item>Bibliothèque d'étude et de recherche.</item>
            </list>
         </structureOrGenealogy>
         <biogHist>
            <p>
               <span style="underline">Historique :</span>
            </p>
            <p>Un service technique apparaît pour la première fois au sein de l'administration des bibliothèques en 1945, avec la création de la direction des bibliothèques de France et de la lecture publique au sein de la direction générale des Arts et Lettres (décret du 18 août 1945 organisant la direction générale des Arts et Lettres). Travaillant en liaison étroite avec l'inspection générale, il promeut une politique d'ensemble en normalisant et en coordonnant l'activité des différentes catégories de bibliothèques.</p>
            <p>Il disparaît en 1975 suite à une décision du conseil des ministres du mois de juillet qui supprime la DBLP et répartit ses attributions entre le secrétariat d'État aux Universités et le secrétariat d'État à la Culture (décret du 29 octobre 1975).</p>
            <p/>
            <p>
               <span style="underline">Missions :</span>
            </p>
            <p>Dès l'origine, le service technique est chargé de l'étude de tous les problèmes techniques concernant le classement, l'établissement des catalogues, la conservation et la communication des documents et des livres, ainsi que de l'élaboration et de la diffusion des règlements concernant les bibliothèques. À partir de 1949, il est en outre responsable de l'organisation des services de la lecture publique et des questions relatives à la formation du personnel technique et du personnel scientifique des bibliothèques. En 1951, les souscriptions scientifiques et littéraires, qui dépendaient du bureau du personnel, rejoignent le service technique. À partir de 1958, le service est chargé du Congrès national des sociétés savantes. </p>
            <p>Ses prérogatives sont modifiées par sa réorganisation en 1965 : architecture, équipement mobilier, plan, études de la réglementation et du fonctionnement des différentes catégories de bibliothèques, bibliothéconomie, Bulletin des bibliothèques de France, Bulletin de documentation bibliographique, achats de livres. Le service de la lecture publique, qui le rejoint en 1971, lui ajoute une mission de relations avec les bibliothèques municipales et les bibliothèques centrales de prêt. La même année, la troisième section des services techniques est chargée des relations avec les bibliothèques interuniversitaires et d'universités, ainsi que les bibliothèques des grands établissements. </p>
         </biogHist>
      </description>
      <relations>
         <cpfRelation xmlns:xlink="http://www.w3.org/1999/xlink"
                      cpfRelationType="hierarchical-child"
                      xlink:href="FRAN_NP_003551"
                      xlink:type="simple">
            <relationEntry>Section de la lecture publique (direction des bibliothèques et de la lecture publique)</relationEntry>
            <dateRange>
               <fromDate standardDate="1973-01-01">1973</fromDate>
               <toDate standardDate="1975-12-31">1975</toDate>
            </dateRange>
         </cpfRelation>
         <cpfRelation xmlns:xlink="http://www.w3.org/1999/xlink"
                      cpfRelationType="hierarchical-child"
                      xlink:href="FRAN_NP_003549"
                      xlink:type="simple">
            <relationEntry>Section des bibliothèques d'étude et de recherche (direction des bibliothèques et de la lecture publique)</relationEntry>
            <dateRange>
               <fromDate standardDate="1973-01-01">1973</fromDate>
               <toDate standardDate="1975-12-31">1975</toDate>
            </dateRange>
         </cpfRelation>
         <cpfRelation xmlns:xlink="http://www.w3.org/1999/xlink"
                      cpfRelationType="hierarchical-child"
                      xlink:href="FRAN_NP_003550"
                      xlink:type="simple">
            <relationEntry>Section des affaires communes (direction des bibliothèques et de la lecture publique)</relationEntry>
            <dateRange>
               <fromDate standardDate="1973-01-01">1973</fromDate>
               <toDate standardDate="1975-12-31">1975</toDate>
            </dateRange>
         </cpfRelation>
         <cpfRelation xmlns:xlink="http://www.w3.org/1999/xlink"
                      cpfRelationType="hierarchical-child"
                      xlink:href="FRAN_NP_003549"
                      xlink:type="simple">
            <relationEntry>France. Direction des bibliothèques et de la lecture publique. Services techniques. Section des bibliothèques d'étude et de recherche (1971-1975)</relationEntry>
            <dateRange>
               <fromDate standardDate="1971-01-01">1971</fromDate>
               <toDate standardDate="1975-12-31">1975</toDate>
            </dateRange>
            <descriptiveNote>
               <p>
     @isPartOf@
    </p>
            </descriptiveNote>
         </cpfRelation>
         <cpfRelation xmlns:xlink="http://www.w3.org/1999/xlink"
                      cpfRelationType="hierarchical-child"
                      xlink:href="FRAN_NP_003550"
                      xlink:type="simple">
            <relationEntry>France. Direction des bibliothèques et de la lecture publique. Services techniques. Section des affaires communes (1971-1975)</relationEntry>
            <dateRange>
               <fromDate standardDate="1971-01-01">1971</fromDate>
               <toDate standardDate="1975-12-31">1975</toDate>
            </dateRange>
            <descriptiveNote>
               <p>
     @isPartOf@
    </p>
            </descriptiveNote>
         </cpfRelation>
         <cpfRelation xmlns:xlink="http://www.w3.org/1999/xlink"
                      cpfRelationType="hierarchical-child"
                      xlink:href="FRAN_NP_003551"
                      xlink:type="simple">
            <relationEntry>France. Direction des bibliothèques et de la lecture publique. Services techniques. Section de la lecture publique (1968-1975)</relationEntry>
            <dateRange>
               <fromDate standardDate="1971-01-01">1971</fromDate>
               <toDate standardDate="1975-12-31">1975</toDate>
            </dateRange>
            <descriptiveNote>
               <p>
     @isPartOf@
    </p>
            </descriptiveNote>
         </cpfRelation>
         <cpfRelation xmlns:xlink="http://www.w3.org/1999/xlink"
                      cpfRelationType="hierarchical-parent"
                      xlink:href="FRAN_NP_009943"
                      xlink:type="simple">
            <relationEntry>France. Direction des bibliothèques et de la lecture publique (1945-1975)</relationEntry>
            <dateRange>
               <fromDate standardDate="1945-08-18">18 août 1945</fromDate>
               <toDate standardDate="1975-12-31">1975</toDate>
            </dateRange>
            <descriptiveNote>
               <p>@isPartOf@</p>
            </descriptiveNote>
         </cpfRelation>
         <cpfRelation xmlns:xlink="http://www.w3.org/1999/xlink"
                      cpfRelationType="temporal-later"
                      xlink:href="FRAN_NP_005084"
                      xlink:type="simple">
            <relationEntry>France. Ministère de la Culture et de la Communication. Direction du Livre et de la Lecture. Département des bibliothèques et de la lecture (1976-1993)</relationEntry>
            <dateRange>
               <fromDate standardDate="1976-01-01">1976</fromDate>
            </dateRange>
         </cpfRelation>
         <cpfRelation xmlns:xlink="http://www.w3.org/1999/xlink"
                      cpfRelationType="temporal-later"
                      xlink:href="FRAN_NP_003544"
                      xlink:type="simple">
            <relationEntry>Division des études techniques et de la formation (service des bibliothèques, ministère des Universités)</relationEntry>
            <dateRange>
               <fromDate standardDate="1975-01-01">1975</fromDate>
            </dateRange>
         </cpfRelation>
         <resourceRelation xmlns:xlink="http://www.w3.org/1999/xlink"
                           resourceRelationType="creatorOf"
                           xlink:href="FRAN_IR_054852"
                           xlink:type="simple">
            <relationEntry localType="archival">Direction des bibliothèques et de la lecture publique, direction du livre et de la lecture. Suivi des bibliothèques territoriales (1956-2004)</relationEntry>
         </resourceRelation>
      </relations>
   </cpfDescription>
</eac-cpf>
