<eac-cpf xmlns="urn:isbn:1-931666-33-4"
         xmlns:xsi="http://www.w3.org/2001/XMLSchema-instance"
         xsi:schemaLocation="urn:isbn:1-931666-33-4 cpf.xsd">
   <control>
      <recordId>FRAN_NP_000736</recordId>
      <otherRecordId localType="Ancien_identifiant">2179/CRIV</otherRecordId>
      <maintenanceStatus>revised</maintenanceStatus>
      <maintenanceAgency>
         <agencyName>Archives nationales de France</agencyName>
      </maintenanceAgency>
      <languageDeclaration>
         <language languageCode="fre">Français</language>
         <script scriptCode="Latn"/>
      </languageDeclaration>
      <conventionDeclaration>
         <citation>Notice établie conformément à la norme ICA-ISAAR (CPF) 2004, aux normes ISO 8601 pour le système de normalisation des dates utilisé, ainsi que AFNOR NF Z 44-061, juin 1986. Catalogage : forme et structure des vedettes noms de personne, des vedettes titres, des rubriques de classement et des titres forgés.</citation>
      </conventionDeclaration>
      <localControl localType="niveau_de_detail">
         <term>Moyenne</term>
      </localControl>
      <maintenanceHistory>
         <maintenanceEvent>
            <eventType>derived</eventType>
            <eventDateTime>2013-04-23</eventDateTime>
            <agentType>machine</agentType>
            <agent>Import_SIA</agent>
         </maintenanceEvent>
         <maintenanceEvent>
            <eventType>revised</eventType>
            <eventDateTime>2015-01-29</eventDateTime>
            <agentType>human</agentType>
            <agent>Florence CLAVAUD</agent>
            <eventDescription>F. Clavaud, 29 janvier 2015 : changé le nom, ajouté ISNI, notice descriptive, statut, n° notice BnF, fonction, revu liens IR, créé plusieurs liens</eventDescription>
         </maintenanceEvent>
      </maintenanceHistory>
      <sources>
         <source>
            <descriptiveNote>
               <p>Notice d'autorité BnF n° FRBNF11990852</p>
            </descriptiveNote>
         </source>
      </sources>
   </control>
   <cpfDescription>
      <identity>
         <entityId>ISNI 0000 0001 2171 4334</entityId>
         <entityType>corporateBody</entityType>
         <nameEntry localType="autorisée" scriptCode="Latn" xml:lang="fre">
            <part>Centre de recherche interdisciplinaire (Vaucresson, Hauts-de-Seine)</part>
         </nameEntry>
         <nameEntry>
            <part>CRIV</part>
         </nameEntry>
      </identity>
      <description>
         <existDates>
            <dateRange>
               <fromDate standardDate="1983-01-01">1983</fromDate>
               <toDate standardDate="1995-12-31">1995</toDate>
            </dateRange>
         </existDates>
         <legalStatuses>
            <legalStatus>
               <term>unité mixte de recherche</term>
            </legalStatus>
         </legalStatuses>
         <functions>
            <function>
               <term vocabularySource="d3nyuic5p0-ktmsglhlnhvr">recherche</term>
               <descriptiveNote>
                  <p>recherche dans le domaine de l'éducation surveillée</p>
               </descriptiveNote>
            </function>
         </functions>
         <biogHist>
            <p>La direction de l'Éducation surveillée du Ministère de la Justice crée en 1951 le Centre de formation et d'études de l'Éducation Surveillée (CFEES) qui a pour mission principale de former des éducateurs. </p>
            <p>Par la suite le centre se développe autour de trois grands axes : la formation, la recherche et la documentation. </p>
            <p>Officiellement, depuis le 13 mai 1958, il est doté d'un service de recherches : le Centre de formation et de recherches de l'Éducation surveillée (CFRES). En 1983, la réforme de la recherche au ministère de la Justice entraîne des modifications dans l'organisation du centre : le CFRES se subdivise en Centre de recherches interdisciplinaire de Vaucresson (CRIV), unité de recherche associée au CNRS qui fonctionne jusqu’en 1995, et en Centre de formation et d'études de l'Éducation surveillée (CFEES). Ce dernier continue à prendre en charge la formation continue et conserve un petit service d'études. Il devient en 1991 le Centre de formation et d'études de la Protection judiciaire de la jeunesse (CFEPJJ) puis le Centre national de formation et d'études de la protection judiciaire de la jeunesse (CNFEPJJ) en 1992. Depuis l'an 2000, le CNFEPJJ comprend à nouveau les départements de formation, de service d'études et de ressources pour la recherche justice (2RJ, créée en 1993). </p>
         </biogHist>
      </description>
      <relations>
         <cpfRelation xmlns:xlink="http://www.w3.org/1999/xlink"
                      cpfRelationType="hierarchical-parent"
                      xlink:href="FRAN_NP_000009"
                      xlink:type="simple">
            <relationEntry>Ministère de la Justice</relationEntry>
            <dateRange>
               <fromDate standardDate="1983-01-01">1983</fromDate>
               <toDate standardDate="1995-12-31">1995</toDate>
            </dateRange>
         </cpfRelation>
         <cpfRelation xmlns:xlink="http://www.w3.org/1999/xlink"
                      cpfRelationType="associative"
                      xlink:href="FRAN_NP_050902"
                      xlink:type="simple">
            <relationEntry>Chauvière, Michel (1946-....)</relationEntry>
            <dateRange>
               <fromDate standardDate="1989-01-01">1989</fromDate>
               <toDate standardDate="1995-12-31">1995</toDate>
            </dateRange>
            <descriptiveNote>
               <p>
     M. Chauvière, directeur du CRIV
    </p>
            </descriptiveNote>
         </cpfRelation>
         <cpfRelation xmlns:xlink="http://www.w3.org/1999/xlink"
                      cpfRelationType="associative"
                      xlink:href="FRAN_NP_050912"
                      xlink:type="simple">
            <relationEntry>Charvin, Monique (19..-....)</relationEntry>
            <dateRange>
               <fromDate standardDate="1983-01-01">1983</fromDate>
               <toDate standardDate="1995-12-31">1995</toDate>
            </dateRange>
         </cpfRelation>
         <cpfRelation xmlns:xlink="http://www.w3.org/1999/xlink"
                      cpfRelationType="associative"
                      xlink:href="FRAN_NP_000048"
                      xlink:type="simple">
            <relationEntry>Centre national de la recherche scientifique</relationEntry>
            <dateRange>
               <fromDate standardDate="1983-01-01">1983</fromDate>
               <toDate standardDate="1995-12-31">1995</toDate>
            </dateRange>
         </cpfRelation>
         <cpfRelation xmlns:xlink="http://www.w3.org/1999/xlink"
                      cpfRelationType="temporal-earlier"
                      xlink:href="FRAN_NP_050967"
                      xlink:type="simple">
            <relationEntry>Centre de formation et de recherches de l'Éducation surveillée (1958-1983)</relationEntry>
            <dateRange>
               <fromDate standardDate="1983-01-01">1983</fromDate>
            </dateRange>
         </cpfRelation>
         <resourceRelation xmlns:xlink="http://www.w3.org/1999/xlink"
                           resourceRelationType="creatorOf"
                           xlink:href="FRAN_IR_022982"
                           xlink:type="simple">
            <relationEntry localType="archival">Justice ; organismes rattachés directement ; Centre de recherches interdisciplinaires de Vaucresson (CRIV) (1818-1992)</relationEntry>
         </resourceRelation>
         <resourceRelation xmlns:xlink="http://www.w3.org/1999/xlink"
                           resourceRelationType="creatorOf"
                           xlink:href="FRAN_IR_019819"
                           xlink:type="simple">
            <relationEntry localType="archival">Justice ; Organismes rattachés directement ; Centre de formation et d'études de Vaucresson (1985-1996)</relationEntry>
         </resourceRelation>
         <resourceRelation xmlns:xlink="http://www.w3.org/1999/xlink"
                           resourceRelationType="creatorOf"
                           xlink:href="FRAN_IR_013510"
                           xlink:type="simple">
            <relationEntry localType="archival">Justice ; Organismes rattachés directement ; Centre de recherches interdisciplinaires de Vaucresson (CRIV) (1943-1966)</relationEntry>
         </resourceRelation>
         <resourceRelation xmlns:xlink="http://www.w3.org/1999/xlink"
                           resourceRelationType="creatorOf"
                           xlink:href="FRAN_IR_019378"
                           xlink:type="simple">
            <relationEntry localType="archival">Justice ; Organismes rattachés directement ; Centre de recherches interdisciplinaires de Vaucresson (CRIV) (1944-1994)</relationEntry>
         </resourceRelation>
         <resourceRelation xmlns:xlink="http://www.w3.org/1999/xlink"
                           resourceRelationType="creatorOf"
                           xlink:href="FRAN_IR_026560"
                           xlink:type="simple">
            <relationEntry localType="archival">Justice ; Organismes rattachés directement ; Centre de recherches interdisciplinaires de Vaucresson (CRIV) (1952-1966)</relationEntry>
         </resourceRelation>
         <resourceRelation xmlns:xlink="http://www.w3.org/1999/xlink"
                           resourceRelationType="creatorOf"
                           xlink:href="FRAN_IR_026558"
                           xlink:type="simple">
            <relationEntry localType="archival">Justice ; Organismes rattachés directement ; Centre de recherches interdisciplinaires de Vaucresson (CRIV) (1955-1965)</relationEntry>
         </resourceRelation>
         <resourceRelation xmlns:xlink="http://www.w3.org/1999/xlink"
                           resourceRelationType="creatorOf"
                           xlink:href="FRAN_IR_026561"
                           xlink:type="simple">
            <relationEntry localType="archival">Justice ; Organismes rattachés directement ; Centre de recherches interdisciplinaires de Vaucresson (CRIV) (1963-1966)</relationEntry>
         </resourceRelation>
         <resourceRelation xmlns:xlink="http://www.w3.org/1999/xlink"
                           resourceRelationType="creatorOf"
                           xlink:href="FRAN_IR_026562"
                           xlink:type="simple">
            <relationEntry localType="archival">Justice ; Organismes rattachés directement ; Centre de recherches interdisciplinaires de Vaucresson (CRIV) (1967-1968)</relationEntry>
         </resourceRelation>
         <resourceRelation xmlns:xlink="http://www.w3.org/1999/xlink"
                           resourceRelationType="creatorOf"
                           xlink:href="FRAN_IR_006003"
                           xlink:type="simple">
            <relationEntry localType="archival">Justice ; Organismes rattachés directement ; Centre de recherches interdisciplinaires de Vaucresson (CRIV) (1969-1999)</relationEntry>
         </resourceRelation>
         <resourceRelation xmlns:xlink="http://www.w3.org/1999/xlink"
                           resourceRelationType="creatorOf"
                           xlink:href="FRAN_IR_026559"
                           xlink:type="simple">
            <relationEntry localType="archival">Justice ; Organismes rattachés directement ; Centre de recherches interdisciplinaires de Vaucresson (CRIV) (1970-1991)</relationEntry>
         </resourceRelation>
         <resourceRelation xmlns:xlink="http://www.w3.org/1999/xlink"
                           resourceRelationType="creatorOf"
                           xlink:href="FRAN_IR_054657"
                           xlink:type="simple">
            <relationEntry localType="archival">CNAHES. Fonds Monique CHARVIN (1964-1983).</relationEntry>
         </resourceRelation>
      </relations>
   </cpfDescription>
</eac-cpf>
