<eac-cpf xmlns="urn:isbn:1-931666-33-4"
         xmlns:xsi="http://www.w3.org/2001/XMLSchema-instance"
         xsi:schemaLocation="urn:isbn:1-931666-33-4 cpf.xsd">
   <control>
      <recordId>FRAN_NP_004556</recordId>
      <otherRecordId localType="Ancien_identifiant">4180</otherRecordId>
      <maintenanceStatus>revised</maintenanceStatus>
      <maintenanceAgency>
         <agencyName>Archives nationales de France</agencyName>
      </maintenanceAgency>
      <languageDeclaration>
         <language languageCode="fre">Français</language>
         <script scriptCode="Latn"/>
      </languageDeclaration>
      <conventionDeclaration>
         <citation>Notice établie conformément à la norme ICA-ISAAR (CPF) 2004, aux normes ISO 8601 pour le système de normalisation des dates utilisé, ainsi que AFNOR NF Z 44-061, juin 1986. Catalogage : forme et structure des vedettes noms de personne, des vedettes titres, des rubriques de classement et des titres forgés.</citation>
      </conventionDeclaration>
      <localControl localType="niveau_de_detail">
         <term>Moyenne</term>
      </localControl>
      <maintenanceHistory>
         <maintenanceEvent>
            <eventType>derived</eventType>
            <eventDateTime>2013-04-23</eventDateTime>
            <agentType>machine</agentType>
            <agent>Import_SIA</agent>
         </maintenanceEvent>
         <maintenanceEvent>
            <eventType>revised</eventType>
            <eventDateTime>2015-03-13</eventDateTime>
            <agentType>human</agentType>
            <agent>Catherine MÉROT</agent>
            <eventDescription>F. Clavaud, 13 mars 2015 : revu nom, ajouté n°s ISNI et notice BnF, revu liens IR, ajouté indexation fonctions</eventDescription>
         </maintenanceEvent>
      </maintenanceHistory>
      <sources>
         <source>
            <descriptiveNote>
               <p>http://www.inserm.fr/qu-est-ce-que-l-inserm/missions-de-l-institut</p>
               <p>Notice d'autorité BnF n° FRBNF11864526</p>
            </descriptiveNote>
         </source>
      </sources>
   </control>
   <cpfDescription>
      <identity>
         <entityId>ISNI 0000 0001 2186 6389</entityId>
         <entityType>corporateBody</entityType>
         <nameEntry localType="autorisée" scriptCode="Latn" xml:lang="fre">
            <part>Institut national de la santé et de la recherche médicale (France)</part>
         </nameEntry>
         <nameEntry>
            <part>INSERM</part>
            <useDates>
               <dateRange>
                  <fromDate standardDate="1964-01-01">1964</fromDate>
               </dateRange>
            </useDates>
         </nameEntry>
         <nameEntry>
            <part>Institut national d'hygiène (INH)</part>
            <useDates>
               <dateRange>
                  <fromDate standardDate="1941-01-01">1941</fromDate>
                  <toDate standardDate="1964-12-31">1964</toDate>
               </dateRange>
            </useDates>
         </nameEntry>
      </identity>
      <description>
         <existDates>
            <dateRange>
               <fromDate standardDate="1941-01-01">1941</fromDate>
            </dateRange>
         </existDates>
         <legalStatuses>
            <legalStatus>
               <term vocabularySource="d5blomr36k--99x29dl50sw1">établissement public à caractère scientifique et technologique</term>
            </legalStatus>
         </legalStatuses>
         <functions>
            <function>
               <term vocabularySource="d3nyuic5p0-ktmsglhlnhvr">recherche</term>
               <descriptiveNote>
                  <p>recherche médicale</p>
               </descriptiveNote>
            </function>
            <function>
               <term vocabularySource="d5bhviiyko--q661mlo9uy50">santé</term>
            </function>
         </functions>
         <mandates>
            <mandate>
               <descriptiveNote>
                  <p>Créé par décret 64-627 promulgué le 18 juillet 1964</p>
               </descriptiveNote>
            </mandate>
         </mandates>
         <biogHist>
            <p>L'INSERM est créé en 1964 par Raymond Marcellin, le ministre de la Santé, sur les conseils de son conseiller Georges Mathé et de la Délégation générale à la recherche scientifique et technique. Le décret 64-627 est promulgué le 18 juillet 1964. Le nouvel institut est une émanation de l'Institut national d'hygiène (INH), créé en 1941, sous le gouvernement de Vichy et des seize centres de recherche impulsés par l'Association Claude-Bernard.</p>
            <p>L'INSERM, seul organisme public de recherche français entièrement dédié à la santé humaine, s’est vu confier, en 2008, la responsabilité d’assurer la coordination stratégique, scientifique et opérationnelle de la recherche biomédicale. </p>
            <p>Cette mission de coordination a conduit à la création de 10 instituts thématiques associés à l'INSERM, début 2008.</p>
            <p>80 % des 289 unités de recherche sont implantées au sein des centres hospitalo-universitaires, ou des centres de lutte contre le cancer.</p>
            <p>La coordination nationale se trouve renforcée par la création, en avril 2009, de l’Alliance nationale pour les sciences de la vie et de la santé, dont l’INSERM est signataire aux côtés d’autres organismes et instituts de recherche et de la conférence des présidents d’université. </p>
         </biogHist>
      </description>
      <relations>
         <cpfRelation xmlns:xlink="http://www.w3.org/1999/xlink"
                      cpfRelationType="hierarchical-parent"
                      xlink:href="FRAN_NP_009838"
                      xlink:type="simple">
            <relationEntry>Ministère des Affaires sociales et de la Santé</relationEntry>
            <dateRange>
               <fromDate standardDate="2012-05-16">16 mai 2012</fromDate>
               <toDate/>
            </dateRange>
         </cpfRelation>
         <cpfRelation xmlns:xlink="http://www.w3.org/1999/xlink"
                      cpfRelationType="hierarchical-child"
                      xlink:href="FRAN_NP_004545"
                      xlink:type="simple">
            <relationEntry>Institut national de la santé et de la recherche médicale, département des colloques</relationEntry>
            <dateRange>
               <fromDate standardDate="1976-01-01">1976</fromDate>
            </dateRange>
         </cpfRelation>
         <cpfRelation xmlns:xlink="http://www.w3.org/1999/xlink"
                      cpfRelationType="hierarchical-child"
                      xlink:href="FRAN_NP_004546"
                      xlink:type="simple">
            <relationEntry>Institut national de la santé et de la recherche médicale, section Cancer</relationEntry>
            <dateRange>
               <fromDate standardDate="1976-01-01">1976</fromDate>
            </dateRange>
         </cpfRelation>
         <cpfRelation xmlns:xlink="http://www.w3.org/1999/xlink"
                      cpfRelationType="hierarchical-child"
                      xlink:href="FRAN_NP_004547"
                      xlink:type="simple">
            <relationEntry>Institut national de la santé et de la recherche médicale, section Cardiologie</relationEntry>
            <dateRange>
               <fromDate standardDate="1976-01-01">1976</fromDate>
            </dateRange>
         </cpfRelation>
         <cpfRelation xmlns:xlink="http://www.w3.org/1999/xlink"
                      cpfRelationType="hierarchical-child"
                      xlink:href="FRAN_NP_004548"
                      xlink:type="simple">
            <relationEntry>Institut national de la santé et de la recherche médicale, section Maternité et pédiatrie</relationEntry>
            <dateRange>
               <fromDate standardDate="1976-01-01">1976</fromDate>
            </dateRange>
         </cpfRelation>
         <cpfRelation xmlns:xlink="http://www.w3.org/1999/xlink"
                      cpfRelationType="hierarchical-child"
                      xlink:href="FRAN_NP_004549"
                      xlink:type="simple">
            <relationEntry>Institut national de la santé et de la recherche médicale, section Maladies transmissibles</relationEntry>
            <dateRange>
               <fromDate standardDate="1976-01-01">1976</fromDate>
            </dateRange>
         </cpfRelation>
         <cpfRelation xmlns:xlink="http://www.w3.org/1999/xlink"
                      cpfRelationType="associative"
                      xlink:href="FRAN_NP_009219"
                      xlink:type="simple">
            <relationEntry>Chevallier, André</relationEntry>
            <dateRange>
               <fromDate standardDate="1942-01-01">1942</fromDate>
               <toDate standardDate="1946-12-31">1946</toDate>
            </dateRange>
         </cpfRelation>
         <cpfRelation xmlns:xlink="http://www.w3.org/1999/xlink"
                      cpfRelationType="associative"
                      xlink:href="FRAN_NP_051249"
                      xlink:type="simple">
            <relationEntry>Observatoire des sciences et des techniques (France)</relationEntry>
            <dateRange>
               <fromDate standardDate="1990-01-01">1990</fromDate>
               <toDate standardDate="2014-12-31">2014</toDate>
            </dateRange>
         </cpfRelation>
         <cpfRelation xmlns:xlink="http://www.w3.org/1999/xlink"
                      cpfRelationType="hierarchical-child"
                      xlink:href="FRAN_NP_051649"
                      xlink:type="simple">
            <relationEntry>Institut national de la santé et de la recherche médicale, département de l'information scientifique et de la communication, bureau de presse (1981-.... ; Paris)</relationEntry>
            <dateRange>
               <fromDate standardDate="1997-01-01">1997</fromDate>
            </dateRange>
            <descriptiveNote>
               <p>
     Département de l'Institut national de la santé et de la recherche médicale
    </p>
            </descriptiveNote>
         </cpfRelation>
         <cpfRelation xmlns:xlink="http://www.w3.org/1999/xlink"
                      cpfRelationType="associative"
                      xlink:href="FRAN_NP_009218"
                      xlink:type="simple">
            <relationEntry>Bugnard, Louis</relationEntry>
            <dateRange>
               <fromDate standardDate="1946-01-01">1946</fromDate>
               <toDate standardDate="1964-12-31">1964</toDate>
            </dateRange>
         </cpfRelation>
         <cpfRelation xmlns:xlink="http://www.w3.org/1999/xlink"
                      cpfRelationType="hierarchical-child"
                      xlink:href="FRAN_NP_004550"
                      xlink:type="simple">
            <relationEntry>Institut national de la santé et de la recherche médicale, section Nutrition</relationEntry>
            <dateRange>
               <fromDate standardDate="1976-01-01">1976</fromDate>
            </dateRange>
         </cpfRelation>
         <cpfRelation xmlns:xlink="http://www.w3.org/1999/xlink"
                      cpfRelationType="hierarchical-child"
                      xlink:href="FRAN_NP_004551"
                      xlink:type="simple">
            <relationEntry>Institut national de la santé et de la recherche médicale, section Santé mentale, unité de recherche 110</relationEntry>
            <dateRange>
               <fromDate standardDate="1976-01-01">1976</fromDate>
            </dateRange>
         </cpfRelation>
         <cpfRelation xmlns:xlink="http://www.w3.org/1999/xlink"
                      cpfRelationType="hierarchical-child"
                      xlink:href="FRAN_NP_004552"
                      xlink:type="simple">
            <relationEntry>Institut national de la santé et de la recherche médicale, section Santé publique</relationEntry>
            <dateRange>
               <fromDate standardDate="1976-01-01">1976</fromDate>
            </dateRange>
         </cpfRelation>
         <cpfRelation xmlns:xlink="http://www.w3.org/1999/xlink"
                      cpfRelationType="hierarchical-child"
                      xlink:href="FRAN_NP_004553"
                      xlink:type="simple">
            <relationEntry>Institut national de la santé et de la recherche médicale, section Tuberculose et maladies respiratoires</relationEntry>
            <dateRange>
               <fromDate standardDate="1976-01-01">1976</fromDate>
            </dateRange>
         </cpfRelation>
         <cpfRelation xmlns:xlink="http://www.w3.org/1999/xlink"
                      cpfRelationType="hierarchical-child"
                      xlink:href="FRAN_NP_004554"
                      xlink:type="simple">
            <relationEntry>Institut national de la santé et de la recherche médicale, unité de recherche 149</relationEntry>
            <dateRange>
               <fromDate standardDate="1976-01-01">1976</fromDate>
            </dateRange>
         </cpfRelation>
         <cpfRelation xmlns:xlink="http://www.w3.org/1999/xlink"
                      cpfRelationType="hierarchical-child"
                      xlink:href="FRAN_NP_004555"
                      xlink:type="simple">
            <relationEntry>Institut national de la santé et de la recherche médicale, unité de recherche 164</relationEntry>
            <dateRange>
               <fromDate standardDate="1976-01-01">1976</fromDate>
            </dateRange>
         </cpfRelation>
         <cpfRelation xmlns:xlink="http://www.w3.org/1999/xlink"
                      cpfRelationType="associative"
                      xlink:href="FRAN_NP_000017"
                      xlink:type="simple">
            <relationEntry>Ministère de l'Enseignement supérieur et de la Recherche</relationEntry>
            <dateRange>
               <fromDate standardDate="2007-05-18">18 mai 2007</fromDate>
               <toDate/>
            </dateRange>
         </cpfRelation>
         <resourceRelation xmlns:xlink="http://www.w3.org/1999/xlink"
                           resourceRelationType="creatorOf"
                           xlink:href="FRAN_IR_023739"
                           xlink:type="simple">
            <relationEntry localType="archival">Santé - INSERM- Papiers André Chevallier (XXe siècle)</relationEntry>
         </resourceRelation>
         <resourceRelation xmlns:xlink="http://www.w3.org/1999/xlink"
                           resourceRelationType="creatorOf"
                           xlink:href="FRAN_IR_026346"
                           xlink:type="simple">
            <relationEntry localType="archival">Santé - INSERM - Papiers Louis Bugnard (1917-1978)</relationEntry>
         </resourceRelation>
         <resourceRelation xmlns:xlink="http://www.w3.org/1999/xlink"
                           resourceRelationType="creatorOf"
                           xlink:href="FRAN_IR_023874"
                           xlink:type="simple">
            <relationEntry localType="archival">Santé - INSERM- Papiers Louis Bugnard (1933-1998)</relationEntry>
         </resourceRelation>
         <resourceRelation xmlns:xlink="http://www.w3.org/1999/xlink"
                           resourceRelationType="creatorOf"
                           xlink:href="FRAN_IR_020412"
                           xlink:type="simple">
            <relationEntry localType="archival">Santé ; Institut national de la santé et de la recherche médicale (INSERM) (1943-1973)</relationEntry>
         </resourceRelation>
         <resourceRelation xmlns:xlink="http://www.w3.org/1999/xlink"
                           resourceRelationType="creatorOf"
                           xlink:href="FRAN_IR_017673"
                           xlink:type="simple">
            <relationEntry localType="archival">Santé ; Institut national de la santé et de la recherche médicale (INSERM) (1947-1972)</relationEntry>
         </resourceRelation>
         <resourceRelation xmlns:xlink="http://www.w3.org/1999/xlink"
                           resourceRelationType="creatorOf"
                           xlink:href="FRAN_IR_023865"
                           xlink:type="simple">
            <relationEntry localType="archival">Santé ; Institut national de la santé et de la recherche médicale (INSERM) (1963-1993)</relationEntry>
         </resourceRelation>
         <resourceRelation xmlns:xlink="http://www.w3.org/1999/xlink"
                           resourceRelationType="creatorOf"
                           xlink:href="FRAN_IR_014927"
                           xlink:type="simple">
            <relationEntry localType="archival">Santé ; Institut national de la santé et de la recherche médicale (INSERM) (1973-1977)</relationEntry>
         </resourceRelation>
         <resourceRelation xmlns:xlink="http://www.w3.org/1999/xlink"
                           resourceRelationType="creatorOf"
                           xlink:href="FRAN_IR_026365"
                           xlink:type="simple">
            <relationEntry localType="archival">Santé - INSERM - Papiers Louis Bugnard (1946-1960)</relationEntry>
         </resourceRelation>
         <resourceRelation xmlns:xlink="http://www.w3.org/1999/xlink"
                           resourceRelationType="creatorOf"
                           xlink:href="FRAN_IR_020219"
                           xlink:type="simple">
            <relationEntry localType="archival">Santé - INSERM- Papiers Bugnard (1956-1976)</relationEntry>
         </resourceRelation>
         <resourceRelation xmlns:xlink="http://www.w3.org/1999/xlink"
                           resourceRelationType="creatorOf"
                           xlink:href="FRAN_IR_019919"
                           xlink:type="simple">
            <relationEntry localType="archival">Santé - INSERM- Papiers André Chevallier (1919-1964)</relationEntry>
         </resourceRelation>
         <resourceRelation xmlns:xlink="http://www.w3.org/1999/xlink"
                           resourceRelationType="creatorOf"
                           xlink:href="FRAN_IR_054571"
                           xlink:type="simple">
            <relationEntry localType="archival">Dossiers de Georges Péquignot, Directeur de la section nutrition de l'inh et de l'Inserm</relationEntry>
         </resourceRelation>
         <resourceRelation xmlns:xlink="http://www.w3.org/1999/xlink"
                           resourceRelationType="creatorOf"
                           xlink:href="FRAN_IR_054574"
                           xlink:type="simple">
            <relationEntry localType="archival">Fonds d'archives scientifiques de l'unité 10 « Gastro-entérologie, biologie et pathologie de l'épithélium digestif »</relationEntry>
         </resourceRelation>
         <resourceRelation xmlns:xlink="http://www.w3.org/1999/xlink"
                           resourceRelationType="creatorOf"
                           xlink:href="FRAN_IR_054575"
                           xlink:type="simple">
            <relationEntry localType="archival">Institut national de la santé et de la recherche médicale : fonds d'archives
     scientifiques de l'unité 66 « Imagerie biomédicale, morphologique et
     fonctionnelle »</relationEntry>
         </resourceRelation>
         <resourceRelation xmlns:xlink="http://www.w3.org/1999/xlink"
                           resourceRelationType="creatorOf"
                           xlink:href="FRAN_IR_054886"
                           xlink:type="simple">
            <relationEntry localType="archival">INSERM - Archives scientifiques du programme de recherche sur les encéphalopathies subaiguës spongiformes transmissibles (ESST) et les Prions</relationEntry>
         </resourceRelation>
         <resourceRelation xmlns:xlink="http://www.w3.org/1999/xlink"
                           resourceRelationType="creatorOf"
                           xlink:href="FRAN_IR_054888"
                           xlink:type="simple">
            <relationEntry localType="archival">INSERM : Dossiers de malades atteints de Myopathie - Unité 193 « Myopathie » dirigée par Jean Demos</relationEntry>
         </resourceRelation>
         <resourceRelation xmlns:xlink="http://www.w3.org/1999/xlink"
                           resourceRelationType="creatorOf"
                           xlink:href="FRAN_IR_057194"
                           xlink:type="simple">
            <relationEntry localType="archival">Institut national de la santé et de la recherche médicale : complément des archives
     de Christiane Sinding (1994-2001)</relationEntry>
         </resourceRelation>
         <resourceRelation xmlns:xlink="http://www.w3.org/1999/xlink"
                           resourceRelationType="creatorOf"
                           xlink:href="FRAN_IR_057195"
                           xlink:type="simple">
            <relationEntry localType="archival">Institut national de la santé et de la recherche medicale : fonds de la revue
     Médecine/Sciences</relationEntry>
         </resourceRelation>
         <resourceRelation xmlns:xlink="http://www.w3.org/1999/xlink"
                           resourceRelationType="creatorOf"
                           xlink:href="FRAN_IR_057196"
                           xlink:type="simple">
            <relationEntry localType="archival">Institut national de la santé et de la recherche médicale : fonds documentaire de
     Francis Derriennic</relationEntry>
         </resourceRelation>
         <resourceRelation xmlns:xlink="http://www.w3.org/1999/xlink"
                           resourceRelationType="creatorOf"
                           xlink:href="FRAN_IR_057197"
                           xlink:type="simple">
            <relationEntry localType="archival">Institut national de la santé et de la recherche médicale : fonds d'archives scientifiques de l'unité 155 « épidémiologie génétique »</relationEntry>
         </resourceRelation>
         <resourceRelation xmlns:xlink="http://www.w3.org/1999/xlink"
                           resourceRelationType="creatorOf"
                           xlink:href="FRAN_IR_057198"
                           xlink:type="simple">
            <relationEntry localType="archival">Institut national de la santé et de la recherche médicale : fonds d'archives
          scientifiques de l'unité 341 « Génie biomédical et diabète sucré »</relationEntry>
         </resourceRelation>
         <resourceRelation xmlns:xlink="http://www.w3.org/1999/xlink"
                           resourceRelationType="creatorOf"
                           xlink:href="FRAN_IR_057319"
                           xlink:type="simple">
            <relationEntry localType="archival">Institut national de la santé et de la recherche médicale : dossiers de Jean-Pierre
     Bader, conseiller à l'Institut national d'Hygiène, puis directeur scientifique de l'Inserm
     (1959-1978)</relationEntry>
         </resourceRelation>
         <resourceRelation xmlns:xlink="http://www.w3.org/1999/xlink"
                           resourceRelationType="creatorOf"
                           xlink:href="FRAN_IR_057317"
                           xlink:type="simple">
            <relationEntry localType="archival">Institut national de la santé et de la recherche médicale : archives scientifiques
     de l'Expertise collective de l'Inserm</relationEntry>
         </resourceRelation>
         <resourceRelation xmlns:xlink="http://www.w3.org/1999/xlink"
                           resourceRelationType="creatorOf"
                           xlink:href="FRAN_IR_057322"
                           xlink:type="simple">
            <relationEntry localType="archival">Institut national de la santé et de la recherche médicale : dossiers de Michèle
          Fardeau, économiste de la santé, directrice de l'unité Inserm 357</relationEntry>
         </resourceRelation>
         <resourceRelation xmlns:xlink="http://www.w3.org/1999/xlink"
                           resourceRelationType="creatorOf"
                           xlink:href="FRAN_IR_057323"
                           xlink:type="simple">
            <relationEntry localType="archival">Institut national de la santé et de la recherche médicale : unité 149 « Recherches
          épidémiologiques sur la santé des femmes et des enfants » (1970-1998)</relationEntry>
         </resourceRelation>
         <resourceRelation xmlns:xlink="http://www.w3.org/1999/xlink"
                           resourceRelationType="creatorOf"
                           xlink:href="FRAN_IR_057345"
                           xlink:type="simple">
            <relationEntry localType="archival">Institut national de la santé et de la recherche médicale : dossiers d'Anne Tursz
          pédiatre épidémiologiste, directrice de recherche à l'Inserm (1974-2011)</relationEntry>
         </resourceRelation>
         <resourceRelation xmlns:xlink="http://www.w3.org/1999/xlink"
                           resourceRelationType="creatorOf"
                           xlink:href="FRAN_IR_057348"
                           xlink:type="simple">
            <relationEntry localType="archival">Institut national de la santé et de la recherche médicale : Dossiers de Jacques
     Tréton, chercheur à l'Unité Inserm 118 «Gérontologie» (1968-1994)</relationEntry>
         </resourceRelation>
         <resourceRelation xmlns:xlink="http://www.w3.org/1999/xlink"
                           resourceRelationType="creatorOf"
                           xlink:href="FRAN_IR_057349"
                           xlink:type="simple">
            <relationEntry localType="archival">Institut national de la santé et de la recherche médicale : fonds d'archives
     scientifiques de l'unité 135 « Hormones et reproduction » (1967-2003)</relationEntry>
         </resourceRelation>
      </relations>
   </cpfDescription>
</eac-cpf>
