<eac-cpf xmlns="urn:isbn:1-931666-33-4"
         xmlns:xsi="http://www.w3.org/2001/XMLSchema-instance"
         xsi:schemaLocation="urn:isbn:1-931666-33-4 cpf.xsd">
   <control>
      <recordId>FRAN_NP_010163</recordId>
      <otherRecordId localType="Ancien_identifiant">FRDAFANCH00MC_NAETUDE_036</otherRecordId>
      <maintenanceStatus>revised</maintenanceStatus>
      <maintenanceAgency>
         <agencyName>Archives nationales de France</agencyName>
      </maintenanceAgency>
      <languageDeclaration>
         <language languageCode="fre">Français</language>
         <script scriptCode="Latn"/>
      </languageDeclaration>
      <conventionDeclaration>
         <citation>Notice établie conformément à la norme ICA-ISAAR (CPF) 2004, aux normes ISO 8601 pour le système de normalisation des dates utilisé, ainsi que AFNOR NF Z 44-061, juin 1986. Catalogage : forme et structure des vedettes noms de personne, des vedettes titres, des rubriques de classement et des titres forgés.</citation>
      </conventionDeclaration>
      <localControl localType="niveau_de_detail">
         <term>Moyenne</term>
      </localControl>
      <maintenanceHistory>
         <maintenanceEvent>
            <eventType>derived</eventType>
            <eventDateTime>2013-04-23</eventDateTime>
            <agentType>machine</agentType>
            <agent>Migration ETANOT</agent>
         </maintenanceEvent>
         <maintenanceEvent>
            <eventType>revised</eventType>
            <eventDateTime>2014-10-03</eventDateTime>
            <agentType>human</agentType>
            <agent>Marie-Françoise LIMON-BONNET</agent>
            <eventDescription>F. Clavaud, 3 octobre 2014 : revu tous les liens IR</eventDescription>
         </maintenanceEvent>
      </maintenanceHistory>
      <sources>
         <source>
            <descriptiveNote>
               <p>Poisson (Jean-Paul), " Un moyen d'étude de la société parisienne au XVIe siècle : l'activité notariale " étude XXXVI, Notaires et société. Travaux d'histoire et de sociologie notariales, t. I, 1985, p. 207.</p>
               <p>Limon-Bonnet (M.-F.) [dir.], 
      <span style="italic">122 minutes d'histoire. Actes des notaires de Paris, XVIe-XXe siècle</span>, Paris, 2012, pp. 76-77. 
     </p>
               <p>
                  <span style="italic">Annuaire du notariat français 2012</span>, p. 1034. 
     </p>
            </descriptiveNote>
         </source>
      </sources>
   </control>
   <cpfDescription>
      <identity>
         <entityType>corporateBody</entityType>
         <nameEntry localType="autorisée" scriptCode="Latn" xml:lang="fre">
            <part>Etude XXXVI</part>
         </nameEntry>
         <nameEntry>
            <part>75106</part>
         </nameEntry>
         <nameEntry>
            <part>Office notarial Louvre-Rivoli.</part>
         </nameEntry>
         <nameEntry>
            <part>HAMOU Jean-Louis, SELARL</part>
         </nameEntry>
      </identity>
      <description>
         <existDates>
            <dateRange>
               <fromDate standardDate="1522-01-01">1522</fromDate>
            </dateRange>
         </existDates>
         <places>
            <place>
               <placeRole>Lieu de Paris</placeRole>
               <placeEntry localType="nomLieu">3, rue du Louvre, 75001 Paris</placeEntry>
               <placeEntry localType="voie" vocabularySource="d3nzbtlqo1--f5arw48x6sz4">Louvre (rue du)</placeEntry>
               <placeEntry localType="arrondissement_actuel"
                           vocabularySource="d3nyv8f3d4-ok53bz6domv3">01e arrondissement</placeEntry>
            </place>
         </places>
         <legalStatuses>
            <legalStatus>
               <term>office notarial</term>
            </legalStatus>
         </legalStatuses>
         <functions>
            <function>
               <term vocabularySource="d3nyui3o8w--11y7jgy8q3wnt">notaire à Paris</term>
               <dateRange>
                  <fromDate standardDate="1522-01-01">1522</fromDate>
                  <toDate/>
               </dateRange>
            </function>
         </functions>
         <mandates>
            <mandate/>
         </mandates>
         <generalContext>
            <p>Les minutes de cette étude ont été versées aux Archives nationales (2013) jusqu'au 31 décembre 1938, mais elles ne sont pas encore cotées. Leur communication en salle de lecture n'est donc pas encore possible.</p>
         </generalContext>
         <biogHist>
            <p>Les 71 premières liasses de l'étude renferment les minutes de divers notaires installés rue Saint-Honoré, rue des Prouvaires et rue de la Chanvrerie. Après un court passage rue Saint-Martin, puis rue Saint-Antoine, les titulaires de l'étude reviennent rue Saint-Denis, devant les Innocents, de 1588 à 1651. Ils restent dans ce secteur, à différentes adresses, avant de rejoindre la rue du Louvre, en 1885. Au XVIe siècle, Me François Hamelin est notaire des Quinze-Vingts et des chanoines de Saint-Honoré, Nicolas Vassart et Jean Yver passent des marchés pour l'aménagement des Tuileries en 1666. On note aussi parmi la clientèle, Albert et Pierre de Gondi, respectivement maître de la grande garde-robe et aumônier du roi. Vachot (1586-1604) a une clientèle où dominent les orfèvres, les drapiers, les couturiers, les tailleurs et les parlementaires. Nicolas Jolly, notaire de la fabrique des Innocents, a une clientèle équilibrée entre marchands et parlementaires. C'est aussi l'étude des ducs de Longueville : l'inventaire d'Henri y est dressé en 1663, et celui de Charles en 1673. Le marquis de Brinvilliers y vient en 1659, ainsi que le naturaliste Jean de La Salle et le médecin du roi, Antoine Menjot (1695). L'ordre du Saint-Esprit s'adresse à cette étude au XVIIIe siècle. En 1804-1805, sont déposés de nombreux mandats de marins de Toulon et de Brest pour toucher les arrérages de leur traitement.</p>
            <p>Le Minutier central conserve les minutes de l'étude XXXVI à partir de l'année 1523.</p>
            <p>Les minutes de cette étude ont été versées aux Archives nationales (2013) jusqu'au 31 décembre 1938, mais elles ne sont pas encore cotées. Leur communication en salle de lecture n'est donc pas encore possible.</p>
         </biogHist>
      </description>
      <relations>
         <cpfRelation xmlns:xlink="http://www.w3.org/1999/xlink"
                      cpfRelationType="associative"
                      xlink:href="FRAN_NP_010313"
                      xlink:type="simple">
            <relationEntry>Yver, Jean</relationEntry>
            <dateRange>
               <fromDate standardDate="1559-10-21">21 octobre 1559</fromDate>
               <toDate standardDate="1573-11-06">6 novembre 1573</toDate>
            </dateRange>
         </cpfRelation>
         <cpfRelation xmlns:xlink="http://www.w3.org/1999/xlink"
                      cpfRelationType="associative"
                      xlink:href="FRAN_NP_010323"
                      xlink:type="simple">
            <relationEntry>Vachot, Philippe</relationEntry>
            <dateRange>
               <fromDate standardDate="1586-09-30">30 septembre 1586</fromDate>
               <toDate standardDate="1604-12-10">10 décembre 1604</toDate>
            </dateRange>
         </cpfRelation>
         <cpfRelation xmlns:xlink="http://www.w3.org/1999/xlink"
                      cpfRelationType="associative"
                      xlink:href="FRAN_NP_010340"
                      xlink:type="simple">
            <relationEntry>Vassart, Nicolas I</relationEntry>
            <dateRange>
               <fromDate standardDate="1559-01-17">17 janvier 1559</fromDate>
               <toDate standardDate="1577-09-04">4 septembre 1577</toDate>
            </dateRange>
         </cpfRelation>
         <cpfRelation xmlns:xlink="http://www.w3.org/1999/xlink"
                      cpfRelationType="associative"
                      xlink:href="FRAN_NP_011316"
                      xlink:type="simple">
            <relationEntry>Laisné, Jacques</relationEntry>
            <dateRange>
               <fromDate standardDate="1631-11-10">10 novembre 1631</fromDate>
               <toDate standardDate="1643-01-07">7 janvier 1643</toDate>
            </dateRange>
         </cpfRelation>
         <cpfRelation xmlns:xlink="http://www.w3.org/1999/xlink"
                      cpfRelationType="associative"
                      xlink:href="FRAN_NP_011689"
                      xlink:type="simple">
            <relationEntry>Jolly, Nicolas</relationEntry>
            <dateRange>
               <fromDate standardDate="1590-10-18">18 octobre 1590</fromDate>
               <toDate standardDate="1631-10-18">18 octobre 1631</toDate>
            </dateRange>
         </cpfRelation>
         <cpfRelation xmlns:xlink="http://www.w3.org/1999/xlink"
                      cpfRelationType="associative"
                      xlink:href="FRAN_NP_010502"
                      xlink:type="simple">
            <relationEntry>Trudon de roissy, Jean-Baptiste</relationEntry>
            <dateRange>
               <fromDate standardDate="1771-06-22">22 juin 1771</fromDate>
               <toDate standardDate="1778-02-27">27 février 1778</toDate>
            </dateRange>
         </cpfRelation>
         <cpfRelation xmlns:xlink="http://www.w3.org/1999/xlink"
                      cpfRelationType="associative"
                      xlink:href="FRAN_NP_010539"
                      xlink:type="simple">
            <relationEntry>Salats, Yves Paul Henri</relationEntry>
            <dateRange>
               <fromDate standardDate="1956-05-30">30 mai 1956</fromDate>
               <toDate standardDate="1997-06-04">4 juin 1997</toDate>
            </dateRange>
         </cpfRelation>
         <cpfRelation xmlns:xlink="http://www.w3.org/1999/xlink"
                      cpfRelationType="associative"
                      xlink:href="FRAN_NP_010477"
                      xlink:type="simple">
            <relationEntry>Touvenot, Charles</relationEntry>
            <dateRange>
               <fromDate standardDate="1681-07-13">13 juillet 1681</fromDate>
               <toDate standardDate="1721-11-25">25 novembre 1721</toDate>
            </dateRange>
         </cpfRelation>
         <cpfRelation xmlns:xlink="http://www.w3.org/1999/xlink"
                      cpfRelationType="associative"
                      xlink:href="FRAN_NP_010481"
                      xlink:type="simple">
            <relationEntry>Trépagne, Jules-César</relationEntry>
            <dateRange>
               <fromDate standardDate="1846-11-17">17 novembre 1846</fromDate>
               <toDate standardDate="1873-07-05">5 juillet 1873</toDate>
            </dateRange>
         </cpfRelation>
         <cpfRelation xmlns:xlink="http://www.w3.org/1999/xlink"
                      cpfRelationType="associative"
                      xlink:href="FRAN_NP_012895"
                      xlink:type="simple">
            <relationEntry>Béville, Charles-Louis</relationEntry>
            <dateRange>
               <fromDate standardDate="1807-07-04">4 juillet 1807</fromDate>
               <toDate standardDate="1813-01-07">7 janvier 1813</toDate>
            </dateRange>
         </cpfRelation>
         <cpfRelation xmlns:xlink="http://www.w3.org/1999/xlink"
                      cpfRelationType="associative"
                      xlink:href="FRAN_NP_010611"
                      xlink:type="simple">
            <relationEntry>Raimbault, Alain</relationEntry>
            <dateRange>
               <fromDate standardDate="1978-10-04">4 octobre 1978</fromDate>
               <toDate standardDate="1996-08-29">29 août 1996</toDate>
            </dateRange>
         </cpfRelation>
         <cpfRelation xmlns:xlink="http://www.w3.org/1999/xlink"
                      cpfRelationType="associative"
                      xlink:href="FRAN_NP_011737"
                      xlink:type="simple">
            <relationEntry>Hamelin, François</relationEntry>
            <dateRange>
               <fromDate standardDate="1522-03-17">17 mars 1522</fromDate>
               <toDate standardDate="1547-05-18">18 mai 1547</toDate>
            </dateRange>
         </cpfRelation>
         <cpfRelation xmlns:xlink="http://www.w3.org/1999/xlink"
                      cpfRelationType="associative"
                      xlink:href="FRAN_NP_013119"
                      xlink:type="simple">
            <relationEntry>Anceau, Martin</relationEntry>
            <dateRange>
               <fromDate standardDate="1651-11-19">19 novembre 1651</fromDate>
               <toDate standardDate="1666-03-23">23 mars 1666</toDate>
            </dateRange>
         </cpfRelation>
         <cpfRelation xmlns:xlink="http://www.w3.org/1999/xlink"
                      cpfRelationType="associative"
                      xlink:href="FRAN_NP_012018"
                      xlink:type="simple">
            <relationEntry>Fanin, Ancelot</relationEntry>
            <dateRange>
               <fromDate standardDate="1568-10-13">13 octobre 1568</fromDate>
               <toDate standardDate="1586-12-31">1586</toDate>
            </dateRange>
         </cpfRelation>
         <cpfRelation xmlns:xlink="http://www.w3.org/1999/xlink"
                      cpfRelationType="associative"
                      xlink:href="FRAN_NP_012027"
                      xlink:type="simple">
            <relationEntry>Fauchey, Marcel Emile Lucien</relationEntry>
            <dateRange>
               <fromDate standardDate="1913-10-22">22 octobre 1913</fromDate>
               <toDate standardDate="1919-11-27">27 novembre 1919</toDate>
            </dateRange>
         </cpfRelation>
         <cpfRelation xmlns:xlink="http://www.w3.org/1999/xlink"
                      cpfRelationType="associative"
                      xlink:href="FRAN_NP_012026"
                      xlink:type="simple">
            <relationEntry>Fauchey, Louis Jean Philippe</relationEntry>
            <dateRange>
               <fromDate standardDate="1890-04-18">18 avril 1890</fromDate>
               <toDate standardDate="1913-10-22">22 octobre 1913</toDate>
            </dateRange>
         </cpfRelation>
         <cpfRelation xmlns:xlink="http://www.w3.org/1999/xlink"
                      cpfRelationType="associative"
                      xlink:href="FRAN_NP_012953"
                      xlink:type="simple">
            <relationEntry>Bonnomet, Denis-Charles</relationEntry>
            <dateRange>
               <fromDate standardDate="1781-07-19">19 juillet 1781</fromDate>
               <toDate standardDate="1807-07-04">4 juillet 1807</toDate>
            </dateRange>
         </cpfRelation>
         <cpfRelation xmlns:xlink="http://www.w3.org/1999/xlink"
                      cpfRelationType="associative"
                      xlink:href="FRAN_NP_012995"
                      xlink:type="simple">
            <relationEntry>Bourdereau, Charles (1558 - 1559)</relationEntry>
            <dateRange>
               <fromDate standardDate="1558-01-06">6 janvier 1558</fromDate>
               <toDate standardDate="1559-10-21">21 octobre 1559</toDate>
            </dateRange>
         </cpfRelation>
         <cpfRelation xmlns:xlink="http://www.w3.org/1999/xlink"
                      cpfRelationType="associative"
                      xlink:href="FRAN_NP_011738"
                      xlink:type="simple">
            <relationEntry>Hamou, Jean Louis</relationEntry>
            <dateRange>
               <fromDate standardDate="1997-06-04">4 juin 1997</fromDate>
            </dateRange>
         </cpfRelation>
         <cpfRelation xmlns:xlink="http://www.w3.org/1999/xlink"
                      cpfRelationType="associative"
                      xlink:href="FRAN_NP_012897"
                      xlink:type="simple">
            <relationEntry>Bezanson, Alfred</relationEntry>
            <dateRange>
               <fromDate standardDate="1873-07-05">5 juillet 1873</fromDate>
               <toDate standardDate="1890-04-18">18 avril 1890</toDate>
            </dateRange>
         </cpfRelation>
         <cpfRelation xmlns:xlink="http://www.w3.org/1999/xlink"
                      cpfRelationType="associative"
                      xlink:href="FRAN_NP_010744"
                      xlink:type="simple">
            <relationEntry>Routier, Joachim</relationEntry>
            <dateRange>
               <fromDate standardDate="1666-03-23">23 mars 1666</fromDate>
               <toDate standardDate="1683-05-11">11 mai 1683</toDate>
            </dateRange>
         </cpfRelation>
         <cpfRelation xmlns:xlink="http://www.w3.org/1999/xlink"
                      cpfRelationType="associative"
                      xlink:href="FRAN_NP_010478"
                      xlink:type="simple">
            <relationEntry>Touvenot, François</relationEntry>
            <dateRange>
               <fromDate standardDate="1721-11-29">29 novembre 1721</fromDate>
               <toDate standardDate="1754-03-07">7 mars 1754</toDate>
            </dateRange>
         </cpfRelation>
         <cpfRelation xmlns:xlink="http://www.w3.org/1999/xlink"
                      cpfRelationType="associative"
                      xlink:href="FRAN_NP_010476"
                      xlink:type="simple">
            <relationEntry>Touvenot, Antoine</relationEntry>
            <dateRange>
               <fromDate standardDate="1754-03-19">19 mars 1754</fromDate>
               <toDate standardDate="1771-06-19">19 juin 1771</toDate>
            </dateRange>
         </cpfRelation>
         <cpfRelation xmlns:xlink="http://www.w3.org/1999/xlink"
                      cpfRelationType="associative"
                      xlink:href="FRAN_NP_010538"
                      xlink:type="simple">
            <relationEntry>Salats, Jean André</relationEntry>
            <dateRange>
               <fromDate standardDate="1919-11-27">27 novembre 1919</fromDate>
               <toDate standardDate="1956-05-30">30 mai 1956</toDate>
            </dateRange>
         </cpfRelation>
         <cpfRelation xmlns:xlink="http://www.w3.org/1999/xlink"
                      cpfRelationType="associative"
                      xlink:href="FRAN_NP_012117"
                      xlink:type="simple">
            <relationEntry>Frenicle, François</relationEntry>
            <dateRange>
               <fromDate standardDate="1546-01-01">1546</fromDate>
               <toDate standardDate="1547-12-31">1547</toDate>
            </dateRange>
         </cpfRelation>
         <cpfRelation xmlns:xlink="http://www.w3.org/1999/xlink"
                      cpfRelationType="associative"
                      xlink:href="FRAN_NP_012237"
                      xlink:type="simple">
            <relationEntry>Delaistre, Gédéon</relationEntry>
            <dateRange>
               <fromDate standardDate="1573-11-20">20 novembre 1573</fromDate>
               <toDate standardDate="1574-07-18">18 juillet 1574</toDate>
            </dateRange>
         </cpfRelation>
         <cpfRelation xmlns:xlink="http://www.w3.org/1999/xlink"
                      cpfRelationType="associative"
                      xlink:href="FRAN_NP_012238"
                      xlink:type="simple">
            <relationEntry>Deshayes, René-François</relationEntry>
            <dateRange>
               <fromDate standardDate="1813-01-07">7 janvier 1813</fromDate>
               <toDate standardDate="1846-11-17">17 novembre 1846</toDate>
            </dateRange>
         </cpfRelation>
         <cpfRelation xmlns:xlink="http://www.w3.org/1999/xlink"
                      cpfRelationType="associative"
                      xlink:href="FRAN_NP_012239"
                      xlink:type="simple">
            <relationEntry>Dugué, Charles</relationEntry>
            <dateRange>
               <fromDate standardDate="1559-03-26">26 mars 1559</fromDate>
               <toDate standardDate="1559-09-20">20 septembre 1559</toDate>
            </dateRange>
         </cpfRelation>
         <cpfRelation xmlns:xlink="http://www.w3.org/1999/xlink"
                      cpfRelationType="associative"
                      xlink:href="FRAN_NP_012554"
                      xlink:type="simple">
            <relationEntry>Collas de marimon, Louis</relationEntry>
            <dateRange>
               <fromDate standardDate="1778-02-27">27 février 1778</fromDate>
               <toDate standardDate="1781-07-02">2 juillet 1781</toDate>
            </dateRange>
         </cpfRelation>
         <cpfRelation xmlns:xlink="http://www.w3.org/1999/xlink"
                      cpfRelationType="associative"
                      xlink:href="FRAN_NP_012555"
                      xlink:type="simple">
            <relationEntry>Crespin, François</relationEntry>
            <dateRange>
               <fromDate standardDate="1643-01-09">9 janvier 1643</fromDate>
               <toDate standardDate="1651-06-14">14 juin 1651</toDate>
            </dateRange>
         </cpfRelation>
         <resourceRelation xmlns:xlink="http://www.w3.org/1999/xlink"
                           resourceRelationType="creatorOf"
                           xlink:href="FRAN_IR_041957"
                           xlink:type="simple">
            <relationEntry localType="archival">Archives de l'étude XXXVI</relationEntry>
         </resourceRelation>
         <resourceRelation xmlns:xlink="http://www.w3.org/1999/xlink"
                           resourceRelationType="creatorOf"
                           xlink:href="FRAN_IR_051942"
                           xlink:type="simple">
            <relationEntry localType="archival">Images des répertoires du notaire Alfred Bezanson pour l'étude XXXVI</relationEntry>
         </resourceRelation>
         <resourceRelation xmlns:xlink="http://www.w3.org/1999/xlink"
                           resourceRelationType="creatorOf"
                           xlink:href="FRAN_IR_051934"
                           xlink:type="simple">
            <relationEntry localType="archival">Images des répertoires du notaire Charles Touvenot pour l'étude XXXVI</relationEntry>
         </resourceRelation>
         <resourceRelation xmlns:xlink="http://www.w3.org/1999/xlink"
                           resourceRelationType="creatorOf"
                           xlink:href="FRAN_IR_051935"
                           xlink:type="simple">
            <relationEntry localType="archival">Images des répertoires du notaire Jules César Trépagne pour l'étude XXXVI</relationEntry>
         </resourceRelation>
         <resourceRelation xmlns:xlink="http://www.w3.org/1999/xlink"
                           resourceRelationType="creatorOf"
                           xlink:href="FRAN_IR_051938"
                           xlink:type="simple">
            <relationEntry localType="archival">Images des répertoires du notaire Louis Jean Philippe Fauchey pour l'étude XXXVI</relationEntry>
         </resourceRelation>
         <resourceRelation xmlns:xlink="http://www.w3.org/1999/xlink"
                           resourceRelationType="creatorOf"
                           xlink:href="FRAN_IR_051939"
                           xlink:type="simple">
            <relationEntry localType="archival">Images des répertoires du notaire René François Deshayes pour l'étude XXXVI</relationEntry>
         </resourceRelation>
         <resourceRelation xmlns:xlink="http://www.w3.org/1999/xlink"
                           resourceRelationType="creatorOf"
                           xlink:href="FRAN_IR_051931"
                           xlink:type="simple">
            <relationEntry localType="archival">Images du répertoire du notaire Antoine Touvenot pour l'étude XXXVI</relationEntry>
         </resourceRelation>
         <resourceRelation xmlns:xlink="http://www.w3.org/1999/xlink"
                           resourceRelationType="creatorOf"
                           xlink:href="FRAN_IR_051941"
                           xlink:type="simple">
            <relationEntry localType="archival">Images du répertoire du notaire Charles Louis Béville pour l'étude XXXVI</relationEntry>
         </resourceRelation>
         <resourceRelation xmlns:xlink="http://www.w3.org/1999/xlink"
                           resourceRelationType="creatorOf"
                           xlink:href="FRAN_IR_051936"
                           xlink:type="simple">
            <relationEntry localType="archival">Images du répertoire du notaire Jean-Baptiste Trudon de Roissy pour l'étude XXXVI</relationEntry>
         </resourceRelation>
         <resourceRelation xmlns:xlink="http://www.w3.org/1999/xlink"
                           resourceRelationType="creatorOf"
                           xlink:href="FRAN_IR_051937"
                           xlink:type="simple">
            <relationEntry localType="archival">Images du répertoire du notaire Joachim Routier pour l'étude XXXVI</relationEntry>
         </resourceRelation>
         <resourceRelation xmlns:xlink="http://www.w3.org/1999/xlink"
                           resourceRelationType="creatorOf"
                           xlink:href="FRAN_IR_051940"
                           xlink:type="simple">
            <relationEntry localType="archival">Images du répertoire du notaire Louis Collas de Marimon pour l'étude XXXVI</relationEntry>
         </resourceRelation>
         <resourceRelation xmlns:xlink="http://www.w3.org/1999/xlink"
                           resourceRelationType="creatorOf"
                           xlink:href="FRAN_IR_041968"
                           xlink:type="simple">
            <relationEntry localType="archival">Minutes et répertoires du notaire notaires divers, 1603 - 1605 (étude XXXVI)</relationEntry>
         </resourceRelation>
         <resourceRelation xmlns:xlink="http://www.w3.org/1999/xlink"
                           resourceRelationType="creatorOf"
                           xlink:href="FRAN_IR_050942"
                           xlink:type="simple">
            <relationEntry localType="archival">«Mélanges» (dossiers de clients) de l’étude XXXVI. MC/ET/XXXVI/148, MC/ET/XXXVI/669, MC/ET/XXXVI/671, MC/ET/XXXVI/777/A-MC/ET/XXXVI/777/F (1551-1952)</relationEntry>
         </resourceRelation>
         <resourceRelation xmlns:xlink="http://www.w3.org/1999/xlink"
                           resourceRelationType="creatorOf"
                           xlink:href="FRAN_IR_041958"
                           xlink:type="simple">
            <relationEntry localType="archival">Minutes et répertoires du notaire François HAMELIN, 8 avril 1523 - 14 mai 1547 (étude XXXVI)</relationEntry>
         </resourceRelation>
         <resourceRelation xmlns:xlink="http://www.w3.org/1999/xlink"
                           resourceRelationType="creatorOf"
                           xlink:href="FRAN_IR_041959"
                           xlink:type="simple">
            <relationEntry localType="archival">Minutes et répertoires du notaire François FRENICLE, 1547 - 1567 (étude XXXVI)</relationEntry>
         </resourceRelation>
         <resourceRelation xmlns:xlink="http://www.w3.org/1999/xlink"
                           resourceRelationType="creatorOf"
                           xlink:href="FRAN_IR_041960"
                           xlink:type="simple">
            <relationEntry localType="archival">Minutes et répertoires du notaire Charles BOURDEREAU, 11 juillet 1558 - 13 avril 1559 (étude XXXVI)</relationEntry>
         </resourceRelation>
         <resourceRelation xmlns:xlink="http://www.w3.org/1999/xlink"
                           resourceRelationType="creatorOf"
                           xlink:href="FRAN_IR_041961"
                           xlink:type="simple">
            <relationEntry localType="archival">Minutes et répertoires du notaire Charles DUGUÉ, 29 mars 1559 - 20 septembre 1559 (étude XXXVI)</relationEntry>
         </resourceRelation>
         <resourceRelation xmlns:xlink="http://www.w3.org/1999/xlink"
                           resourceRelationType="creatorOf"
                           xlink:href="FRAN_IR_041962"
                           xlink:type="simple">
            <relationEntry localType="archival">Minutes et répertoires du notaire Nicolas I VASSART, août 1560 - 1575 (étude XXXVI)</relationEntry>
         </resourceRelation>
         <resourceRelation xmlns:xlink="http://www.w3.org/1999/xlink"
                           resourceRelationType="creatorOf"
                           xlink:href="FRAN_IR_041963"
                           xlink:type="simple">
            <relationEntry localType="archival">Minutes et répertoires du notaire Jean YVER, 1562 - 6 novembre 1573 (étude XXXVI)</relationEntry>
         </resourceRelation>
         <resourceRelation xmlns:xlink="http://www.w3.org/1999/xlink"
                           resourceRelationType="creatorOf"
                           xlink:href="FRAN_IR_041965"
                           xlink:type="simple">
            <relationEntry localType="archival">Minutes et répertoires du notaire Gédéon DELAISTRE, 9 novembre 1573 - 27 juillet 1574 (étude XXXVI)</relationEntry>
         </resourceRelation>
         <resourceRelation xmlns:xlink="http://www.w3.org/1999/xlink"
                           resourceRelationType="creatorOf"
                           xlink:href="FRAN_IR_041964"
                           xlink:type="simple">
            <relationEntry localType="archival">Minutes et répertoires du notaire Ancelot FANIN, 21 octobre 1568 - 1586 (étude XXXVI)</relationEntry>
         </resourceRelation>
         <resourceRelation xmlns:xlink="http://www.w3.org/1999/xlink"
                           resourceRelationType="creatorOf"
                           xlink:href="FRAN_IR_041966"
                           xlink:type="simple">
            <relationEntry localType="archival">Minutes et répertoires du notaire Philippe VACHOT, 30 septembre 1586 - 10 décembre 1604 (étude XXXVI)</relationEntry>
         </resourceRelation>
         <resourceRelation xmlns:xlink="http://www.w3.org/1999/xlink"
                           resourceRelationType="creatorOf"
                           xlink:href="FRAN_IR_041967"
                           xlink:type="simple">
            <relationEntry localType="archival">Minutes et répertoires du notaire Nicolas JOLLY, 18 octobre 1590 - 18 octobre 1631 (étude XXXVI)</relationEntry>
         </resourceRelation>
         <resourceRelation xmlns:xlink="http://www.w3.org/1999/xlink"
                           resourceRelationType="creatorOf"
                           xlink:href="FRAN_IR_041969"
                           xlink:type="simple">
            <relationEntry localType="archival">Minutes et répertoires du notaire Jacques LAISNÉ, 10 novembre 1631 - décembre 1642 (étude XXXVI)</relationEntry>
         </resourceRelation>
         <resourceRelation xmlns:xlink="http://www.w3.org/1999/xlink"
                           resourceRelationType="creatorOf"
                           xlink:href="FRAN_IR_041970"
                           xlink:type="simple">
            <relationEntry localType="archival">Minutes et répertoires du notaire François CRESPIN, 9 janvier 1643 - 14 juin 1651 (étude XXXVI)</relationEntry>
         </resourceRelation>
         <resourceRelation xmlns:xlink="http://www.w3.org/1999/xlink"
                           resourceRelationType="creatorOf"
                           xlink:href="FRAN_IR_041971"
                           xlink:type="simple">
            <relationEntry localType="archival">Minutes et répertoires du notaire Martin ANCEAU, 19 novembre 1651 - 13 mars 1666 (étude XXXVI)</relationEntry>
         </resourceRelation>
         <resourceRelation xmlns:xlink="http://www.w3.org/1999/xlink"
                           resourceRelationType="creatorOf"
                           xlink:href="FRAN_IR_041972"
                           xlink:type="simple">
            <relationEntry localType="archival">Minutes et répertoires du notaire Joachim ROUTIER, 23 mars 1666 - 11 mai 1683 (étude XXXVI)</relationEntry>
         </resourceRelation>
         <resourceRelation xmlns:xlink="http://www.w3.org/1999/xlink"
                           resourceRelationType="creatorOf"
                           xlink:href="FRAN_IR_041973"
                           xlink:type="simple">
            <relationEntry localType="archival">Minutes et répertoires du notaire Charles TOUVENOT, 13 juillet 1681 - 25 novembre 1721 (étude XXXVI)</relationEntry>
         </resourceRelation>
         <resourceRelation xmlns:xlink="http://www.w3.org/1999/xlink"
                           resourceRelationType="creatorOf"
                           xlink:href="FRAN_IR_041974"
                           xlink:type="simple">
            <relationEntry localType="archival">Minutes et répertoires du notaire François TOUVENOT, 29 novembre 1721 - 12 mars 1754 (étude XXXVI)</relationEntry>
         </resourceRelation>
         <resourceRelation xmlns:xlink="http://www.w3.org/1999/xlink"
                           resourceRelationType="creatorOf"
                           xlink:href="FRAN_IR_041975"
                           xlink:type="simple">
            <relationEntry localType="archival">Minutes et répertoires du notaire Antoine TOUVENOT, 19 mars 1752 - 20 juin 1771 (étude XXXVI)</relationEntry>
         </resourceRelation>
         <resourceRelation xmlns:xlink="http://www.w3.org/1999/xlink"
                           resourceRelationType="creatorOf"
                           xlink:href="FRAN_IR_041976"
                           xlink:type="simple">
            <relationEntry localType="archival">Minutes et répertoires du notaire Jean-Baptiste TRUDON de ROISSY, 22 juin 1771 - 25 février 1778 (étude XXXVI)</relationEntry>
         </resourceRelation>
         <resourceRelation xmlns:xlink="http://www.w3.org/1999/xlink"
                           resourceRelationType="creatorOf"
                           xlink:href="FRAN_IR_041977"
                           xlink:type="simple">
            <relationEntry localType="archival">Minutes et répertoires du notaire Louis COLLAS de MARIMON, 27 février 1778 - 20 juillet 1781 (étude XXXVI)</relationEntry>
         </resourceRelation>
         <resourceRelation xmlns:xlink="http://www.w3.org/1999/xlink"
                           resourceRelationType="creatorOf"
                           xlink:href="FRAN_IR_041978"
                           xlink:type="simple">
            <relationEntry localType="archival">Minutes et répertoires du notaire Denis Charles BONNOMET, 21 juillet 1781 - 3 juillet 1807 (étude XXXVI)</relationEntry>
         </resourceRelation>
         <resourceRelation xmlns:xlink="http://www.w3.org/1999/xlink"
                           resourceRelationType="creatorOf"
                           xlink:href="FRAN_IR_041979"
                           xlink:type="simple">
            <relationEntry localType="archival">Minutes et répertoires du notaire Charles Louis BÉVILLE, 4 juillet 1807 - 6 janvier 1813 (étude XXXVI)</relationEntry>
         </resourceRelation>
         <resourceRelation xmlns:xlink="http://www.w3.org/1999/xlink"
                           resourceRelationType="creatorOf"
                           xlink:href="FRAN_IR_041980"
                           xlink:type="simple">
            <relationEntry localType="archival">Minutes et répertoires du notaire René François DESHAYES, 7 janvier 1813 - 16 novembre 1846 (étude XXXVI)</relationEntry>
         </resourceRelation>
         <resourceRelation xmlns:xlink="http://www.w3.org/1999/xlink"
                           resourceRelationType="creatorOf"
                           xlink:href="FRAN_IR_041981"
                           xlink:type="simple">
            <relationEntry localType="archival">Minutes et répertoires du notaire Jules César TRÉPAGNE, 17 novembre 1846 - 4 juillet 1873 (étude XXXVI)</relationEntry>
         </resourceRelation>
         <resourceRelation xmlns:xlink="http://www.w3.org/1999/xlink"
                           resourceRelationType="creatorOf"
                           xlink:href="FRAN_IR_041982"
                           xlink:type="simple">
            <relationEntry localType="archival">Minutes et répertoires du notaire Alfred BEZANSON, 5 juillet 1873 - 17 avril 1890 (étude XXXVI)</relationEntry>
         </resourceRelation>
         <resourceRelation xmlns:xlink="http://www.w3.org/1999/xlink"
                           resourceRelationType="creatorOf"
                           xlink:href="FRAN_IR_041983"
                           xlink:type="simple">
            <relationEntry localType="archival">Minutes et répertoires du notaire Louis Jean Philippe FAUCHEY, 19 avril 1890 - 22 octobre 1913 (étude XXXVI)</relationEntry>
         </resourceRelation>
         <resourceRelation xmlns:xlink="http://www.w3.org/1999/xlink"
                           resourceRelationType="creatorOf"
                           xlink:href="FRAN_IR_053868"
                           xlink:type="simple">
            <relationEntry localType="archival">Dossiers de clients de l'étude XXXVI</relationEntry>
         </resourceRelation>
         <resourceRelation xmlns:xlink="http://www.w3.org/1999/xlink"
                           resourceRelationType="creatorOf"
                           xlink:href="FRAN_IR_055343"
                           xlink:type="simple">
            <relationEntry localType="archival">Images des répertoires du notaire Denis Charles Bonnomet pour l'étude XXXVI</relationEntry>
         </resourceRelation>
         <resourceRelation xmlns:xlink="http://www.w3.org/1999/xlink"
                           resourceRelationType="creatorOf"
                           xlink:href="FRAN_IR_054268"
                           xlink:type="simple">
            <relationEntry localType="archival">Images du répertoire du notaire François Touvenot pour l'étude XXXVI</relationEntry>
         </resourceRelation>
         <resourceRelation xmlns:xlink="http://www.w3.org/1999/xlink"
                           resourceRelationType="creatorOf"
                           xlink:href="FRAN_IR_056181"
                           xlink:type="simple">
            <relationEntry localType="archival">Minutes et répertoires du notaire Marcel Émile Lucien FAUCHEY, 22 octobre 1913 - 27 novembre 1919 (étude XXXVI)</relationEntry>
         </resourceRelation>
         <resourceRelation xmlns:xlink="http://www.w3.org/1999/xlink"
                           resourceRelationType="creatorOf"
                           xlink:href="FRAN_IR_056591"
                           xlink:type="simple">
            <relationEntry localType="archival">Minutes et répertoires du notaire Jean André SALATS, 27 novembre 1919 - 31 décembre 1938 (étude XXXVI)</relationEntry>
         </resourceRelation>
      </relations>
   </cpfDescription>
</eac-cpf>
