<eac-cpf xmlns="urn:isbn:1-931666-33-4"
         xmlns:xsi="http://www.w3.org/2001/XMLSchema-instance"
         xsi:schemaLocation="urn:isbn:1-931666-33-4 cpf.xsd">
   <control>
      <recordId>FRAN_NP_010378</recordId>
      <otherRecordId localType="Ancien_identifiant">FRDAFANCH00MC_NANOTAIRE00080</otherRecordId>
      <maintenanceStatus>derived</maintenanceStatus>
      <maintenanceAgency>
         <agencyName>Archives nationales de France</agencyName>
      </maintenanceAgency>
      <languageDeclaration>
         <language languageCode="fre">Français</language>
         <script scriptCode="Latn"/>
      </languageDeclaration>
      <conventionDeclaration>
         <citation>Notice établie conformément à la norme ICA-ISAAR (CPF) 2004, aux normes ISO 8601 pour le système de normalisation des dates utilisé, ainsi que AFNOR NF Z 44-061, juin 1986. Catalogage : forme et structure des vedettes noms de personne, des vedettes titres, des rubriques de classement et des titres forgés.</citation>
      </conventionDeclaration>
      <localControl localType="niveau_de_detail">
         <term>Moyenne</term>
      </localControl>
      <maintenanceHistory>
         <maintenanceEvent>
            <eventType>derived</eventType>
            <eventDateTime>2013-04-23</eventDateTime>
            <agentType>machine</agentType>
            <agent>Migration ETANOT</agent>
         </maintenanceEvent>
      </maintenanceHistory>
      <sources>
         <source>
            <descriptiveNote>
               <p>M. F. LIMON, Les notaires au Châtelet sous le règne de Louis XIV, Toulouse, presses universitaires du Mirail, 1992, p. 422-423</p>
            </descriptiveNote>
         </source>
      </sources>
   </control>
   <cpfDescription>
      <identity>
         <entityType>person</entityType>
         <nameEntry localType="autorisée" scriptCode="Latn" xml:lang="fre">
            <part>Villaine, Simon de</part>
         </nameEntry>
      </identity>
      <description>
         <existDates>
            <dateRange>
               <fromDate standardDate="1687-01-09">9 janvier 1687</fromDate>
               <toDate standardDate="1707-08-19">19 août 1707</toDate>
            </dateRange>
            <descriptiveNote>
               <p>Les dates d'existence de la personne ne sont pas connues et sont évaluées d'après les dates d'exercice en tant que notaire</p>
            </descriptiveNote>
         </existDates>
         <places>
            <place>
               <placeRole>Lieu de Paris</placeRole>
               <placeEntry localType="paroisse" vocabularySource="d3nyvow9c3--1ln2rhczl581f">saint-eustache (paroisse)</placeEntry>
               <placeEntry localType="quartier" vocabularySource="d3nyvg5q7k-1815nk8q1azo8">halles (quartier)</placeEntry>
               <placeEntry localType="voie" vocabularySource="d3nz9mmdng--nabw9ing3ahx">comtesse-d'artois (rue de la)</placeEntry>
               <placeEntry localType="nomLieu">rue de la Comtesse-d'Artois</placeEntry>
            </place>
         </places>
         <functions>
            <function>
               <term vocabularySource="d3nyui3o8w--11y7jgy8q3wnt">notaire à paris</term>
               <dateRange>
                  <fromDate standardDate="1687-01-09">9 janvier 1687</fromDate>
                  <toDate standardDate="1707-08-19">19 août 1707</toDate>
               </dateRange>
            </function>
         </functions>
         <biogHist>
            <p>Baptisé le 19 novembre 1656</p>
            <p>marié à Elisabeth Lourday</p>
         </biogHist>
      </description>
      <relations>
         <cpfRelation xmlns:xlink="http://www.w3.org/1999/xlink"
                      cpfRelationType="associative"
                      xlink:href="FRAN_NP_010188"
                      xlink:type="simple">
            <relationEntry>Etude notariale LXI</relationEntry>
            <dateRange>
               <fromDate standardDate="1687-01-09">9 janvier 1687</fromDate>
               <toDate standardDate="1707-08-19">19 août 1707</toDate>
            </dateRange>
         </cpfRelation>
         <resourceRelation resourceRelationType="other">
            <relationEntry localType="archival">ET/XCVIII/298, 30 novembre 1686, traité d'office de notaire entre Jean Moufle et Simon de Villaine</relationEntry>
         </resourceRelation>
         <resourceRelation resourceRelationType="other">
            <relationEntry localType="archival">V/1/ 43 pièce 119, 29 décembre 1686, lettre de provision d'office</relationEntry>
         </resourceRelation>
         <resourceRelation resourceRelationType="other">
            <relationEntry localType="archival">ET/XCIV/127, 4 août 1707, traité d'office de notaire entre Simon de Villaine et Simon Cosson</relationEntry>
         </resourceRelation>
         <resourceRelation xmlns:xlink="http://www.w3.org/1999/xlink"
                           resourceRelationType="subjectOf"
                           xlink:href="FRAN_IR_042415"
                           xlink:type="simple">
            <relationEntry localType="archival">Minutes et répertoires du notaire Simon de VILLAINE, 9 janvier 1687 -19 août 1707 (étude LXI)</relationEntry>
         </resourceRelation>
         <resourceRelation xmlns:xlink="http://www.w3.org/1999/xlink"
                           resourceRelationType="creatorOf"
                           xlink:href="FRAN_IR_052250"
                           xlink:type="simple">
            <relationEntry localType="archival">Images du répertoire du notaire Simon de Villaine pour l'étude LXI</relationEntry>
         </resourceRelation>
      </relations>
   </cpfDescription>
</eac-cpf>
