<eac-cpf xmlns="urn:isbn:1-931666-33-4"
         xmlns:xsi="http://www.w3.org/2001/XMLSchema-instance"
         xsi:schemaLocation="urn:isbn:1-931666-33-4 cpf.xsd">
   <control>
      <recordId>FRAN_NP_010318</recordId>
      <otherRecordId localType="Ancien_identifiant">FRDAFANCH00MC_NANOTAIRE00018</otherRecordId>
      <maintenanceStatus>revised</maintenanceStatus>
      <maintenanceAgency>
         <agencyName>Archives nationales de France</agencyName>
      </maintenanceAgency>
      <languageDeclaration>
         <language languageCode="fre">Français</language>
         <script scriptCode="Latn"/>
      </languageDeclaration>
      <conventionDeclaration>
         <citation>Notice établie conformément à la norme ICA-ISAAR (CPF) 2004, aux normes ISO 8601 pour le système de normalisation des dates utilisé, ainsi que AFNOR NF Z 44-061, juin 1986. Catalogage : forme et structure des vedettes noms de personne, des vedettes titres, des rubriques de classement et des titres forgés.</citation>
      </conventionDeclaration>
      <localControl localType="niveau_de_detail">
         <term>Moyenne</term>
      </localControl>
      <maintenanceHistory>
         <maintenanceEvent>
            <eventType>derived</eventType>
            <eventDateTime>2015-09-30</eventDateTime>
            <agentType>machine</agentType>
            <agent>Migration ETANOT</agent>
         </maintenanceEvent>
         <maintenanceEvent>
            <eventType>revised</eventType>
            <eventDateTime>2017-06-13</eventDateTime>
            <agentType>human</agentType>
            <agent>Marie-Françoise LIMON-BONNET</agent>
            <eventDescription>Enrichissement de l'Historique, de la forme du nom et des dates extrêmes, reprise des liens et de l'indexation, juillet 2018 (MFLB)</eventDescription>
         </maintenanceEvent>
         <maintenanceEvent>
            <eventType>updated</eventType>
            <eventDateTime>2018-07-17</eventDateTime>
            <agentType>human</agentType>
            <agent>Marie-Françoise LIMON-BONNET</agent>
            <eventDescription>Enrichissement de l'Historique, de la forme du nom et des dates extrêmes, reprise des liens et de l'indexation, juillet 2018 (MFLB)</eventDescription>
         </maintenanceEvent>
      </maintenanceHistory>
      <sources>
         <source>
            <sourceEntry>BB/10/1220/B, 7 mai 1847</sourceEntry>
         </source>
      </sources>
   </control>
   <cpfDescription>
      <identity>
         <entityType>person</entityType>
         <nameEntry localType="autorisée" scriptCode="Latn" xml:lang="fre">
            <part>Watin, Edouard (1813-18..)</part>
         </nameEntry>
      </identity>
      <description>
         <existDates>
            <dateRange>
               <fromDate standardDate="1847-05-19">19 mai 1847</fromDate>
               <toDate standardDate="1864-09-16">16 septembre 1864</toDate>
            </dateRange>
            <descriptiveNote>
               <p>La date de décès n'est pas connue. Celle qui figure et la date de fin d'activité professionnelle comme notaire.</p>
            </descriptiveNote>
         </existDates>
         <places>
            <place>
               <placeRole>Lieu de Paris</placeRole>
               <placeEntry localType="nomLieu">34 puis 36 rue de l'Echiquier (de 1847 à 1860), 16 rue de Choiseul (de 1861 à 1864)</placeEntry>
               <placeEntry localType="arrondissement_actuel"
                           vocabularySource="d3nyv5k4th--1kog8v18wrm89">02e arrondissement</placeEntry>
               <placeEntry localType="voie" vocabularySource="d3nza89t15--3kvghj3t5hvl">Echiquier (rue de l')</placeEntry>
               <placeEntry localType="voie" vocabularySource="d3nz9i5zoa--10786tbq0a8bq">Choiseul (rue de)</placeEntry>
            </place>
         </places>
         <functions>
            <function>
               <term vocabularySource="d3nyui3o8w--11y7jgy8q3wnt">notaire à Paris</term>
               <dateRange>
                  <fromDate standardDate="1847-05-19">19 mai 1847</fromDate>
                  <toDate standardDate="1864-09-16">16 septembre 1864</toDate>
               </dateRange>
            </function>
         </functions>
         <occupations>
            <occupation>
               <term vocabularySource="d3nyu9x713-9kcjiv44l4wh">notaire</term>
               <dateRange>
                  <fromDate standardDate="1847-05-19">19 mai 1847</fromDate>
                  <toDate standardDate="1864-09-16">16 septembre 1864</toDate>
               </dateRange>
            </occupation>
         </occupations>
         <mandates>
            <mandate>
               <descriptiveNote>
                  <p>BB/10/1220/B, 7 mai 1847 : dossier de nomination</p>
               </descriptiveNote>
            </mandate>
         </mandates>
         <biogHist>
            <p>Edouard Watin est né le 14 avril 1813 à Paris. Il est le fils de Pierre Jean Jozime Watin (1770-1848), né à Roupy (Aisne), négociant en grains, et d'Emilie Victoire Caron (morte en 1862). Il a deux soeurs et deux frères connus : Elvire Anna Watin ; Emilie Watin (1804-1851) ; Adolphe Watin (1809-1862) ; Camille Armand Watin (1822-1896).</p>
            <p>Edouard Watin est nommé notaire le 7 mai 1847.</p>
         </biogHist>
      </description>
      <relations>
         <cpfRelation xmlns:xlink="http://www.w3.org/1999/xlink"
                      cpfRelationType="associative"
                      xlink:href="FRAN_NP_010165"
                      xlink:type="simple">
            <relationEntry>Etude notariale XXXVIII</relationEntry>
            <dateRange>
               <fromDate standardDate="1847-05-19">19 mai 1847</fromDate>
               <toDate standardDate="1864-09-16">16 septembre 1864</toDate>
            </dateRange>
         </cpfRelation>
         <resourceRelation xmlns:xlink="http://www.w3.org/1999/xlink"
                           resourceRelationType="creatorOf"
                           xlink:href="FRAN_IR_042013"
                           xlink:type="simple">
            <relationEntry localType="archival">Minutes et répertoires du notaire Édouard WATIN, 19 mai 1847 - 15 septembre 1864 (étude XXXVIII)</relationEntry>
         </resourceRelation>
         <resourceRelation xmlns:xlink="http://www.w3.org/1999/xlink"
                           resourceRelationType="creatorOf"
                           xlink:href="FRAN_IR_054351"
                           xlink:type="simple">
            <relationEntry localType="archival">Images des répertoires du notaire Edouard Watin pour l'étude XXXVIII</relationEntry>
         </resourceRelation>
      </relations>
   </cpfDescription>
</eac-cpf>
