<eac-cpf xmlns="urn:isbn:1-931666-33-4"
         xmlns:xsi="http://www.w3.org/2001/XMLSchema-instance"
         xsi:schemaLocation="urn:isbn:1-931666-33-4 cpf.xsd">
   <control>
      <recordId>FRAN_NP_010160</recordId>
      <otherRecordId localType="Ancien_identifiant">FRDAFANCH00MC_NAETUDE_033</otherRecordId>
      <maintenanceStatus>revised</maintenanceStatus>
      <maintenanceAgency>
         <agencyName>Archives nationales de France</agencyName>
      </maintenanceAgency>
      <languageDeclaration>
         <language languageCode="fre">Français</language>
         <script scriptCode="Latn"/>
      </languageDeclaration>
      <conventionDeclaration>
         <citation>Notice établie conformément à la norme ICA-ISAAR (CPF) 2004, aux normes ISO 8601 pour le système de normalisation des dates utilisé, ainsi que AFNOR NF Z 44-061, juin 1986. Catalogage : forme et structure des vedettes noms de personne, des vedettes titres, des rubriques de classement et des titres forgés.</citation>
      </conventionDeclaration>
      <localControl localType="niveau_de_detail">
         <term>Moyenne</term>
      </localControl>
      <maintenanceHistory>
         <maintenanceEvent>
            <eventType>derived</eventType>
            <eventDateTime>2013-04-23</eventDateTime>
            <agentType>machine</agentType>
            <agent>Migration ETANOT</agent>
         </maintenanceEvent>
         <maintenanceEvent>
            <eventType>revised</eventType>
            <eventDateTime>2013-10-16</eventDateTime>
            <agentType>human</agentType>
            <agent>Marie-Françoise LIMON-BONNET</agent>
         </maintenanceEvent>
         <maintenanceEvent>
            <eventType>revised</eventType>
            <eventDateTime>2014-10-08</eventDateTime>
            <agentType>human</agentType>
            <agent>Marie-Françoise LIMON-BONNET</agent>
            <eventDescription>F. Clavaud, 8 octobre 2014 : revu indexation fonction et tous les liens IR</eventDescription>
         </maintenanceEvent>
      </maintenanceHistory>
      <sources>
         <source>
            <descriptiveNote>
               <p>
                  <span style="bold">Voir : </span>
               </p>
               <p>Limon-Bonnet (M.-F.) [dir.], 
      <span style="italic">122 minutes d'histoire. Actes des notaires de Paris, XVIe-XXe siècle</span>, Paris, 2012, pp. 70-71. 
     </p>
               <p>
                  <span style="italic">Annuaire officiel du notariat 2012</span>, p. 1010. 
     </p>
            </descriptiveNote>
         </source>
      </sources>
   </control>
   <cpfDescription>
      <identity>
         <entityType>corporateBody</entityType>
         <nameEntry localType="autorisée" scriptCode="Latn" xml:lang="fre">
            <part>Etude XXXIII</part>
         </nameEntry>
         <nameEntry>
            <part>75022</part>
         </nameEntry>
         <nameEntry>
            <part>DELESALLE Benoît, DEPONDT Axel, ARSEGUEL-MEUNIER Isabelle et DELESALLE Thierry, SCP</part>
         </nameEntry>
      </identity>
      <description>
         <existDates>
            <dateRange>
               <fromDate standardDate="1498-01-01">1498</fromDate>
            </dateRange>
         </existDates>
         <places>
            <place>
               <placeRole>Lieu de Paris</placeRole>
               <placeEntry localType="nomLieu">26, avenue de l'Opéra, 75001 Paris</placeEntry>
               <placeEntry localType="voie" vocabularySource="d3nzcapw67--11kngt6tm1kob">Opéra (avenue de l')</placeEntry>
               <placeEntry localType="arrondissement_actuel"
                           vocabularySource="d3nyv8f3d4-ok53bz6domv3">01e arrondissement</placeEntry>
            </place>
         </places>
         <legalStatuses>
            <legalStatus>
               <term>office notarial</term>
            </legalStatus>
         </legalStatuses>
         <functions>
            <function>
               <term vocabularySource="d3nyui3o8w--11y7jgy8q3wnt">notaire à Paris</term>
               <dateRange>
                  <fromDate standardDate="1498-01-01">1498</fromDate>
               </dateRange>
            </function>
         </functions>
         <mandates>
            <mandate/>
         </mandates>
         <generalContext>
            <p>Les minutes de cette étude ont été versées aux Archives nationales (2013) jusqu'au 31 décembre 1938.</p>
         </generalContext>
         <biogHist>
            <p>Cette étude rassemble les minutes de plusieurs notaires établis rive gauche aux XVIe et XVIIe siècles, rue Saint Jacques et place Maubert (1498-1657), ainsi qu'un fonds dont les titulaires demeurent sur la place Saint-Eustache (1658-1690). L'étude s'installe ensuite rue Sainte-Avoie jusqu'en 1768, puis rue Saint-Martin jusqu'en 1810. Elle déménage alors boulevard Saint-Denis jusqu'en 1869 avant de s'établir boulevard de Strasbourg. Après un séjour rue de Metz, dans le Xe arrondissement, elle rejoint l'avenue de l'Opéra dans les années 1980. Lorsqu'elle est installée rive gauche, elle réunit une abondante clientèle de libraires, d'imprimeurs, de docteurs ès facultés diverses, de principaux et de maîtres de collèges, de messagers des différentes nations de l'Université, de compagnons de rivière et de cultivateurs de la proche banlieue. Du point de vue de l'histoire littéraire, cette étude est très précieuse : les membres de la Pléiade (Dorat, Baïf) y viennent fréquemment ; des inventaires de libraires renseignent sur la production de l'époque : livres classiques, livres religieux comme les 128000 volumes mentionnés lors de l'inventaire de la boutique du Pot d'étain et de la Limace, rue Saint-Jacques, après le décès de Louis Leroyer, ancêtre lointain de Molière (février 1528). Les maîtres et gouverneurs de l'Hôtel-Dieu et de l'hôpital des Incurables y passent, jusqu'à la Révolution, des actes concernant ces hôpitaux : baux de biens fonciers, marchés, acceptations de legs et donations ... Une école royale gratuite de dessin y raconte son histoire de 1768 à 1790. Les familles Phélypeaux, Rochechouart, Ponchasteau s'y rencontrent au XVIIe et XVIIIe siècle. Un genre d'acte peu répandu apparaît aux XIXe siècle : les cessions de brevet d'invention. </p>
            <p>Le Minutier central conserve les minutes de l'étude XXXIII à partir de l'année 1498.</p>
            <p>Les minutes de cette étude ont été versées aux Archives nationales (2013) jusqu'au 31 décembre 1938.</p>
         </biogHist>
      </description>
      <relations>
         <cpfRelation xmlns:xlink="http://www.w3.org/1999/xlink"
                      cpfRelationType="associative"
                      xlink:href="FRAN_NP_010377"
                      xlink:type="simple">
            <relationEntry>Vilcocq, Louis</relationEntry>
            <dateRange>
               <fromDate standardDate="1818-04-28">28 avril 1818</fromDate>
               <toDate standardDate="1832-05-18">18 mai 1832</toDate>
            </dateRange>
         </cpfRelation>
         <cpfRelation xmlns:xlink="http://www.w3.org/1999/xlink"
                      cpfRelationType="associative"
                      xlink:href="FRAN_NP_010946"
                      xlink:type="simple">
            <relationEntry>Planchat, Pierre</relationEntry>
            <dateRange>
               <fromDate standardDate="1845-09-17">17 septembre 1845</fromDate>
               <toDate standardDate="1873-08-08">8 août 1873</toDate>
            </dateRange>
         </cpfRelation>
         <cpfRelation xmlns:xlink="http://www.w3.org/1999/xlink"
                      cpfRelationType="associative"
                      xlink:href="FRAN_NP_010993"
                      xlink:type="simple">
            <relationEntry>Poultier, René</relationEntry>
            <dateRange>
               <fromDate standardDate="1756-01-24">24 janvier 1756</fromDate>
               <toDate standardDate="1779-11-13">13 novembre 1779</toDate>
            </dateRange>
         </cpfRelation>
         <cpfRelation xmlns:xlink="http://www.w3.org/1999/xlink"
                      cpfRelationType="associative"
                      xlink:href="FRAN_NP_011336"
                      xlink:type="simple">
            <relationEntry>Lamiral, Philippe</relationEntry>
            <dateRange>
               <fromDate standardDate="1555-05-13">13 mai 1555</fromDate>
               <toDate standardDate="1590-09-21">21 septembre 1590</toDate>
            </dateRange>
         </cpfRelation>
         <cpfRelation xmlns:xlink="http://www.w3.org/1999/xlink"
                      cpfRelationType="associative"
                      xlink:href="FRAN_NP_011529"
                      xlink:type="simple">
            <relationEntry>Lemoyne, Antoine</relationEntry>
            <dateRange>
               <fromDate standardDate="1608-01-01">1608</fromDate>
               <toDate standardDate="1613-12-31">1613</toDate>
            </dateRange>
         </cpfRelation>
         <cpfRelation xmlns:xlink="http://www.w3.org/1999/xlink"
                      cpfRelationType="associative"
                      xlink:href="FRAN_NP_011530"
                      xlink:type="simple">
            <relationEntry>Lemoyne, François</relationEntry>
            <dateRange>
               <fromDate standardDate="1614-01-01">1614</fromDate>
               <toDate standardDate="1639-12-31">1639</toDate>
            </dateRange>
         </cpfRelation>
         <cpfRelation xmlns:xlink="http://www.w3.org/1999/xlink"
                      cpfRelationType="associative"
                      xlink:href="FRAN_NP_011531"
                      xlink:type="simple">
            <relationEntry>Lemoyne, Olivier</relationEntry>
            <dateRange>
               <fromDate standardDate="1580-01-01">1580</fromDate>
               <toDate standardDate="1590-02-28">28 février 1590</toDate>
            </dateRange>
         </cpfRelation>
         <cpfRelation xmlns:xlink="http://www.w3.org/1999/xlink"
                      cpfRelationType="associative"
                      xlink:href="FRAN_NP_011532"
                      xlink:type="simple">
            <relationEntry>Lemoyne, Philippe</relationEntry>
            <dateRange>
               <fromDate standardDate="1640-01-01">1640</fromDate>
               <toDate standardDate="1676-10-15">15 octobre 1676</toDate>
            </dateRange>
         </cpfRelation>
         <cpfRelation xmlns:xlink="http://www.w3.org/1999/xlink"
                      cpfRelationType="associative"
                      xlink:href="FRAN_NP_011537"
                      xlink:type="simple">
            <relationEntry>Lenormand, Claude</relationEntry>
            <dateRange>
               <fromDate standardDate="1553-04-07">7 avril 1553</fromDate>
               <toDate standardDate="1558-07-06">6 juillet 1558</toDate>
            </dateRange>
         </cpfRelation>
         <cpfRelation xmlns:xlink="http://www.w3.org/1999/xlink"
                      cpfRelationType="associative"
                      xlink:href="FRAN_NP_012111"
                      xlink:type="simple">
            <relationEntry>Franquelin, Claude I</relationEntry>
            <dateRange>
               <fromDate standardDate="1576-01-01">1576</fromDate>
               <toDate standardDate="1579-12-31">1579</toDate>
            </dateRange>
         </cpfRelation>
         <cpfRelation xmlns:xlink="http://www.w3.org/1999/xlink"
                      cpfRelationType="associative"
                      xlink:href="FRAN_NP_012222"
                      xlink:type="simple">
            <relationEntry>David, René</relationEntry>
            <dateRange>
               <fromDate standardDate="1636-07-20">20 juillet 1636</fromDate>
               <toDate standardDate="1638-12-30">30 décembre 1638</toDate>
            </dateRange>
         </cpfRelation>
         <cpfRelation xmlns:xlink="http://www.w3.org/1999/xlink"
                      cpfRelationType="associative"
                      xlink:href="FRAN_NP_012223"
                      xlink:type="simple">
            <relationEntry>Delafon, Pierre</relationEntry>
            <dateRange>
               <fromDate standardDate="1885-08-12">12 août 1885</fromDate>
               <toDate standardDate="1920-10-29">29 octobre 1920</toDate>
            </dateRange>
         </cpfRelation>
         <cpfRelation xmlns:xlink="http://www.w3.org/1999/xlink"
                      cpfRelationType="associative"
                      xlink:href="FRAN_NP_012224"
                      xlink:type="simple">
            <relationEntry>Delesalle, Benoît</relationEntry>
            <dateRange>
               <fromDate standardDate="1992-05-20">20 mai 1992</fromDate>
            </dateRange>
         </cpfRelation>
         <cpfRelation xmlns:xlink="http://www.w3.org/1999/xlink"
                      cpfRelationType="associative"
                      xlink:href="FRAN_NP_013262"
                      xlink:type="simple">
            <relationEntry>Arseguel-Meunier, Isabelle</relationEntry>
            <dateRange>
               <fromDate standardDate="2005-05-18">18 mai 2005</fromDate>
            </dateRange>
         </cpfRelation>
         <cpfRelation xmlns:xlink="http://www.w3.org/1999/xlink"
                      cpfRelationType="associative"
                      xlink:href="FRAN_NP_011043"
                      xlink:type="simple">
            <relationEntry>Maheut, René</relationEntry>
            <dateRange>
               <fromDate standardDate="1637-07-01">1er juillet 1637</fromDate>
               <toDate standardDate="1657-12-30">30 décembre 1657</toDate>
            </dateRange>
         </cpfRelation>
         <cpfRelation xmlns:xlink="http://www.w3.org/1999/xlink"
                      cpfRelationType="associative"
                      xlink:href="FRAN_NP_012740"
                      xlink:type="simple">
            <relationEntry>Babinet, Hugues</relationEntry>
            <dateRange>
               <fromDate standardDate="1591-01-01">1591</fromDate>
               <toDate standardDate="1607-12-31">1607</toDate>
            </dateRange>
         </cpfRelation>
         <cpfRelation xmlns:xlink="http://www.w3.org/1999/xlink"
                      cpfRelationType="associative"
                      xlink:href="FRAN_NP_011876"
                      xlink:type="simple">
            <relationEntry>Gentien, Louis</relationEntry>
            <dateRange>
               <fromDate standardDate="1873-08-08">8 août 1873</fromDate>
               <toDate standardDate="1885-08-12">12 août 1885</toDate>
            </dateRange>
         </cpfRelation>
         <cpfRelation xmlns:xlink="http://www.w3.org/1999/xlink"
                      cpfRelationType="associative"
                      xlink:href="FRAN_NP_013001"
                      xlink:type="simple">
            <relationEntry>Bourgeois, Yves</relationEntry>
            <dateRange>
               <fromDate standardDate="1539-09-29">29 septembre 1539</fromDate>
               <toDate standardDate="1549-08-26">26 août 1549</toDate>
            </dateRange>
         </cpfRelation>
         <cpfRelation xmlns:xlink="http://www.w3.org/1999/xlink"
                      cpfRelationType="associative"
                      xlink:href="FRAN_NP_012098"
                      xlink:type="simple">
            <relationEntry>Fourestier, Claude-Pierre</relationEntry>
            <dateRange>
               <fromDate standardDate="1748-07-04">4 juillet 1748</fromDate>
               <toDate standardDate="1756-01-22">22 janvier 1756</toDate>
            </dateRange>
         </cpfRelation>
         <cpfRelation xmlns:xlink="http://www.w3.org/1999/xlink"
                      cpfRelationType="associative"
                      xlink:href="FRAN_NP_012019"
                      xlink:type="simple">
            <relationEntry>Fardeau, Catherin</relationEntry>
            <dateRange>
               <fromDate standardDate="1539-09-07">7 septembre 1539</fromDate>
               <toDate standardDate="1573-12-31">31 décembre 1573</toDate>
            </dateRange>
         </cpfRelation>
         <cpfRelation xmlns:xlink="http://www.w3.org/1999/xlink"
                      cpfRelationType="associative"
                      xlink:href="FRAN_NP_012021"
                      xlink:type="simple">
            <relationEntry>Fardeau, Nicolas</relationEntry>
            <dateRange>
               <fromDate standardDate="1574-01-01">1er janvier 1574</fromDate>
               <toDate standardDate="1596-11-15">15 novembre 1596</toDate>
            </dateRange>
         </cpfRelation>
         <cpfRelation xmlns:xlink="http://www.w3.org/1999/xlink"
                      cpfRelationType="associative"
                      xlink:href="FRAN_NP_012909"
                      xlink:type="simple">
            <relationEntry>Binois, Barthélémy</relationEntry>
            <dateRange>
               <fromDate standardDate="1719-05-05">5 mai 1719</fromDate>
               <toDate standardDate="1721-01-31">31 janvier 1721</toDate>
            </dateRange>
         </cpfRelation>
         <cpfRelation xmlns:xlink="http://www.w3.org/1999/xlink"
                      cpfRelationType="associative"
                      xlink:href="FRAN_NP_013146"
                      xlink:type="simple">
            <relationEntry>Arsouze, Jean Paul</relationEntry>
            <dateRange>
               <fromDate standardDate="1980-01-03">3 janvier 1980</fromDate>
               <toDate standardDate="2008-08-07">7 août 2008</toDate>
            </dateRange>
         </cpfRelation>
         <cpfRelation xmlns:xlink="http://www.w3.org/1999/xlink"
                      cpfRelationType="associative"
                      xlink:href="FRAN_NP_012945"
                      xlink:type="simple">
            <relationEntry>Bonnaire, Florestan</relationEntry>
            <dateRange>
               <fromDate standardDate="1832-05-18">18 mai 1832</fromDate>
               <toDate standardDate="1845-09-17">17 septembre 1845</toDate>
            </dateRange>
         </cpfRelation>
         <cpfRelation xmlns:xlink="http://www.w3.org/1999/xlink"
                      cpfRelationType="associative"
                      xlink:href="FRAN_NP_010692"
                      xlink:type="simple">
            <relationEntry>Robillard, Georges I</relationEntry>
            <dateRange>
               <fromDate standardDate="1658-02-02">2 février 1658</fromDate>
               <toDate standardDate="1661-04-09">9 avril 1661</toDate>
            </dateRange>
         </cpfRelation>
         <cpfRelation xmlns:xlink="http://www.w3.org/1999/xlink"
                      cpfRelationType="associative"
                      xlink:href="FRAN_NP_010715"
                      xlink:type="simple">
            <relationEntry>Roger, Olivier</relationEntry>
            <dateRange>
               <fromDate standardDate="1560-11-29">29 novembre 1560</fromDate>
               <toDate standardDate="1575-10-26">26 octobre 1575</toDate>
            </dateRange>
         </cpfRelation>
         <cpfRelation xmlns:xlink="http://www.w3.org/1999/xlink"
                      cpfRelationType="associative"
                      xlink:href="FRAN_NP_012795"
                      xlink:type="simple">
            <relationEntry>Baudouin, Pierre</relationEntry>
            <dateRange>
               <fromDate standardDate="1721-05-01">1er mai 1721</fromDate>
               <toDate standardDate="1729-03-20">20 mars 1729</toDate>
            </dateRange>
         </cpfRelation>
         <cpfRelation xmlns:xlink="http://www.w3.org/1999/xlink"
                      cpfRelationType="associative"
                      xlink:href="FRAN_NP_011904"
                      xlink:type="simple">
            <relationEntry>Girard, Toussaint</relationEntry>
            <dateRange>
               <fromDate standardDate="1779-11-13">13 novembre 1779</fromDate>
               <toDate standardDate="1794-02-11">11 février 1794</toDate>
            </dateRange>
         </cpfRelation>
         <cpfRelation xmlns:xlink="http://www.w3.org/1999/xlink"
                      cpfRelationType="associative"
                      xlink:href="FRAN_NP_011958"
                      xlink:type="simple">
            <relationEntry>Grelet, Joseph</relationEntry>
            <dateRange>
               <fromDate standardDate="1794-08-13">13 août 1794</fromDate>
               <toDate standardDate="1818-04-28">28 avril 1818</toDate>
            </dateRange>
         </cpfRelation>
         <cpfRelation xmlns:xlink="http://www.w3.org/1999/xlink"
                      cpfRelationType="associative"
                      xlink:href="FRAN_NP_013263"
                      xlink:type="simple">
            <relationEntry>Pavela, Valérie</relationEntry>
            <dateRange>
               <fromDate standardDate="2005-05-18">18 mai 2005</fromDate>
               <toDate standardDate="2010-10-18">18 octobre 2010</toDate>
            </dateRange>
         </cpfRelation>
         <cpfRelation xmlns:xlink="http://www.w3.org/1999/xlink"
                      cpfRelationType="associative"
                      xlink:href="FRAN_NP_012225"
                      xlink:type="simple">
            <relationEntry>Delesalle, Léon</relationEntry>
            <dateRange>
               <fromDate standardDate="1956-06-12">12 juin 1956</fromDate>
               <toDate standardDate="1992-04-20">20 avril 1992</toDate>
            </dateRange>
         </cpfRelation>
         <cpfRelation xmlns:xlink="http://www.w3.org/1999/xlink"
                      cpfRelationType="associative"
                      xlink:href="FRAN_NP_012226"
                      xlink:type="simple">
            <relationEntry>Delesalle, Thierry</relationEntry>
            <dateRange>
               <fromDate standardDate="1992-05-20">20 mai 1992</fromDate>
            </dateRange>
         </cpfRelation>
         <cpfRelation xmlns:xlink="http://www.w3.org/1999/xlink"
                      cpfRelationType="associative"
                      xlink:href="FRAN_NP_012227"
                      xlink:type="simple">
            <relationEntry>Depondt, Axel</relationEntry>
            <dateRange>
               <fromDate standardDate="1980-01-03">3 janvier 1980</fromDate>
            </dateRange>
         </cpfRelation>
         <cpfRelation xmlns:xlink="http://www.w3.org/1999/xlink"
                      cpfRelationType="associative"
                      xlink:href="FRAN_NP_012541"
                      xlink:type="simple">
            <relationEntry>Chauveau, Ismaël Paul Gaston</relationEntry>
            <dateRange>
               <fromDate standardDate="1920-10-29">29 octobre 1920</fromDate>
               <toDate standardDate="1956-06-12">12 juin 1956</toDate>
            </dateRange>
         </cpfRelation>
         <cpfRelation xmlns:xlink="http://www.w3.org/1999/xlink"
                      cpfRelationType="associative"
                      xlink:href="FRAN_NP_012542"
                      xlink:type="simple">
            <relationEntry>Chuppin, Jean</relationEntry>
            <dateRange>
               <fromDate standardDate="1661-04-19">19 avril 1661</fromDate>
               <toDate standardDate="1690-08-05">5 août 1690</toDate>
            </dateRange>
         </cpfRelation>
         <cpfRelation xmlns:xlink="http://www.w3.org/1999/xlink"
                      cpfRelationType="associative"
                      xlink:href="FRAN_NP_012543"
                      xlink:type="simple">
            <relationEntry>Courtois, François</relationEntry>
            <dateRange>
               <fromDate standardDate="1689-02-08">8 février 1689</fromDate>
               <toDate standardDate="1719-03-30">30 mars 1719</toDate>
            </dateRange>
         </cpfRelation>
         <cpfRelation xmlns:xlink="http://www.w3.org/1999/xlink"
                      cpfRelationType="associative"
                      xlink:href="FRAN_NP_012544"
                      xlink:type="simple">
            <relationEntry>Cressé, Nicolas</relationEntry>
            <dateRange>
               <fromDate standardDate="1597-04-01">1er avril 1597</fromDate>
               <toDate standardDate="1626-02-26">26 février 1626</toDate>
            </dateRange>
         </cpfRelation>
         <cpfRelation xmlns:xlink="http://www.w3.org/1999/xlink"
                      cpfRelationType="associative"
                      xlink:href="FRAN_NP_012545"
                      xlink:type="simple">
            <relationEntry>Cressé, Pierre</relationEntry>
            <dateRange>
               <fromDate standardDate="1626-03-23">23 mars 1626</fromDate>
               <toDate standardDate="1636-07-12">12 juillet 1636</toDate>
            </dateRange>
         </cpfRelation>
         <cpfRelation xmlns:xlink="http://www.w3.org/1999/xlink"
                      cpfRelationType="associative"
                      xlink:href="FRAN_NP_012546"
                      xlink:type="simple">
            <relationEntry>Crestiennot, Dominique</relationEntry>
            <dateRange>
               <fromDate standardDate="1729-03-23">23 mars 1729</fromDate>
               <toDate standardDate="1748-07-01">1er juillet 1748</toDate>
            </dateRange>
         </cpfRelation>
         <cpfRelation xmlns:xlink="http://www.w3.org/1999/xlink"
                      cpfRelationType="associative"
                      xlink:href="FRAN_NP_012547"
                      xlink:type="simple">
            <relationEntry>Crozon, Jean</relationEntry>
            <dateRange>
               <fromDate standardDate="1498-08-09">9 août 1498</fromDate>
               <toDate standardDate="1528-05-13">13 mai 1528</toDate>
            </dateRange>
         </cpfRelation>
         <cpfRelation xmlns:xlink="http://www.w3.org/1999/xlink"
                      cpfRelationType="associative"
                      xlink:href="FRAN_NP_012548"
                      xlink:type="simple">
            <relationEntry>Crozon, Pierre</relationEntry>
            <dateRange>
               <fromDate standardDate="1517-03-27">27 mars 1517</fromDate>
               <toDate standardDate="1530-12-10">10 décembre 1530</toDate>
            </dateRange>
         </cpfRelation>
         <cpfRelation xmlns:xlink="http://www.w3.org/1999/xlink"
                      cpfRelationType="associative"
                      xlink:href="FRAN_NP_013432"
                      xlink:type="simple">
            <relationEntry>Rabeyroux, Marie-Caroline</relationEntry>
            <dateRange>
               <fromDate standardDate="2009-09-02">2 septembre 2009</fromDate>
            </dateRange>
         </cpfRelation>
         <cpfRelation xmlns:xlink="http://www.w3.org/1999/xlink"
                      cpfRelationType="associative"
                      xlink:href="FRAN_NP_013544"
                      xlink:type="simple">
            <relationEntry>Gazagne, Marie-Christine</relationEntry>
            <dateRange>
               <fromDate standardDate="2012-02-17">17 février 2012</fromDate>
            </dateRange>
         </cpfRelation>
         <resourceRelation xmlns:xlink="http://www.w3.org/1999/xlink"
                           resourceRelationType="creatorOf"
                           xlink:href="FRAN_IR_051907"
                           xlink:type="simple">
            <relationEntry localType="archival">Images des répertoires du notaire Dominique Crestiennot pour l'étude XXXIII</relationEntry>
         </resourceRelation>
         <resourceRelation xmlns:xlink="http://www.w3.org/1999/xlink"
                           resourceRelationType="creatorOf"
                           xlink:href="FRAN_IR_051901"
                           xlink:type="simple">
            <relationEntry localType="archival">Images des répertoires du notaire Joseph Grelet pour l'étude XXXIII</relationEntry>
         </resourceRelation>
         <resourceRelation xmlns:xlink="http://www.w3.org/1999/xlink"
                           resourceRelationType="creatorOf"
                           xlink:href="FRAN_IR_051899"
                           xlink:type="simple">
            <relationEntry localType="archival">Images des répertoires du notaire Louis Gentien pour l'étude XXXIII</relationEntry>
         </resourceRelation>
         <resourceRelation xmlns:xlink="http://www.w3.org/1999/xlink"
                           resourceRelationType="creatorOf"
                           xlink:href="FRAN_IR_051893"
                           xlink:type="simple">
            <relationEntry localType="archival">Images des répertoires du notaire Louis Vilcocq pour l'étude XXXIII</relationEntry>
         </resourceRelation>
         <resourceRelation xmlns:xlink="http://www.w3.org/1999/xlink"
                           resourceRelationType="creatorOf"
                           xlink:href="FRAN_IR_051894"
                           xlink:type="simple">
            <relationEntry localType="archival">Images des répertoires du notaire Pierre Planchat pour l'étude XXXIII</relationEntry>
         </resourceRelation>
         <resourceRelation xmlns:xlink="http://www.w3.org/1999/xlink"
                           resourceRelationType="creatorOf"
                           xlink:href="FRAN_IR_051900"
                           xlink:type="simple">
            <relationEntry localType="archival">Images des répertoires du notaire Toussaint Girard pour l'étude XXXIII</relationEntry>
         </resourceRelation>
         <resourceRelation xmlns:xlink="http://www.w3.org/1999/xlink"
                           resourceRelationType="creatorOf"
                           xlink:href="FRAN_IR_051909"
                           xlink:type="simple">
            <relationEntry localType="archival">Images du répertoire du notaire Barthélémy Binois pour l'étude XXXIII</relationEntry>
         </resourceRelation>
         <resourceRelation xmlns:xlink="http://www.w3.org/1999/xlink"
                           resourceRelationType="creatorOf"
                           xlink:href="FRAN_IR_051902"
                           xlink:type="simple">
            <relationEntry localType="archival">Images du répertoire du notaire Claude Pierre Fourestier pour l'étude XXXIII</relationEntry>
         </resourceRelation>
         <resourceRelation xmlns:xlink="http://www.w3.org/1999/xlink"
                           resourceRelationType="creatorOf"
                           xlink:href="FRAN_IR_050934"
                           xlink:type="simple">
            <relationEntry localType="archival">«Mélanges» (dossiers de clients) de l’étude XXXIII. MC/ET/XXXIII/1148 (1838-1840)</relationEntry>
         </resourceRelation>
         <resourceRelation xmlns:xlink="http://www.w3.org/1999/xlink"
                           resourceRelationType="creatorOf"
                           xlink:href="FRAN_IR_041876"
                           xlink:type="simple">
            <relationEntry localType="archival">Minutes et répertoires du notaire Jean CROZON, 30 juillet 1498 - 1521 (étude XXXIII)</relationEntry>
         </resourceRelation>
         <resourceRelation xmlns:xlink="http://www.w3.org/1999/xlink"
                           resourceRelationType="creatorOf"
                           xlink:href="FRAN_IR_041878"
                           xlink:type="simple">
            <relationEntry localType="archival">Minutes et répertoires du notaire Yves BOURGEOIS, 20 septembre 1539 - 26 août 1549 (étude XXXIII)</relationEntry>
         </resourceRelation>
         <resourceRelation xmlns:xlink="http://www.w3.org/1999/xlink"
                           resourceRelationType="creatorOf"
                           xlink:href="FRAN_IR_041884"
                           xlink:type="simple">
            <relationEntry localType="archival">Minutes et répertoires du notaire Claude LENORMAND, 7 avril 1553 - 6 juillet 1558 (étude XXXIII)</relationEntry>
         </resourceRelation>
         <resourceRelation xmlns:xlink="http://www.w3.org/1999/xlink"
                           resourceRelationType="creatorOf"
                           xlink:href="FRAN_IR_041890"
                           xlink:type="simple">
            <relationEntry localType="archival">Minutes et répertoires du notaire Olivier ROGER, 29 novembre 1560 - 26 octobre 1575 (étude XXXIII)</relationEntry>
         </resourceRelation>
         <resourceRelation xmlns:xlink="http://www.w3.org/1999/xlink"
                           resourceRelationType="creatorOf"
                           xlink:href="FRAN_IR_041879"
                           xlink:type="simple">
            <relationEntry localType="archival">Minutes et répertoires du notaire Catherin FARDEAU, 7 septembre 1539 - 1573 (étude XXXIII)</relationEntry>
         </resourceRelation>
         <resourceRelation xmlns:xlink="http://www.w3.org/1999/xlink"
                           resourceRelationType="creatorOf"
                           xlink:href="FRAN_IR_041880"
                           xlink:type="simple">
            <relationEntry localType="archival">Minutes et répertoires du notaire Catherin FARDEAU, 7 septembre 1539 - 20 avril 1549 (étude XXXIII)</relationEntry>
         </resourceRelation>
         <resourceRelation xmlns:xlink="http://www.w3.org/1999/xlink"
                           resourceRelationType="creatorOf"
                           xlink:href="FRAN_IR_041881"
                           xlink:type="simple">
            <relationEntry localType="archival">Minutes et répertoires du notaire Catherin FARDEAU, 23 avril 1549 - 25 mars 1559 (étude XXXIII)</relationEntry>
         </resourceRelation>
         <resourceRelation xmlns:xlink="http://www.w3.org/1999/xlink"
                           resourceRelationType="creatorOf"
                           xlink:href="FRAN_IR_041882"
                           xlink:type="simple">
            <relationEntry localType="archival">Minutes et répertoires du notaire Catherin FARDEAU, 28 mars 1559 - 1568 (étude XXXIII)</relationEntry>
         </resourceRelation>
         <resourceRelation xmlns:xlink="http://www.w3.org/1999/xlink"
                           resourceRelationType="creatorOf"
                           xlink:href="FRAN_IR_041883"
                           xlink:type="simple">
            <relationEntry localType="archival">Minutes et répertoires du notaire Catherin FARDEAU, 1569 - 1573 (étude XXXIII)</relationEntry>
         </resourceRelation>
         <resourceRelation xmlns:xlink="http://www.w3.org/1999/xlink"
                           resourceRelationType="creatorOf"
                           xlink:href="FRAN_IR_041891"
                           xlink:type="simple">
            <relationEntry localType="archival">Minutes et répertoires du notaire Olivier LEMOYNE, 3 octobre 1578 - 14 février 1590 (étude XXXIII)</relationEntry>
         </resourceRelation>
         <resourceRelation xmlns:xlink="http://www.w3.org/1999/xlink"
                           resourceRelationType="creatorOf"
                           xlink:href="FRAN_IR_041893"
                           xlink:type="simple">
            <relationEntry localType="archival">Minutes et répertoires du notaire Hugues BABINET, 2 mars 1590 - 1607 (étude XXXIII)</relationEntry>
         </resourceRelation>
         <resourceRelation xmlns:xlink="http://www.w3.org/1999/xlink"
                           resourceRelationType="creatorOf"
                           xlink:href="FRAN_IR_041895"
                           xlink:type="simple">
            <relationEntry localType="archival">Minutes et répertoires du notaire Antoine LEMOYNE, 1608 - novembre 1613 (étude XXXIII)</relationEntry>
         </resourceRelation>
         <resourceRelation xmlns:xlink="http://www.w3.org/1999/xlink"
                           resourceRelationType="creatorOf"
                           xlink:href="FRAN_IR_041896"
                           xlink:type="simple">
            <relationEntry localType="archival">Minutes et répertoires du notaire François LEMOYNE, 1614 - 4 novembre 1639 (étude XXXIII)</relationEntry>
         </resourceRelation>
         <resourceRelation xmlns:xlink="http://www.w3.org/1999/xlink"
                           resourceRelationType="creatorOf"
                           xlink:href="FRAN_IR_041898"
                           xlink:type="simple">
            <relationEntry localType="archival">Minutes et répertoires du notaire Philippe LEMOYNE, 1640 - 4 septembre 1676 (étude XXXIII)</relationEntry>
         </resourceRelation>
         <resourceRelation xmlns:xlink="http://www.w3.org/1999/xlink"
                           resourceRelationType="creatorOf"
                           xlink:href="FRAN_IR_041897"
                           xlink:type="simple">
            <relationEntry localType="archival">Minutes et répertoires du notaire Jean CHUPPIN, 19 avril 1661 - 5 août 1690 (étude XXXIII)</relationEntry>
         </resourceRelation>
         <resourceRelation xmlns:xlink="http://www.w3.org/1999/xlink"
                           resourceRelationType="creatorOf"
                           xlink:href="FRAN_IR_041903"
                           xlink:type="simple">
            <relationEntry localType="archival">Minutes et répertoires du notaire François COURTOIS, 8 février 1689 - 15 avril 1719 (étude XXXIII)</relationEntry>
         </resourceRelation>
         <resourceRelation xmlns:xlink="http://www.w3.org/1999/xlink"
                           resourceRelationType="creatorOf"
                           xlink:href="FRAN_IR_041892"
                           xlink:type="simple">
            <relationEntry localType="archival">Minutes et répertoires du notaire Nicolas FARDEAU, 1574 - 15 novembre 1596 (étude XXXIII)</relationEntry>
         </resourceRelation>
         <resourceRelation xmlns:xlink="http://www.w3.org/1999/xlink"
                           resourceRelationType="creatorOf"
                           xlink:href="FRAN_IR_041894"
                           xlink:type="simple">
            <relationEntry localType="archival">Minutes et répertoires du notaire Nicolas CRESSÉ, 3 avril 1597 - décembre 1625 (étude XXXIII)</relationEntry>
         </resourceRelation>
         <resourceRelation xmlns:xlink="http://www.w3.org/1999/xlink"
                           resourceRelationType="creatorOf"
                           xlink:href="FRAN_IR_041899"
                           xlink:type="simple">
            <relationEntry localType="archival">Minutes et répertoires du notaire Pierre CRESSÉ, 23 mars 1626 - 12 juillet 1636 (étude XXXIII)</relationEntry>
         </resourceRelation>
         <resourceRelation xmlns:xlink="http://www.w3.org/1999/xlink"
                           resourceRelationType="creatorOf"
                           xlink:href="FRAN_IR_041900"
                           xlink:type="simple">
            <relationEntry localType="archival">Minutes et répertoires du notaire René DAVID, 30 juillet 1636 - juin 1638 (étude XXXIII)</relationEntry>
         </resourceRelation>
         <resourceRelation xmlns:xlink="http://www.w3.org/1999/xlink"
                           resourceRelationType="creatorOf"
                           xlink:href="FRAN_IR_041901"
                           xlink:type="simple">
            <relationEntry localType="archival">Minutes et répertoires du notaire René MAHEUT, 1638 - 30 décembre 1657 (étude XXXIII)</relationEntry>
         </resourceRelation>
         <resourceRelation xmlns:xlink="http://www.w3.org/1999/xlink"
                           resourceRelationType="creatorOf"
                           xlink:href="FRAN_IR_041886"
                           xlink:type="simple">
            <relationEntry localType="archival">Minutes et répertoires du notaire Philippe LAMIRAL, 23 avril 1555 - 12 décembre 1577 (étude XXXIII)</relationEntry>
         </resourceRelation>
         <resourceRelation xmlns:xlink="http://www.w3.org/1999/xlink"
                           resourceRelationType="creatorOf"
                           xlink:href="FRAN_IR_041885"
                           xlink:type="simple">
            <relationEntry localType="archival">Minutes et répertoires du notaire Philippe LAMIRAL, 23 avril 1555 - 25 septembre 1590 (étude XXXIII)</relationEntry>
         </resourceRelation>
         <resourceRelation xmlns:xlink="http://www.w3.org/1999/xlink"
                           resourceRelationType="creatorOf"
                           xlink:href="FRAN_IR_041887"
                           xlink:type="simple">
            <relationEntry localType="archival">Minutes et répertoires du notaire Philippe LAMIRAL, 24 avril 1565 - 1577 (étude XXXIII)</relationEntry>
         </resourceRelation>
         <resourceRelation xmlns:xlink="http://www.w3.org/1999/xlink"
                           resourceRelationType="creatorOf"
                           xlink:href="FRAN_IR_041888"
                           xlink:type="simple">
            <relationEntry localType="archival">Minutes et répertoires du notaire Philippe LAMIRAL, 1575 - février 1585 (étude XXXIII)</relationEntry>
         </resourceRelation>
         <resourceRelation xmlns:xlink="http://www.w3.org/1999/xlink"
                           resourceRelationType="creatorOf"
                           xlink:href="FRAN_IR_041889"
                           xlink:type="simple">
            <relationEntry localType="archival">Minutes et répertoires du notaire Philippe LAMIRAL, 1585 - 25 septembre 1590 (étude XXXIII)</relationEntry>
         </resourceRelation>
         <resourceRelation xmlns:xlink="http://www.w3.org/1999/xlink"
                           resourceRelationType="creatorOf"
                           xlink:href="FRAN_IR_041902"
                           xlink:type="simple">
            <relationEntry localType="archival">Minutes et répertoires du notaire Georges I ROBILLARD, 2 février 1658 - 9 avril 1661 (étude XXXIII)</relationEntry>
         </resourceRelation>
         <resourceRelation xmlns:xlink="http://www.w3.org/1999/xlink"
                           resourceRelationType="creatorOf"
                           xlink:href="FRAN_IR_041905"
                           xlink:type="simple">
            <relationEntry localType="archival">Minutes et répertoires du notaire Barthélémy BINOIS, 5 mai 1719 - 21 février 1721 (étude XXXIII)</relationEntry>
         </resourceRelation>
         <resourceRelation xmlns:xlink="http://www.w3.org/1999/xlink"
                           resourceRelationType="creatorOf"
                           xlink:href="FRAN_IR_041904"
                           xlink:type="simple">
            <relationEntry localType="archival">Minutes et répertoires du notaire Pierre BAUDOUIN, mars 1721 - 20 mars 1729 (étude XXXIII)</relationEntry>
         </resourceRelation>
         <resourceRelation xmlns:xlink="http://www.w3.org/1999/xlink"
                           resourceRelationType="creatorOf"
                           xlink:href="FRAN_IR_041906"
                           xlink:type="simple">
            <relationEntry localType="archival">Minutes et répertoires du notaire Dominique CRESTIENNOT, 23 mars 1729 - 1er juillet 1748 (étude XXXIII)</relationEntry>
         </resourceRelation>
         <resourceRelation xmlns:xlink="http://www.w3.org/1999/xlink"
                           resourceRelationType="creatorOf"
                           xlink:href="FRAN_IR_041907"
                           xlink:type="simple">
            <relationEntry localType="archival">Minutes et répertoires du notaire Claude Pierre FOURESTIER, 4 juillet 1748 - 22 janvier 1756 (étude XXXIII)</relationEntry>
         </resourceRelation>
         <resourceRelation xmlns:xlink="http://www.w3.org/1999/xlink"
                           resourceRelationType="creatorOf"
                           xlink:href="FRAN_IR_041908"
                           xlink:type="simple">
            <relationEntry localType="archival">Minutes et répertoires du notaire René POULTIER, 24 janvier 1756 - 11 novembre 1779 (étude XXXIII)</relationEntry>
         </resourceRelation>
         <resourceRelation xmlns:xlink="http://www.w3.org/1999/xlink"
                           resourceRelationType="creatorOf"
                           xlink:href="FRAN_IR_041909"
                           xlink:type="simple">
            <relationEntry localType="archival">Minutes et répertoires du notaire Toussaint GIRARD, 13 novembre 1779 - 18 février 1794 (étude XXXIII)</relationEntry>
         </resourceRelation>
         <resourceRelation xmlns:xlink="http://www.w3.org/1999/xlink"
                           resourceRelationType="creatorOf"
                           xlink:href="FRAN_IR_041910"
                           xlink:type="simple">
            <relationEntry localType="archival">Minutes et répertoires du notaire Joseph GRELET, 18 août 1794 - 28 avril 1818 (étude XXXIII)</relationEntry>
         </resourceRelation>
         <resourceRelation xmlns:xlink="http://www.w3.org/1999/xlink"
                           resourceRelationType="creatorOf"
                           xlink:href="FRAN_IR_041911"
                           xlink:type="simple">
            <relationEntry localType="archival">Minutes et répertoires du notaire Louis VILCOCQ, 29 avril 1818 - 17 mai 1832 (étude XXXIII)</relationEntry>
         </resourceRelation>
         <resourceRelation xmlns:xlink="http://www.w3.org/1999/xlink"
                           resourceRelationType="creatorOf"
                           xlink:href="FRAN_IR_041912"
                           xlink:type="simple">
            <relationEntry localType="archival">Minutes et répertoires du notaire Florestan BONNAIRE, 18 mai 1832 - 16 septembre 1845 (étude XXXIII)</relationEntry>
         </resourceRelation>
         <resourceRelation xmlns:xlink="http://www.w3.org/1999/xlink"
                           resourceRelationType="creatorOf"
                           xlink:href="FRAN_IR_041913"
                           xlink:type="simple">
            <relationEntry localType="archival">Minutes et répertoires du notaire Pierre PLANCHAT, 17 septembre 1845 - 7 août 1873 (étude XXXIII)</relationEntry>
         </resourceRelation>
         <resourceRelation xmlns:xlink="http://www.w3.org/1999/xlink"
                           resourceRelationType="creatorOf"
                           xlink:href="FRAN_IR_041914"
                           xlink:type="simple">
            <relationEntry localType="archival">Minutes et répertoires du notaire Louis GENTIEN, 8 août 1873 - 12 août 1885 (étude XXXIII)</relationEntry>
         </resourceRelation>
         <resourceRelation xmlns:xlink="http://www.w3.org/1999/xlink"
                           resourceRelationType="creatorOf"
                           xlink:href="FRAN_IR_041915"
                           xlink:type="simple">
            <relationEntry localType="archival">Minutes et répertoires du notaire Pierre DELAFON, 13 août 1885 - 28 octobre 1920 (étude XXXIII)</relationEntry>
         </resourceRelation>
         <resourceRelation xmlns:xlink="http://www.w3.org/1999/xlink"
                           resourceRelationType="creatorOf"
                           xlink:href="FRAN_IR_041875"
                           xlink:type="simple">
            <relationEntry localType="archival">Archives de l'étude XXXIII</relationEntry>
         </resourceRelation>
         <resourceRelation xmlns:xlink="http://www.w3.org/1999/xlink"
                           resourceRelationType="creatorOf"
                           xlink:href="FRAN_IR_050153"
                           xlink:type="simple">
            <relationEntry localType="archival">Minutes et répertoires du notaire Ismaël Paul Gaston CHAUVEAU, 29 octobre 1920 - 31 décembre 1938 (étude XXXIII)</relationEntry>
         </resourceRelation>
         <resourceRelation xmlns:xlink="http://www.w3.org/1999/xlink"
                           resourceRelationType="creatorOf"
                           xlink:href="FRAN_IR_041877"
                           xlink:type="simple">
            <relationEntry localType="archival">Minutes et répertoires du notaire Pierre CROZON, 27 mars 1517 - 5 mars 1532 (étude XXXIII)</relationEntry>
         </resourceRelation>
         <resourceRelation xmlns:xlink="http://www.w3.org/1999/xlink"
                           resourceRelationType="creatorOf"
                           xlink:href="FRAN_IR_050517"
                           xlink:type="simple">
            <relationEntry localType="archival">«Mélanges» (dossiers de clients) de l’étude XVII. MC/ET/XVII/1135-MC/ET/XVII/1137 (1377-1862)</relationEntry>
         </resourceRelation>
         <resourceRelation xmlns:xlink="http://www.w3.org/1999/xlink"
                           resourceRelationType="creatorOf"
                           xlink:href="FRAN_IR_054292"
                           xlink:type="simple">
            <relationEntry localType="archival">Images des répertoires du notaire François Lemoyne pour l'étude XXXIII</relationEntry>
         </resourceRelation>
         <resourceRelation xmlns:xlink="http://www.w3.org/1999/xlink"
                           resourceRelationType="creatorOf"
                           xlink:href="FRAN_IR_054294"
                           xlink:type="simple">
            <relationEntry localType="archival">Images des répertoires du notaire Philippe Lemoyne pour l'étude XXXIII</relationEntry>
         </resourceRelation>
         <resourceRelation xmlns:xlink="http://www.w3.org/1999/xlink"
                           resourceRelationType="creatorOf"
                           xlink:href="FRAN_IR_054315"
                           xlink:type="simple">
            <relationEntry localType="archival">Images des répertoires du notaire Jean Chuppin pour l'étude XXXIII</relationEntry>
         </resourceRelation>
         <resourceRelation xmlns:xlink="http://www.w3.org/1999/xlink"
                           resourceRelationType="creatorOf"
                           xlink:href="FRAN_IR_054318"
                           xlink:type="simple">
            <relationEntry localType="archival">Images des répertoires du notaire François Courtois pour l'étude XXXIII</relationEntry>
         </resourceRelation>
         <resourceRelation xmlns:xlink="http://www.w3.org/1999/xlink"
                           resourceRelationType="creatorOf"
                           xlink:href="FRAN_IR_053545"
                           xlink:type="simple">
            <relationEntry localType="archival">Images des répertoires du notaire Nicolas Cressé pour l'étude XXXIII</relationEntry>
         </resourceRelation>
         <resourceRelation xmlns:xlink="http://www.w3.org/1999/xlink"
                           resourceRelationType="creatorOf"
                           xlink:href="FRAN_IR_053114"
                           xlink:type="simple">
            <relationEntry localType="archival">Images des répertoires du notaire Philippe Lamiral pour l'étude XXXIII</relationEntry>
         </resourceRelation>
         <resourceRelation xmlns:xlink="http://www.w3.org/1999/xlink"
                           resourceRelationType="creatorOf"
                           xlink:href="FRAN_IR_056157"
                           xlink:type="simple">
            <relationEntry localType="archival">Images du répertoire du notaire Pierre Baudouin pour l'étude XXXIII</relationEntry>
         </resourceRelation>
         <resourceRelation xmlns:xlink="http://www.w3.org/1999/xlink"
                           resourceRelationType="creatorOf"
                           xlink:href="FRAN_IR_054278"
                           xlink:type="simple">
            <relationEntry localType="archival">Images des répertoires du notaire René Poultier pour l'étude XXXIII</relationEntry>
         </resourceRelation>
         <resourceRelation xmlns:xlink="http://www.w3.org/1999/xlink"
                           resourceRelationType="creatorOf"
                           xlink:href="FRAN_IR_056159"
                           xlink:type="simple">
            <relationEntry localType="archival">Images des répertoires du notaire Florestan Bonnaire pour l'étude XXXIII</relationEntry>
         </resourceRelation>
         <resourceRelation xmlns:xlink="http://www.w3.org/1999/xlink"
                           resourceRelationType="creatorOf"
                           xlink:href="FRAN_IR_056165"
                           xlink:type="simple">
            <relationEntry localType="archival">Images des répertoires du notaire Pierre Delafon pour l'étude XXXIII</relationEntry>
         </resourceRelation>
      </relations>
   </cpfDescription>
</eac-cpf>
