<eac-cpf xmlns="urn:isbn:1-931666-33-4"
         xmlns:xsi="http://www.w3.org/2001/XMLSchema-instance"
         xsi:schemaLocation="urn:isbn:1-931666-33-4 cpf.xsd">
   <control>
      <recordId>FRAN_NP_009807</recordId>
      <maintenanceStatus>revised</maintenanceStatus>
      <maintenanceAgency>
         <agencyName>Archives nationales de France</agencyName>
      </maintenanceAgency>
      <languageDeclaration>
         <language languageCode="fre">Français</language>
         <script scriptCode="Latn"/>
      </languageDeclaration>
      <conventionDeclaration>
         <citation>Notice établie conformément à la norme ICA-ISAAR (CPF) 2004, aux normes ISO 8601 pour le système de normalisation des dates utilisé, ainsi que AFNOR NF Z 44-061, juin 1986. Catalogage : forme et structure des vedettes noms de personne, des vedettes titres, des rubriques de classement et des titres forgés.</citation>
      </conventionDeclaration>
      <localControl localType="niveau_de_detail">
         <term>Complète</term>
      </localControl>
      <maintenanceHistory>
         <maintenanceEvent>
            <eventType>derived</eventType>
            <eventDateTime>2013-04-23</eventDateTime>
            <agentType>machine</agentType>
            <agent>Import_SIA</agent>
         </maintenanceEvent>
         <maintenanceEvent>
            <eventType>revised</eventType>
            <eventDateTime>2016-03-08</eventDateTime>
            <agentType>human</agentType>
            <agent>Marine ZELVERTE</agent>
            <eventDescription/>
         </maintenanceEvent>
         <maintenanceEvent>
            <eventType>updated</eventType>
            <eventDateTime>2017-03-17</eventDateTime>
            <agentType>human</agentType>
            <agent>Marine ZELVERTE</agent>
         </maintenanceEvent>
         <maintenanceEvent>
            <eventType>updated</eventType>
            <eventDateTime>2017-03-22</eventDateTime>
            <agentType>human</agentType>
            <agent>Mission.referentiels MISSION.REFERENTIELS</agent>
            <eventDescription>F. Clavaud, 22 mars : ajouté les liens d'association fonctionnelle</eventDescription>
         </maintenanceEvent>
      </maintenanceHistory>
      <sources>
         <source>
            <descriptiveNote>
               <p>Site du ministère de la Culture et de la Communication (http://www.culturecommunication.gouv.fr/Politiques-ministerielles/Livre-et-Lecture/Service-du-Livre-et-de-la-Lecture/Le-Departement-des-Ressources-et-de-l-Action-territoriale)</p>
               <p>Organigramme du service du Livre et de la Lecture</p>
               <p>Journal Officiel de la République française</p>
            </descriptiveNote>
         </source>
      </sources>
   </control>
   <cpfDescription>
      <identity>
         <entityType>corporateBody</entityType>
         <nameEntry localType="autorisée" scriptCode="Latn" xml:lang="fre">
            <part>France. Service du Livre et de la Lecture. Département des ressources et de l'action territoriale. Bureau des moyens et des territoires (2012-....)</part>
         </nameEntry>
      </identity>
      <description>
         <existDates>
            <dateRange>
               <fromDate standardDate="2012-03-01">1er mars 2012</fromDate>
            </dateRange>
         </existDates>
         <legalStatuses>
            <legalStatus>
               <term vocabularySource="d5blonaxbw--1mt8t42bokzts">service d'administration centrale</term>
            </legalStatus>
         </legalStatuses>
         <functions>
            <function>
               <term vocabularySource="d3nyug92d2--81fv3kv7ow8s">aide de l'Etat</term>
            </function>
            <function>
               <term vocabularySource="d699mt04l2e-11irz3oq76rim">contrôle de gestion</term>
            </function>
            <function>
               <term vocabularySource="d3nyuhebkg-a4o80yedjeb">documentation</term>
            </function>
            <function>
               <term vocabularySource="d5bhvii5wk-c5ead6thqj5l">exécution budgétaire</term>
            </function>
            <function>
               <term vocabularySource="d5bhvijcl3--1u6l4sy8b51az">préparation budgétaire</term>
            </function>
            <function>
               <term vocabularySource="d3nyuilwmi-zu0efiq3ap4v">tutelle</term>
            </function>
         </functions>
         <mandates>
            <mandate>
               <descriptiveNote>
                  <p>Arrêté du 19 janvier 2012 modifiant l'arrêté du 17 novembre 2009 relatif aux missions et à l'organisation de la direction générale des médias et des industries culturelles (art. 1) (https://www.legifrance.gouv.fr/eli/arrete/2012/1/19/MCCB1130198A/jo/texte)</p>
               </descriptiveNote>
            </mandate>
         </mandates>
         <biogHist>
            <p>
               <span style="underline">Historique :</span>
            </p>
            <p>Le bureau des moyens et des territoires est créé au sein du département des ressources et de l'action territoriale (service du Livre et de la Lecture) par l'article 1 l'arrêté du 19 janvier 2012 (publié au Journal Officiel le 29 février) qui modifie l'arrêté du 17 novembre 2009 et réorganise la direction générale des Médias et des Industries culturelles (DGMIC).</p>
            <p/>
            <p>
               <span style="underline">Missions :</span>
            </p>
            <p>Le bureau des moyens et des territoires est chargé :</p>
            <list>
               <item>de la fonction budgétaire au service du Livre et de la Lecture : exécution financière, appui aux départements métiers, contrôle de gestion ;</item>
               <item>de l'action régionale : animation du réseau des conseillers livre et lecture des DRAC ; préparation et suivi des conférences budgétaires des DRAC, répartition des crédits déconcentrés ; élaboration de documentation en matière de livre et lecture pour le niveau déconcentré ; interface entre le service du Livre et de la Lecture et les associations d'élus ; instruction des dossiers de subventions ;</item>
               <item>de la mise en oeuvre de la tutelle sur la Bibliothèque nationale de france, la Bibliothèque publique d'information et le Centre national du Livre (budget, allocation et suivi de la ressource, analyse de l'exécution, préparation et suivi des conseils d'administration, suivi des contrats de performance, questions réglementaires). </item>
            </list>
         </biogHist>
      </description>
      <relations>
         <cpfRelation xmlns:xlink="http://www.w3.org/1999/xlink"
                      cpfRelationType="hierarchical-parent"
                      xlink:href="FRAN_NP_009802"
                      xlink:type="simple">
            <relationEntry>France. Direction générale des Médias et des Industries culturelles. Service du Livre et de la Lecture. Département des ressources et de l'action territoriale (2012-....)</relationEntry>
            <dateRange>
               <fromDate standardDate="2012-03-01">1er mars 2012</fromDate>
            </dateRange>
            <descriptiveNote>
               <p>@isPartOf@</p>
            </descriptiveNote>
         </cpfRelation>
         <cpfRelation xmlns:xlink="http://www.w3.org/1999/xlink"
                      cpfRelationType="associative"
                      xlink:href="FRAN_NP_005338"
                      xlink:type="simple">
            <relationEntry>Département de l'action territoriale (ministère de la Culture et de la Communication)</relationEntry>
            <dateRange>
               <fromDate standardDate="2012-03-01">1er mars 2012</fromDate>
            </dateRange>
            <descriptiveNote>
               <p>isFunctionnallyLinkedTo</p>
            </descriptiveNote>
         </cpfRelation>
         <cpfRelation xmlns:xlink="http://www.w3.org/1999/xlink"
                      cpfRelationType="associative"
                      xlink:href="FRAN_NP_005075"
                      xlink:type="simple">
            <relationEntry>Centre national du livre (France)</relationEntry>
            <dateRange>
               <fromDate standardDate="2012-03-01">1er mars 2012</fromDate>
            </dateRange>
            <descriptiveNote>
               <p>@isFunctionnallyLinkedTo@ exercice de la tutelle en ce qui concerne le budget</p>
            </descriptiveNote>
         </cpfRelation>
         <cpfRelation xmlns:xlink="http://www.w3.org/1999/xlink"
                      cpfRelationType="associative"
                      xlink:href="FRAN_NP_051355"
                      xlink:type="simple">
            <relationEntry>Bibliothèque nationale de France (1994-....)</relationEntry>
            <dateRange>
               <fromDate standardDate="2012-03-01">1er mars 2012</fromDate>
            </dateRange>
            <descriptiveNote>
               <p>
     @isFunctionnallyLinkedTo@
    </p>
            </descriptiveNote>
         </cpfRelation>
         <cpfRelation xmlns:xlink="http://www.w3.org/1999/xlink"
                      cpfRelationType="associative"
                      xlink:href="FRAN_NP_005422"
                      xlink:type="simple">
            <relationEntry>Bibliothèque publique d'information (Paris)</relationEntry>
            <dateRange>
               <fromDate standardDate="2012-03-01">1er mars 2012</fromDate>
            </dateRange>
            <descriptiveNote>
               <p>@isFunctionnallyLinkedTo@ exercice de la tutelle en ce qui concerne le budget</p>
            </descriptiveNote>
         </cpfRelation>
      </relations>
   </cpfDescription>
</eac-cpf>
