<eac-cpf xmlns="urn:isbn:1-931666-33-4"
         xmlns:xsi="http://www.w3.org/2001/XMLSchema-instance"
         xsi:schemaLocation="urn:isbn:1-931666-33-4 cpf.xsd">
   <control>
      <recordId>FRAN_NP_009803</recordId>
      <maintenanceStatus>revised</maintenanceStatus>
      <maintenanceAgency>
         <agencyName>Archives nationales de France</agencyName>
      </maintenanceAgency>
      <languageDeclaration>
         <language languageCode="fre">Français</language>
         <script scriptCode="Latn"/>
      </languageDeclaration>
      <conventionDeclaration>
         <citation>Notice établie conformément à la norme ICA-ISAAR (CPF) 2004, aux normes ISO 8601 pour le système de normalisation des dates utilisé, ainsi que AFNOR NF Z 44-061, juin 1986. Catalogage : forme et structure des vedettes noms de personne, des vedettes titres, des rubriques de classement et des titres forgés.</citation>
      </conventionDeclaration>
      <localControl localType="niveau_de_detail">
         <term>Complète</term>
      </localControl>
      <maintenanceHistory>
         <maintenanceEvent>
            <eventType>derived</eventType>
            <eventDateTime>2013-04-23</eventDateTime>
            <agentType>machine</agentType>
            <agent>Import_SIA</agent>
         </maintenanceEvent>
         <maintenanceEvent>
            <eventType>revised</eventType>
            <eventDateTime>2016-03-08</eventDateTime>
            <agentType>human</agentType>
            <agent>Marine ZELVERTE</agent>
            <eventDescription/>
         </maintenanceEvent>
         <maintenanceEvent>
            <eventType>updated</eventType>
            <eventDateTime>2017-03-17</eventDateTime>
            <agentType>human</agentType>
            <agent>Marine ZELVERTE</agent>
         </maintenanceEvent>
         <maintenanceEvent>
            <eventType>updated</eventType>
            <eventDateTime>2017-03-22</eventDateTime>
            <agentType>human</agentType>
            <agent>Mission.referentiels MISSION.REFERENTIELS</agent>
            <eventDescription>F. Clavaud, 22 mars 2017 : ajouté lien d'association</eventDescription>
         </maintenanceEvent>
      </maintenanceHistory>
      <sources>
         <source>
            <descriptiveNote>
               <p>Site du ministère de la Culture et de la Communication (http://www.culturecommunication.gouv.fr/Politiques-ministerielles/Livre-et-Lecture/Service-du-Livre-et-de-la-Lecture/Le-Departement-des-Bibliotheques)</p>
               <p>Organigramme du service du Livre et de la Lecture</p>
               <p>Journal Officiel de la République française</p>
            </descriptiveNote>
         </source>
      </sources>
   </control>
   <cpfDescription>
      <identity>
         <entityType>corporateBody</entityType>
         <nameEntry localType="autorisée" scriptCode="Latn" xml:lang="fre">
            <part>France. Service du Livre et de la Lecture. Département des bibliothèques. Bureau de la lecture publique (2012-....)</part>
         </nameEntry>
      </identity>
      <description>
         <existDates>
            <dateRange>
               <fromDate standardDate="2012-03-01">1er mars 2012</fromDate>
            </dateRange>
         </existDates>
         <legalStatuses>
            <legalStatus>
               <term vocabularySource="d5blonaxbw--1mt8t42bokzts">service d'administration centrale</term>
            </legalStatus>
         </legalStatuses>
         <functions>
            <function>
               <term vocabularySource="d3nyug92d2--81fv3kv7ow8s">aide de l'Etat</term>
            </function>
            <function>
               <term vocabularySource="d3nyuilwmi-zu0efiq3ap4v">tutelle</term>
            </function>
         </functions>
         <mandates>
            <mandate>
               <descriptiveNote>
                  <p>Arrêté du 19 janvier 2012 modifiant l'arrêté du 17 novembre 2009 relatif aux missions et à l'organisation de la direction générale des médias et des industries culturelles (art. 1) (https://www.legifrance.gouv.fr/eli/arrete/2012/1/19/MCCB1130198A/jo/texte)</p>
               </descriptiveNote>
            </mandate>
         </mandates>
         <biogHist>
            <p>
               <span style="underline">Historique :</span>
            </p>
            <p>Le bureau de la lecture publique est créé au sein du département des bibliothèques (service du Livre et de la Lecture) par l'article 1 de l'arrêté du 19 janvier 2012 (publié au Journal Officiel le 29 février) qui modifie l'arrêté du 17 novembre 2009 et réorganise la direction générale des Médias et des Industries culturelles (DGMIC).</p>
            <p/>
            <p>
               <span style="underline">Missions :</span>
            </p>
            <p>Le bureau de la lecture publique est chargé :</p>
            <list>
               <item>du suivi du développement des bibliothèques publiques en France ;</item>
               <item>de l'exercice de la tutelle sur la Bibliothèque publique d'information (Bpi), en collaboration avec le département des ressources et de l'action territoriale ;</item>
               <item>du suivi des politiques de développement de la lecture (publics...) et des politiques nationales de lecture publique (liens SLL/DRAC, contrats territoire lecture, programme d'extension des horaires d'ouverture…) ;</item>
               <item>de la politique de lecture publique en direction des publics empêchés (publics handicapés, lecture à l'hôpital, lecture en milieu pénitentiaire...) ;</item>
               <item>de la politique de lecture publique en direction des publics jeunes ; </item>
               <item>de projets immobiliers ; </item>
               <item>de l'instruction des subventions et du suivi administratif du concours de la dotation générale de décentralisation (DGD) ; </item>
               <item>du suivi des dossiers liés aux ressources numériques.</item>
            </list>
         </biogHist>
      </description>
      <relations>
         <cpfRelation xmlns:xlink="http://www.w3.org/1999/xlink"
                      cpfRelationType="hierarchical-parent"
                      xlink:href="FRAN_NP_009801"
                      xlink:type="simple">
            <relationEntry>France. Direction générale des Médias et des Industries culturelles. Service du Livre et de la Lecture. Département des bibliothèques (2012-....)</relationEntry>
            <dateRange>
               <fromDate standardDate="2012-03-01">1er mars 2012</fromDate>
            </dateRange>
            <descriptiveNote>
               <p>@isPartOf@</p>
            </descriptiveNote>
         </cpfRelation>
         <cpfRelation xmlns:xlink="http://www.w3.org/1999/xlink"
                      cpfRelationType="associative"
                      xlink:href="FRAN_NP_005422"
                      xlink:type="simple">
            <relationEntry>Bibliothèque publique d'information (Paris)</relationEntry>
            <dateRange>
               <fromDate standardDate="2012-03-01">1er mars 2012</fromDate>
            </dateRange>
            <descriptiveNote>
               <p>@isFunctionnallyLinkedTo@</p>
            </descriptiveNote>
         </cpfRelation>
      </relations>
   </cpfDescription>
</eac-cpf>
