<eac-cpf xmlns="urn:isbn:1-931666-33-4"
         xmlns:xsi="http://www.w3.org/2001/XMLSchema-instance"
         xsi:schemaLocation="urn:isbn:1-931666-33-4 cpf.xsd">
   <control>
      <recordId>FRAN_NP_010142</recordId>
      <otherRecordId localType="Ancien_identifiant">FRDAFANCH00MC_NAETUDE_015</otherRecordId>
      <maintenanceStatus>revised</maintenanceStatus>
      <maintenanceAgency>
         <agencyName>Archives nationales de France</agencyName>
      </maintenanceAgency>
      <languageDeclaration>
         <language languageCode="fre">Français</language>
         <script scriptCode="Latn"/>
      </languageDeclaration>
      <conventionDeclaration>
         <citation>Notice établie conformément à la norme ICA-ISAAR (CPF) 2004, aux normes ISO 8601 pour le système de normalisation des dates utilisé, ainsi que AFNOR NF Z 44-061, juin 1986. Catalogage : forme et structure des vedettes noms de personne, des vedettes titres, des rubriques de classement et des titres forgés.</citation>
      </conventionDeclaration>
      <localControl localType="niveau_de_detail">
         <term>Complète</term>
      </localControl>
      <maintenanceHistory>
         <maintenanceEvent>
            <eventType>derived</eventType>
            <eventDateTime>2013-04-23</eventDateTime>
            <agentType>machine</agentType>
            <agent>Migration ETANOT</agent>
         </maintenanceEvent>
         <maintenanceEvent>
            <eventType>revised</eventType>
            <eventDateTime>2013-10-16</eventDateTime>
            <agentType>human</agentType>
            <agent>Marie-Françoise LIMON-BONNET</agent>
         </maintenanceEvent>
         <maintenanceEvent>
            <eventType>revised</eventType>
            <eventDateTime>2014-10-02</eventDateTime>
            <agentType>human</agentType>
            <agent>Marie-Françoise LIMON-BONNET</agent>
            <eventDescription>F. Clavaud, 2 octobre 2014 : revu tous les liens IR</eventDescription>
         </maintenanceEvent>
      </maintenanceHistory>
      <sources>
         <source>
            <descriptiveNote>
               <p>
                  <span style="bold">Voir : </span>
               </p>
               <p>Limon-Bonnet (M.-F.) [dir.], 
      <span style="italic">122 minutes d'histoire. Actes des notaires de Paris, XVIe-XXe siècle</span>, Paris, 2012, pp. 34-35. 
     </p>
               <p>
                  <span style="italic">Annuaire des notaires de France 2012</span>, p. 1022. 
     </p>
            </descriptiveNote>
         </source>
      </sources>
   </control>
   <cpfDescription>
      <identity>
         <entityType>corporateBody</entityType>
         <nameEntry localType="autorisée" scriptCode="Latn" xml:lang="fre">
            <part>Etude XV</part>
         </nameEntry>
         <nameEntry>
            <part>75194</part>
         </nameEntry>
         <nameEntry>
            <part>Lacourte et Associés</part>
         </nameEntry>
         <nameEntry>
            <part>LACOURTE Bertrand, VINCENT Frédéric et LEFEVRE Pierre, SELAS</part>
         </nameEntry>
      </identity>
      <description>
         <existDates>
            <dateRange>
               <fromDate standardDate="1593-01-01">1593</fromDate>
            </dateRange>
         </existDates>
         <places>
            <place>
               <placeRole>Lieu de Paris</placeRole>
               <placeEntry localType="nomLieu">54, avenue Victor-Hugo</placeEntry>
               <placeEntry localType="arrondissement_actuel"
                           vocabularySource="d3nyv8l7vr--1oyxkw6yfemf2">16e arrondissement</placeEntry>
               <placeEntry localType="voie" vocabularySource="d3nzdp9uu3-fs4ssc259qwn">Victor-Hugo (avenue)</placeEntry>
            </place>
         </places>
         <legalStatuses>
            <legalStatus>
               <term>office notarial</term>
            </legalStatus>
         </legalStatuses>
         <functions>
            <function>
               <term vocabularySource="d3nyui3o8w--11y7jgy8q3wnt">notaire à Paris</term>
               <dateRange>
                  <fromDate standardDate="1593-01-01">1593</fromDate>
                  <toDate/>
               </dateRange>
            </function>
         </functions>
         <mandates>
            <mandate/>
         </mandates>
         <generalContext>
            <p>Les minutes de cette étude ont été versées aux Archives nationales (2013) jusqu'au 31 décembre 1938, mais elles ne sont pas encore cotées. Leur communication en salle de lecture n'est donc pas encore possible.</p>
         </generalContext>
         <biogHist>
            <p>De 1593 à 1767, cette étude demeure dans le quartier des Halles, rue Comtesse-d'Artois, puis rue Tiquetonne. Elle se transporte alors rue de Bourbon (1775-1837), avant de se fixer rue Croix-des-Petits-Champs en 1838 où elle se maintient jusqu'au lendemain de la Seconde Guerre mondiale. Elle s'installe rue de Liège en 1949. En 1973, son titulaire la fusionne avec les études XL et LIII ; elle emménage alors avenue Victor-Hugo, où elle se trouve toujours. En sa maison de la Licorne, rue Comtesse-d'Artois, Me Richard Cuvillier accueille, à la fin du XVIe siècle et au début du XVIIe siècle, la troupe des Comédiens du roi, qui, dirigée par Valeran Le Comte, représente à l'hôtel de Bourgogne. C'est aussi lui qui, en février 1608, reçoit Pierre Du Gua de Monts, qui engage charpentiers, jardiniers, serruriers, bûcherons et maçons pour l'expédition de Québec. Le voisinage des Halles conduit à l'étude de nombreux marchands de toutes sortes, dont certains s'occupent du ravitaillement de maisons princières ou de celle du roi. Michel Desprez, dont la clientèle reste fortement influencée par le quartier, reçoit cependant des clients inattendus : Jean Hoeufft, commissaire des Provinces-Unies, y a son testament et son inventaire après décès (juillet 1657) ; les habitants de Cayenne s'y associent (9 février 1665) ; Hippolyte Centurione, un Vénitien, y fait déposer son testament (13 février 1687) ; tout comme Don Juan, prince de Valdina, mort à Palerme (30 septembre 1701). Cette étude reçoit un nombre significatif d'actes de constitution de rente au XVIIIe siècle. Les comédiens italiens sont fidèles à l'étude, au XVIIe comme au XVIIIe siècle, et tout aussi fidèle, parmi bien d'autres, le maréchal Suchet, duc d'Albuféra, la fréquente jusqu'à son décès (inventaire d'août 1826). En 1851, le ministère des Finances (Enregistrement et Domaines) était client de cette étude, ainsi que la Caisse des dépôts et consignations. Le Minutier central conserve les minutes de l'étude XV à partir de l'année 1594.</p>
         </biogHist>
      </description>
      <relations>
         <cpfRelation xmlns:xlink="http://www.w3.org/1999/xlink"
                      cpfRelationType="associative"
                      xlink:href="FRAN_NP_010314"
                      xlink:type="simple">
            <relationEntry>Wallut, Patrick</relationEntry>
            <dateRange>
               <fromDate standardDate="1976-12-29">29 décembre 1976</fromDate>
               <toDate standardDate="1984-05-09">9 mai 1984</toDate>
            </dateRange>
         </cpfRelation>
         <cpfRelation xmlns:xlink="http://www.w3.org/1999/xlink"
                      cpfRelationType="associative"
                      xlink:href="FRAN_NP_010367"
                      xlink:type="simple">
            <relationEntry>Videcoq, Edmond Joseph Antoine</relationEntry>
            <dateRange>
               <fromDate standardDate="1911-03-02">2 mars 1911</fromDate>
               <toDate standardDate="1949-05-25">25 mai 1949</toDate>
            </dateRange>
         </cpfRelation>
         <cpfRelation xmlns:xlink="http://www.w3.org/1999/xlink"
                      cpfRelationType="associative"
                      xlink:href="FRAN_NP_010951"
                      xlink:type="simple">
            <relationEntry>Plicque, Maurice Adrien</relationEntry>
            <dateRange>
               <fromDate standardDate="1886-07-16">16 juillet 1886</fromDate>
               <toDate standardDate="1911-03-02">2 mars 1911</toDate>
            </dateRange>
         </cpfRelation>
         <cpfRelation xmlns:xlink="http://www.w3.org/1999/xlink"
                      cpfRelationType="associative"
                      xlink:href="FRAN_NP_011299"
                      xlink:type="simple">
            <relationEntry>Magnard, Valérie</relationEntry>
            <dateRange>
               <fromDate standardDate="2005-07-26">26 juillet 2005</fromDate>
            </dateRange>
         </cpfRelation>
         <cpfRelation xmlns:xlink="http://www.w3.org/1999/xlink"
                      cpfRelationType="associative"
                      xlink:href="FRAN_NP_011300"
                      xlink:type="simple">
            <relationEntry>Lacourte, Bruno</relationEntry>
            <dateRange>
               <fromDate standardDate="1976-11-10">10 novembre 1976</fromDate>
               <toDate standardDate="1994-03-04">4 mars 1994</toDate>
            </dateRange>
         </cpfRelation>
         <cpfRelation xmlns:xlink="http://www.w3.org/1999/xlink"
                      cpfRelationType="associative"
                      xlink:href="FRAN_NP_011301"
                      xlink:type="simple">
            <relationEntry>Lacourte, Jacques</relationEntry>
            <dateRange>
               <fromDate standardDate="1949-05-25">25 mai 1949</fromDate>
               <toDate standardDate="1989-02-22">22 février 1989</toDate>
            </dateRange>
         </cpfRelation>
         <cpfRelation xmlns:xlink="http://www.w3.org/1999/xlink"
                      cpfRelationType="associative"
                      xlink:href="FRAN_NP_011302"
                      xlink:type="simple">
            <relationEntry>Lacourte, Thierry</relationEntry>
            <dateRange>
               <fromDate standardDate="1976-11-10">10 novembre 1976</fromDate>
               <toDate standardDate="1985-01-30">30 janvier 1985</toDate>
            </dateRange>
         </cpfRelation>
         <cpfRelation xmlns:xlink="http://www.w3.org/1999/xlink"
                      cpfRelationType="associative"
                      xlink:href="FRAN_NP_011482"
                      xlink:type="simple">
            <relationEntry>Lefevre, Guy</relationEntry>
            <dateRange>
               <fromDate standardDate="1989-02-22">22 février 1989</fromDate>
               <toDate standardDate="1999-12-31">1999</toDate>
            </dateRange>
         </cpfRelation>
         <cpfRelation xmlns:xlink="http://www.w3.org/1999/xlink"
                      cpfRelationType="associative"
                      xlink:href="FRAN_NP_011484"
                      xlink:type="simple">
            <relationEntry>Lefevre, Pierre</relationEntry>
            <dateRange>
               <fromDate standardDate="1989-02-22">22 février 1989</fromDate>
            </dateRange>
         </cpfRelation>
         <cpfRelation xmlns:xlink="http://www.w3.org/1999/xlink"
                      cpfRelationType="associative"
                      xlink:href="FRAN_NP_013244"
                      xlink:type="simple">
            <relationEntry>Sollier, Anne-Magdeleine</relationEntry>
            <dateRange>
               <fromDate standardDate="2003-11-05">5 novembre 2003</fromDate>
               <toDate standardDate="2006-12-31">2006</toDate>
            </dateRange>
         </cpfRelation>
         <cpfRelation xmlns:xlink="http://www.w3.org/1999/xlink"
                      cpfRelationType="associative"
                      xlink:href="FRAN_NP_010438"
                      xlink:type="simple">
            <relationEntry>Thierrion, Louis-Narcisse</relationEntry>
            <dateRange>
               <fromDate standardDate="1773-06-26">26 juin 1773</fromDate>
               <toDate standardDate="1781-01-25">25 janvier 1781</toDate>
            </dateRange>
         </cpfRelation>
         <cpfRelation xmlns:xlink="http://www.w3.org/1999/xlink"
                      cpfRelationType="associative"
                      xlink:href="FRAN_NP_010387"
                      xlink:type="simple">
            <relationEntry>Vincent, Frédéric</relationEntry>
            <dateRange>
               <fromDate standardDate="1976-11-10">10 novembre 1976</fromDate>
            </dateRange>
         </cpfRelation>
         <cpfRelation xmlns:xlink="http://www.w3.org/1999/xlink"
                      cpfRelationType="associative"
                      xlink:href="FRAN_NP_013327"
                      xlink:type="simple">
            <relationEntry>Lacourte, Bertrand</relationEntry>
            <dateRange>
               <fromDate standardDate="1977-07-13">13 juillet 1977</fromDate>
            </dateRange>
         </cpfRelation>
         <cpfRelation xmlns:xlink="http://www.w3.org/1999/xlink"
                      cpfRelationType="associative"
                      xlink:href="FRAN_NP_012860"
                      xlink:type="simple">
            <relationEntry>Bercy, Raymond</relationEntry>
            <dateRange>
               <fromDate standardDate="1973-04-18">18 avril 1973</fromDate>
               <toDate standardDate="1990-07-06">6 juillet 1990</toDate>
            </dateRange>
         </cpfRelation>
         <cpfRelation xmlns:xlink="http://www.w3.org/1999/xlink"
                      cpfRelationType="associative"
                      xlink:href="FRAN_NP_012934"
                      xlink:type="simple">
            <relationEntry>Boidin, Florence</relationEntry>
            <dateRange>
               <fromDate standardDate="1991-03-27">27 mars 1991</fromDate>
               <toDate standardDate="1996-12-31">1996</toDate>
            </dateRange>
         </cpfRelation>
         <cpfRelation xmlns:xlink="http://www.w3.org/1999/xlink"
                      cpfRelationType="associative"
                      xlink:href="FRAN_NP_013159"
                      xlink:type="simple">
            <relationEntry>Aubron, Yves Jean</relationEntry>
            <dateRange>
               <fromDate standardDate="1973-04-18">18 avril 1973</fromDate>
               <toDate standardDate="1991-03-27">27 mars 1991</toDate>
            </dateRange>
         </cpfRelation>
         <cpfRelation xmlns:xlink="http://www.w3.org/1999/xlink"
                      cpfRelationType="temporal-earlier"
                      xlink:href="FRAN_NP_010180"
                      xlink:type="simple">
            <relationEntry>Etude LIII</relationEntry>
            <dateRange>
               <fromDate standardDate="1973-01-01">1973</fromDate>
            </dateRange>
         </cpfRelation>
         <cpfRelation xmlns:xlink="http://www.w3.org/1999/xlink"
                      cpfRelationType="temporal-earlier"
                      xlink:href="FRAN_NP_010167"
                      xlink:type="simple">
            <relationEntry>Etude XL</relationEntry>
            <dateRange>
               <fromDate standardDate="1973-01-01">1973</fromDate>
            </dateRange>
         </cpfRelation>
         <cpfRelation xmlns:xlink="http://www.w3.org/1999/xlink"
                      cpfRelationType="associative"
                      xlink:href="FRAN_NP_012016"
                      xlink:type="simple">
            <relationEntry>Falcoz, Jean Louis</relationEntry>
            <dateRange>
               <fromDate standardDate="1991-03-27">27 mars 1991</fromDate>
               <toDate standardDate="1995-10-03">3 octobre 1995</toDate>
            </dateRange>
         </cpfRelation>
         <cpfRelation xmlns:xlink="http://www.w3.org/1999/xlink"
                      cpfRelationType="associative"
                      xlink:href="FRAN_NP_010697"
                      xlink:type="simple">
            <relationEntry>Robin, Gustave</relationEntry>
            <dateRange>
               <fromDate standardDate="1862-01-02">2 janvier 1862</fromDate>
               <toDate standardDate="1886-07-16">16 juillet 1886</toDate>
            </dateRange>
         </cpfRelation>
         <cpfRelation xmlns:xlink="http://www.w3.org/1999/xlink"
                      cpfRelationType="associative"
                      xlink:href="FRAN_NP_011827"
                      xlink:type="simple">
            <relationEntry>Gaillardie, Mathieu</relationEntry>
            <dateRange>
               <fromDate standardDate="1694-08-26">26 août 1694</fromDate>
               <toDate standardDate="1727-07-09">9 juillet 1727</toDate>
            </dateRange>
         </cpfRelation>
         <cpfRelation xmlns:xlink="http://www.w3.org/1999/xlink"
                      cpfRelationType="associative"
                      xlink:href="FRAN_NP_010393"
                      xlink:type="simple">
            <relationEntry>Visigny, Etienne-Alexandre de</relationEntry>
            <dateRange>
               <fromDate standardDate="1727-07-12">12 juillet 1727</fromDate>
               <toDate standardDate="1738-11-13">13 novembre 1738</toDate>
            </dateRange>
         </cpfRelation>
         <cpfRelation xmlns:xlink="http://www.w3.org/1999/xlink"
                      cpfRelationType="associative"
                      xlink:href="FRAN_NP_011909"
                      xlink:type="simple">
            <relationEntry>Girardin, Théodore</relationEntry>
            <dateRange>
               <fromDate standardDate="1781-01-30">30 janvier 1781</fromDate>
               <toDate standardDate="1793-11-26">26 novembre 1793</toDate>
            </dateRange>
         </cpfRelation>
         <cpfRelation xmlns:xlink="http://www.w3.org/1999/xlink"
                      cpfRelationType="associative"
                      xlink:href="FRAN_NP_011080"
                      xlink:type="simple">
            <relationEntry>Marechal, Christian</relationEntry>
            <dateRange>
               <fromDate standardDate="1985-01-30">30 janvier 1985</fromDate>
               <toDate standardDate="2005-05-24">24 mai 2005</toDate>
            </dateRange>
         </cpfRelation>
         <cpfRelation xmlns:xlink="http://www.w3.org/1999/xlink"
                      cpfRelationType="associative"
                      xlink:href="FRAN_NP_013230"
                      xlink:type="simple">
            <relationEntry>Gomez, Didier</relationEntry>
            <dateRange>
               <fromDate standardDate="2003-11-05">5 novembre 2003</fromDate>
            </dateRange>
         </cpfRelation>
         <cpfRelation xmlns:xlink="http://www.w3.org/1999/xlink"
                      cpfRelationType="associative"
                      xlink:href="FRAN_NP_011694"
                      xlink:type="simple">
            <relationEntry>Jourdain, Bernard Louis</relationEntry>
            <dateRange>
               <fromDate standardDate="1973-04-18">18 avril 1973</fromDate>
               <toDate standardDate="1996-12-19">19 décembre 1996</toDate>
            </dateRange>
         </cpfRelation>
         <cpfRelation xmlns:xlink="http://www.w3.org/1999/xlink"
                      cpfRelationType="associative"
                      xlink:href="FRAN_NP_012168"
                      xlink:type="simple">
            <relationEntry>Dequesne, Virginie</relationEntry>
            <dateRange>
               <fromDate standardDate="1999-09-01">1er septembre 1999</fromDate>
               <toDate standardDate="2000-12-03">3 décembre 2000</toDate>
            </dateRange>
         </cpfRelation>
         <cpfRelation xmlns:xlink="http://www.w3.org/1999/xlink"
                      cpfRelationType="associative"
                      xlink:href="FRAN_NP_012169"
                      xlink:type="simple">
            <relationEntry>Desgranges, Artus-Jean</relationEntry>
            <dateRange>
               <fromDate standardDate="1680-04-12">12 avril 1680</fromDate>
               <toDate standardDate="1694-08-04">4 août 1694</toDate>
            </dateRange>
         </cpfRelation>
         <cpfRelation xmlns:xlink="http://www.w3.org/1999/xlink"
                      cpfRelationType="associative"
                      xlink:href="FRAN_NP_012170"
                      xlink:type="simple">
            <relationEntry>Desprez, Michel</relationEntry>
            <dateRange>
               <fromDate standardDate="1631-01-08">8 janvier 1631</fromDate>
               <toDate standardDate="1666-02-17">17 février 1666</toDate>
            </dateRange>
         </cpfRelation>
         <cpfRelation xmlns:xlink="http://www.w3.org/1999/xlink"
                      cpfRelationType="associative"
                      xlink:href="FRAN_NP_012171"
                      xlink:type="simple">
            <relationEntry>Devin, Adrien</relationEntry>
            <dateRange>
               <fromDate standardDate="1666-02-20">20 février 1666</fromDate>
               <toDate standardDate="1680-03-16">16 mars 1680</toDate>
            </dateRange>
         </cpfRelation>
         <cpfRelation xmlns:xlink="http://www.w3.org/1999/xlink"
                      cpfRelationType="associative"
                      xlink:href="FRAN_NP_012489"
                      xlink:type="simple">
            <relationEntry>Chatelain, Auguste-Henri</relationEntry>
            <dateRange>
               <fromDate standardDate="1836-06-23">23 juin 1836</fromDate>
               <toDate standardDate="1862-01-02">2 janvier 1862</toDate>
            </dateRange>
         </cpfRelation>
         <cpfRelation xmlns:xlink="http://www.w3.org/1999/xlink"
                      cpfRelationType="associative"
                      xlink:href="FRAN_NP_012490"
                      xlink:type="simple">
            <relationEntry>Chodron, Claude</relationEntry>
            <dateRange>
               <fromDate standardDate="1794-08-19">19 août 1794</fromDate>
               <toDate standardDate="1836-06-23">23 juin 1836</toDate>
            </dateRange>
         </cpfRelation>
         <cpfRelation xmlns:xlink="http://www.w3.org/1999/xlink"
                      cpfRelationType="associative"
                      xlink:href="FRAN_NP_012491"
                      xlink:type="simple">
            <relationEntry>Chomel, Louis</relationEntry>
            <dateRange>
               <fromDate standardDate="1738-12-09">9 décembre 1738</fromDate>
               <toDate standardDate="1773-06-23">23 juin 1773</toDate>
            </dateRange>
         </cpfRelation>
         <cpfRelation xmlns:xlink="http://www.w3.org/1999/xlink"
                      cpfRelationType="associative"
                      xlink:href="FRAN_NP_012492"
                      xlink:type="simple">
            <relationEntry>Cuvillier, Richard</relationEntry>
            <dateRange>
               <fromDate standardDate="1593-08-27">27 août 1593</fromDate>
               <toDate standardDate="1630-10-08">8 octobre 1630</toDate>
            </dateRange>
         </cpfRelation>
         <resourceRelation xmlns:xlink="http://www.w3.org/1999/xlink"
                           resourceRelationType="creatorOf"
                           xlink:href="FRAN_IR_041437"
                           xlink:type="simple">
            <relationEntry localType="archival">Archives de l'étude XV</relationEntry>
         </resourceRelation>
         <resourceRelation xmlns:xlink="http://www.w3.org/1999/xlink"
                           resourceRelationType="creatorOf"
                           xlink:href="FRAN_IR_051810"
                           xlink:type="simple">
            <relationEntry localType="archival">Images des répertoires du notaire Auguste Henri Chatelain pour l'étude XV</relationEntry>
         </resourceRelation>
         <resourceRelation xmlns:xlink="http://www.w3.org/1999/xlink"
                           resourceRelationType="creatorOf"
                           xlink:href="FRAN_IR_051811"
                           xlink:type="simple">
            <relationEntry localType="archival">Images des répertoires du notaire Claude Chodron pour l'étude XV</relationEntry>
         </resourceRelation>
         <resourceRelation xmlns:xlink="http://www.w3.org/1999/xlink"
                           resourceRelationType="creatorOf"
                           xlink:href="FRAN_IR_051804"
                           xlink:type="simple">
            <relationEntry localType="archival">Images des répertoires du notaire Gustave Robin pour l'étude XV</relationEntry>
         </resourceRelation>
         <resourceRelation xmlns:xlink="http://www.w3.org/1999/xlink"
                           resourceRelationType="creatorOf"
                           xlink:href="FRAN_IR_051812"
                           xlink:type="simple">
            <relationEntry localType="archival">Images des répertoires du notaire Louis Chomel pour l'étude XV</relationEntry>
         </resourceRelation>
         <resourceRelation xmlns:xlink="http://www.w3.org/1999/xlink"
                           resourceRelationType="creatorOf"
                           xlink:href="FRAN_IR_051806"
                           xlink:type="simple">
            <relationEntry localType="archival">Images des répertoires du notaire Mathieu Gaillardie pour l'étude XV</relationEntry>
         </resourceRelation>
         <resourceRelation xmlns:xlink="http://www.w3.org/1999/xlink"
                           resourceRelationType="creatorOf"
                           xlink:href="FRAN_IR_051805"
                           xlink:type="simple">
            <relationEntry localType="archival">Images des répertoires du notaire Maurice Adrien Plicque pour l'étude XV</relationEntry>
         </resourceRelation>
         <resourceRelation xmlns:xlink="http://www.w3.org/1999/xlink"
                           resourceRelationType="creatorOf"
                           xlink:href="FRAN_IR_051808"
                           xlink:type="simple">
            <relationEntry localType="archival">Images des répertoires du notaire Théodore Girardin pour l'étude XV</relationEntry>
         </resourceRelation>
         <resourceRelation xmlns:xlink="http://www.w3.org/1999/xlink"
                           resourceRelationType="creatorOf"
                           xlink:href="FRAN_IR_051803"
                           xlink:type="simple">
            <relationEntry localType="archival">Images du répertoire du notaire Etienne Alexandre de Visigny pour l'étude XV</relationEntry>
         </resourceRelation>
         <resourceRelation xmlns:xlink="http://www.w3.org/1999/xlink"
                           resourceRelationType="creatorOf"
                           xlink:href="FRAN_IR_051802"
                           xlink:type="simple">
            <relationEntry localType="archival">Images du répertoire du notaire Louis Narcisse Thierrion pour l'étude XV</relationEntry>
         </resourceRelation>
         <resourceRelation xmlns:xlink="http://www.w3.org/1999/xlink"
                           resourceRelationType="creatorOf"
                           xlink:href="FRAN_IR_050350"
                           xlink:type="simple">
            <relationEntry localType="archival">«Mélanges» (dossiers de clients) de l’étude XV. MC/ET/XV/1574-MC/ET/XV/1581/A (1757-1827)</relationEntry>
         </resourceRelation>
         <resourceRelation xmlns:xlink="http://www.w3.org/1999/xlink"
                           resourceRelationType="creatorOf"
                           xlink:href="FRAN_IR_041438"
                           xlink:type="simple">
            <relationEntry localType="archival">Minutes et répertoires du notaire Richard CUVILLIER, 1594 - 1630 (étude XV)</relationEntry>
         </resourceRelation>
         <resourceRelation xmlns:xlink="http://www.w3.org/1999/xlink"
                           resourceRelationType="creatorOf"
                           xlink:href="FRAN_IR_041439"
                           xlink:type="simple">
            <relationEntry localType="archival">Minutes et répertoires du notaire Michel DESPREZ, 3 janvier 1631 - 17 février 1666 (étude XV)</relationEntry>
         </resourceRelation>
         <resourceRelation xmlns:xlink="http://www.w3.org/1999/xlink"
                           resourceRelationType="creatorOf"
                           xlink:href="FRAN_IR_041440"
                           xlink:type="simple">
            <relationEntry localType="archival">Minutes et répertoires du notaire Adrien DEVIN, 20 février 1666 - 16 mars 1680 (étude XV)</relationEntry>
         </resourceRelation>
         <resourceRelation xmlns:xlink="http://www.w3.org/1999/xlink"
                           resourceRelationType="creatorOf"
                           xlink:href="FRAN_IR_041442"
                           xlink:type="simple">
            <relationEntry localType="archival">Minutes et répertoires du notaire Artus Jean DESGRANGES, 12 avril 1680 - 4 août 1694 (étude XV)</relationEntry>
         </resourceRelation>
         <resourceRelation xmlns:xlink="http://www.w3.org/1999/xlink"
                           resourceRelationType="creatorOf"
                           xlink:href="FRAN_IR_041445"
                           xlink:type="simple">
            <relationEntry localType="archival">Minutes et répertoires du notaire Louis Narcisse THIERRION, 28 juin 1773 - 25 janvier 1781 (étude XV)</relationEntry>
         </resourceRelation>
         <resourceRelation xmlns:xlink="http://www.w3.org/1999/xlink"
                           resourceRelationType="creatorOf"
                           xlink:href="FRAN_IR_041443"
                           xlink:type="simple">
            <relationEntry localType="archival">Minutes et répertoires du notaire Théodore GIRARDIN, 30 janvier 1781 - 26 novembre 1793 (étude XV)</relationEntry>
         </resourceRelation>
         <resourceRelation xmlns:xlink="http://www.w3.org/1999/xlink"
                           resourceRelationType="creatorOf"
                           xlink:href="FRAN_IR_041447"
                           xlink:type="simple">
            <relationEntry localType="archival">Minutes et répertoires du notaire Claude CHODRON, 19 août 1794 - 22 juin 1836 (étude XV)</relationEntry>
         </resourceRelation>
         <resourceRelation xmlns:xlink="http://www.w3.org/1999/xlink"
                           resourceRelationType="creatorOf"
                           xlink:href="FRAN_IR_041448"
                           xlink:type="simple">
            <relationEntry localType="archival">Minutes et répertoires du notaire Claude CHODRON, 19 août 1794 - 21 janvier 1804 (étude XV)</relationEntry>
         </resourceRelation>
         <resourceRelation xmlns:xlink="http://www.w3.org/1999/xlink"
                           resourceRelationType="creatorOf"
                           xlink:href="FRAN_IR_041449"
                           xlink:type="simple">
            <relationEntry localType="archival">Minutes et répertoires du notaire Claude CHODRON, 22 janvier 1804 - décembre 1813 (étude XV)</relationEntry>
         </resourceRelation>
         <resourceRelation xmlns:xlink="http://www.w3.org/1999/xlink"
                           resourceRelationType="creatorOf"
                           xlink:href="FRAN_IR_041450"
                           xlink:type="simple">
            <relationEntry localType="archival">Minutes et répertoires du notaire Claude CHODRON, janvier 1814 - décembre 1823 (étude XV)</relationEntry>
         </resourceRelation>
         <resourceRelation xmlns:xlink="http://www.w3.org/1999/xlink"
                           resourceRelationType="creatorOf"
                           xlink:href="FRAN_IR_041451"
                           xlink:type="simple">
            <relationEntry localType="archival">Minutes et répertoires du notaire Claude CHODRON, janvier 1824 - décembre 1833 (étude XV)</relationEntry>
         </resourceRelation>
         <resourceRelation xmlns:xlink="http://www.w3.org/1999/xlink"
                           resourceRelationType="creatorOf"
                           xlink:href="FRAN_IR_041452"
                           xlink:type="simple">
            <relationEntry localType="archival">Minutes et répertoires du notaire Claude CHODRON, janvier 1834 - 22 juin 1836 (étude XV)</relationEntry>
         </resourceRelation>
         <resourceRelation xmlns:xlink="http://www.w3.org/1999/xlink"
                           resourceRelationType="creatorOf"
                           xlink:href="FRAN_IR_041453"
                           xlink:type="simple">
            <relationEntry localType="archival">Minutes et répertoires du notaire Auguste Henri CHATELAIN, 23 juin 1836 - décembre 1861 (étude XV)</relationEntry>
         </resourceRelation>
         <resourceRelation xmlns:xlink="http://www.w3.org/1999/xlink"
                           resourceRelationType="creatorOf"
                           xlink:href="FRAN_IR_041454"
                           xlink:type="simple">
            <relationEntry localType="archival">Minutes et répertoires du notaire Gustave ROBIN, 3 janvier 1862 - 15 juillet 1886 (étude XV)</relationEntry>
         </resourceRelation>
         <resourceRelation xmlns:xlink="http://www.w3.org/1999/xlink"
                           resourceRelationType="creatorOf"
                           xlink:href="FRAN_IR_041455"
                           xlink:type="simple">
            <relationEntry localType="archival">Minutes et répertoires du notaire Maurice Adrien PLICQUE, 17 juillet 1886 - 2 mars 1911 (étude XV)</relationEntry>
         </resourceRelation>
         <resourceRelation xmlns:xlink="http://www.w3.org/1999/xlink"
                           resourceRelationType="creatorOf"
                           xlink:href="FRAN_IR_041441"
                           xlink:type="simple">
            <relationEntry localType="archival">Minutes et répertoires du notaire Mathieu GAILLARDIE, 26 août 1694 - 9 juillet 1727 (étude XV)</relationEntry>
         </resourceRelation>
         <resourceRelation xmlns:xlink="http://www.w3.org/1999/xlink"
                           resourceRelationType="creatorOf"
                           xlink:href="FRAN_IR_041446"
                           xlink:type="simple">
            <relationEntry localType="archival">Minutes et répertoires du notaire Étienne Alexandre de VISIGNY, 12 juillet 1727 - 3 décembre 1738 (étude XV)</relationEntry>
         </resourceRelation>
         <resourceRelation xmlns:xlink="http://www.w3.org/1999/xlink"
                           resourceRelationType="creatorOf"
                           xlink:href="FRAN_IR_041444"
                           xlink:type="simple">
            <relationEntry localType="archival">Minutes et répertoires du notaire Louis CHOMEL, 9 décembre 1738 - 23 juin 1773 (étude XV)</relationEntry>
         </resourceRelation>
         <resourceRelation xmlns:xlink="http://www.w3.org/1999/xlink"
                           resourceRelationType="creatorOf"
                           xlink:href="FRAN_IR_055930"
                           xlink:type="simple">
            <relationEntry localType="archival">Images du répertoire du notaire Adrien Devin pour l'étude XV</relationEntry>
         </resourceRelation>
      </relations>
   </cpfDescription>
</eac-cpf>
