<eac-cpf xmlns="urn:isbn:1-931666-33-4"
         xmlns:xsi="http://www.w3.org/2001/XMLSchema-instance"
         xsi:schemaLocation="urn:isbn:1-931666-33-4 cpf.xsd">
   <control>
      <recordId>FRAN_NP_001160</recordId>
      <otherRecordId localType="Ancien_identifiant">2214/B</otherRecordId>
      <maintenanceStatus>revised</maintenanceStatus>
      <maintenanceAgency>
         <agencyName>Archives nationales de France</agencyName>
      </maintenanceAgency>
      <languageDeclaration>
         <language languageCode="fre">Français</language>
         <script scriptCode="Latn"/>
      </languageDeclaration>
      <conventionDeclaration>
         <citation>Notice établie conformément à la norme ICA-ISAAR (CPF) 2004, aux normes ISO 8601 pour le système de normalisation des dates utilisé, ainsi que AFNOR NF Z 44-061, juin 1986. Catalogage : forme et structure des vedettes noms de personne, des vedettes titres, des rubriques de classement et des titres forgés.</citation>
      </conventionDeclaration>
      <localControl localType="niveau_de_detail">
         <term>Moyenne</term>
      </localControl>
      <maintenanceHistory>
         <maintenanceEvent>
            <eventType>derived</eventType>
            <eventDateTime>2015-09-30</eventDateTime>
            <agentType>machine</agentType>
            <agent>Import_SIA</agent>
         </maintenanceEvent>
         <maintenanceEvent>
            <eventType>revised</eventType>
            <eventDateTime>2015-12-08</eventDateTime>
            <agentType>human</agentType>
            <agent>Emilie CHARRIER</agent>
            <eventDescription>Emilie Charrier historique du producteur et textes de référence ; Violaine Challéat-Fonck liens ISNI, indexation fonctions</eventDescription>
         </maintenanceEvent>
         <maintenanceEvent>
            <eventType>updated</eventType>
            <eventDateTime>2018-06-25</eventDateTime>
            <agentType>human</agentType>
            <agent>Violaine CHALLEAT-FONCK</agent>
         </maintenanceEvent>
      </maintenanceHistory>
      <sources>
         <source>
            <sourceEntry>Archives de la DST conservées aux Archives nationales</sourceEntry>
         </source>
      </sources>
   </control>
   <cpfDescription>
      <identity>
         <entityId>ISNI 0000 0001 1882 0849</entityId>
         <entityType>corporateBody</entityType>
         <nameEntry localType="autorisée" scriptCode="Latn" xml:lang="fre">
            <part>France. Ministère de l'Intérieur. Direction générale de la police nationale. Direction de la surveillance du territoire (1899-2008)</part>
         </nameEntry>
         <nameEntry>
            <part>France. Direction de la Sûreté générale. Contrôle des services de la surveillance du territoire</part>
            <useDates>
               <dateRange>
                  <fromDate standardDate="1899-01-01">1899</fromDate>
                  <toDate standardDate="1907-12-31">1907</toDate>
               </dateRange>
            </useDates>
         </nameEntry>
         <nameEntry>
            <part>France. Direction générale de la Sûreté nationale. Contrôle général des services de surveillance du territoire</part>
            <useDates>
               <dateRange>
                  <fromDate standardDate="1934-01-01">1934</fromDate>
                  <toDate standardDate="1942-12-31">1942</toDate>
               </dateRange>
            </useDates>
         </nameEntry>
         <nameEntry>
            <part>CGST</part>
            <useDates>
               <dateRange>
                  <fromDate standardDate="1934-01-01">1934</fromDate>
                  <toDate standardDate="1942-12-31">1942</toDate>
               </dateRange>
            </useDates>
         </nameEntry>
         <nameEntry>
            <part>France. Direction générale de la Sûreté nationale. Direction de la surveillance du territoire</part>
            <useDates>
               <dateRange>
                  <fromDate standardDate="1944-01-01">1944</fromDate>
                  <toDate standardDate="1966-12-31">1966</toDate>
               </dateRange>
            </useDates>
         </nameEntry>
         <nameEntry>
            <part>France. Direction générale de la Police nationale. Direction de la surveillance du territoire</part>
            <useDates>
               <dateRange>
                  <fromDate standardDate="1966-01-01">1966</fromDate>
                  <toDate standardDate="2008-12-31">2008</toDate>
               </dateRange>
            </useDates>
         </nameEntry>
         <nameEntry>
            <part>DST</part>
            <useDates>
               <dateRange>
                  <fromDate standardDate="1944-01-01">1944</fromDate>
                  <toDate standardDate="2008-12-31">2008</toDate>
               </dateRange>
            </useDates>
         </nameEntry>
      </identity>
      <description>
         <existDates>
            <dateRange>
               <fromDate standardDate="1899-01-01">1899</fromDate>
               <toDate standardDate="2008-12-31">2008</toDate>
            </dateRange>
            <descriptiveNote>
               <p>De février 1907 à avril 1934 et de novembre 1942 à novembre 1944, il n'y a pas de service de surveillance du territoire à la direction de la Sûreté.</p>
            </descriptiveNote>
         </existDates>
         <legalStatuses>
            <legalStatus>
               <term vocabularySource="d5bloo2j25-1c245l4bneo85">service actif de police</term>
            </legalStatus>
         </legalStatuses>
         <functions>
            <function>
               <term vocabularySource="d5bhvim4ls-1aiyuy0zts9x8">sécurité</term>
            </function>
         </functions>
         <mandates>
            <mandate>
               <descriptiveNote>
                  <p>Les décrets du 1er mai et du 20 août 1899 créént un contrôle des services de la surveillance du territoire à la direction de la sûreté nationale.</p>
                  <p>Par décrets du 2 février 1907 et du 31 août 1911, le contrôle des services de la surveillance du territoire est supprimé et ses missions reprises par le contrôle général des services de recherches judiciaires.</p>
                  <p>Le décret du 28 avril 1934 institue un contrôle général des services de surveillance du territoire à la direction générale de la sûreté nationale.</p>
                  <p>Le décret du 13 juin 1934 définit les missions du contrôle général des services de surveillance du territoire à la direction générale de la sûreté nationale.</p>
                  <p>Le décret du 1er mars 1935 place le contrôle général de la surveillance du territoire sous l'autorité du directeur adjoint de la police du territoire et des étrangers de la direction générale de la sûreté nationale.</p>
                  <p>Le décret du 12 décembre 1935 fixe l'organisation territoriale du contrôle général de la surveillance du territoire en six régions placées sous sa tutelle.</p>
                  <p>Le décret du 9 mars 1937 revient sur l'organisation et les attributions du contrôle général de la surveillance du territoire.</p>
                  <p>Le décret du 10 février 1939 définit l'organisation des services de contre espionnage civils et militaires français en temps de paix et en temps de guerre.</p>
                  <p>En novembre 1942, les autorités d'occupation allemande interdisent à la France le maintien en exercice de ses services de contre-espionnage.</p>
                  <p>L'ordonnance du 16 novembre 1944 sur l'organisation du ministère de l'Intérieur créée une direction de la surveillance du territoire à la direction générale de la sûreté nationale.</p>
                  <p>L'arrêté du 22 novembre 1944 fixe l'organisation de la direction de la surveillance du territoire.</p>
                  <p>Le décret du 23 février 1949 relatif à l'organisation de l'administration centrale du ministère de l'Intérieur place la direction de la surveillance du territoire au sein de la direction de la sûreté nationale (décret n°49-242 du 23 février 1949 relatif à l'organisation de l'administration centrale du ministère de l'Intérieur : https://www.legifrance.gouv.fr/jo_pdf.do?id=JORFTEXT000000482986)</p>
                  <p>Le décret du 29 septembre 1969 portant réorganisation du ministère de l'Intérieur place la direction de la surveillance du territoire au sein de la direction générale de la police nationale (décret n°69-888 du 29 septembre 1969 portant réorganisation du ministère de l'Intérieur : https://www.legifrance.gouv.fr/affichTexte.do?cidTexte=JORFTEXT000000307680).</p>
                  <p>L'arrêté du 16 juin 1982 définit l'organisation et les attributions de la direction générale de la police nationale, dont la DST (arrêté du 16 juin 1982 définissant l'organisation et les attributions de la direction générale de la police nationale : https://www.legifrance.gouv.fr/jo_pdf.do?id=JORFTEXT000000490363).</p>
                  <p>Le décret du 22 décembre 1982 fixe les attributions de la direction de la surveillance du territoire (décret n°82-1100 du 22 décembre 1982 fixant les attributions de la direction de la surveillance du territoire : https://www.legifrance.gouv.fr/affichTexte.do?cidTexte=JORFTEXT000000883835).</p>
                  <p>L'arrêté du 17 novembre 2000 porte organisation de la direction de la surveillance du territoire.</p>
                  <p>La direction de la surveillance du territoire est supprimée par la création de la direction centrale du renseignement intérieur le 1er juillet 2008 (décret n° 2008-609 du 27 juin 2008 relatif aux missions et à l'organisation de la direction centrale du renseignement intérieur : https://www.legifrance.gouv.fr/affichTexte.do?cidTexte=JORFTEXT000019078545).</p>
               </descriptiveNote>
            </mandate>
         </mandates>
         <structureOrGenealogy>
            <p>Organisation interne du contrôle général de la surveillance du territoire en 1935 : </p>
            <list>
               <item>1ère section : répression de l'espionnage</item>
               <item>2ème section : centralisation du renseignement - Police de l'air - Contrôle des postes TSF</item>
            </list>
            <p>Organisation interne du service de la surveillance du territoire en 1942 :</p>
            <list>
               <item>1ère section : répression des menées portant atteinte à la sécurité nationale</item>
               <item>2ème section : Police de l'air - Recherche des postes émetteurs clandestins - Colombophilie </item>
            </list>
            <p>Organisation interne de la direction de la surveillance du territoire en 1946 :</p>
            <list>
               <item>service central actif</item>
               <item>police de la cirulation aérienne</item>
               <item>service d'études, de documentation et d'exploitation</item>
               <item>police des communications radio-électriques</item>
            </list>
            <p>Les organigrammes récents de la direction de la surveillance du territoire ne sont pas publics.</p>
            <p>Directeurs successifs des services de la surveillance du territoire entre 1935 et 2008 : </p>
            <p>- ? (1935-1939)</p>
            <p>- contrôleur général Castaing (1939-1941)</p>
            <p>- capitaine de vaisseau Rollin (1941-1942)</p>
            <p>- Roger Wybot (1944-1958)</p>
            <p>- Gabriel Eriau (1959-1961)</p>
            <p>- Daniel Doustin (1961-1964)</p>
            <p>- Tony Roche (1964-1967) </p>
            <p>- Jean Rochet (1967-1972) </p>
            <p>- Henri Biard (1972-1974) </p>
            <p>- Jacques Chartron (1974-1975)</p>
            <p>- Marcel Chalet (1975-1982) </p>
            <p>- Yves Bonnet (1982-1985) </p>
            <p>- Rémy Pautrat (1985-1986) </p>
            <p>- Bernard Gérard (1986-1990) </p>
            <p>- Jacques Fournet (1990-1993) </p>
            <p>- Philippe Parant (1993-1997) </p>
            <p>- Jean-Jacques Pascal (1997-2002) </p>
            <p>- Pierre de Bousquet de Florian (2002-2007)</p>
            <p>- Bernard Squarcini (2007-2008)</p>
         </structureOrGenealogy>
         <generalContext/>
         <biogHist>
            <p>Un contrôle des services de la surveillance du territoire est créé, une première fois au sein de la direction de la Sûreté, en mai 1899 à la suite de l'affaire Dreyfus. Il s'agissait de retirer au ministère de la Guerre ses attributions de contre-espionnage et de surveillance des frontières. Le service est supprimé dès 1907, ses fonctions sont reprises par le contrôle général des services de recherches judiciaires désormais chargé de la répression de l'espionnage.</p>
            <p>En 1934, dans le cadre d'une réforme importante de la direction de la Sûreté, le contrôle général des services de la surveillance du territoire refait son apparition dans l'organigramme de la direction de la Sûreté. Selon les termes du décret du 13 juin 1934 : "Le contrôle général des services de surveillance du territoire a pour mission exclusive d'assurer en France, par une coordination méthodique des attributions de la police spéciale, l'application de la loi du 26 janvier 1934 tendant à réprimer l'espionnage, ainsi que les crimes et délits intéressant la sûreté extérieure de l'Etat".</p>
            <p>En novembre 1942, les autorités d'occupation allemande interdisent à la France le maintien en exercice de ses services de contre-espionnage.</p>
            <p>En novembre 1944, le gouvernement provisoire de la République française instaure une direction de la surveillance du territoire au sein de la direction de la Sûreté. La direction est confiée à Roger Wybot, qui dirigeait à Londres la section de contre-espionnage du Bureau central de renseignements et d'action (BCRA). Selon les termes de l'ordonnance de novembre 1944, les attributions de la direction de la surveillance du territoire sont : </p>
            <list>
               <item>la recherche et la centralisation de renseignements de contre-espionnage ;</item>
               <item>la police des communications aériennes ; </item>
               <item>la police des communications radio-électriques ; </item>
               <item>la répression de toutes les infractions tombant sous le coup du décret du 29 juillet 1939.</item>
            </list>
         </biogHist>
      </description>
      <relations>
         <cpfRelation xmlns:xlink="http://www.w3.org/1999/xlink"
                      cpfRelationType="temporal-later"
                      xlink:href="FRAN_NP_001838"
                      xlink:type="simple">
            <relationEntry>Direction centrale du renseignement intérieur</relationEntry>
            <dateRange>
               <fromDate standardDate="2008-01-01">2008</fromDate>
            </dateRange>
         </cpfRelation>
         <cpfRelation xmlns:xlink="http://www.w3.org/1999/xlink"
                      cpfRelationType="hierarchical-parent"
                      xlink:href="FRAN_NP_001398"
                      xlink:type="simple">
            <relationEntry>Direction générale de la police nationale</relationEntry>
            <dateRange>
               <fromDate standardDate="1944-01-01">1944</fromDate>
               <toDate standardDate="2008-12-31">2008</toDate>
            </dateRange>
         </cpfRelation>
         <cpfRelation xmlns:xlink="http://www.w3.org/1999/xlink"
                      cpfRelationType="identity"
                      xlink:href="http://catalogue.bnf.fr/ark:/12148/cb119740050"
                      xlink:type="simple">
            <relationEntry>France. Direction de la surveillance du territoire</relationEntry>
            <dateRange>
               <fromDate standardDate="1899-01-01">1899</fromDate>
               <toDate standardDate="2008-12-31">2008</toDate>
            </dateRange>
            <descriptiveNote>
               <p>Notice d'autorité BnF</p>
            </descriptiveNote>
         </cpfRelation>
         <resourceRelation xmlns:xlink="http://www.w3.org/1999/xlink"
                           resourceRelationType="creatorOf"
                           xlink:href="FRAN_IR_054663"
                           xlink:type="simple">
            <relationEntry localType="archival">Intérieur ; Direction générale de la Sûreté nationale ; Direction de la Surveillance du territoire</relationEntry>
         </resourceRelation>
      </relations>
   </cpfDescription>
</eac-cpf>
