<eac-cpf xmlns="urn:isbn:1-931666-33-4"
         xmlns:xsi="http://www.w3.org/2001/XMLSchema-instance"
         xsi:schemaLocation="urn:isbn:1-931666-33-4 cpf.xsd">
   <control>
      <recordId>FRAN_NP_010354</recordId>
      <otherRecordId localType="Ancien_identifiant">FRDAFANCH00MC_NANOTAIRE00056</otherRecordId>
      <maintenanceStatus>derived</maintenanceStatus>
      <maintenanceAgency>
         <agencyName>Archives nationales de France</agencyName>
      </maintenanceAgency>
      <languageDeclaration>
         <language languageCode="fre">Français</language>
         <script scriptCode="Latn"/>
      </languageDeclaration>
      <conventionDeclaration>
         <citation>Notice établie conformément à la norme ICA-ISAAR (CPF) 2004, aux normes ISO 8601 pour le système de normalisation des dates utilisé, ainsi que AFNOR NF Z 44-061, juin 1986. Catalogage : forme et structure des vedettes noms de personne, des vedettes titres, des rubriques de classement et des titres forgés.</citation>
      </conventionDeclaration>
      <localControl localType="niveau_de_detail">
         <term>Moyenne</term>
      </localControl>
      <maintenanceHistory>
         <maintenanceEvent>
            <eventType>derived</eventType>
            <eventDateTime>2013-04-23</eventDateTime>
            <agentType>machine</agentType>
            <agent>Migration ETANOT</agent>
         </maintenanceEvent>
      </maintenanceHistory>
   </control>
   <cpfDescription>
      <identity>
         <entityType>person</entityType>
         <nameEntry localType="autorisée" scriptCode="Latn" xml:lang="fre">
            <part>Veillart, Charles</part>
         </nameEntry>
      </identity>
      <description>
         <existDates>
            <dateRange>
               <fromDate standardDate="1707-02-09">9 février 1707</fromDate>
               <toDate standardDate="1738-05-30">30 mai 1738</toDate>
            </dateRange>
            <descriptiveNote>
               <p>Les dates d'existence de la personne ne sont pas connues et sont évaluées d'après les dates d'exercice en tant que notaire</p>
            </descriptiveNote>
         </existDates>
         <places>
            <place>
               <placeRole>Lieu de Paris</placeRole>
               <placeEntry localType="paroisse" vocabularySource="d3nyvp8zed--rdzkw0dkb1pg">saint-paul (paroisse)</placeEntry>
               <placeEntry localType="quartier" vocabularySource="d3nyvgzo81-ac33i47d7v7m">saint-paul (quartier)</placeEntry>
               <placeEntry localType="voie" vocabularySource="d3nzd15vbw-k0h1w454w4f8">saint-antoine (rue)</placeEntry>
               <placeEntry localType="nomLieu">rue Saint-Antoine, près les Jésuites</placeEntry>
            </place>
         </places>
         <functions>
            <function>
               <term vocabularySource="d3nyui3o8w--11y7jgy8q3wnt">notaire à paris</term>
               <dateRange>
                  <fromDate standardDate="1707-02-09">9 février 1707</fromDate>
                  <toDate standardDate="1738-05-30">30 mai 1738</toDate>
               </dateRange>
            </function>
         </functions>
      </description>
      <relations>
         <cpfRelation xmlns:xlink="http://www.w3.org/1999/xlink"
                      cpfRelationType="associative"
                      xlink:href="FRAN_NP_010189"
                      xlink:type="simple">
            <relationEntry>Etude notariale LXII</relationEntry>
            <dateRange>
               <fromDate standardDate="1707-02-09">9 février 1707</fromDate>
               <toDate standardDate="1738-05-30">30 mai 1738</toDate>
            </dateRange>
         </cpfRelation>
         <resourceRelation resourceRelationType="other">
            <relationEntry localType="archival">ET/CXVII/402, 9 juin 1738, inventaire après décès</relationEntry>
         </resourceRelation>
         <resourceRelation resourceRelationType="other">
            <relationEntry localType="archival">ET/CXVIII/406, 15 mars 1739, partage de la succession</relationEntry>
         </resourceRelation>
         <resourceRelation xmlns:xlink="http://www.w3.org/1999/xlink"
                           resourceRelationType="creatorOf"
                           xlink:href="FRAN_IR_042440"
                           xlink:type="simple">
            <relationEntry localType="archival">Minutes et répertoires du notaire Charles VEILLART, 9 février 1707 - 30 mai 1738 (étude LXII)</relationEntry>
         </resourceRelation>
         <resourceRelation xmlns:xlink="http://www.w3.org/1999/xlink"
                           resourceRelationType="creatorOf"
                           xlink:href="FRAN_IR_052284"
                           xlink:type="simple">
            <relationEntry localType="archival">Images du répertoire du notaire Charles Veillart pour l'étude LXII</relationEntry>
         </resourceRelation>
      </relations>
   </cpfDescription>
</eac-cpf>
