<eac-cpf xmlns="urn:isbn:1-931666-33-4"
         xmlns:xsi="http://www.w3.org/2001/XMLSchema-instance"
         xsi:schemaLocation="urn:isbn:1-931666-33-4 cpf.xsd">
   <control>
      <recordId>FRAN_NP_010122</recordId>
      <maintenanceStatus>revised</maintenanceStatus>
      <maintenanceAgency>
         <agencyName>Archives nationales de France</agencyName>
      </maintenanceAgency>
      <languageDeclaration>
         <language languageCode="fre">Français</language>
         <script scriptCode="Latn"/>
      </languageDeclaration>
      <conventionDeclaration>
         <citation>Notice établie conformément à la norme ICA-ISAAR (CPF) 2004, aux normes ISO 8601 pour le système de normalisation des dates utilisé, ainsi que AFNOR NF Z 44-061, juin 1986. Catalogage : forme et structure des vedettes noms de personne, des vedettes titres, des rubriques de classement et des titres forgés.</citation>
      </conventionDeclaration>
      <localControl localType="niveau_de_detail">
         <term>Complète</term>
      </localControl>
      <maintenanceHistory>
         <maintenanceEvent>
            <eventType>derived</eventType>
            <eventDateTime>2013-04-23</eventDateTime>
            <agentType>machine</agentType>
            <agent>Import_SIA</agent>
         </maintenanceEvent>
         <maintenanceEvent>
            <eventType>revised</eventType>
            <eventDateTime>2018-01-26</eventDateTime>
            <agentType>human</agentType>
            <agent>Louise GAILLARD</agent>
            <eventDescription>Notice complétée par Justine Dilien et Louise Gaillard, archivistes, mission des archives du ministère de la Culture, le 27 mars 2018</eventDescription>
         </maintenanceEvent>
         <maintenanceEvent>
            <eventType>updated</eventType>
            <eventDateTime>2018-07-10</eventDateTime>
            <agentType>human</agentType>
            <agent>Geneviève PROFIT</agent>
            <eventDescription>P. Charbonnier, 10 juillet 2018 : modification forme autorisée du nom, ajout lien d'identité Wikipédia, ajout permalien ELI pour textes de référence</eventDescription>
         </maintenanceEvent>
      </maintenanceHistory>
      <sources>
         <source>
            <sourceEntry>Notice de la BNF de l'Association de préfiguration de la Maison de l'histoire de France n°FRBNF16518942</sourceEntry>
         </source>
         <source>
            <sourceEntry>Introduction de l'instrument de recherche du versement 20130555</sourceEntry>
         </source>
      </sources>
   </control>
   <cpfDescription>
      <identity>
         <entityId/>
         <entityType>corporateBody</entityType>
         <nameEntry localType="autorisée" scriptCode="Latn" xml:lang="fre">
            <part>Maison de l'histoire de France (2010-2012)</part>
         </nameEntry>
         <nameEntry>
            <part>Association de préfiguration de la Maison de l'histoire de France</part>
            <useDates>
               <dateRange>
                  <fromDate standardDate="2010-01-01">2010</fromDate>
                  <toDate standardDate="2011-12-31">2011</toDate>
               </dateRange>
            </useDates>
         </nameEntry>
         <nameEntry>
            <part>MHF</part>
            <useDates>
               <dateRange>
                  <fromDate standardDate="2012-01-01">2012</fromDate>
                  <toDate standardDate="2012-12-31">2012</toDate>
               </dateRange>
            </useDates>
         </nameEntry>
         <nameEntry>
            <part>APMHF</part>
            <useDates>
               <dateRange>
                  <fromDate standardDate="2010-01-01">2010</fromDate>
                  <toDate standardDate="2011-12-31">2011</toDate>
               </dateRange>
            </useDates>
         </nameEntry>
      </identity>
      <description>
         <existDates>
            <dateRange>
               <fromDate standardDate="2010-01-01">2010</fromDate>
               <toDate standardDate="2012-12-31">31 décembre 2012</toDate>
            </dateRange>
         </existDates>
         <places>
            <place>
               <placeRole>Lieu de Paris</placeRole>
               <placeEntry localType="nomLieu">Hôtel de Rohan</placeEntry>
               <placeEntry localType="edifice" vocabularySource="d3nzunqdif-jtlrgtlzo54j">Rohan (hôtel de)</placeEntry>
            </place>
            <place>
               <placeRole>Lieu de Paris</placeRole>
               <placeEntry localType="nomLieu">Hôtel de Soubise</placeEntry>
               <placeEntry localType="edifice" vocabularySource="d3nzuppq4a-u10ggll3chi2">Soubise (hôtel de)</placeEntry>
            </place>
            <place>
               <placeRole>Lieu général</placeRole>
               <placeEntry localType="nomLieu">Paris</placeEntry>
               <placeEntry localType="lieu" vocabularySource="d5bdppt147--176wwvjcctrx0">Paris (France)</placeEntry>
            </place>
         </places>
         <legalStatuses>
            <legalStatus>
               <term vocabularySource="d5blonb3ky--u69ytier8ih6">établissement public à caractère administratif</term>
            </legalStatus>
         </legalStatuses>
         <functions>
            <function>
               <term vocabularySource="d5bhviikk9--y6te63k761ib">culture</term>
            </function>
         </functions>
         <mandates>
            <mandate>
               <descriptiveNote>
                  <p>Décret n° 2011-1928 du 22 décembre 2011 portant création de la Maison de l'histoire de France. (https://www.legifrance.gouv.fr/eli/decret/2011/12/22/MCCB1130600D/jo/texte)</p>
                  <p>Décret n° 2012-1447 du 24 décembre 2012 portant dissolution de la Maison de l'histoire de France. (https://www.legifrance.gouv.fr/eli/decret/2012/12/24/MCCB1241339D/jo/texte)</p>
               </descriptiveNote>
            </mandate>
         </mandates>
         <structureOrGenealogy>
            <p>Outre le président Jean-François Hebert et le directeur Charles Personnaz, l'association compte au 1er janvier 2011 quatre personnes, dont un conservateur du patrimoine et un chargé de mission pour les expositions. Elle s'enrichit au fil du temps de différents chargés de missions, pour le portail numérique, le réseau des correspondants de la Maison, l'aménagement des futurs espaces, la politique des publics, la communication, les questions administratives et financières.</p>
         </structureOrGenealogy>
         <biogHist>
            <p>
               <span style="bold">Projet de Maison de l'histoire de France et polémiques (2008-2010)</span>
            </p>
            <p>Élu président de la République au printemps 2007, Nicolas Sarkozy demande, dans la lettre de mission qu'il adresse à Christine Albanel, nouveau ministre de la Culture et de la communication, d'étudier le « projet de créer un centre de recherches et de collections permanentes dédié à l'histoire civile et militaire de la France ». Le 20 novembre suivant, le ministre de la Culture et de la communication et le ministre de la Défense demandent conjointement à Hervé Lemoine, alors conservateur du patrimoine à la direction de la mémoire, du patrimoine et des archives du ministère de la Défense, de proposer pour ce centre des solutions concrètes. Hervé Lemoine remet son rapport en avril 2008. En janvier 2009, lors de ses voeux au monde de la culture, le président de la République annonce la création de ce centre, et Jean-Pierre Rioux, le mois suivant, est chargé d'étudier les sites susceptibles de l'accueillir, en prenant en compte différents critères. Dans son rapport rendu en mai 2009, cinq sites sont proposés pour abriter la nouvelle institution : les Invalides, le palais de Chaillot, le château de Vincennes, le château de Fontainebleau, le Grand Palais. Remplaçant Christine Albanel à la tête du ministère en juin 2009, Frédéric Mitterrand reprend à son compte le projet, fait examiner d'autres sites et confie à Jean-François Hebert, président de l'établissement public du château de Fontainebleau, la rédaction d'un nouveau rapport. Intitulé "Éléments de décision pour la Maison de l’Histoire de France", celui-ci est remis en avril 2010 ; il évoque la possibilité d'un site bâti 
     <span style="italic">ex nihilo</span> sur les anciennes friches industrielles de l'île Seguin, à Boulogne-Billancourt, et propose d'associer au futur établissement public neuf musées d'art et d'histoire dépendant du ministère de la Culture et de la Communication. 
    </p>
            <p>Le 12 septembre 2010, le président de la République annonce dans un discours prononcé au musée national de la Préhistoire des Eyzies-de-Tayac, en Dordogne, le choix du quadrilatère des hôtels de Rohan et Soubise comme lieu d'implantation de la Maison. Ce choix se justifie à la fois par des motifs financiers, puisqu'il ne nécessite pas de constructions neuves, et par des raisons intellectuelles, la Maison de l'histoire de France se trouve ainsi située aux côtés de l'établissement chargé d'en conserver les sources principales. Dans l'immédiat, cette décision a deux conséquences : l'activation de l'association de préfiguration de la Maison de l'histoire de France, créée quelques mois auparavant, placée sous la présidence de Jean-François Hebert et déjà installée aux côtés des Archives nationales ; et le déclenchement d'un ensemble de polémiques, le plus souvent par voie de presse, qui se focalisent sur trois thèmes. Le premier tient à la remise en cause de l'initiative politique dans le domaine de l'histoire de France : des articles récusent ce qui est considéré comme une intrusion du chef de l'État dans un domaine ne lui appartenant pas, et regardent le projet comme l'expression d'une idéologie avec laquelle les auteurs de ces papiers se trouvent en désaccord. Le second porte sur le choix du lieu, et invoque le fait que le déménagement des Archives nationales, programmé depuis 2004, ne laisse pas à la Maison de l'histoire de France la place suffisante pour s'installer ; cet argument est particulièrement développé par une partie des cadres et des représentants syndicaux des Archives nationales. Le troisième, enfin, porte sur la légitimité et le fonctionnement d'un musée d'histoire : celui-ci ne risque-t-il pas d'être instrumentalisé par le pouvoir politique ? Comment le caractère figé d'une salle d'exposition peut-il rendre compte de l'évolution incessante de la recherche historique ? Quelles collections présenter dans ce musée ? Le cadre national est-il encore, au début du XXIe siècle, un cadre pertinent ? Des organes de presse, en ligne ou sur papier, des réunions publiques, quelques banderoles à l'entrée des Archives nationales entretiennent cette polémique, qui connaît ses heures les plus intenses entre la fin de l'automne 2010 et le printemps 2011.</p>
            <p/>
            <p>
               <span style="bold">Création de l'association de préfiguration de la Maison de l'histoire de France et premiers travaux (2010-2011)</span>
            </p>
            <p>L'association de préfiguration de la Maison de l'histoire de France (APMHF) est créée en mars 2010 et placée sous la présidence de Jean-François Hebert et la direction de Charles Personnaz.</p>
            <p>Entre temps, le ministre de la Culture avait décidé de placer la Maison de l'histoire de France sous les auspices d'un comité d'orientation scientifique. Après des consultations étendues, ce comité est installé le 13 janvier 2011 sous la présidence d'honneur de Jean Favier et sous la présidence de Jean-Pierre Rioux. Il compte vingt membres, représentatifs de « l'ensemble des champs et des disciplines de l'histoire », et auxquels le ministre confie, dans son discours, « l'élaboration et la définition même du coeur du projet ». Aussitôt réuni, le Comité met au point un calendrier de rencontres régulières.</p>
            <p>Lors de sa séance du 3 mars 2011, le comité décide de rédiger et de diffuser à la fin du 1er semestre 2011 un avant-projet, étape préalable à la rédaction du projet définitif, dont la remise est annoncée au début de l'année 2012. En recevant ce texte au cours d'une conférence de presse tenue le 16 juin 2011, le ministre de la Culture et de la Communication émet le voeu qu'il fasse l'objet d'une large concertation. Aussi est-il largement diffusé, par une mise en ligne, par un envoi nominatif à un large échantillon de personnalités qualifiées du monde culturel et scientifique, et enfin par l'organisation de rencontres locales : sept rencontres régionales sont programmées entre septembre et novembre 2011, dans les villes de Lyon, Paris, Marseille, Toulouse, Rennes, Lille et Strasbourg. D'autres rencontres similaires ont lieu, en fonction des demandes : auprès des directeurs d'archives départementales, auprès des correspondants en DRAC des villes et pays d'art et d'histoire, lors des rendez-vous de l'histoire de Blois et de différents salons et rencontres d'historiens (Verdun, Versailles, Brive...), etc.</p>
            <p>Outre ces présentations, l'association travaille dès sa création à préparer les structures juridiques et financières de l'établissement public destiné à la remplacer, et à mettre en oeuvre les différentes facettes du projet : réseau des lieux d'histoire et de mémoire, volet numérique, galerie permanente de l'histoire de France, expositions... L'avant-projet de la Maison de l'histoire de France prévoit dans les futurs espaces parisiens de la Maison un espace de présentation permanente, montrant l'histoire de France des origines à nos jours, et des espaces dédiés à des expositions temporaires de questions d'histoire. Une première exposition temporaire est annoncée par le président de la République lors de son discours de septembre 2010. Ayant repris ce projet à son compte dès ses premières réunions, le comité d'orientation scientifique réfléchit à une exposition de préfiguration qu'il prévoit d'organiser dans le courant de l'année 2013. Pour marquer l'ouverture de la Maison, cependant, il est décidé d'organiser une exposition-événement, susceptible d'attirer tous les publics et de faire connaître le projet naissant. Dans son discours prononcé au Puy-en-Velay, le 3 avril 2011, le Président de la République annonce cette exposition, précisant qu'elle porte sur la collection des plans-reliefs des villes frontières. Un partenariat est rapidement noué entre l'association, la RMN-Grand Palais et le musée des Plans-reliefs. Chacun des partenaires y voit son intérêt, et le public plébiscite l'événement, puisque 140 000 visiteurs se pressent sous la nef du Grand Palais entre le 18 janvier et le 17 février 2012.</p>
            <p/>
            <p>
               <span style="bold">L'établissement public Maison de l'histoire de France (22 décembre 2011-24 décembre 2012)</span>
            </p>
            <p>Au même moment, la Maison de l'histoire de France devient, par décret du 22 décembre 2011, « établissement public ». Maryvonne de Saint-Pulgent est nommée à sa tête, succédant ainsi à Jean-François Hebert pour conduire le projet. Enrichi des réactions reçues lors de l'avant-projet, le projet du comité d'orientation scientifique est rendu public en janvier 2012, et largement diffusé. Alors que les polémiques faiblissent, qu'un accord de répartition des lieux est en cours avec les Archives nationales et que les premières réalisations concrètes en vue de l'aménagement du quadrilatère Rohan-Soubise s'annonçent, la Maison est prise dans le calendrier électoral. Les projets sont mis en sommeil au printemps 2012, et Aurélie Filipetti, ministre de la Culture, en annonce la suppression le 24 août 2012. L'établissement est dissous par décret du 24 décembre 2012, et les quatorze personnels de la Maison reclassés dans différents services du ministère.</p>
         </biogHist>
      </description>
      <relations>
         <cpfRelation xmlns:xlink="http://www.w3.org/1999/xlink"
                      cpfRelationType="hierarchical-parent"
                      xlink:href="FRAN_NP_000005"
                      xlink:type="simple">
            <relationEntry>Ministère de la Culture et de la Communication</relationEntry>
            <dateRange>
               <fromDate standardDate="2012-01-01">2012</fromDate>
               <toDate standardDate="2012-12-31">2012</toDate>
            </dateRange>
         </cpfRelation>
         <cpfRelation xmlns:xlink="http://www.w3.org/1999/xlink"
                      cpfRelationType="identity"
                      xlink:href="https://fr.wikipedia.org/w/index.php?title=Maison_de_l%27Histoire_de_France&amp;oldid=149441202"
                      xlink:type="simple">
            <relationEntry>Maison de l'Histoire de France</relationEntry>
            <dateRange>
               <fromDate standardDate="2010-01-01">2010</fromDate>
               <toDate standardDate="2012-12-31">2012</toDate>
            </dateRange>
            <descriptiveNote>
               <p>Notice Wikipédia</p>
            </descriptiveNote>
         </cpfRelation>
         <resourceRelation xmlns:xlink="http://www.w3.org/1999/xlink"
                           resourceRelationType="creatorOf"
                           xlink:href="FRAN_IR_050621"
                           xlink:type="simple">
            <relationEntry localType="archival">Maison de l'Histoire de France</relationEntry>
         </resourceRelation>
      </relations>
   </cpfDescription>
</eac-cpf>
