<eac-cpf xmlns="urn:isbn:1-931666-33-4"
         xmlns:xsi="http://www.w3.org/2001/XMLSchema-instance"
         xsi:schemaLocation="urn:isbn:1-931666-33-4 cpf.xsd">
   <control>
      <recordId>FRAN_NP_000375</recordId>
      <maintenanceStatus>revised</maintenanceStatus>
      <maintenanceAgency>
         <agencyName>Archives nationales de France</agencyName>
      </maintenanceAgency>
      <languageDeclaration>
         <language languageCode="fre">Français</language>
         <script scriptCode="Latn"/>
      </languageDeclaration>
      <conventionDeclaration>
         <citation>Notice établie conformément à la norme ICA-ISAAR (CPF) 2004, aux normes ISO 8601 pour le système de normalisation des dates utilisé, ainsi que AFNOR NF Z 44-061, juin 1986. Catalogage : forme et structure des vedettes noms de personne, des vedettes titres, des rubriques de classement et des titres forgés.</citation>
      </conventionDeclaration>
      <localControl localType="niveau_de_detail">
         <term>Moyenne</term>
      </localControl>
      <maintenanceHistory>
         <maintenanceEvent>
            <eventType>derived</eventType>
            <eventDateTime>2013-04-23</eventDateTime>
            <agentType>machine</agentType>
            <agent>Import_SIA</agent>
         </maintenanceEvent>
         <maintenanceEvent>
            <eventType>revised</eventType>
            <eventDateTime>2016-02-01</eventDateTime>
            <agentType>human</agentType>
            <agent>Florence CLAVAUD</agent>
            <eventDescription>F. Clavaud, 1er février 2016 : revu le nom, ajouté n° notice BnF, indexation fonctions, date de fin ; ajouté historique fourni par mission des archives auprès des services du premier ministre</eventDescription>
         </maintenanceEvent>
      </maintenanceHistory>
      <sources>
         <source>
            <descriptiveNote>
               <p>Notice d'autorité BnF : http://catalogue.bnf.fr/ark:/12148/cb12106858k</p>
            </descriptiveNote>
         </source>
      </sources>
   </control>
   <cpfDescription>
      <identity>
         <entityType>corporateBody</entityType>
         <nameEntry localType="autorisée" scriptCode="Latn" xml:lang="fre">
            <part>France. Délégation aux rapatriés (1988-2002)</part>
         </nameEntry>
      </identity>
      <description>
         <existDates>
            <dateRange>
               <fromDate standardDate="1988-01-01">1988</fromDate>
               <toDate standardDate="2002-12-31">2002</toDate>
            </dateRange>
         </existDates>
         <legalStatuses>
            <legalStatus>
               <term vocabularySource="d5blonaxbw--1mt8t42bokzts">service d'administration centrale</term>
            </legalStatus>
         </legalStatuses>
         <functions>
            <function>
               <term vocabularySource="d5bhviigwc-1qian10iesyuo">rapatriés</term>
               <descriptiveNote>
                  <p>accueil et reclassement des rapatriés</p>
               </descriptiveNote>
            </function>
         </functions>
         <biogHist>
            <p>Si dès 1955, des structures sont créés pour l’accueil et le reclassement des Français d’Indochine, c’est avec la fin de la guerre d’Algérie, et l’afflux des rapatriés, que plusieurs structures sont mises en place. Durant l’été 1961, le secrétariat d’État en charge des Rapatriés est doté d’une administration centrale, qui a pour rôle de mettre en œuvre la loi du 26 décembre 1961 relative à l’accueil et la réinstallation des Français d’outre-mer. En juillet 1964, avec la suppression du ministère des Rapatriés, elle est transférée au ministère de l’Intérieur, où elle connaîtra diverses évolutions avant de prendre le nom de Service central des rapatriés (SCR) en 1969. Ce service a relevé durant certaines périodes du Premier ministre ou du ministère en charge des Affaires sociales. A ses côtés, la Délégation pour l’accueil et le reclassement des rapatriés (DARR) est créée le 30 décembre 1966, qui perdure jusqu’en 1991.</p>
            <p>La Délégation aux rapatriés est ensuite instituée par le décret du 29 septembre 1988, avec pour mission la mise en œuvre des mesures de solidarité nationale décidées par les pouvoirs publics. Le délégué a autorité sur le Service central des rapatriés et la Délégation pour l’accueil et le reclassement des rapatriés, puis fin 1991, sur le nouveau Service de coordination des actions en faveur des rapatriés (SCAR) qui les remplace, et qui disparaît à son tour en 2002. Le délégué est placé auprès du ministère en charge des Affaires sociales. Ont successivement occupé cette fonction : Maurice Benassayag (1988), Guy Forzy (juin 1995), et Louis Monchovet (octobre 1997).</p>
            <p>La DAR est remplacée par la Mission interministérielle aux rapatriés (MIR), créée par décret du 27 mai 2002.</p>
         </biogHist>
      </description>
      <relations>
         <cpfRelation xmlns:xlink="http://www.w3.org/1999/xlink"
                      cpfRelationType="temporal-later"
                      xlink:href="FRAN_NP_000377"
                      xlink:type="simple">
            <relationEntry>Mission interministérielle aux rapatriés</relationEntry>
            <dateRange>
               <fromDate standardDate="2002-01-01">2002</fromDate>
            </dateRange>
         </cpfRelation>
         <cpfRelation xmlns:xlink="http://www.w3.org/1999/xlink"
                      cpfRelationType="hierarchical-parent"
                      xlink:href="FRAN_NP_000003"
                      xlink:type="simple">
            <relationEntry>Administration centrale des ministères chargés des Affaires sociales</relationEntry>
            <dateRange>
               <fromDate standardDate="1997-06-04">4 juin 1997</fromDate>
               <toDate standardDate="2002-12-31">2002</toDate>
            </dateRange>
         </cpfRelation>
      </relations>
   </cpfDescription>
</eac-cpf>
