<eac-cpf xmlns="urn:isbn:1-931666-33-4"
         xmlns:xsi="http://www.w3.org/2001/XMLSchema-instance"
         xsi:schemaLocation="urn:isbn:1-931666-33-4 cpf.xsd">
   <control>
      <recordId>FRAN_NP_010153</recordId>
      <otherRecordId localType="Ancien_identifiant">FRDAFANCH00MC_NAETUDE_026</otherRecordId>
      <maintenanceStatus>derived</maintenanceStatus>
      <maintenanceAgency>
         <agencyName>Archives nationales de France</agencyName>
      </maintenanceAgency>
      <languageDeclaration>
         <language languageCode="fre">Français</language>
         <script scriptCode="Latn"/>
      </languageDeclaration>
      <conventionDeclaration>
         <citation>Notice établie conformément à la norme ICA-ISAAR (CPF) 2004, aux normes ISO 8601 pour le système de normalisation des dates utilisé, ainsi que AFNOR NF Z 44-061, juin 1986. Catalogage : forme et structure des vedettes noms de personne, des vedettes titres, des rubriques de classement et des titres forgés.</citation>
      </conventionDeclaration>
      <localControl localType="niveau_de_detail">
         <term>Moyenne</term>
      </localControl>
      <maintenanceHistory>
         <maintenanceEvent>
            <eventType>derived</eventType>
            <eventDateTime>2013-04-23</eventDateTime>
            <agentType>machine</agentType>
            <agent>Migration ETANOT</agent>
         </maintenanceEvent>
      </maintenanceHistory>
   </control>
   <cpfDescription>
      <identity>
         <entityType>corporateBody</entityType>
         <nameEntry localType="autorisée" scriptCode="Latn" xml:lang="fre">
            <part>Etude XXVI</part>
         </nameEntry>
         <nameEntry>
            <part>75025</part>
         </nameEntry>
      </identity>
      <description>
         <existDates>
            <dateRange>
               <fromDate standardDate="1579-01-01">1579</fromDate>
            </dateRange>
         </existDates>
         <places>
            <place>
               <placeRole>Lieu de Paris</placeRole>
               <placeEntry localType="nomLieu">15, rue Roquépine, 75008 PARIS</placeEntry>
            </place>
         </places>
         <functions>
            <function>
               <term vocabularySource="d3nyui3o8w--11y7jgy8q3wnt">notaire à paris</term>
               <dateRange>
                  <fromDate standardDate="1579-01-01">1579</fromDate>
                  <toDate/>
               </dateRange>
            </function>
         </functions>
         <biogHist>
            <p>De 1579 à l'an IV, cette étude reste sur la paroisse saint-Gervais : rue des Barres jusqu'en 1776, et ensuite place Baudoyer. Installée place Vendôme au début du XIXème siècle, elle adopte, dans ce quartier, cinq domiciles différents (1816-1843), avant de se fixer rue Boissy d'Anglas.</p>
         </biogHist>
      </description>
      <relations>
         <cpfRelation xmlns:xlink="http://www.w3.org/1999/xlink"
                      cpfRelationType="associative"
                      xlink:href="FRAN_NP_011602"
                      xlink:type="simple">
            <relationEntry>Le villain, Gabriel</relationEntry>
            <dateRange>
               <fromDate standardDate="1876-08-23">23 août 1876</fromDate>
               <toDate standardDate="1893-02-09">9 février 1893</toDate>
            </dateRange>
         </cpfRelation>
         <cpfRelation xmlns:xlink="http://www.w3.org/1999/xlink"
                      cpfRelationType="associative"
                      xlink:href="FRAN_NP_012202"
                      xlink:type="simple">
            <relationEntry>Dintras, Georges</relationEntry>
            <dateRange>
               <fromDate standardDate="1986-10-08">8 octobre 1986</fromDate>
            </dateRange>
         </cpfRelation>
         <cpfRelation xmlns:xlink="http://www.w3.org/1999/xlink"
                      cpfRelationType="associative"
                      xlink:href="FRAN_NP_012203"
                      xlink:type="simple">
            <relationEntry>Ducloux, Ernest</relationEntry>
            <dateRange>
               <fromDate standardDate="1875-06-16">16 juin 1875</fromDate>
               <toDate standardDate="1876-08-23">23 août 1876</toDate>
            </dateRange>
         </cpfRelation>
         <cpfRelation xmlns:xlink="http://www.w3.org/1999/xlink"
                      cpfRelationType="associative"
                      xlink:href="FRAN_NP_012204"
                      xlink:type="simple">
            <relationEntry>Ducloux, Ferdinand</relationEntry>
            <dateRange>
               <fromDate standardDate="1841-06-08">8 juin 1841</fromDate>
               <toDate standardDate="1875-06-16">16 juin 1875</toDate>
            </dateRange>
         </cpfRelation>
         <cpfRelation xmlns:xlink="http://www.w3.org/1999/xlink"
                      cpfRelationType="associative"
                      xlink:href="FRAN_NP_011199"
                      xlink:type="simple">
            <relationEntry>Monhenault, Jean de</relationEntry>
            <dateRange>
               <fromDate standardDate="1619-05-16">16 mai 1619</fromDate>
               <toDate standardDate="1655-04-01">1er avril 1655</toDate>
            </dateRange>
         </cpfRelation>
         <cpfRelation xmlns:xlink="http://www.w3.org/1999/xlink"
                      cpfRelationType="associative"
                      xlink:href="FRAN_NP_011200"
                      xlink:type="simple">
            <relationEntry>Monhenault, Jean-Nicolas de</relationEntry>
            <dateRange>
               <fromDate standardDate="1682-05-05">5 mai 1682</fromDate>
               <toDate standardDate="1693-01-30">30 janvier 1693</toDate>
            </dateRange>
         </cpfRelation>
         <cpfRelation xmlns:xlink="http://www.w3.org/1999/xlink"
                      cpfRelationType="associative"
                      xlink:href="FRAN_NP_011202"
                      xlink:type="simple">
            <relationEntry>Monhenault, Laurent II de</relationEntry>
            <dateRange>
               <fromDate standardDate="1655-04-15">15 avril 1655</fromDate>
               <toDate standardDate="1682-04-13">13 avril 1682</toDate>
            </dateRange>
         </cpfRelation>
         <cpfRelation xmlns:xlink="http://www.w3.org/1999/xlink"
                      cpfRelationType="associative"
                      xlink:href="FRAN_NP_013308"
                      xlink:type="simple">
            <relationEntry>Brami, Julie</relationEntry>
            <dateRange>
               <fromDate standardDate="2006-10-09">9 octobre 2006</fromDate>
            </dateRange>
         </cpfRelation>
         <cpfRelation xmlns:xlink="http://www.w3.org/1999/xlink"
                      cpfRelationType="associative"
                      xlink:href="FRAN_NP_010733"
                      xlink:type="simple">
            <relationEntry>Rousseau, Alexandre</relationEntry>
            <dateRange>
               <fromDate standardDate="1813-11-03">3 novembre 1813</fromDate>
               <toDate standardDate="1820-11-30">30 novembre 1820</toDate>
            </dateRange>
         </cpfRelation>
         <cpfRelation xmlns:xlink="http://www.w3.org/1999/xlink"
                      cpfRelationType="associative"
                      xlink:href="FRAN_NP_010663"
                      xlink:type="simple">
            <relationEntry>Richard, Louis</relationEntry>
            <dateRange>
               <fromDate standardDate="1693-01-31">31 janvier 1693</fromDate>
               <toDate standardDate="1719-09-11">11 septembre 1719</toDate>
            </dateRange>
         </cpfRelation>
         <cpfRelation xmlns:xlink="http://www.w3.org/1999/xlink"
                      cpfRelationType="associative"
                      xlink:href="FRAN_NP_012913"
                      xlink:type="simple">
            <relationEntry>Blacque, Jean-Jacques</relationEntry>
            <dateRange>
               <fromDate standardDate="1763-08-06">6 août 1763</fromDate>
               <toDate standardDate="1776-12-04">4 décembre 1776</toDate>
            </dateRange>
         </cpfRelation>
         <cpfRelation xmlns:xlink="http://www.w3.org/1999/xlink"
                      cpfRelationType="associative"
                      xlink:href="FRAN_NP_012055"
                      xlink:type="simple">
            <relationEntry>Fieffé, Eloi</relationEntry>
            <dateRange>
               <fromDate standardDate="1776-12-10">10 décembre 1776</fromDate>
               <toDate standardDate="1789-09-05">5 septembre 1789</toDate>
            </dateRange>
         </cpfRelation>
         <cpfRelation xmlns:xlink="http://www.w3.org/1999/xlink"
                      cpfRelationType="associative"
                      xlink:href="FRAN_NP_010661"
                      xlink:type="simple">
            <relationEntry>Richard, Jean-Louis</relationEntry>
            <dateRange>
               <fromDate standardDate="1719-12-01">1er décembre 1719</fromDate>
               <toDate standardDate="1728-04-23">23 avril 1728</toDate>
            </dateRange>
         </cpfRelation>
         <cpfRelation xmlns:xlink="http://www.w3.org/1999/xlink"
                      cpfRelationType="associative"
                      xlink:href="FRAN_NP_013309"
                      xlink:type="simple">
            <relationEntry>Bossé, Olivier</relationEntry>
            <dateRange>
               <fromDate standardDate="2006-10-09">9 octobre 2006</fromDate>
            </dateRange>
         </cpfRelation>
         <cpfRelation xmlns:xlink="http://www.w3.org/1999/xlink"
                      cpfRelationType="associative"
                      xlink:href="FRAN_NP_011938"
                      xlink:type="simple">
            <relationEntry>Gondouin, Charles</relationEntry>
            <dateRange>
               <fromDate standardDate="1820-11-30">30 novembre 1820</fromDate>
               <toDate standardDate="1841-06-08">8 juin 1841</toDate>
            </dateRange>
         </cpfRelation>
         <cpfRelation xmlns:xlink="http://www.w3.org/1999/xlink"
                      cpfRelationType="associative"
                      xlink:href="FRAN_NP_011201"
                      xlink:type="simple">
            <relationEntry>Monhenault, Laurent I de</relationEntry>
            <dateRange>
               <fromDate standardDate="1579-10-22">22 octobre 1579</fromDate>
               <toDate standardDate="1619-05-16">16 mai 1619</toDate>
            </dateRange>
         </cpfRelation>
         <cpfRelation xmlns:xlink="http://www.w3.org/1999/xlink"
                      cpfRelationType="associative"
                      xlink:href="FRAN_NP_011112"
                      xlink:type="simple">
            <relationEntry>Mathis, Nicolas</relationEntry>
            <dateRange>
               <fromDate standardDate="1748-12-03">3 décembre 1748</fromDate>
               <toDate standardDate="1763-08-03">3 août 1763</toDate>
            </dateRange>
         </cpfRelation>
         <cpfRelation xmlns:xlink="http://www.w3.org/1999/xlink"
                      cpfRelationType="associative"
                      xlink:href="FRAN_NP_012523"
                      xlink:type="simple">
            <relationEntry>Camuset, Dominique</relationEntry>
            <dateRange>
               <fromDate standardDate="1728-04-24">24 avril 1728</fromDate>
               <toDate standardDate="1748-11-27">27 novembre 1748</toDate>
            </dateRange>
         </cpfRelation>
         <cpfRelation xmlns:xlink="http://www.w3.org/1999/xlink"
                      cpfRelationType="associative"
                      xlink:href="FRAN_NP_012524"
                      xlink:type="simple">
            <relationEntry>Chabrun, Philippe Marie Yves</relationEntry>
            <dateRange>
               <fromDate standardDate="1962-11-28">28 novembre 1962</fromDate>
               <toDate standardDate="1993-12-31">1993</toDate>
            </dateRange>
         </cpfRelation>
         <cpfRelation xmlns:xlink="http://www.w3.org/1999/xlink"
                      cpfRelationType="associative"
                      xlink:href="FRAN_NP_012525"
                      xlink:type="simple">
            <relationEntry>Colin, Marc</relationEntry>
            <dateRange>
               <fromDate standardDate="1789-09-05">5 septembre 1789</fromDate>
               <toDate standardDate="1813-11-03">3 novembre 1813</toDate>
            </dateRange>
         </cpfRelation>
         <cpfRelation xmlns:xlink="http://www.w3.org/1999/xlink"
                      cpfRelationType="associative"
                      xlink:href="FRAN_NP_012526"
                      xlink:type="simple">
            <relationEntry>Constantin, Albert Jean</relationEntry>
            <dateRange>
               <fromDate standardDate="1925-05-30">30 mai 1925</fromDate>
               <toDate standardDate="1962-11-28">28 novembre 1962</toDate>
            </dateRange>
         </cpfRelation>
         <cpfRelation xmlns:xlink="http://www.w3.org/1999/xlink"
                      cpfRelationType="associative"
                      xlink:href="FRAN_NP_012527"
                      xlink:type="simple">
            <relationEntry>Constantin, Pierre-Eugène</relationEntry>
            <dateRange>
               <fromDate standardDate="1893-02-09">9 février 1893</fromDate>
               <toDate standardDate="1925-05-30">30 mai 1925</toDate>
            </dateRange>
         </cpfRelation>
         <resourceRelation xmlns:xlink="http://www.w3.org/1999/xlink"
                           resourceRelationType="creatorOf"
                           xlink:href="FRAN_IR_041743"
                           xlink:type="simple">
            <relationEntry localType="archival">Minutes et répertoires du notaire Laurent I de MONHENAULT, 4 novembre 1579 - 16 mai 1619 (étude XXVI)</relationEntry>
         </resourceRelation>
         <resourceRelation xmlns:xlink="http://www.w3.org/1999/xlink"
                           resourceRelationType="creatorOf"
                           xlink:href="FRAN_IR_041744"
                           xlink:type="simple">
            <relationEntry localType="archival">Minutes et répertoires du notaire Jean de MONHENAULT, 16 mai 1619 - 1er avril 1655 (étude XXVI)</relationEntry>
         </resourceRelation>
         <resourceRelation xmlns:xlink="http://www.w3.org/1999/xlink"
                           resourceRelationType="creatorOf"
                           xlink:href="FRAN_IR_041745"
                           xlink:type="simple">
            <relationEntry localType="archival">Minutes et répertoires du notaire Laurent II de MONHENAULT, 15 avril 1655 - 13 avril 1682 (étude XXVI)</relationEntry>
         </resourceRelation>
         <resourceRelation xmlns:xlink="http://www.w3.org/1999/xlink"
                           resourceRelationType="creatorOf"
                           xlink:href="FRAN_IR_041746"
                           xlink:type="simple">
            <relationEntry localType="archival">Minutes et répertoires du notaire Jean Nicolas de MONHENAULT, 5 mai 1682 - 30 janvier 1693 (étude XXVI)</relationEntry>
         </resourceRelation>
         <resourceRelation xmlns:xlink="http://www.w3.org/1999/xlink"
                           resourceRelationType="creatorOf"
                           xlink:href="FRAN_IR_041747"
                           xlink:type="simple">
            <relationEntry localType="archival">Minutes et répertoires du notaire Louis RICHARD, 2 février 1693 - 11 septembre 1719 (étude XXVI)</relationEntry>
         </resourceRelation>
         <resourceRelation xmlns:xlink="http://www.w3.org/1999/xlink"
                           resourceRelationType="creatorOf"
                           xlink:href="FRAN_IR_041748"
                           xlink:type="simple">
            <relationEntry localType="archival">Minutes et répertoires du notaire Jean Louis RICHARD, décembre 1719 - 23 avril 1728 (étude XXVI)</relationEntry>
         </resourceRelation>
         <resourceRelation xmlns:xlink="http://www.w3.org/1999/xlink"
                           resourceRelationType="creatorOf"
                           xlink:href="FRAN_IR_041749"
                           xlink:type="simple">
            <relationEntry localType="archival">Minutes et répertoires du notaire Dominique CAMUSET, 24 avril 1728 - 3 décembre 1748 (étude XXVI)</relationEntry>
         </resourceRelation>
         <resourceRelation xmlns:xlink="http://www.w3.org/1999/xlink"
                           resourceRelationType="creatorOf"
                           xlink:href="FRAN_IR_041750"
                           xlink:type="simple">
            <relationEntry localType="archival">Minutes et répertoires du notaire Nicolas MATHIS, 3 décembre 1748 - 3 août 1763 (étude XXVI)</relationEntry>
         </resourceRelation>
         <resourceRelation xmlns:xlink="http://www.w3.org/1999/xlink"
                           resourceRelationType="creatorOf"
                           xlink:href="FRAN_IR_041751"
                           xlink:type="simple">
            <relationEntry localType="archival">Minutes et répertoires du notaire Jean Jacques BLACQUE, 6 août 1763 - 3 décembre 1776 (étude XXVI)</relationEntry>
         </resourceRelation>
         <resourceRelation xmlns:xlink="http://www.w3.org/1999/xlink"
                           resourceRelationType="creatorOf"
                           xlink:href="FRAN_IR_041752"
                           xlink:type="simple">
            <relationEntry localType="archival">Minutes et répertoires du notaire Éloi FIEFFÉ, 12 décembre 1776 - 3 septembre 1789 (étude XXVI)</relationEntry>
         </resourceRelation>
         <resourceRelation xmlns:xlink="http://www.w3.org/1999/xlink"
                           resourceRelationType="creatorOf"
                           xlink:href="FRAN_IR_041753"
                           xlink:type="simple">
            <relationEntry localType="archival">Minutes et répertoires du notaire Marc COLIN, 5 septembre 1789 - 2 novembre 1813 (étude XXVI)</relationEntry>
         </resourceRelation>
         <resourceRelation xmlns:xlink="http://www.w3.org/1999/xlink"
                           resourceRelationType="creatorOf"
                           xlink:href="FRAN_IR_041754"
                           xlink:type="simple">
            <relationEntry localType="archival">Minutes et répertoires du notaire Alexandre ROUSSEAU, 3 novembre 1813 - 30 novembre 1820 (étude XXVI)</relationEntry>
         </resourceRelation>
         <resourceRelation xmlns:xlink="http://www.w3.org/1999/xlink"
                           resourceRelationType="creatorOf"
                           xlink:href="FRAN_IR_041755"
                           xlink:type="simple">
            <relationEntry localType="archival">Minutes et répertoires du notaire Charles GONDOUIN, 30 novembre 1820 - 7 juin 1841 (étude XXVI)</relationEntry>
         </resourceRelation>
         <resourceRelation xmlns:xlink="http://www.w3.org/1999/xlink"
                           resourceRelationType="creatorOf"
                           xlink:href="FRAN_IR_041756"
                           xlink:type="simple">
            <relationEntry localType="archival">Minutes et répertoires du notaire Ferdinand DUCLOUX, 8 juin 1841 - 16 juin 1875 (étude XXVI)</relationEntry>
         </resourceRelation>
         <resourceRelation xmlns:xlink="http://www.w3.org/1999/xlink"
                           resourceRelationType="creatorOf"
                           xlink:href="FRAN_IR_041757"
                           xlink:type="simple">
            <relationEntry localType="archival">Minutes et répertoires du notaire Gabriel LE VILLAIN, 23 août 1876 - 9 février 1893 (étude XXVI)</relationEntry>
         </resourceRelation>
         <resourceRelation xmlns:xlink="http://www.w3.org/1999/xlink"
                           resourceRelationType="creatorOf"
                           xlink:href="FRAN_IR_041758"
                           xlink:type="simple">
            <relationEntry localType="archival">Minutes et répertoires du notaire Ernest DUCLOUX, 16 juin 1875 - 22 août 1876 (étude XXVI)</relationEntry>
         </resourceRelation>
         <resourceRelation xmlns:xlink="http://www.w3.org/1999/xlink"
                           resourceRelationType="creatorOf"
                           xlink:href="FRAN_IR_041759"
                           xlink:type="simple">
            <relationEntry localType="archival">Minutes et répertoires du notaire Pierre Eugène CONSTANTIN, 9 février 1893 - 27 juin 1901 (étude XXVI)</relationEntry>
         </resourceRelation>
         <resourceRelation xmlns:xlink="http://www.w3.org/1999/xlink"
                           resourceRelationType="creatorOf"
                           xlink:href="FRAN_IR_041742"
                           xlink:type="simple">
            <relationEntry localType="archival">Archives de l'étude XXVI</relationEntry>
         </resourceRelation>
         <resourceRelation xmlns:xlink="http://www.w3.org/1999/xlink"
                           resourceRelationType="creatorOf"
                           xlink:href="FRAN_IR_051871"
                           xlink:type="simple">
            <relationEntry localType="archival">Images des répertoires du notaire Jean de Monhenault pour l'étude XXVI</relationEntry>
         </resourceRelation>
         <resourceRelation xmlns:xlink="http://www.w3.org/1999/xlink"
                           resourceRelationType="creatorOf"
                           xlink:href="FRAN_IR_054285"
                           xlink:type="simple">
            <relationEntry localType="archival">Images des répertoires du notaire Laurent II de Monhenault pour l'étude XXVI</relationEntry>
         </resourceRelation>
         <resourceRelation xmlns:xlink="http://www.w3.org/1999/xlink"
                           resourceRelationType="creatorOf"
                           xlink:href="FRAN_IR_051872"
                           xlink:type="simple">
            <relationEntry localType="archival">Images des répertoires du notaire Jean Nicolas de Monhenault pour l'étude XXVI</relationEntry>
         </resourceRelation>
         <resourceRelation xmlns:xlink="http://www.w3.org/1999/xlink"
                           resourceRelationType="creatorOf"
                           xlink:href="FRAN_IR_051868"
                           xlink:type="simple">
            <relationEntry localType="archival">Images des répertoires du notaire Louis Richard pour l'étude XXVI</relationEntry>
         </resourceRelation>
         <resourceRelation xmlns:xlink="http://www.w3.org/1999/xlink"
                           resourceRelationType="creatorOf"
                           xlink:href="FRAN_IR_051865"
                           xlink:type="simple">
            <relationEntry localType="archival">Images du répertoire du notaire Jean Louis Richard pour l'étude XXVI</relationEntry>
         </resourceRelation>
         <resourceRelation xmlns:xlink="http://www.w3.org/1999/xlink"
                           resourceRelationType="creatorOf"
                           xlink:href="FRAN_IR_051879"
                           xlink:type="simple">
            <relationEntry localType="archival">Images des répertoires du notaire Dominique Camuset pour l'étude XXVI</relationEntry>
         </resourceRelation>
         <resourceRelation xmlns:xlink="http://www.w3.org/1999/xlink"
                           resourceRelationType="creatorOf"
                           xlink:href="FRAN_IR_051870"
                           xlink:type="simple">
            <relationEntry localType="archival">Images du répertoire du notaire Nicolas Mathis pour l'étude XXVI</relationEntry>
         </resourceRelation>
         <resourceRelation xmlns:xlink="http://www.w3.org/1999/xlink"
                           resourceRelationType="creatorOf"
                           xlink:href="FRAN_IR_054328"
                           xlink:type="simple">
            <relationEntry localType="archival">Images des répertoires du notaire Jean Jacques Blacque pour l'étude XXVI</relationEntry>
         </resourceRelation>
         <resourceRelation xmlns:xlink="http://www.w3.org/1999/xlink"
                           resourceRelationType="creatorOf"
                           xlink:href="FRAN_IR_051876"
                           xlink:type="simple">
            <relationEntry localType="archival">Images des répertoires du notaire Eloi Fieffé pour l'étude XXVI</relationEntry>
         </resourceRelation>
         <resourceRelation xmlns:xlink="http://www.w3.org/1999/xlink"
                           resourceRelationType="creatorOf"
                           xlink:href="FRAN_IR_054360"
                           xlink:type="simple">
            <relationEntry localType="archival">Images des répertoires du notaire Marc Colin pour l'étude XXVI</relationEntry>
         </resourceRelation>
         <resourceRelation xmlns:xlink="http://www.w3.org/1999/xlink"
                           resourceRelationType="creatorOf"
                           xlink:href="FRAN_IR_051869"
                           xlink:type="simple">
            <relationEntry localType="archival">Images des répertoires du notaire Alexandre Rousseau pour l'étude XXVI</relationEntry>
         </resourceRelation>
         <resourceRelation xmlns:xlink="http://www.w3.org/1999/xlink"
                           resourceRelationType="creatorOf"
                           xlink:href="FRAN_IR_051875"
                           xlink:type="simple">
            <relationEntry localType="archival">Images des répertoires du notaire Charles Gondouin pour l'étude XXVI</relationEntry>
         </resourceRelation>
         <resourceRelation xmlns:xlink="http://www.w3.org/1999/xlink"
                           resourceRelationType="creatorOf"
                           xlink:href="FRAN_IR_051878"
                           xlink:type="simple">
            <relationEntry localType="archival">Images des répertoires du notaire Ferdinand Ducloux pour l'étude XXVI</relationEntry>
         </resourceRelation>
         <resourceRelation xmlns:xlink="http://www.w3.org/1999/xlink"
                           resourceRelationType="creatorOf"
                           xlink:href="FRAN_IR_051877"
                           xlink:type="simple">
            <relationEntry localType="archival">Images du répertoire du notaire Ernest Ducloux pour l'étude XXVI</relationEntry>
         </resourceRelation>
         <resourceRelation xmlns:xlink="http://www.w3.org/1999/xlink"
                           resourceRelationType="creatorOf"
                           xlink:href="FRAN_IR_051874"
                           xlink:type="simple">
            <relationEntry localType="archival">Images des répertoires du notaire Gabriel Le Villain pour l'étude XXVI</relationEntry>
         </resourceRelation>
         <resourceRelation xmlns:xlink="http://www.w3.org/1999/xlink"
                           resourceRelationType="creatorOf"
                           xlink:href="FRAN_IR_051880"
                           xlink:type="simple">
            <relationEntry localType="archival">Images du répertoire du notaire Pierre Eugène Constantin pour l'étude XXVI</relationEntry>
         </resourceRelation>
      </relations>
   </cpfDescription>
</eac-cpf>
