<eac-cpf xmlns="urn:isbn:1-931666-33-4"
         xmlns:xsi="http://www.w3.org/2001/XMLSchema-instance"
         xsi:schemaLocation="urn:isbn:1-931666-33-4 cpf.xsd">
   <control>
      <recordId>FRAN_NP_002098</recordId>
      <otherRecordId localType="Ancien_identifiant">2680/2</otherRecordId>
      <maintenanceStatus>revised</maintenanceStatus>
      <maintenanceAgency>
         <agencyName>Archives nationales de France</agencyName>
      </maintenanceAgency>
      <languageDeclaration>
         <language languageCode="fre">Français</language>
         <script scriptCode="Latn"/>
      </languageDeclaration>
      <conventionDeclaration>
         <citation>Notice établie conformément à la norme ICA-ISAAR (CPF) 2004, aux normes ISO 8601 pour le système de normalisation des dates utilisé, ainsi que AFNOR NF Z 44-061, juin 1986. Catalogage : forme et structure des vedettes noms de personne, des vedettes titres, des rubriques de classement et des titres forgés.</citation>
      </conventionDeclaration>
      <localControl localType="niveau_de_detail">
         <term>Moyenne</term>
      </localControl>
      <maintenanceHistory>
         <maintenanceEvent>
            <eventType>derived</eventType>
            <eventDateTime>2013-04-23</eventDateTime>
            <agentType>machine</agentType>
            <agent>Import_SIA</agent>
         </maintenanceEvent>
         <maintenanceEvent>
            <eventType>revised</eventType>
            <eventDateTime>2015-04-27</eventDateTime>
            <agentType>human</agentType>
            <agent>Florence CLAVAUD</agent>
            <eventDescription>F. Clavaud, 26 avril 2015 : revu nom, ajouté ISNI et n° notice BnF, notice historique reprise en partie de notice OMI, indexation fonctions</eventDescription>
         </maintenanceEvent>
      </maintenanceHistory>
      <sources>
         <source>
            <descriptiveNote>
               <p>Notice d'autorité BnF n° FRBNF11865179</p>
            </descriptiveNote>
         </source>
      </sources>
   </control>
   <cpfDescription>
      <identity>
         <entityId>ISNI 0000 0001 1942 4768</entityId>
         <entityType>corporateBody</entityType>
         <nameEntry localType="autorisée" scriptCode="Latn" xml:lang="fre">
            <part>Office français de l'immigration et de l'intégration (2005-....)</part>
         </nameEntry>
         <nameEntry>
            <part>OFII</part>
            <useDates>
               <dateRange>
                  <fromDate standardDate="2009-01-01">2009</fromDate>
               </dateRange>
            </useDates>
         </nameEntry>
         <nameEntry>
            <part>Agence nationale de l'accueil des étrangers et des migrations (ANAEM)</part>
            <useDates>
               <dateRange>
                  <fromDate standardDate="2005-01-01">2005</fromDate>
                  <toDate standardDate="2009-12-31">2009</toDate>
               </dateRange>
            </useDates>
         </nameEntry>
      </identity>
      <description>
         <existDates>
            <dateRange>
               <fromDate standardDate="2005-01-01">2005</fromDate>
            </dateRange>
         </existDates>
         <legalStatuses>
            <legalStatus>
               <term vocabularySource="d5blonb3ky--u69ytier8ih6">établissement public à caractère administratif</term>
            </legalStatus>
         </legalStatuses>
         <functions>
            <function>
               <term vocabularySource="d5bhvih1do--ryj2votztf8z">affaires sociales</term>
               <descriptiveNote>
                  <p>accompagnement des étrangers, regroupement familial</p>
               </descriptiveNote>
            </function>
            <function>
               <term vocabularySource="d3nyui4q6o-42t7jsnnca4h">organisation du travail</term>
               <descriptiveNote>
                  <p>travail des étrangers en France ; français à l'étranger</p>
               </descriptiveNote>
            </function>
         </functions>
         <mandates>
            <mandate>
               <descriptiveNote>
                  <p>Décret n° 2009-331 créant l'OFII</p>
               </descriptiveNote>
            </mandate>
         </mandates>
         <biogHist>
            <p>Établissement public national sous la tutelle du ministère de l'Immigration, de l'intégration, de l'identité nationale et du développement solidaire, l'actuel Office français de l'immigration et de l'intégration (OFII), créé fin mars 2009 (décret n° 2009-331), est l'héritier direct de l'Office national de l'immigration (ONI). Celui-ci avait été créé en 1945 (art. 29 de l'ordonnance 45-2658 du 2 novembre), auprès du ministère du Travail avec le monopole du recrutement et de l'introduction de main d'œuvre étrangère, notamment de saisonniers. Il était devenu l'Office des migrations internationales (OMI) le 7 janvier 1988 ; il avait alors vu ses compétences étendues à l'emploi des Français à l'étranger. </p>
            <p>Par ailleurs en 2005 (loi du 18 janvier et décret n° 2005-381 du 20 avril), l'Agence nationale d'accueil des étrangers et des migrations voit le jour (ANAEM), rassemblant l'OMI et certaines missions d'utilité publique jusqu'alors dévolues au Service social d'aide aux émigrants (SSAE), association créée en 1926.</p>
            <p>En 2009, l'ANAEM devient OFII.</p>
            <p/>
            <p>L'Office a traditionnellement été chargé d'assurer l'immigration de travailleurs. Depuis 1986, il assure en outre le contrôle sanitaire de tous les étrangers devant séjourner plus de trois mois en France. Par ailleurs, il participe depuis 1977 aux actions d'aide au retour et à la réinsertion dans le pays d'origine, par le biais, notamment, d'accords bilatéraux.</p>
            <p>Pour favoriser l'insertion et l'intégration en France, l'Office assure, entre autres missions, l'accompagnement des immigrés (décret n° 75-1001 du 16 octobre 1975) et le regroupement familial (décret n° 76-383 du 29 avril 1976) et depuis 2005, le contrat d'accueil et d'intégration CAI, en particulier la gestion des formations civiques et linguistiques. C'est également cet établissement qui est chargé de percevoir la contribution spéciale due par les employeurs de main d'œuvre en situation irrégulière, créée en 1976 (loi n° 76-621 du 10 juillet 1976).</p>
            <p>De 1988 à 2008, l'Office est par ailleurs en charge des questions d'expatriation des Français, en lien avec l'ANPE depuis 1999 : information, recrutement et assistance, jeunes stagiaires professionnels. Cette mission a depuis été confiée à Pôle Emploi International.</p>
         </biogHist>
      </description>
      <relations>
         <cpfRelation xmlns:xlink="http://www.w3.org/1999/xlink"
                      cpfRelationType="hierarchical-parent"
                      xlink:href="FRAN_NP_000008"
                      xlink:type="simple">
            <relationEntry>Ministère de l'Intérieur</relationEntry>
            <dateRange>
               <fromDate standardDate="2010-11-14">14 novembre 2010</fromDate>
               <toDate/>
            </dateRange>
         </cpfRelation>
         <cpfRelation xmlns:xlink="http://www.w3.org/1999/xlink"
                      cpfRelationType="associative"
                      xlink:href="FRAN_NP_009623"
                      xlink:type="simple">
            <relationEntry>Ministère du Travail, de l'Emploi et de la Santé</relationEntry>
            <dateRange>
               <fromDate standardDate="2010-11-14">14 novembre 2010</fromDate>
               <toDate standardDate="2012-03-07">7 mars 2012</toDate>
            </dateRange>
         </cpfRelation>
         <cpfRelation xmlns:xlink="http://www.w3.org/1999/xlink"
                      cpfRelationType="temporal-earlier"
                      xlink:href="FRAN_NP_004921"
                      xlink:type="simple">
            <relationEntry>Office des migrations internationales</relationEntry>
            <dateRange>
               <fromDate standardDate="2005-01-01">2005</fromDate>
            </dateRange>
         </cpfRelation>
         <cpfRelation xmlns:xlink="http://www.w3.org/1999/xlink"
                      cpfRelationType="temporal-earlier"
                      xlink:href="FRAN_NP_004919"
                      xlink:type="simple">
            <relationEntry>Service social d'aide aux émigrants</relationEntry>
            <dateRange>
               <fromDate standardDate="2005-01-01">2005</fromDate>
            </dateRange>
         </cpfRelation>
      </relations>
   </cpfDescription>
</eac-cpf>
