<eac-cpf xmlns="urn:isbn:1-931666-33-4"
         xmlns:xsi="http://www.w3.org/2001/XMLSchema-instance"
         xsi:schemaLocation="urn:isbn:1-931666-33-4 cpf.xsd">
   <control>
      <recordId>FRAN_NP_005671</recordId>
      <maintenanceStatus>revised</maintenanceStatus>
      <maintenanceAgency>
         <agencyName>Archives nationales de France</agencyName>
      </maintenanceAgency>
      <languageDeclaration>
         <language languageCode="fre">Français</language>
         <script scriptCode="Latn"/>
      </languageDeclaration>
      <conventionDeclaration>
         <citation>Notice établie conformément à la norme ICA-ISAAR (CPF) 2004, aux normes ISO 8601 pour le système de normalisation des dates utilisé, ainsi que AFNOR NF Z 44-061, juin 1986. Catalogage : forme et structure des vedettes noms de personne, des vedettes titres, des rubriques de classement et des titres forgés.</citation>
      </conventionDeclaration>
      <localControl localType="niveau_de_detail">
         <term>Complète</term>
      </localControl>
      <maintenanceHistory>
         <maintenanceEvent>
            <eventType>derived</eventType>
            <eventDateTime>2013-04-23</eventDateTime>
            <agentType>machine</agentType>
            <agent>Import_SIA</agent>
         </maintenanceEvent>
         <maintenanceEvent>
            <eventType>revised</eventType>
            <eventDateTime>2015-12-24</eventDateTime>
            <agentType>human</agentType>
            <agent>Marine ZELVERTE</agent>
            <eventDescription/>
         </maintenanceEvent>
         <maintenanceEvent>
            <eventType>updated</eventType>
            <eventDateTime>2017-03-22</eventDateTime>
            <agentType>human</agentType>
            <agent>Marine ZELVERTE</agent>
         </maintenanceEvent>
         <maintenanceEvent>
            <eventType>revised</eventType>
            <eventDateTime>2017-04-10</eventDateTime>
            <agentType>human</agentType>
            <agent>Mission.referentiels MISSION.REFERENTIELS</agent>
         </maintenanceEvent>
         <maintenanceEvent>
            <eventType>updated</eventType>
            <eventDateTime>2017-04-14</eventDateTime>
            <agentType>human</agentType>
            <agent>Mission.referentiels MISSION.REFERENTIELS</agent>
         </maintenanceEvent>
         <maintenanceEvent>
            <eventType>updated</eventType>
            <eventDateTime>2017-04-14</eventDateTime>
            <agentType>human</agentType>
            <agent>Mission.referentiels MISSION.REFERENTIELS</agent>
         </maintenanceEvent>
      </maintenanceHistory>
      <sources>
         <source>
            <descriptiveNote>
               <p>Bottin administratif</p>
               <p>Journal Officiel de la République française</p>
            </descriptiveNote>
         </source>
      </sources>
   </control>
   <cpfDescription>
      <identity>
         <entityType>corporateBody</entityType>
         <nameEntry localType="autorisée" scriptCode="Latn" xml:lang="fre">
            <part>France. Direction du Livre et de la Lecture. Bureau des bibliothèques centrales de prêt (1976-1987)</part>
         </nameEntry>
         <nameEntry>
            <part>DL 6</part>
            <useDates>
               <dateRange>
                  <fromDate standardDate="1976-01-01">1976</fromDate>
                  <toDate standardDate="1979-12-31">1979</toDate>
               </dateRange>
            </useDates>
         </nameEntry>
         <nameEntry>
            <part>L 6</part>
            <useDates>
               <dateRange>
                  <fromDate standardDate="1980-01-01">1980</fromDate>
                  <toDate standardDate="1986-12-31">1986</toDate>
               </dateRange>
            </useDates>
         </nameEntry>
      </identity>
      <description>
         <existDates>
            <dateRange>
               <fromDate standardDate="1976-01-01">1976</fromDate>
               <toDate standardDate="1987-05-20">20 mai 1987</toDate>
            </dateRange>
         </existDates>
         <legalStatuses>
            <legalStatus>
               <term vocabularySource="d5blonaxbw--1mt8t42bokzts">service d'administration centrale</term>
            </legalStatus>
         </legalStatuses>
         <functions>
            <function>
               <term vocabularySource="d3nyugaefk--zg9gvxs7butk">aménagement du territoire</term>
            </function>
            <function>
               <term vocabularySource="d3nyugszba-a2wofi2a3sjm">construction</term>
            </function>
            <function>
               <term vocabularySource="d3nyuhqsd2--1a8m2jo9iv12q">financement</term>
            </function>
            <function>
               <term vocabularySource="d5bhvimbi4--1c33jbciwlk3b">gestion immobilière</term>
            </function>
            <function>
               <term vocabularySource="d5bhvijcl3--1u6l4sy8b51az">préparation budgétaire</term>
            </function>
            <function>
               <term vocabularySource="d3nyuiihz0-a8ekfbm461kd">statistique</term>
            </function>
            <function>
               <term vocabularySource="d3nyuhoecr-1sbq8mv9b6x2z">équipement</term>
            </function>
         </functions>
         <mandates>
            <mandate>
               <descriptiveNote>
                  <p>Décret n°75-1218 du 23 décembre 1975 portant création d'une direction du Livre au Secrétariat d'État à la Culture (https://www.legifrance.gouv.fr/affichTexte.do?cidTexte=JORFTEXT000000500773&amp;fastPos=8&amp;fastReqId=1172929266&amp;categorieLien=id&amp;oldAction=rechTexte)</p>
                  <p>Arrêté du 16 février 1987 relatif à l'organisation de la direction du Livre et de la Lecture (https://www.legifrance.gouv.fr/affichTexte.do?cidTexte=JORFTEXT000000843367&amp;fastPos=1&amp;fastReqId=881062634&amp;categorieLien=id&amp;oldAction=rechTexte)</p>
               </descriptiveNote>
            </mandate>
         </mandates>
         <biogHist>
            <p>
               <span style="underline">Historique :</span>
            </p>
            <p>Le bureau des bibliothèques centrales de prêt apparaît suite au décret du 23 décembre 1975 qui crée la direction du Livre (DL). Il en constitue le sixième bureau, au sein du service des bibliothèques publiques. </p>
            <p>Il disparaît dans les faits dès 1986, lorsque l'organisation du service des bibliothèques publiques et de la lecture est refondue dans le contexte des lois de décentralisation, qui transfèrent aux départements la gestion des bibliothèques centrales de prêt (devenues bibliothèques départementales de prêt). Un bureau du développement de la lecture est alors chargé du suivi de la décentralisation des bibliothèques. </p>
            <p>Sa disparition est entérinée par l'arrêté du 16 février 1987 (publié au Journal Officiel le 20 mai) qui fixe la nouvelle organisation du département des bibliothèques et de la lecture. </p>
            <p/>
            <p>
               <span style="underline">Missions :</span>
            </p>
            <p>Il a en charge :</p>
            <list>
               <item>la gestion des bibliothèques centrales de prêt ;</item>
               <item>les opérations d'équipement (études techniques, acquisitions de terrains, construction, mobilier, matériel) ;</item>
               <item>les bibliobus (acquisitions, renouvellement, aménagement) ; </item>
               <item>la répartition des emplois et des crédits ; </item>
               <item>les associations départementales de lecture publique, puis les plans départementaux de lecture publique ;</item>
               <item>les statistiques.</item>
            </list>
         </biogHist>
      </description>
      <relations>
         <cpfRelation xmlns:xlink="http://www.w3.org/1999/xlink"
                      cpfRelationType="temporal-earlier"
                      xlink:href="FRAN_NP_003551"
                      xlink:type="simple">
            <relationEntry>France. Direction des bibliothèques et de la lecture publique. Services techniques. Section de la lecture publique (1971-1975)</relationEntry>
            <dateRange>
               <fromDate standardDate="1976-01-01">1976</fromDate>
            </dateRange>
         </cpfRelation>
         <cpfRelation xmlns:xlink="http://www.w3.org/1999/xlink"
                      cpfRelationType="hierarchical-parent"
                      xlink:href="FRAN_NP_005084"
                      xlink:type="simple">
            <relationEntry>France. Ministère de la Culture et de la Communication. Direction du Livre et de la Lecture. Département des bibliothèques et de la lecture (1976-1993)</relationEntry>
            <dateRange>
               <fromDate standardDate="1976-01-01">1976</fromDate>
               <toDate standardDate="1987-05-20">20 mai 1987</toDate>
            </dateRange>
            <descriptiveNote>
               <p>
      @isPartOf@ 
    </p>
            </descriptiveNote>
         </cpfRelation>
         <cpfRelation xmlns:xlink="http://www.w3.org/1999/xlink"
                      cpfRelationType="temporal-later"
                      xlink:href="FRAN_NP_005081"
                      xlink:type="simple">
            <relationEntry>France. Direction du Livre et de la Lecture. Bureau des établissements, du patrimoine et de l'action culturelle (1987-1988)</relationEntry>
            <dateRange>
               <fromDate standardDate="1987-05-21">21 mai 1987</fromDate>
            </dateRange>
         </cpfRelation>
         <resourceRelation xmlns:xlink="http://www.w3.org/1999/xlink"
                           resourceRelationType="creatorOf"
                           xlink:href="FRAN_IR_054852"
                           xlink:type="simple">
            <relationEntry localType="archival">Direction des bibliothèques et de la lecture publique, direction du livre et de la lecture. Suivi des bibliothèques territoriales (1956-2004)</relationEntry>
         </resourceRelation>
      </relations>
   </cpfDescription>
</eac-cpf>
