<eac-cpf xmlns="urn:isbn:1-931666-33-4"
         xmlns:xsi="http://www.w3.org/2001/XMLSchema-instance"
         xsi:schemaLocation="urn:isbn:1-931666-33-4 cpf.xsd">
   <control>
      <recordId>FRAN_NP_005159</recordId>
      <otherRecordId localType="Ancien_identifiant">5105/ET</otherRecordId>
      <maintenanceStatus>revised</maintenanceStatus>
      <maintenanceAgency>
         <agencyName>Archives nationales de France</agencyName>
      </maintenanceAgency>
      <languageDeclaration>
         <language languageCode="fre">Français</language>
         <script scriptCode="Latn"/>
      </languageDeclaration>
      <conventionDeclaration>
         <citation>Notice établie conformément à la norme ICA-ISAAR (CPF) 2004, aux normes ISO 8601 pour le système de normalisation des dates utilisé, ainsi que AFNOR NF Z 44-061, juin 1986. Catalogage : forme et structure des vedettes noms de personne, des vedettes titres, des rubriques de classement et des titres forgés.</citation>
      </conventionDeclaration>
      <localControl localType="niveau_de_detail">
         <term>Moyenne</term>
      </localControl>
      <maintenanceHistory>
         <maintenanceEvent>
            <eventType>derived</eventType>
            <eventDateTime>2013-04-23</eventDateTime>
            <agentType>machine</agentType>
            <agent>Import_SIA</agent>
         </maintenanceEvent>
         <maintenanceEvent>
            <eventType>revised</eventType>
            <eventDateTime>2015-10-13</eventDateTime>
            <agentType>human</agentType>
            <agent>Elsa CAMUS</agent>
            <eventDescription>Modification du nom, des liens entre producteurs. Ajout de l'historique, des sources, des textes de référence, du numéro ISNI</eventDescription>
         </maintenanceEvent>
         <maintenanceEvent>
            <eventType>updated</eventType>
            <eventDateTime>2016-10-20</eventDateTime>
            <agentType>human</agentType>
            <agent>Mission.referentiels MISSION.REFERENTIELS</agent>
         </maintenanceEvent>
      </maintenanceHistory>
      <sources>
         <source>
            <descriptiveNote>
               <p>Site du Ministère de la Culture et de la Communication dédié à la Mission ethnologique : http://www.culture.gouv.fr/mpe/</p>
            </descriptiveNote>
         </source>
      </sources>
   </control>
   <cpfDescription>
      <identity>
         <entityId>ISNI 0000 0001 0728 7970</entityId>
         <entityType>corporateBody</entityType>
         <nameEntry localType="autorisée" scriptCode="Latn" xml:lang="fre">
            <part>France. Ministère de la Culture et de la Communication. Direction du patrimoine. Mission du patrimoine ethnologique (1980-1998)</part>
         </nameEntry>
      </identity>
      <description>
         <existDates>
            <dateRange>
               <fromDate standardDate="1980-01-01">1980</fromDate>
               <toDate standardDate="1998-12-31">1998</toDate>
            </dateRange>
         </existDates>
         <legalStatuses>
            <legalStatus>
               <term vocabularySource="d5blonaxbw--1mt8t42bokzts">service d'administration centrale</term>
            </legalStatus>
         </legalStatuses>
         <mandates>
            <mandate>
               <descriptiveNote>
                  <p>Arrêté du 7 août 1980 modifiant l'arrêté du 23 octobre 1979 : http://www.legifrance.gouv.fr/jopdf/common/jo_pdf.jsp?numJO=0&amp;dateJO=19800821&amp;numTexte=&amp;pageDebut=57643&amp;pageFin= ;</p>
               </descriptiveNote>
            </mandate>
         </mandates>
         <biogHist>
            <p>La mission du patrimoine ethnologique est créée par arrêté du 7 août 1980. Elle est placée au sein de la direction du patrimoine et elle s'enrichit en 1981 d'une commission du patrimoine ethnologique.</p>
            <p>Ses missions sont définies dans l'arrêté du 7 août 1980 : elle "prépare et assure les décisions prises après avis du conseil du patrimoine ethnologique. Elle traite l'ensemble des problèmes administratifs, financiers et techniques relatifs à l'application de la politique ethnologique".</p>
            <p>Suite à la fusion des deux directions de l'architecture et du patrimoine en 1998, la mission du patrimoine ethnologique est transférée à la nouvelle direction de l'architecture et du patrimoine.</p>
         </biogHist>
      </description>
      <relations>
         <cpfRelation xmlns:xlink="http://www.w3.org/1999/xlink"
                      cpfRelationType="temporal-later"
                      xlink:href="FRAN_NP_005386"
                      xlink:type="simple">
            <relationEntry>Mission « ethnologie » (direction de l'architecture et du patrimoine)</relationEntry>
            <dateRange>
               <fromDate standardDate="1998-01-01">1998</fromDate>
            </dateRange>
         </cpfRelation>
         <cpfRelation xmlns:xlink="http://www.w3.org/1999/xlink"
                      cpfRelationType="hierarchical-parent"
                      xlink:href="FRAN_NP_005170"
                      xlink:type="simple">
            <relationEntry>France. Ministère de la Culture et de la Communication. Direction du patrimoine (1978-1998)</relationEntry>
            <dateRange>
               <fromDate standardDate="1980-01-01">1980</fromDate>
               <toDate standardDate="1998-12-31">1998</toDate>
            </dateRange>
         </cpfRelation>
         <resourceRelation xmlns:xlink="http://www.w3.org/1999/xlink"
                           resourceRelationType="subjectOf"
                           xlink:href="FRAN_IR_015602"
                           xlink:type="simple">
            <relationEntry localType="archival">Culture ; Direction du patrimoine ; Mission patrimoine ethnologique (1979-1992)</relationEntry>
         </resourceRelation>
         <resourceRelation xmlns:xlink="http://www.w3.org/1999/xlink"
                           resourceRelationType="subjectOf"
                           xlink:href="FRAN_IR_018536"
                           xlink:type="simple">
            <relationEntry localType="archival">Culture ; Direction du patrimoine ; Mission patrimoine ethnologique (1979-1993)</relationEntry>
         </resourceRelation>
         <resourceRelation xmlns:xlink="http://www.w3.org/1999/xlink"
                           resourceRelationType="subjectOf"
                           xlink:href="FRAN_IR_022790"
                           xlink:type="simple">
            <relationEntry localType="archival">Culture ; Direction du patrimoine ; Mission patrimoine ethnologique (1979-1993)</relationEntry>
         </resourceRelation>
      </relations>
   </cpfDescription>
</eac-cpf>
