<eac-cpf xmlns="urn:isbn:1-931666-33-4"
         xmlns:xsi="http://www.w3.org/2001/XMLSchema-instance"
         xsi:schemaLocation="urn:isbn:1-931666-33-4 cpf.xsd">
   <control>
      <recordId>FRAN_NP_009893</recordId>
      <maintenanceStatus>revised</maintenanceStatus>
      <maintenanceAgency>
         <agencyName>Archives nationales de France</agencyName>
      </maintenanceAgency>
      <languageDeclaration>
         <language languageCode="fre">Français</language>
         <script scriptCode="Latn"/>
      </languageDeclaration>
      <conventionDeclaration>
         <citation>Notice établie conformément à la norme ICA-ISAAR (CPF) 2004, aux normes ISO 8601 pour le système de normalisation des dates utilisé, ainsi que AFNOR NF Z 44-061, juin 1986. Catalogage : forme et structure des vedettes noms de personne, des vedettes titres, des rubriques de classement et des titres forgés.</citation>
      </conventionDeclaration>
      <localControl localType="niveau_de_detail">
         <term>Moyenne</term>
      </localControl>
      <maintenanceHistory>
         <maintenanceEvent>
            <eventType>derived</eventType>
            <eventDateTime>2013-04-23</eventDateTime>
            <agentType>machine</agentType>
            <agent>Import_SIA</agent>
         </maintenanceEvent>
         <maintenanceEvent>
            <eventType>revised</eventType>
            <eventDateTime>2016-06-22</eventDateTime>
            <agentType>human</agentType>
            <agent>null MISSION.REFERENTIELS</agent>
            <eventDescription>Elsa Camus pour Claire Martin (chargée de la Mission des archives auprès des services du Premier ministre), 22 juin 2016 : modification de la forme autorisée du nom, ajout historique, ajout organisation interne, ajout textes de référence</eventDescription>
         </maintenanceEvent>
      </maintenanceHistory>
   </control>
   <cpfDescription>
      <identity>
         <entityType>corporateBody</entityType>
         <nameEntry localType="autorisée" scriptCode="Latn" xml:lang="fre">
            <part>France. Ministère de la Fonction publique. Cabinet d'Anne-Marie Escoffier, ministre déléguée chargée de la Décentralisation (2012-2014)</part>
         </nameEntry>
      </identity>
      <description>
         <existDates>
            <dateRange>
               <fromDate standardDate="2012-06-21">21 juin 2012</fromDate>
               <toDate standardDate="2014-03-31">31 mars 2014</toDate>
            </dateRange>
         </existDates>
         <legalStatuses>
            <legalStatus>
               <term vocabularySource="d5blonb04s-1nqrprwwl75h0">cabinet ministériel</term>
            </legalStatus>
         </legalStatuses>
         <mandates>
            <mandate>
               <descriptiveNote>
                  <p>Décret du 21 juin 2012 relatif à la composition du Gouvernement ;</p>
                  <p>Décret du 31 mars 2014 relatif à la cessation des fonctions du Gouvernement</p>
               </descriptiveNote>
            </mandate>
         </mandates>
         <structureOrGenealogy>
            <p>Composition du cabinet :</p>
            <p>- Directeur du cabinet : Laurent Olléon, qui était également directeur-adjoint du cabinet de Marylise Lebranchu (25 juin 2012),</p>
            <p>- Directeur-adjoint du cabinet : François-Claude Plaisant (26 octobre 2012- 1er mars 2013), remplacé par David Philot (25 mars 2013),</p>
            <p>- Conseillère, chef de cabinet : Édith Alauzet (26 octobre 2012) (elle était précédemment conseillère technique chargé des affaires réservées, du 13 juillet au 26 octobre 2012),</p>
            <p>- Conseiller de la ministre : François-Claude Plaisant (29 juin-26 octobre 2012, nommé directeur-adjoint du cabinet),</p>
            <p>- Conseillère juridique : Sophie Rimeu (5 juillet 2012-1er septembre 2013),</p>
            <p>- Conseiller chargé du financement bancaire des collectivités territoriales : Raphaël Schmidt (5 juillet 2012),</p>
            <p>- Conseiller chargé de la fiscalité locale et des concours financiers de l'État aux collectivités territoriales : Julien Robineau (5 juillet 2012),</p>
            <p>- Conseiller chargé des questions sociales, de l'urbanisme et du logement : François Démaret (16 septembre 2013),</p>
            <p>- Conseiller technique chargé des affaires juridiques et des institutions : Maximilien Mézard (13 juillet 2012), promu conseiller parlementaire (5 août 2013),</p>
            <p>- Conseiller technique chargé des affaires territoriales : Emmanuel Duru (3 décembre 2012), promu conseiller chargé des questions juridiques et des relations avec les collectivités territoriales (5 août 2013),</p>
            <p>- Conseillère technique chargée des relations avec le Parlement : Emmanuelle Bertrand (13 juillet 2012), promue conseillère technique chargée des affaires parlementaires et institutionnelles (5 août 2013-1er janvier 2014),</p>
            <p>- Conseillère technique chargée de la communication et de la presse : Diane Gallais (29 août 2012)</p>
         </structureOrGenealogy>
         <biogHist>
            <p>Lors de la constitution du second gouvernement de Jean-Marc Ayrault, le 21 juin 2012, Anne-Marie Escoffier est nommée ministre déléguée en charge de la Décentralisation, auprès de Marylise Lebranchu, ministre de Ministre de la Réforme de l'État, de la décentralisation et de la Fonction publique.</p>
            <p>Cette nomination marque la volonté du gouvernement d’ouvrir une nouvelle phase de la décentralisation dans le cadre plus large de la réforme de l’État et des collectivités territoriales. Ses attributions sont précisées par le décret du 18 juillet 2012.</p>
            <p>La ministre est en charge des questions relatives à la décentralisation et aux collectivités territoriales, dont la politique de renforcement des responsabilités locales et les modalités de financement.</p>
            <p>L’activité de son cabinet est notamment marquée par la préparation des lois du 17 mai 2013 relatives à l’élection des conseillers départementaux et communaux et du 27 janvier 2014 de modernisation de l'action publique territoriale et d'affirmation des métropoles (dite loi MAPTAM), et est à l’origine de la loi du 7 août 2015 portant nouvelle organisation territoriale de la République (dite loi NOTRe).</p>
            <p>Ses fonctions prennent fin avec la démission de Jean-Marc Ayrault, le 29 mars 2014.</p>
            <p>Le gouvernement de Manuel Valls, constitué le 31 mars 2014, ne comprend plus de ministre de la Décentralisation, toutefois André Vallini, secrétaire d’État chargé de la Réforme territoriale (2014-2016), reprend une grande part de ses attributions.</p>
         </biogHist>
      </description>
      <relations>
         <cpfRelation xmlns:xlink="http://www.w3.org/1999/xlink"
                      cpfRelationType="associative"
                      xlink:href="FRAN_NP_051712"
                      xlink:type="simple">
            <relationEntry>France. Cabinet de Marylise Lebranchu, ministre de la Réforme de l'Etat, de la décentralisation et de la fonction publique (2012-2016)</relationEntry>
            <dateRange>
               <fromDate standardDate="2012-06-21">21 juin 2012</fromDate>
               <toDate standardDate="2014-03-31">31 mars 2014</toDate>
            </dateRange>
         </cpfRelation>
         <cpfRelation xmlns:xlink="http://www.w3.org/1999/xlink"
                      cpfRelationType="hierarchical-parent"
                      xlink:href="FRAN_NP_009891"
                      xlink:type="simple">
            <relationEntry>Cabinets de la ministre déléguée et du secrétaire d'État auprès du ministre chargé de la Fonction publique</relationEntry>
            <dateRange>
               <fromDate standardDate="2012-06-21">21 juin 2012</fromDate>
               <toDate standardDate="2014-03-31">31 mars 2014</toDate>
            </dateRange>
         </cpfRelation>
      </relations>
   </cpfDescription>
</eac-cpf>
