<eac-cpf xmlns="urn:isbn:1-931666-33-4"
         xmlns:xsi="http://www.w3.org/2001/XMLSchema-instance"
         xsi:schemaLocation="urn:isbn:1-931666-33-4 cpf.xsd">
   <control>
      <recordId>FRAN_NP_005588</recordId>
      <maintenanceStatus>revised</maintenanceStatus>
      <maintenanceAgency>
         <agencyName>Archives nationales de France</agencyName>
      </maintenanceAgency>
      <languageDeclaration>
         <language languageCode="fre">Français</language>
         <script scriptCode="Latn"/>
      </languageDeclaration>
      <conventionDeclaration>
         <citation>Notice établie conformément à la norme ICA-ISAAR (CPF) 2004, aux normes ISO 8601 pour le système de normalisation des dates utilisé, ainsi que AFNOR NF Z 44-061, juin 1986. Catalogage : forme et structure des vedettes noms de personne, des vedettes titres, des rubriques de classement et des titres forgés.</citation>
      </conventionDeclaration>
      <localControl localType="niveau_de_detail">
         <term>Complète</term>
      </localControl>
      <maintenanceHistory>
         <maintenanceEvent>
            <eventType>derived</eventType>
            <eventDateTime>2013-04-23</eventDateTime>
            <agentType>machine</agentType>
            <agent>Import_SIA</agent>
         </maintenanceEvent>
         <maintenanceEvent>
            <eventType>revised</eventType>
            <eventDateTime>2015-12-09</eventDateTime>
            <agentType>human</agentType>
            <agent>Elsa CAMUS</agent>
            <eventDescription>F. Clavaud, 2 décembre 2015 : revu les liens, ajouté n° notice BnF</eventDescription>
         </maintenanceEvent>
         <maintenanceEvent>
            <eventType>revised</eventType>
            <eventDateTime>2016-02-02</eventDateTime>
            <agentType>human</agentType>
            <agent>Florence CLAVAUD</agent>
            <eventDescription/>
         </maintenanceEvent>
         <maintenanceEvent>
            <eventType>revised</eventType>
            <eventDateTime>2017-03-23</eventDateTime>
            <agentType>human</agentType>
            <agent>Mission.referentiels MISSION.REFERENTIELS</agent>
         </maintenanceEvent>
         <maintenanceEvent>
            <eventType>updated</eventType>
            <eventDateTime>2017-03-23</eventDateTime>
            <agentType>human</agentType>
            <agent>Mission.referentiels MISSION.REFERENTIELS</agent>
            <eventDescription>F. Clavaud, 23 mars 2017 : ajouté lien d'identité</eventDescription>
         </maintenanceEvent>
      </maintenanceHistory>
      <sources>
         <source>
            <descriptiveNote>
               <p>Dardy-Cretin Michèle, 
      <span style="italic"> Histoire administrative du Ministère de la culture et de la communication, 1959-2012 : les services de l'administration centrale</span>, Paris, Comité d'histoire du Ministère de la Culture, 2012 
     </p>
               <p>Site Internet du ministère de la Culture et de la Communication. Disponible à l'adresse suivante : http://www.culturecommunication.gouv.fr/</p>
               <p>
                  <span style="italic">Bottin administratif</span>, Paris, 2010-.... 
     </p>
               <p>Notice d'autorité BnF : http://catalogue.bnf.fr/ark:/12148/cb16528635h</p>
            </descriptiveNote>
         </source>
      </sources>
   </control>
   <cpfDescription>
      <identity>
         <entityId/>
         <entityType>corporateBody</entityType>
         <nameEntry localType="autorisée" scriptCode="Latn" xml:lang="fre">
            <part>France. Ministère de la Culture et de la Communication. Direction générale des patrimoines. Service du patrimoine (2010-....)</part>
         </nameEntry>
      </identity>
      <description>
         <existDates>
            <dateRange>
               <fromDate standardDate="2010-01-01">2010</fromDate>
            </dateRange>
         </existDates>
         <legalStatuses>
            <legalStatus>
               <term vocabularySource="d5blonaxbw--1mt8t42bokzts">service d'administration centrale</term>
            </legalStatus>
         </legalStatuses>
         <mandates>
            <mandate>
               <descriptiveNote>
                  <p>Arrêté du 17 novembre 2009 relatif aux missions et à l'organisation de la direction générale des patrimoines :</p>
                  <p>http://www.legifrance.gouv.fr/jo_pdf.do?id=JORFTEXT000021384630</p>
               </descriptiveNote>
            </mandate>
         </mandates>
         <structureOrGenealogy>
            <p>Le service du patrimoine regroupe :</p>
            <p>– la sous-direction des monuments historiques et des espaces protégés ;</p>
            <p>– la sous-direction de l’archéologie ;</p>
            <p>– la mission de l’inventaire général du patrimoine culturel.</p>
         </structureOrGenealogy>
         <biogHist>
            <p>Dans le cadre de la réorganisation de l'administration centrale du ministère de la Culture et de la Communication initiée en 2007, les compétences en matière d'architecture, archives, musées, et patrimoine monumental et archéologique sont réunies dans une même direction.</p>
            <p>La nouvelle direction générale des patrimoines, est constituée le 13 janvier 2010 suite au décret n°2009-1393.</p>
            <p>Elle regroupe la direction des musées de France, la direction de l’architecture et du patrimoine ainsi que la direction des archives de France. Ces anciennes directions deviennent alors de nouveaux services : le service de l'architecture, le service interministériel des archives de France, le service des musées de France, et le service du patrimoine.</p>
            <p>Les missions de ce dernier sont décrites dans l'arrêté du 17 novembre 2009 : il "est chargé de l’étude, de la protection, de la conservation, de la restauration, de la valorisation et de la transmission aux générations futures du patrimoine archéologique, des immeubles et objets mobiliers présentant un intérêt historique, esthétique, artistique ou scientifique, des espaces protégés au titre du code du patrimoine et du code de l’urbanisme."</p>
         </biogHist>
      </description>
      <relations>
         <cpfRelation xmlns:xlink="http://www.w3.org/1999/xlink"
                      cpfRelationType="hierarchical-child"
                      xlink:href="FRAN_NP_005526"
                      xlink:type="simple">
            <relationEntry>Mission de l'inventaire général du patrimoine culturel (service du patrimoine)</relationEntry>
            <dateRange>
               <fromDate standardDate="2010-01-13">13 janvier 2010</fromDate>
            </dateRange>
         </cpfRelation>
         <cpfRelation xmlns:xlink="http://www.w3.org/1999/xlink"
                      cpfRelationType="hierarchical-child"
                      xlink:href="FRAN_NP_005664"
                      xlink:type="simple">
            <relationEntry>Sous-direction de l'archéologie</relationEntry>
            <dateRange>
               <fromDate standardDate="2010-01-01">2010</fromDate>
            </dateRange>
         </cpfRelation>
         <cpfRelation xmlns:xlink="http://www.w3.org/1999/xlink"
                      cpfRelationType="hierarchical-child"
                      xlink:href="FRAN_NP_051153"
                      xlink:type="simple">
            <relationEntry>France. Ministère de la Culture et de la Communication. Direction générale des patrimoines. Service du patrimoine. Sous-direction des Monuments historiques et des Espaces protégés (2009-....)</relationEntry>
            <dateRange>
               <fromDate standardDate="2010-01-01">2010</fromDate>
            </dateRange>
            <descriptiveNote>
               <p> @isPartOf@ </p>
            </descriptiveNote>
         </cpfRelation>
         <cpfRelation xmlns:xlink="http://www.w3.org/1999/xlink"
                      cpfRelationType="hierarchical-child"
                      xlink:href="FRAN_NP_005667"
                      xlink:type="simple">
            <relationEntry>Sous-direction des monuments historiques et des espaces protégés</relationEntry>
            <dateRange>
               <fromDate standardDate="2010-01-13">13 janvier 2010</fromDate>
            </dateRange>
         </cpfRelation>
         <cpfRelation xmlns:xlink="http://www.w3.org/1999/xlink"
                      cpfRelationType="hierarchical-parent"
                      xlink:href="FRAN_NP_005437"
                      xlink:type="simple">
            <relationEntry>France. Ministère de la Culture et de la Communication. Direction générale des patrimoines (2010-....)</relationEntry>
            <dateRange>
               <fromDate standardDate="2010-01-01">2010</fromDate>
            </dateRange>
         </cpfRelation>
         <cpfRelation xmlns:xlink="http://www.w3.org/1999/xlink"
                      cpfRelationType="temporal-earlier"
                      xlink:href="FRAN_NP_005406"
                      xlink:type="simple">
            <relationEntry>France. Ministère de la Culture et de la Communication. Direction de l'architecture et du patrimoine (1998-2010)</relationEntry>
            <dateRange>
               <fromDate standardDate="2010-01-01">2010</fromDate>
            </dateRange>
         </cpfRelation>
         <cpfRelation xmlns:xlink="http://www.w3.org/1999/xlink"
                      cpfRelationType="identity"
                      xlink:href="http://catalogue.bnf.fr/ark:/12148/cb16528635h"
                      xlink:type="simple">
            <relationEntry>France. Ministère de la culture et de la communication (1997-....). Service du patrimoine</relationEntry>
            <dateRange>
               <fromDate standardDate="2010-01-01">2010</fromDate>
            </dateRange>
            <descriptiveNote>
               <p>Notice d'autorité BnF</p>
            </descriptiveNote>
         </cpfRelation>
      </relations>
   </cpfDescription>
</eac-cpf>
