<eac-cpf xmlns="urn:isbn:1-931666-33-4"
         xmlns:xsi="http://www.w3.org/2001/XMLSchema-instance"
         xsi:schemaLocation="urn:isbn:1-931666-33-4 cpf.xsd">
   <control>
      <recordId>FRAN_NP_010017</recordId>
      <maintenanceStatus>revised</maintenanceStatus>
      <maintenanceAgency>
         <agencyName>Archives nationales de France</agencyName>
      </maintenanceAgency>
      <languageDeclaration>
         <language languageCode="fre">Français</language>
         <script scriptCode="Latn"/>
      </languageDeclaration>
      <conventionDeclaration>
         <citation>Notice établie conformément à la norme ICA-ISAAR (CPF) 2004, aux normes ISO 8601 pour le système de normalisation des dates utilisé, ainsi que AFNOR NF Z 44-061, juin 1986. Catalogage : forme et structure des vedettes noms de personne, des vedettes titres, des rubriques de classement et des titres forgés.</citation>
      </conventionDeclaration>
      <localControl localType="niveau_de_detail">
         <term>Moyenne</term>
      </localControl>
      <maintenanceHistory>
         <maintenanceEvent>
            <eventType>derived</eventType>
            <eventDateTime>2013-04-23</eventDateTime>
            <agentType>machine</agentType>
            <agent>Import_SIA</agent>
         </maintenanceEvent>
         <maintenanceEvent>
            <eventType>revised</eventType>
            <eventDateTime>2017-07-07</eventDateTime>
            <agentType>human</agentType>
            <agent>Emmanuelle GIRY</agent>
         </maintenanceEvent>
         <maintenanceEvent>
            <eventType>updated</eventType>
            <eventDateTime>2018-07-04</eventDateTime>
            <agentType>human</agentType>
            <agent>Emmanuelle GIRY</agent>
            <eventDescription>P. Charbonnier, 04 juillet 2018 : ajout des relations d'identité, indexation fonction</eventDescription>
         </maintenanceEvent>
      </maintenanceHistory>
      <sources>
         <source>
            <sourceEntry>Notice BnF n°FRBNF15502948 </sourceEntry>
         </source>
      </sources>
   </control>
   <cpfDescription>
      <identity>
         <entityId>ISNI 0000 0001 2104 254X</entityId>
         <entityType>corporateBody</entityType>
         <nameEntry localType="autorisée" scriptCode="Latn" xml:lang="fre">
            <part>France. Agence nationale de la Recherche (2005-....)</part>
         </nameEntry>
         <nameEntry>
            <part>ANR</part>
         </nameEntry>
      </identity>
      <description>
         <existDates>
            <dateRange>
               <fromDate standardDate="2005-01-01">2005</fromDate>
            </dateRange>
         </existDates>
         <legalStatuses>
            <legalStatus>
               <term vocabularySource="d5blonb3ky--u69ytier8ih6">établissement public à caractère administratif</term>
            </legalStatus>
         </legalStatuses>
         <functions>
            <function>
               <term vocabularySource="d3nyuic5p0-ktmsglhlnhvr">recherche</term>
            </function>
         </functions>
         <mandates>
            <mandate>
               <descriptiveNote>
                  <p>Convention constitutive du "Groupement d'intérêt public Agence nationale de la Recherche" du 7 février 2005</p>
                  <p>Décret n°2006-963 du 1er août 2006 portant organisation et fonctionnement de l'Agence nationale de la recherche. </p>
                  <p>Décret n° 2014-365 du 24 mars 2014 modifiant le décret n° 2006-963 du 1er août 2006 portant organisation et fonctionnement de l'Agence nationale de la recherche </p>
               </descriptiveNote>
            </mandate>
         </mandates>
         <structureOrGenealogy>
            <p>Le décret de 2006 organise ainsi en son article 4 la gouvernance de l'établissement : "L'Agence nationale de la recherche est administrée par un conseil d'administration, présidé par le président de l'agence. Le président de l'agence assure la direction générale de l'établissement. Il est assisté d'un ou de plusieurs directeurs généraux délégués et d'un comité de pilotage scientifique. L'agence comprend des départements scientifiques". Le décret de 2014 a fusionné les postes de président du conseil d'administration et de directeur général. </p>
            <p>Depuis la création de l'établissement, les présidents du conseil d'administration ont été Jacques Stern (2007-2010), Eva Pebay-Peyroula (2010-2012). Les directeurs généraux ont été Jacqueline Lecourtier (2007-2011) ; Pascale Briand (2012-2014). Depuis 2014, Michael Matlosz est donc président du conseil d'administration et directeur général de l'établissement. </p>
         </structureOrGenealogy>
         <generalContext>
            <p>Cet établissement est créé dans un contexte affiché de rationalisation des politiques budgétaires consacrées à la recherche scientifique ; ce contexte a pu susciter des critiques de la communauté scientifique à l'égard de la politique mise en place par l'établissement. </p>
         </generalContext>
         <biogHist>
            <p>Le 7 février 2005 par constitution constitutive il est porté création d'un groupement d'intérêt public Agence nationale de la recherche, en attente de la création adminstrative définitive d'un établissement public. Elle prend le relais des dispositifs ministériels préexistants de financement incitatif : le fonds pour la recherche technologique (FRT) et le fonds national pour la science (FNS). Ces derniers étaient gérés respectivement par la direction de la technologie et la direction de la recherche du ministère de la Recherche en 2002, devenu l'année suivante le ministère de la Jeunesse, de l’Éducation nationale et de la Recherche.</p>
            <p>Le décret n°2006-963 du 1er août 2006 crée définitivement sous forme d'établissement public administratif l'Agence nationale de la recherche ; ce décret est effectif à compter du 1er janvier 2007. </p>
            <p>Le comité de pilotage scientifique est composé de six membres, étrangers au personnel de l’ANR et nommés par arrêté ministériel.</p>
            <p>Les missions de l’agence sont essentiellement axées autour du développement, de la gestion et du financement de programmes de recherche par la mise en place de partenariats entre secteurs publics et privés. Elle assure et renforce la coopération scientifique au niveau européen et international.</p>
            <p/>
            <p> Les projets financés par l’ANR sont organisés autour des six départements scientifiques :</p>
            <p>Sciences humaines et sociales</p>
            <p>Biologie santé</p>
            <p>Environnement et ressources biologiques</p>
            <p>Énergie durable</p>
            <p>Ingénierie, procédés et sécurité</p>
            <p>Sciences et technologies de l’information et de la communication</p>
            <p/>
            <p> L’ANR peut financer des projets dits « blancs », qui ne sont pas affiliés à une thématique, mais pouvant répondre aux enjeux d’actualité, économiques, sociétaux. Le conseil d’administration doit valider un plan d’action élaboré par le comité de pilotage. Ce plan résume les objectifs de recherches ainsi que les appels à projets et doit être conforme aux attentes budgétaires, également fixées par le comité de pilotage. Un appel à projets s’effectue par un dépôt d’un dossier de candidature auprès de l’organisme responsable de sa mise en place. Cette première étape définit les coordinateurs et les partenaires du projet. Dans l’optique d’une acceptation par le comité d’évaluation ainsi que par des experts indépendants de l’ANR, la deuxième phase consiste en un dépôt d’un rapport détaillé du projet. Le comité de pilotage attribue les crédits financiers, qui peuvent être fournis par le ministère chargé de la Recherche, de fondations, de grands groupes industriels ou commerciaux.</p>
            <p/>
            <p> En 2010, l’agence devient le principal opérateur d’investissements d’avenir qui soutient les projets de recherche auprès d’établissements d’enseignement supérieur. Parmi les activités les plus connues et visibles de l'établissement, il faut compter outre, le financement sur projets, dans le cadre du développement de la recherche privée, les dispositifs d'instruction du Crédit d'Impôt Recherche. </p>
         </biogHist>
      </description>
      <relations>
         <cpfRelation xmlns:xlink="http://www.w3.org/1999/xlink"
                      cpfRelationType="hierarchical-parent"
                      xlink:href="FRAN_NP_000017"
                      xlink:type="simple">
            <relationEntry>Ministère de l'Enseignement supérieur et de la Recherche</relationEntry>
            <dateRange>
               <fromDate standardDate="2007-05-18">18 mai 2007</fromDate>
               <toDate/>
            </dateRange>
         </cpfRelation>
         <cpfRelation xmlns:xlink="http://www.w3.org/1999/xlink"
                      cpfRelationType="identity"
                      xlink:href="http://catalogue.bnf.fr/ark:/12148/cb15502948p"
                      xlink:type="simple">
            <relationEntry>Agence nationale de la recherche (France)</relationEntry>
            <dateRange>
               <fromDate standardDate="2005-01-01">2005</fromDate>
            </dateRange>
            <descriptiveNote>
               <p>Notice d'autorité BnF</p>
            </descriptiveNote>
         </cpfRelation>
         <cpfRelation xmlns:xlink="http://www.w3.org/1999/xlink"
                      cpfRelationType="identity"
                      xlink:href="https://fr.wikipedia.org/wiki/Agence_nationale_de_la_recherche"
                      xlink:type="simple">
            <relationEntry>Agence nationale de la recherche</relationEntry>
            <dateRange>
               <fromDate standardDate="2005-01-01">2005</fromDate>
            </dateRange>
            <descriptiveNote>
               <p>Notice Wikipédia</p>
            </descriptiveNote>
         </cpfRelation>
         <resourceRelation xmlns:xlink="http://www.w3.org/1999/xlink"
                           resourceRelationType="creatorOf"
                           xlink:href="FRAN_IR_055038"
                           xlink:type="simple">
            <relationEntry localType="archival">Dossiers de subventions de projets de l'Agence nationale de la Recherche (ANR)</relationEntry>
         </resourceRelation>
      </relations>
   </cpfDescription>
</eac-cpf>
