<eac-cpf xmlns="urn:isbn:1-931666-33-4"
         xmlns:xsi="http://www.w3.org/2001/XMLSchema-instance"
         xsi:schemaLocation="urn:isbn:1-931666-33-4 cpf.xsd">
   <control>
      <recordId>FRAN_NP_000072</recordId>
      <otherRecordId localType="Ancien_identifiant">1401/CJ</otherRecordId>
      <maintenanceStatus>revised</maintenanceStatus>
      <maintenanceAgency>
         <agencyName>Archives nationales de France</agencyName>
      </maintenanceAgency>
      <languageDeclaration>
         <language languageCode="fre">Français</language>
         <script scriptCode="Latn"/>
      </languageDeclaration>
      <conventionDeclaration>
         <citation>Notice établie conformément à la norme ICA-ISAAR (CPF) 2004, aux normes ISO 8601 pour le système de normalisation des dates utilisé, ainsi que AFNOR NF Z 44-061, juin 1986. Catalogage : forme et structure des vedettes noms de personne, des vedettes titres, des rubriques de classement et des titres forgés.</citation>
      </conventionDeclaration>
      <localControl localType="niveau_de_detail">
         <term>Moyenne</term>
      </localControl>
      <maintenanceHistory>
         <maintenanceEvent>
            <eventType>derived</eventType>
            <eventDateTime>2013-04-23</eventDateTime>
            <agentType>machine</agentType>
            <agent>Import_SIA</agent>
         </maintenanceEvent>
         <maintenanceEvent>
            <eventType>revised</eventType>
            <eventDateTime>2015-10-23</eventDateTime>
            <agentType>human</agentType>
            <agent>Arnaud ROMONT</agent>
            <eventDescription>F. Clavaud, 21 octobre 2015 : revu nom, dates d'existence, ajouté historique et indexation fonction, revu lien hiérarchique</eventDescription>
         </maintenanceEvent>
         <maintenanceEvent>
            <eventType>revised</eventType>
            <eventDateTime>2015-11-13</eventDateTime>
            <agentType>human</agentType>
            <agent>Florence CLAVAUD</agent>
         </maintenanceEvent>
         <maintenanceEvent>
            <eventType>revised</eventType>
            <eventDateTime>2016-06-03</eventDateTime>
            <agentType>human</agentType>
            <agent>Arnaud ROMONT</agent>
            <eventDescription>F. Clavaud, 3 juin 2016 : revu les noms, ajouté lien chronologique</eventDescription>
         </maintenanceEvent>
      </maintenanceHistory>
   </control>
   <cpfDescription>
      <identity>
         <entityType>corporateBody</entityType>
         <nameEntry localType="autorisée" scriptCode="Latn" xml:lang="fre">
            <part>France. Comité juridique (1943-1945)</part>
         </nameEntry>
         <nameEntry>
            <part>France. Comité français de Libération nationale. Comité juridique (1943-1944)</part>
            <useDates>
               <dateRange>
                  <fromDate standardDate="1943-08-06">6 août 1943</fromDate>
                  <toDate standardDate="1944-06-03">3 juin 1944</toDate>
               </dateRange>
            </useDates>
         </nameEntry>
         <nameEntry>
            <part>France. Gouvernement provisoire de la République française. Comité juridique (1944-1945)</part>
            <useDates>
               <dateRange>
                  <fromDate standardDate="1944-06-03">3 juin 1944</fromDate>
                  <toDate standardDate="1945-07-31">31 juillet 1945</toDate>
               </dateRange>
            </useDates>
         </nameEntry>
      </identity>
      <description>
         <existDates>
            <dateRange>
               <fromDate standardDate="1943-08-06">6 août 1943</fromDate>
               <toDate standardDate="1945-07-31">31 juillet 1945</toDate>
            </dateRange>
            <descriptiveNote>
               <p>Création par l'ordonnance du 6 août 1943. Remplacé par la Commission permanente (ordonnance du 31 juillet 1945).</p>
            </descriptiveNote>
         </existDates>
         <legalStatuses>
            <legalStatus>
               <term vocabularySource="d5bloo28po-1bei6cefdzkj">autorité indépendante</term>
            </legalStatus>
         </legalStatuses>
         <functions>
            <function>
               <term vocabularySource="d3nyugsjkt--7vpbe5hqjvzi">conseil</term>
               <descriptiveNote>
                  <p>conseil législatif et administratif</p>
               </descriptiveNote>
            </function>
         </functions>
         <mandates>
            <mandate>
               <descriptiveNote>
                  <p>Ordonnance du 6 août 1943. </p>
                  <p>Ordonnance n° 45-1706.</p>
               </descriptiveNote>
            </mandate>
         </mandates>
         <biogHist>
            <p>Le Comité juridique est l'organe de conseil législatif et administratif du Comité français de la Libération nationale (CFLN), puis du Gouvernement provisoire de la République française (GPRF).</p>
            <p>Le Comité juridique, créé à Alger le 6 août 1943, est placé sous la présidence du professeur René Cassin. Au départ, il est composé de quatre membres issus du milieu juridique et universitaire, rejoints après quelques mois par huit nouveaux. Les compétences du Comité juridique sont fixées par référence au Conseil d'État, ce dernier, étant à l'époque un organe de l’État français. Il examine donc les projets d’ordonnance et de décret du CFLN avant leur publication au Journal Officiel. Le Comité juridique n’exerce pas les fonctions juridictionnelles du Conseil d’État exercées alors par le Comité temporaire du contentieux. À Alger, le Comité juridique, qui siège au Lycée Fromentin puis au Palais d’Été, se réunit lors de quatre-vingt-dix-neuf séances du 17 septembre 1943 au 22 août 1944 et examine cinq cent cinquante dossiers d’affaires très diverses. Ces affaires concernent majoritairement la vie courante des territoires relevant du CFLN, la conduite de guerre, les questions posées par le futur débarquement et la libération du sol national, ainsi que les projets élaborés par les organisations de résistance.</p>
            <p>L’ordonnance du 9 août 1944 étend ses compétences au territoire métropolitain. Le Comité juridique s'installe à Paris le 29 août 1944, à la suite la libération de la capitale. Il se voit attribuer par l'ordonnance sur le rétablissement de la légalité républicaine (ordonnance du 9 août 1944) toutes les attributions non contentieuses du Conseil d'État, auprès, désormais, du Gouvernement provisoire de la République française. S’ensuit alors une période d’un an où le Comité juridique et le Conseil d’État cohabitent. L’ordonnance du 17 octobre 1944 limite au domaine législatif la compétence du Comité juridique, le Conseil d’État s’occupant du domaine juridictionnel. Néanmoins, en pratique, le Conseil d’État concurrence les activités du Comité juridique, sans que l’on sache si un accord a été passé entre les deux institutions. Entre le 20 août 1944 et début octobre 1944, une soixantaine de textes ont été envoyés au Conseil d’État par les ministères. Le Comité juridique, quant à lui, examine la quasi-totalité des projets d’ordonnance. Entre septembre 1944 et août 1945, neuf cents dossiers d’affaires administratives sous la forme de projets d’ordonnances sont examinés par le Comité juridique. Il traite aussi des demandes d’avis et des projets de décret jusqu’au 17 octobre 1944. Un grand nombre de projets d’ordonnance soulevait des questions importantes, comme l’internement administratif, l’épuration dans les entreprises, l’organisation de la presse périodique ou encore les prix. Peu à peu, le Comité juridique se rapproche du Conseil d’État. A partir du 22 novembre 1944, René Cassin est nommé vice-président du Conseil d’État, tout en restant président du Comité juridique. De plus, à la fin de l’année 1944, plusieurs membres du Comité juridique entrent au Conseil d’État.</p>
            <p>Le Conseil d’État, alors « épuré » de certains de ses membres, est en plein renouveau, grâce à une réforme entreprise par le Gouvernement du général de Gaulle. Sa structure est conservée, mais un organe nouveau est crée par l’ordonnance du 31 juillet 1945 : la Commission permanente remplace le Comité juridique.</p>
         </biogHist>
      </description>
      <relations>
         <cpfRelation xmlns:xlink="http://www.w3.org/1999/xlink"
                      cpfRelationType="temporal-later"
                      xlink:href="FRAN_NP_000074"
                      xlink:type="simple">
            <relationEntry>Conseil d'État (1799-....). Commission permanente (1945-....)</relationEntry>
            <dateRange>
               <fromDate standardDate="1945-08-02">2 août 1945</fromDate>
            </dateRange>
         </cpfRelation>
         <resourceRelation xmlns:xlink="http://www.w3.org/1999/xlink"
                           resourceRelationType="creatorOf"
                           xlink:href="FRAN_IR_055019"
                           xlink:type="simple">
            <relationEntry localType="archival">Seconde Guerre mondiale. Fonds du Comité juridique du Comité français de la Libération nationale, puis du Gouvernement provisoire de la République française (1943-1947).</relationEntry>
         </resourceRelation>
      </relations>
   </cpfDescription>
</eac-cpf>
