<eac-cpf xmlns="urn:isbn:1-931666-33-4"
         xmlns:xsi="http://www.w3.org/2001/XMLSchema-instance"
         xsi:schemaLocation="urn:isbn:1-931666-33-4 cpf.xsd">
   <control>
      <recordId>FRAN_NP_000027</recordId>
      <otherRecordId localType="Ancien_identifiant">43</otherRecordId>
      <maintenanceStatus>derived</maintenanceStatus>
      <maintenanceAgency>
         <agencyName>Archives nationales de France</agencyName>
      </maintenanceAgency>
      <languageDeclaration>
         <language languageCode="fre">Français</language>
         <script scriptCode="Latn"/>
      </languageDeclaration>
      <conventionDeclaration>
         <citation>Notice établie conformément à la norme ICA-ISAAR (CPF) 2004, aux normes ISO 8601 pour le système de normalisation des dates utilisé, ainsi que AFNOR NF Z 44-061, juin 1986. Catalogage : forme et structure des vedettes noms de personne, des vedettes titres, des rubriques de classement et des titres forgés.</citation>
      </conventionDeclaration>
      <localControl localType="niveau_de_detail">
         <term>Moyenne</term>
      </localControl>
      <maintenanceHistory>
         <maintenanceEvent>
            <eventType>derived</eventType>
            <eventDateTime>2013-04-23</eventDateTime>
            <agentType>machine</agentType>
            <agent>Import_SIA</agent>
         </maintenanceEvent>
      </maintenanceHistory>
   </control>
   <cpfDescription>
      <identity>
         <entityType>corporateBody</entityType>
         <nameEntry localType="autorisée" scriptCode="Latn" xml:lang="fre">
            <part>Ministère du Travail (2002-2010)</part>
         </nameEntry>
         <nameEntry>
            <part>Ministère du Travail, de la Solidarité et de la Fonction publique</part>
            <useDates>
               <dateRange>
                  <fromDate standardDate="2010-03-22">22 mars 2010</fromDate>
                  <toDate standardDate="2010-11-13">13 novembre 2010</toDate>
               </dateRange>
            </useDates>
         </nameEntry>
         <nameEntry>
            <part>Ministre du Travail, des Relations sociales, de la Famille, de la Solidarité et de la Ville</part>
            <useDates>
               <dateRange>
                  <fromDate standardDate="2009-01-15">15 janvier 2009</fromDate>
                  <toDate standardDate="2010-03-22">22 mars 2010</toDate>
               </dateRange>
            </useDates>
         </nameEntry>
         <nameEntry>
            <part>Ministère du Travail, des Relations sociales, de la Famille et de la Solidarité</part>
            <useDates>
               <dateRange>
                  <fromDate standardDate="2008-03-18">18 mars 2008</fromDate>
                  <toDate standardDate="2009-01-15">15 janvier 2009</toDate>
               </dateRange>
            </useDates>
         </nameEntry>
         <nameEntry>
            <part>Ministère du Travail, des Relations sociales et de la Solidarité</part>
            <useDates>
               <dateRange>
                  <fromDate standardDate="2007-05-18">18 mai 2007</fromDate>
                  <toDate standardDate="2008-03-18">18 mars 2008</toDate>
               </dateRange>
            </useDates>
         </nameEntry>
         <nameEntry>
            <part>Ministère de l'Emploi, de la Cohésion sociale et du Logement</part>
            <useDates>
               <dateRange>
                  <fromDate standardDate="2005-06-02">2 juin 2005</fromDate>
                  <toDate standardDate="2007-05-15">15 mai 2007</toDate>
               </dateRange>
            </useDates>
         </nameEntry>
         <nameEntry>
            <part>Ministère de l'Emploi, du Travail et de la Cohésion sociale</part>
            <useDates>
               <dateRange>
                  <fromDate standardDate="2004-03-31">31 mars 2004</fromDate>
                  <toDate standardDate="2005-05-31">31 mai 2005</toDate>
               </dateRange>
            </useDates>
         </nameEntry>
         <nameEntry>
            <part>Ministère des Affaires sociales, du Travail et de la Solidarité</part>
            <useDates>
               <dateRange>
                  <fromDate standardDate="2002-05-07">7 mai 2002</fromDate>
                  <toDate standardDate="2004-03-30">30 mars 2004</toDate>
               </dateRange>
            </useDates>
         </nameEntry>
      </identity>
      <description>
         <existDates>
            <dateRange>
               <fromDate standardDate="2002-05-07">7 mai 2002</fromDate>
               <toDate standardDate="2010-11-13">13 novembre 2010</toDate>
            </dateRange>
         </existDates>
         <legalStatuses>
            <legalStatus>
               <term vocabularySource="d5bloo2gwk-sgl3fc00gzgl">ministère</term>
            </legalStatus>
         </legalStatuses>
      </description>
      <relations>
         <cpfRelation xmlns:xlink="http://www.w3.org/1999/xlink"
                      cpfRelationType="hierarchical-child"
                      xlink:href="FRAN_NP_004920"
                      xlink:type="simple">
            <relationEntry>Organismes rattachés directement (ministère du Travail)</relationEntry>
            <dateRange>
               <fromDate standardDate="2002-05-07">7 mai 2002</fromDate>
               <toDate standardDate="2010-11-13">13 novembre 2010</toDate>
            </dateRange>
         </cpfRelation>
         <cpfRelation xmlns:xlink="http://www.w3.org/1999/xlink"
                      cpfRelationType="hierarchical-child"
                      xlink:href="FRAN_NP_004921"
                      xlink:type="simple">
            <relationEntry>Office des migrations internationales</relationEntry>
            <dateRange>
               <fromDate standardDate="2002-05-07">7 mai 2002</fromDate>
               <toDate standardDate="2005-12-31">2005</toDate>
            </dateRange>
         </cpfRelation>
         <cpfRelation xmlns:xlink="http://www.w3.org/1999/xlink"
                      cpfRelationType="associative"
                      xlink:href="FRAN_NP_004566"
                      xlink:type="simple">
            <relationEntry>Agence française de sécurité sanitaire de l'environnement et du travail</relationEntry>
            <dateRange>
               <fromDate standardDate="2005-09-01">1er septembre 2005</fromDate>
               <toDate standardDate="2010-06-30">30 juin 2010</toDate>
            </dateRange>
         </cpfRelation>
         <cpfRelation xmlns:xlink="http://www.w3.org/1999/xlink"
                      cpfRelationType="hierarchical-child"
                      xlink:href="FRAN_NP_009752"
                      xlink:type="simple">
            <relationEntry>Cabinet du ministre chargé du Travail (2002-2010)</relationEntry>
            <dateRange>
               <fromDate standardDate="2002-05-07">7 mai 2002</fromDate>
               <toDate standardDate="2010-11-13">13 novembre 2010</toDate>
            </dateRange>
         </cpfRelation>
         <cpfRelation xmlns:xlink="http://www.w3.org/1999/xlink"
                      cpfRelationType="temporal-later"
                      xlink:href="FRAN_NP_004968"
                      xlink:type="simple">
            <relationEntry>Ministère des Solidarités et de la Cohésion sociale</relationEntry>
            <dateRange>
               <fromDate standardDate="2010-11-14">14 novembre 2010</fromDate>
            </dateRange>
         </cpfRelation>
         <cpfRelation xmlns:xlink="http://www.w3.org/1999/xlink"
                      cpfRelationType="associative"
                      xlink:href="FRAN_NP_051419"
                      xlink:type="simple">
            <relationEntry>Fonds de solidarité (France ; 1982-....)</relationEntry>
            <dateRange>
               <fromDate standardDate="2002-05-07">7 mai 2002</fromDate>
               <toDate standardDate="2010-11-13">13 novembre 2010</toDate>
            </dateRange>
            <descriptiveNote>
               <p>
     Le FDS est sous la tutelle de ce ministère
    </p>
            </descriptiveNote>
         </cpfRelation>
         <cpfRelation xmlns:xlink="http://www.w3.org/1999/xlink"
                      cpfRelationType="hierarchical-child"
                      xlink:href="FRAN_NP_051431"
                      xlink:type="simple">
            <relationEntry>France. Ministère des Affaires sociales, du travail et de la solidarité. Cabinet de François Fillon, ministre (2002-2004)</relationEntry>
            <dateRange>
               <fromDate standardDate="2002-05-07">7 mai 2002</fromDate>
               <toDate standardDate="2004-03-30">30 mars 2004</toDate>
            </dateRange>
         </cpfRelation>
         <cpfRelation xmlns:xlink="http://www.w3.org/1999/xlink"
                      cpfRelationType="associative"
                      xlink:href="FRAN_NP_051461"
                      xlink:type="simple">
            <relationEntry>France. Cabinet de Nelly Olin, ministre déléguée à la lutte contre la précarité et l'exclusion (mars 2004-mai 2005)</relationEntry>
            <dateRange>
               <fromDate standardDate="2004-03-31">31 mars 2004</fromDate>
               <toDate standardDate="2005-05-31">31 mai 2005</toDate>
            </dateRange>
            <descriptiveNote>
               <p>
     La ministre est déléguée à la lutte contre la précarité et l'exclusion auprès du ministre de l'emploi, du travail et de la cohésion sociale Jean-Louis Borloo
    </p>
            </descriptiveNote>
         </cpfRelation>
         <cpfRelation xmlns:xlink="http://www.w3.org/1999/xlink"
                      cpfRelationType="hierarchical-child"
                      xlink:href="FRAN_NP_051489"
                      xlink:type="simple">
            <relationEntry>France. Cabinet de Mme Nicole Ameline, ministre de la parité et de l'égalité professionnelle (2002-2005)</relationEntry>
            <dateRange>
               <fromDate standardDate="2002-06-17">17 juin 2002</fromDate>
               <toDate standardDate="2004-03-30">30 mars 2004</toDate>
            </dateRange>
         </cpfRelation>
         <cpfRelation xmlns:xlink="http://www.w3.org/1999/xlink"
                      cpfRelationType="associative"
                      xlink:href="FRAN_NP_051489"
                      xlink:type="simple">
            <relationEntry>France. Cabinet de Mme Nicole Ameline, ministre de la parité et de l'égalité professionnelle (2002-2005)</relationEntry>
            <dateRange>
               <fromDate standardDate="2002-06-17">17 juin 2002</fromDate>
               <toDate standardDate="2005-05-31">31 mai 2005</toDate>
            </dateRange>
            <descriptiveNote>
               <p>
     La ministre dispose de, et/ou a autorité sur, plusieurs services du ministère du Travail
    </p>
            </descriptiveNote>
         </cpfRelation>
         <cpfRelation xmlns:xlink="http://www.w3.org/1999/xlink"
                      cpfRelationType="hierarchical-child"
                      xlink:href="FRAN_NP_051911"
                      xlink:type="simple">
            <relationEntry>France. Cabinet de Gérard Larcher, ministre délégué aux relations du travail (31 mars 2004-31 mai 2005) puis ministre délégué à l'emploi, au travail et à l'insertion professionnelle des jeunes (2 juin 2005-15 mai 2007)</relationEntry>
            <dateRange>
               <fromDate standardDate="2004-03-31">31 mars 2004</fromDate>
               <toDate standardDate="2007-05-15">15 mai 2007</toDate>
            </dateRange>
         </cpfRelation>
         <cpfRelation xmlns:xlink="http://www.w3.org/1999/xlink"
                      cpfRelationType="hierarchical-child"
                      xlink:href="FRAN_NP_050839"
                      xlink:type="simple">
            <relationEntry>Pôle emploi (France)</relationEntry>
            <dateRange>
               <fromDate standardDate="2008-02-13">13 février 2008</fromDate>
               <toDate standardDate="2010-11-13">13 novembre 2010</toDate>
            </dateRange>
         </cpfRelation>
         <cpfRelation xmlns:xlink="http://www.w3.org/1999/xlink"
                      cpfRelationType="temporal-later"
                      xlink:href="FRAN_NP_009623"
                      xlink:type="simple">
            <relationEntry>Ministère du Travail, de l'Emploi et de la Santé</relationEntry>
            <dateRange>
               <fromDate standardDate="2010-11-14">14 novembre 2010</fromDate>
            </dateRange>
         </cpfRelation>
         <cpfRelation xmlns:xlink="http://www.w3.org/1999/xlink"
                      cpfRelationType="hierarchical-child"
                      xlink:href="FRAN_NP_009757"
                      xlink:type="simple">
            <relationEntry>Cabinets des ministres délégués et secrétaires d'État auprès du ministre chargé du Travail (2002-2010)</relationEntry>
            <dateRange>
               <fromDate standardDate="2002-05-07">7 mai 2002</fromDate>
               <toDate standardDate="2010-11-13">13 novembre 2010</toDate>
            </dateRange>
         </cpfRelation>
         <cpfRelation xmlns:xlink="http://www.w3.org/1999/xlink"
                      cpfRelationType="hierarchical-child"
                      xlink:href="FRAN_NP_004927"
                      xlink:type="simple">
            <relationEntry>Fonds d'action et de soutien pour l'intégration et la lutte contre les discriminations</relationEntry>
            <dateRange>
               <fromDate standardDate="2002-05-07">7 mai 2002</fromDate>
               <toDate standardDate="2006-12-31">2006</toDate>
            </dateRange>
         </cpfRelation>
         <cpfRelation xmlns:xlink="http://www.w3.org/1999/xlink"
                      cpfRelationType="hierarchical-child"
                      xlink:href="FRAN_NP_004930"
                      xlink:type="simple">
            <relationEntry>Agence nationale pour l'emploi</relationEntry>
            <dateRange>
               <fromDate standardDate="2002-05-07">7 mai 2002</fromDate>
               <toDate standardDate="2007-05-15">15 mai 2007</toDate>
            </dateRange>
         </cpfRelation>
         <cpfRelation xmlns:xlink="http://www.w3.org/1999/xlink"
                      cpfRelationType="temporal-earlier"
                      xlink:href="FRAN_NP_004951"
                      xlink:type="simple">
            <relationEntry>Ministère de l'Emploi et de la Solidarité</relationEntry>
            <dateRange>
               <fromDate standardDate="2002-05-07">7 mai 2002</fromDate>
            </dateRange>
         </cpfRelation>
         <resourceRelation xmlns:xlink="http://www.w3.org/1999/xlink"
                           resourceRelationType="subjectOf"
                           xlink:href="FRAN_IR_015488"
                           xlink:type="simple">
            <relationEntry localType="archival">Travail (1990-1990)</relationEntry>
         </resourceRelation>
         <resourceRelation xmlns:xlink="http://www.w3.org/1999/xlink"
                           resourceRelationType="creatorOf"
                           xlink:href="FRAN_IR_057549"
                           xlink:type="simple">
            <relationEntry localType="archival">Archives du ministère de l’Emploi, du Travail et de la Cohésion sociale. Comité de suivi du plan de cohésion sociale (2005-2009)</relationEntry>
         </resourceRelation>
      </relations>
   </cpfDescription>
</eac-cpf>
