<eac-cpf xmlns="urn:isbn:1-931666-33-4"
         xmlns:xsi="http://www.w3.org/2001/XMLSchema-instance"
         xsi:schemaLocation="urn:isbn:1-931666-33-4 cpf.xsd">
   <control>
      <recordId>FRAN_NP_000053</recordId>
      <otherRecordId localType="Ancien_identifiant">3400</otherRecordId>
      <maintenanceStatus>derived</maintenanceStatus>
      <maintenanceAgency>
         <agencyName>Archives nationales de France</agencyName>
      </maintenanceAgency>
      <languageDeclaration>
         <language languageCode="fre">Français</language>
         <script scriptCode="Latn"/>
      </languageDeclaration>
      <conventionDeclaration>
         <citation>Notice établie conformément à la norme ICA-ISAAR (CPF) 2004, aux normes ISO 8601 pour le système de normalisation des dates utilisé, ainsi que AFNOR NF Z 44-061, juin 1986. Catalogage : forme et structure des vedettes noms de personne, des vedettes titres, des rubriques de classement et des titres forgés.</citation>
      </conventionDeclaration>
      <localControl localType="niveau_de_detail">
         <term>Moyenne</term>
      </localControl>
      <maintenanceHistory>
         <maintenanceEvent>
            <eventType>derived</eventType>
            <eventDateTime>2013-04-23</eventDateTime>
            <agentType>machine</agentType>
            <agent>Import_SIA</agent>
         </maintenanceEvent>
      </maintenanceHistory>
   </control>
   <cpfDescription>
      <identity>
         <entityType>corporateBody</entityType>
         <nameEntry localType="autorisée" scriptCode="Latn" xml:lang="fre">
            <part>Rectorat de l'académie de Paris</part>
         </nameEntry>
      </identity>
      <description>
         <existDates>
            <dateRange>
               <fromDate standardDate="1821-01-01">1821</fromDate>
            </dateRange>
         </existDates>
         <legalStatuses>
            <legalStatus>
               <term vocabularySource="d5blokqczv--1ijs4336zzm9y">service déconcentré de l'etat</term>
            </legalStatus>
         </legalStatuses>
      </description>
      <relations>
         <cpfRelation xmlns:xlink="http://www.w3.org/1999/xlink"
                      cpfRelationType="hierarchical-child"
                      xlink:href="FRAN_NP_004004"
                      xlink:type="simple">
            <relationEntry>Recteur de l'académie de Paris</relationEntry>
            <dateRange>
               <fromDate standardDate="1976-01-01">1976</fromDate>
            </dateRange>
         </cpfRelation>
         <cpfRelation xmlns:xlink="http://www.w3.org/1999/xlink"
                      cpfRelationType="hierarchical-child"
                      xlink:href="FRAN_NP_004008"
                      xlink:type="simple">
            <relationEntry>Services interacadémiques (rectorats des académies de Paris, Créteil et Versailles)</relationEntry>
            <dateRange>
               <fromDate standardDate="1976-01-01">1976</fromDate>
            </dateRange>
         </cpfRelation>
         <cpfRelation xmlns:xlink="http://www.w3.org/1999/xlink"
                      cpfRelationType="hierarchical-child"
                      xlink:href="FRAN_NP_004005"
                      xlink:type="simple">
            <relationEntry>Service des constructions des académies de la région d'Île-de-France</relationEntry>
            <dateRange>
               <fromDate standardDate="1976-01-01">1976</fromDate>
            </dateRange>
         </cpfRelation>
         <cpfRelation xmlns:xlink="http://www.w3.org/1999/xlink"
                      cpfRelationType="hierarchical-child"
                      xlink:href="FRAN_NP_004016"
                      xlink:type="simple">
            <relationEntry>Bureau des accidents du travail (rectorat de l'académie de Paris)</relationEntry>
            <dateRange>
               <fromDate standardDate="1976-01-01">1976</fromDate>
            </dateRange>
         </cpfRelation>
         <cpfRelation xmlns:xlink="http://www.w3.org/1999/xlink"
                      cpfRelationType="hierarchical-child"
                      xlink:href="FRAN_NP_004029"
                      xlink:type="simple">
            <relationEntry>Inspecteurs principaux de l'enseignement technique (rectorat de l'académie de Paris)</relationEntry>
            <dateRange>
               <fromDate standardDate="1945-01-01">1945</fromDate>
               <toDate standardDate="1970-12-31">1970</toDate>
            </dateRange>
         </cpfRelation>
         <cpfRelation xmlns:xlink="http://www.w3.org/1999/xlink"
                      cpfRelationType="hierarchical-child"
                      xlink:href="FRAN_NP_004022"
                      xlink:type="simple">
            <relationEntry>Secrétaire général de l'académie (rectorat de l'académie de Paris)</relationEntry>
            <dateRange>
               <fromDate standardDate="1981-01-01">1981</fromDate>
            </dateRange>
         </cpfRelation>
         <cpfRelation xmlns:xlink="http://www.w3.org/1999/xlink"
                      cpfRelationType="associative"
                      xlink:href="FRAN_NP_004045"
                      xlink:type="simple">
            <relationEntry>Association régionale des œuvres culturelles et éducatives de l'académie de Paris</relationEntry>
            <dateRange>
               <fromDate standardDate="1976-01-01">1976</fromDate>
            </dateRange>
         </cpfRelation>
         <cpfRelation xmlns:xlink="http://www.w3.org/1999/xlink"
                      cpfRelationType="hierarchical-child"
                      xlink:href="FRAN_NP_004047"
                      xlink:type="simple">
            <relationEntry>Service des examens et concours (rectorat de l'académie de Paris)</relationEntry>
            <dateRange>
               <fromDate standardDate="1960-01-01">1960</fromDate>
               <toDate standardDate="1982-12-31">1982</toDate>
            </dateRange>
         </cpfRelation>
         <cpfRelation xmlns:xlink="http://www.w3.org/1999/xlink"
                      cpfRelationType="hierarchical-child"
                      xlink:href="FRAN_NP_004042"
                      xlink:type="simple">
            <relationEntry>Service de la scolarité et des bourses (rectorat de l'académie de Paris)</relationEntry>
            <dateRange>
               <fromDate standardDate="1960-01-01">1960</fromDate>
            </dateRange>
         </cpfRelation>
         <cpfRelation xmlns:xlink="http://www.w3.org/1999/xlink"
                      cpfRelationType="hierarchical-child"
                      xlink:href="FRAN_NP_004044"
                      xlink:type="simple">
            <relationEntry>Division des établissements et de la vie universitaire (rectorat de l'académie de Paris)</relationEntry>
            <dateRange>
               <fromDate standardDate="1971-01-01">1971</fromDate>
            </dateRange>
         </cpfRelation>
         <cpfRelation xmlns:xlink="http://www.w3.org/1999/xlink"
                      cpfRelationType="hierarchical-child"
                      xlink:href="FRAN_NP_004005"
                      xlink:type="simple">
            <relationEntry>Rectorat de l'académie de Paris. Service des constructions des académies de la région d'Île-de-France (1959-1994)</relationEntry>
            <dateRange>
               <fromDate standardDate="1959-07-29">29 juillet 1959</fromDate>
               <toDate standardDate="1994-04-01">1er avril 1994</toDate>
            </dateRange>
         </cpfRelation>
         <cpfRelation xmlns:xlink="http://www.w3.org/1999/xlink"
                      cpfRelationType="hierarchical-child"
                      xlink:href="FRAN_NP_004040"
                      xlink:type="simple">
            <relationEntry>Direction des services académiques d'éducation (rectorat de l'académie de Paris)</relationEntry>
            <dateRange>
               <fromDate standardDate="1976-01-01">1976</fromDate>
            </dateRange>
         </cpfRelation>
         <cpfRelation xmlns:xlink="http://www.w3.org/1999/xlink"
                      cpfRelationType="hierarchical-child"
                      xlink:href="FRAN_NP_004043"
                      xlink:type="simple">
            <relationEntry>Rectorat de l'académie de Paris, copies d'agrégation et de Capes</relationEntry>
            <dateRange>
               <fromDate standardDate="1955-01-01">1955</fromDate>
               <toDate standardDate="1972-12-31">1972</toDate>
            </dateRange>
         </cpfRelation>
         <cpfRelation xmlns:xlink="http://www.w3.org/1999/xlink"
                      cpfRelationType="hierarchical-child"
                      xlink:href="FRAN_NP_004041"
                      xlink:type="simple">
            <relationEntry>Rectorat de l'académie de Paris, dossiers de personnel</relationEntry>
            <dateRange>
               <fromDate standardDate="1976-01-01">1976</fromDate>
            </dateRange>
         </cpfRelation>
         <cpfRelation xmlns:xlink="http://www.w3.org/1999/xlink"
                      cpfRelationType="hierarchical-child"
                      xlink:href="FRAN_NP_004046"
                      xlink:type="simple">
            <relationEntry>Réunion des bibliothèques universitaires de Paris</relationEntry>
            <dateRange>
               <fromDate standardDate="1979-01-01">1979</fromDate>
               <toDate standardDate="1988-12-31">1988</toDate>
            </dateRange>
         </cpfRelation>
         <cpfRelation xmlns:xlink="http://www.w3.org/1999/xlink"
                      cpfRelationType="hierarchical-child"
                      xlink:href="FRAN_NP_004024"
                      xlink:type="simple">
            <relationEntry>Division des actes et de la vie universitaire (rectorat de l'académie de Paris)</relationEntry>
            <dateRange>
               <fromDate standardDate="1976-01-01">1976</fromDate>
            </dateRange>
         </cpfRelation>
         <cpfRelation xmlns:xlink="http://www.w3.org/1999/xlink"
                      cpfRelationType="hierarchical-child"
                      xlink:href="FRAN_NP_004020"
                      xlink:type="simple">
            <relationEntry>Division des relations internationales (rectorat de l'académie de Paris)</relationEntry>
            <dateRange>
               <fromDate standardDate="1976-01-01">1976</fromDate>
            </dateRange>
         </cpfRelation>
         <cpfRelation xmlns:xlink="http://www.w3.org/1999/xlink"
                      cpfRelationType="hierarchical-child"
                      xlink:href="FRAN_NP_004019"
                      xlink:type="simple">
            <relationEntry>Division financière des enseignements supérieurs (rectorat de l'académie de Paris)</relationEntry>
            <dateRange>
               <fromDate standardDate="1976-01-01">1976</fromDate>
            </dateRange>
         </cpfRelation>
         <cpfRelation xmlns:xlink="http://www.w3.org/1999/xlink"
                      cpfRelationType="hierarchical-child"
                      xlink:href="FRAN_NP_004015"
                      xlink:type="simple">
            <relationEntry>Division des emplois, des personnels universitaires et des bourses (rectorat de l'académie de Paris)</relationEntry>
            <dateRange>
               <fromDate standardDate="1976-01-01">1976</fromDate>
            </dateRange>
         </cpfRelation>
         <cpfRelation xmlns:xlink="http://www.w3.org/1999/xlink"
                      cpfRelationType="hierarchical-child"
                      xlink:href="FRAN_NP_004007"
                      xlink:type="simple">
            <relationEntry>Service interacadémique des examens et concours (rectorats des académies de Paris, Créteil et Versailles)</relationEntry>
            <dateRange>
               <fromDate standardDate="1982-01-01">1982</fromDate>
            </dateRange>
         </cpfRelation>
         <cpfRelation xmlns:xlink="http://www.w3.org/1999/xlink"
                      cpfRelationType="hierarchical-child"
                      xlink:href="FRAN_NP_004003"
                      xlink:type="simple">
            <relationEntry>Cabinet du recteur de l'académie de Paris</relationEntry>
            <dateRange>
               <fromDate standardDate="1976-01-01">1976</fromDate>
            </dateRange>
         </cpfRelation>
         <cpfRelation xmlns:xlink="http://www.w3.org/1999/xlink"
                      cpfRelationType="hierarchical-parent"
                      xlink:href="FRAN_NP_000016"
                      xlink:type="simple">
            <relationEntry>Ministère de l'Éducation nationale</relationEntry>
            <dateRange>
               <fromDate standardDate="1828-02-10">10 février 1828</fromDate>
               <toDate/>
            </dateRange>
         </cpfRelation>
         <resourceRelation xmlns:xlink="http://www.w3.org/1999/xlink"
                           resourceRelationType="subjectOf"
                           xlink:href="FRAN_IR_023379"
                           xlink:type="simple">
            <relationEntry localType="archival">Rectorat de Paris et services inter-académiques (1875-1974)</relationEntry>
         </resourceRelation>
         <resourceRelation xmlns:xlink="http://www.w3.org/1999/xlink"
                           resourceRelationType="creatorOf"
                           xlink:href="FRAN_IR_053778"
                           xlink:type="simple">
            <relationEntry localType="archival">VICE-CHANCELIERS DES UNIVERSITES DE PARIS EN POSTE DE 1976 à 1989 (1935-1989)</relationEntry>
         </resourceRelation>
         <resourceRelation xmlns:xlink="http://www.w3.org/1999/xlink"
                           resourceRelationType="creatorOf"
                           xlink:href="FRAN_IR_053854"
                           xlink:type="simple">
            <relationEntry localType="archival">Université de Paris, faculté des sciences, correction et encadrement d'étudiants par Évry Schazman</relationEntry>
         </resourceRelation>
         <resourceRelation xmlns:xlink="http://www.w3.org/1999/xlink"
                           resourceRelationType="creatorOf"
                           xlink:href="FRAN_IR_053850"
                           xlink:type="simple">
            <relationEntry localType="archival">Faculté des lettres de Paris, cours de pédagogie du professeur ÉMILE DURKHEIM</relationEntry>
         </resourceRelation>
         <resourceRelation xmlns:xlink="http://www.w3.org/1999/xlink"
                           resourceRelationType="creatorOf"
                           xlink:href="FRAN_IR_055216"
                           xlink:type="simple">
            <relationEntry localType="archival">Université et rectorat de Paris : gestion des personnels, bourses, prix et prêts d'honneur (1961-1967)</relationEntry>
         </resourceRelation>
         <resourceRelation xmlns:xlink="http://www.w3.org/1999/xlink"
                           resourceRelationType="creatorOf"
                           xlink:href="FRAN_IR_055518"
                           xlink:type="simple">
            <relationEntry localType="archival">Fonds de l'Université de Paris, Faculté des sciences. Service de la scolarité
     (1860-1918).</relationEntry>
         </resourceRelation>
         <resourceRelation xmlns:xlink="http://www.w3.org/1999/xlink"
                           resourceRelationType="creatorOf"
                           xlink:href="FRAN_IR_055519"
                           xlink:type="simple">
            <relationEntry localType="archival">Collection de tracts et de pétitions du service presse-documentation du cabinet du
     recteur de l'académie de Paris (1970-1974)</relationEntry>
         </resourceRelation>
         <resourceRelation xmlns:xlink="http://www.w3.org/1999/xlink"
                           resourceRelationType="creatorOf"
                           xlink:href="FRAN_IR_055847"
                           xlink:type="simple">
            <relationEntry localType="archival">Personnels de l'académie de Paris nés entre 1873 et 1921, dossiers administratifs
          et de carrière (1903-1989)</relationEntry>
         </resourceRelation>
         <resourceRelation xmlns:xlink="http://www.w3.org/1999/xlink"
                           resourceRelationType="creatorOf"
                           xlink:href="FRAN_IR_056968"
                           xlink:type="simple">
            <relationEntry localType="archival">Carte des implantations scolaires et universitaires de Paris et sa région (s.d. [1957-1959])</relationEntry>
         </resourceRelation>
      </relations>
   </cpfDescription>
</eac-cpf>
