<eac-cpf xmlns="urn:isbn:1-931666-33-4"
         xmlns:xsi="http://www.w3.org/2001/XMLSchema-instance"
         xsi:schemaLocation="urn:isbn:1-931666-33-4 cpf.xsd">
   <control>
      <recordId>FRAN_NP_000085</recordId>
      <otherRecordId localType="Ancien_identifiant">1402/CIV</otherRecordId>
      <maintenanceStatus>derived</maintenanceStatus>
      <maintenanceAgency>
         <agencyName>Archives nationales de France</agencyName>
      </maintenanceAgency>
      <languageDeclaration>
         <language languageCode="fre">Français</language>
         <script scriptCode="Latn"/>
      </languageDeclaration>
      <conventionDeclaration>
         <citation>Notice établie conformément à la norme ICA-ISAAR (CPF) 2004, aux normes ISO 8601 pour le système de normalisation des dates utilisé, ainsi que AFNOR NF Z 44-061, juin 1986. Catalogage : forme et structure des vedettes noms de personne, des vedettes titres, des rubriques de classement et des titres forgés.</citation>
      </conventionDeclaration>
      <localControl localType="niveau_de_detail">
         <term>Moyenne</term>
      </localControl>
      <maintenanceHistory>
         <maintenanceEvent>
            <eventType>derived</eventType>
            <eventDateTime>2013-04-23</eventDateTime>
            <agentType>machine</agentType>
            <agent>Import_SIA</agent>
         </maintenanceEvent>
      </maintenanceHistory>
   </control>
   <cpfDescription>
      <identity>
         <entityType>corporateBody</entityType>
         <nameEntry localType="autorisée" scriptCode="Latn" xml:lang="fre">
            <part>Cour de cassation, greffe civil</part>
         </nameEntry>
      </identity>
      <description>
         <existDates>
            <dateRange>
               <fromDate standardDate="1790-01-01">1790</fromDate>
            </dateRange>
         </existDates>
         <legalStatuses>
            <legalStatus>
               <term vocabularySource="d5bloo2lv1--65p8cc56ah9l">juridiction</term>
            </legalStatus>
         </legalStatuses>
      </description>
      <relations>
         <cpfRelation xmlns:xlink="http://www.w3.org/1999/xlink"
                      cpfRelationType="hierarchical-parent"
                      xlink:href="FRAN_NP_000092"
                      xlink:type="simple">
            <relationEntry>Cour de cassation</relationEntry>
            <dateRange>
               <fromDate standardDate="1790-01-01">1790</fromDate>
               <toDate/>
            </dateRange>
         </cpfRelation>
         <resourceRelation xmlns:xlink="http://www.w3.org/1999/xlink"
                           resourceRelationType="subjectOf"
                           xlink:href="FRAN_IR_016375"
                           xlink:type="simple">
            <relationEntry localType="archival">Grands corps de l'Etat ; Cour de cassation ; Greffe civil (1956-1974)</relationEntry>
         </resourceRelation>
         <resourceRelation xmlns:xlink="http://www.w3.org/1999/xlink"
                           resourceRelationType="subjectOf"
                           xlink:href="FRAN_IR_016376"
                           xlink:type="simple">
            <relationEntry localType="archival">Grands corps de l'Etat ; Cour de cassation ; Greffe civil (1956-1974)</relationEntry>
         </resourceRelation>
         <resourceRelation xmlns:xlink="http://www.w3.org/1999/xlink"
                           resourceRelationType="subjectOf"
                           xlink:href="FRAN_IR_016377"
                           xlink:type="simple">
            <relationEntry localType="archival">Grands corps de l'Etat ; Cour de cassation ; Greffe civil (1950-1977)</relationEntry>
         </resourceRelation>
         <resourceRelation xmlns:xlink="http://www.w3.org/1999/xlink"
                           resourceRelationType="subjectOf"
                           xlink:href="FRAN_IR_016378"
                           xlink:type="simple">
            <relationEntry localType="archival">Grands corps de l'Etat ; Cour de cassation ; Greffe civil (1932-1971)</relationEntry>
         </resourceRelation>
         <resourceRelation xmlns:xlink="http://www.w3.org/1999/xlink"
                           resourceRelationType="subjectOf"
                           xlink:href="FRAN_IR_016379"
                           xlink:type="simple">
            <relationEntry localType="archival">Grands corps de l'Etat ; Cour de cassation ; Greffe civil (1964-1984)</relationEntry>
         </resourceRelation>
         <resourceRelation xmlns:xlink="http://www.w3.org/1999/xlink"
                           resourceRelationType="subjectOf"
                           xlink:href="FRAN_IR_019987"
                           xlink:type="simple">
            <relationEntry localType="archival">Grands corps de l'Etat ; Cour de cassation ; Greffe civil (1999-1999)</relationEntry>
         </resourceRelation>
         <resourceRelation xmlns:xlink="http://www.w3.org/1999/xlink"
                           resourceRelationType="subjectOf"
                           xlink:href="FRAN_IR_015950"
                           xlink:type="simple">
            <relationEntry localType="archival">Grands corps de l'Etat ; Cour de cassation ; Greffe civil (1881-1890)</relationEntry>
         </resourceRelation>
         <resourceRelation xmlns:xlink="http://www.w3.org/1999/xlink"
                           resourceRelationType="subjectOf"
                           xlink:href="FRAN_IR_015951"
                           xlink:type="simple">
            <relationEntry localType="archival">Grands corps de l'Etat ; Cour de cassation ; Greffe civil (1910-1953)</relationEntry>
         </resourceRelation>
         <resourceRelation xmlns:xlink="http://www.w3.org/1999/xlink"
                           resourceRelationType="subjectOf"
                           xlink:href="FRAN_IR_015970"
                           xlink:type="simple">
            <relationEntry localType="archival">Grands corps de l'Etat ; Cour de cassation ; Greffe civil (1913-1926)</relationEntry>
         </resourceRelation>
         <resourceRelation xmlns:xlink="http://www.w3.org/1999/xlink"
                           resourceRelationType="subjectOf"
                           xlink:href="FRAN_IR_006309"
                           xlink:type="simple">
            <relationEntry localType="archival">Grands corps de l'Etat ; Cour de cassation ; Greffe civil (1978-1978)</relationEntry>
         </resourceRelation>
         <resourceRelation xmlns:xlink="http://www.w3.org/1999/xlink"
                           resourceRelationType="subjectOf"
                           xlink:href="FRAN_IR_006315"
                           xlink:type="simple">
            <relationEntry localType="archival">Grands corps de l'Etat ; Cour de cassation ; Greffe civil (1979-1979)</relationEntry>
         </resourceRelation>
         <resourceRelation xmlns:xlink="http://www.w3.org/1999/xlink"
                           resourceRelationType="subjectOf"
                           xlink:href="FRAN_IR_006861"
                           xlink:type="simple">
            <relationEntry localType="archival">Grands corps de l'Etat ; Cour de cassation ; Greffe civil (1980-1980)</relationEntry>
         </resourceRelation>
         <resourceRelation xmlns:xlink="http://www.w3.org/1999/xlink"
                           resourceRelationType="subjectOf"
                           xlink:href="FRAN_IR_006862"
                           xlink:type="simple">
            <relationEntry localType="archival">Grands corps de l'Etat ; Cour de cassation ; Greffe civil (1980-1980)</relationEntry>
         </resourceRelation>
         <resourceRelation xmlns:xlink="http://www.w3.org/1999/xlink"
                           resourceRelationType="subjectOf"
                           xlink:href="FRAN_IR_006863"
                           xlink:type="simple">
            <relationEntry localType="archival">Grands corps de l'Etat ; Cour de cassation ; Greffe civil (1980-1980)</relationEntry>
         </resourceRelation>
         <resourceRelation xmlns:xlink="http://www.w3.org/1999/xlink"
                           resourceRelationType="subjectOf"
                           xlink:href="FRAN_IR_006864"
                           xlink:type="simple">
            <relationEntry localType="archival">Grands corps de l'Etat ; Cour de cassation ; Greffe civil (1980-1980)</relationEntry>
         </resourceRelation>
         <resourceRelation xmlns:xlink="http://www.w3.org/1999/xlink"
                           resourceRelationType="subjectOf"
                           xlink:href="FRAN_IR_006865"
                           xlink:type="simple">
            <relationEntry localType="archival">Grands corps de l'Etat ; Cour de cassation ; Greffe civil (1980-1980)</relationEntry>
         </resourceRelation>
         <resourceRelation xmlns:xlink="http://www.w3.org/1999/xlink"
                           resourceRelationType="subjectOf"
                           xlink:href="FRAN_IR_006866"
                           xlink:type="simple">
            <relationEntry localType="archival">Grands corps de l'Etat ; Cour de cassation ; Greffe civil (1980-1980)</relationEntry>
         </resourceRelation>
         <resourceRelation xmlns:xlink="http://www.w3.org/1999/xlink"
                           resourceRelationType="subjectOf"
                           xlink:href="FRAN_IR_006867"
                           xlink:type="simple">
            <relationEntry localType="archival">Grands corps de l'Etat ; Cour de cassation ; Greffe civil (1980-1980)</relationEntry>
         </resourceRelation>
         <resourceRelation xmlns:xlink="http://www.w3.org/1999/xlink"
                           resourceRelationType="subjectOf"
                           xlink:href="FRAN_IR_007372"
                           xlink:type="simple">
            <relationEntry localType="archival">Grands corps de l'Etat ; Cour de cassation ; Greffe civil (1978-1986)</relationEntry>
         </resourceRelation>
         <resourceRelation xmlns:xlink="http://www.w3.org/1999/xlink"
                           resourceRelationType="subjectOf"
                           xlink:href="FRAN_IR_007373"
                           xlink:type="simple">
            <relationEntry localType="archival">Grands corps de l'Etat ; Cour de cassation ; Greffe civil (1984-1986)</relationEntry>
         </resourceRelation>
         <resourceRelation xmlns:xlink="http://www.w3.org/1999/xlink"
                           resourceRelationType="subjectOf"
                           xlink:href="FRAN_IR_008009"
                           xlink:type="simple">
            <relationEntry localType="archival">Grands corps de l'Etat ; Cour de cassation ; Greffe civil (1984-1985)</relationEntry>
         </resourceRelation>
         <resourceRelation xmlns:xlink="http://www.w3.org/1999/xlink"
                           resourceRelationType="subjectOf"
                           xlink:href="FRAN_IR_008968"
                           xlink:type="simple">
            <relationEntry localType="archival">Grands corps de l'Etat ; Cour de cassation ; Greffe civil (1990)</relationEntry>
         </resourceRelation>
         <resourceRelation xmlns:xlink="http://www.w3.org/1999/xlink"
                           resourceRelationType="subjectOf"
                           xlink:href="FRAN_IR_009243"
                           xlink:type="simple">
            <relationEntry localType="archival">Grands corps de l'Etat ; Cour de cassation ; Greffe civil (1992)</relationEntry>
         </resourceRelation>
         <resourceRelation xmlns:xlink="http://www.w3.org/1999/xlink"
                           resourceRelationType="subjectOf"
                           xlink:href="FRAN_IR_009550"
                           xlink:type="simple">
            <relationEntry localType="archival">Grands corps de l'Etat ; Cour de cassation ; Greffe civil (1994)</relationEntry>
         </resourceRelation>
         <resourceRelation xmlns:xlink="http://www.w3.org/1999/xlink"
                           resourceRelationType="subjectOf"
                           xlink:href="FRAN_IR_009751"
                           xlink:type="simple">
            <relationEntry localType="archival">Grands corps de l'Etat ; Cour de cassation ; Greffe civil (1960-1963)</relationEntry>
         </resourceRelation>
         <resourceRelation xmlns:xlink="http://www.w3.org/1999/xlink"
                           resourceRelationType="subjectOf"
                           xlink:href="FRAN_IR_009752"
                           xlink:type="simple">
            <relationEntry localType="archival">Grands corps de l'Etat ; Cour de cassation ; Greffe civil (1883-1938)</relationEntry>
         </resourceRelation>
         <resourceRelation xmlns:xlink="http://www.w3.org/1999/xlink"
                           resourceRelationType="subjectOf"
                           xlink:href="FRAN_IR_009753"
                           xlink:type="simple">
            <relationEntry localType="archival">Grands corps de l'Etat ; Cour de cassation ; Greffe civil (1837-1951)</relationEntry>
         </resourceRelation>
         <resourceRelation xmlns:xlink="http://www.w3.org/1999/xlink"
                           resourceRelationType="subjectOf"
                           xlink:href="FRAN_IR_009771"
                           xlink:type="simple">
            <relationEntry localType="archival">Grands corps de l'Etat ; Cour de cassation ; Greffe civil (1803-1933)</relationEntry>
         </resourceRelation>
         <resourceRelation xmlns:xlink="http://www.w3.org/1999/xlink"
                           resourceRelationType="subjectOf"
                           xlink:href="FRAN_IR_009772"
                           xlink:type="simple">
            <relationEntry localType="archival">Grands corps de l'Etat ; Cour de cassation ; Greffe civil (1871-1951)</relationEntry>
         </resourceRelation>
         <resourceRelation xmlns:xlink="http://www.w3.org/1999/xlink"
                           resourceRelationType="subjectOf"
                           xlink:href="FRAN_IR_009915"
                           xlink:type="simple">
            <relationEntry localType="archival">Grands corps de l'Etat ; Cour de cassation ; Greffe civil (1994)</relationEntry>
         </resourceRelation>
         <resourceRelation xmlns:xlink="http://www.w3.org/1999/xlink"
                           resourceRelationType="subjectOf"
                           xlink:href="FRAN_IR_010071"
                           xlink:type="simple">
            <relationEntry localType="archival">Grands corps de l'Etat ; Cour de cassation ; Greffe civil (1998-1999)</relationEntry>
         </resourceRelation>
         <resourceRelation xmlns:xlink="http://www.w3.org/1999/xlink"
                           resourceRelationType="subjectOf"
                           xlink:href="FRAN_IR_011855"
                           xlink:type="simple">
            <relationEntry localType="archival">Grands corps de l'Etat ; Cour de cassation ; Greffe civil (1974-1974)</relationEntry>
         </resourceRelation>
         <resourceRelation xmlns:xlink="http://www.w3.org/1999/xlink"
                           resourceRelationType="subjectOf"
                           xlink:href="FRAN_IR_011835"
                           xlink:type="simple">
            <relationEntry localType="archival">Grands corps de l'Etat ; Cour de cassation ; Greffe civil (1974-1974)</relationEntry>
         </resourceRelation>
         <resourceRelation xmlns:xlink="http://www.w3.org/1999/xlink"
                           resourceRelationType="subjectOf"
                           xlink:href="FRAN_IR_011836"
                           xlink:type="simple">
            <relationEntry localType="archival">Grands corps de l'Etat ; Cour de cassation ; Greffe civil (1975-1975)</relationEntry>
         </resourceRelation>
         <resourceRelation xmlns:xlink="http://www.w3.org/1999/xlink"
                           resourceRelationType="subjectOf"
                           xlink:href="FRAN_IR_011837"
                           xlink:type="simple">
            <relationEntry localType="archival">Grands corps de l'Etat ; Cour de cassation ; Greffe civil (1976-1976)</relationEntry>
         </resourceRelation>
         <resourceRelation xmlns:xlink="http://www.w3.org/1999/xlink"
                           resourceRelationType="subjectOf"
                           xlink:href="FRAN_IR_011839"
                           xlink:type="simple">
            <relationEntry localType="archival">Grands corps de l'Etat ; Cour de cassation ; Greffe civil (1973-1973)</relationEntry>
         </resourceRelation>
         <resourceRelation xmlns:xlink="http://www.w3.org/1999/xlink"
                           resourceRelationType="subjectOf"
                           xlink:href="FRAN_IR_011838"
                           xlink:type="simple">
            <relationEntry localType="archival">Grands corps de l'Etat ; Cour de cassation ; Greffe civil (1977-1977)</relationEntry>
         </resourceRelation>
         <resourceRelation xmlns:xlink="http://www.w3.org/1999/xlink"
                           resourceRelationType="subjectOf"
                           xlink:href="FRAN_IR_011841"
                           xlink:type="simple">
            <relationEntry localType="archival">Grands corps de l'Etat ; Cour de cassation ; Greffe civil (1975-1975)</relationEntry>
         </resourceRelation>
         <resourceRelation xmlns:xlink="http://www.w3.org/1999/xlink"
                           resourceRelationType="subjectOf"
                           xlink:href="FRAN_IR_011840"
                           xlink:type="simple">
            <relationEntry localType="archival">Grands corps de l'Etat ; Cour de cassation ; Greffe civil (1974-1974)</relationEntry>
         </resourceRelation>
         <resourceRelation xmlns:xlink="http://www.w3.org/1999/xlink"
                           resourceRelationType="subjectOf"
                           xlink:href="FRAN_IR_011842"
                           xlink:type="simple">
            <relationEntry localType="archival">Grands corps de l'Etat ; Cour de cassation ; Greffe civil (1976-1976)</relationEntry>
         </resourceRelation>
         <resourceRelation xmlns:xlink="http://www.w3.org/1999/xlink"
                           resourceRelationType="subjectOf"
                           xlink:href="FRAN_IR_011843"
                           xlink:type="simple">
            <relationEntry localType="archival">Grands corps de l'Etat ; Cour de cassation ; Greffe civil (1977-1977)</relationEntry>
         </resourceRelation>
         <resourceRelation xmlns:xlink="http://www.w3.org/1999/xlink"
                           resourceRelationType="subjectOf"
                           xlink:href="FRAN_IR_011844"
                           xlink:type="simple">
            <relationEntry localType="archival">Grands corps de l'Etat ; Cour de cassation ; Greffe civil (1973-1973)</relationEntry>
         </resourceRelation>
         <resourceRelation xmlns:xlink="http://www.w3.org/1999/xlink"
                           resourceRelationType="subjectOf"
                           xlink:href="FRAN_IR_011845"
                           xlink:type="simple">
            <relationEntry localType="archival">Grands corps de l'Etat ; Cour de cassation ; Greffe civil (1974-1974)</relationEntry>
         </resourceRelation>
         <resourceRelation xmlns:xlink="http://www.w3.org/1999/xlink"
                           resourceRelationType="subjectOf"
                           xlink:href="FRAN_IR_011846"
                           xlink:type="simple">
            <relationEntry localType="archival">Grands corps de l'Etat ; Cour de cassation ; Greffe civil (1975-1975)</relationEntry>
         </resourceRelation>
         <resourceRelation xmlns:xlink="http://www.w3.org/1999/xlink"
                           resourceRelationType="subjectOf"
                           xlink:href="FRAN_IR_011847"
                           xlink:type="simple">
            <relationEntry localType="archival">Grands corps de l'Etat ; Cour de cassation ; Greffe civil (1976-1976)</relationEntry>
         </resourceRelation>
         <resourceRelation xmlns:xlink="http://www.w3.org/1999/xlink"
                           resourceRelationType="subjectOf"
                           xlink:href="FRAN_IR_011848"
                           xlink:type="simple">
            <relationEntry localType="archival">Grands corps de l'Etat ; Cour de cassation ; Greffe civil (1977-1977)</relationEntry>
         </resourceRelation>
         <resourceRelation xmlns:xlink="http://www.w3.org/1999/xlink"
                           resourceRelationType="subjectOf"
                           xlink:href="FRAN_IR_011849"
                           xlink:type="simple">
            <relationEntry localType="archival">Grands corps de l'Etat ; Cour de cassation ; Greffe civil (1973-1973)</relationEntry>
         </resourceRelation>
         <resourceRelation xmlns:xlink="http://www.w3.org/1999/xlink"
                           resourceRelationType="subjectOf"
                           xlink:href="FRAN_IR_011850"
                           xlink:type="simple">
            <relationEntry localType="archival">Grands corps de l'Etat ; Cour de cassation ; Greffe civil (1974-1974)</relationEntry>
         </resourceRelation>
         <resourceRelation xmlns:xlink="http://www.w3.org/1999/xlink"
                           resourceRelationType="subjectOf"
                           xlink:href="FRAN_IR_011851"
                           xlink:type="simple">
            <relationEntry localType="archival">Grands corps de l'Etat ; Cour de cassation ; Greffe civil (1975-1975)</relationEntry>
         </resourceRelation>
         <resourceRelation xmlns:xlink="http://www.w3.org/1999/xlink"
                           resourceRelationType="subjectOf"
                           xlink:href="FRAN_IR_011852"
                           xlink:type="simple">
            <relationEntry localType="archival">Grands corps de l'Etat ; Cour de cassation ; Greffe civil (1976-1976)</relationEntry>
         </resourceRelation>
         <resourceRelation xmlns:xlink="http://www.w3.org/1999/xlink"
                           resourceRelationType="subjectOf"
                           xlink:href="FRAN_IR_011853"
                           xlink:type="simple">
            <relationEntry localType="archival">Grands corps de l'Etat ; Cour de cassation ; Greffe civil (1977-1977)</relationEntry>
         </resourceRelation>
         <resourceRelation xmlns:xlink="http://www.w3.org/1999/xlink"
                           resourceRelationType="subjectOf"
                           xlink:href="FRAN_IR_011854"
                           xlink:type="simple">
            <relationEntry localType="archival">Grands corps de l'Etat ; Cour de cassation ; Greffe civil (1973-1973)</relationEntry>
         </resourceRelation>
         <resourceRelation xmlns:xlink="http://www.w3.org/1999/xlink"
                           resourceRelationType="subjectOf"
                           xlink:href="FRAN_IR_011856"
                           xlink:type="simple">
            <relationEntry localType="archival">Grands corps de l'Etat ; Cour de cassation ; Greffe civil (1975-1975)</relationEntry>
         </resourceRelation>
         <resourceRelation xmlns:xlink="http://www.w3.org/1999/xlink"
                           resourceRelationType="subjectOf"
                           xlink:href="FRAN_IR_011857"
                           xlink:type="simple">
            <relationEntry localType="archival">Grands corps de l'Etat ; Cour de cassation ; Greffe civil (1976-1976)</relationEntry>
         </resourceRelation>
         <resourceRelation xmlns:xlink="http://www.w3.org/1999/xlink"
                           resourceRelationType="subjectOf"
                           xlink:href="FRAN_IR_011858"
                           xlink:type="simple">
            <relationEntry localType="archival">Grands corps de l'Etat ; Cour de cassation ; Greffe civil (1977-1977)</relationEntry>
         </resourceRelation>
         <resourceRelation xmlns:xlink="http://www.w3.org/1999/xlink"
                           resourceRelationType="subjectOf"
                           xlink:href="FRAN_IR_011861"
                           xlink:type="simple">
            <relationEntry localType="archival">Grands corps de l'Etat ; Cour de cassation ; Greffe civil (1959-1964)</relationEntry>
         </resourceRelation>
         <resourceRelation xmlns:xlink="http://www.w3.org/1999/xlink"
                           resourceRelationType="subjectOf"
                           xlink:href="FRAN_IR_011862"
                           xlink:type="simple">
            <relationEntry localType="archival">Grands corps de l'Etat ; Cour de cassation ; Greffe civil (1959-1964)</relationEntry>
         </resourceRelation>
         <resourceRelation xmlns:xlink="http://www.w3.org/1999/xlink"
                           resourceRelationType="subjectOf"
                           xlink:href="FRAN_IR_011863"
                           xlink:type="simple">
            <relationEntry localType="archival">Grands corps de l'Etat ; Cour de cassation ; Greffe civil (1959-1964)</relationEntry>
         </resourceRelation>
         <resourceRelation xmlns:xlink="http://www.w3.org/1999/xlink"
                           resourceRelationType="subjectOf"
                           xlink:href="FRAN_IR_011864"
                           xlink:type="simple">
            <relationEntry localType="archival">Grands corps de l'Etat ; Cour de cassation ; Greffe civil (1959-1964)</relationEntry>
         </resourceRelation>
         <resourceRelation xmlns:xlink="http://www.w3.org/1999/xlink"
                           resourceRelationType="subjectOf"
                           xlink:href="FRAN_IR_011865"
                           xlink:type="simple">
            <relationEntry localType="archival">Grands corps de l'Etat ; Cour de cassation ; Greffe civil (1971-1971)</relationEntry>
         </resourceRelation>
         <resourceRelation xmlns:xlink="http://www.w3.org/1999/xlink"
                           resourceRelationType="subjectOf"
                           xlink:href="FRAN_IR_011866"
                           xlink:type="simple">
            <relationEntry localType="archival">Grands corps de l'Etat ; Cour de cassation ; Greffe civil (1972-1972)</relationEntry>
         </resourceRelation>
         <resourceRelation xmlns:xlink="http://www.w3.org/1999/xlink"
                           resourceRelationType="subjectOf"
                           xlink:href="FRAN_IR_011867"
                           xlink:type="simple">
            <relationEntry localType="archival">Grands corps de l'Etat ; Cour de cassation ; Greffe civil (1973-1973)</relationEntry>
         </resourceRelation>
         <resourceRelation xmlns:xlink="http://www.w3.org/1999/xlink"
                           resourceRelationType="subjectOf"
                           xlink:href="FRAN_IR_011868"
                           xlink:type="simple">
            <relationEntry localType="archival">Grands corps de l'Etat ; Cour de cassation ; Greffe civil (1974-1974)</relationEntry>
         </resourceRelation>
         <resourceRelation xmlns:xlink="http://www.w3.org/1999/xlink"
                           resourceRelationType="subjectOf"
                           xlink:href="FRAN_IR_011869"
                           xlink:type="simple">
            <relationEntry localType="archival">Grands corps de l'Etat ; Cour de cassation ; Greffe civil (1975-1975)</relationEntry>
         </resourceRelation>
         <resourceRelation xmlns:xlink="http://www.w3.org/1999/xlink"
                           resourceRelationType="subjectOf"
                           xlink:href="FRAN_IR_011870"
                           xlink:type="simple">
            <relationEntry localType="archival">Grands corps de l'Etat ; Cour de cassation ; Greffe civil (1976-1976)</relationEntry>
         </resourceRelation>
         <resourceRelation xmlns:xlink="http://www.w3.org/1999/xlink"
                           resourceRelationType="subjectOf"
                           xlink:href="FRAN_IR_011871"
                           xlink:type="simple">
            <relationEntry localType="archival">Grands corps de l'Etat ; Cour de cassation ; Greffe civil (1977-1977)</relationEntry>
         </resourceRelation>
         <resourceRelation xmlns:xlink="http://www.w3.org/1999/xlink"
                           resourceRelationType="subjectOf"
                           xlink:href="FRAN_IR_013796"
                           xlink:type="simple">
            <relationEntry localType="archival">Grands corps de l'Etat ; Cour de cassation ; Greffe civil (1854-1886)</relationEntry>
         </resourceRelation>
         <resourceRelation xmlns:xlink="http://www.w3.org/1999/xlink"
                           resourceRelationType="subjectOf"
                           xlink:href="FRAN_IR_013797"
                           xlink:type="simple">
            <relationEntry localType="archival">Grands corps de l'Etat ; Cour de cassation ; Greffe civil (1795-1905)</relationEntry>
         </resourceRelation>
         <resourceRelation xmlns:xlink="http://www.w3.org/1999/xlink"
                           resourceRelationType="subjectOf"
                           xlink:href="FRAN_IR_013799"
                           xlink:type="simple">
            <relationEntry localType="archival">Grands corps de l'Etat ; Cour de cassation ; Greffe civil (1793-1950)</relationEntry>
         </resourceRelation>
         <resourceRelation xmlns:xlink="http://www.w3.org/1999/xlink"
                           resourceRelationType="subjectOf"
                           xlink:href="FRAN_IR_013798"
                           xlink:type="simple">
            <relationEntry localType="archival">Grands corps de l'Etat ; Cour de cassation ; Greffe civil (1808-1895)</relationEntry>
         </resourceRelation>
         <resourceRelation xmlns:xlink="http://www.w3.org/1999/xlink"
                           resourceRelationType="subjectOf"
                           xlink:href="FRAN_IR_013800"
                           xlink:type="simple">
            <relationEntry localType="archival">Grands corps de l'Etat ; Cour de cassation ; Greffe civil (1822-1941)</relationEntry>
         </resourceRelation>
         <resourceRelation xmlns:xlink="http://www.w3.org/1999/xlink"
                           resourceRelationType="subjectOf"
                           xlink:href="FRAN_IR_014881"
                           xlink:type="simple">
            <relationEntry localType="archival">Grands corps de l'Etat ; Cour de cassation ; Greffe civil (1981-1981)</relationEntry>
         </resourceRelation>
         <resourceRelation xmlns:xlink="http://www.w3.org/1999/xlink"
                           resourceRelationType="subjectOf"
                           xlink:href="FRAN_IR_014882"
                           xlink:type="simple">
            <relationEntry localType="archival">Grands corps de l'Etat ; Cour de cassation ; Greffe civil (1981-1981)</relationEntry>
         </resourceRelation>
         <resourceRelation xmlns:xlink="http://www.w3.org/1999/xlink"
                           resourceRelationType="subjectOf"
                           xlink:href="FRAN_IR_014917"
                           xlink:type="simple">
            <relationEntry localType="archival">Grands corps de l'Etat ; Cour de cassation ; Greffe civil (1981-1981)</relationEntry>
         </resourceRelation>
         <resourceRelation xmlns:xlink="http://www.w3.org/1999/xlink"
                           resourceRelationType="subjectOf"
                           xlink:href="FRAN_IR_014918"
                           xlink:type="simple">
            <relationEntry localType="archival">Grands corps de l'Etat ; Cour de cassation ; Greffe civil (1981-1981)</relationEntry>
         </resourceRelation>
         <resourceRelation xmlns:xlink="http://www.w3.org/1999/xlink"
                           resourceRelationType="subjectOf"
                           xlink:href="FRAN_IR_014919"
                           xlink:type="simple">
            <relationEntry localType="archival">Grands corps de l'Etat ; Cour de cassation ; Greffe civil (1981-1981)</relationEntry>
         </resourceRelation>
         <resourceRelation xmlns:xlink="http://www.w3.org/1999/xlink"
                           resourceRelationType="subjectOf"
                           xlink:href="FRAN_IR_014920"
                           xlink:type="simple">
            <relationEntry localType="archival">Grands corps de l'Etat ; Cour de cassation ; Greffe civil (1981-1981)</relationEntry>
         </resourceRelation>
         <resourceRelation xmlns:xlink="http://www.w3.org/1999/xlink"
                           resourceRelationType="subjectOf"
                           xlink:href="FRAN_IR_014921"
                           xlink:type="simple">
            <relationEntry localType="archival">Grands corps de l'Etat ; Cour de cassation ; Greffe civil (1981-1981)</relationEntry>
         </resourceRelation>
         <resourceRelation xmlns:xlink="http://www.w3.org/1999/xlink"
                           resourceRelationType="subjectOf"
                           xlink:href="FRAN_IR_014929"
                           xlink:type="simple">
            <relationEntry localType="archival">Grands corps de l'Etat ; Cour de cassation ; Greffe civil (1982-1982)</relationEntry>
         </resourceRelation>
         <resourceRelation xmlns:xlink="http://www.w3.org/1999/xlink"
                           resourceRelationType="subjectOf"
                           xlink:href="FRAN_IR_014930"
                           xlink:type="simple">
            <relationEntry localType="archival">Grands corps de l'Etat ; Cour de cassation ; Greffe civil (1983-1983)</relationEntry>
         </resourceRelation>
         <resourceRelation xmlns:xlink="http://www.w3.org/1999/xlink"
                           resourceRelationType="subjectOf"
                           xlink:href="FRAN_IR_014931"
                           xlink:type="simple">
            <relationEntry localType="archival">Grands corps de l'Etat ; Cour de cassation ; Greffe civil (1982-1982)</relationEntry>
         </resourceRelation>
         <resourceRelation xmlns:xlink="http://www.w3.org/1999/xlink"
                           resourceRelationType="subjectOf"
                           xlink:href="FRAN_IR_014932"
                           xlink:type="simple">
            <relationEntry localType="archival">Grands corps de l'Etat ; Cour de cassation ; Greffe civil (1983-1983)</relationEntry>
         </resourceRelation>
         <resourceRelation xmlns:xlink="http://www.w3.org/1999/xlink"
                           resourceRelationType="subjectOf"
                           xlink:href="FRAN_IR_015723"
                           xlink:type="simple">
            <relationEntry localType="archival">Grands corps de l'Etat ; Cour de cassation ; Greffe civil (1868-1888)</relationEntry>
         </resourceRelation>
         <resourceRelation xmlns:xlink="http://www.w3.org/1999/xlink"
                           resourceRelationType="subjectOf"
                           xlink:href="FRAN_IR_015724"
                           xlink:type="simple">
            <relationEntry localType="archival">Grands corps de l'Etat ; Cour de cassation ; Greffe civil (1859-1951)</relationEntry>
         </resourceRelation>
         <resourceRelation xmlns:xlink="http://www.w3.org/1999/xlink"
                           resourceRelationType="subjectOf"
                           xlink:href="FRAN_IR_015725"
                           xlink:type="simple">
            <relationEntry localType="archival">Grands corps de l'Etat ; Cour de cassation ; Greffe civil (1866-1933)</relationEntry>
         </resourceRelation>
         <resourceRelation xmlns:xlink="http://www.w3.org/1999/xlink"
                           resourceRelationType="subjectOf"
                           xlink:href="FRAN_IR_015728"
                           xlink:type="simple">
            <relationEntry localType="archival">Grands corps de l'Etat ; Cour de cassation ; Greffe civil (1812-1849)</relationEntry>
         </resourceRelation>
         <resourceRelation xmlns:xlink="http://www.w3.org/1999/xlink"
                           resourceRelationType="subjectOf"
                           xlink:href="FRAN_IR_015726"
                           xlink:type="simple">
            <relationEntry localType="archival">Grands corps de l'Etat ; Cour de cassation ; Greffe civil (1875-1902)</relationEntry>
         </resourceRelation>
         <resourceRelation xmlns:xlink="http://www.w3.org/1999/xlink"
                           resourceRelationType="subjectOf"
                           xlink:href="FRAN_IR_015727"
                           xlink:type="simple">
            <relationEntry localType="archival">Grands corps de l'Etat ; Cour de cassation ; Greffe civil (1872-1905)</relationEntry>
         </resourceRelation>
         <resourceRelation xmlns:xlink="http://www.w3.org/1999/xlink"
                           resourceRelationType="subjectOf"
                           xlink:href="FRAN_IR_015729"
                           xlink:type="simple">
            <relationEntry localType="archival">Grands corps de l'Etat ; Cour de cassation ; Greffe civil (1808-1821)</relationEntry>
         </resourceRelation>
         <resourceRelation xmlns:xlink="http://www.w3.org/1999/xlink"
                           resourceRelationType="subjectOf"
                           xlink:href="FRAN_IR_015730"
                           xlink:type="simple">
            <relationEntry localType="archival">Grands corps de l'Etat ; Cour de cassation ; Greffe civil (1871-1894)</relationEntry>
         </resourceRelation>
         <resourceRelation xmlns:xlink="http://www.w3.org/1999/xlink"
                           resourceRelationType="subjectOf"
                           xlink:href="FRAN_IR_015755"
                           xlink:type="simple">
            <relationEntry localType="archival">Grands corps de l'Etat ; Cour de cassation ; Greffe civil (1878-1888)</relationEntry>
         </resourceRelation>
         <resourceRelation xmlns:xlink="http://www.w3.org/1999/xlink"
                           resourceRelationType="subjectOf"
                           xlink:href="FRAN_IR_015756"
                           xlink:type="simple">
            <relationEntry localType="archival">Grands corps de l'Etat ; Cour de cassation ; Greffe civil (1871-1943)</relationEntry>
         </resourceRelation>
         <resourceRelation xmlns:xlink="http://www.w3.org/1999/xlink"
                           resourceRelationType="subjectOf"
                           xlink:href="FRAN_IR_015757"
                           xlink:type="simple">
            <relationEntry localType="archival">Grands corps de l'Etat ; Cour de cassation ; Greffe civil (1850-1949)</relationEntry>
         </resourceRelation>
         <resourceRelation xmlns:xlink="http://www.w3.org/1999/xlink"
                           resourceRelationType="subjectOf"
                           xlink:href="FRAN_IR_015758"
                           xlink:type="simple">
            <relationEntry localType="archival">Grands corps de l'Etat ; Cour de cassation ; Greffe civil (1918-1943)</relationEntry>
         </resourceRelation>
         <resourceRelation xmlns:xlink="http://www.w3.org/1999/xlink"
                           resourceRelationType="subjectOf"
                           xlink:href="FRAN_IR_015759"
                           xlink:type="simple">
            <relationEntry localType="archival">Grands corps de l'Etat ; Cour de cassation ; Greffe civil (1918-1924)</relationEntry>
         </resourceRelation>
         <resourceRelation xmlns:xlink="http://www.w3.org/1999/xlink"
                           resourceRelationType="subjectOf"
                           xlink:href="FRAN_IR_015760"
                           xlink:type="simple">
            <relationEntry localType="archival">Grands corps de l'Etat ; Cour de cassation ; Greffe civil (1911-1923)</relationEntry>
         </resourceRelation>
         <resourceRelation xmlns:xlink="http://www.w3.org/1999/xlink"
                           resourceRelationType="subjectOf"
                           xlink:href="FRAN_IR_015761"
                           xlink:type="simple">
            <relationEntry localType="archival">Grands corps de l'Etat ; Cour de cassation ; Greffe civil (1933-1942)</relationEntry>
         </resourceRelation>
         <resourceRelation xmlns:xlink="http://www.w3.org/1999/xlink"
                           resourceRelationType="subjectOf"
                           xlink:href="FRAN_IR_015762"
                           xlink:type="simple">
            <relationEntry localType="archival">Grands corps de l'Etat ; Cour de cassation ; Greffe civil (1931-1948)</relationEntry>
         </resourceRelation>
         <resourceRelation xmlns:xlink="http://www.w3.org/1999/xlink"
                           resourceRelationType="subjectOf"
                           xlink:href="FRAN_IR_015763"
                           xlink:type="simple">
            <relationEntry localType="archival">Grands corps de l'Etat ; Cour de cassation ; Greffe civil (1950-1951)</relationEntry>
         </resourceRelation>
         <resourceRelation xmlns:xlink="http://www.w3.org/1999/xlink"
                           resourceRelationType="subjectOf"
                           xlink:href="FRAN_IR_015764"
                           xlink:type="simple">
            <relationEntry localType="archival">Grands corps de l'Etat ; Cour de cassation ; Greffe civil (1952-1956)</relationEntry>
         </resourceRelation>
         <resourceRelation xmlns:xlink="http://www.w3.org/1999/xlink"
                           resourceRelationType="subjectOf"
                           xlink:href="FRAN_IR_015767"
                           xlink:type="simple">
            <relationEntry localType="archival">Grands corps de l'Etat ; Cour de cassation ; Greffe civil (1874-1886)</relationEntry>
         </resourceRelation>
         <resourceRelation xmlns:xlink="http://www.w3.org/1999/xlink"
                           resourceRelationType="subjectOf"
                           xlink:href="FRAN_IR_015766"
                           xlink:type="simple">
            <relationEntry localType="archival">Grands corps de l'Etat ; Cour de cassation ; Greffe civil (1845-1952)</relationEntry>
         </resourceRelation>
         <resourceRelation xmlns:xlink="http://www.w3.org/1999/xlink"
                           resourceRelationType="subjectOf"
                           xlink:href="FRAN_IR_015769"
                           xlink:type="simple">
            <relationEntry localType="archival">Grands corps de l'Etat ; Cour de cassation ; Greffe civil (1871-1883)</relationEntry>
         </resourceRelation>
         <resourceRelation xmlns:xlink="http://www.w3.org/1999/xlink"
                           resourceRelationType="subjectOf"
                           xlink:href="FRAN_IR_015768"
                           xlink:type="simple">
            <relationEntry localType="archival">Grands corps de l'Etat ; Cour de cassation ; Greffe civil (1889-1903)</relationEntry>
         </resourceRelation>
         <resourceRelation xmlns:xlink="http://www.w3.org/1999/xlink"
                           resourceRelationType="subjectOf"
                           xlink:href="FRAN_IR_015771"
                           xlink:type="simple">
            <relationEntry localType="archival">Grands corps de l'Etat ; Cour de cassation ; Greffe civil (1953-1956)</relationEntry>
         </resourceRelation>
         <resourceRelation xmlns:xlink="http://www.w3.org/1999/xlink"
                           resourceRelationType="subjectOf"
                           xlink:href="FRAN_IR_015770"
                           xlink:type="simple">
            <relationEntry localType="archival">Grands corps de l'Etat ; Cour de cassation ; Greffe civil (1862-1951)</relationEntry>
         </resourceRelation>
         <resourceRelation xmlns:xlink="http://www.w3.org/1999/xlink"
                           resourceRelationType="subjectOf"
                           xlink:href="FRAN_IR_015772"
                           xlink:type="simple">
            <relationEntry localType="archival">Grands corps de l'Etat ; Cour de cassation ; Greffe civil (1952-1956)</relationEntry>
         </resourceRelation>
         <resourceRelation xmlns:xlink="http://www.w3.org/1999/xlink"
                           resourceRelationType="subjectOf"
                           xlink:href="FRAN_IR_015870"
                           xlink:type="simple">
            <relationEntry localType="archival">Grands corps de l'Etat ; Cour de cassation ; Greffe civil (1844-1921)</relationEntry>
         </resourceRelation>
         <resourceRelation xmlns:xlink="http://www.w3.org/1999/xlink"
                           resourceRelationType="subjectOf"
                           xlink:href="FRAN_IR_015871"
                           xlink:type="simple">
            <relationEntry localType="archival">Grands corps de l'Etat ; Cour de cassation ; Greffe civil (1871-1953)</relationEntry>
         </resourceRelation>
         <resourceRelation xmlns:xlink="http://www.w3.org/1999/xlink"
                           resourceRelationType="subjectOf"
                           xlink:href="FRAN_IR_015872"
                           xlink:type="simple">
            <relationEntry localType="archival">Grands corps de l'Etat ; Cour de cassation ; Greffe civil (1802-1910)</relationEntry>
         </resourceRelation>
         <resourceRelation xmlns:xlink="http://www.w3.org/1999/xlink"
                           resourceRelationType="subjectOf"
                           xlink:href="FRAN_IR_015874"
                           xlink:type="simple">
            <relationEntry localType="archival">Grands corps de l'Etat ; Cour de cassation ; Greffe civil (1870-1929)</relationEntry>
         </resourceRelation>
         <resourceRelation xmlns:xlink="http://www.w3.org/1999/xlink"
                           resourceRelationType="subjectOf"
                           xlink:href="FRAN_IR_015875"
                           xlink:type="simple">
            <relationEntry localType="archival">Grands corps de l'Etat ; Cour de cassation ; Greffe civil (1870-1900)</relationEntry>
         </resourceRelation>
         <resourceRelation xmlns:xlink="http://www.w3.org/1999/xlink"
                           resourceRelationType="subjectOf"
                           xlink:href="FRAN_IR_015925"
                           xlink:type="simple">
            <relationEntry localType="archival">Grands corps de l'Etat ; Cour de cassation ; Greffe civil (1806-1849)</relationEntry>
         </resourceRelation>
         <resourceRelation xmlns:xlink="http://www.w3.org/1999/xlink"
                           resourceRelationType="subjectOf"
                           xlink:href="FRAN_IR_015926"
                           xlink:type="simple">
            <relationEntry localType="archival">Grands corps de l'Etat ; Cour de cassation ; Greffe civil (1843-1953)</relationEntry>
         </resourceRelation>
         <resourceRelation xmlns:xlink="http://www.w3.org/1999/xlink"
                           resourceRelationType="subjectOf"
                           xlink:href="FRAN_IR_015927"
                           xlink:type="simple">
            <relationEntry localType="archival">Grands corps de l'Etat ; Cour de cassation ; Greffe civil (1793-1843)</relationEntry>
         </resourceRelation>
         <resourceRelation xmlns:xlink="http://www.w3.org/1999/xlink"
                           resourceRelationType="subjectOf"
                           xlink:href="FRAN_IR_015928"
                           xlink:type="simple">
            <relationEntry localType="archival">Grands corps de l'Etat ; Cour de cassation ; Greffe civil (1900-1922)</relationEntry>
         </resourceRelation>
         <resourceRelation xmlns:xlink="http://www.w3.org/1999/xlink"
                           resourceRelationType="subjectOf"
                           xlink:href="FRAN_IR_015949"
                           xlink:type="simple">
            <relationEntry localType="archival">Grands corps de l'Etat ; Cour de cassation ; Greffe civil (1817-1825)</relationEntry>
         </resourceRelation>
         <resourceRelation xmlns:xlink="http://www.w3.org/1999/xlink"
                           resourceRelationType="subjectOf"
                           xlink:href="FRAN_IR_015948"
                           xlink:type="simple">
            <relationEntry localType="archival">Grands corps de l'Etat ; Cour de cassation ; Greffe civil (1832-1949)</relationEntry>
         </resourceRelation>
         <resourceRelation xmlns:xlink="http://www.w3.org/1999/xlink"
                           resourceRelationType="subjectOf"
                           xlink:href="FRAN_IR_015952"
                           xlink:type="simple">
            <relationEntry localType="archival">Grands corps de l'Etat ; Cour de cassation ; Greffe civil (1949-1957)</relationEntry>
         </resourceRelation>
         <resourceRelation xmlns:xlink="http://www.w3.org/1999/xlink"
                           resourceRelationType="subjectOf"
                           xlink:href="FRAN_IR_015953"
                           xlink:type="simple">
            <relationEntry localType="archival">Grands corps de l'Etat ; Cour de cassation ; Greffe civil (1945-1953)</relationEntry>
         </resourceRelation>
         <resourceRelation xmlns:xlink="http://www.w3.org/1999/xlink"
                           resourceRelationType="subjectOf"
                           xlink:href="FRAN_IR_015955"
                           xlink:type="simple">
            <relationEntry localType="archival">Grands corps de l'Etat ; Cour de cassation ; Greffe civil (1905-1953)</relationEntry>
         </resourceRelation>
         <resourceRelation xmlns:xlink="http://www.w3.org/1999/xlink"
                           resourceRelationType="subjectOf"
                           xlink:href="FRAN_IR_015954"
                           xlink:type="simple">
            <relationEntry localType="archival">Grands corps de l'Etat ; Cour de cassation ; Greffe civil (1955-1958)</relationEntry>
         </resourceRelation>
         <resourceRelation xmlns:xlink="http://www.w3.org/1999/xlink"
                           resourceRelationType="subjectOf"
                           xlink:href="FRAN_IR_015956"
                           xlink:type="simple">
            <relationEntry localType="archival">Grands corps de l'Etat ; Cour de cassation ; Greffe civil (1905-1947)</relationEntry>
         </resourceRelation>
         <resourceRelation xmlns:xlink="http://www.w3.org/1999/xlink"
                           resourceRelationType="subjectOf"
                           xlink:href="FRAN_IR_015957"
                           xlink:type="simple">
            <relationEntry localType="archival">Grands corps de l'Etat ; Cour de cassation ; Greffe civil (1921-1930)</relationEntry>
         </resourceRelation>
         <resourceRelation xmlns:xlink="http://www.w3.org/1999/xlink"
                           resourceRelationType="subjectOf"
                           xlink:href="FRAN_IR_015958"
                           xlink:type="simple">
            <relationEntry localType="archival">Grands corps de l'Etat ; Cour de cassation ; Greffe civil (XXe siècle)</relationEntry>
         </resourceRelation>
         <resourceRelation xmlns:xlink="http://www.w3.org/1999/xlink"
                           resourceRelationType="subjectOf"
                           xlink:href="FRAN_IR_015963"
                           xlink:type="simple">
            <relationEntry localType="archival">Grands corps de l'Etat ; Cour de cassation ; Greffe civil (1994)</relationEntry>
         </resourceRelation>
         <resourceRelation xmlns:xlink="http://www.w3.org/1999/xlink"
                           resourceRelationType="subjectOf"
                           xlink:href="FRAN_IR_015965"
                           xlink:type="simple">
            <relationEntry localType="archival">Grands corps de l'Etat ; Cour de cassation ; Greffe civil (1935-1945)</relationEntry>
         </resourceRelation>
         <resourceRelation xmlns:xlink="http://www.w3.org/1999/xlink"
                           resourceRelationType="subjectOf"
                           xlink:href="FRAN_IR_015964"
                           xlink:type="simple">
            <relationEntry localType="archival">Grands corps de l'Etat ; Cour de cassation ; Greffe civil (1812-1822)</relationEntry>
         </resourceRelation>
         <resourceRelation xmlns:xlink="http://www.w3.org/1999/xlink"
                           resourceRelationType="subjectOf"
                           xlink:href="FRAN_IR_015966"
                           xlink:type="simple">
            <relationEntry localType="archival">Grands corps de l'Etat ; Cour de cassation ; Greffe civil (1806-1953)</relationEntry>
         </resourceRelation>
         <resourceRelation xmlns:xlink="http://www.w3.org/1999/xlink"
                           resourceRelationType="subjectOf"
                           xlink:href="FRAN_IR_015967"
                           xlink:type="simple">
            <relationEntry localType="archival">Grands corps de l'Etat ; Cour de cassation ; Greffe civil (1932-1938)</relationEntry>
         </resourceRelation>
         <resourceRelation xmlns:xlink="http://www.w3.org/1999/xlink"
                           resourceRelationType="subjectOf"
                           xlink:href="FRAN_IR_015969"
                           xlink:type="simple">
            <relationEntry localType="archival">Grands corps de l'Etat ; Cour de cassation ; Greffe civil (1896-1898)</relationEntry>
         </resourceRelation>
         <resourceRelation xmlns:xlink="http://www.w3.org/1999/xlink"
                           resourceRelationType="subjectOf"
                           xlink:href="FRAN_IR_015968"
                           xlink:type="simple">
            <relationEntry localType="archival">Grands corps de l'Etat ; Cour de cassation ; Greffe civil (1943-1949)</relationEntry>
         </resourceRelation>
         <resourceRelation xmlns:xlink="http://www.w3.org/1999/xlink"
                           resourceRelationType="subjectOf"
                           xlink:href="FRAN_IR_016014"
                           xlink:type="simple">
            <relationEntry localType="archival">Grands corps de l'Etat ; Cour de cassation ; Greffe civil (1929-1938)</relationEntry>
         </resourceRelation>
         <resourceRelation xmlns:xlink="http://www.w3.org/1999/xlink"
                           resourceRelationType="subjectOf"
                           xlink:href="FRAN_IR_016017"
                           xlink:type="simple">
            <relationEntry localType="archival">Grands corps de l'Etat ; Cour de cassation ; Greffe civil (1859-1872)</relationEntry>
         </resourceRelation>
         <resourceRelation xmlns:xlink="http://www.w3.org/1999/xlink"
                           resourceRelationType="subjectOf"
                           xlink:href="FRAN_IR_016016"
                           xlink:type="simple">
            <relationEntry localType="archival">Grands corps de l'Etat ; Cour de cassation ; Greffe civil (1931-1934)</relationEntry>
         </resourceRelation>
         <resourceRelation xmlns:xlink="http://www.w3.org/1999/xlink"
                           resourceRelationType="subjectOf"
                           xlink:href="FRAN_IR_016015"
                           xlink:type="simple">
            <relationEntry localType="archival">Grands corps de l'Etat ; Cour de cassation ; Greffe civil (1927-1948)</relationEntry>
         </resourceRelation>
         <resourceRelation xmlns:xlink="http://www.w3.org/1999/xlink"
                           resourceRelationType="subjectOf"
                           xlink:href="FRAN_IR_016018"
                           xlink:type="simple">
            <relationEntry localType="archival">Grands corps de l'Etat ; Cour de cassation ; Greffe civil (1924-1930)</relationEntry>
         </resourceRelation>
         <resourceRelation xmlns:xlink="http://www.w3.org/1999/xlink"
                           resourceRelationType="subjectOf"
                           xlink:href="FRAN_IR_016028"
                           xlink:type="simple">
            <relationEntry localType="archival">Grands corps de l'Etat ; Cour de cassation ; Greffe civil (1871-1906)</relationEntry>
         </resourceRelation>
         <resourceRelation xmlns:xlink="http://www.w3.org/1999/xlink"
                           resourceRelationType="subjectOf"
                           xlink:href="FRAN_IR_016030"
                           xlink:type="simple">
            <relationEntry localType="archival">Grands corps de l'Etat ; Cour de cassation ; Greffe civil (1920-1951)</relationEntry>
         </resourceRelation>
         <resourceRelation xmlns:xlink="http://www.w3.org/1999/xlink"
                           resourceRelationType="subjectOf"
                           xlink:href="FRAN_IR_016363"
                           xlink:type="simple">
            <relationEntry localType="archival">Grands corps de l'Etat ; Cour de cassation (2000-2000)</relationEntry>
         </resourceRelation>
         <resourceRelation xmlns:xlink="http://www.w3.org/1999/xlink"
                           resourceRelationType="subjectOf"
                           xlink:href="FRAN_IR_016476"
                           xlink:type="simple">
            <relationEntry localType="archival">Grands corps de l'Etat ; Cour de cassation ; Greffe civil (1969-1969)</relationEntry>
         </resourceRelation>
         <resourceRelation xmlns:xlink="http://www.w3.org/1999/xlink"
                           resourceRelationType="subjectOf"
                           xlink:href="FRAN_IR_016477"
                           xlink:type="simple">
            <relationEntry localType="archival">Grands corps de l'Etat ; Cour de cassation ; Greffe civil (1970-1970)</relationEntry>
         </resourceRelation>
         <resourceRelation xmlns:xlink="http://www.w3.org/1999/xlink"
                           resourceRelationType="subjectOf"
                           xlink:href="FRAN_IR_016480"
                           xlink:type="simple">
            <relationEntry localType="archival">Grands corps de l'Etat ; Cour de cassation ; Greffe civil (1969-1969)</relationEntry>
         </resourceRelation>
         <resourceRelation xmlns:xlink="http://www.w3.org/1999/xlink"
                           resourceRelationType="subjectOf"
                           xlink:href="FRAN_IR_016478"
                           xlink:type="simple">
            <relationEntry localType="archival">Grands corps de l'Etat ; Cour de cassation ; Greffe civil (1971-1971)</relationEntry>
         </resourceRelation>
         <resourceRelation xmlns:xlink="http://www.w3.org/1999/xlink"
                           resourceRelationType="subjectOf"
                           xlink:href="FRAN_IR_016479"
                           xlink:type="simple">
            <relationEntry localType="archival">Grands corps de l'Etat ; Cour de cassation ; Greffe civil (1972-1972)</relationEntry>
         </resourceRelation>
         <resourceRelation xmlns:xlink="http://www.w3.org/1999/xlink"
                           resourceRelationType="subjectOf"
                           xlink:href="FRAN_IR_016481"
                           xlink:type="simple">
            <relationEntry localType="archival">Grands corps de l'Etat ; Cour de cassation ; Greffe civil (1970-1970)</relationEntry>
         </resourceRelation>
         <resourceRelation xmlns:xlink="http://www.w3.org/1999/xlink"
                           resourceRelationType="subjectOf"
                           xlink:href="FRAN_IR_016483"
                           xlink:type="simple">
            <relationEntry localType="archival">Grands corps de l'Etat ; Cour de cassation ; Greffe civil (1972-1972)</relationEntry>
         </resourceRelation>
         <resourceRelation xmlns:xlink="http://www.w3.org/1999/xlink"
                           resourceRelationType="subjectOf"
                           xlink:href="FRAN_IR_016484"
                           xlink:type="simple">
            <relationEntry localType="archival">Grands corps de l'Etat ; Cour de cassation ; Greffe civil (1969-1969)</relationEntry>
         </resourceRelation>
         <resourceRelation xmlns:xlink="http://www.w3.org/1999/xlink"
                           resourceRelationType="subjectOf"
                           xlink:href="FRAN_IR_016482"
                           xlink:type="simple">
            <relationEntry localType="archival">Grands corps de l'Etat ; Cour de cassation ; Greffe civil (1971-1971)</relationEntry>
         </resourceRelation>
         <resourceRelation xmlns:xlink="http://www.w3.org/1999/xlink"
                           resourceRelationType="subjectOf"
                           xlink:href="FRAN_IR_016485"
                           xlink:type="simple">
            <relationEntry localType="archival">Grands corps de l'Etat ; Cour de cassation ; Greffe civil (1969-1969)</relationEntry>
         </resourceRelation>
         <resourceRelation xmlns:xlink="http://www.w3.org/1999/xlink"
                           resourceRelationType="subjectOf"
                           xlink:href="FRAN_IR_016488"
                           xlink:type="simple">
            <relationEntry localType="archival">Grands corps de l'Etat ; Cour de cassation ; Greffe civil (1970-1970)</relationEntry>
         </resourceRelation>
         <resourceRelation xmlns:xlink="http://www.w3.org/1999/xlink"
                           resourceRelationType="subjectOf"
                           xlink:href="FRAN_IR_016487"
                           xlink:type="simple">
            <relationEntry localType="archival">Grands corps de l'Etat ; Cour de cassation ; Greffe civil (1970-1970)</relationEntry>
         </resourceRelation>
         <resourceRelation xmlns:xlink="http://www.w3.org/1999/xlink"
                           resourceRelationType="subjectOf"
                           xlink:href="FRAN_IR_016486"
                           xlink:type="simple">
            <relationEntry localType="archival">Grands corps de l'Etat ; Cour de cassation ; Greffe civil (1969-1969)</relationEntry>
         </resourceRelation>
         <resourceRelation xmlns:xlink="http://www.w3.org/1999/xlink"
                           resourceRelationType="subjectOf"
                           xlink:href="FRAN_IR_016489"
                           xlink:type="simple">
            <relationEntry localType="archival">Grands corps de l'Etat ; Cour de cassation ; Greffe civil (1970-1970)</relationEntry>
         </resourceRelation>
         <resourceRelation xmlns:xlink="http://www.w3.org/1999/xlink"
                           resourceRelationType="subjectOf"
                           xlink:href="FRAN_IR_016490"
                           xlink:type="simple">
            <relationEntry localType="archival">Grands corps de l'Etat ; Cour de cassation ; Greffe civil (1971-1971)</relationEntry>
         </resourceRelation>
         <resourceRelation xmlns:xlink="http://www.w3.org/1999/xlink"
                           resourceRelationType="subjectOf"
                           xlink:href="FRAN_IR_016492"
                           xlink:type="simple">
            <relationEntry localType="archival">Grands corps de l'Etat ; Cour de cassation ; Greffe civil (1971-1971)</relationEntry>
         </resourceRelation>
         <resourceRelation xmlns:xlink="http://www.w3.org/1999/xlink"
                           resourceRelationType="subjectOf"
                           xlink:href="FRAN_IR_016493"
                           xlink:type="simple">
            <relationEntry localType="archival">Grands corps de l'Etat ; Cour de cassation ; Greffe civil (1972-1972)</relationEntry>
         </resourceRelation>
         <resourceRelation xmlns:xlink="http://www.w3.org/1999/xlink"
                           resourceRelationType="subjectOf"
                           xlink:href="FRAN_IR_016491"
                           xlink:type="simple">
            <relationEntry localType="archival">Grands corps de l'Etat ; Cour de cassation ; Greffe civil (1971-1971)</relationEntry>
         </resourceRelation>
         <resourceRelation xmlns:xlink="http://www.w3.org/1999/xlink"
                           resourceRelationType="subjectOf"
                           xlink:href="FRAN_IR_016494"
                           xlink:type="simple">
            <relationEntry localType="archival">Grands corps de l'Etat ; Cour de cassation ; Greffe civil (1972-1972)</relationEntry>
         </resourceRelation>
         <resourceRelation xmlns:xlink="http://www.w3.org/1999/xlink"
                           resourceRelationType="subjectOf"
                           xlink:href="FRAN_IR_016495"
                           xlink:type="simple">
            <relationEntry localType="archival">Grands corps de l'Etat ; Cour de cassation ; Greffe civil (1972-1972)</relationEntry>
         </resourceRelation>
         <resourceRelation xmlns:xlink="http://www.w3.org/1999/xlink"
                           resourceRelationType="subjectOf"
                           xlink:href="FRAN_IR_018287"
                           xlink:type="simple">
            <relationEntry localType="archival">Grands corps de l'Etat ; Cour de cassation ; Greffe civil (1987)</relationEntry>
         </resourceRelation>
         <resourceRelation xmlns:xlink="http://www.w3.org/1999/xlink"
                           resourceRelationType="subjectOf"
                           xlink:href="FRAN_IR_019190"
                           xlink:type="simple">
            <relationEntry localType="archival">Grands corps de l'Etat ; Cour de cassation ; Greffe civil (1995)</relationEntry>
         </resourceRelation>
         <resourceRelation xmlns:xlink="http://www.w3.org/1999/xlink"
                           resourceRelationType="subjectOf"
                           xlink:href="FRAN_IR_019191"
                           xlink:type="simple">
            <relationEntry localType="archival">Grands corps de l'Etat ; Cour de cassation ; Greffe civil (1995)</relationEntry>
         </resourceRelation>
         <resourceRelation xmlns:xlink="http://www.w3.org/1999/xlink"
                           resourceRelationType="subjectOf"
                           xlink:href="FRAN_IR_019315"
                           xlink:type="simple">
            <relationEntry localType="archival">Grands corps de l'Etat ; Cour de cassation ; Greffe civil (1997-1997)</relationEntry>
         </resourceRelation>
         <resourceRelation xmlns:xlink="http://www.w3.org/1999/xlink"
                           resourceRelationType="subjectOf"
                           xlink:href="FRAN_IR_019319"
                           xlink:type="simple">
            <relationEntry localType="archival">Grands corps de l'Etat ; Cour de cassation ; Greffe civil (1798-1861)</relationEntry>
         </resourceRelation>
         <resourceRelation xmlns:xlink="http://www.w3.org/1999/xlink"
                           resourceRelationType="subjectOf"
                           xlink:href="FRAN_IR_019471"
                           xlink:type="simple">
            <relationEntry localType="archival">Grands corps de l'Etat ; Cour de cassation ; Greffe civil (1864-1959)</relationEntry>
         </resourceRelation>
         <resourceRelation xmlns:xlink="http://www.w3.org/1999/xlink"
                           resourceRelationType="subjectOf"
                           xlink:href="FRAN_IR_019474"
                           xlink:type="simple">
            <relationEntry localType="archival">Grands corps de l'Etat ; Cour de cassation ; Greffe civil (1960-1991)</relationEntry>
         </resourceRelation>
         <resourceRelation xmlns:xlink="http://www.w3.org/1999/xlink"
                           resourceRelationType="subjectOf"
                           xlink:href="FRAN_IR_019475"
                           xlink:type="simple">
            <relationEntry localType="archival">Grands corps de l'Etat ; Cour de cassation ; Greffe civil (1997-1997)</relationEntry>
         </resourceRelation>
         <resourceRelation xmlns:xlink="http://www.w3.org/1999/xlink"
                           resourceRelationType="subjectOf"
                           xlink:href="FRAN_IR_019631"
                           xlink:type="simple">
            <relationEntry localType="archival">Grands Corps de l'Etat ; Cour de Cassation ; Greffe Civil (1871-1951)</relationEntry>
         </resourceRelation>
         <resourceRelation xmlns:xlink="http://www.w3.org/1999/xlink"
                           resourceRelationType="subjectOf"
                           xlink:href="FRAN_IR_020068"
                           xlink:type="simple">
            <relationEntry localType="archival">Grands Corps de l'Etat ; Cour de Cassation ; Greffe Civil (1957-1986)</relationEntry>
         </resourceRelation>
         <resourceRelation xmlns:xlink="http://www.w3.org/1999/xlink"
                           resourceRelationType="subjectOf"
                           xlink:href="FRAN_IR_021230"
                           xlink:type="simple">
            <relationEntry localType="archival">Grands corps de l'Etat ; Cour de cassation ; Greffe civil (1965-1977)</relationEntry>
         </resourceRelation>
         <resourceRelation xmlns:xlink="http://www.w3.org/1999/xlink"
                           resourceRelationType="subjectOf"
                           xlink:href="FRAN_IR_021231"
                           xlink:type="simple">
            <relationEntry localType="archival">Grands corps de l'Etat ; Cour de cassation ; Greffe civil (1965-1977)</relationEntry>
         </resourceRelation>
         <resourceRelation xmlns:xlink="http://www.w3.org/1999/xlink"
                           resourceRelationType="subjectOf"
                           xlink:href="FRAN_IR_021233"
                           xlink:type="simple">
            <relationEntry localType="archival">Grands corps de l'Etat ; Cour de cassation ; Greffe civil (1965-1977)</relationEntry>
         </resourceRelation>
         <resourceRelation xmlns:xlink="http://www.w3.org/1999/xlink"
                           resourceRelationType="subjectOf"
                           xlink:href="FRAN_IR_021232"
                           xlink:type="simple">
            <relationEntry localType="archival">Grands corps de l'Etat ; Cour de cassation ; Greffe civil (1968-1977)</relationEntry>
         </resourceRelation>
         <resourceRelation xmlns:xlink="http://www.w3.org/1999/xlink"
                           resourceRelationType="subjectOf"
                           xlink:href="FRAN_IR_021234"
                           xlink:type="simple">
            <relationEntry localType="archival">Grands corps de l'Etat ; Cour de cassation ; Greffe civil (1965-1977)</relationEntry>
         </resourceRelation>
         <resourceRelation xmlns:xlink="http://www.w3.org/1999/xlink"
                           resourceRelationType="subjectOf"
                           xlink:href="FRAN_IR_021979"
                           xlink:type="simple">
            <relationEntry localType="archival">Grands corps de l'Etat ; Cour de cassation ; Greffe civil (1803-1899)</relationEntry>
         </resourceRelation>
         <resourceRelation xmlns:xlink="http://www.w3.org/1999/xlink"
                           resourceRelationType="subjectOf"
                           xlink:href="FRAN_IR_021982"
                           xlink:type="simple">
            <relationEntry localType="archival">Grands corps de l'Etat ; Cour de cassation ; Greffe civil (1850-1938)</relationEntry>
         </resourceRelation>
         <resourceRelation xmlns:xlink="http://www.w3.org/1999/xlink"
                           resourceRelationType="subjectOf"
                           xlink:href="FRAN_IR_021986"
                           xlink:type="simple">
            <relationEntry localType="archival">Grands corps de l'Etat ; Cour de cassation ; Greffe civil (1900-1906)</relationEntry>
         </resourceRelation>
         <resourceRelation xmlns:xlink="http://www.w3.org/1999/xlink"
                           resourceRelationType="subjectOf"
                           xlink:href="FRAN_IR_021983"
                           xlink:type="simple">
            <relationEntry localType="archival">Grands corps de l'Etat ; Cour de cassation ; Greffe civil (1905-1939)</relationEntry>
         </resourceRelation>
         <resourceRelation xmlns:xlink="http://www.w3.org/1999/xlink"
                           resourceRelationType="subjectOf"
                           xlink:href="FRAN_IR_021984"
                           xlink:type="simple">
            <relationEntry localType="archival">Grands corps de l'Etat ; Cour de cassation ; Greffe civil (1931-1939)</relationEntry>
         </resourceRelation>
         <resourceRelation xmlns:xlink="http://www.w3.org/1999/xlink"
                           resourceRelationType="subjectOf"
                           xlink:href="FRAN_IR_021985"
                           xlink:type="simple">
            <relationEntry localType="archival">Grands corps de l'Etat ; Cour de cassation ; Greffe civil (1918-1939)</relationEntry>
         </resourceRelation>
         <resourceRelation xmlns:xlink="http://www.w3.org/1999/xlink"
                           resourceRelationType="subjectOf"
                           xlink:href="FRAN_IR_021989"
                           xlink:type="simple">
            <relationEntry localType="archival">Grands corps de l'Etat ; Cour de cassation ; Greffe civil (1940-1949)</relationEntry>
         </resourceRelation>
         <resourceRelation xmlns:xlink="http://www.w3.org/1999/xlink"
                           resourceRelationType="subjectOf"
                           xlink:href="FRAN_IR_021990"
                           xlink:type="simple">
            <relationEntry localType="archival">Grands corps de l'Etat ; Cour de cassation ; Greffe civil (1940-1949)</relationEntry>
         </resourceRelation>
         <resourceRelation xmlns:xlink="http://www.w3.org/1999/xlink"
                           resourceRelationType="subjectOf"
                           xlink:href="FRAN_IR_021991"
                           xlink:type="simple">
            <relationEntry localType="archival">Grands corps de l'Etat ; Cour de cassation ; Greffe civil (1940-1949)</relationEntry>
         </resourceRelation>
         <resourceRelation xmlns:xlink="http://www.w3.org/1999/xlink"
                           resourceRelationType="subjectOf"
                           xlink:href="FRAN_IR_021992"
                           xlink:type="simple">
            <relationEntry localType="archival">Grands corps de l'Etat ; Cour de cassation ; Greffe civil (1939-1949)</relationEntry>
         </resourceRelation>
         <resourceRelation xmlns:xlink="http://www.w3.org/1999/xlink"
                           resourceRelationType="subjectOf"
                           xlink:href="FRAN_IR_021995"
                           xlink:type="simple">
            <relationEntry localType="archival">Grands corps de l'Etat ; Cour de cassation ; Greffe civil (1907-1959)</relationEntry>
         </resourceRelation>
         <resourceRelation xmlns:xlink="http://www.w3.org/1999/xlink"
                           resourceRelationType="subjectOf"
                           xlink:href="FRAN_IR_021994"
                           xlink:type="simple">
            <relationEntry localType="archival">Grands corps de l'Etat ; Cour de cassation ; Greffe civil (1950-1959)</relationEntry>
         </resourceRelation>
         <resourceRelation xmlns:xlink="http://www.w3.org/1999/xlink"
                           resourceRelationType="subjectOf"
                           xlink:href="FRAN_IR_021996"
                           xlink:type="simple">
            <relationEntry localType="archival">Grands corps de l'Etat ; Cour de cassation ; Greffe civil (1952-1959)</relationEntry>
         </resourceRelation>
         <resourceRelation xmlns:xlink="http://www.w3.org/1999/xlink"
                           resourceRelationType="subjectOf"
                           xlink:href="FRAN_IR_021998"
                           xlink:type="simple">
            <relationEntry localType="archival">Grands corps de l'Etat ; Cour de cassation ; Greffe civil (1947-1959)</relationEntry>
         </resourceRelation>
         <resourceRelation xmlns:xlink="http://www.w3.org/1999/xlink"
                           resourceRelationType="subjectOf"
                           xlink:href="FRAN_IR_022000"
                           xlink:type="simple">
            <relationEntry localType="archival">Grands corps de l'Etat ; Cour de cassation ; Greffe civil (1938-1959)</relationEntry>
         </resourceRelation>
         <resourceRelation xmlns:xlink="http://www.w3.org/1999/xlink"
                           resourceRelationType="subjectOf"
                           xlink:href="FRAN_IR_022002"
                           xlink:type="simple">
            <relationEntry localType="archival">Grands corps de l'Etat ; Cour de cassation ; Greffe civil (1833-1959)</relationEntry>
         </resourceRelation>
         <resourceRelation xmlns:xlink="http://www.w3.org/1999/xlink"
                           resourceRelationType="subjectOf"
                           xlink:href="FRAN_IR_022003"
                           xlink:type="simple">
            <relationEntry localType="archival">Grands corps de l'Etat ; Cour de cassation ; Greffe civil (1950-1950)</relationEntry>
         </resourceRelation>
         <resourceRelation xmlns:xlink="http://www.w3.org/1999/xlink"
                           resourceRelationType="subjectOf"
                           xlink:href="FRAN_IR_022004"
                           xlink:type="simple">
            <relationEntry localType="archival">Grands corps de l'Etat ; Cour de cassation ; Greffe civil (1950-1950)</relationEntry>
         </resourceRelation>
         <resourceRelation xmlns:xlink="http://www.w3.org/1999/xlink"
                           resourceRelationType="subjectOf"
                           xlink:href="FRAN_IR_022005"
                           xlink:type="simple">
            <relationEntry localType="archival">Grands corps de l'Etat ; Cour de cassation ; Greffe civil (1950-1950)</relationEntry>
         </resourceRelation>
         <resourceRelation xmlns:xlink="http://www.w3.org/1999/xlink"
                           resourceRelationType="subjectOf"
                           xlink:href="FRAN_IR_022008"
                           xlink:type="simple">
            <relationEntry localType="archival">Grands corps de l'Etat ; Cour de cassation ; Greffe civil (1966-1968)</relationEntry>
         </resourceRelation>
         <resourceRelation xmlns:xlink="http://www.w3.org/1999/xlink"
                           resourceRelationType="subjectOf"
                           xlink:href="FRAN_IR_022009"
                           xlink:type="simple">
            <relationEntry localType="archival">Grands corps de l'Etat ; Cour de cassation ; Greffe civil (1966-1968)</relationEntry>
         </resourceRelation>
         <resourceRelation xmlns:xlink="http://www.w3.org/1999/xlink"
                           resourceRelationType="subjectOf"
                           xlink:href="FRAN_IR_022010"
                           xlink:type="simple">
            <relationEntry localType="archival">Grands corps de l'Etat ; Cour de cassation ; Greffe civil (1968)</relationEntry>
         </resourceRelation>
         <resourceRelation xmlns:xlink="http://www.w3.org/1999/xlink"
                           resourceRelationType="subjectOf"
                           xlink:href="FRAN_IR_022011"
                           xlink:type="simple">
            <relationEntry localType="archival">Grands corps de l'Etat ; Cour de cassation ; Greffe civil (1966-1968)</relationEntry>
         </resourceRelation>
         <resourceRelation xmlns:xlink="http://www.w3.org/1999/xlink"
                           resourceRelationType="subjectOf"
                           xlink:href="FRAN_IR_022013"
                           xlink:type="simple">
            <relationEntry localType="archival">Grands corps de l'Etat ; Cour de cassation ; Greffe civil (1959-1970)</relationEntry>
         </resourceRelation>
         <resourceRelation xmlns:xlink="http://www.w3.org/1999/xlink"
                           resourceRelationType="subjectOf"
                           xlink:href="FRAN_IR_022012"
                           xlink:type="simple">
            <relationEntry localType="archival">Grands corps de l'Etat ; Cour de cassation ; Greffe civil (1966-1968)</relationEntry>
         </resourceRelation>
         <resourceRelation xmlns:xlink="http://www.w3.org/1999/xlink"
                           resourceRelationType="subjectOf"
                           xlink:href="FRAN_IR_022583"
                           xlink:type="simple">
            <relationEntry localType="archival">Grands corps de l'Etat ; Cour de cassation ; Greffe civil (1988)</relationEntry>
         </resourceRelation>
         <resourceRelation xmlns:xlink="http://www.w3.org/1999/xlink"
                           resourceRelationType="subjectOf"
                           xlink:href="FRAN_IR_022753"
                           xlink:type="simple">
            <relationEntry localType="archival">Grands corps de l'Etat ; Cour de cassation ; Greffe civil (1989)</relationEntry>
         </resourceRelation>
         <resourceRelation xmlns:xlink="http://www.w3.org/1999/xlink"
                           resourceRelationType="subjectOf"
                           xlink:href="FRAN_IR_022849"
                           xlink:type="simple">
            <relationEntry localType="archival">Grands corps de l'Etat ; Cour de cassation ; Greffe civil (1991)</relationEntry>
         </resourceRelation>
         <resourceRelation xmlns:xlink="http://www.w3.org/1999/xlink"
                           resourceRelationType="subjectOf"
                           xlink:href="FRAN_IR_023268"
                           xlink:type="simple">
            <relationEntry localType="archival">Grands corps de l'Etat ; Cour de cassation ; Greffe civil (1996)</relationEntry>
         </resourceRelation>
         <resourceRelation xmlns:xlink="http://www.w3.org/1999/xlink"
                           resourceRelationType="subjectOf"
                           xlink:href="FRAN_IR_023270"
                           xlink:type="simple">
            <relationEntry localType="archival">Grands corps de l'Etat ; Cour de cassation ; Greffe civil (1996)</relationEntry>
         </resourceRelation>
         <resourceRelation xmlns:xlink="http://www.w3.org/1999/xlink"
                           resourceRelationType="subjectOf"
                           xlink:href="FRAN_IR_023269"
                           xlink:type="simple">
            <relationEntry localType="archival">Grands corps de l'Etat ; Cour de cassation ; Greffe civil (1996)</relationEntry>
         </resourceRelation>
         <resourceRelation xmlns:xlink="http://www.w3.org/1999/xlink"
                           resourceRelationType="subjectOf"
                           xlink:href="FRAN_IR_023288"
                           xlink:type="simple">
            <relationEntry localType="archival">Grands corps de l'Etat ; Cour de cassation ; Greffe civil (1995)</relationEntry>
         </resourceRelation>
         <resourceRelation xmlns:xlink="http://www.w3.org/1999/xlink"
                           resourceRelationType="subjectOf"
                           xlink:href="FRAN_IR_023636"
                           xlink:type="simple">
            <relationEntry localType="archival">Grands corps de l'Etat ; Cour de cassation ; Greffe civil (1803-1933)</relationEntry>
         </resourceRelation>
         <resourceRelation xmlns:xlink="http://www.w3.org/1999/xlink"
                           resourceRelationType="subjectOf"
                           xlink:href="FRAN_IR_026225"
                           xlink:type="simple">
            <relationEntry localType="archival">Grands corps de l'Etat ; Cour de cassation ; Greffe civil (2002-2003)</relationEntry>
         </resourceRelation>
         <resourceRelation xmlns:xlink="http://www.w3.org/1999/xlink"
                           resourceRelationType="subjectOf"
                           xlink:href="FRAN_IR_026221"
                           xlink:type="simple">
            <relationEntry localType="archival">Grands corps de l'Etat ; Cour de cassation ; Greffe civil (2001-2001)</relationEntry>
         </resourceRelation>
         <resourceRelation xmlns:xlink="http://www.w3.org/1999/xlink"
                           resourceRelationType="subjectOf"
                           xlink:href="FRAN_IR_008677"
                           xlink:type="simple">
            <relationEntry localType="archival">Grands corps de l'Etat ; Cour de cassation ; Greffe civil (1986-1987)</relationEntry>
         </resourceRelation>
         <resourceRelation xmlns:xlink="http://www.w3.org/1999/xlink"
                           resourceRelationType="subjectOf"
                           xlink:href="FRAN_IR_053386"
                           xlink:type="simple">
            <relationEntry localType="archival">Greffe civil de la Cour de Cassation</relationEntry>
         </resourceRelation>
         <resourceRelation xmlns:xlink="http://www.w3.org/1999/xlink"
                           resourceRelationType="subjectOf"
                           xlink:href="FRAN_IR_053373"
                           xlink:type="simple">
            <relationEntry localType="archival">Greffe civil de la Cour de Cassation</relationEntry>
         </resourceRelation>
         <resourceRelation xmlns:xlink="http://www.w3.org/1999/xlink"
                           resourceRelationType="creatorOf"
                           xlink:href="FRAN_IR_053389"
                           xlink:type="simple">
            <relationEntry localType="archival">Ministère de la Justice, Greffe civil de la Cour de Cassation [2006-2008]</relationEntry>
         </resourceRelation>
      </relations>
   </cpfDescription>
</eac-cpf>
