<eac-cpf xmlns="urn:isbn:1-931666-33-4"
         xmlns:xsi="http://www.w3.org/2001/XMLSchema-instance"
         xsi:schemaLocation="urn:isbn:1-931666-33-4 cpf.xsd">
   <control>
      <recordId>FRAN_NP_000141</recordId>
      <otherRecordId localType="Ancien_identifiant">1201/PHOTO</otherRecordId>
      <maintenanceStatus>derived</maintenanceStatus>
      <maintenanceAgency>
         <agencyName>Archives nationales de France</agencyName>
      </maintenanceAgency>
      <languageDeclaration>
         <language languageCode="fre">Français</language>
         <script scriptCode="Latn"/>
      </languageDeclaration>
      <conventionDeclaration>
         <citation>Notice établie conformément à la norme ICA-ISAAR (CPF) 2004, aux normes ISO 8601 pour le système de normalisation des dates utilisé, ainsi que AFNOR NF Z 44-061, juin 1986. Catalogage : forme et structure des vedettes noms de personne, des vedettes titres, des rubriques de classement et des titres forgés.</citation>
      </conventionDeclaration>
      <localControl localType="niveau_de_detail">
         <term>Moyenne</term>
      </localControl>
      <maintenanceHistory>
         <maintenanceEvent>
            <eventType>derived</eventType>
            <eventDateTime>2013-04-23</eventDateTime>
            <agentType>machine</agentType>
            <agent>Import_SIA</agent>
         </maintenanceEvent>
      </maintenanceHistory>
   </control>
   <cpfDescription>
      <identity>
         <entityType>corporateBody</entityType>
         <nameEntry localType="autorisée" scriptCode="Latn" xml:lang="fre">
            <part>Service photographique (cabinet du Premier ministre)</part>
         </nameEntry>
      </identity>
      <description>
         <existDates>
            <dateRange>
               <fromDate standardDate="1981-01-01">1981</fromDate>
            </dateRange>
         </existDates>
         <legalStatuses>
            <legalStatus>
               <term vocabularySource="d5blonb04s-1nqrprwwl75h0">cabinet ministériel</term>
            </legalStatus>
         </legalStatuses>
      </description>
      <relations>
         <cpfRelation xmlns:xlink="http://www.w3.org/1999/xlink"
                      cpfRelationType="hierarchical-parent"
                      xlink:href="FRAN_NP_000144"
                      xlink:type="simple">
            <relationEntry>Cabinet du Premier ministre</relationEntry>
            <dateRange>
               <fromDate standardDate="1981-01-01">1981</fromDate>
               <toDate/>
            </dateRange>
         </cpfRelation>
         <resourceRelation xmlns:xlink="http://www.w3.org/1999/xlink"
                           resourceRelationType="subjectOf"
                           xlink:href="FRAN_IR_008497"
                           xlink:type="simple">
            <relationEntry localType="archival">Premier ministre ; Cabinet du Premier ministre et services rattachés ; Cabinet ; Service photographique (1973-1976)</relationEntry>
         </resourceRelation>
         <resourceRelation xmlns:xlink="http://www.w3.org/1999/xlink"
                           resourceRelationType="subjectOf"
                           xlink:href="FRAN_IR_013179"
                           xlink:type="simple">
            <relationEntry localType="archival">Premier ministre ; Cabinet du Premier Ministre et services rattachés ; Cabinet ; Service photographique (1981-1984)</relationEntry>
         </resourceRelation>
         <resourceRelation xmlns:xlink="http://www.w3.org/1999/xlink"
                           resourceRelationType="subjectOf"
                           xlink:href="FRAN_IR_013821"
                           xlink:type="simple">
            <relationEntry localType="archival">Premier ministre ; Cabinet du Premier ministre et services rattachés ; Cabinet ; Service photographique (1997-1999)</relationEntry>
         </resourceRelation>
         <resourceRelation xmlns:xlink="http://www.w3.org/1999/xlink"
                           resourceRelationType="subjectOf"
                           xlink:href="FRAN_IR_005979"
                           xlink:type="simple">
            <relationEntry localType="archival">Premier ministre ; Cabinet du Premier Ministre et services rattachés ; Cabinet ; Service photographique (1984-1986)</relationEntry>
         </resourceRelation>
         <resourceRelation xmlns:xlink="http://www.w3.org/1999/xlink"
                           resourceRelationType="subjectOf"
                           xlink:href="FRAN_IR_005980"
                           xlink:type="simple">
            <relationEntry localType="archival">Premier ministre ; Cabinet du Premier ministre et services rattachés ; Cabinet ; Service photographique (1981-1984)</relationEntry>
         </resourceRelation>
         <resourceRelation xmlns:xlink="http://www.w3.org/1999/xlink"
                           resourceRelationType="subjectOf"
                           xlink:href="FRAN_IR_018110"
                           xlink:type="simple">
            <relationEntry localType="archival">Premier ministre ; Cabinet du Premier Ministre et services rattachés ; Cabinet ; Service photographique (1988-1991)</relationEntry>
         </resourceRelation>
         <resourceRelation xmlns:xlink="http://www.w3.org/1999/xlink"
                           resourceRelationType="subjectOf"
                           xlink:href="FRAN_IR_018154"
                           xlink:type="simple">
            <relationEntry localType="archival">Premier ministre ; Cabinet du Premier Ministre et services rattachés ; Cabinet ; Service photographique (1988-1991)</relationEntry>
         </resourceRelation>
         <resourceRelation xmlns:xlink="http://www.w3.org/1999/xlink"
                           resourceRelationType="subjectOf"
                           xlink:href="FRAN_IR_018728"
                           xlink:type="simple">
            <relationEntry localType="archival">Premier ministre ; Cabinet du Premier ministre et services rattachés ; Cabinet ; Service photographique (1993-1995)</relationEntry>
         </resourceRelation>
         <resourceRelation xmlns:xlink="http://www.w3.org/1999/xlink"
                           resourceRelationType="subjectOf"
                           xlink:href="FRAN_IR_019727"
                           xlink:type="simple">
            <relationEntry localType="archival">Premier ministre ; Cabinet du Premier ministre et services rattachés ; Cabinet ; Service photographique (2000-2002)</relationEntry>
         </resourceRelation>
         <resourceRelation xmlns:xlink="http://www.w3.org/1999/xlink"
                           resourceRelationType="subjectOf"
                           xlink:href="FRAN_IR_021823"
                           xlink:type="simple">
            <relationEntry localType="archival">Premier ministre ; Cabinet du Premier Ministre et services rattachés ; Cabinet ; Service photographique (1986-1988)</relationEntry>
         </resourceRelation>
         <resourceRelation xmlns:xlink="http://www.w3.org/1999/xlink"
                           resourceRelationType="subjectOf"
                           xlink:href="FRAN_IR_021824"
                           xlink:type="simple">
            <relationEntry localType="archival">Premier ministre ; Cabinet du Premier Ministre et services rattachés ; Cabinet ; Service photographique (1986-1988)</relationEntry>
         </resourceRelation>
         <resourceRelation xmlns:xlink="http://www.w3.org/1999/xlink"
                           resourceRelationType="subjectOf"
                           xlink:href="FRAN_IR_022298"
                           xlink:type="simple">
            <relationEntry localType="archival">Premier ministre ; Cabinet du Premier ministre et services rattachés ; Cabinet ; Service photographique (1991-1992)</relationEntry>
         </resourceRelation>
         <resourceRelation xmlns:xlink="http://www.w3.org/1999/xlink"
                           resourceRelationType="subjectOf"
                           xlink:href="FRAN_IR_022299"
                           xlink:type="simple">
            <relationEntry localType="archival">Premier ministre ; Cabinet du Premier ministre et services rattachés ; Cabinet ; Service photographique (1991-1992)</relationEntry>
         </resourceRelation>
         <resourceRelation xmlns:xlink="http://www.w3.org/1999/xlink"
                           resourceRelationType="subjectOf"
                           xlink:href="FRAN_IR_022542"
                           xlink:type="simple">
            <relationEntry localType="archival">Premier ministre ; Cabinet du Premier ministre et services rattachés ; Cabinet ; Service photographique (1992-1993)</relationEntry>
         </resourceRelation>
         <resourceRelation xmlns:xlink="http://www.w3.org/1999/xlink"
                           resourceRelationType="subjectOf"
                           xlink:href="FRAN_IR_022543"
                           xlink:type="simple">
            <relationEntry localType="archival">Premier ministre ; Cabinet du Premier ministre et services rattachés ; Cabinet ; Service photographique (1992-1993)</relationEntry>
         </resourceRelation>
         <resourceRelation xmlns:xlink="http://www.w3.org/1999/xlink"
                           resourceRelationType="subjectOf"
                           xlink:href="FRAN_IR_023024"
                           xlink:type="simple">
            <relationEntry localType="archival">Premier ministre ; Cabinet du Premier ministre et services rattachés ; Cabinet ; Service photographique (1995-1997)</relationEntry>
         </resourceRelation>
         <resourceRelation xmlns:xlink="http://www.w3.org/1999/xlink"
                           resourceRelationType="subjectOf"
                           xlink:href="FRAN_IR_013258"
                           xlink:type="simple">
            <relationEntry localType="archival">Premier ministre ; Cabinet du Premier Ministre et services rattachés ; Cabinet ; Service photographique (1984-1986)</relationEntry>
         </resourceRelation>
         <resourceRelation xmlns:xlink="http://www.w3.org/1999/xlink"
                           resourceRelationType="creatorOf"
                           xlink:href="FRAN_IR_054579"
                           xlink:type="simple">
            <relationEntry localType="archival">Premier Ministre, Cabinet de Dominique Villepin, service photographique</relationEntry>
         </resourceRelation>
         <resourceRelation xmlns:xlink="http://www.w3.org/1999/xlink"
                           resourceRelationType="creatorOf"
                           xlink:href="FRAN_IR_057333"
                           xlink:type="simple">
            <relationEntry localType="archival">Collection des « photographies de famille » des gouvernements français (1947-2012)</relationEntry>
         </resourceRelation>
      </relations>
   </cpfDescription>
</eac-cpf>
