<eac-cpf xmlns="urn:isbn:1-931666-33-4"
         xmlns:xsi="http://www.w3.org/2001/XMLSchema-instance"
         xsi:schemaLocation="urn:isbn:1-931666-33-4 cpf.xsd">
   <control>
      <recordId>FRAN_NP_000402</recordId>
      <otherRecordId localType="Ancien_identifiant">2102/A</otherRecordId>
      <maintenanceStatus>derived</maintenanceStatus>
      <maintenanceAgency>
         <agencyName>Archives nationales de France</agencyName>
      </maintenanceAgency>
      <languageDeclaration>
         <language languageCode="fre">Français</language>
         <script scriptCode="Latn"/>
      </languageDeclaration>
      <conventionDeclaration>
         <citation>Notice établie conformément à la norme ICA-ISAAR (CPF) 2004, aux normes ISO 8601 pour le système de normalisation des dates utilisé, ainsi que AFNOR NF Z 44-061, juin 1986. Catalogage : forme et structure des vedettes noms de personne, des vedettes titres, des rubriques de classement et des titres forgés.</citation>
      </conventionDeclaration>
      <localControl localType="niveau_de_detail">
         <term>Moyenne</term>
      </localControl>
      <maintenanceHistory>
         <maintenanceEvent>
            <eventType>derived</eventType>
            <eventDateTime>2013-04-23</eventDateTime>
            <agentType>machine</agentType>
            <agent>Import_SIA</agent>
         </maintenanceEvent>
      </maintenanceHistory>
   </control>
   <cpfDescription>
      <identity>
         <entityType>corporateBody</entityType>
         <nameEntry scriptCode="Latn" localType="autorisée" xml:lang="fre">
            <part>Sous-direction de la magistrature (direction des services judiciaires)</part>
         </nameEntry>
      </identity>
      <description>
         <existDates>
            <dateRange>
               <fromDate standardDate="1983-01-01">1983</fromDate>
               <toDate standardDate="2007-12-31">2007</toDate>
            </dateRange>
         </existDates>
         <legalStatuses>
            <legalStatus>
               <term vocabularySource="d5blonaxbw--1mt8t42bokzts">service d'administration centrale</term>
            </legalStatus>
         </legalStatuses>
      </description>
      <relations>
         <cpfRelation xmlns:xlink="http://www.w3.org/1999/xlink"
                      cpfRelationType="hierarchical-child"
                      xlink:href="FRAN_NP_000400"
                      xlink:type="simple">
            <relationEntry>Bureau des emplois de magistrats (sous-direction de la magistrature, direction des services judiciaires)</relationEntry>
            <dateRange>
               <fromDate standardDate="2001-01-01">2001</fromDate>
               <toDate standardDate="2006-12-31">2006</toDate>
            </dateRange>
         </cpfRelation>
         <cpfRelation xmlns:xlink="http://www.w3.org/1999/xlink"
                      cpfRelationType="hierarchical-child"
                      xlink:href="FRAN_NP_000397"
                      xlink:type="simple">
            <relationEntry>Bureau des mouvements des magistrats (sous-direction de la magistrature, direction des services judiciaires)</relationEntry>
            <dateRange>
               <fromDate standardDate="1983-01-01">1983</fromDate>
               <toDate standardDate="2006-12-31">2006</toDate>
            </dateRange>
         </cpfRelation>
         <cpfRelation xmlns:xlink="http://www.w3.org/1999/xlink"
                      cpfRelationType="hierarchical-child"
                      xlink:href="FRAN_NP_000399"
                      xlink:type="simple">
            <relationEntry>Bureau du statut des magistrats et du contentieux des services judiciaires (sous-direction de la magistrature, direction des services judiciaires)</relationEntry>
            <dateRange>
               <fromDate standardDate="1983-01-01">1983</fromDate>
               <toDate standardDate="2006-12-31">2006</toDate>
            </dateRange>
         </cpfRelation>
         <cpfRelation xmlns:xlink="http://www.w3.org/1999/xlink"
                      cpfRelationType="hierarchical-child"
                      xlink:href="FRAN_NP_000751"
                      xlink:type="simple">
            <relationEntry>Bureau des mouvements et des emplois des magistrats (sous-direction de la magistrature, direction des services judiciaires)</relationEntry>
            <dateRange>
               <fromDate standardDate="2006-01-01">2006</fromDate>
               <toDate standardDate="2007-12-31">2007</toDate>
            </dateRange>
         </cpfRelation>
         <cpfRelation xmlns:xlink="http://www.w3.org/1999/xlink"
                      cpfRelationType="hierarchical-child"
                      xlink:href="FRAN_NP_000753"
                      xlink:type="simple">
            <relationEntry>Bureau du statut des magistrats, de la déontologie et du contentieux des services judiciaires (sous-direction de la magistrature, direction des services judiciaires)</relationEntry>
            <dateRange>
               <fromDate standardDate="2006-01-01">2006</fromDate>
               <toDate standardDate="2007-12-31">2007</toDate>
            </dateRange>
         </cpfRelation>
         <cpfRelation xmlns:xlink="http://www.w3.org/1999/xlink"
                      cpfRelationType="hierarchical-child"
                      xlink:href="FRAN_NP_000754"
                      xlink:type="simple">
            <relationEntry>Bureau des juges de proximité (sous-direction de la magistrature, direction des services judiciaires)</relationEntry>
            <dateRange>
               <fromDate standardDate="2006-01-01">2006</fromDate>
               <toDate standardDate="2007-12-31">2007</toDate>
            </dateRange>
         </cpfRelation>
         <cpfRelation xmlns:xlink="http://www.w3.org/1999/xlink"
                      cpfRelationType="hierarchical-child"
                      xlink:href="FRAN_NP_000752"
                      xlink:type="simple">
            <relationEntry>Bureau du recrutement et des affaires générales des magistrats (sous-direction de la magistrature, direction des services judiciaires)</relationEntry>
            <dateRange>
               <fromDate standardDate="2006-01-01">2006</fromDate>
               <toDate standardDate="2007-12-31">2007</toDate>
            </dateRange>
         </cpfRelation>
         <cpfRelation xmlns:xlink="http://www.w3.org/1999/xlink"
                      cpfRelationType="hierarchical-child"
                      xlink:href="FRAN_NP_000398"
                      xlink:type="simple">
            <relationEntry>Bureau de la déontologie et des affaires générales (sous-direction de la magistrature, direction des services judiciaires)</relationEntry>
            <dateRange>
               <fromDate standardDate="1983-01-01">1983</fromDate>
               <toDate standardDate="2006-12-31">2006</toDate>
            </dateRange>
         </cpfRelation>
         <cpfRelation xmlns:xlink="http://www.w3.org/1999/xlink"
                      cpfRelationType="temporal-later"
                      xlink:href="FRAN_NP_000414"
                      xlink:type="simple">
            <relationEntry>Sous-direction des ressources humaines de la magistrature (direction des services judiciaires)</relationEntry>
            <dateRange>
               <fromDate standardDate="2007-01-01">2007</fromDate>
            </dateRange>
         </cpfRelation>
         <cpfRelation xmlns:xlink="http://www.w3.org/1999/xlink"
                      cpfRelationType="hierarchical-parent"
                      xlink:href="FRAN_NP_000439"
                      xlink:type="simple">
            <relationEntry>Direction des services judiciaires</relationEntry>
            <dateRange>
               <fromDate standardDate="1983-01-01">1983</fromDate>
               <toDate standardDate="2007-12-31">2007</toDate>
            </dateRange>
         </cpfRelation>
         <resourceRelation xmlns:xlink="http://www.w3.org/1999/xlink"
                           resourceRelationType="subjectOf"
                           xlink:href="FRAN_IR_010496"
                           xlink:type="simple">
            <relationEntry localType="archival">Justice ; Direction des services judiciaires ; Sous-direction de la magistrature (1983-1994)</relationEntry>
         </resourceRelation>
      </relations>
   </cpfDescription>
</eac-cpf>
