<eac-cpf xmlns="urn:isbn:1-931666-33-4"
         xmlns:xsi="http://www.w3.org/2001/XMLSchema-instance"
         xsi:schemaLocation="urn:isbn:1-931666-33-4 cpf.xsd">
   <control>
      <recordId>FRAN_NP_000487</recordId>
      <otherRecordId localType="Ancien_identifiant">2104/G</otherRecordId>
      <maintenanceStatus>derived</maintenanceStatus>
      <maintenanceAgency>
         <agencyName>Archives nationales de France</agencyName>
      </maintenanceAgency>
      <languageDeclaration>
         <language languageCode="fre">Français</language>
         <script scriptCode="Latn"/>
      </languageDeclaration>
      <conventionDeclaration>
         <citation>Notice établie conformément à la norme ICA-ISAAR (CPF) 2004, aux normes ISO 8601 pour le système de normalisation des dates utilisé, ainsi que AFNOR NF Z 44-061, juin 1986. Catalogage : forme et structure des vedettes noms de personne, des vedettes titres, des rubriques de classement et des titres forgés.</citation>
      </conventionDeclaration>
      <localControl localType="niveau_de_detail">
         <term>Moyenne</term>
      </localControl>
      <maintenanceHistory>
         <maintenanceEvent>
            <eventType>derived</eventType>
            <eventDateTime>2013-04-23</eventDateTime>
            <agentType>machine</agentType>
            <agent>Import_SIA</agent>
         </maintenanceEvent>
      </maintenanceHistory>
   </control>
   <cpfDescription>
      <identity>
         <entityType>corporateBody</entityType>
         <nameEntry scriptCode="Latn" localType="autorisée" xml:lang="fre">
            <part>Sous-direction de la justice pénale générale (direction des affaires criminelles et des grâces)</part>
         </nameEntry>
      </identity>
      <description>
         <existDates>
            <dateRange>
               <fromDate standardDate="2001-01-01">2001</fromDate>
            </dateRange>
         </existDates>
         <legalStatuses>
            <legalStatus>
               <term vocabularySource="d5blonaxbw--1mt8t42bokzts">service d'administration centrale</term>
            </legalStatus>
         </legalStatuses>
      </description>
      <relations>
         <cpfRelation xmlns:xlink="http://www.w3.org/1999/xlink"
                      cpfRelationType="hierarchical-parent"
                      xlink:href="FRAN_NP_000495"
                      xlink:type="simple">
            <relationEntry>Direction des affaires criminelles et des grâces</relationEntry>
            <dateRange>
               <fromDate standardDate="2001-01-01">2001</fromDate>
               <toDate/>
            </dateRange>
         </cpfRelation>
         <cpfRelation xmlns:xlink="http://www.w3.org/1999/xlink"
                      cpfRelationType="hierarchical-child"
                      xlink:href="FRAN_NP_000480"
                      xlink:type="simple">
            <relationEntry>Bureau de la police judiciaire (direction des affaires criminelles et des grâces)</relationEntry>
            <dateRange>
               <fromDate standardDate="2001-01-01">2001</fromDate>
            </dateRange>
         </cpfRelation>
         <cpfRelation xmlns:xlink="http://www.w3.org/1999/xlink"
                      cpfRelationType="hierarchical-child"
                      xlink:href="FRAN_NP_000481"
                      xlink:type="simple">
            <relationEntry>Bureau de la prévention et des politiques partenariales (direction des affaires criminelles et des grâces)</relationEntry>
            <dateRange>
               <fromDate standardDate="2002-01-01">2002</fromDate>
               <toDate standardDate="2008-12-31">2008</toDate>
            </dateRange>
         </cpfRelation>
         <cpfRelation xmlns:xlink="http://www.w3.org/1999/xlink"
                      cpfRelationType="hierarchical-child"
                      xlink:href="FRAN_NP_000478"
                      xlink:type="simple">
            <relationEntry>Bureau de la législation pénale générale (direction des affaires criminelles et des grâces)</relationEntry>
            <dateRange>
               <fromDate standardDate="2001-01-01">2001</fromDate>
            </dateRange>
         </cpfRelation>
         <cpfRelation xmlns:xlink="http://www.w3.org/1999/xlink"
                      cpfRelationType="hierarchical-child"
                      xlink:href="FRAN_NP_000787"
                      xlink:type="simple">
            <relationEntry>Bureau de la justice pénale de proximité, de l’aide aux victimes et de la prévention (direction des affaires criminelles et des grâces)</relationEntry>
            <dateRange>
               <fromDate standardDate="2001-01-01">2001</fromDate>
               <toDate standardDate="2002-12-31">2002</toDate>
            </dateRange>
         </cpfRelation>
         <cpfRelation xmlns:xlink="http://www.w3.org/1999/xlink"
                      cpfRelationType="hierarchical-child"
                      xlink:href="FRAN_NP_000479"
                      xlink:type="simple">
            <relationEntry>Bureau des politiques pénales générales et de la protection des libertés individuelles (direction des affaires criminelles et des grâces)</relationEntry>
            <dateRange>
               <fromDate standardDate="2001-01-01">2001</fromDate>
               <toDate standardDate="2008-12-31">2008</toDate>
            </dateRange>
         </cpfRelation>
         <cpfRelation xmlns:xlink="http://www.w3.org/1999/xlink"
                      cpfRelationType="hierarchical-child"
                      xlink:href="FRAN_NP_000483"
                      xlink:type="simple">
            <relationEntry>Bureau de l'exécution des peines et des grâces (direction des affaires criminelles et des grâces)</relationEntry>
            <dateRange>
               <fromDate standardDate="2001-01-01">2001</fromDate>
            </dateRange>
         </cpfRelation>
         <cpfRelation xmlns:xlink="http://www.w3.org/1999/xlink"
                      cpfRelationType="hierarchical-child"
                      xlink:href="FRAN_NP_000484"
                      xlink:type="simple">
            <relationEntry>Bureau de la politique d'action publique générale (direction des affaires criminelles et des grâces)</relationEntry>
            <dateRange>
               <fromDate standardDate="2008-01-01">2008</fromDate>
            </dateRange>
         </cpfRelation>
         <cpfRelation xmlns:xlink="http://www.w3.org/1999/xlink"
                      cpfRelationType="temporal-earlier"
                      xlink:href="FRAN_NP_000784"
                      xlink:type="simple">
            <relationEntry>Sous-direction des affaires pénales générales et des grâces (direction des affaires criminelles et des grâces)</relationEntry>
            <dateRange>
               <fromDate standardDate="2001-01-01">2001</fromDate>
            </dateRange>
         </cpfRelation>
         <resourceRelation xmlns:xlink="http://www.w3.org/1999/xlink"
                           resourceRelationType="subjectOf"
                           xlink:href="FRAN_IR_010503"
                           xlink:type="simple">
            <relationEntry localType="archival">Justice ; Direction des affaires criminelles et des grâces ; Sous-direction de la justice pénale générale (1979-2000)</relationEntry>
         </resourceRelation>
         <resourceRelation xmlns:xlink="http://www.w3.org/1999/xlink"
                           resourceRelationType="subjectOf"
                           xlink:href="FRAN_IR_010518"
                           xlink:type="simple">
            <relationEntry localType="archival">Justice ; Direction des affaires criminelles et des grâces ; Sous-direction de la justice pénale générale (1999-2001)</relationEntry>
         </resourceRelation>
      </relations>
   </cpfDescription>
</eac-cpf>
