<eac-cpf xmlns="urn:isbn:1-931666-33-4"
         xmlns:xsi="http://www.w3.org/2001/XMLSchema-instance"
         xsi:schemaLocation="urn:isbn:1-931666-33-4 cpf.xsd">
   <control>
      <recordId>FRAN_NP_000048</recordId>
      <otherRecordId localType="Ancien_identifiant">3305</otherRecordId>
      <maintenanceStatus>revised</maintenanceStatus>
      <maintenanceAgency>
         <agencyName>Archives nationales de France</agencyName>
      </maintenanceAgency>
      <languageDeclaration>
         <language languageCode="fre">Français</language>
         <script scriptCode="Latn"/>
      </languageDeclaration>
      <conventionDeclaration>
         <citation>Notice établie conformément à la norme ICA-ISAAR (CPF) 2004, aux normes ISO 8601 pour le système de normalisation des dates utilisé, ainsi que AFNOR NF Z 44-061, juin 1986. Catalogage : forme et structure des vedettes noms de personne, des vedettes titres, des rubriques de classement et des titres forgés.</citation>
      </conventionDeclaration>
      <localControl localType="niveau_de_detail">
         <term>Moyenne</term>
      </localControl>
      <maintenanceHistory>
         <maintenanceEvent>
            <eventType>derived</eventType>
            <eventDateTime>2013-04-23</eventDateTime>
            <agentType>machine</agentType>
            <agent>Import_SIA</agent>
         </maintenanceEvent>
         <maintenanceEvent>
            <eventType>revised</eventType>
            <eventDateTime>2013-07-25</eventDateTime>
            <agentType>human</agentType>
            <agent>Blandine WAGNER</agent>
            <eventDescription>Anciens identifiants : 3305, 3305/XAERO</eventDescription>
         </maintenanceEvent>
      </maintenanceHistory>
   </control>
   <cpfDescription>
      <identity>
         <entityType>corporateBody</entityType>
         <nameEntry localType="autorisée" scriptCode="Latn" xml:lang="fre">
            <part>Centre national de la recherche scientifique</part>
         </nameEntry>
         <nameEntry>
            <part>CNRS</part>
         </nameEntry>
      </identity>
      <description>
         <existDates>
            <dateRange>
               <fromDate standardDate="1939-01-01">1939</fromDate>
            </dateRange>
         </existDates>
         <legalStatuses>
            <legalStatus>
               <term vocabularySource="d5blomr36k--99x29dl50sw1">établissement public à caractère scientifique et technologique</term>
            </legalStatus>
         </legalStatuses>
      </description>
      <relations>
         <cpfRelation xmlns:xlink="http://www.w3.org/1999/xlink"
                      cpfRelationType="hierarchical-child"
                      xlink:href="FRAN_NP_003862"
                      xlink:type="simple">
            <relationEntry>Unité mixte de recherche 8503 « Analyses de corpus linguistiques »</relationEntry>
            <dateRange>
               <fromDate standardDate="1976-01-01">1976</fromDate>
            </dateRange>
         </cpfRelation>
         <cpfRelation xmlns:xlink="http://www.w3.org/1999/xlink"
                      cpfRelationType="hierarchical-child"
                      xlink:href="FRAN_NP_003850"
                      xlink:type="simple">
            <relationEntry>Centre national de la recherche scientifique, laboratoire de physique des matériaux</relationEntry>
            <dateRange>
               <fromDate standardDate="1976-01-01">1976</fromDate>
            </dateRange>
         </cpfRelation>
         <cpfRelation xmlns:xlink="http://www.w3.org/1999/xlink"
                      cpfRelationType="hierarchical-child"
                      xlink:href="FRAN_NP_003851"
                      xlink:type="simple">
            <relationEntry>Centre national de la recherche scientifique, laboratoire de slavistique</relationEntry>
            <dateRange>
               <fromDate standardDate="1976-01-01">1976</fromDate>
            </dateRange>
         </cpfRelation>
         <cpfRelation xmlns:xlink="http://www.w3.org/1999/xlink"
                      cpfRelationType="hierarchical-child"
                      xlink:href="FRAN_NP_003857"
                      xlink:type="simple">
            <relationEntry>Centre national de la recherche scientifique, secrétariat général</relationEntry>
            <dateRange>
               <fromDate standardDate="1979-01-01">1979</fromDate>
               <toDate standardDate="2009-12-31">2009</toDate>
            </dateRange>
         </cpfRelation>
         <cpfRelation xmlns:xlink="http://www.w3.org/1999/xlink"
                      cpfRelationType="hierarchical-child"
                      xlink:href="FRAN_NP_003849"
                      xlink:type="simple">
            <relationEntry>Centre national de la recherche scientifique, laboratoire des hormones polypeptidiques</relationEntry>
            <dateRange>
               <fromDate standardDate="1976-01-01">1976</fromDate>
            </dateRange>
         </cpfRelation>
         <cpfRelation xmlns:xlink="http://www.w3.org/1999/xlink"
                      cpfRelationType="associative"
                      xlink:href="FRAN_NP_003903"
                      xlink:type="simple">
            <relationEntry>Groupement d'intérêt public Connaissance et gestion des hydrosystèmes</relationEntry>
            <dateRange>
               <fromDate standardDate="1993-01-01">1993</fromDate>
               <toDate standardDate="2000-12-31">2000</toDate>
            </dateRange>
         </cpfRelation>
         <cpfRelation xmlns:xlink="http://www.w3.org/1999/xlink"
                      cpfRelationType="associative"
                      xlink:href="FRAN_NP_003901"
                      xlink:type="simple">
            <relationEntry>Fonds de recherche Aventis</relationEntry>
            <dateRange>
               <fromDate standardDate="1997-01-01">1997</fromDate>
               <toDate standardDate="2004-12-31">2004</toDate>
            </dateRange>
         </cpfRelation>
         <cpfRelation xmlns:xlink="http://www.w3.org/1999/xlink"
                      cpfRelationType="hierarchical-child"
                      xlink:href="FRAN_NP_003978"
                      xlink:type="simple">
            <relationEntry>Centre national de la recherche scientifique, service juridique</relationEntry>
            <dateRange>
               <fromDate standardDate="1976-01-01">1976</fromDate>
            </dateRange>
         </cpfRelation>
         <cpfRelation xmlns:xlink="http://www.w3.org/1999/xlink"
                      cpfRelationType="associative"
                      xlink:href="FRAN_NP_005098"
                      xlink:type="simple">
            <relationEntry>Répertoire national des manuscrits littéraires français du XXe siècle</relationEntry>
            <dateRange>
               <fromDate standardDate="1995-01-01">1995</fromDate>
               <toDate standardDate="2006-12-31">2006</toDate>
            </dateRange>
         </cpfRelation>
         <cpfRelation xmlns:xlink="http://www.w3.org/1999/xlink"
                      cpfRelationType="hierarchical-child"
                      xlink:href="FRAN_NP_003791"
                      xlink:type="simple">
            <relationEntry>Centre national de la recherche scientifique, direction des programmes et des moyens de recherche</relationEntry>
            <dateRange>
               <fromDate standardDate="1976-01-01">1976</fromDate>
            </dateRange>
         </cpfRelation>
         <cpfRelation xmlns:xlink="http://www.w3.org/1999/xlink"
                      cpfRelationType="hierarchical-child"
                      xlink:href="FRAN_NP_003798"
                      xlink:type="simple">
            <relationEntry>Centre national de la recherche scientifique, direction des études et des programmes</relationEntry>
            <dateRange>
               <fromDate standardDate="1976-01-01">1976</fromDate>
            </dateRange>
         </cpfRelation>
         <cpfRelation xmlns:xlink="http://www.w3.org/1999/xlink"
                      cpfRelationType="hierarchical-child"
                      xlink:href="FRAN_NP_003813"
                      xlink:type="simple">
            <relationEntry>Centre national de la recherche scientifique, département Sciences pour l'ingénieur</relationEntry>
            <dateRange>
               <fromDate standardDate="1986-01-01">1986</fromDate>
               <toDate standardDate="2010-12-31">2010</toDate>
            </dateRange>
         </cpfRelation>
         <cpfRelation xmlns:xlink="http://www.w3.org/1999/xlink"
                      cpfRelationType="hierarchical-child"
                      xlink:href="FRAN_NP_003811"
                      xlink:type="simple">
            <relationEntry>Centre national de la recherche scientifique, département Sciences de la vie</relationEntry>
            <dateRange>
               <fromDate standardDate="1986-01-01">1986</fromDate>
               <toDate standardDate="2010-12-31">2010</toDate>
            </dateRange>
         </cpfRelation>
         <cpfRelation xmlns:xlink="http://www.w3.org/1999/xlink"
                      cpfRelationType="hierarchical-child"
                      xlink:href="FRAN_NP_003810"
                      xlink:type="simple">
            <relationEntry>Centre national de la recherche scientifique, département Sciences de l'Univers</relationEntry>
            <dateRange>
               <fromDate standardDate="1986-01-01">1986</fromDate>
               <toDate standardDate="2010-12-31">2010</toDate>
            </dateRange>
         </cpfRelation>
         <cpfRelation xmlns:xlink="http://www.w3.org/1999/xlink"
                      cpfRelationType="hierarchical-child"
                      xlink:href="FRAN_NP_003808"
                      xlink:type="simple">
            <relationEntry>Centre national de la recherche scientifique, département Physique nucléaire et corpusculaire</relationEntry>
            <dateRange>
               <fromDate standardDate="1986-01-01">1986</fromDate>
               <toDate standardDate="2010-12-31">2010</toDate>
            </dateRange>
         </cpfRelation>
         <cpfRelation xmlns:xlink="http://www.w3.org/1999/xlink"
                      cpfRelationType="hierarchical-child"
                      xlink:href="FRAN_NP_003806"
                      xlink:type="simple">
            <relationEntry>Centre national de la recherche scientifique, délégation aux entreprises</relationEntry>
            <dateRange>
               <fromDate standardDate="1976-01-01">1976</fromDate>
            </dateRange>
         </cpfRelation>
         <cpfRelation xmlns:xlink="http://www.w3.org/1999/xlink"
                      cpfRelationType="hierarchical-child"
                      xlink:href="FRAN_NP_003822"
                      xlink:type="simple">
            <relationEntry>Centre national de la recherche scientifique, service des moyens</relationEntry>
            <dateRange>
               <fromDate standardDate="1976-01-01">1976</fromDate>
            </dateRange>
         </cpfRelation>
         <cpfRelation xmlns:xlink="http://www.w3.org/1999/xlink"
                      cpfRelationType="hierarchical-child"
                      xlink:href="FRAN_NP_003815"
                      xlink:type="simple">
            <relationEntry>Centre national de la recherche scientifique, département Sciences et technologies de l'information et de la communication</relationEntry>
            <dateRange>
               <fromDate standardDate="2000-01-01">2000</fromDate>
               <toDate standardDate="2010-12-31">2010</toDate>
            </dateRange>
         </cpfRelation>
         <cpfRelation xmlns:xlink="http://www.w3.org/1999/xlink"
                      cpfRelationType="hierarchical-child"
                      xlink:href="FRAN_NP_003831"
                      xlink:type="simple">
            <relationEntry>Centre national de la recherche scientifique, centre de génétique moléculaire</relationEntry>
            <dateRange>
               <fromDate standardDate="1976-01-01">1976</fromDate>
            </dateRange>
         </cpfRelation>
         <cpfRelation xmlns:xlink="http://www.w3.org/1999/xlink"
                      cpfRelationType="hierarchical-child"
                      xlink:href="FRAN_NP_003830"
                      xlink:type="simple">
            <relationEntry>Contrôle financier (Centre national de la recherche scientifique)</relationEntry>
            <dateRange>
               <fromDate standardDate="1976-01-01">1976</fromDate>
            </dateRange>
         </cpfRelation>
         <cpfRelation xmlns:xlink="http://www.w3.org/1999/xlink"
                      cpfRelationType="hierarchical-child"
                      xlink:href="FRAN_NP_003836"
                      xlink:type="simple">
            <relationEntry>Centre national de la recherche scientifique, délégation régionale Paris B</relationEntry>
            <dateRange>
               <fromDate standardDate="1976-01-01">1976</fromDate>
            </dateRange>
         </cpfRelation>
         <cpfRelation xmlns:xlink="http://www.w3.org/1999/xlink"
                      cpfRelationType="hierarchical-child"
                      xlink:href="FRAN_NP_003834"
                      xlink:type="simple">
            <relationEntry>Centre de sociologie des organisations</relationEntry>
            <dateRange>
               <fromDate standardDate="1961-01-01">1961</fromDate>
            </dateRange>
         </cpfRelation>
         <cpfRelation xmlns:xlink="http://www.w3.org/1999/xlink"
                      cpfRelationType="hierarchical-child"
                      xlink:href="FRAN_NP_003840"
                      xlink:type="simple">
            <relationEntry>Centre national de la recherche scientifique, délégation régionale Paris Michel-Ange</relationEntry>
            <dateRange>
               <fromDate standardDate="1976-01-01">1976</fromDate>
            </dateRange>
         </cpfRelation>
         <cpfRelation xmlns:xlink="http://www.w3.org/1999/xlink"
                      cpfRelationType="hierarchical-child"
                      xlink:href="FRAN_NP_003842"
                      xlink:type="simple">
            <relationEntry>Centre national de la recherche scientifique, direction générale</relationEntry>
            <dateRange>
               <fromDate standardDate="1966-01-01">1966</fromDate>
               <toDate standardDate="2009-12-31">2009</toDate>
            </dateRange>
         </cpfRelation>
         <cpfRelation xmlns:xlink="http://www.w3.org/1999/xlink"
                      cpfRelationType="hierarchical-child"
                      xlink:href="FRAN_NP_003845"
                      xlink:type="simple">
            <relationEntry>Institut d'histoire du temps présent</relationEntry>
            <dateRange>
               <fromDate standardDate="1978-01-01">1978</fromDate>
            </dateRange>
         </cpfRelation>
         <cpfRelation xmlns:xlink="http://www.w3.org/1999/xlink"
                      cpfRelationType="hierarchical-child"
                      xlink:href="FRAN_NP_003837"
                      xlink:type="simple">
            <relationEntry>Centre national de la recherche scientifique, délégation régionale Île-de-France Est</relationEntry>
            <dateRange>
               <fromDate standardDate="1976-01-01">1976</fromDate>
            </dateRange>
         </cpfRelation>
         <cpfRelation xmlns:xlink="http://www.w3.org/1999/xlink"
                      cpfRelationType="associative"
                      xlink:href="FRAN_NP_000749"
                      xlink:type="simple">
            <relationEntry>Mission de recherche Droit et Justice</relationEntry>
            <dateRange>
               <fromDate standardDate="1994-01-01">1994</fromDate>
            </dateRange>
         </cpfRelation>
         <cpfRelation xmlns:xlink="http://www.w3.org/1999/xlink"
                      cpfRelationType="associative"
                      xlink:href="FRAN_NP_000736"
                      xlink:type="simple">
            <relationEntry>Centre de recherche interdisciplinaire de Vaucresson (ministère de la Justice)</relationEntry>
            <dateRange>
               <fromDate standardDate="1983-01-01">1983</fromDate>
               <toDate standardDate="1995-12-31">1995</toDate>
            </dateRange>
         </cpfRelation>
         <cpfRelation xmlns:xlink="http://www.w3.org/1999/xlink"
                      cpfRelationType="hierarchical-child"
                      xlink:href="FRAN_NP_003852"
                      xlink:type="simple">
            <relationEntry>Centre national de la recherche scientifique, direction du personnel et des affaires sociales</relationEntry>
            <dateRange>
               <fromDate standardDate="1976-01-01">1976</fromDate>
            </dateRange>
         </cpfRelation>
         <cpfRelation xmlns:xlink="http://www.w3.org/1999/xlink"
                      cpfRelationType="associative"
                      xlink:href="FRAN_NP_050902"
                      xlink:type="simple">
            <relationEntry>Chauvière, Michel (1946-....)</relationEntry>
            <dateRange>
               <fromDate standardDate="1975-01-01">vers 1980</fromDate>
            </dateRange>
            <descriptiveNote>
               <p>
     M. Chauvière, chargé de recherches au CNRS
    </p>
            </descriptiveNote>
         </cpfRelation>
         <cpfRelation xmlns:xlink="http://www.w3.org/1999/xlink"
                      cpfRelationType="associative"
                      xlink:href="FRAN_NP_051205"
                      xlink:type="simple">
            <relationEntry>Sayad, Abdelmalek (1933-1998)</relationEntry>
            <dateRange>
               <fromDate standardDate="1977-01-01">1977</fromDate>
               <toDate standardDate="1998-03-13">13 mars 1998</toDate>
            </dateRange>
         </cpfRelation>
         <cpfRelation xmlns:xlink="http://www.w3.org/1999/xlink"
                      cpfRelationType="associative"
                      xlink:href="FRAN_NP_051246"
                      xlink:type="simple">
            <relationEntry>Wieviorka, Annette (1948-....)</relationEntry>
            <dateRange>
               <fromDate standardDate="2008-01-01">2008</fromDate>
            </dateRange>
            <descriptiveNote>
               <p>
     Annette Wieviorka, directrice de recherche au CNRS.
    </p>
            </descriptiveNote>
         </cpfRelation>
         <cpfRelation xmlns:xlink="http://www.w3.org/1999/xlink"
                      cpfRelationType="associative"
                      xlink:href="FRAN_NP_050842"
                      xlink:type="simple">
            <relationEntry>Boudon, Raymond (1934-2013)</relationEntry>
            <dateRange>
               <fromDate standardDate="1961-01-01">1961</fromDate>
               <toDate standardDate="2013-04-10">10 avril 2013</toDate>
            </dateRange>
         </cpfRelation>
         <cpfRelation xmlns:xlink="http://www.w3.org/1999/xlink"
                      cpfRelationType="associative"
                      xlink:href="FRAN_NP_051655"
                      xlink:type="simple">
            <relationEntry>Thewrewk-Pallaghy, Attila (1901-1989)</relationEntry>
            <dateRange>
               <fromDate standardDate="1950-01-01">[1950]</fromDate>
               <toDate standardDate="1976-12-31">1976</toDate>
            </dateRange>
         </cpfRelation>
         <cpfRelation xmlns:xlink="http://www.w3.org/1999/xlink"
                      cpfRelationType="associative"
                      xlink:href="FRAN_NP_051817"
                      xlink:type="simple">
            <relationEntry>Centre d'études arctiques (Paris ; 1957-....)</relationEntry>
            <dateRange>
               <fromDate standardDate="1980-01-01">1980</fromDate>
            </dateRange>
         </cpfRelation>
         <cpfRelation xmlns:xlink="http://www.w3.org/1999/xlink"
                      cpfRelationType="associative"
                      xlink:href="FRAN_NP_050419"
                      xlink:type="simple">
            <relationEntry>Michaud, Hélène (1920-1977)</relationEntry>
            <dateRange>
               <fromDate standardDate="1950-01-01">1950</fromDate>
               <toDate standardDate="1977-12-28">28 décembre 1977</toDate>
            </dateRange>
         </cpfRelation>
         <cpfRelation xmlns:xlink="http://www.w3.org/1999/xlink"
                      cpfRelationType="associative"
                      xlink:href="FRAN_NP_051949"
                      xlink:type="simple">
            <relationEntry>Tenèze, Marie-Louise (1922-2016)</relationEntry>
            <dateRange>
               <fromDate standardDate="1948-01-01">1948</fromDate>
               <toDate standardDate="2016-12-31">2016</toDate>
            </dateRange>
         </cpfRelation>
         <cpfRelation xmlns:xlink="http://www.w3.org/1999/xlink"
                      cpfRelationType="associative"
                      xlink:href="FRAN_NP_052058"
                      xlink:type="simple">
            <relationEntry>Anglès d'Auriac, Jean (1902-1954)</relationEntry>
            <dateRange>
               <fromDate standardDate="1943-01-01">1943</fromDate>
               <toDate standardDate="1949-12-31">1949</toDate>
            </dateRange>
            <descriptiveNote>
               <p>
     Détaché au CNRS
    </p>
            </descriptiveNote>
         </cpfRelation>
         <cpfRelation xmlns:xlink="http://www.w3.org/1999/xlink"
                      cpfRelationType="associative"
                      xlink:href="FRAN_NP_052079"
                      xlink:type="simple">
            <relationEntry>Bloch, Daniel (1938-....)</relationEntry>
            <dateRange>
               <fromDate standardDate="1960-01-01">1960</fromDate>
               <toDate standardDate="1976-12-31">1976</toDate>
            </dateRange>
            <descriptiveNote>
               <p>
     Chargé de recherche (1960) ; directeur par interim du Service national des champs intenses (1975-1976).
    </p>
            </descriptiveNote>
         </cpfRelation>
         <cpfRelation xmlns:xlink="http://www.w3.org/1999/xlink"
                      cpfRelationType="hierarchical-child"
                      xlink:href="FRAN_NP_003855"
                      xlink:type="simple">
            <relationEntry>Centre national de la recherche scientifique, département Sciences chimiques</relationEntry>
            <dateRange>
               <fromDate standardDate="1986-01-01">1986</fromDate>
               <toDate standardDate="2010-12-31">2010</toDate>
            </dateRange>
         </cpfRelation>
         <cpfRelation xmlns:xlink="http://www.w3.org/1999/xlink"
                      cpfRelationType="hierarchical-child"
                      xlink:href="FRAN_NP_009365"
                      xlink:type="simple">
            <relationEntry>Centre national de la recherche scientifique, direction générale déléguée aux ressources</relationEntry>
            <dateRange>
               <fromDate standardDate="2010-01-01">2010</fromDate>
            </dateRange>
         </cpfRelation>
         <cpfRelation xmlns:xlink="http://www.w3.org/1999/xlink"
                      cpfRelationType="hierarchical-child"
                      xlink:href="FRAN_NP_009372"
                      xlink:type="simple">
            <relationEntry>Centre national de la recherche scientifique, direction générale déléguée à la science</relationEntry>
            <dateRange>
               <fromDate standardDate="2010-01-01">2010</fromDate>
            </dateRange>
         </cpfRelation>
         <cpfRelation xmlns:xlink="http://www.w3.org/1999/xlink"
                      cpfRelationType="hierarchical-child"
                      xlink:href="FRAN_NP_000737"
                      xlink:type="simple">
            <relationEntry>Centre de recherches sociologiques sur le droit et les institutions pénales</relationEntry>
            <dateRange>
               <fromDate standardDate="1983-01-01">1983</fromDate>
            </dateRange>
         </cpfRelation>
         <cpfRelation xmlns:xlink="http://www.w3.org/1999/xlink"
                      cpfRelationType="hierarchical-child"
                      xlink:href="FRAN_NP_003839"
                      xlink:type="simple">
            <relationEntry>Centre national de la recherche scientifique, délégation régionale Île-de-France Ouest et Nord</relationEntry>
            <dateRange>
               <fromDate standardDate="1976-01-01">1976</fromDate>
            </dateRange>
         </cpfRelation>
         <cpfRelation xmlns:xlink="http://www.w3.org/1999/xlink"
                      cpfRelationType="hierarchical-child"
                      xlink:href="FRAN_NP_003838"
                      xlink:type="simple">
            <relationEntry>Centre national de la recherche scientifique, délégation régionale Île-de-France Sud</relationEntry>
            <dateRange>
               <fromDate standardDate="1976-01-01">1976</fromDate>
            </dateRange>
         </cpfRelation>
         <cpfRelation xmlns:xlink="http://www.w3.org/1999/xlink"
                      cpfRelationType="hierarchical-child"
                      xlink:href="FRAN_NP_003844"
                      xlink:type="simple">
            <relationEntry>Centre national de la recherche scientifique, institut Blaise Pascal</relationEntry>
            <dateRange>
               <fromDate standardDate="1946-01-01">1946</fromDate>
            </dateRange>
         </cpfRelation>
         <cpfRelation xmlns:xlink="http://www.w3.org/1999/xlink"
                      cpfRelationType="hierarchical-child"
                      xlink:href="FRAN_NP_003841"
                      xlink:type="simple">
            <relationEntry>Centre national de la recherche scientifique, délégations régionales</relationEntry>
            <dateRange>
               <fromDate standardDate="1976-01-01">1976</fromDate>
            </dateRange>
         </cpfRelation>
         <cpfRelation xmlns:xlink="http://www.w3.org/1999/xlink"
                      cpfRelationType="hierarchical-child"
                      xlink:href="FRAN_NP_003833"
                      xlink:type="simple">
            <relationEntry>Centre national de la recherche scientifique, service des constructions</relationEntry>
            <dateRange>
               <fromDate standardDate="1976-01-01">1976</fromDate>
            </dateRange>
         </cpfRelation>
         <cpfRelation xmlns:xlink="http://www.w3.org/1999/xlink"
                      cpfRelationType="hierarchical-child"
                      xlink:href="FRAN_NP_003835"
                      xlink:type="simple">
            <relationEntry>Centre national de la recherche scientifique, délégation régionale Paris A</relationEntry>
            <dateRange>
               <fromDate standardDate="1976-01-01">1976</fromDate>
            </dateRange>
         </cpfRelation>
         <cpfRelation xmlns:xlink="http://www.w3.org/1999/xlink"
                      cpfRelationType="hierarchical-child"
                      xlink:href="FRAN_NP_003832"
                      xlink:type="simple">
            <relationEntry>Centre national d'études et de recommandations sur la nutrition et l'alimentation</relationEntry>
            <dateRange>
               <fromDate standardDate="1946-01-01">1946</fromDate>
            </dateRange>
         </cpfRelation>
         <cpfRelation xmlns:xlink="http://www.w3.org/1999/xlink"
                      cpfRelationType="hierarchical-child"
                      xlink:href="FRAN_NP_003818"
                      xlink:type="simple">
            <relationEntry>Centre national de la recherche scientifique, service des relations industrielles</relationEntry>
            <dateRange>
               <fromDate standardDate="1976-01-01">1976</fromDate>
            </dateRange>
         </cpfRelation>
         <cpfRelation xmlns:xlink="http://www.w3.org/1999/xlink"
                      cpfRelationType="hierarchical-child"
                      xlink:href="FRAN_NP_003816"
                      xlink:type="simple">
            <relationEntry>Centre national de la recherche scientifique, départements scientifiques</relationEntry>
            <dateRange>
               <fromDate standardDate="1986-01-01">1986</fromDate>
               <toDate standardDate="2010-12-31">2010</toDate>
            </dateRange>
         </cpfRelation>
         <cpfRelation xmlns:xlink="http://www.w3.org/1999/xlink"
                      cpfRelationType="hierarchical-child"
                      xlink:href="FRAN_NP_003805"
                      xlink:type="simple">
            <relationEntry>Centre national de la recherche scientifique, direction des relations extérieures</relationEntry>
            <dateRange>
               <fromDate standardDate="1976-01-01">1976</fromDate>
            </dateRange>
         </cpfRelation>
         <cpfRelation xmlns:xlink="http://www.w3.org/1999/xlink"
                      cpfRelationType="hierarchical-child"
                      xlink:href="FRAN_NP_003807"
                      xlink:type="simple">
            <relationEntry>Centre national de la recherche scientifique, délégation à l'information scientifique et technique</relationEntry>
            <dateRange>
               <fromDate standardDate="1976-01-01">1976</fromDate>
            </dateRange>
         </cpfRelation>
         <cpfRelation xmlns:xlink="http://www.w3.org/1999/xlink"
                      cpfRelationType="hierarchical-child"
                      xlink:href="FRAN_NP_003812"
                      xlink:type="simple">
            <relationEntry>Centre national de la recherche scientifique, département Sciences de l'homme et de la société</relationEntry>
            <dateRange>
               <fromDate standardDate="1986-01-01">1986</fromDate>
               <toDate standardDate="2010-12-31">2010</toDate>
            </dateRange>
         </cpfRelation>
         <cpfRelation xmlns:xlink="http://www.w3.org/1999/xlink"
                      cpfRelationType="hierarchical-child"
                      xlink:href="FRAN_NP_003814"
                      xlink:type="simple">
            <relationEntry>Centre national de la recherche scientifique, département Sciences physiques et mathématiques</relationEntry>
            <dateRange>
               <fromDate standardDate="1986-01-01">1986</fromDate>
               <toDate standardDate="2010-12-31">2010</toDate>
            </dateRange>
         </cpfRelation>
         <cpfRelation xmlns:xlink="http://www.w3.org/1999/xlink"
                      cpfRelationType="hierarchical-child"
                      xlink:href="FRAN_NP_003799"
                      xlink:type="simple">
            <relationEntry>Centre national de la recherche scientifique, direction des relations avec l'enseignement supérieur</relationEntry>
            <dateRange>
               <fromDate standardDate="1976-01-01">1976</fromDate>
            </dateRange>
         </cpfRelation>
         <cpfRelation xmlns:xlink="http://www.w3.org/1999/xlink"
                      cpfRelationType="hierarchical-child"
                      xlink:href="FRAN_NP_003795"
                      xlink:type="simple">
            <relationEntry>Centre national de la recherche scientifique, direction des affaires budgétaires</relationEntry>
            <dateRange>
               <fromDate standardDate="1976-01-01">1976</fromDate>
            </dateRange>
         </cpfRelation>
         <cpfRelation xmlns:xlink="http://www.w3.org/1999/xlink"
                      cpfRelationType="hierarchical-child"
                      xlink:href="FRAN_NP_003976"
                      xlink:type="simple">
            <relationEntry>Comité national de la recherche scientifique</relationEntry>
            <dateRange>
               <fromDate standardDate="1945-01-01">1945</fromDate>
            </dateRange>
         </cpfRelation>
         <cpfRelation xmlns:xlink="http://www.w3.org/1999/xlink"
                      cpfRelationType="hierarchical-child"
                      xlink:href="FRAN_NP_003973"
                      xlink:type="simple">
            <relationEntry>Centre national de la recherche scientifique, agence comptable principale</relationEntry>
            <dateRange>
               <fromDate standardDate="1976-01-01">1976</fromDate>
            </dateRange>
         </cpfRelation>
         <cpfRelation xmlns:xlink="http://www.w3.org/1999/xlink"
                      cpfRelationType="associative"
                      xlink:href="FRAN_NP_010084"
                      xlink:type="simple">
            <relationEntry>Institut parisien de recherche : architecture, urbanistique, société</relationEntry>
            <dateRange>
               <fromDate standardDate="1986-01-01">1986</fromDate>
            </dateRange>
         </cpfRelation>
         <cpfRelation xmlns:xlink="http://www.w3.org/1999/xlink"
                      cpfRelationType="associative"
                      xlink:href="FRAN_NP_003902"
                      xlink:type="simple">
            <relationEntry>Groupement de recherches et d'études sur les génomes</relationEntry>
            <dateRange>
               <fromDate standardDate="1993-01-01">1993</fromDate>
               <toDate standardDate="1996-12-31">1996</toDate>
            </dateRange>
         </cpfRelation>
         <cpfRelation xmlns:xlink="http://www.w3.org/1999/xlink"
                      cpfRelationType="associative"
                      xlink:href="FRAN_NP_003905"
                      xlink:type="simple">
            <relationEntry>Groupement d'intérêt public Thérapeutiques substitutives</relationEntry>
            <dateRange>
               <fromDate standardDate="1988-01-01">1988</fromDate>
               <toDate standardDate="2001-12-31">2001</toDate>
            </dateRange>
         </cpfRelation>
         <cpfRelation xmlns:xlink="http://www.w3.org/1999/xlink"
                      cpfRelationType="hierarchical-child"
                      xlink:href="FRAN_NP_003858"
                      xlink:type="simple">
            <relationEntry>Centre national de la recherche scientifique, département des humanités</relationEntry>
            <dateRange>
               <fromDate standardDate="1976-01-01">1976</fromDate>
               <toDate standardDate="1986-12-31">1986</toDate>
            </dateRange>
         </cpfRelation>
         <cpfRelation xmlns:xlink="http://www.w3.org/1999/xlink"
                      cpfRelationType="hierarchical-child"
                      xlink:href="FRAN_NP_003856"
                      xlink:type="simple">
            <relationEntry>Centre national de la recherche scientifique, secrétariat général des instances scientifiques consultatives</relationEntry>
            <dateRange>
               <fromDate standardDate="1976-01-01">1976</fromDate>
            </dateRange>
         </cpfRelation>
         <cpfRelation xmlns:xlink="http://www.w3.org/1999/xlink"
                      cpfRelationType="hierarchical-child"
                      xlink:href="FRAN_NP_003854"
                      xlink:type="simple">
            <relationEntry>Commissariat général du Salon des arts ménagers</relationEntry>
            <dateRange>
               <fromDate standardDate="1939-01-01">1939</fromDate>
               <toDate standardDate="1983-12-31">1983</toDate>
            </dateRange>
         </cpfRelation>
         <cpfRelation xmlns:xlink="http://www.w3.org/1999/xlink"
                      cpfRelationType="hierarchical-child"
                      xlink:href="FRAN_NP_003860"
                      xlink:type="simple">
            <relationEntry>Centre national de la recherche scientifique, département des sciences sociales</relationEntry>
            <dateRange>
               <fromDate standardDate="1976-01-01">1976</fromDate>
               <toDate standardDate="1986-12-31">1986</toDate>
            </dateRange>
         </cpfRelation>
         <cpfRelation xmlns:xlink="http://www.w3.org/1999/xlink"
                      cpfRelationType="hierarchical-parent"
                      xlink:href="FRAN_NP_000017"
                      xlink:type="simple">
            <relationEntry>Ministère de l'Enseignement supérieur et de la Recherche</relationEntry>
            <dateRange>
               <fromDate standardDate="2007-05-18">18 mai 2007</fromDate>
               <toDate/>
            </dateRange>
         </cpfRelation>
         <resourceRelation xmlns:xlink="http://www.w3.org/1999/xlink"
                           resourceRelationType="subjectOf"
                           xlink:href="FRAN_IR_006849"
                           xlink:type="simple">
            <relationEntry localType="archival">Recherche ; Centre national de la recherche scientifique (CNRS) (1979-1979)</relationEntry>
         </resourceRelation>
         <resourceRelation xmlns:xlink="http://www.w3.org/1999/xlink"
                           resourceRelationType="subjectOf"
                           xlink:href="FRAN_IR_006976"
                           xlink:type="simple">
            <relationEntry localType="archival">Enseignement ; Centre national de la recherche scientifique (CNRS) (1975-1980)</relationEntry>
         </resourceRelation>
         <resourceRelation xmlns:xlink="http://www.w3.org/1999/xlink"
                           resourceRelationType="subjectOf"
                           xlink:href="FRAN_IR_010628"
                           xlink:type="simple">
            <relationEntry localType="archival">Education nationale ; Centre national de la recherche scientifique (CNRS) (1974-1978)</relationEntry>
         </resourceRelation>
         <resourceRelation xmlns:xlink="http://www.w3.org/1999/xlink"
                           resourceRelationType="subjectOf"
                           xlink:href="FRAN_IR_010825"
                           xlink:type="simple">
            <relationEntry localType="archival">Recherche ; Centre national de la recherche scientifique (CNRS) (1992-1997)</relationEntry>
         </resourceRelation>
         <resourceRelation xmlns:xlink="http://www.w3.org/1999/xlink"
                           resourceRelationType="subjectOf"
                           xlink:href="FRAN_IR_011103"
                           xlink:type="simple">
            <relationEntry localType="archival">Enseignement ; Centre national de la recherche scientifique (CNRS) (1923-1972)</relationEntry>
         </resourceRelation>
         <resourceRelation xmlns:xlink="http://www.w3.org/1999/xlink"
                           resourceRelationType="subjectOf"
                           xlink:href="FRAN_IR_011128"
                           xlink:type="simple">
            <relationEntry localType="archival">Enseignement ; Centre national de la recherche scientifique (CNRS) (1923-1972)</relationEntry>
         </resourceRelation>
         <resourceRelation xmlns:xlink="http://www.w3.org/1999/xlink"
                           resourceRelationType="subjectOf"
                           xlink:href="FRAN_IR_011148"
                           xlink:type="simple">
            <relationEntry localType="archival">Enseignement ; Centre national de la recherche scientifique (CNRS) (1949-1969)</relationEntry>
         </resourceRelation>
         <resourceRelation xmlns:xlink="http://www.w3.org/1999/xlink"
                           resourceRelationType="subjectOf"
                           xlink:href="FRAN_IR_013044"
                           xlink:type="simple">
            <relationEntry localType="archival">Recherche ; Centre national de la recherche scientifique (CNRS) (1964-1975)</relationEntry>
         </resourceRelation>
         <resourceRelation xmlns:xlink="http://www.w3.org/1999/xlink"
                           resourceRelationType="subjectOf"
                           xlink:href="FRAN_IR_013869"
                           xlink:type="simple">
            <relationEntry localType="archival">Enseignement ; Centre national de la recherche scientifique (CNRS) (1949-1969)</relationEntry>
         </resourceRelation>
         <resourceRelation xmlns:xlink="http://www.w3.org/1999/xlink"
                           resourceRelationType="subjectOf"
                           xlink:href="FRAN_IR_018087"
                           xlink:type="simple">
            <relationEntry localType="archival">Recherche ; CNRS, Centre national de la recherche scientifique (1926-1970)</relationEntry>
         </resourceRelation>
         <resourceRelation xmlns:xlink="http://www.w3.org/1999/xlink"
                           resourceRelationType="subjectOf"
                           xlink:href="FRAN_IR_020478"
                           xlink:type="simple">
            <relationEntry localType="archival">Recherche ; Centre national de la recherche scientifique (CNRS) (1967-1976)</relationEntry>
         </resourceRelation>
         <resourceRelation xmlns:xlink="http://www.w3.org/1999/xlink"
                           resourceRelationType="subjectOf"
                           xlink:href="FRAN_IR_020768"
                           xlink:type="simple">
            <relationEntry localType="archival">Recherche ; Centre national de la recherche scientifique (CNRS) (1959-1976)</relationEntry>
         </resourceRelation>
         <resourceRelation xmlns:xlink="http://www.w3.org/1999/xlink"
                           resourceRelationType="subjectOf"
                           xlink:href="FRAN_IR_020770"
                           xlink:type="simple">
            <relationEntry localType="archival">Enseignement ; Centre national de la recherche scientifique (CNRS) (1978-1981)</relationEntry>
         </resourceRelation>
         <resourceRelation xmlns:xlink="http://www.w3.org/1999/xlink"
                           resourceRelationType="subjectOf"
                           xlink:href="FRAN_IR_006318"
                           xlink:type="simple">
            <relationEntry localType="archival">Enseignement ; CNRS, Centre national de la recherche scientifique (1959-1975)</relationEntry>
         </resourceRelation>
         <resourceRelation xmlns:xlink="http://www.w3.org/1999/xlink"
                           resourceRelationType="subjectOf"
                           xlink:href="FRAN_IR_007088"
                           xlink:type="simple">
            <relationEntry localType="archival">Recherche ; Centre national de la recherche scientifique (CNRS) (1972-1978)</relationEntry>
         </resourceRelation>
         <resourceRelation xmlns:xlink="http://www.w3.org/1999/xlink"
                           resourceRelationType="subjectOf"
                           xlink:href="FRAN_IR_009676"
                           xlink:type="simple">
            <relationEntry localType="archival">Recherche ; Centre national de la recherche scientifique (CNRS) (1984-1989)</relationEntry>
         </resourceRelation>
         <resourceRelation xmlns:xlink="http://www.w3.org/1999/xlink"
                           resourceRelationType="subjectOf"
                           xlink:href="FRAN_IR_010803"
                           xlink:type="simple">
            <relationEntry localType="archival">Recherche ; Centre national de la recherche scientifique (CNRS) (1951-2001)</relationEntry>
         </resourceRelation>
         <resourceRelation xmlns:xlink="http://www.w3.org/1999/xlink"
                           resourceRelationType="subjectOf"
                           xlink:href="FRAN_IR_013865"
                           xlink:type="simple">
            <relationEntry localType="archival">Recherche ; Centre national de la recherche scientifique (CNRS) (1962-1966)</relationEntry>
         </resourceRelation>
         <resourceRelation xmlns:xlink="http://www.w3.org/1999/xlink"
                           resourceRelationType="subjectOf"
                           xlink:href="FRAN_IR_023508"
                           xlink:type="simple">
            <relationEntry localType="archival">Recherche ; Centre national de la recherche scientifique (CNRS) (1986-2000)</relationEntry>
         </resourceRelation>
         <resourceRelation xmlns:xlink="http://www.w3.org/1999/xlink"
                           resourceRelationType="subjectOf"
                           xlink:href="FRAN_IR_008886"
                           xlink:type="simple">
            <relationEntry localType="archival">Recherche ; Centre national de la recherche scientifique (CNRS) (1956-1971)</relationEntry>
         </resourceRelation>
         <resourceRelation xmlns:xlink="http://www.w3.org/1999/xlink"
                           resourceRelationType="subjectOf"
                           xlink:href="FRAN_IR_051123"
                           xlink:type="simple">
            <relationEntry localType="archival">Activités d'Edouard Brézin, président du conseil d'administration du Centre national de la Recherche scientifique (1992-2000)</relationEntry>
         </resourceRelation>
         <resourceRelation xmlns:xlink="http://www.w3.org/1999/xlink"
                           resourceRelationType="subjectOf"
                           xlink:href="FRAN_IR_006974"
                           xlink:type="simple">
            <relationEntry localType="archival">Enseignement ; Centre national de la recherche scientifique (CNRS) (1962-1981)</relationEntry>
         </resourceRelation>
         <resourceRelation xmlns:xlink="http://www.w3.org/1999/xlink"
                           resourceRelationType="subjectOf"
                           xlink:href="FRAN_IR_007038"
                           xlink:type="simple">
            <relationEntry localType="archival">Enseignement ; Centre national de la recherche scientifique (CNRS) (1960-1981)</relationEntry>
         </resourceRelation>
         <resourceRelation xmlns:xlink="http://www.w3.org/1999/xlink"
                           resourceRelationType="subjectOf"
                           xlink:href="FRAN_IR_011147"
                           xlink:type="simple">
            <relationEntry localType="archival">Enseignement ; Centre national de la recherche scientifique (CNRS) (1945-1976)</relationEntry>
         </resourceRelation>
         <resourceRelation xmlns:xlink="http://www.w3.org/1999/xlink"
                           resourceRelationType="subjectOf"
                           xlink:href="FRAN_IR_011144"
                           xlink:type="simple">
            <relationEntry localType="archival">Enseignement ; Centre national de la recherche scientifique (CNRS) (1923-1972)</relationEntry>
         </resourceRelation>
         <resourceRelation xmlns:xlink="http://www.w3.org/1999/xlink"
                           resourceRelationType="subjectOf"
                           xlink:href="FRAN_IR_011518"
                           xlink:type="simple">
            <relationEntry localType="archival">Enseignement ; Centre national de la recherche scientifique (CNRS) (1967-1978)</relationEntry>
         </resourceRelation>
         <resourceRelation xmlns:xlink="http://www.w3.org/1999/xlink"
                           resourceRelationType="subjectOf"
                           xlink:href="FRAN_IR_020645"
                           xlink:type="simple">
            <relationEntry localType="archival">Enseignement ; Centre national de la recherche scientifique (CNRS) (1973-1979)</relationEntry>
         </resourceRelation>
         <resourceRelation xmlns:xlink="http://www.w3.org/1999/xlink"
                           resourceRelationType="subjectOf"
                           xlink:href="FRAN_IR_012311"
                           xlink:type="simple">
            <relationEntry localType="archival">Enseignement ; CNRS, Centre national de la recherche scientifique (1950-1975)</relationEntry>
         </resourceRelation>
         <resourceRelation xmlns:xlink="http://www.w3.org/1999/xlink"
                           resourceRelationType="subjectOf"
                           xlink:href="FRAN_IR_012155"
                           xlink:type="simple">
            <relationEntry localType="archival">Enseignement ; Centre national de la recherche scientifique (CNRS) (1914-1974)</relationEntry>
         </resourceRelation>
         <resourceRelation xmlns:xlink="http://www.w3.org/1999/xlink"
                           resourceRelationType="subjectOf"
                           xlink:href="FRAN_IR_012542"
                           xlink:type="simple">
            <relationEntry localType="archival">Enseignement ; Centre national de la recherche scientifique (CNRS) (1951-1984)</relationEntry>
         </resourceRelation>
         <resourceRelation xmlns:xlink="http://www.w3.org/1999/xlink"
                           resourceRelationType="subjectOf"
                           xlink:href="FRAN_IR_012539"
                           xlink:type="simple">
            <relationEntry localType="archival">Enseignement ; Centre national de la recherche scientifique (CNRS) ; Commissariat général du Salon des arts ménagers (1985)</relationEntry>
         </resourceRelation>
         <resourceRelation xmlns:xlink="http://www.w3.org/1999/xlink"
                           resourceRelationType="subjectOf"
                           xlink:href="FRAN_IR_013846"
                           xlink:type="simple">
            <relationEntry localType="archival">Universités ; CNRS, Centre national de la recherche scientifique</relationEntry>
         </resourceRelation>
         <resourceRelation xmlns:xlink="http://www.w3.org/1999/xlink"
                           resourceRelationType="subjectOf"
                           xlink:href="FRAN_IR_020480"
                           xlink:type="simple">
            <relationEntry localType="archival">Recherche ; Centre national de la recherche scientifique (CNRS) (1983)</relationEntry>
         </resourceRelation>
         <resourceRelation xmlns:xlink="http://www.w3.org/1999/xlink"
                           resourceRelationType="subjectOf"
                           xlink:href="FRAN_IR_020479"
                           xlink:type="simple">
            <relationEntry localType="archival">Enseignement ; Centre national de la recherche scientifique (CNRS) (1971-1979)</relationEntry>
         </resourceRelation>
         <resourceRelation xmlns:xlink="http://www.w3.org/1999/xlink"
                           resourceRelationType="creatorOf"
                           xlink:href="FRAN_IR_053835"
                           xlink:type="simple">
            <relationEntry localType="archival">Archives de Marc Foëx, directeur du laboratoire des ultra-réfractaires au CNRS (1932-1983)</relationEntry>
         </resourceRelation>
         <resourceRelation xmlns:xlink="http://www.w3.org/1999/xlink"
                           resourceRelationType="creatorOf"
                           xlink:href="FRAN_IR_053882"
                           xlink:type="simple">
            <relationEntry localType="archival">archives du DEPARTEMENT DES AFFAIRES IMMOBILIERES (DAI) du cnrs</relationEntry>
         </resourceRelation>
         <resourceRelation xmlns:xlink="http://www.w3.org/1999/xlink"
                           resourceRelationType="creatorOf"
                           xlink:href="FRAN_IR_055218"
                           xlink:type="simple">
            <relationEntry localType="archival">Très grands équipements et très grandes infrastructures de recherche du Centre national de la recherche scientifique : dossiers suivi de l'European Synchrotron Radiation Facility (1976-2011)</relationEntry>
         </resourceRelation>
         <resourceRelation xmlns:xlink="http://www.w3.org/1999/xlink"
                           resourceRelationType="creatorOf"
                           xlink:href="FRAN_IR_056340"
                           xlink:type="simple">
            <relationEntry localType="archival">Programme Arisc (1995-1999) : documents photographiques</relationEntry>
         </resourceRelation>
         <resourceRelation xmlns:xlink="http://www.w3.org/1999/xlink"
                           resourceRelationType="creatorOf"
                           xlink:href="FRAN_IR_056354"
                           xlink:type="simple">
            <relationEntry localType="archival">Dossiers relatifs aux inventions déposées auprès du Centre national de la Recherche scientifique de 1934 à 1946 (1922-1946)</relationEntry>
         </resourceRelation>
      </relations>
   </cpfDescription>
</eac-cpf>
