<eac-cpf xmlns="urn:isbn:1-931666-33-4"
         xmlns:xsi="http://www.w3.org/2001/XMLSchema-instance"
         xsi:schemaLocation="urn:isbn:1-931666-33-4 cpf.xsd">
   <control>
      <recordId>FRAN_NP_000398</recordId>
      <otherRecordId localType="Ancien_identifiant">2102/A2</otherRecordId>
      <maintenanceStatus>derived</maintenanceStatus>
      <maintenanceAgency>
         <agencyName>Archives nationales de France</agencyName>
      </maintenanceAgency>
      <languageDeclaration>
         <language languageCode="fre">Français</language>
         <script scriptCode="Latn"/>
      </languageDeclaration>
      <conventionDeclaration>
         <citation>Notice établie conformément à la norme ICA-ISAAR (CPF) 2004, aux normes ISO 8601 pour le système de normalisation des dates utilisé, ainsi que AFNOR NF Z 44-061, juin 1986. Catalogage : forme et structure des vedettes noms de personne, des vedettes titres, des rubriques de classement et des titres forgés.</citation>
      </conventionDeclaration>
      <localControl localType="niveau_de_detail">
         <term>Moyenne</term>
      </localControl>
      <maintenanceHistory>
         <maintenanceEvent>
            <eventType>derived</eventType>
            <eventDateTime>2015-09-30</eventDateTime>
            <agentType>machine</agentType>
            <agent>Import_SIA</agent>
         </maintenanceEvent>
      </maintenanceHistory>
   </control>
   <cpfDescription>
      <identity>
         <entityType>corporateBody</entityType>
         <nameEntry localType="autorisée" scriptCode="Latn" xml:lang="fre">
            <part>Bureau de la déontologie et des affaires générales (sous-direction de la magistrature, direction des services judiciaires)</part>
         </nameEntry>
         <nameEntry>
            <part>Bureau des affaires générales des magistrats</part>
            <useDates>
               <dateRange>
                  <fromDate standardDate="1983-01-01">1983</fromDate>
                  <toDate standardDate="2001-12-31">2001</toDate>
               </dateRange>
            </useDates>
         </nameEntry>
      </identity>
      <description>
         <existDates>
            <dateRange>
               <fromDate standardDate="1983-01-01">1983</fromDate>
               <toDate standardDate="2006-12-31">2006</toDate>
            </dateRange>
         </existDates>
         <legalStatuses>
            <legalStatus>
               <term vocabularySource="d5blonaxbw--1mt8t42bokzts">service d'administration centrale</term>
            </legalStatus>
         </legalStatuses>
      </description>
      <relations>
         <cpfRelation xmlns:xlink="http://www.w3.org/1999/xlink"
                      cpfRelationType="temporal-later"
                      xlink:href="FRAN_NP_000752"
                      xlink:type="simple">
            <relationEntry>Bureau du recrutement et des affaires générales des magistrats (sous-direction de la magistrature, direction des services judiciaires)</relationEntry>
            <dateRange>
               <fromDate standardDate="2006-01-01">2006</fromDate>
            </dateRange>
         </cpfRelation>
         <cpfRelation xmlns:xlink="http://www.w3.org/1999/xlink"
                      cpfRelationType="temporal-later"
                      xlink:href="FRAN_NP_000753"
                      xlink:type="simple">
            <relationEntry>Bureau du statut des magistrats, de la déontologie et du contentieux des services judiciaires (sous-direction de la magistrature, direction des services judiciaires)</relationEntry>
            <dateRange>
               <fromDate standardDate="2006-01-01">2006</fromDate>
            </dateRange>
         </cpfRelation>
         <cpfRelation xmlns:xlink="http://www.w3.org/1999/xlink"
                      cpfRelationType="hierarchical-parent"
                      xlink:href="FRAN_NP_000402"
                      xlink:type="simple">
            <relationEntry>Sous-direction de la magistrature (direction des services judiciaires)</relationEntry>
            <dateRange>
               <fromDate standardDate="1983-01-01">1983</fromDate>
               <toDate standardDate="2006-12-31">2006</toDate>
            </dateRange>
         </cpfRelation>
         <resourceRelation xmlns:xlink="http://www.w3.org/1999/xlink"
                           resourceRelationType="subjectOf"
                           xlink:href="FRAN_IR_006955"
                           xlink:type="simple">
            <relationEntry localType="archival">Justice ; Direction des services judiciaires ; Sous-direction de la magistrature ; Bureau des affaires générales - Bureau de la déontologie et des affaires générales (1977)</relationEntry>
         </resourceRelation>
         <resourceRelation xmlns:xlink="http://www.w3.org/1999/xlink"
                           resourceRelationType="subjectOf"
                           xlink:href="FRAN_IR_009078"
                           xlink:type="simple">
            <relationEntry localType="archival">Justice ; Direction des services judiciaires ; Sous-direction de la magistrature ; Bureau des affaires générales ; Bureau de la déontologie et des affaires générales (1990-1990)</relationEntry>
         </resourceRelation>
         <resourceRelation xmlns:xlink="http://www.w3.org/1999/xlink"
                           resourceRelationType="subjectOf"
                           xlink:href="FRAN_IR_009079"
                           xlink:type="simple">
            <relationEntry localType="archival">Justice ; Direction des services judiciaires ; Sous-direction de la magistrature ; Bureau des affaires générales ; Bureau de la déontologie et des affaires générales (1949-1988)</relationEntry>
         </resourceRelation>
         <resourceRelation xmlns:xlink="http://www.w3.org/1999/xlink"
                           resourceRelationType="subjectOf"
                           xlink:href="FRAN_IR_009080"
                           xlink:type="simple">
            <relationEntry localType="archival">Justice ; Direction des services judiciaires ; Sous-direction de la magistrature ; Bureau des affaires générales ; Bureau de la déontologie et des affaires générales (1959-1987)</relationEntry>
         </resourceRelation>
         <resourceRelation xmlns:xlink="http://www.w3.org/1999/xlink"
                           resourceRelationType="subjectOf"
                           xlink:href="FRAN_IR_009081"
                           xlink:type="simple">
            <relationEntry localType="archival">Justice ; Direction des services judiciaires ; Sous-direction de la magistrature ; Bureau des affaires générales ; Bureau de la déontologie et des affaires générales (1959-1986)</relationEntry>
         </resourceRelation>
         <resourceRelation xmlns:xlink="http://www.w3.org/1999/xlink"
                           resourceRelationType="subjectOf"
                           xlink:href="FRAN_IR_009082"
                           xlink:type="simple">
            <relationEntry localType="archival">Justice ; Direction des services judiciaires ; Sous-direction de la magistrature ; Bureau des affaires générales ; Bureau de la déontologie et des affaires générales (1959-1985)</relationEntry>
         </resourceRelation>
         <resourceRelation xmlns:xlink="http://www.w3.org/1999/xlink"
                           resourceRelationType="subjectOf"
                           xlink:href="FRAN_IR_009083"
                           xlink:type="simple">
            <relationEntry localType="archival">Justice ; Direction des services judiciaires ; Sous-direction de la magistrature ; Bureau des affaires générales ; Bureau de la déontologie et des affaires générales (1959-1984)</relationEntry>
         </resourceRelation>
         <resourceRelation xmlns:xlink="http://www.w3.org/1999/xlink"
                           resourceRelationType="subjectOf"
                           xlink:href="FRAN_IR_009096"
                           xlink:type="simple">
            <relationEntry localType="archival">Justice ; Direction des services judiciaires ; Sous-direction de la magistrature ; Bureau des affaires générales ; Bureau de la déontologie et des affaires générales (1955-1958)</relationEntry>
         </resourceRelation>
         <resourceRelation xmlns:xlink="http://www.w3.org/1999/xlink"
                           resourceRelationType="subjectOf"
                           xlink:href="FRAN_IR_015857"
                           xlink:type="simple">
            <relationEntry localType="archival">Justice ; Direction des services judiciaires ; Sous-direction de la magistrature ; Bureau des affaires générales ; Bureau de la déontologie et des affaires générales (1990)</relationEntry>
         </resourceRelation>
         <resourceRelation xmlns:xlink="http://www.w3.org/1999/xlink"
                           resourceRelationType="subjectOf"
                           xlink:href="FRAN_IR_016510"
                           xlink:type="simple">
            <relationEntry localType="archival">Justice ; Direction des services judiciaires ; Sous-direction de la magistrature ; Bureau des affaires générales - Bureau de la déontologie et des affaires générales (1960)</relationEntry>
         </resourceRelation>
         <resourceRelation xmlns:xlink="http://www.w3.org/1999/xlink"
                           resourceRelationType="subjectOf"
                           xlink:href="FRAN_IR_018224"
                           xlink:type="simple">
            <relationEntry localType="archival">Justice ; Direction des services judiciaires ; Sous-direction de la magistrature ; Bureau des affaires générales - Bureau de la déontologie et des affaires générales (1988)</relationEntry>
         </resourceRelation>
         <resourceRelation xmlns:xlink="http://www.w3.org/1999/xlink"
                           resourceRelationType="subjectOf"
                           xlink:href="FRAN_IR_019033"
                           xlink:type="simple">
            <relationEntry localType="archival">Justice ; Direction des services judiciaires ; Sous-direction de la magistrature ; Bureau des affaires générales ; Bureau de la déontologie et des affaires générales (1980-1990)</relationEntry>
         </resourceRelation>
         <resourceRelation xmlns:xlink="http://www.w3.org/1999/xlink"
                           resourceRelationType="subjectOf"
                           xlink:href="FRAN_IR_021321"
                           xlink:type="simple">
            <relationEntry localType="archival">Justice ; Direction des services judiciaires ; Sous-direction de la magistrature ; Bureau des affaires générales - Bureau de la déontologie et des affaires générales (1978)</relationEntry>
         </resourceRelation>
         <resourceRelation xmlns:xlink="http://www.w3.org/1999/xlink"
                           resourceRelationType="subjectOf"
                           xlink:href="FRAN_IR_024060"
                           xlink:type="simple">
            <relationEntry localType="archival">Justice ; Direction des services judiciaires ; Sous-direction de la magistrature ; Bureau des affaires générales - Bureau de la déontologie et des affaires générales (1981)</relationEntry>
         </resourceRelation>
         <resourceRelation xmlns:xlink="http://www.w3.org/1999/xlink"
                           resourceRelationType="subjectOf"
                           xlink:href="FRAN_IR_015485"
                           xlink:type="simple">
            <relationEntry localType="archival">Justice ; Direction des services judiciaires ; Sous-direction de la magistrature ; Bureau des affaires générales ; Bureau de la déontologie et des affaires générales (1945)</relationEntry>
         </resourceRelation>
         <resourceRelation xmlns:xlink="http://www.w3.org/1999/xlink"
                           resourceRelationType="subjectOf"
                           xlink:href="FRAN_IR_015858"
                           xlink:type="simple">
            <relationEntry localType="archival">Justice ; Direction des services judiciaires ; Sous-direction de la magistrature ; Bureau des affaires générales ; Bureau de la déontologie et des affaires générales (1991)</relationEntry>
         </resourceRelation>
         <resourceRelation xmlns:xlink="http://www.w3.org/1999/xlink"
                           resourceRelationType="subjectOf"
                           xlink:href="FRAN_IR_019040"
                           xlink:type="simple">
            <relationEntry localType="archival">Justice ; Direction des services judiciaires ; Sous-direction de la magistrature ; Bureau des affaires générales ; Bureau de la déontologie et des affaires générales (1953-1994)</relationEntry>
         </resourceRelation>
         <resourceRelation xmlns:xlink="http://www.w3.org/1999/xlink"
                           resourceRelationType="subjectOf"
                           xlink:href="FRAN_IR_019042"
                           xlink:type="simple">
            <relationEntry localType="archival">Justice ; Direction des services judiciaires ; Sous-direction de la magistrature ; Bureau des affaires générales ; Bureau de la déontologie et des affaires générales (1992)</relationEntry>
         </resourceRelation>
         <resourceRelation xmlns:xlink="http://www.w3.org/1999/xlink"
                           resourceRelationType="subjectOf"
                           xlink:href="FRAN_IR_021937"
                           xlink:type="simple">
            <relationEntry localType="archival">Justice ; Direction des services judiciaires ; Sous-direction de la magistrature ; Bureau des affaires générales ; Bureau de la déontologie et des affaires générales (1974)</relationEntry>
         </resourceRelation>
         <resourceRelation xmlns:xlink="http://www.w3.org/1999/xlink"
                           resourceRelationType="subjectOf"
                           xlink:href="FRAN_IR_022441"
                           xlink:type="simple">
            <relationEntry localType="archival">Justice ; Direction des services judiciaires ; Sous-direction de la magistrature ; Bureau des affaires générales ; Bureau de la déontologie et des affaires générales (1990-1990)</relationEntry>
         </resourceRelation>
         <resourceRelation xmlns:xlink="http://www.w3.org/1999/xlink"
                           resourceRelationType="subjectOf"
                           xlink:href="FRAN_IR_022730"
                           xlink:type="simple">
            <relationEntry localType="archival">Justice ; Direction des services judiciaires ; Sous-direction de la magistrature ; Bureau des affaires générales ; Bureau de la déontologie et des affaires générales (1991-1991)</relationEntry>
         </resourceRelation>
         <resourceRelation xmlns:xlink="http://www.w3.org/1999/xlink"
                           resourceRelationType="subjectOf"
                           xlink:href="FRAN_IR_023896"
                           xlink:type="simple">
            <relationEntry localType="archival">Justice ; Direction des services judiciaires ; Sous-direction de la magistrature ; Bureau des affaires générales ; Bureau de la déontologie et des affaires générales (1987-2004)</relationEntry>
         </resourceRelation>
         <resourceRelation xmlns:xlink="http://www.w3.org/1999/xlink"
                           resourceRelationType="subjectOf"
                           xlink:href="FRAN_IR_024057"
                           xlink:type="simple">
            <relationEntry localType="archival">Justice ; Direction des services judiciaires ; Sous-direction de la magistrature ; Bureau des affaires générales - Bureau de la déontologie et des affaires générales (1965)</relationEntry>
         </resourceRelation>
         <resourceRelation xmlns:xlink="http://www.w3.org/1999/xlink"
                           resourceRelationType="subjectOf"
                           xlink:href="FRAN_IR_024059"
                           xlink:type="simple">
            <relationEntry localType="archival">Justice ; Direction des services judiciaires ; Sous-direction de la magistrature ; Bureau des affaires générales - Bureau de la déontologie et des affaires générales (1982)</relationEntry>
         </resourceRelation>
         <resourceRelation xmlns:xlink="http://www.w3.org/1999/xlink"
                           resourceRelationType="subjectOf"
                           xlink:href="FRAN_IR_024062"
                           xlink:type="simple">
            <relationEntry localType="archival">Justice ; Direction des services judiciaires ; Sous-direction de la magistrature ; Bureau des affaires générales - Bureau de la déontologie et des affaires générales (1976-1977)</relationEntry>
         </resourceRelation>
         <resourceRelation xmlns:xlink="http://www.w3.org/1999/xlink"
                           resourceRelationType="subjectOf"
                           xlink:href="FRAN_IR_010141"
                           xlink:type="simple">
            <relationEntry localType="archival">Justice ; Direction des services judiciaires ; Sous-direction de la magistrature ; Bureau des affaires générales - Bureau de la déontologie et des affaires générales (1974-1998)</relationEntry>
         </resourceRelation>
         <resourceRelation xmlns:xlink="http://www.w3.org/1999/xlink"
                           resourceRelationType="subjectOf"
                           xlink:href="FRAN_IR_010162"
                           xlink:type="simple">
            <relationEntry localType="archival">Justice ; Direction des services judiciaires ; Sous-direction de la magistrature ; Bureau des affaires générales - Bureau de la déontologie et des affaires générales (1945-1991)</relationEntry>
         </resourceRelation>
         <resourceRelation xmlns:xlink="http://www.w3.org/1999/xlink"
                           resourceRelationType="subjectOf"
                           xlink:href="FRAN_IR_013589"
                           xlink:type="simple">
            <relationEntry localType="archival">Justice ; Direction des services judiciaires ; Sous-direction de la magistrature ; Bureau des affaires générales - Bureau de la déontologie et des affaires générales (1985-1998)</relationEntry>
         </resourceRelation>
         <resourceRelation xmlns:xlink="http://www.w3.org/1999/xlink"
                           resourceRelationType="subjectOf"
                           xlink:href="FRAN_IR_013590"
                           xlink:type="simple">
            <relationEntry localType="archival">Justice ; Direction des services judiciaires ; Sous-direction de la magistrature ; Bureau des affaires générales - Bureau de la déontologie et des affaires générales (1985-1995)</relationEntry>
         </resourceRelation>
         <resourceRelation xmlns:xlink="http://www.w3.org/1999/xlink"
                           resourceRelationType="subjectOf"
                           xlink:href="FRAN_IR_023170"
                           xlink:type="simple">
            <relationEntry localType="archival">Justice ; Direction des services judiciaires ; Sous-direction de la magistrature ; Bureau des affaires générales - Bureau de la déontologie et des affaires générales (1995)</relationEntry>
         </resourceRelation>
         <resourceRelation xmlns:xlink="http://www.w3.org/1999/xlink"
                           resourceRelationType="subjectOf"
                           xlink:href="FRAN_IR_008954"
                           xlink:type="simple">
            <relationEntry localType="archival">Justice ; Direction des services judiciaires ; Sous-direction de la magistrature ; Bureau des affaires générales - Bureau de la déontologie et des affaires générales (1991)</relationEntry>
         </resourceRelation>
         <resourceRelation xmlns:xlink="http://www.w3.org/1999/xlink"
                           resourceRelationType="subjectOf"
                           xlink:href="FRAN_IR_010135"
                           xlink:type="simple">
            <relationEntry localType="archival">Justice ; Direction des services judiciaires ; Sous-direction de la magistrature ; Bureau des affaires générales - Bureau de la déontologie et des affaires générales (1999)</relationEntry>
         </resourceRelation>
         <resourceRelation xmlns:xlink="http://www.w3.org/1999/xlink"
                           resourceRelationType="subjectOf"
                           xlink:href="FRAN_IR_010033"
                           xlink:type="simple">
            <relationEntry localType="archival">Justice ; Direction des services judiciaires ; Sous-direction de la magistrature ; Bureau des affaires générales - Bureau de la déontologie et des affaires générales (1998)</relationEntry>
         </resourceRelation>
         <resourceRelation xmlns:xlink="http://www.w3.org/1999/xlink"
                           resourceRelationType="subjectOf"
                           xlink:href="FRAN_IR_010032"
                           xlink:type="simple">
            <relationEntry localType="archival">Justice ; Direction des services judiciaires ; Sous-direction de la magistrature ; Bureau des affaires générales - Bureau de la déontologie et des affaires générales (1965-1999)</relationEntry>
         </resourceRelation>
         <resourceRelation xmlns:xlink="http://www.w3.org/1999/xlink"
                           resourceRelationType="subjectOf"
                           xlink:href="FRAN_IR_010157"
                           xlink:type="simple">
            <relationEntry localType="archival">Justice ; Direction des services judiciaires ; Sous-direction de la magistrature ; Bureau des affaires générales - Bureau de la déontologie et des affaires générales (1790-1987)</relationEntry>
         </resourceRelation>
         <resourceRelation xmlns:xlink="http://www.w3.org/1999/xlink"
                           resourceRelationType="subjectOf"
                           xlink:href="FRAN_IR_013595"
                           xlink:type="simple">
            <relationEntry localType="archival">Justice ; Direction des services judiciaires ; Sous-direction de la magistrature ; Bureau des affaires générales - Bureau de la déontologie et des affaires générales (1997)</relationEntry>
         </resourceRelation>
         <resourceRelation xmlns:xlink="http://www.w3.org/1999/xlink"
                           resourceRelationType="subjectOf"
                           xlink:href="FRAN_IR_015486"
                           xlink:type="simple">
            <relationEntry localType="archival">Justice ; Direction des services judiciaires ; Sous-direction de la magistrature ; Bureau des affaires générales ; Bureau de la déontologie et des affaires générales (1939)</relationEntry>
         </resourceRelation>
         <resourceRelation xmlns:xlink="http://www.w3.org/1999/xlink"
                           resourceRelationType="subjectOf"
                           xlink:href="FRAN_IR_016137"
                           xlink:type="simple">
            <relationEntry localType="archival">Justice ; Direction des services judiciaires ; Sous-direction de la magistrature ; Bureau des affaires générales - Bureau de la déontologie et des affaires générales (2000-2001)</relationEntry>
         </resourceRelation>
         <resourceRelation xmlns:xlink="http://www.w3.org/1999/xlink"
                           resourceRelationType="subjectOf"
                           xlink:href="FRAN_IR_019824"
                           xlink:type="simple">
            <relationEntry localType="archival">Justice ; Direction des services judiciaires ; Sous-direction de la magistrature ; Bureau des affaires générales - Bureau de la déontologie et des affaires générales (2002)</relationEntry>
         </resourceRelation>
         <resourceRelation xmlns:xlink="http://www.w3.org/1999/xlink"
                           resourceRelationType="subjectOf"
                           xlink:href="FRAN_IR_023483"
                           xlink:type="simple">
            <relationEntry localType="archival">Justice ; Direction des services judiciaires ; Sous-direction de la magistrature ; Bureau des affaires générales - Bureau de la déontologie et des affaires générales (1969-1994)</relationEntry>
         </resourceRelation>
         <resourceRelation xmlns:xlink="http://www.w3.org/1999/xlink"
                           resourceRelationType="subjectOf"
                           xlink:href="FRAN_IR_021319"
                           xlink:type="simple">
            <relationEntry localType="archival">Justice ; Direction des services judiciaires ; Sous-direction de la magistrature ; Bureau des affaires générales - Bureau de la déontologie et des affaires générales (1979)</relationEntry>
         </resourceRelation>
      </relations>
   </cpfDescription>
</eac-cpf>
