<eac-cpf xmlns="urn:isbn:1-931666-33-4"
         xmlns:xsi="http://www.w3.org/2001/XMLSchema-instance"
         xsi:schemaLocation="urn:isbn:1-931666-33-4 cpf.xsd">
   <control>
      <recordId>FRAN_NP_000040</recordId>
      <otherRecordId localType="Ancien_identifiant">1506</otherRecordId>
      <maintenanceStatus>derived</maintenanceStatus>
      <maintenanceAgency>
         <agencyName>Archives nationales de France</agencyName>
      </maintenanceAgency>
      <languageDeclaration>
         <language languageCode="fre">Français</language>
         <script scriptCode="Latn"/>
      </languageDeclaration>
      <conventionDeclaration>
         <citation>Notice établie conformément à la norme ICA-ISAAR (CPF) 2004, aux normes ISO 8601 pour le système de normalisation des dates utilisé, ainsi que AFNOR NF Z 44-061, juin 1986. Catalogage : forme et structure des vedettes noms de personne, des vedettes titres, des rubriques de classement et des titres forgés.</citation>
      </conventionDeclaration>
      <localControl localType="niveau_de_detail">
         <term>Moyenne</term>
      </localControl>
      <maintenanceHistory>
         <maintenanceEvent>
            <eventType>derived</eventType>
            <eventDateTime>2015-12-04</eventDateTime>
            <agentType>machine</agentType>
            <agent>Import_SIA</agent>
         </maintenanceEvent>
      </maintenanceHistory>
   </control>
   <cpfDescription>
      <identity>
         <entityType>corporateBody</entityType>
         <nameEntry localType="autorisée" scriptCode="Latn" xml:lang="fre">
            <part>Conseil supérieur de l'audiovisuel</part>
         </nameEntry>
         <nameEntry>
            <part>CSA</part>
         </nameEntry>
      </identity>
      <description>
         <existDates>
            <dateRange>
               <fromDate standardDate="1989-01-01">1989</fromDate>
            </dateRange>
         </existDates>
         <legalStatuses>
            <legalStatus>
               <term vocabularySource="d5bloo28po-1bei6cefdzkj">autorité indépendante</term>
            </legalStatus>
         </legalStatuses>
      </description>
      <relations>
         <cpfRelation xmlns:xlink="http://www.w3.org/1999/xlink"
                      cpfRelationType="hierarchical-child"
                      xlink:href="FRAN_NP_000100"
                      xlink:type="simple">
            <relationEntry>Conseil supérieur de l'audiovisuel, département du pluralisme et de la déontologie de l'information</relationEntry>
            <dateRange>
               <fromDate standardDate="1989-01-01">1989</fromDate>
            </dateRange>
         </cpfRelation>
         <cpfRelation xmlns:xlink="http://www.w3.org/1999/xlink"
                      cpfRelationType="associative"
                      xlink:href="FRAN_NP_050826"
                      xlink:type="simple">
            <relationEntry>Comité stratégique pour le numérique (France)</relationEntry>
            <dateRange>
               <fromDate standardDate="2006-05-03">3 mai 2006</fromDate>
               <toDate standardDate="2013-02-08">8 février 2013</toDate>
            </dateRange>
         </cpfRelation>
         <cpfRelation xmlns:xlink="http://www.w3.org/1999/xlink"
                      cpfRelationType="associative"
                      xlink:href="FRAN_NP_051134"
                      xlink:type="simple">
            <relationEntry>Cayla, Véronique (1950-....)</relationEntry>
            <dateRange>
               <fromDate standardDate="1999-01-01">1999</fromDate>
            </dateRange>
         </cpfRelation>
         <cpfRelation xmlns:xlink="http://www.w3.org/1999/xlink"
                      cpfRelationType="associative"
                      xlink:href="FRAN_NP_051132"
                      xlink:type="simple">
            <relationEntry>Kessler, David (1959-....)</relationEntry>
            <dateRange>
               <fromDate standardDate="1996-01-01">1996</fromDate>
               <toDate standardDate="1997-12-31">1997</toDate>
            </dateRange>
            <descriptiveNote>
               <p>
     David Kessler fut directeur général du CSA.
    </p>
            </descriptiveNote>
         </cpfRelation>
         <cpfRelation xmlns:xlink="http://www.w3.org/1999/xlink"
                      cpfRelationType="associative"
                      xlink:href="FRAN_NP_051347"
                      xlink:type="simple">
            <relationEntry>Faure, Roland (1926-....)</relationEntry>
            <dateRange>
               <fromDate standardDate="1989-01-01">1989</fromDate>
               <toDate standardDate="1997-12-31">1997</toDate>
            </dateRange>
            <descriptiveNote>
               <p>
     Siège au CSA
    </p>
            </descriptiveNote>
         </cpfRelation>
         <cpfRelation xmlns:xlink="http://www.w3.org/1999/xlink"
                      cpfRelationType="associative"
                      xlink:href="FRAN_NP_051451"
                      xlink:type="simple">
            <relationEntry>Gélinet, Patrice (1946-....)</relationEntry>
            <dateRange>
               <fromDate standardDate="2011-01-01">2011</fromDate>
            </dateRange>
            <descriptiveNote>
               <p>
     @isMemberOf@
    </p>
            </descriptiveNote>
         </cpfRelation>
         <cpfRelation xmlns:xlink="http://www.w3.org/1999/xlink"
                      cpfRelationType="hierarchical-child"
                      xlink:href="FRAN_NP_000101"
                      xlink:type="simple">
            <relationEntry>Conseil supérieur de l'audiovisuel, direction des programmes</relationEntry>
            <dateRange>
               <fromDate standardDate="1989-01-01">1989</fromDate>
            </dateRange>
         </cpfRelation>
         <cpfRelation xmlns:xlink="http://www.w3.org/1999/xlink"
                      cpfRelationType="temporal-earlier"
                      xlink:href="FRAN_NP_000099"
                      xlink:type="simple">
            <relationEntry>Commission nationale de la communication et des libertés</relationEntry>
            <dateRange>
               <fromDate standardDate="1989-01-01">1989</fromDate>
            </dateRange>
         </cpfRelation>
         <resourceRelation xmlns:xlink="http://www.w3.org/1999/xlink"
                           resourceRelationType="subjectOf"
                           xlink:href="FRAN_IR_009316"
                           xlink:type="simple">
            <relationEntry localType="archival">Autorités administratives indépendantes ; Conseil supérieur de l'audiovisuel (CSA) (1968-1992)</relationEntry>
         </resourceRelation>
         <resourceRelation xmlns:xlink="http://www.w3.org/1999/xlink"
                           resourceRelationType="subjectOf"
                           xlink:href="FRAN_IR_010540"
                           xlink:type="simple">
            <relationEntry localType="archival">Autorités administratives indépendantes ; Conseil Supérieur de l'Audiovisuel (CSA) (1986-2002)</relationEntry>
         </resourceRelation>
         <resourceRelation xmlns:xlink="http://www.w3.org/1999/xlink"
                           resourceRelationType="subjectOf"
                           xlink:href="FRAN_IR_010541"
                           xlink:type="simple">
            <relationEntry localType="archival">Autorités administratives indépendantes ; Conseil Supérieur de l'Audiovisuel (CSA) (1989-2000)</relationEntry>
         </resourceRelation>
         <resourceRelation xmlns:xlink="http://www.w3.org/1999/xlink"
                           resourceRelationType="subjectOf"
                           xlink:href="FRAN_IR_023452"
                           xlink:type="simple">
            <relationEntry localType="archival">Autorités administratives indépendantes ; Conseil Supérieur de l'Audiovisuel (CSA) (1987-1992)</relationEntry>
         </resourceRelation>
         <resourceRelation xmlns:xlink="http://www.w3.org/1999/xlink"
                           resourceRelationType="subjectOf"
                           xlink:href="FRAN_IR_023802"
                           xlink:type="simple">
            <relationEntry localType="archival">Autorités administratives indépendantes ; Conseil Supérieur de l'Audiovisuel (CSA) (2001-2003)</relationEntry>
         </resourceRelation>
         <resourceRelation xmlns:xlink="http://www.w3.org/1999/xlink"
                           resourceRelationType="subjectOf"
                           xlink:href="FRAN_IR_023803"
                           xlink:type="simple">
            <relationEntry localType="archival">Autorités administratives indépendantes ; Conseil supérieur de l'audiovisuel (CSA) (2001-2003)</relationEntry>
         </resourceRelation>
         <resourceRelation xmlns:xlink="http://www.w3.org/1999/xlink"
                           resourceRelationType="subjectOf"
                           xlink:href="FRAN_IR_026242"
                           xlink:type="simple">
            <relationEntry localType="archival">Autorités administratives indépendantes ; Médiateur de la Répubique (1986-1989)</relationEntry>
         </resourceRelation>
      </relations>
   </cpfDescription>
</eac-cpf>
