<eac-cpf xmlns="urn:isbn:1-931666-33-4"
         xmlns:xsi="http://www.w3.org/2001/XMLSchema-instance"
         xsi:schemaLocation="urn:isbn:1-931666-33-4 cpf.xsd">
   <control>
      <recordId>FRAN_NP_000347</recordId>
      <otherRecordId localType="Ancien_identifiant">1280</otherRecordId>
      <maintenanceStatus>revised</maintenanceStatus>
      <maintenanceAgency>
         <agencyName>Archives nationales de France</agencyName>
      </maintenanceAgency>
      <languageDeclaration>
         <language languageCode="fre">Français</language>
         <script scriptCode="Latn"/>
      </languageDeclaration>
      <conventionDeclaration>
         <citation>Notice établie conformément à la norme ICA-ISAAR (CPF) 2004, aux normes ISO 8601 pour le système de normalisation des dates utilisé, ainsi que AFNOR NF Z 44-061, juin 1986. Catalogage : forme et structure des vedettes noms de personne, des vedettes titres, des rubriques de classement et des titres forgés.</citation>
      </conventionDeclaration>
      <localControl localType="niveau_de_detail">
         <term>Complète</term>
      </localControl>
      <maintenanceHistory>
         <maintenanceEvent>
            <eventType>derived</eventType>
            <eventDateTime>2015-12-04</eventDateTime>
            <agentType>machine</agentType>
            <agent>Import_SIA</agent>
         </maintenanceEvent>
         <maintenanceEvent>
            <eventType>revised</eventType>
            <eventDateTime>2017-06-14</eventDateTime>
            <agentType>human</agentType>
            <agent>Marine ZELVERTE</agent>
         </maintenanceEvent>
         <maintenanceEvent>
            <eventType>updated</eventType>
            <eventDateTime>2017-06-15</eventDateTime>
            <agentType>human</agentType>
            <agent>Marine ZELVERTE</agent>
         </maintenanceEvent>
         <maintenanceEvent>
            <eventType>updated</eventType>
            <eventDateTime>2017-06-23</eventDateTime>
            <agentType>human</agentType>
            <agent>Marine ZELVERTE</agent>
         </maintenanceEvent>
      </maintenanceHistory>
      <sources>
         <source>
            <sourceEntry>BROCHAND, Christian, Histoire générale de la radio et de la télévision, Paris, Comité d’histoire de la radiodiffusion, La Documentation française, 1994, 3 vol.</sourceEntry>
         </source>
         <source>
            <sourceEntry>JEANNENEY, Jean-Noël, collab. Agnès CHAUVEAU, L’Écho du siècle, Dictionnaire historique de la radio et de la télévision en France, Paris, Hachette Littératures, Issy-les-Moulineaux, Arte Éditions, 1999 et 2001 pour l’édition mise à jour</sourceEntry>
         </source>
      </sources>
   </control>
   <cpfDescription>
      <identity>
         <entityId>ISNI 0000 0001 2193 4951</entityId>
         <entityType>corporateBody</entityType>
         <nameEntry localType="autorisée" scriptCode="Latn" xml:lang="fre">
            <part>Office de radiodiffusion-télévision française (1964-1974)</part>
         </nameEntry>
         <nameEntry>
            <part>ORTF</part>
         </nameEntry>
      </identity>
      <description>
         <existDates>
            <dateRange>
               <fromDate standardDate="1964-01-01">1964</fromDate>
               <toDate standardDate="1974-12-31">1974</toDate>
            </dateRange>
         </existDates>
         <legalStatuses>
            <legalStatus>
               <term vocabularySource="d5blokqfd8--191myac7ayrnr">établissement public à caractère industriel et commercial</term>
            </legalStatus>
         </legalStatuses>
         <functions>
            <function>
               <term vocabularySource="d-bqes4jgk5--1ck70sjy5vvds">production audiovisuelle</term>
            </function>
            <function>
               <term vocabularySource="d-bpuim5dgy-lj4n6430gdtb">production radiophonique</term>
            </function>
         </functions>
         <mandates>
            <mandate>
               <descriptiveNote>
                  <p>Loi n° 64-621 du 27 juin 1964 (https://www.legifrance.gouv.fr/affichTexte.do?cidTexte=JORFTEXT000000880010&amp;fastPos=1&amp;fastReqId=1611372414&amp;categorieLien=id&amp;oldAction=rechTexte)</p>
                  <p>Décret n°64-740 du 22 juillet 1964 portant création de comité de programmes à l'ORTF (https://www.legifrance.gouv.fr/affichTexte.do?cidTexte=JORFTEXT000000490427&amp;fastPos=2&amp;fastReqId=1609388847&amp;categorieLien=id&amp;oldAction=rechTexte)</p>
                  <p>Décret n°64-736 du 22 juillet 1964 pris pour l'application de la loi 64621 du 27-06-1964 portant statut de l'ORTF (https://www.legifrance.gouv.fr/affichTexte.do?cidTexte=JORFTEXT000000302551&amp;fastPos=6&amp;fastReqId=1791885062&amp;categorieLien=id&amp;oldAction=rechTexte)</p>
                  <p>Décret n°64-739 du 22 juillet 1964 portant statut des journalistes de l'ORTF (https://www.legifrance.gouv.fr/affichTexte.do?cidTexte=JORFTEXT000000852371&amp;fastPos=3&amp;fastReqId=2045922404&amp;categorieLien=id&amp;oldAction=rechTexte)</p>
                  <p>Décret n°64-738 du 22 juillet 1964 portant statut des personnels de l'ORTF (https://www.legifrance.gouv.fr/affichTexte.do?cidTexte=JORFTEXT000000302552&amp;fastPos=4&amp;fastReqId=1995266009&amp;categorieLien=id&amp;oldAction=rechTexte)</p>
                  <p>Décret n°64-737 du 22 juillet 1964. Régime financier et comptable de l'ORTF (https://www.legifrance.gouv.fr/affichTexte.do?cidTexte=JORFTEXT000000852370&amp;fastPos=5&amp;fastReqId=1223730892&amp;categorieLien=id&amp;oldAction=rechTexte)</p>
                  <p>Loi n°72-553 du 3 juillet 1972. Statut de l'ORTF (https://www.legifrance.gouv.fr/affichTexte.do?cidTexte=JORFTEXT000000684059&amp;fastPos=3&amp;fastReqId=1920295396&amp;categorieLien=id&amp;oldAction=rechTexte)</p>
                  <p>Loi n° 74-696 du 7 août 1974 (https://www.legifrance.gouv.fr/affichTexte.do?cidTexte=JORFTEXT000000333539&amp;fastPos=1&amp;fastReqId=719529788&amp;categorieLien=id&amp;oldAction=rechTexte)</p>
               </descriptiveNote>
            </mandate>
         </mandates>
         <biogHist>
            <p>La loi n° 64-621 du 27 juin 1964 porte création de l’Office de radiodiffusion-télévision française, en tant qu’établissement public de l’État à caractère industriel et commercial. L’Office doit assurer le service national de la radiodiffusion et de la télévision « en vue de satisfaire les besoins d’information, de culture, d’éducation et de distraction du public », dans les conditions énoncées dans l’ordonnance 59-273 du 4 février 1959 qui avait déjà fait de la RTF un établissement de même type.</p>
            <p>La loi créant l’ORTF reprend une grande partie du texte qui avait donné un nouveau statut à la RTF. L’Office hérite donc des attributions et des services de la RTF, mais il en diffère sur certains points qui ont justement apporté la nécessité de cette réforme.</p>
            <p>Parmi les différences notables se trouve la création d’un conseil d’administration, dont était dépourvu la RTF, composé de membres dont la moitié représentent l’État. Les autres membres sont des représentants des catégories sociales ou professionnelles intéressées au fonctionnement de l’ORTF : auditeurs, téléspectateurs, presse écrite, personnel de l’Office, nommés par décret d’après des listes établies par des organisations représentatives, ainsi que des personnalités qualifiées. Le directeur général est directement placé sous la tutelle du ministre chargé de l’Information, lequel « approuve conjointement avec le ministre des Finances et des Affaires économiques le budget de l’Office et contrôle l’utilisation que celui-ci fait de ses ressources ». Plusieurs décrets en juillet 1964 viennent préciser les modalités d’application de la loi.</p>
            <p>Sur trois points fondamentaux les statuts de l’ORTF diffèrent de ceux de l’ex-RTF : le ministre de l’Information exerce dorénavant une tutelle et non plus une autorité ; le conseil d’administration est une assemblée délibérante chargée véritablement d’administrer l’Office et d’assurer le respect de la liberté d’expression et de communication garantie par la Constitution ; enfin, le contrôle du budget s’effectue à posteriori, sauf pour certaines catégories de dépenses importantes, et non plus à priori comme c’était le cas pour la RTF.</p>
            <p>Ces trois points concrétisent l’émancipation simplement amorcée par l’ordonnance de 1959 et l’autonomie du nouvel Office de radiodiffusion télévision française.</p>
            <p>Mais très vite, il s’avère que l’ORTF, tout comme la RTF, est démuni pour faire face aux demandes du gouvernement, qui continue à orienter, censurer, voire manipuler le contenu politique des émissions et de l’information. S’ajoute à cela une mauvaise prise en compte, dans le nouveau statut, de l’avancement et du salaire du personnel, ce qui donne lieu à plusieurs grèves. Le mécontentement général à l’égard de l’ORTF est, il faut bien le dire, à l’image de celui de l’ensemble de la société.</p>
            <p>En 1968, l’ORTF, associé à « La voix de son maître » où gouvernement et police ne font plus qu’un, est pris à partie, ses voitures de reportage sont parfois lapidées, des intellectuels refusent de participer aux interviews demandées. Pourtant, la plus grande partie du personnel de l’ORTF est aussi en grève et participe à la fameuse manifestation où l’on scande « Libérez l’information ! » Devant le durcissement à l’égard du personnel gréviste de l’ORTF de la part de la direction et du gouvernement, qui va jusqu’à un recours à l’armée pour casser la grève, on assiste au soutien d’organisations, de groupes d’écrivains et de cinéastes. </p>
            <p>Puis, à l’instar d’autres organismes, l’intersyndicale de l’ORTF suspend la grève générale le 25 juin. En juillet, le conseil des ministres dépose un projet de réorganisation, dans lequel on ne touchera pas au statut de l’établissement, mais qui a pour but de définir une politique de l’information et des programmes (ce qui aurait dû être réservé à la direction de l’ORTF et non au gouvernement), et dans un second temps de permettre une meilleure gestion en réalisant des économies. En outre, la publicité sera introduite sur la première chaîne de télévision en octobre. Bien sûr, cette mini-réforme ne résout rien, et de plus, plusieurs scandales financiers éclatent, notamment par rapport à la publicité. Une nouvelle loi du 3 juillet 1972 tente de réformer le fonctionnement de l’Office et le place sous tutelle du Premier ministre.</p>
            <p>La loi n° 74-696 du 7 août 1974 prononce la dissolution de l’ORTF.</p>
         </biogHist>
      </description>
      <relations>
         <cpfRelation xmlns:xlink="http://www.w3.org/1999/xlink"
                      cpfRelationType="hierarchical-child"
                      xlink:href="FRAN_NP_000346"
                      xlink:type="simple">
            <relationEntry>Office de radiodiffusion-télévision française, direction de la radiodiffusion</relationEntry>
            <dateRange>
               <fromDate standardDate="1964-01-01">1964</fromDate>
               <toDate standardDate="1974-12-31">1974</toDate>
            </dateRange>
         </cpfRelation>
         <cpfRelation xmlns:xlink="http://www.w3.org/1999/xlink"
                      cpfRelationType="associative"
                      xlink:href="FRAN_NP_000387"
                      xlink:type="simple">
            <relationEntry>Sabbagh, Pierre</relationEntry>
            <dateRange>
               <fromDate standardDate="1964-01-01">1964</fromDate>
               <toDate standardDate="1974-12-31">1974</toDate>
            </dateRange>
         </cpfRelation>
         <cpfRelation xmlns:xlink="http://www.w3.org/1999/xlink"
                      cpfRelationType="temporal-later"
                      xlink:href="FRAN_NP_005419"
                      xlink:type="simple">
            <relationEntry>Radio France</relationEntry>
            <dateRange>
               <fromDate standardDate="1975-01-01">1975</fromDate>
            </dateRange>
         </cpfRelation>
         <cpfRelation xmlns:xlink="http://www.w3.org/1999/xlink"
                      cpfRelationType="temporal-later"
                      xlink:href="FRAN_NP_010125"
                      xlink:type="simple">
            <relationEntry>France 3</relationEntry>
            <dateRange>
               <fromDate standardDate="1975-01-01">1975</fromDate>
            </dateRange>
         </cpfRelation>
         <cpfRelation xmlns:xlink="http://www.w3.org/1999/xlink"
                      cpfRelationType="associative"
                      xlink:href="FRAN_NP_050952"
                      xlink:type="simple">
            <relationEntry>Contamine, Claude (1929-....)</relationEntry>
            <dateRange>
               <fromDate standardDate="1964-01-01">1964</fromDate>
               <toDate standardDate="1974-12-31">1974</toDate>
            </dateRange>
            <descriptiveNote>
               <p> Directeur général adjoint de l'ORTF de 1964 à 1967 et de 1973 à 1974. </p>
            </descriptiveNote>
         </cpfRelation>
         <cpfRelation xmlns:xlink="http://www.w3.org/1999/xlink"
                      cpfRelationType="temporal-later"
                      xlink:href="FRAN_NP_050969"
                      xlink:type="simple">
            <relationEntry>Société française de production et de création audiovisuelles</relationEntry>
            <dateRange>
               <fromDate standardDate="1975-01-01">1975</fromDate>
            </dateRange>
         </cpfRelation>
         <cpfRelation xmlns:xlink="http://www.w3.org/1999/xlink"
                      cpfRelationType="associative"
                      xlink:href="FRAN_NP_051168"
                      xlink:type="simple">
            <relationEntry>Hees, Jean-Luc (1951-....)</relationEntry>
            <dateRange>
               <fromDate standardDate="1972-01-01">1972</fromDate>
               <toDate standardDate="1974-12-31">1974</toDate>
            </dateRange>
            <descriptiveNote>
               <p> Jean-Luc Hees travaille à l'ORTF. </p>
            </descriptiveNote>
         </cpfRelation>
         <cpfRelation xmlns:xlink="http://www.w3.org/1999/xlink"
                      cpfRelationType="associative"
                      xlink:href="FRAN_NP_051218"
                      xlink:type="simple">
            <relationEntry>Denoyan, Gilbert (1939-2000)</relationEntry>
            <dateRange>
               <fromDate standardDate="1970-01-01">1970</fromDate>
               <toDate standardDate="1974-12-31">1974</toDate>
            </dateRange>
            <descriptiveNote>
               <p> Gilbert Denoyan entre à la 2ème chaîne de télévision </p>
            </descriptiveNote>
         </cpfRelation>
         <cpfRelation xmlns:xlink="http://www.w3.org/1999/xlink"
                      cpfRelationType="associative"
                      xlink:href="FRAN_NP_051233"
                      xlink:type="simple">
            <relationEntry>Chancel, Jacques (1928-2014)</relationEntry>
            <dateRange>
               <fromDate standardDate="1964-01-01">1964</fromDate>
               <toDate standardDate="1974-12-31">1974</toDate>
            </dateRange>
         </cpfRelation>
         <cpfRelation xmlns:xlink="http://www.w3.org/1999/xlink"
                      cpfRelationType="hierarchical-child"
                      xlink:href="FRAN_NP_051232"
                      xlink:type="simple">
            <relationEntry>Radio France. Service des relations avec la presse et le public (1944-1983)</relationEntry>
            <dateRange>
               <fromDate standardDate="1964-01-01">1964</fromDate>
               <toDate standardDate="1974-12-31">1974</toDate>
            </dateRange>
         </cpfRelation>
         <cpfRelation xmlns:xlink="http://www.w3.org/1999/xlink"
                      cpfRelationType="associative"
                      xlink:href="FRAN_NP_050221"
                      xlink:type="simple">
            <relationEntry>Ragueneau, Philippe (1917-2003)</relationEntry>
            <dateRange>
               <fromDate standardDate="1964-01-01">1964</fromDate>
               <toDate standardDate="1974-12-31">1974</toDate>
            </dateRange>
         </cpfRelation>
         <cpfRelation xmlns:xlink="http://www.w3.org/1999/xlink"
                      cpfRelationType="associative"
                      xlink:href="FRAN_NP_051457"
                      xlink:type="simple">
            <relationEntry>Nanteau, Olivier (1949-2009)</relationEntry>
            <dateRange>
               <fromDate standardDate="1968-01-01">1968</fromDate>
               <toDate standardDate="1974-12-31">1974</toDate>
            </dateRange>
            <descriptiveNote>
               <p>
     @isEmployeeOf@
    </p>
            </descriptiveNote>
         </cpfRelation>
         <cpfRelation xmlns:xlink="http://www.w3.org/1999/xlink"
                      cpfRelationType="hierarchical-child"
                      xlink:href="FRAN_NP_051509"
                      xlink:type="simple">
            <relationEntry>Office de Radiodiffusion-Télévision Française. Service de la Recherche (1960-1974)</relationEntry>
            <dateRange>
               <fromDate standardDate="1964-06-27">27 juin 1964</fromDate>
               <toDate standardDate="1974-06-30">30 juin 1974</toDate>
            </dateRange>
            <descriptiveNote>
               <p>
     @isPartOf@
    </p>
            </descriptiveNote>
         </cpfRelation>
         <cpfRelation xmlns:xlink="http://www.w3.org/1999/xlink"
                      cpfRelationType="associative"
                      xlink:href="FRAN_NP_009941"
                      xlink:type="simple">
            <relationEntry>Veil, Simone (1927-2017)</relationEntry>
            <dateRange>
               <fromDate standardDate="1971-01-01">1971</fromDate>
               <toDate standardDate="1971-12-31">1971</toDate>
            </dateRange>
         </cpfRelation>
         <cpfRelation xmlns:xlink="http://www.w3.org/1999/xlink"
                      cpfRelationType="associative"
                      xlink:href="FRAN_NP_051655"
                      xlink:type="simple">
            <relationEntry>Thewrewk-Pallaghy, Attila (1901-1989)</relationEntry>
            <dateRange>
               <fromDate standardDate="1964-01-01">1964</fromDate>
               <toDate standardDate="1974-12-31">1974</toDate>
            </dateRange>
         </cpfRelation>
         <cpfRelation xmlns:xlink="http://www.w3.org/1999/xlink"
                      cpfRelationType="associative"
                      xlink:href="FRAN_NP_051658"
                      xlink:type="simple">
            <relationEntry>Tabouis, Geneviève (1892-1985)</relationEntry>
            <dateRange>
               <fromDate standardDate="1964-01-01">1964</fromDate>
               <toDate standardDate="1974-12-31">1974</toDate>
            </dateRange>
         </cpfRelation>
         <cpfRelation xmlns:xlink="http://www.w3.org/1999/xlink"
                      cpfRelationType="associative"
                      xlink:href="FRAN_NP_050126"
                      xlink:type="simple">
            <relationEntry>Paye, Lucien (1907-1972)</relationEntry>
            <dateRange>
               <fromDate standardDate="1968-01-01">1968</fromDate>
               <toDate standardDate="1970-12-31">1970</toDate>
            </dateRange>
            <descriptiveNote>
               <p>
     Président de la commission de réforme du statut de l'ORTF.
    </p>
            </descriptiveNote>
         </cpfRelation>
         <cpfRelation xmlns:xlink="http://www.w3.org/1999/xlink"
                      cpfRelationType="associative"
                      xlink:href="FRAN_NP_051626"
                      xlink:type="simple">
            <relationEntry>Poumerol, Henri (1923-2004)</relationEntry>
            <dateRange>
               <fromDate standardDate="1964-01-01">1964</fromDate>
               <toDate standardDate="1974-12-31">1974</toDate>
            </dateRange>
         </cpfRelation>
         <cpfRelation xmlns:xlink="http://www.w3.org/1999/xlink"
                      cpfRelationType="associative"
                      xlink:href="FRAN_NP_051284"
                      xlink:type="simple">
            <relationEntry>Moinot, Pierre (1920-2007)</relationEntry>
            <dateRange>
               <fromDate standardDate="1969-01-01">1969</fromDate>
               <toDate standardDate="1972-12-31">1972</toDate>
            </dateRange>
         </cpfRelation>
         <cpfRelation xmlns:xlink="http://www.w3.org/1999/xlink"
                      cpfRelationType="associative"
                      xlink:href="FRAN_NP_051392"
                      xlink:type="simple">
            <relationEntry>Biasini, Émile (1922-2011)</relationEntry>
            <dateRange>
               <fromDate standardDate="1967-01-01">1967</fromDate>
               <toDate standardDate="1968-12-31">1968</toDate>
            </dateRange>
            <descriptiveNote>
               <p> directeur de la Télévision </p>
            </descriptiveNote>
         </cpfRelation>
         <cpfRelation xmlns:xlink="http://www.w3.org/1999/xlink"
                      cpfRelationType="associative"
                      xlink:href="FRAN_NP_051455"
                      xlink:type="simple">
            <relationEntry>Delli Fiori, Julien (1943-....)</relationEntry>
            <dateRange>
               <fromDate standardDate="1974-01-01">1974</fromDate>
               <toDate standardDate="1974-12-31">1974</toDate>
            </dateRange>
            <descriptiveNote>
               <p> @isEmployeeOf@ </p>
            </descriptiveNote>
         </cpfRelation>
         <cpfRelation xmlns:xlink="http://www.w3.org/1999/xlink"
                      cpfRelationType="temporal-later"
                      xlink:href="FRAN_NP_005424"
                      xlink:type="simple">
            <relationEntry>TF1 (1975-1987)</relationEntry>
            <dateRange>
               <fromDate standardDate="1975-01-06">6 janvier 1975</fromDate>
            </dateRange>
         </cpfRelation>
         <cpfRelation xmlns:xlink="http://www.w3.org/1999/xlink"
                      cpfRelationType="temporal-later"
                      xlink:href="FRAN_NP_010124"
                      xlink:type="simple">
            <relationEntry>France 2</relationEntry>
            <dateRange>
               <fromDate standardDate="1975-01-01">1975</fromDate>
            </dateRange>
         </cpfRelation>
         <cpfRelation xmlns:xlink="http://www.w3.org/1999/xlink"
                      cpfRelationType="associative"
                      xlink:href="FRAN_NP_007723"
                      xlink:type="simple">
            <relationEntry>Société française de télédistribution</relationEntry>
            <dateRange>
               <fromDate standardDate="1972-01-01">1972</fromDate>
               <toDate standardDate="1974-12-31">1974</toDate>
            </dateRange>
         </cpfRelation>
         <cpfRelation xmlns:xlink="http://www.w3.org/1999/xlink"
                      cpfRelationType="hierarchical-child"
                      xlink:href="FRAN_NP_000343"
                      xlink:type="simple">
            <relationEntry>Office de radiodiffusion-télévision française, service des études d'opinion</relationEntry>
            <dateRange>
               <fromDate standardDate="1964-01-01">1964</fromDate>
               <toDate standardDate="1974-12-31">1974</toDate>
            </dateRange>
         </cpfRelation>
         <cpfRelation xmlns:xlink="http://www.w3.org/1999/xlink"
                      cpfRelationType="identity"
                      xlink:href="http://catalogue.bnf.fr/ark:/12148/cb13882713c"
                      xlink:type="simple">
            <relationEntry>Office de radiodiffusion-télévision française</relationEntry>
            <dateRange>
               <fromDate standardDate="1964-01-01">1964</fromDate>
               <toDate standardDate="1974-12-31">1974</toDate>
            </dateRange>
            <descriptiveNote>
               <p>Notice d'autorité de la BnF</p>
            </descriptiveNote>
         </cpfRelation>
         <cpfRelation xmlns:xlink="http://www.w3.org/1999/xlink"
                      cpfRelationType="identity"
                      xlink:href="https://fr.wikipedia.org/wiki/Office_de_radiodiffusion-t%C3%A9l%C3%A9vision_fran%C3%A7aise"
                      xlink:type="simple">
            <relationEntry>Office de radiodiffusion-télévision française</relationEntry>
            <dateRange>
               <fromDate standardDate="1964-01-01">1964</fromDate>
               <toDate standardDate="1974-12-31">1974</toDate>
            </dateRange>
            <descriptiveNote>
               <p>Notice Wikipédia</p>
            </descriptiveNote>
         </cpfRelation>
         <cpfRelation xmlns:xlink="http://www.w3.org/1999/xlink"
                      cpfRelationType="hierarchical-parent"
                      xlink:href="FRAN_NP_009597"
                      xlink:type="simple">
            <relationEntry>Ministère de l'Information</relationEntry>
            <dateRange>
               <fromDate standardDate="1964-01-01">1964</fromDate>
               <toDate standardDate="1972-07-02">2 juillet 1972</toDate>
            </dateRange>
            <descriptiveNote>
               <p>@isControlledBy@</p>
            </descriptiveNote>
         </cpfRelation>
         <cpfRelation xmlns:xlink="http://www.w3.org/1999/xlink"
                      cpfRelationType="hierarchical-parent"
                      xlink:href="FRAN_NP_000002"
                      xlink:type="simple">
            <relationEntry>Premier ministre</relationEntry>
            <dateRange>
               <fromDate standardDate="1972-07-03">3 juillet 1972</fromDate>
               <toDate standardDate="1974-12-31">1974</toDate>
            </dateRange>
            <descriptiveNote>
               <p>@isControlledBy@</p>
            </descriptiveNote>
         </cpfRelation>
         <cpfRelation xmlns:xlink="http://www.w3.org/1999/xlink"
                      cpfRelationType="temporal-earlier"
                      xlink:href="FRAN_NP_051508"
                      xlink:type="simple">
            <relationEntry>Radiodiffusion-Télévision française (1949-1964)</relationEntry>
            <dateRange>
               <fromDate standardDate="1964-01-01">1964</fromDate>
            </dateRange>
         </cpfRelation>
         <resourceRelation xmlns:xlink="http://www.w3.org/1999/xlink"
                           resourceRelationType="creatorOf"
                           xlink:href="FRAN_IR_055602"
                           xlink:type="simple">
            <relationEntry localType="archival">Archives audiovisuelles de Jacqueline Baudrier (1963-2000)</relationEntry>
            <descriptiveNote>
               <p>Fonds Jacqueline Baudrier: archives audiovisuelles (1963-2000)</p>
            </descriptiveNote>
         </resourceRelation>
         <resourceRelation xmlns:xlink="http://www.w3.org/1999/xlink"
                           resourceRelationType="creatorOf"
                           xlink:href="FRAN_IR_050976"
                           xlink:type="simple">
            <relationEntry localType="archival">Archives de Jacqueline Baudrier (1948-2002)</relationEntry>
            <descriptiveNote>
               <p>Fonds Jacqueline Baudrier (1948-2000)</p>
            </descriptiveNote>
         </resourceRelation>
         <resourceRelation xmlns:xlink="http://www.w3.org/1999/xlink"
                           resourceRelationType="creatorOf"
                           xlink:href="FRAN_IR_007804"
                           xlink:type="simple">
            <relationEntry localType="archival">Culture ; Radio-France (1937-1975)</relationEntry>
            <descriptiveNote>
               <p>Régie générale des orchestres et des choeurs (1942-1975)</p>
            </descriptiveNote>
         </resourceRelation>
         <resourceRelation xmlns:xlink="http://www.w3.org/1999/xlink"
                           resourceRelationType="creatorOf"
                           xlink:href="FRAN_IR_015688"
                           xlink:type="simple">
            <relationEntry localType="archival">Culture ; Radio-France (1938-1994)</relationEntry>
            <descriptiveNote>
               <p>France Culture (1938-1994)</p>
            </descriptiveNote>
         </resourceRelation>
         <resourceRelation xmlns:xlink="http://www.w3.org/1999/xlink"
                           resourceRelationType="creatorOf"
                           xlink:href="FRAN_IR_009534"
                           xlink:type="simple">
            <relationEntry localType="archival">Culture ; Radio-France (1939-1958)</relationEntry>
            <descriptiveNote>
               <p>Fonds Jean Thévenot (1939-1952)</p>
            </descriptiveNote>
         </resourceRelation>
         <resourceRelation xmlns:xlink="http://www.w3.org/1999/xlink"
                           resourceRelationType="creatorOf"
                           xlink:href="FRAN_IR_018769"
                           xlink:type="simple">
            <relationEntry localType="archival">Culture ; Radio-France (1939-1973)</relationEntry>
            <descriptiveNote>
               <p>Direction générale: arrêtés, décisions, notes de service (1939-1974)</p>
            </descriptiveNote>
         </resourceRelation>
         <resourceRelation xmlns:xlink="http://www.w3.org/1999/xlink"
                           resourceRelationType="creatorOf"
                           xlink:href="FRAN_IR_009953"
                           xlink:type="simple">
            <relationEntry localType="archival">Culture ; Radio-France (1945-2001)</relationEntry>
            <descriptiveNote>
               <p>Formation musicale de l'ORTF (1945-2001)</p>
            </descriptiveNote>
         </resourceRelation>
         <resourceRelation xmlns:xlink="http://www.w3.org/1999/xlink"
                           resourceRelationType="creatorOf"
                           xlink:href="FRAN_IR_008556"
                           xlink:type="simple">
            <relationEntry localType="archival">Culture ; Radio-France (1947-1986)</relationEntry>
            <descriptiveNote>
               <p>Fonds Jean Thévenot et "Chasseurs de sons" (1947-1986)</p>
            </descriptiveNote>
         </resourceRelation>
         <resourceRelation xmlns:xlink="http://www.w3.org/1999/xlink"
                           resourceRelationType="creatorOf"
                           xlink:href="FRAN_IR_015185"
                           xlink:type="simple">
            <relationEntry localType="archival">Culture ; Radio-France (1948-1993)</relationEntry>
            <descriptiveNote>
               <p>Grilles de programmes (1948-1993)</p>
            </descriptiveNote>
         </resourceRelation>
         <resourceRelation xmlns:xlink="http://www.w3.org/1999/xlink"
                           resourceRelationType="creatorOf"
                           xlink:href="FRAN_IR_023233"
                           xlink:type="simple">
            <relationEntry localType="archival">Culture ; Radio-France (1948-1995)</relationEntry>
            <descriptiveNote>
               <p>Fonds Georges Godebert (1948-1995)</p>
            </descriptiveNote>
         </resourceRelation>
         <resourceRelation xmlns:xlink="http://www.w3.org/1999/xlink"
                           resourceRelationType="creatorOf"
                           xlink:href="FRAN_IR_007594"
                           xlink:type="simple">
            <relationEntry localType="archival">Culture ; Radio-France (1949-1981)</relationEntry>
            <descriptiveNote>
               <p>Direction des affaires extérieures et de la coopération (1963-1981)</p>
            </descriptiveNote>
         </resourceRelation>
         <resourceRelation xmlns:xlink="http://www.w3.org/1999/xlink"
                           resourceRelationType="creatorOf"
                           xlink:href="FRAN_IR_022695"
                           xlink:type="simple">
            <relationEntry localType="archival">Culture ; Radio-France (1953-1982)</relationEntry>
            <descriptiveNote>
               <p>Fonds Jean Thévenot et "Chasseurs de sons": archives sonores (1953-1982)</p>
            </descriptiveNote>
         </resourceRelation>
         <resourceRelation xmlns:xlink="http://www.w3.org/1999/xlink"
                           resourceRelationType="creatorOf"
                           xlink:href="FRAN_IR_022117"
                           xlink:type="simple">
            <relationEntry localType="archival">Culture ; Radio-France (1963-1975)</relationEntry>
            <descriptiveNote>
               <p>Fonds Jacqueline Baudrier (1963-1975)</p>
            </descriptiveNote>
         </resourceRelation>
         <resourceRelation xmlns:xlink="http://www.w3.org/1999/xlink"
                           resourceRelationType="creatorOf"
                           xlink:href="FRAN_IR_007803"
                           xlink:type="simple">
            <relationEntry localType="archival">Culture ; Radio-France (1963-1980)</relationEntry>
            <descriptiveNote>
               <p>Fonds Jacqueline Baudrier (1963-1980)</p>
            </descriptiveNote>
         </resourceRelation>
         <resourceRelation xmlns:xlink="http://www.w3.org/1999/xlink"
                           resourceRelationType="creatorOf"
                           xlink:href="FRAN_IR_007889"
                           xlink:type="simple">
            <relationEntry localType="archival">Culture ; Radio-France (1963-1990)</relationEntry>
            <descriptiveNote>
               <p>Inter-Services (1963-1990)</p>
            </descriptiveNote>
         </resourceRelation>
         <resourceRelation xmlns:xlink="http://www.w3.org/1999/xlink"
                           resourceRelationType="creatorOf"
                           xlink:href="FRAN_IR_018768"
                           xlink:type="simple">
            <relationEntry localType="archival">Culture ; Radio-France (1966-1994)</relationEntry>
            <descriptiveNote>
               <p>Bureau d'étude du public (1966-1994)</p>
            </descriptiveNote>
         </resourceRelation>
         <resourceRelation xmlns:xlink="http://www.w3.org/1999/xlink"
                           resourceRelationType="creatorOf"
                           xlink:href="FRAN_IR_008160"
                           xlink:type="simple">
            <relationEntry localType="archival">Culture ; Radio-France (1968-1981)</relationEntry>
            <descriptiveNote>
               <p>Fonds Jacqueline Baudrier: archives sonores (1968-1981)</p>
            </descriptiveNote>
         </resourceRelation>
         <resourceRelation xmlns:xlink="http://www.w3.org/1999/xlink"
                           resourceRelationType="creatorOf"
                           xlink:href="FRAN_IR_015893"
                           xlink:type="simple">
            <relationEntry localType="archival">Culture ; Radio-France (1968-1997)</relationEntry>
            <descriptiveNote>
               <p>Fonds André Chanu (1968-1996)</p>
            </descriptiveNote>
         </resourceRelation>
         <resourceRelation xmlns:xlink="http://www.w3.org/1999/xlink"
                           resourceRelationType="creatorOf"
                           xlink:href="FRAN_IR_010381"
                           xlink:type="simple">
            <relationEntry localType="archival">Culture ; Radio-France (1969-1971)</relationEntry>
            <descriptiveNote>
               <p>Coopération radiophonique avec l'Afrique francophone: archives sonores (1969-1971)</p>
            </descriptiveNote>
         </resourceRelation>
         <resourceRelation xmlns:xlink="http://www.w3.org/1999/xlink"
                           resourceRelationType="creatorOf"
                           xlink:href="FRAN_IR_007888"
                           xlink:type="simple">
            <relationEntry localType="archival">Culture ; Radio-France (1970-1982)</relationEntry>
            <descriptiveNote>
               <p>Fonds François Billetdoux (1971-1982)</p>
            </descriptiveNote>
         </resourceRelation>
         <resourceRelation xmlns:xlink="http://www.w3.org/1999/xlink"
                           resourceRelationType="creatorOf"
                           xlink:href="FRAN_IR_023234"
                           xlink:type="simple">
            <relationEntry localType="archival">Culture ; Radio-France (1972-1992)</relationEntry>
            <descriptiveNote>
               <p>Bureau d'étude du public (1972-1992)</p>
            </descriptiveNote>
         </resourceRelation>
         <resourceRelation xmlns:xlink="http://www.w3.org/1999/xlink"
                           resourceRelationType="creatorOf"
                           xlink:href="FRAN_IR_008557"
                           xlink:type="simple">
            <relationEntry localType="archival">Culture ; Radio-France (1973-1973)</relationEntry>
            <descriptiveNote>
               <p>Fonds Jean Thévenot et "Chasseurs de sons": archives sonores (1948-1973)</p>
            </descriptiveNote>
         </resourceRelation>
         <resourceRelation xmlns:xlink="http://www.w3.org/1999/xlink"
                           resourceRelationType="creatorOf"
                           xlink:href="FRAN_IR_005904"
                           xlink:type="simple">
            <relationEntry localType="archival">Culture ; Radio-France (1975)</relationEntry>
            <descriptiveNote>
               <p>Dossiers de personnel (1930-1975)</p>
            </descriptiveNote>
         </resourceRelation>
         <resourceRelation xmlns:xlink="http://www.w3.org/1999/xlink"
                           resourceRelationType="creatorOf"
                           xlink:href="FRAN_IR_026531"
                           xlink:type="simple">
            <relationEntry localType="archival">Culture ; Radio-France (1948-1997)</relationEntry>
            <descriptiveNote>
               <p>Fonds documentaire provenant de RFOM, de la SORAFOM, de l'OCORA, de la DAEC (1948-1997)</p>
            </descriptiveNote>
         </resourceRelation>
         <resourceRelation xmlns:xlink="http://www.w3.org/1999/xlink"
                           resourceRelationType="creatorOf"
                           xlink:href="FRAN_IR_050536"
                           xlink:type="simple">
            <relationEntry localType="archival">Fonds de l'ORTF ; Direction de la radiodiffusion : archives de la sous-direction de l'information radiophonique (1949-1974)</relationEntry>
            <descriptiveNote>
               <p>Sous-direction de l'information radiophonique (1949-1974)</p>
            </descriptiveNote>
         </resourceRelation>
         <resourceRelation xmlns:xlink="http://www.w3.org/1999/xlink"
                           resourceRelationType="creatorOf"
                           xlink:href="FRAN_IR_053773"
                           xlink:type="simple">
            <relationEntry localType="archival">Fonds de l'ORTF. Direction de la radiodiffusion. Service de production des émissions artistiques parlées</relationEntry>
            <descriptiveNote>
               <p>Service de production des émissions artistiques parlées (1953-1969)</p>
            </descriptiveNote>
         </resourceRelation>
         <resourceRelation xmlns:xlink="http://www.w3.org/1999/xlink"
                           resourceRelationType="creatorOf"
                           xlink:href="FRAN_IR_013555"
                           xlink:type="simple">
            <relationEntry localType="archival">Information ; Office de radiodiffusion-télévision française (O.R.T.F.) (1968-1974)</relationEntry>
            <descriptiveNote>
               <p>Fonds photographique relatif aux événements de 1968</p>
            </descriptiveNote>
         </resourceRelation>
         <resourceRelation xmlns:xlink="http://www.w3.org/1999/xlink"
                           resourceRelationType="creatorOf"
                           xlink:href="FRAN_IR_054644"
                           xlink:type="simple">
            <relationEntry localType="archival">Informations, Informations Radio, Informations Presse puis Bulletin informations presse. Publication du service en charge des relations avec la presse de la RTF, de l'ORTF puis de Radio France 1950-1983</relationEntry>
         </resourceRelation>
         <resourceRelation xmlns:xlink="http://www.w3.org/1999/xlink"
                           resourceRelationType="creatorOf"
                           xlink:href="FRAN_IR_050053"
                           xlink:type="simple">
            <relationEntry localType="archival">ORTF - Direction de la télévision</relationEntry>
            <descriptiveNote>
               <p>Direction de la télévision (1954-1971)</p>
            </descriptiveNote>
         </resourceRelation>
         <resourceRelation xmlns:xlink="http://www.w3.org/1999/xlink"
                           resourceRelationType="creatorOf"
                           xlink:href="FRAN_IR_013032"
                           xlink:type="simple">
            <relationEntry localType="archival">Office de Radiodiffusion Télévision Française (ORTF) : entretiens de Marceau Long (1974-1980)</relationEntry>
            <descriptiveNote>
               <p>Fonds Marceau Long, président directeur général de l'ORTF: documents audiovisuels (1974-1980)</p>
            </descriptiveNote>
         </resourceRelation>
         <resourceRelation xmlns:xlink="http://www.w3.org/1999/xlink"
                           resourceRelationType="creatorOf"
                           xlink:href="FRAN_IR_022851"
                           xlink:type="simple">
            <relationEntry localType="archival">Office de radio et de télévision française (ORTF) (XXe siècle)</relationEntry>
            <descriptiveNote>
               <p>Appui rédactionnel pour les journés télévisés: archives photographiques</p>
            </descriptiveNote>
         </resourceRelation>
         <resourceRelation xmlns:xlink="http://www.w3.org/1999/xlink"
                           resourceRelationType="creatorOf"
                           xlink:href="FRAN_IR_051144"
                           xlink:type="simple">
            <relationEntry localType="archival">Office de radiodiffusion télévision française</relationEntry>
            <descriptiveNote>
               <p>ORTF (1948-1974)</p>
            </descriptiveNote>
         </resourceRelation>
         <resourceRelation xmlns:xlink="http://www.w3.org/1999/xlink"
                           resourceRelationType="creatorOf"
                           xlink:href="FRAN_IR_055668"
                           xlink:type="simple">
            <relationEntry localType="archival">Office de radiodiffusion-télévision française puis Radio France. Émissions scolaires et universitaires (1964-1981)</relationEntry>
         </resourceRelation>
         <resourceRelation xmlns:xlink="http://www.w3.org/1999/xlink"
                           resourceRelationType="creatorOf"
                           xlink:href="FRAN_IR_050604"
                           xlink:type="simple">
            <relationEntry localType="archival">Office de radiodiffusion-télévision française, Dossiers du service des emissions musicales (1965-1968)</relationEntry>
            <descriptiveNote>
               <p>Service des émissions musicales (1965-1968)</p>
            </descriptiveNote>
         </resourceRelation>
         <resourceRelation xmlns:xlink="http://www.w3.org/1999/xlink"
                           resourceRelationType="creatorOf"
                           xlink:href="FRAN_IR_008969"
                           xlink:type="simple">
            <relationEntry localType="archival">Premier ministre ; Office de radio et de télévision française (ORTF) (1953-1968)</relationEntry>
            <descriptiveNote>
               <p>Fonds Pierre Sabbagh (1953-1968)</p>
            </descriptiveNote>
         </resourceRelation>
         <resourceRelation xmlns:xlink="http://www.w3.org/1999/xlink"
                           resourceRelationType="creatorOf"
                           xlink:href="FRAN_IR_015145"
                           xlink:type="simple">
            <relationEntry localType="archival">Premier ministre ; Office de radio et de télévision française (ORTF) ; Service des études d'opinion (1952-1974)</relationEntry>
            <descriptiveNote>
               <p>Service des études d'opinion (1952-1974)</p>
            </descriptiveNote>
         </resourceRelation>
         <resourceRelation xmlns:xlink="http://www.w3.org/1999/xlink"
                           resourceRelationType="creatorOf"
                           xlink:href="FRAN_IR_014854"
                           xlink:type="simple">
            <relationEntry localType="archival">Premier ministre ; Office de radio et de télévision française (ORTF) ; Service des études d'opinion (1962-1972)</relationEntry>
            <descriptiveNote>
               <p>Service des études d'opinion (1962-1972)</p>
            </descriptiveNote>
         </resourceRelation>
         <resourceRelation xmlns:xlink="http://www.w3.org/1999/xlink"
                           resourceRelationType="creatorOf"
                           xlink:href="FRAN_IR_021298"
                           xlink:type="simple">
            <relationEntry localType="archival">Premier ministre ; Secrétariat général du gouvernement (1973-1975)</relationEntry>
            <descriptiveNote>
               <p>Fonds Marceau Long, président directeur général de l'ORTF (1973-1975)</p>
            </descriptiveNote>
         </resourceRelation>
         <resourceRelation xmlns:xlink="http://www.w3.org/1999/xlink"
                           resourceRelationType="creatorOf"
                           xlink:href="FRAN_IR_006159"
                           xlink:type="simple">
            <relationEntry localType="archival">Premier ministre ; Secrétariat général du gouvernement ; Fonds Marceau Long (1970-1974)</relationEntry>
            <descriptiveNote>
               <p>Fonds Marceau Long, président directeur général de l'ORTF (1970-1974)</p>
            </descriptiveNote>
         </resourceRelation>
         <resourceRelation xmlns:xlink="http://www.w3.org/1999/xlink"
                           resourceRelationType="creatorOf"
                           xlink:href="FRAN_IR_022048"
                           xlink:type="simple">
            <relationEntry localType="archival">Premier ministre ; Service juridique et technique de l'information ; Centre d'études d'opinion (1949-1966)</relationEntry>
            <descriptiveNote>
               <p>Service des études d'opinion (1949-1966)</p>
            </descriptiveNote>
         </resourceRelation>
         <resourceRelation xmlns:xlink="http://www.w3.org/1999/xlink"
                           resourceRelationType="creatorOf"
                           xlink:href="FRAN_IR_008361"
                           xlink:type="simple">
            <relationEntry localType="archival">Premier ministre ; Service juridique et technique de l'information ; Centre d'études d'opinion (1949-1989)</relationEntry>
            <descriptiveNote>
               <p>Généralités sur l'organisation de l'ORTF (1964-1989)</p>
            </descriptiveNote>
         </resourceRelation>
         <resourceRelation xmlns:xlink="http://www.w3.org/1999/xlink"
                           resourceRelationType="creatorOf"
                           xlink:href="FRAN_IR_022047"
                           xlink:type="simple">
            <relationEntry localType="archival">Premier ministre ; Service juridique et technique de l'information ; Centre d'études d'opinion (1950-1976)</relationEntry>
            <descriptiveNote>
               <p>Service des études d'opinion (1950-1976))</p>
            </descriptiveNote>
         </resourceRelation>
         <resourceRelation xmlns:xlink="http://www.w3.org/1999/xlink"
                           resourceRelationType="creatorOf"
                           xlink:href="FRAN_IR_014468"
                           xlink:type="simple">
            <relationEntry localType="archival">Premier ministre ; Service juridique et technique de l'information ; Centre d'études d'opinion (1962-1978)</relationEntry>
            <descriptiveNote>
               <p>Service des études d'opinion: enregistrements sonores (1962-1978)</p>
            </descriptiveNote>
         </resourceRelation>
         <resourceRelation xmlns:xlink="http://www.w3.org/1999/xlink"
                           resourceRelationType="creatorOf"
                           xlink:href="FRAN_IR_014467"
                           xlink:type="simple">
            <relationEntry localType="archival">Premier ministre ; Service juridique et technique de l'information ; Centre d'études d'opinion (1964-1976)</relationEntry>
            <descriptiveNote>
               <p>Service des études d'opinion (1964-1976)</p>
            </descriptiveNote>
         </resourceRelation>
         <resourceRelation xmlns:xlink="http://www.w3.org/1999/xlink"
                           resourceRelationType="creatorOf"
                           xlink:href="FRAN_IR_017990"
                           xlink:type="simple">
            <relationEntry localType="archival">Premier ministre ; Service juridique et technique de l'information ; Centre d'études d'opinion (1966-1986)</relationEntry>
            <descriptiveNote>
               <p>Service des études d'opinion (1966-1986)</p>
            </descriptiveNote>
         </resourceRelation>
         <resourceRelation xmlns:xlink="http://www.w3.org/1999/xlink"
                           resourceRelationType="creatorOf"
                           xlink:href="FRAN_IR_006887"
                           xlink:type="simple">
            <relationEntry localType="archival">Premier ministre ; Service juridique et technique de l'information ; Service contrôle des programmes (1975) - Service observation des programmes (1976-) (1972-1982)</relationEntry>
            <descriptiveNote>
               <p>Service de contrôle des programmes (1972-1982)</p>
            </descriptiveNote>
         </resourceRelation>
         <resourceRelation xmlns:xlink="http://www.w3.org/1999/xlink"
                           resourceRelationType="creatorOf"
                           xlink:href="FRAN_IR_026540"
                           xlink:type="simple">
            <relationEntry localType="archival">Premier ministre ; Office de radio et de télévision française (ORTF) (1960-1974)</relationEntry>
            <descriptiveNote>
               <p>Fonds photographique d'actualités (1960-1974)</p>
            </descriptiveNote>
         </resourceRelation>
         <resourceRelation xmlns:xlink="http://www.w3.org/1999/xlink"
                           resourceRelationType="creatorOf"
                           xlink:href="FRAN_IR_014282"
                           xlink:type="simple">
            <relationEntry localType="archival">Premier ministre ; Office de radio et de télévision française (ORTF) (1964-1973)</relationEntry>
            <descriptiveNote>
               <p>Fonds André Chamson, membre du conseil d'administration de l'ORTF (1964-1973)</p>
            </descriptiveNote>
         </resourceRelation>
         <resourceRelation xmlns:xlink="http://www.w3.org/1999/xlink"
                           resourceRelationType="creatorOf"
                           xlink:href="FRAN_IR_026527"
                           xlink:type="simple">
            <relationEntry localType="archival">Premier ministre ; Office de radio et de télévision française (ORTF) (1969-1969)</relationEntry>
            <descriptiveNote>
               <p>Affiche "En direct d'Apollon XI" (1969)</p>
            </descriptiveNote>
         </resourceRelation>
         <resourceRelation xmlns:xlink="http://www.w3.org/1999/xlink"
                           resourceRelationType="creatorOf"
                           xlink:href="FRAN_IR_050546"
                           xlink:type="simple">
            <relationEntry localType="archival">Radio France Archives de Clara Candiani (1925-2013)</relationEntry>
            <descriptiveNote>
               <p>Fonds Clara Candiani (1925-2013)</p>
            </descriptiveNote>
         </resourceRelation>
         <resourceRelation xmlns:xlink="http://www.w3.org/1999/xlink"
                           resourceRelationType="creatorOf"
                           xlink:href="FRAN_IR_050545"
                           xlink:type="simple">
            <relationEntry localType="archival">Radio France Archives de l'émission radiophonique "Les Français donnent aux Français" produite et animée par Clara Candiani (1964-1982)</relationEntry>
            <descriptiveNote>
               <p>Fonds Clara Candiani: archives sonores (1950-1982)</p>
            </descriptiveNote>
         </resourceRelation>
         <resourceRelation xmlns:xlink="http://www.w3.org/1999/xlink"
                           resourceRelationType="creatorOf"
                           xlink:href="FRAN_IR_054647"
                           xlink:type="simple">
            <relationEntry localType="archival">Radio France, France Inter. Archives papier des émissions de Jacques chancel « Radioscopie », «Parenthèse », « Quotidien pluriel » 1971-1990</relationEntry>
            <descriptiveNote>
               <p>Fonds Jacques Chancel (1971-1990)</p>
            </descriptiveNote>
         </resourceRelation>
         <resourceRelation xmlns:xlink="http://www.w3.org/1999/xlink"
                           resourceRelationType="creatorOf"
                           xlink:href="FRAN_IR_055732"
                           xlink:type="simple">
            <relationEntry localType="archival">Fonds de l'ORTF. Archives du Service de la Recherche (1949-1973)</relationEntry>
         </resourceRelation>
      </relations>
   </cpfDescription>
</eac-cpf>
