<eac-cpf xmlns="urn:isbn:1-931666-33-4"
         xmlns:xsi="http://www.w3.org/2001/XMLSchema-instance"
         xsi:schemaLocation="urn:isbn:1-931666-33-4 cpf.xsd">
   <control>
      <recordId>FRAN_NP_000472</recordId>
      <otherRecordId localType="Ancien_identifiant">2104/E4</otherRecordId>
      <maintenanceStatus>derived</maintenanceStatus>
      <maintenanceAgency>
         <agencyName>Archives nationales de France</agencyName>
      </maintenanceAgency>
      <languageDeclaration>
         <language languageCode="fre">Français</language>
         <script scriptCode="Latn"/>
      </languageDeclaration>
      <conventionDeclaration>
         <citation>Notice établie conformément à la norme ICA-ISAAR (CPF) 2004, aux normes ISO 8601 pour le système de normalisation des dates utilisé, ainsi que AFNOR NF Z 44-061, juin 1986. Catalogage : forme et structure des vedettes noms de personne, des vedettes titres, des rubriques de classement et des titres forgés.</citation>
      </conventionDeclaration>
      <localControl localType="niveau_de_detail">
         <term>Moyenne</term>
      </localControl>
      <maintenanceHistory>
         <maintenanceEvent>
            <eventType>derived</eventType>
            <eventDateTime>2013-04-23</eventDateTime>
            <agentType>machine</agentType>
            <agent>Import_SIA</agent>
         </maintenanceEvent>
      </maintenanceHistory>
   </control>
   <cpfDescription>
      <identity>
         <entityType>corporateBody</entityType>
         <nameEntry scriptCode="Latn" localType="autorisée" xml:lang="fre">
            <part>Bureau de l'entraide répressive internationale, de l'extradition et des frais de justice en matière pénale (direction des affaires criminelles et des grâces)</part>
         </nameEntry>
      </identity>
      <description>
         <existDates>
            <dateRange>
               <fromDate standardDate="1977-01-01">1977</fromDate>
               <toDate standardDate="1994-12-31">1994</toDate>
            </dateRange>
         </existDates>
         <legalStatuses>
            <legalStatus>
               <term vocabularySource="d5blonaxbw--1mt8t42bokzts">service d'administration centrale</term>
            </legalStatus>
         </legalStatuses>
      </description>
      <relations>
         <cpfRelation xmlns:xlink="http://www.w3.org/1999/xlink"
                      cpfRelationType="hierarchical-parent"
                      xlink:href="FRAN_NP_000473"
                      xlink:type="simple">
            <relationEntry>Sous-direction de la justice criminelle (direction des affaires criminelles et des grâces)</relationEntry>
            <dateRange>
               <fromDate standardDate="1977-01-01">1977</fromDate>
               <toDate standardDate="1994-12-31">1994</toDate>
            </dateRange>
         </cpfRelation>
         <resourceRelation xmlns:xlink="http://www.w3.org/1999/xlink"
                           resourceRelationType="subjectOf"
                           xlink:href="FRAN_IR_007578"
                           xlink:type="simple">
            <relationEntry localType="archival">Justice ; Direction des affaires criminelles et des grâces ; Sous-direction de la justice criminelle ; Bureau de l'entraide répressive internationale, de l'extradition et des frais de justice en matière pénale (1975-1986)</relationEntry>
         </resourceRelation>
         <resourceRelation xmlns:xlink="http://www.w3.org/1999/xlink"
                           resourceRelationType="subjectOf"
                           xlink:href="FRAN_IR_007868"
                           xlink:type="simple">
            <relationEntry localType="archival">Justice ; Direction des affaires criminelles et des grâces ; Sous-direction de la justice criminelle ; Bureau de l'entraide répressive internationale, de l'extradition et des frais de justice en matière pénale (1980-1985)</relationEntry>
         </resourceRelation>
         <resourceRelation xmlns:xlink="http://www.w3.org/1999/xlink"
                           resourceRelationType="subjectOf"
                           xlink:href="FRAN_IR_008476"
                           xlink:type="simple">
            <relationEntry localType="archival">Justice ; Direction des affaires criminelles et des grâces ; Sous-direction de la justice criminelle ; Bureau de l'entraide répressive internationale, de l'extradition et des frais de justice en matière pénale (1922-1975)</relationEntry>
         </resourceRelation>
         <resourceRelation xmlns:xlink="http://www.w3.org/1999/xlink"
                           resourceRelationType="subjectOf"
                           xlink:href="FRAN_IR_018671"
                           xlink:type="simple">
            <relationEntry localType="archival">Justice ; Direction des affaires criminelles et des grâces ; Sous-direction de la justice criminelle ; Bureau de l'entraide répressive internationale, de l'extradition et des frais de justice en matière pénale (1806-1987)</relationEntry>
         </resourceRelation>
         <resourceRelation xmlns:xlink="http://www.w3.org/1999/xlink"
                           resourceRelationType="subjectOf"
                           xlink:href="FRAN_IR_021746"
                           xlink:type="simple">
            <relationEntry localType="archival">Justice ; Direction des affaires criminelles et des grâces ; Sous-direction de la justice criminelle ; Bureau de l'entraide répressive internationale, de l'extradition et des frais de justice en matière pénale (1899-1982)</relationEntry>
         </resourceRelation>
         <resourceRelation xmlns:xlink="http://www.w3.org/1999/xlink"
                           resourceRelationType="subjectOf"
                           xlink:href="FRAN_IR_009977"
                           xlink:type="simple">
            <relationEntry localType="archival">Justice ; Direction des affaires criminelles et des grâces ; Sous-direction de la justice criminelle ; Bureau de l'entraide répressive internationale, de l'extradition et des frais de justice en matière pénale (1881-1992)</relationEntry>
         </resourceRelation>
         <resourceRelation xmlns:xlink="http://www.w3.org/1999/xlink"
                           resourceRelationType="subjectOf"
                           xlink:href="FRAN_IR_010138"
                           xlink:type="simple">
            <relationEntry localType="archival">Justice ; Direction des affaires criminelles et des grâces ; Sous-direction de la justice criminelle ; Bureau de l'entraide répressive internationale, de l'extradition et des frais de justice en matière pénale (1992-1994)</relationEntry>
         </resourceRelation>
         <resourceRelation xmlns:xlink="http://www.w3.org/1999/xlink"
                           resourceRelationType="subjectOf"
                           xlink:href="FRAN_IR_010153"
                           xlink:type="simple">
            <relationEntry localType="archival">Justice ; Direction des affaires criminelles et des grâces ; Sous-direction de la justice criminelle ; Bureau de l'entraide répressive internationale, de l'extradition et des frais de justice en matière pénale (1930-1950)</relationEntry>
         </resourceRelation>
         <resourceRelation xmlns:xlink="http://www.w3.org/1999/xlink"
                           resourceRelationType="subjectOf"
                           xlink:href="FRAN_IR_010154"
                           xlink:type="simple">
            <relationEntry localType="archival">Justice ; Direction des affaires criminelles et des grâces ; Sous-direction de la justice criminelle ; Bureau de l'entraide répressive internationale, de l'extradition et des frais de justice en matière pénale (1950-1975)</relationEntry>
         </resourceRelation>
         <resourceRelation xmlns:xlink="http://www.w3.org/1999/xlink"
                           resourceRelationType="subjectOf"
                           xlink:href="FRAN_IR_010164"
                           xlink:type="simple">
            <relationEntry localType="archival">Justice ; Direction des affaires criminelles et des grâces ; Sous-direction de la justice criminelle ; Bureau de l'entraide répressive internationale, de l'extradition et des frais de justice en matière pénale (1935-1987)</relationEntry>
         </resourceRelation>
         <resourceRelation xmlns:xlink="http://www.w3.org/1999/xlink"
                           resourceRelationType="subjectOf"
                           xlink:href="FRAN_IR_010713"
                           xlink:type="simple">
            <relationEntry localType="archival">Justice ; Affaires criminelles et grâces (1987-1991)</relationEntry>
         </resourceRelation>
         <resourceRelation xmlns:xlink="http://www.w3.org/1999/xlink"
                           resourceRelationType="subjectOf"
                           xlink:href="FRAN_IR_013431"
                           xlink:type="simple">
            <relationEntry localType="archival">Justice ; Direction des affaires criminelles et des grâces ; Sous-direction de la justice criminelle ; Bureau de l'entraide répressive internationale, de l'extradition et des frais de justice en matière pénale (1975-1986)</relationEntry>
         </resourceRelation>
         <resourceRelation xmlns:xlink="http://www.w3.org/1999/xlink"
                           resourceRelationType="subjectOf"
                           xlink:href="FRAN_IR_013432"
                           xlink:type="simple">
            <relationEntry localType="archival">Justice ; Direction des affaires criminelles et des grâces ; Sous-direction de la justice criminelle ; Bureau de l'entraide répressive internationale, de l'extradition et des frais de justice en matière pénale (1972-1998)</relationEntry>
         </resourceRelation>
         <resourceRelation xmlns:xlink="http://www.w3.org/1999/xlink"
                           resourceRelationType="subjectOf"
                           xlink:href="FRAN_IR_013433"
                           xlink:type="simple">
            <relationEntry localType="archival">Justice ; Direction des affaires criminelles et des grâces ; Sous-direction de la justice criminelle ; Bureau de l'entraide répressive internationale, de l'extradition et des frais de justice en matière pénale (1987-1996)</relationEntry>
         </resourceRelation>
      </relations>
   </cpfDescription>
</eac-cpf>
