<eac-cpf xmlns="urn:isbn:1-931666-33-4"
         xmlns:xsi="http://www.w3.org/2001/XMLSchema-instance"
         xsi:schemaLocation="urn:isbn:1-931666-33-4 cpf.xsd">
   <control>
      <recordId>FRAN_NP_000059</recordId>
      <otherRecordId localType="Ancien_identifiant">1101</otherRecordId>
      <maintenanceStatus>revised</maintenanceStatus>
      <maintenanceAgency>
         <agencyName>Archives nationales de France</agencyName>
      </maintenanceAgency>
      <languageDeclaration>
         <language languageCode="fre">Français</language>
         <script scriptCode="Latn"/>
      </languageDeclaration>
      <conventionDeclaration>
         <citation>Notice établie conformément à la norme ICA-ISAAR (CPF) 2004, aux normes ISO 8601 pour le système de normalisation des dates utilisé, ainsi que AFNOR NF Z 44-061, juin 1986. Catalogage : forme et structure des vedettes noms de personne, des vedettes titres, des rubriques de classement et des titres forgés.</citation>
      </conventionDeclaration>
      <localControl localType="niveau_de_detail">
         <term>Moyenne</term>
      </localControl>
      <maintenanceHistory>
         <maintenanceEvent>
            <eventType>derived</eventType>
            <eventDateTime>2015-12-04</eventDateTime>
            <agentType>machine</agentType>
            <agent>Import_SIA</agent>
         </maintenanceEvent>
         <maintenanceEvent>
            <eventType>revised</eventType>
            <eventDateTime>2018-04-25</eventDateTime>
            <agentType>human</agentType>
            <agent>Samuel GIBIAT</agent>
         </maintenanceEvent>
         <maintenanceEvent>
            <eventType>updated</eventType>
            <eventDateTime>2018-04-30</eventDateTime>
            <agentType>human</agentType>
            <agent>Mission.referentiels MISSION.REFERENTIELS</agent>
         </maintenanceEvent>
      </maintenanceHistory>
   </control>
   <cpfDescription>
      <identity>
         <entityType>corporateBody</entityType>
         <nameEntry localType="autorisée" scriptCode="Latn" xml:lang="fre">
            <part>Cabinet du président de la République</part>
         </nameEntry>
      </identity>
      <description>
         <existDates>
            <dateRange>
               <fromDate standardDate="1871-01-01">1871</fromDate>
            </dateRange>
         </existDates>
         <legalStatuses>
            <legalStatus>
               <term vocabularySource="d5blolsbn6--1v8dkhwwncgqp">présidence de la république</term>
            </legalStatus>
         </legalStatuses>
      </description>
      <relations>
         <cpfRelation xmlns:xlink="http://www.w3.org/1999/xlink"
                      cpfRelationType="hierarchical-child"
                      xlink:href="FRAN_NP_000056"
                      xlink:type="simple">
            <relationEntry>Directeur du cabinet (présidence de la République)</relationEntry>
            <dateRange>
               <fromDate standardDate="1959-01-01">1959</fromDate>
               <toDate standardDate="2007-05-16">16 mai 2007</toDate>
            </dateRange>
         </cpfRelation>
         <cpfRelation xmlns:xlink="http://www.w3.org/1999/xlink"
                      cpfRelationType="hierarchical-child"
                      xlink:href="FRAN_NP_000057"
                      xlink:type="simple">
            <relationEntry>Service des élus et associations (présidence de la République)</relationEntry>
            <dateRange>
               <fromDate standardDate="1959-01-01">1959</fromDate>
               <toDate standardDate="1991-12-31">1991</toDate>
            </dateRange>
         </cpfRelation>
         <cpfRelation xmlns:xlink="http://www.w3.org/1999/xlink"
                      cpfRelationType="hierarchical-child"
                      xlink:href="FRAN_NP_000104"
                      xlink:type="simple">
            <relationEntry>Service de la correspondance présidentielle (présidence de la République)</relationEntry>
            <dateRange>
               <fromDate standardDate="1991-01-01">1991</fromDate>
            </dateRange>
         </cpfRelation>
         <cpfRelation xmlns:xlink="http://www.w3.org/1999/xlink"
                      cpfRelationType="hierarchical-child"
                      xlink:href="FRAN_NP_000055"
                      xlink:type="simple">
            <relationEntry>Service des décorations (présidence de la République)</relationEntry>
            <dateRange>
               <fromDate standardDate="1959-01-01">1959</fromDate>
            </dateRange>
         </cpfRelation>
         <cpfRelation xmlns:xlink="http://www.w3.org/1999/xlink"
                      cpfRelationType="hierarchical-child"
                      xlink:href="FRAN_NP_010030"
                      xlink:type="simple">
            <relationEntry>Service de l'intendance (présidence de la République)</relationEntry>
            <dateRange>
               <fromDate standardDate="1990-01-01">1990</fromDate>
            </dateRange>
         </cpfRelation>
         <cpfRelation xmlns:xlink="http://www.w3.org/1999/xlink"
                      cpfRelationType="associative"
                      xlink:href="FRAN_NP_051264"
                      xlink:type="simple">
            <relationEntry>Revel, Nicolas (1966-....)</relationEntry>
            <dateRange>
               <fromDate standardDate="2012-01-01">2012</fromDate>
               <toDate standardDate="2014-12-31">2014</toDate>
            </dateRange>
            <descriptiveNote>
               <p> N. Revel, secrétaire général adjoint au cabinet de F. Hollande </p>
            </descriptiveNote>
         </cpfRelation>
         <cpfRelation xmlns:xlink="http://www.w3.org/1999/xlink"
                      cpfRelationType="associative"
                      xlink:href="FRAN_NP_051263"
                      xlink:type="simple">
            <relationEntry>Hubac, Sylvie (1956-....)</relationEntry>
            <dateRange>
               <fromDate standardDate="2012-01-01">2012</fromDate>
               <toDate standardDate="2014-12-31">2014</toDate>
            </dateRange>
            <descriptiveNote>
               <p> S. Hubac, directrice de cabinet de F. Hollande </p>
            </descriptiveNote>
         </cpfRelation>
         <cpfRelation xmlns:xlink="http://www.w3.org/1999/xlink"
                      cpfRelationType="associative"
                      xlink:href="FRAN_NP_051272"
                      xlink:type="simple">
            <relationEntry>Morelle, Aquilino (1962-....)</relationEntry>
            <dateRange>
               <fromDate standardDate="2012-05-01">mai 2012</fromDate>
               <toDate standardDate="2014-04-30">avril 2014</toDate>
            </dateRange>
            <descriptiveNote>
               <p> A. Morelle, conseiller politique au cabinet de F. Hollande, président de la République </p>
            </descriptiveNote>
         </cpfRelation>
         <cpfRelation xmlns:xlink="http://www.w3.org/1999/xlink"
                      cpfRelationType="associative"
                      xlink:href="FRAN_NP_051424"
                      xlink:type="simple">
            <relationEntry>Brocas, Sophie (1961-....)</relationEntry>
            <dateRange>
               <fromDate standardDate="2012-05-01">mai 2012</fromDate>
               <toDate standardDate="2014-08-31">août 2014</toDate>
            </dateRange>
            <descriptiveNote>
               <p> S. Brocas, conseillère administration et service public à la Présidence de la République </p>
            </descriptiveNote>
         </cpfRelation>
         <cpfRelation xmlns:xlink="http://www.w3.org/1999/xlink"
                      cpfRelationType="associative"
                      xlink:href="FRAN_NP_051426"
                      xlink:type="simple">
            <relationEntry>Vieu, Patrick (1964-....)</relationEntry>
            <dateRange>
               <fromDate standardDate="2012-05-01">mai 2012</fromDate>
               <toDate standardDate="2014-05-31">mai 2014</toDate>
            </dateRange>
            <descriptiveNote>
               <p> P. Vieu, conseiller environnement et territoires à la Présidence de la République </p>
            </descriptiveNote>
         </cpfRelation>
         <cpfRelation xmlns:xlink="http://www.w3.org/1999/xlink"
                      cpfRelationType="associative"
                      xlink:href="FRAN_NP_051425"
                      xlink:type="simple">
            <relationEntry>Piechaczyk, Xavier (1969-....)</relationEntry>
            <dateRange>
               <fromDate standardDate="2014-05-01">mai 2014</fromDate>
               <toDate standardDate="2015-10-31">octobre 2015</toDate>
            </dateRange>
            <descriptiveNote>
               <p> X. Piechaczyk, conseiller énergie, environnement, transports et logement à la Présidence de la République </p>
            </descriptiveNote>
         </cpfRelation>
         <cpfRelation xmlns:xlink="http://www.w3.org/1999/xlink"
                      cpfRelationType="associative"
                      xlink:href="FRAN_NP_051427"
                      xlink:type="simple">
            <relationEntry>Zeggar, Hayet (1973-....)</relationEntry>
            <dateRange>
               <fromDate standardDate="2012-05-01">mai 2012</fromDate>
               <toDate standardDate="2013-05-31">mai 2013</toDate>
            </dateRange>
            <descriptiveNote>
               <p> H. Zeggar, conseillère politique de solidarité et du logement à la Présidence de la République </p>
            </descriptiveNote>
         </cpfRelation>
         <cpfRelation xmlns:xlink="http://www.w3.org/1999/xlink"
                      cpfRelationType="associative"
                      xlink:href="FRAN_NP_051465"
                      xlink:type="simple">
            <relationEntry>Besnard, Pierre (1966-....)</relationEntry>
            <dateRange>
               <fromDate standardDate="2012-05-01">mai 2012</fromDate>
               <toDate standardDate="2013-07-31">juillet 2013</toDate>
            </dateRange>
            <descriptiveNote>
               <p> P. Besnard, chef de cabinet de F. Hollande, président de la République @isDirectorOf@ </p>
            </descriptiveNote>
         </cpfRelation>
         <cpfRelation xmlns:xlink="http://www.w3.org/1999/xlink"
                      cpfRelationType="associative"
                      xlink:href="FRAN_NP_051464"
                      xlink:type="simple">
            <relationEntry>Lamdaoui, Faouzi (1962-....)</relationEntry>
            <dateRange>
               <fromDate standardDate="2012-05-17">17 mai 2012</fromDate>
               <toDate standardDate="2014-12-03">3 décembre 2014</toDate>
            </dateRange>
            <descriptiveNote>
               <p> F. Lamdaoui, conseiller à l'égalité et à la diversité à la présidence de la République </p>
            </descriptiveNote>
         </cpfRelation>
         <cpfRelation xmlns:xlink="http://www.w3.org/1999/xlink"
                      cpfRelationType="associative"
                      xlink:href="FRAN_NP_051462"
                      xlink:type="simple">
            <relationEntry>Jacquin, Renaud (1985-....)</relationEntry>
            <dateRange>
               <fromDate standardDate="2011-02-01">février 2011</fromDate>
               <toDate standardDate="2013-12-31">décembre 2013</toDate>
            </dateRange>
            <descriptiveNote>
               <p> R. Jacquin, chargé de mission auprès de la direction de cabinet du président de la République (Nicolas Sarkozy, de février 2011 à mai 2012 ; François Hollande, de mai 2012 à décembre 2013) </p>
            </descriptiveNote>
         </cpfRelation>
         <cpfRelation xmlns:xlink="http://www.w3.org/1999/xlink"
                      cpfRelationType="associative"
                      xlink:href="FRAN_NP_051499"
                      xlink:type="simple">
            <relationEntry>Vandendriessche, Annabelle (1985-....)</relationEntry>
            <dateRange>
               <fromDate standardDate="2015-01-01">2015</fromDate>
               <toDate standardDate="2016-07-01">1er juillet 2016</toDate>
            </dateRange>
            <descriptiveNote>
               <p> A. Vandendriessche, chargée de mission auprès du directeur de cabinet du président, puis conseillère adjointe aux affaires intérieures et aux collectivités territoriales dans le même cabinet </p>
            </descriptiveNote>
         </cpfRelation>
         <cpfRelation xmlns:xlink="http://www.w3.org/1999/xlink"
                      cpfRelationType="associative"
                      xlink:href="FRAN_NP_051498"
                      xlink:type="simple">
            <relationEntry>Bouaziz, Julie (1986-....)</relationEntry>
            <dateRange>
               <fromDate standardDate="2016-07-01">1er juillet 2016</fromDate>
               <toDate standardDate="2017-03-20">20 mars 2017</toDate>
            </dateRange>
            <descriptiveNote>
               <p> J. Bouaziz, conseillère adjointe aux affaires intérieures et aux collectivités territoriales au cabinet du président de la République </p>
            </descriptiveNote>
         </cpfRelation>
         <cpfRelation xmlns:xlink="http://www.w3.org/1999/xlink"
                      cpfRelationType="associative"
                      xlink:href="FRAN_NP_052035"
                      xlink:type="simple">
            <relationEntry>Brotons, Adrienne (1986-....)</relationEntry>
            <dateRange>
               <fromDate standardDate="2016-03-01">1er mars 2016</fromDate>
               <toDate standardDate="2017-05-10">10 mai 2017</toDate>
            </dateRange>
            <descriptiveNote>
               <p>
     Conseillère adjointe Economie et numérique (1er mars-31 mai 2016) puis Economie, finances et numérique (1er juin-18 septembre 2016), conseillère Economie, numérique et commerce extérieur (19 septembre 2016-10 mai 2017) au cabinet de François Hollande, président de la République
    </p>
            </descriptiveNote>
         </cpfRelation>
         <cpfRelation xmlns:xlink="http://www.w3.org/1999/xlink"
                      cpfRelationType="associative"
                      xlink:href="FRAN_NP_052034"
                      xlink:type="simple">
            <relationEntry>Gintz, Rodolphe (1977-....)</relationEntry>
            <dateRange>
               <fromDate standardDate="2015-04-13">13 avril 2015</fromDate>
               <toDate standardDate="2016-06-12">12 juin 2016</toDate>
            </dateRange>
            <descriptiveNote>
               <p>
     Conseiller chargé des finances publiques
    </p>
            </descriptiveNote>
         </cpfRelation>
         <cpfRelation xmlns:xlink="http://www.w3.org/1999/xlink"
                      cpfRelationType="associative"
                      xlink:href="FRAN_NP_052034"
                      xlink:type="simple">
            <relationEntry>Gintz, Rodolphe (1977-....)</relationEntry>
            <dateRange>
               <fromDate standardDate="2016-06-13">13 juin 2016</fromDate>
               <toDate standardDate="2017-02-02">2 février 2017</toDate>
            </dateRange>
            <descriptiveNote>
               <p>
     Conseiller chargé des finances et comptes publics
    </p>
            </descriptiveNote>
         </cpfRelation>
         <cpfRelation xmlns:xlink="http://www.w3.org/1999/xlink"
                      cpfRelationType="associative"
                      xlink:href="FRAN_NP_051497"
                      xlink:type="simple">
            <relationEntry>Poignant, Bernard (1945-....)</relationEntry>
            <dateRange>
               <fromDate standardDate="2012-01-01">2012</fromDate>
               <toDate standardDate="2017-12-31">2017</toDate>
            </dateRange>
            <descriptiveNote>
               <p> B. Poignant, chargé de mission puis conseiller personnel du président de la République F. Hollande </p>
            </descriptiveNote>
         </cpfRelation>
         <cpfRelation xmlns:xlink="http://www.w3.org/1999/xlink"
                      cpfRelationType="associative"
                      xlink:href="FRAN_NP_051496"
                      xlink:type="simple">
            <relationEntry>Feltesse, Vincent (1967-....)</relationEntry>
            <dateRange>
               <fromDate standardDate="2014-05-09">9 mai 2014</fromDate>
               <toDate standardDate="2017-01-16">16 janvier 2017</toDate>
            </dateRange>
            <descriptiveNote>
               <p> V. Feltesse, conseiller au cabinet du président de la République </p>
            </descriptiveNote>
         </cpfRelation>
         <cpfRelation xmlns:xlink="http://www.w3.org/1999/xlink"
                      cpfRelationType="associative"
                      xlink:href="FRAN_NP_051529"
                      xlink:type="simple">
            <relationEntry>Ripert-Landler, Claudine (1952-....)</relationEntry>
            <dateRange>
               <fromDate standardDate="2012-05-17">17 mai 2012</fromDate>
               <toDate standardDate="2017-05-31">mai 2017</toDate>
            </dateRange>
            <descriptiveNote>
               <p> conseiller communication, stratégie et international au cabinet de F. Hollande, président de la République </p>
            </descriptiveNote>
         </cpfRelation>
         <cpfRelation xmlns:xlink="http://www.w3.org/1999/xlink"
                      cpfRelationType="associative"
                      xlink:href="FRAN_NP_051533"
                      xlink:type="simple">
            <relationEntry>Jouyet, Jean-Pierre (1954-....)</relationEntry>
            <dateRange>
               <fromDate standardDate="2014-04-16">16 avril 2014</fromDate>
               <toDate standardDate="2017-05-14">14 mai 2017</toDate>
            </dateRange>
            <descriptiveNote>
               <p> secrétaire général de la Présidence de la République </p>
            </descriptiveNote>
         </cpfRelation>
         <cpfRelation xmlns:xlink="http://www.w3.org/1999/xlink"
                      cpfRelationType="associative"
                      xlink:href="FRAN_NP_051532"
                      xlink:type="simple">
            <relationEntry>Hugues, Jean-Pierre (1951-....)</relationEntry>
            <dateRange>
               <fromDate standardDate="2016-06-15">15 juin 2016</fromDate>
               <toDate standardDate="2017-05-14">14 mai 2017</toDate>
            </dateRange>
            <descriptiveNote>
               <p> @isHeadOf@ </p>
            </descriptiveNote>
         </cpfRelation>
         <cpfRelation xmlns:xlink="http://www.w3.org/1999/xlink"
                      cpfRelationType="associative"
                      xlink:href="FRAN_NP_051191"
                      xlink:type="simple">
            <relationEntry>Sauzay, Philippe (1936-....)</relationEntry>
            <dateRange>
               <fromDate standardDate="1974-01-01">1974</fromDate>
               <toDate standardDate="1978-12-31">1978</toDate>
            </dateRange>
            <descriptiveNote>
               <p> chef de cabinet au secrétariat général de la Présidence de la République @isHeadOf@ </p>
            </descriptiveNote>
         </cpfRelation>
         <cpfRelation xmlns:xlink="http://www.w3.org/1999/xlink"
                      cpfRelationType="associative"
                      xlink:href="FRAN_NP_051360"
                      xlink:type="simple">
            <relationEntry>Macron, Emmanuel (1977-....)</relationEntry>
            <dateRange>
               <fromDate standardDate="2012-05-01">mai 2012</fromDate>
               <toDate standardDate="2014-07-31">juillet 2014</toDate>
            </dateRange>
            <descriptiveNote>
               <p> E. Macron, secrétaire général adjoint au cabinet du président F. Hollande </p>
            </descriptiveNote>
         </cpfRelation>
         <cpfRelation xmlns:xlink="http://www.w3.org/1999/xlink"
                      cpfRelationType="associative"
                      xlink:href="FRAN_NP_051943"
                      xlink:type="simple">
            <relationEntry>Vallaud, Boris (1975-....)</relationEntry>
            <dateRange>
               <fromDate standardDate="2014-01-01">2014</fromDate>
               <toDate standardDate="2017-12-31">2017</toDate>
            </dateRange>
         </cpfRelation>
         <cpfRelation xmlns:xlink="http://www.w3.org/1999/xlink"
                      cpfRelationType="associative"
                      xlink:href="FRAN_NP_051989"
                      xlink:type="simple">
            <relationEntry>Maccioni, Nicolas (1984-....)</relationEntry>
            <dateRange>
               <fromDate standardDate="2016-03-01">1er mars 2016</fromDate>
               <toDate standardDate="2017-05-14">14 mai 2017</toDate>
            </dateRange>
            <descriptiveNote>
               <p> Conseiller adjoint citoyenneté (mars-octobre 2016) puis conseiller politique de la ville, jeunesse, sport, engagement et vie associative (octobre 2016-mai 2017) à la Présidence de la République </p>
            </descriptiveNote>
         </cpfRelation>
         <cpfRelation xmlns:xlink="http://www.w3.org/1999/xlink"
                      cpfRelationType="associative"
                      xlink:href="FRAN_NP_051988"
                      xlink:type="simple">
            <relationEntry>Ceaux, Dominique (1962-....)</relationEntry>
            <dateRange>
               <fromDate standardDate="2016-10-01">1er octobre 2016</fromDate>
               <toDate standardDate="2017-05-14">14 mai 2017</toDate>
            </dateRange>
            <descriptiveNote>
               <p> Conseiller au cabinet (octobre 2016), chef de cabinet (13 octobre 2016-9 mars 2017) puis conseiller au cabinet du Président de la République (10 mars-14 mai 2017) </p>
            </descriptiveNote>
         </cpfRelation>
         <cpfRelation xmlns:xlink="http://www.w3.org/1999/xlink"
                      cpfRelationType="associative"
                      xlink:href="FRAN_NP_051990"
                      xlink:type="simple">
            <relationEntry>Gravel, Christian (1973-....)</relationEntry>
            <dateRange>
               <fromDate standardDate="2012-05-01">mai 2012</fromDate>
               <toDate standardDate="2014-04-30">avril 2014</toDate>
            </dateRange>
            <descriptiveNote>
               <p> Conseiller communication, presse puis adjoint au chef du pôle communication à la Présidence de la République </p>
            </descriptiveNote>
         </cpfRelation>
         <cpfRelation xmlns:xlink="http://www.w3.org/1999/xlink"
                      cpfRelationType="associative"
                      xlink:href="FRAN_NP_051991"
                      xlink:type="simple">
            <relationEntry>Rivière, Constance (1980-....)</relationEntry>
            <dateRange>
               <fromDate standardDate="2012-05-01">mai 2012</fromDate>
               <toDate standardDate="2017-05-31">mai 2017</toDate>
            </dateRange>
            <descriptiveNote>
               <p> Conseillère Institutions, société, libertés publiques au cabinet de François Hollande, président de la République (mai 2012-janvier 2015), Directrice adjointe du cabinet de François Hollande, président de la République (janvier 2015-février 2016), Conseillère spéciale chargée de la Culture et de la citoyenneté au cabinet de François Hollande, président de la République (février 2016-mai 2017). </p>
            </descriptiveNote>
         </cpfRelation>
         <cpfRelation xmlns:xlink="http://www.w3.org/1999/xlink"
                      cpfRelationType="hierarchical-child"
                      xlink:href="FRAN_NP_000054"
                      xlink:type="simple">
            <relationEntry>Service du courrier (présidence de la République)</relationEntry>
            <dateRange>
               <fromDate standardDate="1981-01-01">1981</fromDate>
               <toDate standardDate="1991-12-31">1991</toDate>
            </dateRange>
         </cpfRelation>
         <cpfRelation xmlns:xlink="http://www.w3.org/1999/xlink"
                      cpfRelationType="hierarchical-child"
                      xlink:href="FRAN_NP_000058"
                      xlink:type="simple">
            <relationEntry>Service social (présidence de la République)</relationEntry>
            <dateRange>
               <fromDate standardDate="1981-01-01">1981</fromDate>
            </dateRange>
         </cpfRelation>
         <cpfRelation xmlns:xlink="http://www.w3.org/1999/xlink"
                      cpfRelationType="hierarchical-child"
                      xlink:href="FRAN_NP_000105"
                      xlink:type="simple">
            <relationEntry>Service des élus et associations (présidence de la République) II</relationEntry>
            <dateRange>
               <fromDate standardDate="1959-01-01">1959</fromDate>
               <toDate standardDate="1990-12-31">1990</toDate>
            </dateRange>
         </cpfRelation>
         <cpfRelation xmlns:xlink="http://www.w3.org/1999/xlink"
                      cpfRelationType="hierarchical-child"
                      xlink:href="FRAN_NP_009884"
                      xlink:type="simple">
            <relationEntry>Service de permanence et d'information (présidence de la République)</relationEntry>
            <dateRange>
               <fromDate standardDate="2007-01-01">2007</fromDate>
               <toDate standardDate="2010-06-30">30 juin 2010</toDate>
            </dateRange>
         </cpfRelation>
         <cpfRelation xmlns:xlink="http://www.w3.org/1999/xlink"
                      cpfRelationType="hierarchical-parent"
                      xlink:href="FRAN_NP_000001"
                      xlink:type="simple">
            <relationEntry>Présidence de la République</relationEntry>
            <dateRange>
               <fromDate standardDate="1871-01-01">1871</fromDate>
               <toDate/>
            </dateRange>
         </cpfRelation>
         <resourceRelation xmlns:xlink="http://www.w3.org/1999/xlink"
                           resourceRelationType="creatorOf"
                           xlink:href="FRAN_IR_018651"
                           xlink:type="simple">
            <relationEntry localType="archival">Présidence de la République ; Cabinet de François Mitterrand (1990-1995)</relationEntry>
         </resourceRelation>
         <resourceRelation xmlns:xlink="http://www.w3.org/1999/xlink"
                           resourceRelationType="creatorOf"
                           xlink:href="FRAN_IR_054750"
                           xlink:type="simple">
            <relationEntry localType="archival">Présidence de la République, Cabinet de la Présidence Jacques Chirac : archives électroniques d'Elisabeth Sandor, chargée de mission, 1999-2002</relationEntry>
         </resourceRelation>
         <resourceRelation xmlns:xlink="http://www.w3.org/1999/xlink"
                           resourceRelationType="creatorOf"
                           xlink:href="FRAN_IR_054605"
                           xlink:type="simple">
            <relationEntry localType="archival">Présidence Jacques Chirac : archives électroniques et audiovisuelles (1995-2007)</relationEntry>
         </resourceRelation>
      </relations>
   </cpfDescription>
</eac-cpf>
