<eac-cpf xmlns="urn:isbn:1-931666-33-4"
         xmlns:xsi="http://www.w3.org/2001/XMLSchema-instance"
         xsi:schemaLocation="urn:isbn:1-931666-33-4 cpf.xsd">
   <control>
      <recordId>FRAN_NP_000254</recordId>
      <otherRecordId localType="Ancien_identifiant">1210/MC</otherRecordId>
      <maintenanceStatus>revised</maintenanceStatus>
      <maintenanceAgency>
         <agencyName>Archives nationales de France</agencyName>
      </maintenanceAgency>
      <languageDeclaration>
         <language languageCode="fre">Français</language>
         <script scriptCode="Latn"/>
      </languageDeclaration>
      <conventionDeclaration>
         <citation>Notice établie conformément à la norme ICA-ISAAR (CPF) 2004, aux normes ISO 8601 pour le système de normalisation des dates utilisé, ainsi que AFNOR NF Z 44-061, juin 1986. Catalogage : forme et structure des vedettes noms de personne, des vedettes titres, des rubriques de classement et des titres forgés.</citation>
      </conventionDeclaration>
      <localControl localType="niveau_de_detail">
         <term>Moyenne</term>
      </localControl>
      <maintenanceHistory>
         <maintenanceEvent>
            <eventType>derived</eventType>
            <eventDateTime>2013-04-23</eventDateTime>
            <agentType>machine</agentType>
            <agent>Import_SIA</agent>
         </maintenanceEvent>
         <maintenanceEvent>
            <eventType>revised</eventType>
            <eventDateTime>2013-08-06</eventDateTime>
            <agentType>human</agentType>
            <agent>Blandine WAGNER</agent>
            <eventDescription>Anciens identifiants : 1210/MC, 1279/MICAB</eventDescription>
         </maintenanceEvent>
      </maintenanceHistory>
   </control>
   <cpfDescription>
      <identity>
         <entityType>corporateBody</entityType>
         <nameEntry localType="autorisée" scriptCode="Latn" xml:lang="fre">
            <part>Mission interministérielle pour le développement des services de communication audiovisuelle diffusés par câble</part>
         </nameEntry>
         <nameEntry>
            <part>Mission Câble</part>
            <useDates>
               <dateRange>
                  <fromDate standardDate="1987-01-01">1987</fromDate>
                  <toDate standardDate="1988-12-31">1988</toDate>
               </dateRange>
            </useDates>
         </nameEntry>
         <nameEntry>
            <part>Mission TV Câble</part>
            <useDates>
               <dateRange>
                  <fromDate standardDate="1983-01-01">1983</fromDate>
                  <toDate standardDate="1986-12-31">1986</toDate>
               </dateRange>
            </useDates>
         </nameEntry>
      </identity>
      <description>
         <existDates>
            <dateRange>
               <fromDate standardDate="1983-01-01">1983</fromDate>
               <toDate standardDate="1988-12-31">1988</toDate>
            </dateRange>
         </existDates>
      </description>
      <relations>
         <cpfRelation xmlns:xlink="http://www.w3.org/1999/xlink"
                      cpfRelationType="hierarchical-parent"
                      xlink:href="FRAN_NP_000263"
                      xlink:type="simple">
            <relationEntry>Service juridique et technique de l'information</relationEntry>
            <dateRange>
               <fromDate standardDate="1983-01-01">1983</fromDate>
               <toDate standardDate="1988-12-31">1988</toDate>
            </dateRange>
         </cpfRelation>
         <resourceRelation xmlns:xlink="http://www.w3.org/1999/xlink"
                           resourceRelationType="creatorOf"
                           xlink:href="FRAN_IR_010011"
                           xlink:type="simple">
            <relationEntry localType="archival">Premier ministre ; Organismes rattachés directement (1982-1995)</relationEntry>
         </resourceRelation>
         <resourceRelation xmlns:xlink="http://www.w3.org/1999/xlink"
                           resourceRelationType="subjectOf"
                           xlink:href="FRAN_IR_009942"
                           xlink:type="simple">
            <relationEntry localType="archival">Premier ministre ; Service juridique et technique de l'information ; Mission interministérielle pour le développement des services de communication audiovisuelle diffusé par câble (1983-1995)</relationEntry>
         </resourceRelation>
         <resourceRelation xmlns:xlink="http://www.w3.org/1999/xlink"
                           resourceRelationType="subjectOf"
                           xlink:href="FRAN_IR_023118"
                           xlink:type="simple">
            <relationEntry localType="archival">Premier ministre ; Service juridique et technique de l'information ; Mission interministérielle pour le développement des services de communication audiovisuelle diffusé par câble (1987-1987)</relationEntry>
         </resourceRelation>
         <resourceRelation xmlns:xlink="http://www.w3.org/1999/xlink"
                           resourceRelationType="subjectOf"
                           xlink:href="FRAN_IR_023549"
                           xlink:type="simple">
            <relationEntry localType="archival">Premier ministre ; Service Juridique et Technique de l'Information ; Mission interministérielle pour le développement des services de communication audiovisuelle diffusé par câble (1987-1987)</relationEntry>
         </resourceRelation>
         <resourceRelation xmlns:xlink="http://www.w3.org/1999/xlink"
                           resourceRelationType="subjectOf"
                           xlink:href="FRAN_IR_023694"
                           xlink:type="simple">
            <relationEntry localType="archival">Premier ministre ; Organismes rattachés directement ; Mission interministérielle pour le développement des services de communication audiovisuelle diffusé par cable (1987-1987)</relationEntry>
         </resourceRelation>
         <resourceRelation xmlns:xlink="http://www.w3.org/1999/xlink"
                           resourceRelationType="subjectOf"
                           xlink:href="FRAN_IR_019006"
                           xlink:type="simple">
            <relationEntry localType="archival">Premier ministre ; Service juridique et technique de l'information ; Mission interministérielle pour le développement des services de communication audiovisuelle diffusé par câble (1983-1995)</relationEntry>
         </resourceRelation>
      </relations>
   </cpfDescription>
</eac-cpf>
