<eac-cpf xmlns="urn:isbn:1-931666-33-4"
         xmlns:xsi="http://www.w3.org/2001/XMLSchema-instance"
         xsi:schemaLocation="urn:isbn:1-931666-33-4 cpf.xsd">
   <control>
      <recordId>FRAN_NP_000025</recordId>
      <otherRecordId localType="Ancien_identifiant">41</otherRecordId>
      <maintenanceStatus>derived</maintenanceStatus>
      <maintenanceAgency>
         <agencyName>Archives nationales de France</agencyName>
      </maintenanceAgency>
      <languageDeclaration>
         <language languageCode="fre">Français</language>
         <script scriptCode="Latn"/>
      </languageDeclaration>
      <conventionDeclaration>
         <citation>Notice établie conformément à la norme ICA-ISAAR (CPF) 2004, aux normes ISO 8601 pour le système de normalisation des dates utilisé, ainsi que AFNOR NF Z 44-061, juin 1986. Catalogage : forme et structure des vedettes noms de personne, des vedettes titres, des rubriques de classement et des titres forgés.</citation>
      </conventionDeclaration>
      <localControl localType="niveau_de_detail">
         <term>Moyenne</term>
      </localControl>
      <maintenanceHistory>
         <maintenanceEvent>
            <eventType>derived</eventType>
            <eventDateTime>2013-04-23</eventDateTime>
            <agentType>machine</agentType>
            <agent>Import_SIA</agent>
         </maintenanceEvent>
      </maintenanceHistory>
   </control>
   <cpfDescription>
      <identity>
         <entityType>corporateBody</entityType>
         <nameEntry localType="autorisée" scriptCode="Latn" xml:lang="fre">
            <part>Ministère de la Santé et des Solidarités</part>
         </nameEntry>
      </identity>
      <description>
         <existDates>
            <dateRange>
               <fromDate standardDate="2005-06-02">2 juin 2005</fromDate>
               <toDate standardDate="2007-05-15">15 mai 2007</toDate>
            </dateRange>
         </existDates>
         <legalStatuses>
            <legalStatus>
               <term vocabularySource="d5bloo2gwk-sgl3fc00gzgl">ministère</term>
            </legalStatus>
         </legalStatuses>
      </description>
      <relations>
         <cpfRelation xmlns:xlink="http://www.w3.org/1999/xlink"
                      cpfRelationType="associative"
                      xlink:href="FRAN_NP_004648"
                      xlink:type="simple">
            <relationEntry>Caisse nationale de l'organisation autonome de l'assurance vieillesse des travailleurs non salariés des professions artisanales</relationEntry>
            <dateRange>
               <fromDate standardDate="2005-06-02">2 juin 2005</fromDate>
               <toDate standardDate="2006-12-31">2006</toDate>
            </dateRange>
         </cpfRelation>
         <cpfRelation xmlns:xlink="http://www.w3.org/1999/xlink"
                      cpfRelationType="associative"
                      xlink:href="FRAN_NP_050160"
                      xlink:type="simple">
            <relationEntry>Délégué interministériel à la lutte contre la grippe aviaire</relationEntry>
            <dateRange>
               <fromDate standardDate="2005-08-30">30 août 2005</fromDate>
               <toDate standardDate="2007-05-15">15 mai 2007</toDate>
            </dateRange>
         </cpfRelation>
         <cpfRelation xmlns:xlink="http://www.w3.org/1999/xlink"
                      cpfRelationType="hierarchical-child"
                      xlink:href="FRAN_NP_051200"
                      xlink:type="simple">
            <relationEntry>Cabinet de Xavier Bertrand, ministre de la santé et des solidarités</relationEntry>
            <dateRange>
               <fromDate standardDate="2005-06-02">2 juin 2005</fromDate>
               <toDate standardDate="2007-03-26">26 mars 2007</toDate>
            </dateRange>
         </cpfRelation>
         <cpfRelation xmlns:xlink="http://www.w3.org/1999/xlink"
                      cpfRelationType="hierarchical-child"
                      xlink:href="FRAN_NP_051835"
                      xlink:type="simple">
            <relationEntry>France. Cabinet de Philippe Bas, ministre délégué à la sécurité sociale, aux personnes âgées, aux personnes handicapées et à la famille (2 juin 2005-26 mars 2007) puis ministre de la santé et des solidarités (26 mars 2007-15 mai 2007)</relationEntry>
            <dateRange>
               <fromDate standardDate="2005-06-02">2 juin 2005</fromDate>
               <toDate standardDate="2007-05-15">15 mai 2007</toDate>
            </dateRange>
         </cpfRelation>
         <cpfRelation xmlns:xlink="http://www.w3.org/1999/xlink"
                      cpfRelationType="temporal-later"
                      xlink:href="FRAN_NP_009650"
                      xlink:type="simple">
            <relationEntry>Ministère de la Santé et des Sports</relationEntry>
            <dateRange>
               <fromDate standardDate="2007-05-18">18 mai 2007</fromDate>
            </dateRange>
         </cpfRelation>
         <cpfRelation xmlns:xlink="http://www.w3.org/1999/xlink"
                      cpfRelationType="temporal-earlier"
                      xlink:href="FRAN_NP_010001"
                      xlink:type="simple">
            <relationEntry>Ministère des Solidarités, de la Santé et de la Famille</relationEntry>
            <dateRange>
               <fromDate standardDate="2005-06-02">2 juin 2005</fromDate>
            </dateRange>
         </cpfRelation>
      </relations>
   </cpfDescription>
</eac-cpf>
