<eac-cpf xmlns="urn:isbn:1-931666-33-4"
         xmlns:xsi="http://www.w3.org/2001/XMLSchema-instance"
         xsi:schemaLocation="urn:isbn:1-931666-33-4 cpf.xsd">
   <control>
      <recordId>FRAN_NP_000477</recordId>
      <otherRecordId localType="Ancien_identifiant">2104/F</otherRecordId>
      <maintenanceStatus>derived</maintenanceStatus>
      <maintenanceAgency>
         <agencyName>Archives nationales de France</agencyName>
      </maintenanceAgency>
      <languageDeclaration>
         <language languageCode="fre">Français</language>
         <script scriptCode="Latn"/>
      </languageDeclaration>
      <conventionDeclaration>
         <citation>Notice établie conformément à la norme ICA-ISAAR (CPF) 2004, aux normes ISO 8601 pour le système de normalisation des dates utilisé, ainsi que AFNOR NF Z 44-061, juin 1986. Catalogage : forme et structure des vedettes noms de personne, des vedettes titres, des rubriques de classement et des titres forgés.</citation>
      </conventionDeclaration>
      <localControl localType="niveau_de_detail">
         <term>Moyenne</term>
      </localControl>
      <maintenanceHistory>
         <maintenanceEvent>
            <eventType>derived</eventType>
            <eventDateTime>2013-04-23</eventDateTime>
            <agentType>machine</agentType>
            <agent>Import_SIA</agent>
         </maintenanceEvent>
      </maintenanceHistory>
   </control>
   <cpfDescription>
      <identity>
         <entityType>corporateBody</entityType>
         <nameEntry scriptCode="Latn" localType="autorisée" xml:lang="fre">
            <part>Sous-direction de la législation criminelle (direction des affaires criminelles et des grâces)</part>
         </nameEntry>
      </identity>
      <description>
         <existDates>
            <dateRange>
               <fromDate standardDate="1964-01-01">1964</fromDate>
               <toDate standardDate="1996-12-31">1996</toDate>
            </dateRange>
         </existDates>
         <legalStatuses>
            <legalStatus>
               <term vocabularySource="d5blonaxbw--1mt8t42bokzts">service d'administration centrale</term>
            </legalStatus>
         </legalStatuses>
      </description>
      <relations>
         <cpfRelation xmlns:xlink="http://www.w3.org/1999/xlink"
                      cpfRelationType="hierarchical-child"
                      xlink:href="FRAN_NP_000474"
                      xlink:type="simple">
            <relationEntry>Bureau de la législation pénale générale (direction des affaires criminelles et des grâces) (1977-1996)</relationEntry>
            <dateRange>
               <fromDate standardDate="1977-01-01">1977</fromDate>
               <toDate standardDate="1996-12-31">1996</toDate>
            </dateRange>
         </cpfRelation>
         <cpfRelation xmlns:xlink="http://www.w3.org/1999/xlink"
                      cpfRelationType="hierarchical-child"
                      xlink:href="FRAN_NP_000476"
                      xlink:type="simple">
            <relationEntry>Bureau de la législation pénale financière, économique, fiscale et sociale (direction des affaires criminelles et des grâces)</relationEntry>
            <dateRange>
               <fromDate standardDate="1978-01-01">1978</fromDate>
               <toDate standardDate="1996-12-31">1996</toDate>
            </dateRange>
         </cpfRelation>
         <cpfRelation xmlns:xlink="http://www.w3.org/1999/xlink"
                      cpfRelationType="temporal-later"
                      xlink:href="FRAN_NP_000782"
                      xlink:type="simple">
            <relationEntry>Sous-direction du droit pénal général et international (direction des affaires criminelles et des grâces)</relationEntry>
            <dateRange>
               <fromDate standardDate="1996-01-01">1996</fromDate>
            </dateRange>
         </cpfRelation>
         <cpfRelation xmlns:xlink="http://www.w3.org/1999/xlink"
                      cpfRelationType="hierarchical-child"
                      xlink:href="FRAN_NP_000475"
                      xlink:type="simple">
            <relationEntry>Bureau du droit criminel international et européen (direction des affaires criminelles et des grâces)</relationEntry>
            <dateRange>
               <fromDate standardDate="1977-01-01">1977</fromDate>
               <toDate standardDate="1994-12-31">1994</toDate>
            </dateRange>
         </cpfRelation>
         <cpfRelation xmlns:xlink="http://www.w3.org/1999/xlink"
                      cpfRelationType="hierarchical-parent"
                      xlink:href="FRAN_NP_000495"
                      xlink:type="simple">
            <relationEntry>Direction des affaires criminelles et des grâces</relationEntry>
            <dateRange>
               <fromDate standardDate="1964-01-01">1964</fromDate>
               <toDate standardDate="1996-12-31">1996</toDate>
            </dateRange>
         </cpfRelation>
         <resourceRelation xmlns:xlink="http://www.w3.org/1999/xlink"
                           resourceRelationType="subjectOf"
                           xlink:href="FRAN_IR_009021"
                           xlink:type="simple">
            <relationEntry localType="archival">Justice ; Direction des affaires criminelles et des grâces ; Sous-direction de la législation criminelle (1791-1982)</relationEntry>
         </resourceRelation>
         <resourceRelation xmlns:xlink="http://www.w3.org/1999/xlink"
                           resourceRelationType="subjectOf"
                           xlink:href="FRAN_IR_009312"
                           xlink:type="simple">
            <relationEntry localType="archival">Justice ; Direction des affaires criminelles et des grâces ; Sous-direction de la législation criminelle (1944-1990)</relationEntry>
         </resourceRelation>
         <resourceRelation xmlns:xlink="http://www.w3.org/1999/xlink"
                           resourceRelationType="subjectOf"
                           xlink:href="FRAN_IR_009097"
                           xlink:type="simple">
            <relationEntry localType="archival">Justice ; Direction des affaires criminelles et des grâces ; Sous-direction de la législation criminelle (1937-1970)</relationEntry>
         </resourceRelation>
         <resourceRelation xmlns:xlink="http://www.w3.org/1999/xlink"
                           resourceRelationType="subjectOf"
                           xlink:href="FRAN_IR_010109"
                           xlink:type="simple">
            <relationEntry localType="archival">Justice ; Direction des affaires criminelles et des grâces ; Sous-direction de la législation criminelle (1945-1998)</relationEntry>
         </resourceRelation>
         <resourceRelation xmlns:xlink="http://www.w3.org/1999/xlink"
                           resourceRelationType="subjectOf"
                           xlink:href="FRAN_IR_010163"
                           xlink:type="simple">
            <relationEntry localType="archival">Justice ; Direction des affaires criminelles et des grâces ; Sous-direction de la législation criminelle (1940-1969)</relationEntry>
         </resourceRelation>
         <resourceRelation xmlns:xlink="http://www.w3.org/1999/xlink"
                           resourceRelationType="subjectOf"
                           xlink:href="FRAN_IR_022881"
                           xlink:type="simple">
            <relationEntry localType="archival">Justice ; Direction des affaires criminelles et des grâces ; Sous-direction de la législation criminelle (1967-1991)</relationEntry>
         </resourceRelation>
      </relations>
   </cpfDescription>
</eac-cpf>
