<eac-cpf xmlns="urn:isbn:1-931666-33-4"
         xmlns:xsi="http://www.w3.org/2001/XMLSchema-instance"
         xsi:schemaLocation="urn:isbn:1-931666-33-4 cpf.xsd">
   <control>
      <recordId>FRAN_NP_000120</recordId>
      <otherRecordId localType="Ancien_identifiant">1200/PCAB</otherRecordId>
      <maintenanceStatus>revised</maintenanceStatus>
      <maintenanceAgency>
         <agencyName>Archives nationales de France</agencyName>
      </maintenanceAgency>
      <languageDeclaration>
         <language languageCode="fre">Français</language>
         <script scriptCode="Latn"/>
      </languageDeclaration>
      <conventionDeclaration>
         <citation>Notice établie conformément à la norme ICA-ISAAR (CPF) 2004, aux normes ISO 8601 pour le système de normalisation des dates utilisé, ainsi que AFNOR NF Z 44-061, juin 1986. Catalogage : forme et structure des vedettes noms de personne, des vedettes titres, des rubriques de classement et des titres forgés.</citation>
      </conventionDeclaration>
      <localControl localType="niveau_de_detail">
         <term>Moyenne</term>
      </localControl>
      <maintenanceHistory>
         <maintenanceEvent>
            <eventType>derived</eventType>
            <eventDateTime>2013-04-23</eventDateTime>
            <agentType>machine</agentType>
            <agent>Import_SIA</agent>
         </maintenanceEvent>
         <maintenanceEvent>
            <eventType>revised</eventType>
            <eventDateTime>2013-10-16</eventDateTime>
            <agentType>human</agentType>
            <agent>Blandine WAGNER</agent>
         </maintenanceEvent>
      </maintenanceHistory>
   </control>
   <cpfDescription>
      <identity>
         <entityType>corporateBody</entityType>
         <nameEntry scriptCode="Latn" localType="autorisée" xml:lang="fre">
            <part>Cabinets des ministres, ministres délégués et secrétaires d'État chargés du Plan et de l'Aménagement du territoire</part>
         </nameEntry>
      </identity>
      <description>
         <existDates>
            <dateRange>
               <fromDate standardDate="1976-08-25">25 août 1976</fromDate>
               <toDate standardDate="1991-05-15">15 mai 1991</toDate>
            </dateRange>
         </existDates>
         <legalStatuses>
            <legalStatus>
               <term vocabularySource="d5blonb04s-1nqrprwwl75h0">cabinet ministériel</term>
            </legalStatus>
         </legalStatuses>
      </description>
      <relations>
         <cpfRelation xmlns:xlink="http://www.w3.org/1999/xlink"
                      cpfRelationType="hierarchical-child"
                      xlink:href="FRAN_NP_000119"
                      xlink:type="simple">
            <relationEntry>Conseiller technique auprès du ministre chargé du Plan et de l'Aménagement du territoire</relationEntry>
            <dateRange>
               <fromDate standardDate="1981-05-22">22 mai 1981</fromDate>
               <toDate standardDate="1986-03-20">20 mars 1986</toDate>
            </dateRange>
         </cpfRelation>
         <cpfRelation xmlns:xlink="http://www.w3.org/1999/xlink"
                      cpfRelationType="hierarchical-child"
                      xlink:href="FRAN_NP_009659"
                      xlink:type="simple">
            <relationEntry>Cabinet de Gaston Defferre, ministre d'État, chargé du Plan et de l'Aménagement du territoire</relationEntry>
            <dateRange>
               <fromDate standardDate="1984-07-19">19 juillet 1984</fromDate>
               <toDate standardDate="1986-03-20">20 mars 1986</toDate>
            </dateRange>
         </cpfRelation>
         <cpfRelation xmlns:xlink="http://www.w3.org/1999/xlink"
                      cpfRelationType="hierarchical-child"
                      xlink:href="FRAN_NP_009602"
                      xlink:type="simple">
            <relationEntry>Cabinet de Michel Rocard, ministre d'État, ministre du Plan et de l'Aménagement du territoire</relationEntry>
            <dateRange>
               <fromDate standardDate="1981-05-22">22 mai 1981</fromDate>
               <toDate standardDate="1983-03-22">22 mars 1983</toDate>
            </dateRange>
         </cpfRelation>
         <cpfRelation xmlns:xlink="http://www.w3.org/1999/xlink"
                      cpfRelationType="hierarchical-parent"
                      xlink:href="FRAN_NP_000023"
                      xlink:type="simple">
            <relationEntry>Ministère du Plan et de l'Aménagement du territoire</relationEntry>
            <dateRange>
               <fromDate standardDate="1976-08-25">25 août 1976</fromDate>
               <toDate standardDate="1986-03-20">20 mars 1986</toDate>
            </dateRange>
         </cpfRelation>
         <resourceRelation xmlns:xlink="http://www.w3.org/1999/xlink"
                           resourceRelationType="subjectOf"
                           xlink:href="FRAN_IR_018495"
                           xlink:type="simple">
            <relationEntry localType="archival">Premier ministre ; Ministres et secrétaires d'Etat délégués ; Ministre d'Etat chargé du plan et de l'aménagement du territoire ; Cabinet et services rattachés au Ministre ; Cabinet (1985-1991)</relationEntry>
         </resourceRelation>
         <resourceRelation xmlns:xlink="http://www.w3.org/1999/xlink"
                           resourceRelationType="subjectOf"
                           xlink:href="FRAN_IR_022235"
                           xlink:type="simple">
            <relationEntry localType="archival">Premier ministre ; Ministres et secrétaires d'Etat délégués ; Ministre d'Etat chargé du plan et de l'aménagement du territoire ; Cabinet et services rattachés au Ministre ; Cabinet (1988-1991)</relationEntry>
         </resourceRelation>
      </relations>
   </cpfDescription>
</eac-cpf>
