<eac-cpf xmlns="urn:isbn:1-931666-33-4"
         xmlns:xsi="http://www.w3.org/2001/XMLSchema-instance"
         xsi:schemaLocation="urn:isbn:1-931666-33-4 cpf.xsd">
   <control>
      <recordId>FRAN_NP_000096</recordId>
      <otherRecordId localType="Ancien_identifiant">1405</otherRecordId>
      <maintenanceStatus>derived</maintenanceStatus>
      <maintenanceAgency>
         <agencyName>Archives nationales de France</agencyName>
      </maintenanceAgency>
      <languageDeclaration>
         <language languageCode="fre">Français</language>
         <script scriptCode="Latn"/>
      </languageDeclaration>
      <conventionDeclaration>
         <citation>Notice établie conformément à la norme ICA-ISAAR (CPF) 2004, aux normes ISO 8601 pour le système de normalisation des dates utilisé, ainsi que AFNOR NF Z 44-061, juin 1986. Catalogage : forme et structure des vedettes noms de personne, des vedettes titres, des rubriques de classement et des titres forgés.</citation>
      </conventionDeclaration>
      <localControl localType="niveau_de_detail">
         <term>Élémentaire</term>
      </localControl>
      <maintenanceHistory>
         <maintenanceEvent>
            <eventType>derived</eventType>
            <eventDateTime>2015-12-04</eventDateTime>
            <agentType>machine</agentType>
            <agent>Import_SIA</agent>
         </maintenanceEvent>
      </maintenanceHistory>
   </control>
   <cpfDescription>
      <identity>
         <entityType>corporateBody</entityType>
         <nameEntry localType="autorisée" scriptCode="Latn" xml:lang="fre">
            <part>Cour des comptes</part>
         </nameEntry>
      </identity>
      <description>
         <existDates>
            <dateRange>
               <fromDate standardDate="1807-01-01">1807</fromDate>
            </dateRange>
         </existDates>
         <legalStatuses>
            <legalStatus>
               <term vocabularySource="d5bloo2lv1--65p8cc56ah9l">juridiction</term>
            </legalStatus>
         </legalStatuses>
      </description>
      <relations>
         <cpfRelation xmlns:xlink="http://www.w3.org/1999/xlink"
                      cpfRelationType="associative"
                      xlink:href="FRAN_NP_000095"
                      xlink:type="simple">
            <relationEntry>Commission de vérification des comptes des entreprises publiques</relationEntry>
            <dateRange>
               <fromDate standardDate="1948-01-01">1948</fromDate>
               <toDate standardDate="1976-12-31">1976</toDate>
            </dateRange>
         </cpfRelation>
         <cpfRelation xmlns:xlink="http://www.w3.org/1999/xlink"
                      cpfRelationType="associative"
                      xlink:href="FRAN_NP_050952"
                      xlink:type="simple">
            <relationEntry>Contamine, Claude (1929-....)</relationEntry>
            <dateRange>
               <fromDate standardDate="1981-01-01">1981</fromDate>
               <toDate standardDate="1986-12-31">1986</toDate>
            </dateRange>
            <descriptiveNote>
               <p>
     C. Contamine, membre de la cour des comptes de 1981 à 1986
    </p>
            </descriptiveNote>
         </cpfRelation>
         <cpfRelation xmlns:xlink="http://www.w3.org/1999/xlink"
                      cpfRelationType="associative"
                      xlink:href="FRAN_NP_051129"
                      xlink:type="simple">
            <relationEntry>Viot, Pierre (1925-....)</relationEntry>
            <dateRange>
               <fromDate standardDate="1925-01-01">1925</fromDate>
            </dateRange>
            <descriptiveNote>
               <p>
     Pierre Viot fut conseiller à la Cour des Comptes. 
    </p>
            </descriptiveNote>
         </cpfRelation>
         <cpfRelation xmlns:xlink="http://www.w3.org/1999/xlink"
                      cpfRelationType="associative"
                      xlink:href="FRAN_NP_050179"
                      xlink:type="simple">
            <relationEntry>Godard, Jean (1921-....)</relationEntry>
            <dateRange>
               <fromDate standardDate="1950-01-01">1950</fromDate>
            </dateRange>
            <descriptiveNote>
               <p>
     J. Godard, auditeur puis conseiller à la Cour des comptes
    </p>
            </descriptiveNote>
         </cpfRelation>
         <cpfRelation xmlns:xlink="http://www.w3.org/1999/xlink"
                      cpfRelationType="associative"
                      xlink:href="FRAN_NP_051264"
                      xlink:type="simple">
            <relationEntry>Revel, Nicolas (1966-....)</relationEntry>
            <dateRange>
               <fromDate standardDate="1993-01-01">1993</fromDate>
            </dateRange>
            <descriptiveNote>
               <p>
     N. Revel, conseiller à la cour des comptes
    </p>
            </descriptiveNote>
         </cpfRelation>
         <cpfRelation xmlns:xlink="http://www.w3.org/1999/xlink"
                      cpfRelationType="associative"
                      xlink:href="FRAN_NP_051284"
                      xlink:type="simple">
            <relationEntry>Moinot, Pierre (1920-2007)</relationEntry>
            <dateRange>
               <fromDate standardDate="1946-01-01">1946</fromDate>
               <toDate standardDate="1986-12-31">1986</toDate>
            </dateRange>
            <descriptiveNote>
               <p>
     isMemberOf
    </p>
            </descriptiveNote>
         </cpfRelation>
         <cpfRelation xmlns:xlink="http://www.w3.org/1999/xlink"
                      cpfRelationType="associative"
                      xlink:href="FRAN_NP_051413"
                      xlink:type="simple">
            <relationEntry>France. Cour de discipline budgétaire et financière (1948-....)</relationEntry>
            <dateRange>
               <fromDate standardDate="1948-09-25">25 septembre 1948</fromDate>
            </dateRange>
            <descriptiveNote>
               <p>
     La Cour de discipline budgétaire et financière est une juridiction associée à la Cour des comptes.
    </p>
            </descriptiveNote>
         </cpfRelation>
         <cpfRelation xmlns:xlink="http://www.w3.org/1999/xlink"
                      cpfRelationType="associative"
                      xlink:href="FRAN_NP_051426"
                      xlink:type="simple">
            <relationEntry>Vieu, Patrick (1964-....)</relationEntry>
            <dateRange>
               <fromDate standardDate="1997-01-01">1997</fromDate>
               <toDate standardDate="1999-12-31">1999</toDate>
            </dateRange>
            <descriptiveNote>
               <p>
     P. Vieu, mis à disposition de la Cour des Comptes en qualité de rapporteur
    </p>
            </descriptiveNote>
         </cpfRelation>
         <cpfRelation xmlns:xlink="http://www.w3.org/1999/xlink"
                      cpfRelationType="associative"
                      xlink:href="FRAN_NP_051441"
                      xlink:type="simple">
            <relationEntry>Combarieu, Abel (1856-1944)</relationEntry>
            <dateRange>
               <fromDate standardDate="1905-01-01">1905</fromDate>
               <toDate standardDate="1944-03-28">28 mars 1944</toDate>
            </dateRange>
            <descriptiveNote>
               <p>
     Abel Combarieu, conseiller-maître à la Cour des comptes, puis président de chambre
    </p>
            </descriptiveNote>
         </cpfRelation>
         <cpfRelation xmlns:xlink="http://www.w3.org/1999/xlink"
                      cpfRelationType="associative"
                      xlink:href="FRAN_NP_050942"
                      xlink:type="simple">
            <relationEntry>Vié, Jean-Émile (1915-2015)</relationEntry>
            <dateRange>
               <fromDate standardDate="1977-01-01">1977</fromDate>
               <toDate standardDate="1983-12-31">1983</toDate>
            </dateRange>
            <descriptiveNote>
               <p>
      J.-E. Vié, conseiller maître à la Cour des comptes 
    </p>
            </descriptiveNote>
         </cpfRelation>
         <cpfRelation xmlns:xlink="http://www.w3.org/1999/xlink"
                      cpfRelationType="associative"
                      xlink:href="FRAN_NP_050126"
                      xlink:type="simple">
            <relationEntry>Paye, Lucien (1907-1972)</relationEntry>
            <dateRange>
               <fromDate standardDate="1970-01-01">1970</fromDate>
               <toDate standardDate="1972-04-25">25 avril 1972</toDate>
            </dateRange>
            <descriptiveNote>
               <p>
     Premier président de la Cour des Comptes.
    </p>
            </descriptiveNote>
         </cpfRelation>
         <cpfRelation xmlns:xlink="http://www.w3.org/1999/xlink"
                      cpfRelationType="associative"
                      xlink:href="FRAN_NP_052041"
                      xlink:type="simple">
            <relationEntry>Oseredczuk, Arnaud (1971-....)</relationEntry>
            <dateRange>
               <fromDate standardDate="2000-01-01">2000</fromDate>
            </dateRange>
            <descriptiveNote>
               <p>
     Auditeur (2000), conseiller référendaire (2003) puis conseiller maître (2016) à la Cour des comptes
    </p>
            </descriptiveNote>
         </cpfRelation>
         <cpfRelation xmlns:xlink="http://www.w3.org/1999/xlink"
                      cpfRelationType="associative"
                      xlink:href="FRAN_NP_010114"
                      xlink:type="simple">
            <relationEntry>Séguin, Philippe</relationEntry>
            <dateRange>
               <fromDate standardDate="2004-07-21">21 juillet 2004</fromDate>
               <toDate standardDate="2010-01-07">7 janvier 2010</toDate>
            </dateRange>
         </cpfRelation>
         <cpfRelation xmlns:xlink="http://www.w3.org/1999/xlink"
                      cpfRelationType="associative"
                      xlink:href="FRAN_NP_000292"
                      xlink:type="simple">
            <relationEntry>Comité d'enquête sur le coût et le rendement des services publics</relationEntry>
            <dateRange>
               <fromDate standardDate="2010-05-20">20 mai 2010</fromDate>
            </dateRange>
         </cpfRelation>
         <resourceRelation xmlns:xlink="http://www.w3.org/1999/xlink"
                           resourceRelationType="creatorOf"
                           xlink:href="FRAN_IR_002257"
                           xlink:type="simple">
            <relationEntry localType="archival">Archives de la Cour des comptes. Pièces justificatives de comptes
          (1895-1914).</relationEntry>
         </resourceRelation>
         <resourceRelation xmlns:xlink="http://www.w3.org/1999/xlink"
                           resourceRelationType="creatorOf"
                           xlink:href="FRAN_IR_054734"
                           xlink:type="simple">
            <relationEntry localType="archival">Archives de la Cour des comptes. Dossiers de travail du Commissariat français aux comptes de l’Organisation des Nations unies (1995-2010).</relationEntry>
         </resourceRelation>
         <resourceRelation xmlns:xlink="http://www.w3.org/1999/xlink"
                           resourceRelationType="creatorOf"
                           xlink:href="FRAN_IR_054735"
                           xlink:type="simple">
            <relationEntry localType="archival">Archives de la Cour des comptes. Relations avec les différents concours de recrutement et l’École nationale d’administration (1936-2009).</relationEntry>
         </resourceRelation>
         <resourceRelation xmlns:xlink="http://www.w3.org/1999/xlink"
                           resourceRelationType="creatorOf"
                           xlink:href="FRAN_IR_054789"
                           xlink:type="simple">
            <relationEntry localType="archival">Réforme des juridictions financières. Archives du Secrétariat général de la Cour des comptes (2006-2013).</relationEntry>
         </resourceRelation>
         <resourceRelation xmlns:xlink="http://www.w3.org/1999/xlink"
                           resourceRelationType="creatorOf"
                           xlink:href="FRAN_IR_054818"
                           xlink:type="simple">
            <relationEntry localType="archival">Archives de la Cour des comptes. Photographies de magistrats [vers 1900].</relationEntry>
         </resourceRelation>
         <resourceRelation xmlns:xlink="http://www.w3.org/1999/xlink"
                           resourceRelationType="creatorOf"
                           xlink:href="FRAN_IR_055436"
                           xlink:type="simple">
            <relationEntry localType="archival">Archives de la Cour des comptes. Dossiers de travail relatifs aux relations internationales (1977-2005).</relationEntry>
         </resourceRelation>
         <resourceRelation xmlns:xlink="http://www.w3.org/1999/xlink"
                           resourceRelationType="creatorOf"
                           xlink:href="FRAN_IR_055438"
                           xlink:type="simple">
            <relationEntry localType="archival">Archives de la Cour des comptes. Arrêts et rapports classés confidentiels (1983-1992).</relationEntry>
         </resourceRelation>
         <resourceRelation xmlns:xlink="http://www.w3.org/1999/xlink"
                           resourceRelationType="creatorOf"
                           xlink:href="FRAN_IR_055439"
                           xlink:type="simple">
            <relationEntry localType="archival">Archives de la Cour des comptes. Arrêts et rapports (1909-1967).</relationEntry>
         </resourceRelation>
         <resourceRelation xmlns:xlink="http://www.w3.org/1999/xlink"
                           resourceRelationType="creatorOf"
                           xlink:href="FRAN_IR_055390"
                           xlink:type="simple">
            <relationEntry localType="archival">Archives de la Cour des comptes. Arrêts et rapports (1953-2002).</relationEntry>
         </resourceRelation>
         <resourceRelation xmlns:xlink="http://www.w3.org/1999/xlink"
                           resourceRelationType="creatorOf"
                           xlink:href="FRAN_IR_055767"
                           xlink:type="simple">
            <relationEntry localType="archival">Archives de la Cour des comptes. Dossiers-liasses-rapports de contrôles confidentiels (1987-2003).</relationEntry>
         </resourceRelation>
         <resourceRelation xmlns:xlink="http://www.w3.org/1999/xlink"
                           resourceRelationType="creatorOf"
                           xlink:href="FRAN_IR_055768"
                           xlink:type="simple">
            <relationEntry localType="archival">Archives de la Cour des comptes. Applications informatiques comptables ACCORD et CGL - TCC (1997-2006).</relationEntry>
         </resourceRelation>
         <resourceRelation xmlns:xlink="http://www.w3.org/1999/xlink"
                           resourceRelationType="creatorOf"
                           xlink:href="FRAN_IR_055769"
                           xlink:type="simple">
            <relationEntry localType="archival">Archives de la Cour des comptes. Contrôle de l’Association pour la recherche sur le cancer (ARC) (1976-1996).</relationEntry>
         </resourceRelation>
         <resourceRelation xmlns:xlink="http://www.w3.org/1999/xlink"
                           resourceRelationType="creatorOf"
                           xlink:href="FRAN_IR_056330"
                           xlink:type="simple">
            <relationEntry localType="archival">Archives de la Cour des comptes. Référés (1933-2013).</relationEntry>
         </resourceRelation>
         <resourceRelation xmlns:xlink="http://www.w3.org/1999/xlink"
                           resourceRelationType="creatorOf"
                           xlink:href="FRAN_IR_056545"
                           xlink:type="simple">
            <relationEntry localType="archival">Archives de la première présidence et des formations délibérantes de la Cour des comptes (1870-1984).</relationEntry>
         </resourceRelation>
         <resourceRelation xmlns:xlink="http://www.w3.org/1999/xlink"
                           resourceRelationType="creatorOf"
                           xlink:href="FRAN_IR_056563"
                           xlink:type="simple">
            <relationEntry localType="archival">Archives de la première présidence et du secrétariat général de la Cour des comptes (1816-2002).</relationEntry>
         </resourceRelation>
         <resourceRelation xmlns:xlink="http://www.w3.org/1999/xlink"
                           resourceRelationType="creatorOf"
                           xlink:href="FRAN_IR_056567"
                           xlink:type="simple">
            <relationEntry localType="archival">Archives de la Cour des comptes. Dossiers de séance et d'activité des instances consultatives et délibérantes (1924-2011).</relationEntry>
         </resourceRelation>
         <resourceRelation xmlns:xlink="http://www.w3.org/1999/xlink"
                           resourceRelationType="creatorOf"
                           xlink:href="FRAN_IR_056570"
                           xlink:type="simple">
            <relationEntry localType="archival">Archives de la Cour des comptes. Arrêtés du Premier président (1979-2004).</relationEntry>
         </resourceRelation>
         <resourceRelation xmlns:xlink="http://www.w3.org/1999/xlink"
                           resourceRelationType="creatorOf"
                           xlink:href="FRAN_IR_056571"
                           xlink:type="simple">
            <relationEntry localType="archival">Archives du parquet général de la Cour des comptes (1873-1998).</relationEntry>
         </resourceRelation>
         <resourceRelation xmlns:xlink="http://www.w3.org/1999/xlink"
                           resourceRelationType="creatorOf"
                           xlink:href="FRAN_IR_056572"
                           xlink:type="simple">
            <relationEntry localType="archival">Archives de la Cour des comptes. « Cimetière des magistrats » (1879-1981).</relationEntry>
         </resourceRelation>
         <resourceRelation xmlns:xlink="http://www.w3.org/1999/xlink"
                           resourceRelationType="creatorOf"
                           xlink:href="FRAN_IR_056578"
                           xlink:type="simple">
            <relationEntry localType="archival">Archives du parquet général de la Cour des comptes (1959-2010).</relationEntry>
         </resourceRelation>
         <resourceRelation xmlns:xlink="http://www.w3.org/1999/xlink"
                           resourceRelationType="creatorOf"
                           xlink:href="FRAN_IR_056586"
                           xlink:type="simple">
            <relationEntry localType="archival">Bicentenaire de la Cour des comptes. Archives de la Cour des comptes (1997-2014)</relationEntry>
         </resourceRelation>
         <resourceRelation xmlns:xlink="http://www.w3.org/1999/xlink"
                           resourceRelationType="creatorOf"
                           xlink:href="FRAN_IR_056671"
                           xlink:type="simple">
            <relationEntry localType="archival">Archives de la Cour des comptes. Arrêts et rapports classés confidentiels (1964-2010).</relationEntry>
         </resourceRelation>
         <resourceRelation xmlns:xlink="http://www.w3.org/1999/xlink"
                           resourceRelationType="creatorOf"
                           xlink:href="FRAN_IR_056800"
                           xlink:type="simple">
            <relationEntry localType="archival">Archives du Secrétariat général de la Cour des comptes (1919-2006)</relationEntry>
         </resourceRelation>
         <resourceRelation xmlns:xlink="http://www.w3.org/1999/xlink"
                           resourceRelationType="creatorOf"
                           xlink:href="FRAN_IR_056982"
                           xlink:type="simple">
            <relationEntry localType="archival">Archives de la Cour des comptes. Dossiers-liasses-rapports d'affaires de gestion de
     fait (1971-2002).</relationEntry>
         </resourceRelation>
         <resourceRelation xmlns:xlink="http://www.w3.org/1999/xlink"
                           resourceRelationType="creatorOf"
                           xlink:href="FRAN_IR_056993"
                           xlink:type="simple">
            <relationEntry localType="archival">Archives de la Cour des comptes. Dossiers-liasses-rapports d'affaires signalées (2002).</relationEntry>
         </resourceRelation>
         <resourceRelation xmlns:xlink="http://www.w3.org/1999/xlink"
                           resourceRelationType="creatorOf"
                           xlink:href="FRAN_IR_056994"
                           xlink:type="simple">
            <relationEntry localType="archival">Archives de la Cour des comptes. Arrêts, rapports et déclaration générale de conformité (1835-1912).</relationEntry>
         </resourceRelation>
         <resourceRelation xmlns:xlink="http://www.w3.org/1999/xlink"
                           resourceRelationType="creatorOf"
                           xlink:href="FRAN_IR_056995"
                           xlink:type="simple">
            <relationEntry localType="archival">Archives de la sixième chambre de la Cour des comptes. Élaboration du rapport annuel sur la Sécurité sociale (1998-2002).</relationEntry>
         </resourceRelation>
         <resourceRelation xmlns:xlink="http://www.w3.org/1999/xlink"
                           resourceRelationType="creatorOf"
                           xlink:href="FRAN_IR_056999"
                           xlink:type="simple">
            <relationEntry localType="archival">Archives de la cinquième chambre de la Cour des comptes. Rapports (1962-1975).</relationEntry>
         </resourceRelation>
         <resourceRelation xmlns:xlink="http://www.w3.org/1999/xlink"
                           resourceRelationType="creatorOf"
                           xlink:href="FRAN_IR_057001"
                           xlink:type="simple">
            <relationEntry localType="archival">Archives du Secrétariat général de la Cour des comptes. Dossiers de carrière des
     magistrats de la Cour des comptes (1912-2012).</relationEntry>
         </resourceRelation>
         <resourceRelation xmlns:xlink="http://www.w3.org/1999/xlink"
                           resourceRelationType="creatorOf"
                           xlink:href="FRAN_IR_057153"
                           xlink:type="simple">
            <relationEntry localType="archival">Archives du Secrétariat général de la Cour des comptes. Dossiers relatifs aux chambres régionales et territoriales des comptes (1982-2006).</relationEntry>
         </resourceRelation>
      </relations>
   </cpfDescription>
</eac-cpf>
