<eac-cpf xmlns="urn:isbn:1-931666-33-4"
         xmlns:xsi="http://www.w3.org/2001/XMLSchema-instance"
         xsi:schemaLocation="urn:isbn:1-931666-33-4 cpf.xsd">
   <control>
      <recordId>FRAN_NP_000093</recordId>
      <otherRecordId localType="Ancien_identifiant">1403</otherRecordId>
      <maintenanceStatus>derived</maintenanceStatus>
      <maintenanceAgency>
         <agencyName>Archives nationales de France</agencyName>
      </maintenanceAgency>
      <languageDeclaration>
         <language languageCode="fre">Français</language>
         <script scriptCode="Latn"/>
      </languageDeclaration>
      <conventionDeclaration>
         <citation>Notice établie conformément à la norme ICA-ISAAR (CPF) 2004, aux normes ISO 8601 pour le système de normalisation des dates utilisé, ainsi que AFNOR NF Z 44-061, juin 1986. Catalogage : forme et structure des vedettes noms de personne, des vedettes titres, des rubriques de classement et des titres forgés.</citation>
      </conventionDeclaration>
      <localControl localType="niveau_de_detail">
         <term>Élémentaire</term>
      </localControl>
      <maintenanceHistory>
         <maintenanceEvent>
            <eventType>derived</eventType>
            <eventDateTime>2013-04-23</eventDateTime>
            <agentType>machine</agentType>
            <agent>Import_SIA</agent>
         </maintenanceEvent>
      </maintenanceHistory>
   </control>
   <cpfDescription>
      <identity>
         <entityType>corporateBody</entityType>
         <nameEntry localType="autorisée" scriptCode="Latn" xml:lang="fre">
            <part>Conseil constitutionnel</part>
         </nameEntry>
      </identity>
      <description>
         <existDates>
            <dateRange>
               <fromDate standardDate="1959-01-01">1959</fromDate>
            </dateRange>
         </existDates>
         <legalStatuses>
            <legalStatus>
               <term vocabularySource="d5bloo28po-1bei6cefdzkj">autorité indépendante</term>
            </legalStatus>
         </legalStatuses>
      </description>
      <relations>
         <cpfRelation xmlns:xlink="http://www.w3.org/1999/xlink"
                      cpfRelationType="associative"
                      xlink:href="FRAN_NP_009941"
                      xlink:type="simple">
            <relationEntry>Veil, Simone (1927-....)</relationEntry>
            <dateRange>
               <fromDate standardDate="1998-01-01">1998</fromDate>
               <toDate standardDate="2007-12-31">2007</toDate>
            </dateRange>
            <descriptiveNote>
               <p>
     S. Veil, membre du Conseil constitutionnel
    </p>
            </descriptiveNote>
         </cpfRelation>
         <cpfRelation xmlns:xlink="http://www.w3.org/1999/xlink"
                      cpfRelationType="associative"
                      xlink:href="FRAN_NP_050178"
                      xlink:type="simple">
            <relationEntry>Palewski, Gaston (1901-1984)</relationEntry>
            <dateRange>
               <fromDate standardDate="1965-02-01">février 1965</fromDate>
               <toDate standardDate="1974-02-28">février 1974</toDate>
            </dateRange>
            <descriptiveNote>
               <p>
     G. Palewski, président du Conseil constitutionnel
    </p>
            </descriptiveNote>
         </cpfRelation>
         <cpfRelation xmlns:xlink="http://www.w3.org/1999/xlink"
                      cpfRelationType="associative"
                      xlink:href="FRAN_NP_050179"
                      xlink:type="simple">
            <relationEntry>Godard, Jean (1921-....)</relationEntry>
            <dateRange>
               <fromDate standardDate="1959-03-05">5 mars 1959</fromDate>
               <toDate standardDate="1964-12-31">1964</toDate>
            </dateRange>
            <descriptiveNote>
               <p>
     J. Godard, rapporteur adjoint près le Conseil constitutionnel
    </p>
            </descriptiveNote>
         </cpfRelation>
         <cpfRelation xmlns:xlink="http://www.w3.org/1999/xlink"
                      cpfRelationType="associative"
                      xlink:href="FRAN_NP_051428"
                      xlink:type="simple">
            <relationEntry>Lenoir, Noëlle (1948-....)</relationEntry>
            <dateRange>
               <fromDate standardDate="1992-02-25">25 février 1992</fromDate>
               <toDate standardDate="2001-02-26">26 février 2001</toDate>
            </dateRange>
            <descriptiveNote>
               <p>
     Membre du Conseil constitutionnel, nommée par le président de l’Assemblée nationale (Henri Emmanuelli)
    </p>
            </descriptiveNote>
         </cpfRelation>
         <cpfRelation xmlns:xlink="http://www.w3.org/1999/xlink"
                      cpfRelationType="associative"
                      xlink:href="FRAN_NP_051628"
                      xlink:type="simple">
            <relationEntry>Cassin, René (1887-1976)</relationEntry>
            <dateRange>
               <fromDate standardDate="1960-01-01">1960</fromDate>
               <toDate standardDate="1976-02-20">20 février 1976</toDate>
            </dateRange>
         </cpfRelation>
         <resourceRelation xmlns:xlink="http://www.w3.org/1999/xlink"
                           resourceRelationType="creatorOf"
                           xlink:href="FRAN_IR_054736"
                           xlink:type="simple">
            <relationEntry localType="archival">Archives du Conseil constitutionnel. Procès-verbaux des séances et originaux des décisions (2004-2007).</relationEntry>
         </resourceRelation>
         <resourceRelation xmlns:xlink="http://www.w3.org/1999/xlink"
                           resourceRelationType="creatorOf"
                           xlink:href="FRAN_IR_054749"
                           xlink:type="simple">
            <relationEntry localType="archival">Archives du Conseil constitutionnel. Procès-verbaux des séances et originaux des décisions (2008).</relationEntry>
         </resourceRelation>
         <resourceRelation xmlns:xlink="http://www.w3.org/1999/xlink"
                           resourceRelationType="creatorOf"
                           xlink:href="FRAN_IR_054752"
                           xlink:type="simple">
            <relationEntry localType="archival">Élections présidentielles de 2002. Archives du Conseil constitutionnel (2002).</relationEntry>
         </resourceRelation>
         <resourceRelation xmlns:xlink="http://www.w3.org/1999/xlink"
                           resourceRelationType="creatorOf"
                           xlink:href="FRAN_IR_054751"
                           xlink:type="simple">
            <relationEntry localType="archival">Référendum de 2000 sur le quinquennat présidentiel. Archives du Conseil constitutionnel (2000).</relationEntry>
         </resourceRelation>
         <resourceRelation xmlns:xlink="http://www.w3.org/1999/xlink"
                           resourceRelationType="creatorOf"
                           xlink:href="FRAN_IR_054774"
                           xlink:type="simple">
            <relationEntry localType="archival">Élections présidentielles de 2007. Archives du Conseil constitutionnel (2007).</relationEntry>
         </resourceRelation>
         <resourceRelation xmlns:xlink="http://www.w3.org/1999/xlink"
                           resourceRelationType="creatorOf"
                           xlink:href="FRAN_IR_054805"
                           xlink:type="simple">
            <relationEntry localType="archival">Archives du Conseil constitutionnel. Dossiers de procédure de contentieux des élections parlementaires (1958-1980).</relationEntry>
         </resourceRelation>
         <resourceRelation xmlns:xlink="http://www.w3.org/1999/xlink"
                           resourceRelationType="creatorOf"
                           xlink:href="FRAN_IR_054807"
                           xlink:type="simple">
            <relationEntry localType="archival">Archives du Conseil constitutionnel. Dossiers de procédure de contentieux des élections parlementaires (1981-2010).</relationEntry>
         </resourceRelation>
         <resourceRelation xmlns:xlink="http://www.w3.org/1999/xlink"
                           resourceRelationType="creatorOf"
                           xlink:href="FRAN_IR_054810"
                           xlink:type="simple">
            <relationEntry localType="archival">Archives du Conseil constitutionnel. Dossiers de questions prioritaires de constitutionnalité (2010-2012).</relationEntry>
         </resourceRelation>
         <resourceRelation xmlns:xlink="http://www.w3.org/1999/xlink"
                           resourceRelationType="creatorOf"
                           xlink:href="FRAN_IR_057190"
                           xlink:type="simple">
            <relationEntry localType="archival">Archives du Conseil constitutionnel. Dossiers de questions prioritaires de constitutionnalité (2012-2015).</relationEntry>
         </resourceRelation>
      </relations>
   </cpfDescription>
</eac-cpf>
