<eac-cpf xmlns="urn:isbn:1-931666-33-4"
         xmlns:xsi="http://www.w3.org/2001/XMLSchema-instance"
         xsi:schemaLocation="urn:isbn:1-931666-33-4 cpf.xsd">
   <control>
      <recordId>FRAN_NP_000066</recordId>
      <otherRecordId localType="Ancien_identifiant">1301</otherRecordId>
      <maintenanceStatus>derived</maintenanceStatus>
      <maintenanceAgency>
         <agencyName>Archives nationales de France</agencyName>
      </maintenanceAgency>
      <languageDeclaration>
         <language languageCode="fre">Français</language>
         <script scriptCode="Latn"/>
      </languageDeclaration>
      <conventionDeclaration>
         <citation>Notice établie conformément à la norme ICA-ISAAR (CPF) 2004, aux normes ISO 8601 pour le système de normalisation des dates utilisé, ainsi que AFNOR NF Z 44-061, juin 1986. Catalogage : forme et structure des vedettes noms de personne, des vedettes titres, des rubriques de classement et des titres forgés.</citation>
      </conventionDeclaration>
      <localControl localType="niveau_de_detail">
         <term>Élémentaire</term>
      </localControl>
      <maintenanceHistory>
         <maintenanceEvent>
            <eventType>derived</eventType>
            <eventDateTime>2015-09-30</eventDateTime>
            <agentType>machine</agentType>
            <agent>Import_SIA</agent>
         </maintenanceEvent>
      </maintenanceHistory>
   </control>
   <cpfDescription>
      <identity>
         <entityType>corporateBody</entityType>
         <nameEntry localType="autorisée" scriptCode="Latn" xml:lang="fre">
            <part>Assemblée nationale</part>
         </nameEntry>
      </identity>
      <description>
         <existDates>
            <dateRange>
               <fromDate standardDate="1946-01-01">1946</fromDate>
            </dateRange>
         </existDates>
      </description>
      <relations>
         <cpfRelation xmlns:xlink="http://www.w3.org/1999/xlink"
                      cpfRelationType="associative"
                      xlink:href="FRAN_NP_009283"
                      xlink:type="simple">
            <relationEntry>Léotard, François</relationEntry>
            <dateRange>
               <fromDate standardDate="1978-01-01">1978</fromDate>
               <toDate standardDate="2001-12-31">2001</toDate>
            </dateRange>
         </cpfRelation>
         <cpfRelation xmlns:xlink="http://www.w3.org/1999/xlink"
                      cpfRelationType="associative"
                      xlink:href="FRAN_NP_050961"
                      xlink:type="simple">
            <relationEntry>Donnedieu de Vabres, Renaud (1954-....)</relationEntry>
            <dateRange>
               <fromDate standardDate="1997-01-01">1997</fromDate>
               <toDate standardDate="2004-12-31">2004</toDate>
            </dateRange>
            <descriptiveNote>
               <p>
     Renaud Donnedieu de Vabres est député d'Indre-et-Loire.
    </p>
            </descriptiveNote>
         </cpfRelation>
         <cpfRelation xmlns:xlink="http://www.w3.org/1999/xlink"
                      cpfRelationType="associative"
                      xlink:href="FRAN_NP_051213"
                      xlink:type="simple">
            <relationEntry>Mermaz, Louis (1931-....)</relationEntry>
            <dateRange>
               <fromDate standardDate="1971-01-01">1971</fromDate>
               <toDate standardDate="2001-12-31">2001</toDate>
            </dateRange>
         </cpfRelation>
         <cpfRelation xmlns:xlink="http://www.w3.org/1999/xlink"
                      cpfRelationType="associative"
                      xlink:href="FRAN_NP_050178"
                      xlink:type="simple">
            <relationEntry>Palewski, Gaston (1901-1984)</relationEntry>
            <dateRange>
               <fromDate standardDate="1952-01-01">1952</fromDate>
               <toDate standardDate="1955-12-31">1955</toDate>
            </dateRange>
            <descriptiveNote>
               <p>
     G. Palewski, vice-président de l'Assemblée nationale
    </p>
            </descriptiveNote>
         </cpfRelation>
         <cpfRelation xmlns:xlink="http://www.w3.org/1999/xlink"
                      cpfRelationType="associative"
                      xlink:href="FRAN_NP_051428"
                      xlink:type="simple">
            <relationEntry>Lenoir, Noëlle (1948-....)</relationEntry>
            <dateRange>
               <fromDate standardDate="2012-10-10">10 octobre 2012</fromDate>
               <toDate standardDate="2014-04-30">avril 2014</toDate>
            </dateRange>
            <descriptiveNote>
               <p>
     Déontologue de l’Assemblée nationale
    </p>
            </descriptiveNote>
         </cpfRelation>
         <cpfRelation xmlns:xlink="http://www.w3.org/1999/xlink"
                      cpfRelationType="associative"
                      xlink:href="FRAN_NP_051465"
                      xlink:type="simple">
            <relationEntry>Besnard, Pierre (1966-....)</relationEntry>
            <dateRange>
               <fromDate standardDate="1988-01-01">1988</fromDate>
               <toDate standardDate="1991-12-31">1991</toDate>
            </dateRange>
            <descriptiveNote>
               <p>
     attaché parlementaire auprès de Claude Lareal, député PS de l'Ardèche
    </p>
            </descriptiveNote>
         </cpfRelation>
         <cpfRelation xmlns:xlink="http://www.w3.org/1999/xlink"
                      cpfRelationType="associative"
                      xlink:href="FRAN_NP_051499"
                      xlink:type="simple">
            <relationEntry>Vandendriessche, Annabelle (1985-....)</relationEntry>
            <dateRange>
               <fromDate standardDate="2016-01-01">2016</fromDate>
               <toDate standardDate="2016-12-31">2016</toDate>
            </dateRange>
            <descriptiveNote>
               <p>
     A. Vandendriessche, conseillère en charge des intérieurs et outre-mer au cabinet de Claude Bartolone, président de l'Assemblée nationale
    </p>
            </descriptiveNote>
         </cpfRelation>
         <cpfRelation xmlns:xlink="http://www.w3.org/1999/xlink"
                      cpfRelationType="associative"
                      xlink:href="FRAN_NP_051498"
                      xlink:type="simple">
            <relationEntry>Bouaziz, Julie (1986-....)</relationEntry>
            <dateRange>
               <fromDate standardDate="2016-01-01">2016</fromDate>
               <toDate standardDate="2016-03-19">19 mars 2016</toDate>
            </dateRange>
            <descriptiveNote>
               <p>
     J. Bouaziz, conseillère en charge des intérieurs et outre-mer au cabinet de Claude Bartolone, président de l'Assemblée nationale
    </p>
            </descriptiveNote>
         </cpfRelation>
         <cpfRelation xmlns:xlink="http://www.w3.org/1999/xlink"
                      cpfRelationType="associative"
                      xlink:href="FRAN_NP_051497"
                      xlink:type="simple">
            <relationEntry>Poignant, Bernard (1945-....)</relationEntry>
            <dateRange>
               <fromDate standardDate="1981-01-01">1981</fromDate>
               <toDate standardDate="1993-12-31">1993</toDate>
            </dateRange>
            <descriptiveNote>
               <p>
     député de 1981 à 1986, puis de 1988 à 1993 secrétaire de l'Assemblée nationale de 1985 à 1986
    </p>
            </descriptiveNote>
         </cpfRelation>
         <cpfRelation xmlns:xlink="http://www.w3.org/1999/xlink"
                      cpfRelationType="associative"
                      xlink:href="FRAN_NP_051525"
                      xlink:type="simple">
            <relationEntry>Bloche, Patrick (1956-....)</relationEntry>
            <dateRange>
               <fromDate standardDate="1997-01-01">1997</fromDate>
               <toDate standardDate="2017-12-31">2017</toDate>
            </dateRange>
            <descriptiveNote>
               <p>
     @isMemberOf@
    </p>
            </descriptiveNote>
         </cpfRelation>
         <cpfRelation xmlns:xlink="http://www.w3.org/1999/xlink"
                      cpfRelationType="associative"
                      xlink:href="FRAN_NP_050349"
                      xlink:type="simple">
            <relationEntry>Claudius-Petit, Eugène (1907-1989)</relationEntry>
            <dateRange>
               <fromDate standardDate="1946-01-01">1946</fromDate>
               <toDate standardDate="1978-12-31">1978</toDate>
            </dateRange>
            <descriptiveNote>
               <p>
     député de 1945 à 1978 ; vice-président de 1959 à 1962
    </p>
            </descriptiveNote>
         </cpfRelation>
         <cpfRelation xmlns:xlink="http://www.w3.org/1999/xlink"
                      cpfRelationType="associative"
                      xlink:href="FRAN_NP_009213"
                      xlink:type="simple">
            <relationEntry>Peyrefitte, Alain (1925-1999)</relationEntry>
            <dateRange>
               <fromDate standardDate="1958-01-01">1958</fromDate>
               <toDate standardDate="1995-12-31">1995</toDate>
            </dateRange>
            <descriptiveNote>
               <p>
     Président de la Commission des Affaires culturelles et sociales.
    </p>
            </descriptiveNote>
         </cpfRelation>
         <cpfRelation xmlns:xlink="http://www.w3.org/1999/xlink"
                      cpfRelationType="associative"
                      xlink:href="FRAN_NP_010114"
                      xlink:type="simple">
            <relationEntry>Séguin, Philippe</relationEntry>
            <dateRange>
               <fromDate standardDate="1988-06-13">13 juin 1988</fromDate>
               <toDate standardDate="2002-06-18">18 juin 2002</toDate>
            </dateRange>
         </cpfRelation>
         <resourceRelation xmlns:xlink="http://www.w3.org/1999/xlink"
                           resourceRelationType="subjectOf"
                           xlink:href="FRAN_IR_026176"
                           xlink:type="simple">
            <relationEntry localType="archival">Parlement ; Assemblée nationale (1967-1968)</relationEntry>
         </resourceRelation>
         <resourceRelation xmlns:xlink="http://www.w3.org/1999/xlink"
                           resourceRelationType="subjectOf"
                           xlink:href="FRAN_IR_026206"
                           xlink:type="simple">
            <relationEntry localType="archival">Parlement ; Assemblée nationale (1973-1978)</relationEntry>
         </resourceRelation>
         <resourceRelation xmlns:xlink="http://www.w3.org/1999/xlink"
                           resourceRelationType="subjectOf"
                           xlink:href="FRAN_IR_026208"
                           xlink:type="simple">
            <relationEntry localType="archival">Parlement ; Assemblée nationale (1978-1981)</relationEntry>
         </resourceRelation>
         <resourceRelation xmlns:xlink="http://www.w3.org/1999/xlink"
                           resourceRelationType="subjectOf"
                           xlink:href="FRAN_IR_026207"
                           xlink:type="simple">
            <relationEntry localType="archival">Parlement ; Assemblée nationale (1973-1978)</relationEntry>
         </resourceRelation>
         <resourceRelation xmlns:xlink="http://www.w3.org/1999/xlink"
                           resourceRelationType="subjectOf"
                           xlink:href="FRAN_IR_026209"
                           xlink:type="simple">
            <relationEntry localType="archival">Parlement ; Assemblée nationale (1978-1981)</relationEntry>
         </resourceRelation>
         <resourceRelation xmlns:xlink="http://www.w3.org/1999/xlink"
                           resourceRelationType="subjectOf"
                           xlink:href="FRAN_IR_026173"
                           xlink:type="simple">
            <relationEntry localType="archival">Parlement ; Assemblée nationale (1968-1973)</relationEntry>
         </resourceRelation>
         <resourceRelation xmlns:xlink="http://www.w3.org/1999/xlink"
                           resourceRelationType="subjectOf"
                           xlink:href="FRAN_IR_026170"
                           xlink:type="simple">
            <relationEntry localType="archival">Parlement ; Assemblée nationale (1959-1962)</relationEntry>
         </resourceRelation>
         <resourceRelation xmlns:xlink="http://www.w3.org/1999/xlink"
                           resourceRelationType="subjectOf"
                           xlink:href="FRAN_IR_026171"
                           xlink:type="simple">
            <relationEntry localType="archival">Parlement ; Assemblée nationale (1962-1967)</relationEntry>
         </resourceRelation>
         <resourceRelation xmlns:xlink="http://www.w3.org/1999/xlink"
                           resourceRelationType="subjectOf"
                           xlink:href="FRAN_IR_026172"
                           xlink:type="simple">
            <relationEntry localType="archival">Parlement ; Assemblée nationale (1967-1968)</relationEntry>
         </resourceRelation>
         <resourceRelation xmlns:xlink="http://www.w3.org/1999/xlink"
                           resourceRelationType="subjectOf"
                           xlink:href="FRAN_IR_026175"
                           xlink:type="simple">
            <relationEntry localType="archival">Parlement ; Assemblée nationale (1962-1967)</relationEntry>
         </resourceRelation>
         <resourceRelation xmlns:xlink="http://www.w3.org/1999/xlink"
                           resourceRelationType="subjectOf"
                           xlink:href="FRAN_IR_026177"
                           xlink:type="simple">
            <relationEntry localType="archival">Parlement ; Assemblée nationale (1968-1973)</relationEntry>
         </resourceRelation>
         <resourceRelation xmlns:xlink="http://www.w3.org/1999/xlink"
                           resourceRelationType="subjectOf"
                           xlink:href="FRAN_IR_026174"
                           xlink:type="simple">
            <relationEntry localType="archival">Parlement ; Assemblée nationale (1959-1962)</relationEntry>
         </resourceRelation>
         <resourceRelation xmlns:xlink="http://www.w3.org/1999/xlink"
                           resourceRelationType="subjectOf"
                           xlink:href="FRAN_IR_026229"
                           xlink:type="simple">
            <relationEntry localType="archival">Parlement ; Assemblée nationale (1986-1988)</relationEntry>
         </resourceRelation>
         <resourceRelation xmlns:xlink="http://www.w3.org/1999/xlink"
                           resourceRelationType="subjectOf"
                           xlink:href="FRAN_IR_026227"
                           xlink:type="simple">
            <relationEntry localType="archival">Parlement ; Assemblée nationale (1981-1986)</relationEntry>
         </resourceRelation>
         <resourceRelation xmlns:xlink="http://www.w3.org/1999/xlink"
                           resourceRelationType="subjectOf"
                           xlink:href="FRAN_IR_026230"
                           xlink:type="simple">
            <relationEntry localType="archival">Parlement ; Assemblée nationale (1986-1988)</relationEntry>
         </resourceRelation>
         <resourceRelation xmlns:xlink="http://www.w3.org/1999/xlink"
                           resourceRelationType="subjectOf"
                           xlink:href="FRAN_IR_026359"
                           xlink:type="simple">
            <relationEntry localType="archival">Parlement ; Assemblée nationale (1988-1993)</relationEntry>
         </resourceRelation>
         <resourceRelation xmlns:xlink="http://www.w3.org/1999/xlink"
                           resourceRelationType="subjectOf"
                           xlink:href="FRAN_IR_026358"
                           xlink:type="simple">
            <relationEntry localType="archival">Parlement ; Assemblée nationale (1988-1993)</relationEntry>
         </resourceRelation>
         <resourceRelation xmlns:xlink="http://www.w3.org/1999/xlink"
                           resourceRelationType="subjectOf"
                           xlink:href="FRAN_IR_026362"
                           xlink:type="simple">
            <relationEntry localType="archival">Parlement ; Assemblée nationale (1993-1997)</relationEntry>
         </resourceRelation>
         <resourceRelation xmlns:xlink="http://www.w3.org/1999/xlink"
                           resourceRelationType="subjectOf"
                           xlink:href="FRAN_IR_026361"
                           xlink:type="simple">
            <relationEntry localType="archival">Parlement ; Assemblée nationale (1993-1997)</relationEntry>
         </resourceRelation>
         <resourceRelation xmlns:xlink="http://www.w3.org/1999/xlink"
                           resourceRelationType="subjectOf"
                           xlink:href="FRAN_IR_026231"
                           xlink:type="simple">
            <relationEntry localType="archival">Parlement ; Assemblée nationale (1986-1988)</relationEntry>
         </resourceRelation>
         <resourceRelation xmlns:xlink="http://www.w3.org/1999/xlink"
                           resourceRelationType="subjectOf"
                           xlink:href="FRAN_IR_026360"
                           xlink:type="simple">
            <relationEntry localType="archival">Parlement ; Assemblée nationale (1988-1993)</relationEntry>
         </resourceRelation>
         <resourceRelation xmlns:xlink="http://www.w3.org/1999/xlink"
                           resourceRelationType="subjectOf"
                           xlink:href="FRAN_IR_026363"
                           xlink:type="simple">
            <relationEntry localType="archival">Parlement ; Assemblée nationale (1993-1997)</relationEntry>
         </resourceRelation>
         <resourceRelation xmlns:xlink="http://www.w3.org/1999/xlink"
                           resourceRelationType="creatorOf"
                           xlink:href="FRAN_IR_026228"
                           xlink:type="simple">
            <relationEntry localType="archival">Assemblée nationale, commission parlementaire des affaires cultures, familiales et
          sociales, 7ème législature (1981-1986)</relationEntry>
         </resourceRelation>
         <resourceRelation xmlns:xlink="http://www.w3.org/1999/xlink"
                           resourceRelationType="creatorOf"
                           xlink:href="FRAN_IR_026364"
                           xlink:type="simple">
            <relationEntry localType="archival">Assemblée nationale. Archives du Service des Etudes et de la documentation
     (1961-2005)</relationEntry>
         </resourceRelation>
         <resourceRelation xmlns:xlink="http://www.w3.org/1999/xlink"
                           resourceRelationType="creatorOf"
                           xlink:href="FRAN_IR_057162"
                           xlink:type="simple">
            <relationEntry localType="archival">Assemblée nationale. Procès-verbaux des commissions de la Xe législature (2 avril
     1993-21 avril 1997)</relationEntry>
         </resourceRelation>
         <resourceRelation xmlns:xlink="http://www.w3.org/1999/xlink"
                           resourceRelationType="creatorOf"
                           xlink:href="FRAN_IR_026226"
                           xlink:type="simple">
            <relationEntry localType="archival">Parlement ; Assemblée nationale (1981-1986)</relationEntry>
         </resourceRelation>
         <resourceRelation xmlns:xlink="http://www.w3.org/1999/xlink"
                           resourceRelationType="creatorOf"
                           xlink:href="FRAN_IR_057325"
                           xlink:type="simple">
            <relationEntry localType="archival">Pièces remarquables des archives de l'Assemblée nationale</relationEntry>
         </resourceRelation>
      </relations>
   </cpfDescription>
</eac-cpf>
