<eac-cpf xmlns="urn:isbn:1-931666-33-4"
         xmlns:xsi="http://www.w3.org/2001/XMLSchema-instance"
         xsi:schemaLocation="urn:isbn:1-931666-33-4 cpf.xsd">
   <control>
      <recordId>FRAN_NP_000142</recordId>
      <otherRecordId localType="Ancien_identifiant">1201/RP</otherRecordId>
      <maintenanceStatus>derived</maintenanceStatus>
      <maintenanceAgency>
         <agencyName>Archives nationales de France</agencyName>
      </maintenanceAgency>
      <languageDeclaration>
         <language languageCode="fre">Français</language>
         <script scriptCode="Latn"/>
      </languageDeclaration>
      <conventionDeclaration>
         <citation>Notice établie conformément à la norme ICA-ISAAR (CPF) 2004, aux normes ISO 8601 pour le système de normalisation des dates utilisé, ainsi que AFNOR NF Z 44-061, juin 1986. Catalogage : forme et structure des vedettes noms de personne, des vedettes titres, des rubriques de classement et des titres forgés.</citation>
      </conventionDeclaration>
      <localControl localType="niveau_de_detail">
         <term>Moyenne</term>
      </localControl>
      <maintenanceHistory>
         <maintenanceEvent>
            <eventType>derived</eventType>
            <eventDateTime>2013-04-23</eventDateTime>
            <agentType>machine</agentType>
            <agent>Import_SIA</agent>
         </maintenanceEvent>
      </maintenanceHistory>
   </control>
   <cpfDescription>
      <identity>
         <entityType>corporateBody</entityType>
         <nameEntry scriptCode="Latn" localType="autorisée" xml:lang="fre">
            <part>Bureau des interventions (cabinet du Premier ministre)</part>
         </nameEntry>
      </identity>
      <description>
         <existDates>
            <dateRange>
               <fromDate standardDate="1959-01-01">1959</fromDate>
            </dateRange>
         </existDates>
         <legalStatuses>
            <legalStatus>
               <term vocabularySource="d5blonb04s-1nqrprwwl75h0">cabinet ministériel</term>
            </legalStatus>
         </legalStatuses>
      </description>
      <relations>
         <cpfRelation xmlns:xlink="http://www.w3.org/1999/xlink"
                      cpfRelationType="hierarchical-parent"
                      xlink:href="FRAN_NP_000144"
                      xlink:type="simple">
            <relationEntry>Cabinet du Premier ministre</relationEntry>
            <dateRange>
               <fromDate standardDate="1959-01-08">8 janvier 1959</fromDate>
               <toDate/>
            </dateRange>
         </cpfRelation>
         <resourceRelation xmlns:xlink="http://www.w3.org/1999/xlink"
                           resourceRelationType="subjectOf"
                           xlink:href="FRAN_IR_030000"
                           xlink:type="simple">
            <relationEntry localType="archival">Cabinet du premier ministre et services rattaches Cabinet Bureau des interventions</relationEntry>
         </resourceRelation>
         <resourceRelation xmlns:xlink="http://www.w3.org/1999/xlink"
                           resourceRelationType="subjectOf"
                           xlink:href="FRAN_IR_008445"
                           xlink:type="simple">
            <relationEntry localType="archival">Premier ministre ; Cabinet du Premier Ministre et services rattachés ; Cabinet ; Bureau interventions (1988-1991)</relationEntry>
         </resourceRelation>
         <resourceRelation xmlns:xlink="http://www.w3.org/1999/xlink"
                           resourceRelationType="subjectOf"
                           xlink:href="FRAN_IR_009452"
                           xlink:type="simple">
            <relationEntry localType="archival">Premier ministre ; Cabinet du Premier ministre et services rattachés ; Cabinet ; Bureau interventions (1995-1997)</relationEntry>
         </resourceRelation>
         <resourceRelation xmlns:xlink="http://www.w3.org/1999/xlink"
                           resourceRelationType="subjectOf"
                           xlink:href="FRAN_IR_009541"
                           xlink:type="simple">
            <relationEntry localType="archival">Premier ministre ; Cabinet du Premier ministre et services rattachés ; Cabinet ; Bureau interventions (1995-1997)</relationEntry>
         </resourceRelation>
         <resourceRelation xmlns:xlink="http://www.w3.org/1999/xlink"
                           resourceRelationType="subjectOf"
                           xlink:href="FRAN_IR_011074"
                           xlink:type="simple">
            <relationEntry localType="archival">Premier ministre ; Cabinet du Premier ministre et services rattachés ; Cabinet ; Bureau interventions (1974-1976)</relationEntry>
         </resourceRelation>
         <resourceRelation xmlns:xlink="http://www.w3.org/1999/xlink"
                           resourceRelationType="subjectOf"
                           xlink:href="FRAN_IR_011945"
                           xlink:type="simple">
            <relationEntry localType="archival">Premier ministre ; Cabinet du Premier ministre et services rattachés ; Cabinet ; Bureau interventions (1974-1978)</relationEntry>
         </resourceRelation>
         <resourceRelation xmlns:xlink="http://www.w3.org/1999/xlink"
                           resourceRelationType="subjectOf"
                           xlink:href="FRAN_IR_012124"
                           xlink:type="simple">
            <relationEntry localType="archival">Premier ministre ; Cabinet du Premier ministre et services rattachés ; Cabinet ; Bureau interventions (1974-1977)</relationEntry>
         </resourceRelation>
         <resourceRelation xmlns:xlink="http://www.w3.org/1999/xlink"
                           resourceRelationType="subjectOf"
                           xlink:href="FRAN_IR_006296"
                           xlink:type="simple">
            <relationEntry localType="archival">Premier ministre ; Cabinet du Premier ministre et services rattachés ; Cabinet ; Bureau interventions (1976-1981)</relationEntry>
         </resourceRelation>
         <resourceRelation xmlns:xlink="http://www.w3.org/1999/xlink"
                           resourceRelationType="subjectOf"
                           xlink:href="FRAN_IR_006882"
                           xlink:type="simple">
            <relationEntry localType="archival">Premier ministre ; Cabinet du Premier ministre et services rattachés ; Cabinet ; Bureau des interventions (1959-1962)</relationEntry>
         </resourceRelation>
         <resourceRelation xmlns:xlink="http://www.w3.org/1999/xlink"
                           resourceRelationType="subjectOf"
                           xlink:href="FRAN_IR_017987"
                           xlink:type="simple">
            <relationEntry localType="archival">Premier ministre ; Cabinet du Premier Ministre et services rattachés ; Cabinet ; Bureau interventions (1991-1992)</relationEntry>
         </resourceRelation>
         <resourceRelation xmlns:xlink="http://www.w3.org/1999/xlink"
                           resourceRelationType="subjectOf"
                           xlink:href="FRAN_IR_018147"
                           xlink:type="simple">
            <relationEntry localType="archival">Premier ministre ; Cabinet du Premier Ministre et services rattachés ; Cabinet ; Bureau interventions (1988-1991)</relationEntry>
         </resourceRelation>
         <resourceRelation xmlns:xlink="http://www.w3.org/1999/xlink"
                           resourceRelationType="subjectOf"
                           xlink:href="FRAN_IR_019346"
                           xlink:type="simple">
            <relationEntry localType="archival">Premier ministre ; Cabinet du Premier ministre et services rattachés ; Cabinet ; Bureau interventions (1997-2002)</relationEntry>
         </resourceRelation>
         <resourceRelation xmlns:xlink="http://www.w3.org/1999/xlink"
                           resourceRelationType="subjectOf"
                           xlink:href="FRAN_IR_019347"
                           xlink:type="simple">
            <relationEntry localType="archival">Premier ministre ; Cabinet du Premier ministre et services rattachés ; Cabinet ; Bureau interventions (1997-2002)</relationEntry>
         </resourceRelation>
         <resourceRelation xmlns:xlink="http://www.w3.org/1999/xlink"
                           resourceRelationType="subjectOf"
                           xlink:href="FRAN_IR_019466"
                           xlink:type="simple">
            <relationEntry localType="archival">Premier ministre ; Cabinet du Premier ministre et services rattachés ; Cabinet ; Bureau interventions (1997-2002)</relationEntry>
         </resourceRelation>
         <resourceRelation xmlns:xlink="http://www.w3.org/1999/xlink"
                           resourceRelationType="subjectOf"
                           xlink:href="FRAN_IR_019729"
                           xlink:type="simple">
            <relationEntry localType="archival">Premier ministre ; Cabinet du Premier ministre et services rattachés ; Cabinet ; Bureau interventions (2002-2005)</relationEntry>
         </resourceRelation>
         <resourceRelation xmlns:xlink="http://www.w3.org/1999/xlink"
                           resourceRelationType="subjectOf"
                           xlink:href="FRAN_IR_022379"
                           xlink:type="simple">
            <relationEntry localType="archival">Premier ministre ; Cabinet du Premier ministre et services rattachés ; Cabinet ; Bureau interventions (1992-1993)</relationEntry>
         </resourceRelation>
         <resourceRelation xmlns:xlink="http://www.w3.org/1999/xlink"
                           resourceRelationType="subjectOf"
                           xlink:href="FRAN_IR_022428"
                           xlink:type="simple">
            <relationEntry localType="archival">Premier ministre ; Cabinet du Premier ministre et services rattachés ; Cabinet ; Bureau interventions (1991-1992)</relationEntry>
         </resourceRelation>
         <resourceRelation xmlns:xlink="http://www.w3.org/1999/xlink"
                           resourceRelationType="subjectOf"
                           xlink:href="FRAN_IR_022435"
                           xlink:type="simple">
            <relationEntry localType="archival">Premier ministre ; Cabinet du Premier ministre et services rattachés ; Cabinet ; Bureau interventions (1992-1993)</relationEntry>
         </resourceRelation>
         <resourceRelation xmlns:xlink="http://www.w3.org/1999/xlink"
                           resourceRelationType="subjectOf"
                           xlink:href="FRAN_IR_022434"
                           xlink:type="simple">
            <relationEntry localType="archival">Premier ministre ; Cabinet du Premier ministre et services rattachés ; Cabinet ; Bureau interventions (1992-1993)</relationEntry>
         </resourceRelation>
         <resourceRelation xmlns:xlink="http://www.w3.org/1999/xlink"
                           resourceRelationType="subjectOf"
                           xlink:href="FRAN_IR_023746"
                           xlink:type="simple">
            <relationEntry localType="archival">Premier ministre ; Cabinet du Premier ministre et services rattachés ; Cabinet ; Bureau interventions (2002-2005)</relationEntry>
         </resourceRelation>
         <resourceRelation xmlns:xlink="http://www.w3.org/1999/xlink"
                           resourceRelationType="subjectOf"
                           xlink:href="FRAN_IR_008501"
                           xlink:type="simple">
            <relationEntry localType="archival">Premier ministre ; Cabinet du Premier ministre et services rattachés ; Cabinet ; Bureau des interventions (1988-1991)</relationEntry>
         </resourceRelation>
         <resourceRelation xmlns:xlink="http://www.w3.org/1999/xlink"
                           resourceRelationType="subjectOf"
                           xlink:href="FRAN_IR_008906"
                           xlink:type="simple">
            <relationEntry localType="archival">Premier ministre ; Cabinet du Premier ministre et services rattachés ; Cabinet ; Bureau interventions (1993-1995)</relationEntry>
         </resourceRelation>
         <resourceRelation xmlns:xlink="http://www.w3.org/1999/xlink"
                           resourceRelationType="subjectOf"
                           xlink:href="FRAN_IR_009482"
                           xlink:type="simple">
            <relationEntry localType="archival">Premier ministre ; Cabinet du Premier ministre et services rattachés ; Cabinet ; Bureau interventions (1995-1997)</relationEntry>
         </resourceRelation>
         <resourceRelation xmlns:xlink="http://www.w3.org/1999/xlink"
                           resourceRelationType="subjectOf"
                           xlink:href="FRAN_IR_013155"
                           xlink:type="simple">
            <relationEntry localType="archival">Premier ministre ; Cabinet du Premier ministre et services rattachés ; Cabinet ; Bureau interventions (1983-1986)</relationEntry>
         </resourceRelation>
         <resourceRelation xmlns:xlink="http://www.w3.org/1999/xlink"
                           resourceRelationType="subjectOf"
                           xlink:href="FRAN_IR_019436"
                           xlink:type="simple">
            <relationEntry localType="archival">Premier ministre ; Cabinet du Premier ministre et services rattachés ; Cabinet ; Bureau interventions (1997-2002)</relationEntry>
         </resourceRelation>
         <resourceRelation xmlns:xlink="http://www.w3.org/1999/xlink"
                           resourceRelationType="subjectOf"
                           xlink:href="FRAN_IR_018701"
                           xlink:type="simple">
            <relationEntry localType="archival">Premier ministre ; Cabinet du Premier ministre et services rattachés ; Cabinet ; Bureau interventions (1993-1995)</relationEntry>
         </resourceRelation>
         <resourceRelation xmlns:xlink="http://www.w3.org/1999/xlink"
                           resourceRelationType="subjectOf"
                           xlink:href="FRAN_IR_019413"
                           xlink:type="simple">
            <relationEntry localType="archival">Premier ministre ; Cabinet du Premier ministre et services rattachés ; Cabinet ; Bureau interventions (1997-2002)</relationEntry>
         </resourceRelation>
         <resourceRelation xmlns:xlink="http://www.w3.org/1999/xlink"
                           resourceRelationType="subjectOf"
                           xlink:href="FRAN_IR_019730"
                           xlink:type="simple">
            <relationEntry localType="archival">Premier ministre ; Cabinet du Premier ministre et services rattachés ; Cabinet ; Bureau interventions (2002-2005)</relationEntry>
         </resourceRelation>
         <resourceRelation xmlns:xlink="http://www.w3.org/1999/xlink"
                           resourceRelationType="subjectOf"
                           xlink:href="FRAN_IR_018086"
                           xlink:type="simple">
            <relationEntry localType="archival">Premier ministre ; Cabinet du Premier Ministre et services rattachés ; Cabinet ; Bureau Interventions (1991-1992)</relationEntry>
         </resourceRelation>
         <resourceRelation xmlns:xlink="http://www.w3.org/1999/xlink"
                           resourceRelationType="subjectOf"
                           xlink:href="FRAN_IR_019510"
                           xlink:type="simple">
            <relationEntry localType="archival">Premier ministre ; Cabinet du Premier ministre et services rattachés ; Cabinet ; Bureau interventions (1988-1991)</relationEntry>
         </resourceRelation>
      </relations>
   </cpfDescription>
</eac-cpf>
