<eac-cpf xmlns="urn:isbn:1-931666-33-4"
         xmlns:xsi="http://www.w3.org/2001/XMLSchema-instance"
         xsi:schemaLocation="urn:isbn:1-931666-33-4 cpf.xsd">
   <control>
      <recordId>FRAN_NP_000082</recordId>
      <otherRecordId localType="Ancien_identifiant">1402/BAJ</otherRecordId>
      <maintenanceStatus>derived</maintenanceStatus>
      <maintenanceAgency>
         <agencyName>Archives nationales de France</agencyName>
      </maintenanceAgency>
      <languageDeclaration>
         <language languageCode="fre">Français</language>
         <script scriptCode="Latn"/>
      </languageDeclaration>
      <conventionDeclaration>
         <citation>Notice établie conformément à la norme ICA-ISAAR (CPF) 2004, aux normes ISO 8601 pour le système de normalisation des dates utilisé, ainsi que AFNOR NF Z 44-061, juin 1986. Catalogage : forme et structure des vedettes noms de personne, des vedettes titres, des rubriques de classement et des titres forgés.</citation>
      </conventionDeclaration>
      <localControl localType="niveau_de_detail">
         <term>Moyenne</term>
      </localControl>
      <maintenanceHistory>
         <maintenanceEvent>
            <eventType>derived</eventType>
            <eventDateTime>2013-04-23</eventDateTime>
            <agentType>machine</agentType>
            <agent>Import_SIA</agent>
         </maintenanceEvent>
      </maintenanceHistory>
   </control>
   <cpfDescription>
      <identity>
         <entityType>corporateBody</entityType>
         <nameEntry scriptCode="Latn" localType="autorisée" xml:lang="fre">
            <part>Cour de cassation, service de l'aide judiciaire</part>
         </nameEntry>
      </identity>
      <description>
         <existDates>
            <dateRange>
               <fromDate standardDate="1976-01-01">1976</fromDate>
            </dateRange>
         </existDates>
         <legalStatuses>
            <legalStatus>
               <term vocabularySource="d5bloo2lv1--65p8cc56ah9l">juridiction</term>
            </legalStatus>
         </legalStatuses>
      </description>
      <relations>
         <cpfRelation xmlns:xlink="http://www.w3.org/1999/xlink"
                      cpfRelationType="hierarchical-parent"
                      xlink:href="FRAN_NP_000092"
                      xlink:type="simple">
            <relationEntry>Cour de cassation</relationEntry>
            <dateRange>
               <fromDate standardDate="1976-01-01">1976</fromDate>
               <toDate/>
            </dateRange>
         </cpfRelation>
         <resourceRelation xmlns:xlink="http://www.w3.org/1999/xlink"
                           resourceRelationType="subjectOf"
                           xlink:href="FRAN_IR_012881"
                           xlink:type="simple">
            <relationEntry localType="archival">Grands Corps de l'Etat ; Cour de Cassation ; Service de l'aide judiciaire (1980-1980)</relationEntry>
         </resourceRelation>
         <resourceRelation xmlns:xlink="http://www.w3.org/1999/xlink"
                           resourceRelationType="subjectOf"
                           xlink:href="FRAN_IR_016380"
                           xlink:type="simple">
            <relationEntry localType="archival">Grands corps de l'Etat ; Cour de cassation ; Service de l'Aide judiciaire (1999-2000)</relationEntry>
         </resourceRelation>
         <resourceRelation xmlns:xlink="http://www.w3.org/1999/xlink"
                           resourceRelationType="subjectOf"
                           xlink:href="FRAN_IR_023276"
                           xlink:type="simple">
            <relationEntry localType="archival">Grands corps de l'Etat ; Cour de cassation ; Service de l'Aide judiciaire (1997)</relationEntry>
         </resourceRelation>
         <resourceRelation xmlns:xlink="http://www.w3.org/1999/xlink"
                           resourceRelationType="subjectOf"
                           xlink:href="FRAN_IR_010308"
                           xlink:type="simple">
            <relationEntry localType="archival">Grands corps de l'Etat ; Cour de cassation ; Service de l'aide judiciaire (1906-1927)</relationEntry>
         </resourceRelation>
         <resourceRelation xmlns:xlink="http://www.w3.org/1999/xlink"
                           resourceRelationType="subjectOf"
                           xlink:href="FRAN_IR_009689"
                           xlink:type="simple">
            <relationEntry localType="archival">Grands corps de l'Etat ; Cour de cassation ; Service de l'aide judiciaire (1990)</relationEntry>
         </resourceRelation>
         <resourceRelation xmlns:xlink="http://www.w3.org/1999/xlink"
                           resourceRelationType="subjectOf"
                           xlink:href="FRAN_IR_009916"
                           xlink:type="simple">
            <relationEntry localType="archival">Grands corps de l'Etat ; Cour de cassation ; Service de l'aide judiciaire (1986-1993)</relationEntry>
         </resourceRelation>
         <resourceRelation xmlns:xlink="http://www.w3.org/1999/xlink"
                           resourceRelationType="subjectOf"
                           xlink:href="FRAN_IR_010307"
                           xlink:type="simple">
            <relationEntry localType="archival">Grands corps de l'Etat ; Cour de cassation ; Service de l'aide judiciaire (1881-1895)</relationEntry>
         </resourceRelation>
         <resourceRelation xmlns:xlink="http://www.w3.org/1999/xlink"
                           resourceRelationType="subjectOf"
                           xlink:href="FRAN_IR_010306"
                           xlink:type="simple">
            <relationEntry localType="archival">Grands corps de l'Etat ; Cour de cassation ; Service de l'aide judiciaire (1870-1950)</relationEntry>
         </resourceRelation>
         <resourceRelation xmlns:xlink="http://www.w3.org/1999/xlink"
                           resourceRelationType="subjectOf"
                           xlink:href="FRAN_IR_010309"
                           xlink:type="simple">
            <relationEntry localType="archival">Grands corps de l'Etat ; Cour de cassation ; Service de l'aide judiciaire (1886-1948)</relationEntry>
         </resourceRelation>
         <resourceRelation xmlns:xlink="http://www.w3.org/1999/xlink"
                           resourceRelationType="subjectOf"
                           xlink:href="FRAN_IR_016507"
                           xlink:type="simple">
            <relationEntry localType="archival">Grands corps de l'Etat ; Cour de cassation ; Service de l'aide judiciaire (1969-1969)</relationEntry>
         </resourceRelation>
         <resourceRelation xmlns:xlink="http://www.w3.org/1999/xlink"
                           resourceRelationType="subjectOf"
                           xlink:href="FRAN_IR_016501"
                           xlink:type="simple">
            <relationEntry localType="archival">Grands corps de l'Etat ; Cour de cassation ; Service de l'aide judiciaire (1963-1963)</relationEntry>
         </resourceRelation>
         <resourceRelation xmlns:xlink="http://www.w3.org/1999/xlink"
                           resourceRelationType="subjectOf"
                           xlink:href="FRAN_IR_016502"
                           xlink:type="simple">
            <relationEntry localType="archival">Grands corps de l'Etat ; Cour de cassation ; Service de l'aide judiciaire (1964-1964)</relationEntry>
         </resourceRelation>
         <resourceRelation xmlns:xlink="http://www.w3.org/1999/xlink"
                           resourceRelationType="subjectOf"
                           xlink:href="FRAN_IR_016503"
                           xlink:type="simple">
            <relationEntry localType="archival">Grands corps de l'Etat ; Cour de cassation ; Service de l'aide judiciaire (1965-1965)</relationEntry>
         </resourceRelation>
         <resourceRelation xmlns:xlink="http://www.w3.org/1999/xlink"
                           resourceRelationType="subjectOf"
                           xlink:href="FRAN_IR_016506"
                           xlink:type="simple">
            <relationEntry localType="archival">Grands corps de l'Etat ; Cour de cassation ; Service de l'aide judiciaire (1968-1968)</relationEntry>
         </resourceRelation>
         <resourceRelation xmlns:xlink="http://www.w3.org/1999/xlink"
                           resourceRelationType="subjectOf"
                           xlink:href="FRAN_IR_016504"
                           xlink:type="simple">
            <relationEntry localType="archival">Grands corps de l'Etat ; Cour de cassation ; Service de l'aide judiciaire (1966-1966)</relationEntry>
         </resourceRelation>
         <resourceRelation xmlns:xlink="http://www.w3.org/1999/xlink"
                           resourceRelationType="subjectOf"
                           xlink:href="FRAN_IR_016505"
                           xlink:type="simple">
            <relationEntry localType="archival">Grands corps de l'Etat ; Cour de cassation ; Service de l'aide judiciaire (1967-1967)</relationEntry>
         </resourceRelation>
         <resourceRelation xmlns:xlink="http://www.w3.org/1999/xlink"
                           resourceRelationType="subjectOf"
                           xlink:href="FRAN_IR_016508"
                           xlink:type="simple">
            <relationEntry localType="archival">Grands corps de l'Etat ; Cour de cassation ; Service de l'aide judiciaire (1970-1970)</relationEntry>
         </resourceRelation>
         <resourceRelation xmlns:xlink="http://www.w3.org/1999/xlink"
                           resourceRelationType="subjectOf"
                           xlink:href="FRAN_IR_019192"
                           xlink:type="simple">
            <relationEntry localType="archival">Grands corps de l'Etat ; Cour de cassation ; Service de l'aide judiciaire (1995)</relationEntry>
         </resourceRelation>
         <resourceRelation xmlns:xlink="http://www.w3.org/1999/xlink"
                           resourceRelationType="subjectOf"
                           xlink:href="FRAN_IR_019473"
                           xlink:type="simple">
            <relationEntry localType="archival">Grands corps de l'Etat ; Cour de cassation ; Service de l'aide judiciaire (1993-1998)</relationEntry>
         </resourceRelation>
         <resourceRelation xmlns:xlink="http://www.w3.org/1999/xlink"
                           resourceRelationType="subjectOf"
                           xlink:href="FRAN_IR_019719"
                           xlink:type="simple">
            <relationEntry localType="archival">Grands corps de l'Etat ; Cour de cassation ; Service de l'aide judiciaire (1977-1977)</relationEntry>
         </resourceRelation>
         <resourceRelation xmlns:xlink="http://www.w3.org/1999/xlink"
                           resourceRelationType="subjectOf"
                           xlink:href="FRAN_IR_019723"
                           xlink:type="simple">
            <relationEntry localType="archival">Grands corps de l'Etat ; Cour de cassation ; Service de l'aide judiciaire (1978-1978)</relationEntry>
         </resourceRelation>
         <resourceRelation xmlns:xlink="http://www.w3.org/1999/xlink"
                           resourceRelationType="subjectOf"
                           xlink:href="FRAN_IR_022014"
                           xlink:type="simple">
            <relationEntry localType="archival">Grands corps de l'Etat ; Cour de cassation ; Service de l'aide judiciaire (1950-1966)</relationEntry>
         </resourceRelation>
         <resourceRelation xmlns:xlink="http://www.w3.org/1999/xlink"
                           resourceRelationType="subjectOf"
                           xlink:href="FRAN_IR_023836"
                           xlink:type="simple">
            <relationEntry localType="archival">Grands corps de l'Etat ; Cour de cassation ; Service de l'aide judiciaire (1981-1981)</relationEntry>
         </resourceRelation>
         <resourceRelation xmlns:xlink="http://www.w3.org/1999/xlink"
                           resourceRelationType="subjectOf"
                           xlink:href="FRAN_IR_026220"
                           xlink:type="simple">
            <relationEntry localType="archival">Grands corps de l'Etat ; Cour de cassation ; Service de l'aide judiciaire (2001-2002)</relationEntry>
         </resourceRelation>
         <resourceRelation xmlns:xlink="http://www.w3.org/1999/xlink"
                           resourceRelationType="subjectOf"
                           xlink:href="FRAN_IR_026575"
                           xlink:type="simple">
            <relationEntry localType="archival">Grands corps de l'Etat ; Cour de cassation ; Service de l'aide judiciaire (1982-1982)</relationEntry>
         </resourceRelation>
         <resourceRelation xmlns:xlink="http://www.w3.org/1999/xlink"
                           resourceRelationType="subjectOf"
                           xlink:href="FRAN_IR_010300"
                           xlink:type="simple">
            <relationEntry localType="archival">Grands corps de l'Etat ; Cour de cassation ; Service de l'aide judiciaire (1973-1973)</relationEntry>
         </resourceRelation>
         <resourceRelation xmlns:xlink="http://www.w3.org/1999/xlink"
                           resourceRelationType="subjectOf"
                           xlink:href="FRAN_IR_010418"
                           xlink:type="simple">
            <relationEntry localType="archival">Grands corps de l'Etat ; Cour de cassation ; Service de l'aide judiciaire (1974-1974)</relationEntry>
         </resourceRelation>
         <resourceRelation xmlns:xlink="http://www.w3.org/1999/xlink"
                           resourceRelationType="subjectOf"
                           xlink:href="FRAN_IR_011859"
                           xlink:type="simple">
            <relationEntry localType="archival">Grands corps de l'Etat ; Cour de cassation ; Service de l'aide judiciaire (1972-1972)</relationEntry>
         </resourceRelation>
         <resourceRelation xmlns:xlink="http://www.w3.org/1999/xlink"
                           resourceRelationType="subjectOf"
                           xlink:href="FRAN_IR_016302"
                           xlink:type="simple">
            <relationEntry localType="archival">Grands corps de l'Etat ; Cour de cassation ; Service de l'aide judiciaire (1976-1976)</relationEntry>
         </resourceRelation>
         <resourceRelation xmlns:xlink="http://www.w3.org/1999/xlink"
                           resourceRelationType="subjectOf"
                           xlink:href="FRAN_IR_026515"
                           xlink:type="simple">
            <relationEntry localType="archival">Grands corps de l'Etat ; Cour de cassation ; Service de l'Aide judiciaire (1979-1979)</relationEntry>
         </resourceRelation>
      </relations>
   </cpfDescription>
</eac-cpf>
