<eac-cpf xmlns="urn:isbn:1-931666-33-4"
         xmlns:xsi="http://www.w3.org/2001/XMLSchema-instance"
         xsi:schemaLocation="urn:isbn:1-931666-33-4 cpf.xsd">
   <control>
      <recordId>FRAN_NP_000088</recordId>
      <otherRecordId localType="Ancien_identifiant">1402/CRIM</otherRecordId>
      <maintenanceStatus>derived</maintenanceStatus>
      <maintenanceAgency>
         <agencyName>Archives nationales de France</agencyName>
      </maintenanceAgency>
      <languageDeclaration>
         <language languageCode="fre">Français</language>
         <script scriptCode="Latn"/>
      </languageDeclaration>
      <conventionDeclaration>
         <citation>Notice établie conformément à la norme ICA-ISAAR (CPF) 2004, aux normes ISO 8601 pour le système de normalisation des dates utilisé, ainsi que AFNOR NF Z 44-061, juin 1986. Catalogage : forme et structure des vedettes noms de personne, des vedettes titres, des rubriques de classement et des titres forgés.</citation>
      </conventionDeclaration>
      <localControl localType="niveau_de_detail">
         <term>Moyenne</term>
      </localControl>
      <maintenanceHistory>
         <maintenanceEvent>
            <eventType>derived</eventType>
            <eventDateTime>2013-04-23</eventDateTime>
            <agentType>machine</agentType>
            <agent>Import_SIA</agent>
         </maintenanceEvent>
      </maintenanceHistory>
   </control>
   <cpfDescription>
      <identity>
         <entityType>corporateBody</entityType>
         <nameEntry localType="autorisée" scriptCode="Latn" xml:lang="fre">
            <part>Cour de cassation, greffe criminel</part>
         </nameEntry>
      </identity>
      <description>
         <existDates>
            <dateRange>
               <fromDate standardDate="1790-01-01">1790</fromDate>
            </dateRange>
         </existDates>
         <legalStatuses>
            <legalStatus>
               <term vocabularySource="d5bloo2lv1--65p8cc56ah9l">juridiction</term>
            </legalStatus>
         </legalStatuses>
      </description>
      <relations>
         <cpfRelation xmlns:xlink="http://www.w3.org/1999/xlink"
                      cpfRelationType="associative"
                      xlink:href="FRAN_NP_051564"
                      xlink:type="simple">
            <relationEntry>Sallantin, Théodore (1824-1907)</relationEntry>
            <dateRange>
               <fromDate standardDate="1898-01-01">1898</fromDate>
               <toDate standardDate="1904-12-31">1904</toDate>
            </dateRange>
         </cpfRelation>
         <cpfRelation xmlns:xlink="http://www.w3.org/1999/xlink"
                      cpfRelationType="hierarchical-parent"
                      xlink:href="FRAN_NP_000092"
                      xlink:type="simple">
            <relationEntry>Cour de cassation</relationEntry>
            <dateRange>
               <fromDate standardDate="1790-01-01">1790</fromDate>
               <toDate/>
            </dateRange>
         </cpfRelation>
         <resourceRelation xmlns:xlink="http://www.w3.org/1999/xlink"
                           resourceRelationType="subjectOf"
                           xlink:href="FRAN_IR_010798"
                           xlink:type="simple">
            <relationEntry localType="archival">Grands corps de l'Etat ; Cour de cassation ; Greffe Criminel (1917-1983)</relationEntry>
         </resourceRelation>
         <resourceRelation xmlns:xlink="http://www.w3.org/1999/xlink"
                           resourceRelationType="subjectOf"
                           xlink:href="FRAN_IR_010797"
                           xlink:type="simple">
            <relationEntry localType="archival">Grands corps de l'Etat ; Cour de cassation ; Greffe Criminel (1948-1996)</relationEntry>
         </resourceRelation>
         <resourceRelation xmlns:xlink="http://www.w3.org/1999/xlink"
                           resourceRelationType="subjectOf"
                           xlink:href="FRAN_IR_006958"
                           xlink:type="simple">
            <relationEntry localType="archival">Grands corps de l'Etat ; Cour de cassation ; Greffe criminel (1975-1979)</relationEntry>
         </resourceRelation>
         <resourceRelation xmlns:xlink="http://www.w3.org/1999/xlink"
                           resourceRelationType="subjectOf"
                           xlink:href="FRAN_IR_008918"
                           xlink:type="simple">
            <relationEntry localType="archival">Grands corps de l'Etat ; Cour de cassation ; Greffe criminel (1992)</relationEntry>
         </resourceRelation>
         <resourceRelation xmlns:xlink="http://www.w3.org/1999/xlink"
                           resourceRelationType="subjectOf"
                           xlink:href="FRAN_IR_009688"
                           xlink:type="simple">
            <relationEntry localType="archival">Grands corps de l'Etat ; Cour de cassation ; Greffe criminel (1988)</relationEntry>
         </resourceRelation>
         <resourceRelation xmlns:xlink="http://www.w3.org/1999/xlink"
                           resourceRelationType="subjectOf"
                           xlink:href="FRAN_IR_009773"
                           xlink:type="simple">
            <relationEntry localType="archival">Grands corps de l'Etat ; Cour de cassation ; Greffe criminel (1871-1958)</relationEntry>
         </resourceRelation>
         <resourceRelation xmlns:xlink="http://www.w3.org/1999/xlink"
                           resourceRelationType="subjectOf"
                           xlink:href="FRAN_IR_009778"
                           xlink:type="simple">
            <relationEntry localType="archival">Grands corps de l'Etat ; Cour de cassation ; Greffe criminel (1906-1954)</relationEntry>
         </resourceRelation>
         <resourceRelation xmlns:xlink="http://www.w3.org/1999/xlink"
                           resourceRelationType="subjectOf"
                           xlink:href="FRAN_IR_009774"
                           xlink:type="simple">
            <relationEntry localType="archival">Grands corps de l'Etat ; Cour de cassation ; Greffe criminel (1870-1952)</relationEntry>
         </resourceRelation>
         <resourceRelation xmlns:xlink="http://www.w3.org/1999/xlink"
                           resourceRelationType="subjectOf"
                           xlink:href="FRAN_IR_009777"
                           xlink:type="simple">
            <relationEntry localType="archival">Grands corps de l'Etat ; Cour de cassation ; Greffe criminel (1871-1894)</relationEntry>
         </resourceRelation>
         <resourceRelation xmlns:xlink="http://www.w3.org/1999/xlink"
                           resourceRelationType="subjectOf"
                           xlink:href="FRAN_IR_009779"
                           xlink:type="simple">
            <relationEntry localType="archival">Grands corps de l'Etat ; Cour de cassation ; Greffe criminel (1906-1963)</relationEntry>
         </resourceRelation>
         <resourceRelation xmlns:xlink="http://www.w3.org/1999/xlink"
                           resourceRelationType="subjectOf"
                           xlink:href="FRAN_IR_014880"
                           xlink:type="simple">
            <relationEntry localType="archival">Grands corps de l'Etat ; Cour de cassation ; Greffe criminel (1980-1985)</relationEntry>
         </resourceRelation>
         <resourceRelation xmlns:xlink="http://www.w3.org/1999/xlink"
                           resourceRelationType="subjectOf"
                           xlink:href="FRAN_IR_015721"
                           xlink:type="simple">
            <relationEntry localType="archival">Grands corps de l'Etat ; Cour de cassation ; Greffe criminel (1922-1947)</relationEntry>
         </resourceRelation>
         <resourceRelation xmlns:xlink="http://www.w3.org/1999/xlink"
                           resourceRelationType="subjectOf"
                           xlink:href="FRAN_IR_015722"
                           xlink:type="simple">
            <relationEntry localType="archival">Grands corps de l'Etat ; Cour de cassation ; Greffe criminel (1877-1883)</relationEntry>
         </resourceRelation>
         <resourceRelation xmlns:xlink="http://www.w3.org/1999/xlink"
                           resourceRelationType="subjectOf"
                           xlink:href="FRAN_IR_015731"
                           xlink:type="simple">
            <relationEntry localType="archival">Grands corps de l'Etat ; Cour de cassation ; Greffe criminel (1844-1875)</relationEntry>
         </resourceRelation>
         <resourceRelation xmlns:xlink="http://www.w3.org/1999/xlink"
                           resourceRelationType="subjectOf"
                           xlink:href="FRAN_IR_015765"
                           xlink:type="simple">
            <relationEntry localType="archival">Grands corps de l'Etat ; Cour de cassation ; Greffe criminel (1919-1919)</relationEntry>
         </resourceRelation>
         <resourceRelation xmlns:xlink="http://www.w3.org/1999/xlink"
                           resourceRelationType="subjectOf"
                           xlink:href="FRAN_IR_015930"
                           xlink:type="simple">
            <relationEntry localType="archival">Grands corps de l'Etat ; Cour de cassation ; Greffe criminel (1933-1960)</relationEntry>
         </resourceRelation>
         <resourceRelation xmlns:xlink="http://www.w3.org/1999/xlink"
                           resourceRelationType="subjectOf"
                           xlink:href="FRAN_IR_016020"
                           xlink:type="simple">
            <relationEntry localType="archival">Grands corps de l'Etat ; Cour de cassation ; Greffe criminel (1871-1956)</relationEntry>
         </resourceRelation>
         <resourceRelation xmlns:xlink="http://www.w3.org/1999/xlink"
                           resourceRelationType="subjectOf"
                           xlink:href="FRAN_IR_016019"
                           xlink:type="simple">
            <relationEntry localType="archival">Grands corps de l'Etat ; Cour de cassation ; Greffe criminel (1806-1948)</relationEntry>
         </resourceRelation>
         <resourceRelation xmlns:xlink="http://www.w3.org/1999/xlink"
                           resourceRelationType="subjectOf"
                           xlink:href="FRAN_IR_016021"
                           xlink:type="simple">
            <relationEntry localType="archival">Grands corps de l'Etat ; Cour de cassation ; Greffe criminel (1890-1952)</relationEntry>
         </resourceRelation>
         <resourceRelation xmlns:xlink="http://www.w3.org/1999/xlink"
                           resourceRelationType="subjectOf"
                           xlink:href="FRAN_IR_016022"
                           xlink:type="simple">
            <relationEntry localType="archival">Grands corps de l'Etat ; Cour de cassation ; Greffe criminel (1862-1914)</relationEntry>
         </resourceRelation>
         <resourceRelation xmlns:xlink="http://www.w3.org/1999/xlink"
                           resourceRelationType="subjectOf"
                           xlink:href="FRAN_IR_016023"
                           xlink:type="simple">
            <relationEntry localType="archival">Grands corps de l'Etat ; Cour de cassation ; Greffe criminel (1941-1962)</relationEntry>
         </resourceRelation>
         <resourceRelation xmlns:xlink="http://www.w3.org/1999/xlink"
                           resourceRelationType="subjectOf"
                           xlink:href="FRAN_IR_016025"
                           xlink:type="simple">
            <relationEntry localType="archival">Grands corps de l'Etat ; Cour de cassation ; Greffe criminel (1934-1936)</relationEntry>
         </resourceRelation>
         <resourceRelation xmlns:xlink="http://www.w3.org/1999/xlink"
                           resourceRelationType="subjectOf"
                           xlink:href="FRAN_IR_016024"
                           xlink:type="simple">
            <relationEntry localType="archival">Grands corps de l'Etat ; Cour de cassation ; Greffe criminel (1946-1962)</relationEntry>
         </resourceRelation>
         <resourceRelation xmlns:xlink="http://www.w3.org/1999/xlink"
                           resourceRelationType="subjectOf"
                           xlink:href="FRAN_IR_016027"
                           xlink:type="simple">
            <relationEntry localType="archival">Grands corps de l'Etat ; Cour de cassation ; Greffe criminel (1935-1937)</relationEntry>
         </resourceRelation>
         <resourceRelation xmlns:xlink="http://www.w3.org/1999/xlink"
                           resourceRelationType="subjectOf"
                           xlink:href="FRAN_IR_016026"
                           xlink:type="simple">
            <relationEntry localType="archival">Grands corps de l'Etat ; Cour de cassation ; Greffe criminel (1934-1951)</relationEntry>
         </resourceRelation>
         <resourceRelation xmlns:xlink="http://www.w3.org/1999/xlink"
                           resourceRelationType="subjectOf"
                           xlink:href="FRAN_IR_016072"
                           xlink:type="simple">
            <relationEntry localType="archival">Grands corps de l'Etat ; Cour de cassation ; Greffe criminel (1936-1937)</relationEntry>
         </resourceRelation>
         <resourceRelation xmlns:xlink="http://www.w3.org/1999/xlink"
                           resourceRelationType="subjectOf"
                           xlink:href="FRAN_IR_016074"
                           xlink:type="simple">
            <relationEntry localType="archival">Grands corps de l'Etat ; Cour de cassation ; Greffe criminel (1795-1950)</relationEntry>
         </resourceRelation>
         <resourceRelation xmlns:xlink="http://www.w3.org/1999/xlink"
                           resourceRelationType="subjectOf"
                           xlink:href="FRAN_IR_016075"
                           xlink:type="simple">
            <relationEntry localType="archival">Grands corps de l'Etat ; Cour de cassation ; Greffe criminel (1924-1924)</relationEntry>
         </resourceRelation>
         <resourceRelation xmlns:xlink="http://www.w3.org/1999/xlink"
                           resourceRelationType="subjectOf"
                           xlink:href="FRAN_IR_016496"
                           xlink:type="simple">
            <relationEntry localType="archival">Grands corps de l'Etat ; Cour de cassation ; Greffe criminel (1969-1969)</relationEntry>
         </resourceRelation>
         <resourceRelation xmlns:xlink="http://www.w3.org/1999/xlink"
                           resourceRelationType="subjectOf"
                           xlink:href="FRAN_IR_016498"
                           xlink:type="simple">
            <relationEntry localType="archival">Grands corps de l'Etat ; Cour de cassation ; Greffe criminel (1971-1971)</relationEntry>
         </resourceRelation>
         <resourceRelation xmlns:xlink="http://www.w3.org/1999/xlink"
                           resourceRelationType="subjectOf"
                           xlink:href="FRAN_IR_016497"
                           xlink:type="simple">
            <relationEntry localType="archival">Grands corps de l'Etat ; Cour de cassation ; Greffe criminel (1970-1970)</relationEntry>
         </resourceRelation>
         <resourceRelation xmlns:xlink="http://www.w3.org/1999/xlink"
                           resourceRelationType="subjectOf"
                           xlink:href="FRAN_IR_016499"
                           xlink:type="simple">
            <relationEntry localType="archival">Grands corps de l'Etat ; Cour de cassation ; Greffe criminel (1972-1972)</relationEntry>
         </resourceRelation>
         <resourceRelation xmlns:xlink="http://www.w3.org/1999/xlink"
                           resourceRelationType="subjectOf"
                           xlink:href="FRAN_IR_016500"
                           xlink:type="simple">
            <relationEntry localType="archival">Grands corps de l'Etat ; Cour de cassation ; Greffe criminel (1973-1973)</relationEntry>
         </resourceRelation>
         <resourceRelation xmlns:xlink="http://www.w3.org/1999/xlink"
                           resourceRelationType="subjectOf"
                           xlink:href="FRAN_IR_019508"
                           xlink:type="simple">
            <relationEntry localType="archival">Grands corps de l'Etat ; Cour de cassation ; Greffe criminel (1995)</relationEntry>
         </resourceRelation>
         <resourceRelation xmlns:xlink="http://www.w3.org/1999/xlink"
                           resourceRelationType="subjectOf"
                           xlink:href="FRAN_IR_019981"
                           xlink:type="simple">
            <relationEntry localType="archival">Grands corps de l'Etat ; Cour de cassation ; Greffe criminel (1997-1999)</relationEntry>
         </resourceRelation>
         <resourceRelation xmlns:xlink="http://www.w3.org/1999/xlink"
                           resourceRelationType="subjectOf"
                           xlink:href="FRAN_IR_021772"
                           xlink:type="simple">
            <relationEntry localType="archival">Grands corps de l'Etat ; Cour de cassation ; Greffe criminel (1965-1968)</relationEntry>
         </resourceRelation>
         <resourceRelation xmlns:xlink="http://www.w3.org/1999/xlink"
                           resourceRelationType="subjectOf"
                           xlink:href="FRAN_IR_021981"
                           xlink:type="simple">
            <relationEntry localType="archival">Grands corps de l'Etat ; Cour de cassation ; Greffe criminel (1847-1919)</relationEntry>
         </resourceRelation>
         <resourceRelation xmlns:xlink="http://www.w3.org/1999/xlink"
                           resourceRelationType="subjectOf"
                           xlink:href="FRAN_IR_021988"
                           xlink:type="simple">
            <relationEntry localType="archival">Grands corps de l'Etat ; Cour de cassation ; Greffe criminel (1920-1939)</relationEntry>
         </resourceRelation>
         <resourceRelation xmlns:xlink="http://www.w3.org/1999/xlink"
                           resourceRelationType="subjectOf"
                           xlink:href="FRAN_IR_021993"
                           xlink:type="simple">
            <relationEntry localType="archival">Grands corps de l'Etat ; Cour de cassation ; Greffe criminel (1940-1959)</relationEntry>
         </resourceRelation>
         <resourceRelation xmlns:xlink="http://www.w3.org/1999/xlink"
                           resourceRelationType="subjectOf"
                           xlink:href="FRAN_IR_022007"
                           xlink:type="simple">
            <relationEntry localType="archival">Grands corps de l'Etat ; Cour de cassation ; Greffe criminel (1959-1964)</relationEntry>
         </resourceRelation>
         <resourceRelation xmlns:xlink="http://www.w3.org/1999/xlink"
                           resourceRelationType="subjectOf"
                           xlink:href="FRAN_IR_022404"
                           xlink:type="simple">
            <relationEntry localType="archival">Grands corps de l'Etat ; Cour de cassation ; Greffe criminel (1986)</relationEntry>
         </resourceRelation>
         <resourceRelation xmlns:xlink="http://www.w3.org/1999/xlink"
                           resourceRelationType="subjectOf"
                           xlink:href="FRAN_IR_022406"
                           xlink:type="simple">
            <relationEntry localType="archival">Grands corps de l'Etat ; Cour de cassation ; Greffe criminel (1988)</relationEntry>
         </resourceRelation>
         <resourceRelation xmlns:xlink="http://www.w3.org/1999/xlink"
                           resourceRelationType="subjectOf"
                           xlink:href="FRAN_IR_022405"
                           xlink:type="simple">
            <relationEntry localType="archival">Grands corps de l'Etat ; Cour de cassation ; Greffe criminel (1987)</relationEntry>
         </resourceRelation>
         <resourceRelation xmlns:xlink="http://www.w3.org/1999/xlink"
                           resourceRelationType="subjectOf"
                           xlink:href="FRAN_IR_026510"
                           xlink:type="simple">
            <relationEntry localType="archival">Grands Corps de l'Etat ; Cour de Cassation ; Greffe Criminel (1871-1958)</relationEntry>
         </resourceRelation>
      </relations>
   </cpfDescription>
</eac-cpf>
