<eac-cpf xmlns="urn:isbn:1-931666-33-4"
         xmlns:xsi="http://www.w3.org/2001/XMLSchema-instance"
         xsi:schemaLocation="urn:isbn:1-931666-33-4 cpf.xsd">
   <control>
      <recordId>FRAN_NP_000495</recordId>
      <otherRecordId localType="Ancien_identifiant">2104</otherRecordId>
      <maintenanceStatus>derived</maintenanceStatus>
      <maintenanceAgency>
         <agencyName>Archives nationales de France</agencyName>
      </maintenanceAgency>
      <languageDeclaration>
         <language languageCode="fre">Français</language>
         <script scriptCode="Latn"/>
      </languageDeclaration>
      <conventionDeclaration>
         <citation>Notice établie conformément à la norme ICA-ISAAR (CPF) 2004, aux normes ISO 8601 pour le système de normalisation des dates utilisé, ainsi que AFNOR NF Z 44-061, juin 1986. Catalogage : forme et structure des vedettes noms de personne, des vedettes titres, des rubriques de classement et des titres forgés.</citation>
      </conventionDeclaration>
      <localControl localType="niveau_de_detail">
         <term>Moyenne</term>
      </localControl>
      <maintenanceHistory>
         <maintenanceEvent>
            <eventType>derived</eventType>
            <eventDateTime>2013-04-23</eventDateTime>
            <agentType>machine</agentType>
            <agent>Import_SIA</agent>
         </maintenanceEvent>
      </maintenanceHistory>
   </control>
   <cpfDescription>
      <identity>
         <entityType>corporateBody</entityType>
         <nameEntry localType="autorisée" scriptCode="Latn" xml:lang="fre">
            <part>Direction des affaires criminelles et des grâces</part>
         </nameEntry>
         <nameEntry>
            <part>Division criminelle</part>
            <useDates>
               <dateRange>
                  <fromDate standardDate="1795-01-01">1795</fromDate>
                  <toDate standardDate="1814-12-31">1814</toDate>
               </dateRange>
            </useDates>
         </nameEntry>
      </identity>
      <description>
         <existDates>
            <dateRange>
               <fromDate standardDate="1795-01-01">1795</fromDate>
            </dateRange>
         </existDates>
         <legalStatuses>
            <legalStatus>
               <term vocabularySource="d5blonaxbw--1mt8t42bokzts">service d'administration centrale</term>
            </legalStatus>
         </legalStatuses>
      </description>
      <relations>
         <cpfRelation xmlns:xlink="http://www.w3.org/1999/xlink"
                      cpfRelationType="hierarchical-child"
                      xlink:href="FRAN_NP_000492"
                      xlink:type="simple">
            <relationEntry>Sous-direction de la justice pénale spécialisée (direction des affaires criminelles et des grâces)</relationEntry>
            <dateRange>
               <fromDate standardDate="2001-01-01">2001</fromDate>
            </dateRange>
         </cpfRelation>
         <cpfRelation xmlns:xlink="http://www.w3.org/1999/xlink"
                      cpfRelationType="hierarchical-child"
                      xlink:href="FRAN_NP_000494"
                      xlink:type="simple">
            <relationEntry>Service du casier judiciaire national</relationEntry>
            <dateRange>
               <fromDate standardDate="1981-01-01">1981</fromDate>
            </dateRange>
         </cpfRelation>
         <cpfRelation xmlns:xlink="http://www.w3.org/1999/xlink"
                      cpfRelationType="hierarchical-child"
                      xlink:href="FRAN_NP_000473"
                      xlink:type="simple">
            <relationEntry>Sous-direction de la justice criminelle (direction des affaires criminelles et des grâces)</relationEntry>
            <dateRange>
               <fromDate standardDate="1964-01-01">1964</fromDate>
               <toDate standardDate="1996-12-31">1996</toDate>
            </dateRange>
         </cpfRelation>
         <cpfRelation xmlns:xlink="http://www.w3.org/1999/xlink"
                      cpfRelationType="hierarchical-child"
                      xlink:href="FRAN_NP_000469"
                      xlink:type="simple">
            <relationEntry>Cabinet du directeur des affaires criminelles et des grâces</relationEntry>
            <dateRange>
               <fromDate standardDate="1964-01-01">1964</fromDate>
            </dateRange>
         </cpfRelation>
         <cpfRelation xmlns:xlink="http://www.w3.org/1999/xlink"
                      cpfRelationType="hierarchical-child"
                      xlink:href="FRAN_NP_000782"
                      xlink:type="simple">
            <relationEntry>Sous-direction du droit pénal général et international (direction des affaires criminelles et des grâces)</relationEntry>
            <dateRange>
               <fromDate standardDate="1996-01-01">1996</fromDate>
               <toDate standardDate="2001-12-31">2001</toDate>
            </dateRange>
         </cpfRelation>
         <cpfRelation xmlns:xlink="http://www.w3.org/1999/xlink"
                      cpfRelationType="associative"
                      xlink:href="FRAN_NP_050196"
                      xlink:type="simple">
            <relationEntry>Ribot, Alexandre (1842-1923)</relationEntry>
            <dateRange>
               <fromDate standardDate="1875-01-01">1875</fromDate>
               <toDate standardDate="1876-12-31">1876</toDate>
            </dateRange>
            <descriptiveNote>
               <p>
     A. Ribot, directeur des affaires criminelles et des grâces
    </p>
            </descriptiveNote>
         </cpfRelation>
         <cpfRelation xmlns:xlink="http://www.w3.org/1999/xlink"
                      cpfRelationType="hierarchical-child"
                      xlink:href="FRAN_NP_000777"
                      xlink:type="simple">
            <relationEntry>Sous-direction des affaires économiques et financières et de la lutte contre la criminalité organisée (direction des affaires criminelles et des grâces)</relationEntry>
            <dateRange>
               <fromDate standardDate="1994-01-01">1994</fromDate>
               <toDate standardDate="2001-12-31">2001</toDate>
            </dateRange>
         </cpfRelation>
         <cpfRelation xmlns:xlink="http://www.w3.org/1999/xlink"
                      cpfRelationType="hierarchical-child"
                      xlink:href="FRAN_NP_000784"
                      xlink:type="simple">
            <relationEntry>Sous-direction des affaires pénales générales et des grâces (direction des affaires criminelles et des grâces)</relationEntry>
            <dateRange>
               <fromDate standardDate="1996-01-01">1996</fromDate>
               <toDate standardDate="2001-12-31">2001</toDate>
            </dateRange>
         </cpfRelation>
         <cpfRelation xmlns:xlink="http://www.w3.org/1999/xlink"
                      cpfRelationType="hierarchical-child"
                      xlink:href="FRAN_NP_000477"
                      xlink:type="simple">
            <relationEntry>Sous-direction de la législation criminelle (direction des affaires criminelles et des grâces)</relationEntry>
            <dateRange>
               <fromDate standardDate="1964-01-01">1964</fromDate>
               <toDate standardDate="1996-12-31">1996</toDate>
            </dateRange>
         </cpfRelation>
         <cpfRelation xmlns:xlink="http://www.w3.org/1999/xlink"
                      cpfRelationType="hierarchical-child"
                      xlink:href="FRAN_NP_000487"
                      xlink:type="simple">
            <relationEntry>Sous-direction de la justice pénale générale (direction des affaires criminelles et des grâces)</relationEntry>
            <dateRange>
               <fromDate standardDate="2001-01-01">2001</fromDate>
            </dateRange>
         </cpfRelation>
         <cpfRelation xmlns:xlink="http://www.w3.org/1999/xlink"
                      cpfRelationType="hierarchical-child"
                      xlink:href="FRAN_NP_000493"
                      xlink:type="simple">
            <relationEntry>Pôle d'évaluation des politiques pénales (direction des affaires criminelles et des grâces)</relationEntry>
            <dateRange>
               <fromDate standardDate="2008-01-01">2008</fromDate>
            </dateRange>
         </cpfRelation>
         <cpfRelation xmlns:xlink="http://www.w3.org/1999/xlink"
                      cpfRelationType="hierarchical-parent"
                      xlink:href="FRAN_NP_000009"
                      xlink:type="simple">
            <relationEntry>Ministère de la Justice</relationEntry>
            <dateRange>
               <fromDate standardDate="1795-01-01">1795</fromDate>
               <toDate/>
            </dateRange>
         </cpfRelation>
         <resourceRelation xmlns:xlink="http://www.w3.org/1999/xlink"
                           resourceRelationType="subjectOf"
                           xlink:href="FRAN_IR_018867"
                           xlink:type="simple">
            <relationEntry localType="archival">Justice ; Direction des affaires criminelles et des grâces (1937-1965)</relationEntry>
         </resourceRelation>
         <resourceRelation xmlns:xlink="http://www.w3.org/1999/xlink"
                           resourceRelationType="subjectOf"
                           xlink:href="FRAN_IR_010111"
                           xlink:type="simple">
            <relationEntry localType="archival">Justice ; Direction des affaires criminelles et des grâces (1991-1998)</relationEntry>
         </resourceRelation>
         <resourceRelation xmlns:xlink="http://www.w3.org/1999/xlink"
                           resourceRelationType="subjectOf"
                           xlink:href="FRAN_IR_010167"
                           xlink:type="simple">
            <relationEntry localType="archival">Justice ; Direction des affaires criminelles et des grâces (1931-1934)</relationEntry>
         </resourceRelation>
         <resourceRelation xmlns:xlink="http://www.w3.org/1999/xlink"
                           resourceRelationType="subjectOf"
                           xlink:href="FRAN_IR_022883"
                           xlink:type="simple">
            <relationEntry localType="archival">Justice ; Direction des affaires criminelles et des grâces (1949-1959)</relationEntry>
         </resourceRelation>
         <resourceRelation xmlns:xlink="http://www.w3.org/1999/xlink"
                           resourceRelationType="subjectOf"
                           xlink:href="FRAN_IR_018669"
                           xlink:type="simple">
            <relationEntry localType="archival">Justice ; Direction des affaires criminelles et des grâces (1886-1898)</relationEntry>
         </resourceRelation>
      </relations>
   </cpfDescription>
</eac-cpf>
