<eac-cpf xmlns="urn:isbn:1-931666-33-4"
         xmlns:xsi="http://www.w3.org/2001/XMLSchema-instance"
         xsi:schemaLocation="urn:isbn:1-931666-33-4 cpf.xsd">
   <control>
      <recordId>FRAN_NP_000067</recordId>
      <otherRecordId localType="Ancien_identifiant">1302</otherRecordId>
      <maintenanceStatus>derived</maintenanceStatus>
      <maintenanceAgency>
         <agencyName>Archives nationales de France</agencyName>
      </maintenanceAgency>
      <languageDeclaration>
         <language languageCode="fre">Français</language>
         <script scriptCode="Latn"/>
      </languageDeclaration>
      <conventionDeclaration>
         <citation>Notice établie conformément à la norme ICA-ISAAR (CPF) 2004, aux normes ISO 8601 pour le système de normalisation des dates utilisé, ainsi que AFNOR NF Z 44-061, juin 1986. Catalogage : forme et structure des vedettes noms de personne, des vedettes titres, des rubriques de classement et des titres forgés.</citation>
      </conventionDeclaration>
      <localControl localType="niveau_de_detail">
         <term>Élémentaire</term>
      </localControl>
      <maintenanceHistory>
         <maintenanceEvent>
            <eventType>derived</eventType>
            <eventDateTime>2013-04-23</eventDateTime>
            <agentType>machine</agentType>
            <agent>Import_SIA</agent>
         </maintenanceEvent>
      </maintenanceHistory>
   </control>
   <cpfDescription>
      <identity>
         <entityType>corporateBody</entityType>
         <nameEntry localType="autorisée" scriptCode="Latn" xml:lang="fre">
            <part>Sénat</part>
         </nameEntry>
      </identity>
      <description>
         <existDates>
            <dateRange>
               <fromDate standardDate="1875-01-01">1875</fromDate>
            </dateRange>
         </existDates>
      </description>
      <relations>
         <cpfRelation xmlns:xlink="http://www.w3.org/1999/xlink"
                      cpfRelationType="associative"
                      xlink:href="FRAN_NP_050974"
                      xlink:type="simple">
            <relationEntry>Musée du Luxembourg (Paris ; 1979-....)</relationEntry>
            <dateRange>
               <fromDate standardDate="1979-01-01">1979</fromDate>
            </dateRange>
         </cpfRelation>
         <cpfRelation xmlns:xlink="http://www.w3.org/1999/xlink"
                      cpfRelationType="associative"
                      xlink:href="FRAN_NP_050973"
                      xlink:type="simple">
            <relationEntry>Musée du Luxembourg (Paris ; 1818-1937)</relationEntry>
            <dateRange>
               <fromDate standardDate="1875-01-01">1875</fromDate>
               <toDate standardDate="1937-12-31">1937</toDate>
            </dateRange>
         </cpfRelation>
         <cpfRelation xmlns:xlink="http://www.w3.org/1999/xlink"
                      cpfRelationType="associative"
                      xlink:href="FRAN_NP_051213"
                      xlink:type="simple">
            <relationEntry>Mermaz, Louis (1931-....)</relationEntry>
            <dateRange>
               <fromDate standardDate="2001-01-01">2001</fromDate>
               <toDate standardDate="2011-12-31">2011</toDate>
            </dateRange>
            <descriptiveNote>
               <p>
     Louis Mermaz, sénateur de l'Isère de 2001 à 2011
    </p>
            </descriptiveNote>
         </cpfRelation>
         <cpfRelation xmlns:xlink="http://www.w3.org/1999/xlink"
                      cpfRelationType="associative"
                      xlink:href="FRAN_NP_051365"
                      xlink:type="simple">
            <relationEntry>Blouet, Jean-Luc (19..-....)</relationEntry>
            <dateRange>
               <fromDate standardDate="1989-01-01">1989</fromDate>
               <toDate standardDate="2002-12-31">2002</toDate>
            </dateRange>
            <descriptiveNote>
               <p>
     Jean-Luc Blouet est secrétaire des débats au Sénat.
    </p>
            </descriptiveNote>
         </cpfRelation>
         <cpfRelation xmlns:xlink="http://www.w3.org/1999/xlink"
                      cpfRelationType="associative"
                      xlink:href="FRAN_NP_051365"
                      xlink:type="simple">
            <relationEntry>Blouet, Jean-Luc (19..-....)</relationEntry>
            <dateRange>
               <fromDate standardDate="2011-01-01">2011</fromDate>
            </dateRange>
            <descriptiveNote>
               <p>
     Jean-Luc Blouet est conseiller au Sénat
    </p>
            </descriptiveNote>
         </cpfRelation>
         <cpfRelation xmlns:xlink="http://www.w3.org/1999/xlink"
                      cpfRelationType="associative"
                      xlink:href="FRAN_NP_051428"
                      xlink:type="simple">
            <relationEntry>Lenoir, Noëlle (1948-....)</relationEntry>
            <dateRange>
               <fromDate standardDate="1972-01-01">1972</fromDate>
               <toDate standardDate="1984-11-23">23 novembre 1984</toDate>
            </dateRange>
            <descriptiveNote>
               <p>
     Administratrice au Sénat au service des collectivités locales puis à la commission des lois (1972-1980) Administratrice principale au Sénat (1980-23 octobre 1984).
    </p>
            </descriptiveNote>
         </cpfRelation>
         <cpfRelation xmlns:xlink="http://www.w3.org/1999/xlink"
                      cpfRelationType="associative"
                      xlink:href="FRAN_NP_051465"
                      xlink:type="simple">
            <relationEntry>Besnard, Pierre (1966-....)</relationEntry>
            <dateRange>
               <fromDate standardDate="2011-01-01">2011</fromDate>
               <toDate standardDate="2012-12-31">2012</toDate>
            </dateRange>
            <descriptiveNote>
               <p>
     P. Besnard, chef de cabinet de Jean-Pierre Bel, président du Sénat
    </p>
            </descriptiveNote>
         </cpfRelation>
         <cpfRelation xmlns:xlink="http://www.w3.org/1999/xlink"
                      cpfRelationType="associative"
                      xlink:href="FRAN_NP_051947"
                      xlink:type="simple">
            <relationEntry>Lemas, Pierre-René (1951-....)</relationEntry>
            <dateRange>
               <fromDate standardDate="2011-01-01">2011</fromDate>
               <toDate standardDate="2012-12-31">2012</toDate>
            </dateRange>
            <descriptiveNote>
               <p>
     directeur de cabinet de Jean-Pierre Bel, président du Sénat
    </p>
            </descriptiveNote>
         </cpfRelation>
      </relations>
   </cpfDescription>
</eac-cpf>
