<eac-cpf xmlns="urn:isbn:1-931666-33-4"
         xmlns:xsi="http://www.w3.org/2001/XMLSchema-instance"
         xsi:schemaLocation="urn:isbn:1-931666-33-4 cpf.xsd">
   <control>
      <recordId>FRAN_NP_000011</recordId>
      <maintenanceStatus>derived</maintenanceStatus>
      <maintenanceAgency>
         <agencyName>Archives nationales de France</agencyName>
      </maintenanceAgency>
      <languageDeclaration>
         <language languageCode="fre">Français</language>
         <script scriptCode="Latn"/>
      </languageDeclaration>
      <conventionDeclaration>
         <citation>Notice établie conformément à la norme ICA-ISAAR (CPF) 2004, aux normes ISO 8601 pour le système de normalisation des dates utilisé, ainsi que AFNOR NF Z 44-061, juin 1986. Catalogage : forme et structure des vedettes noms de personne, des vedettes titres, des rubriques de classement et des titres forgés.</citation>
      </conventionDeclaration>
      <localControl localType="niveau_de_detail">
         <term>Moyenne</term>
      </localControl>
      <maintenanceHistory>
         <maintenanceEvent>
            <eventType>derived</eventType>
            <eventDateTime>2013-04-23</eventDateTime>
            <agentType>machine</agentType>
            <agent>Import_SIA</agent>
         </maintenanceEvent>
      </maintenanceHistory>
   </control>
   <cpfDescription>
      <identity>
         <entityType>corporateBody</entityType>
         <nameEntry localType="autorisée" scriptCode="Latn" xml:lang="fre">
            <part>Ministère des Affaires sociales (1966-1969)</part>
         </nameEntry>
      </identity>
      <description>
         <existDates>
            <dateRange>
               <fromDate standardDate="1966-01-08">8 janvier 1966</fromDate>
               <toDate standardDate="1969-06-20">20 juin 1969</toDate>
            </dateRange>
         </existDates>
         <legalStatuses>
            <legalStatus>
               <term vocabularySource="d5bloo2gwk-sgl3fc00gzgl">ministère</term>
            </legalStatus>
         </legalStatuses>
      </description>
      <relations>
         <cpfRelation xmlns:xlink="http://www.w3.org/1999/xlink"
                      cpfRelationType="temporal-earlier"
                      xlink:href="FRAN_NP_004952"
                      xlink:type="simple">
            <relationEntry>Ministère de la Santé publique et de la Population</relationEntry>
            <dateRange>
               <fromDate standardDate="1966-01-08">8 janvier 1966</fromDate>
            </dateRange>
         </cpfRelation>
         <cpfRelation xmlns:xlink="http://www.w3.org/1999/xlink"
                      cpfRelationType="hierarchical-child"
                      xlink:href="FRAN_NP_009622"
                      xlink:type="simple">
            <relationEntry>Direction générale de la sécurité sociale</relationEntry>
            <dateRange>
               <fromDate standardDate="1966-01-08">8 janvier 1966</fromDate>
               <toDate standardDate="1966-12-31">1966</toDate>
            </dateRange>
         </cpfRelation>
         <cpfRelation xmlns:xlink="http://www.w3.org/1999/xlink"
                      cpfRelationType="temporal-later"
                      xlink:href="FRAN_NP_009657"
                      xlink:type="simple">
            <relationEntry>Ministère du Travail, de l'Emploi et de la Population</relationEntry>
            <dateRange>
               <fromDate standardDate="1969-06-22">22 juin 1969</fromDate>
            </dateRange>
         </cpfRelation>
         <cpfRelation xmlns:xlink="http://www.w3.org/1999/xlink"
                      cpfRelationType="hierarchical-child"
                      xlink:href="FRAN_NP_004986"
                      xlink:type="simple">
            <relationEntry>Direction de l'administration générale, du personnel et du budget (ministère chargé de la santé publique et de la population)</relationEntry>
            <dateRange>
               <fromDate standardDate="1966-01-08">8 janvier 1966</fromDate>
               <toDate standardDate="1966-12-31">1966</toDate>
            </dateRange>
         </cpfRelation>
         <cpfRelation xmlns:xlink="http://www.w3.org/1999/xlink"
                      cpfRelationType="associative"
                      xlink:href="FRAN_NP_009198"
                      xlink:type="simple">
            <relationEntry>Guillaume, Michel (1922-...)</relationEntry>
            <dateRange>
               <fromDate standardDate="1966-01-08">8 janvier 1966</fromDate>
               <toDate standardDate="1969-06-20">20 juin 1969</toDate>
            </dateRange>
            <descriptiveNote>
               <p>
     - Directeur à la direction de l'assurance maladie et des caisses de sécurité sociale. 
    </p>
            </descriptiveNote>
         </cpfRelation>
         <cpfRelation xmlns:xlink="http://www.w3.org/1999/xlink"
                      cpfRelationType="temporal-later"
                      xlink:href="FRAN_NP_004953"
                      xlink:type="simple">
            <relationEntry>Ministère de la Santé (1969-1983)</relationEntry>
            <dateRange>
               <fromDate standardDate="1969-06-22">22 juin 1969</fromDate>
            </dateRange>
         </cpfRelation>
         <cpfRelation xmlns:xlink="http://www.w3.org/1999/xlink"
                      cpfRelationType="hierarchical-child"
                      xlink:href="FRAN_NP_009651"
                      xlink:type="simple">
            <relationEntry>Cabinets des secrétaires d'État auprès du ministre des Affaires sociales (1967-1969)</relationEntry>
            <dateRange>
               <fromDate standardDate="1967-04-07">7 avril 1967</fromDate>
               <toDate standardDate="1969-06-20">20 juin 1969</toDate>
            </dateRange>
         </cpfRelation>
         <cpfRelation xmlns:xlink="http://www.w3.org/1999/xlink"
                      cpfRelationType="hierarchical-child"
                      xlink:href="FRAN_NP_004129"
                      xlink:type="simple">
            <relationEntry>Service d'accueil et de reclassement des Français d'Indochine et des Français musulmans</relationEntry>
            <dateRange>
               <fromDate standardDate="1966-01-08">8 janvier 1966</fromDate>
               <toDate standardDate="1966-12-31">1966</toDate>
            </dateRange>
         </cpfRelation>
         <cpfRelation xmlns:xlink="http://www.w3.org/1999/xlink"
                      cpfRelationType="temporal-earlier"
                      xlink:href="FRAN_NP_004967"
                      xlink:type="simple">
            <relationEntry>Ministère du Travail (1957-1966)</relationEntry>
            <dateRange>
               <fromDate standardDate="1966-01-08">8 janvier 1966</fromDate>
            </dateRange>
         </cpfRelation>
      </relations>
   </cpfDescription>
</eac-cpf>
