<eac-cpf xmlns="urn:isbn:1-931666-33-4"
         xmlns:xsi="http://www.w3.org/2001/XMLSchema-instance"
         xsi:schemaLocation="urn:isbn:1-931666-33-4 cpf.xsd">
   <control>
      <recordId>FRAN_NP_000034</recordId>
      <otherRecordId localType="Ancien_identifiant">1503</otherRecordId>
      <maintenanceStatus>derived</maintenanceStatus>
      <maintenanceAgency>
         <agencyName>Archives nationales de France</agencyName>
      </maintenanceAgency>
      <languageDeclaration>
         <language languageCode="fre">Français</language>
         <script scriptCode="Latn"/>
      </languageDeclaration>
      <conventionDeclaration>
         <citation>Notice établie conformément à la norme ICA-ISAAR (CPF) 2004, aux normes ISO 8601 pour le système de normalisation des dates utilisé, ainsi que AFNOR NF Z 44-061, juin 1986. Catalogage : forme et structure des vedettes noms de personne, des vedettes titres, des rubriques de classement et des titres forgés.</citation>
      </conventionDeclaration>
      <localControl localType="niveau_de_detail">
         <term>Élémentaire</term>
      </localControl>
      <maintenanceHistory>
         <maintenanceEvent>
            <eventType>derived</eventType>
            <eventDateTime>2013-04-23</eventDateTime>
            <agentType>machine</agentType>
            <agent>Import_SIA</agent>
         </maintenanceEvent>
      </maintenanceHistory>
   </control>
   <cpfDescription>
      <identity>
         <entityType>corporateBody</entityType>
         <nameEntry localType="autorisée" scriptCode="Latn" xml:lang="fre">
            <part>Commission nationale de l'informatique et des libertés</part>
         </nameEntry>
         <nameEntry>
            <part>CNIL</part>
         </nameEntry>
      </identity>
      <description>
         <existDates>
            <dateRange>
               <fromDate standardDate="1978-01-01">1978</fromDate>
            </dateRange>
         </existDates>
         <legalStatuses>
            <legalStatus>
               <term vocabularySource="d5bloo28po-1bei6cefdzkj">autorité indépendante</term>
            </legalStatus>
         </legalStatuses>
      </description>
      <relations>
         <cpfRelation xmlns:xlink="http://www.w3.org/1999/xlink"
                      cpfRelationType="associative"
                      xlink:href="FRAN_NP_000348"
                      xlink:type="simple">
            <relationEntry>Commissaire du Gouvernement auprès de la Commission nationale de l'informatique et des libertés</relationEntry>
            <dateRange>
               <fromDate standardDate="1978-01-01">1978</fromDate>
            </dateRange>
         </cpfRelation>
         <cpfRelation xmlns:xlink="http://www.w3.org/1999/xlink"
                      cpfRelationType="hierarchical-child"
                      xlink:href="FRAN_NP_009811"
                      xlink:type="simple">
            <relationEntry>Commission nationale de l'informatique et des libertés, présidence</relationEntry>
            <dateRange>
               <fromDate standardDate="1978-01-01">1978</fromDate>
            </dateRange>
         </cpfRelation>
         <cpfRelation xmlns:xlink="http://www.w3.org/1999/xlink"
                      cpfRelationType="hierarchical-child"
                      xlink:href="FRAN_NP_009812"
                      xlink:type="simple">
            <relationEntry>Commission nationale de l'informatique et des libertés, secrétariat général</relationEntry>
            <dateRange>
               <fromDate standardDate="1985-01-01">1985</fromDate>
            </dateRange>
         </cpfRelation>
         <cpfRelation xmlns:xlink="http://www.w3.org/1999/xlink"
                      cpfRelationType="associative"
                      xlink:href="FRAN_NP_003875"
                      xlink:type="simple">
            <relationEntry>Comité consultatif sur le traitement de l'information en matière de recherche dans le domaine de la santé</relationEntry>
            <dateRange>
               <fromDate standardDate="2005-01-01">2005</fromDate>
            </dateRange>
         </cpfRelation>
         <cpfRelation xmlns:xlink="http://www.w3.org/1999/xlink"
                      cpfRelationType="associative"
                      xlink:href="FRAN_NP_051428"
                      xlink:type="simple">
            <relationEntry>Lenoir, Noëlle (1948-....)</relationEntry>
            <dateRange>
               <fromDate standardDate="1982-01-01">1982</fromDate>
               <toDate standardDate="1985-12-31">1985</toDate>
            </dateRange>
            <descriptiveNote>
               <p>
     Directrice de la Réglementation à la Commission nationale de l’informatique et des libertés (CNIL)
    </p>
            </descriptiveNote>
         </cpfRelation>
         <cpfRelation xmlns:xlink="http://www.w3.org/1999/xlink"
                      cpfRelationType="associative"
                      xlink:href="FRAN_NP_050942"
                      xlink:type="simple">
            <relationEntry>Vié, Jean-Émile (1915-....)</relationEntry>
            <dateRange>
               <fromDate standardDate="1983-01-01">1983</fromDate>
               <toDate standardDate="1988-12-31">1988</toDate>
            </dateRange>
            <descriptiveNote>
               <p> J.-E. Vié, membre de la CNIL de 1983 à 1988 </p>
            </descriptiveNote>
         </cpfRelation>
         <cpfRelation xmlns:xlink="http://www.w3.org/1999/xlink"
                      cpfRelationType="hierarchical-child"
                      xlink:href="FRAN_NP_009813"
                      xlink:type="simple">
            <relationEntry>Commission nationale de l'informatique et des libertés, direction des études, de l'innovation et de la prospective</relationEntry>
            <dateRange>
               <fromDate standardDate="2011-01-01">2011</fromDate>
            </dateRange>
         </cpfRelation>
         <cpfRelation xmlns:xlink="http://www.w3.org/1999/xlink"
                      cpfRelationType="hierarchical-child"
                      xlink:href="FRAN_NP_009814"
                      xlink:type="simple">
            <relationEntry>Commission nationale de l'informatique et des libertés, direction des affaires juridiques, internationales et de l'expertise</relationEntry>
            <dateRange>
               <fromDate standardDate="2007-01-01">2007</fromDate>
            </dateRange>
         </cpfRelation>
         <cpfRelation xmlns:xlink="http://www.w3.org/1999/xlink"
                      cpfRelationType="hierarchical-child"
                      xlink:href="FRAN_NP_009815"
                      xlink:type="simple">
            <relationEntry>Commission nationale de l'informatique et des libertés, direction des relations avec les usagers et du contrôle</relationEntry>
            <dateRange>
               <fromDate standardDate="2007-01-01">2007</fromDate>
            </dateRange>
         </cpfRelation>
         <cpfRelation xmlns:xlink="http://www.w3.org/1999/xlink"
                      cpfRelationType="hierarchical-child"
                      xlink:href="FRAN_NP_009816"
                      xlink:type="simple">
            <relationEntry>Commission nationale de l'informatique et des libertés, direction des ressources humaines, financières, informatiques et logistiques</relationEntry>
            <dateRange>
               <fromDate standardDate="2007-01-01">2007</fromDate>
            </dateRange>
         </cpfRelation>
      </relations>
   </cpfDescription>
</eac-cpf>
