<eac-cpf xmlns="urn:isbn:1-931666-33-4"
         xmlns:xsi="http://www.w3.org/2001/XMLSchema-instance"
         xsi:schemaLocation="urn:isbn:1-931666-33-4 cpf.xsd">
   <control>
      <recordId>FRAN_NP_000404</recordId>
      <otherRecordId localType="Ancien_identifiant">2102/B2</otherRecordId>
      <maintenanceStatus>derived</maintenanceStatus>
      <maintenanceAgency>
         <agencyName>Archives nationales de France</agencyName>
      </maintenanceAgency>
      <languageDeclaration>
         <language languageCode="fre">Français</language>
         <script scriptCode="Latn"/>
      </languageDeclaration>
      <conventionDeclaration>
         <citation>Notice établie conformément à la norme ICA-ISAAR (CPF) 2004, aux normes ISO 8601 pour le système de normalisation des dates utilisé, ainsi que AFNOR NF Z 44-061, juin 1986. Catalogage : forme et structure des vedettes noms de personne, des vedettes titres, des rubriques de classement et des titres forgés.</citation>
      </conventionDeclaration>
      <localControl localType="niveau_de_detail">
         <term>Moyenne</term>
      </localControl>
      <maintenanceHistory>
         <maintenanceEvent>
            <eventType>derived</eventType>
            <eventDateTime>2013-04-23</eventDateTime>
            <agentType>machine</agentType>
            <agent>Import_SIA</agent>
         </maintenanceEvent>
      </maintenanceHistory>
   </control>
   <cpfDescription>
      <identity>
         <entityType>corporateBody</entityType>
         <nameEntry scriptCode="Latn" localType="autorisée" xml:lang="fre">
            <part>Bureau des affaires générales des fonctionnaires des services judiciaires (sous-direction des greffes, direction des services judiciaires)</part>
         </nameEntry>
         <nameEntry>
            <part>Bureau des affaires générales des corps de fonctionnaires des greffes</part>
            <useDates>
               <dateRange>
                  <fromDate standardDate="1983-01-01">1983</fromDate>
                  <toDate standardDate="2001-12-31">2001</toDate>
               </dateRange>
            </useDates>
         </nameEntry>
      </identity>
      <description>
         <existDates>
            <dateRange>
               <fromDate standardDate="1983-01-01">1983</fromDate>
               <toDate standardDate="2007-12-31">2007</toDate>
            </dateRange>
         </existDates>
         <legalStatuses>
            <legalStatus>
               <term vocabularySource="d5blonaxbw--1mt8t42bokzts">service d'administration centrale</term>
            </legalStatus>
         </legalStatuses>
      </description>
      <relations>
         <cpfRelation xmlns:xlink="http://www.w3.org/1999/xlink"
                      cpfRelationType="temporal-later"
                      xlink:href="FRAN_NP_000417"
                      xlink:type="simple">
            <relationEntry>Département des statuts, du recrutement, de la formation et des relations sociales (sous-direction des ressources humaines des greffes, direction des services judiciaires)</relationEntry>
            <dateRange>
               <fromDate standardDate="2007-01-01">2007</fromDate>
            </dateRange>
         </cpfRelation>
         <cpfRelation xmlns:xlink="http://www.w3.org/1999/xlink"
                      cpfRelationType="hierarchical-parent"
                      xlink:href="FRAN_NP_000407"
                      xlink:type="simple">
            <relationEntry>Sous-direction des greffes (direction des services judiciaires)</relationEntry>
            <dateRange>
               <fromDate standardDate="1983-01-01">1983</fromDate>
               <toDate standardDate="2007-12-31">2007</toDate>
            </dateRange>
         </cpfRelation>
         <resourceRelation xmlns:xlink="http://www.w3.org/1999/xlink"
                           resourceRelationType="subjectOf"
                           xlink:href="FRAN_IR_009094"
                           xlink:type="simple">
            <relationEntry localType="archival">Justice ; Direction des services judiciaires ; Sous-direction des greffes ; Bureau des affaires générales ; Bureau des affaires générales des fonctionnaires des services judiciaires (1974-1990)</relationEntry>
         </resourceRelation>
         <resourceRelation xmlns:xlink="http://www.w3.org/1999/xlink"
                           resourceRelationType="subjectOf"
                           xlink:href="FRAN_IR_019035"
                           xlink:type="simple">
            <relationEntry localType="archival">Justice ; Direction des services judiciaires ; Sous-direction des greffes ; Bureau des affaires générales ; Bureau des affaires générales des fonctionnaires des services judiciaires (1960-1989)</relationEntry>
         </resourceRelation>
         <resourceRelation xmlns:xlink="http://www.w3.org/1999/xlink"
                           resourceRelationType="subjectOf"
                           xlink:href="FRAN_IR_010107"
                           xlink:type="simple">
            <relationEntry localType="archival">Justice ; Direction des services judiciaires ; Sous-direction des greffes ; Bureau des affaires générales - Bureau des affaires générales des fonctionnaires des services judiciaires (1982-1992)</relationEntry>
         </resourceRelation>
         <resourceRelation xmlns:xlink="http://www.w3.org/1999/xlink"
                           resourceRelationType="subjectOf"
                           xlink:href="FRAN_IR_013506"
                           xlink:type="simple">
            <relationEntry localType="archival">Justice ; Direction des services judiciaires ; Sous-direction des greffes ; Bureau des affaires générales - Bureau des affaires générales des fonctionnaires des services judiciaires (1975-1998)</relationEntry>
         </resourceRelation>
      </relations>
   </cpfDescription>
</eac-cpf>
