<eac-cpf xmlns="urn:isbn:1-931666-33-4"
         xmlns:xsi="http://www.w3.org/2001/XMLSchema-instance"
         xsi:schemaLocation="urn:isbn:1-931666-33-4 cpf.xsd">
   <control>
      <recordId>FRAN_NP_000291</recordId>
      <otherRecordId localType="Ancien_identifiant">1279/CCT</otherRecordId>
      <maintenanceStatus>derived</maintenanceStatus>
      <maintenanceAgency>
         <agencyName>Archives nationales de France</agencyName>
      </maintenanceAgency>
      <languageDeclaration>
         <language languageCode="fre">Français</language>
         <script scriptCode="Latn"/>
      </languageDeclaration>
      <conventionDeclaration>
         <citation>Notice établie conformément à la norme ICA-ISAAR (CPF) 2004, aux normes ISO 8601 pour le système de normalisation des dates utilisé, ainsi que AFNOR NF Z 44-061, juin 1986. Catalogage : forme et structure des vedettes noms de personne, des vedettes titres, des rubriques de classement et des titres forgés.</citation>
      </conventionDeclaration>
      <localControl localType="niveau_de_detail">
         <term>Moyenne</term>
      </localControl>
      <maintenanceHistory>
         <maintenanceEvent>
            <eventType>derived</eventType>
            <eventDateTime>2013-04-23</eventDateTime>
            <agentType>machine</agentType>
            <agent>Import_SIA</agent>
         </maintenanceEvent>
      </maintenanceHistory>
   </control>
   <cpfDescription>
      <identity>
         <entityType>corporateBody</entityType>
         <nameEntry scriptCode="Latn" localType="autorisée" xml:lang="fre">
            <part>Comité de coordination des télécommunications</part>
         </nameEntry>
         <nameEntry>
            <part>CCT</part>
         </nameEntry>
         <nameEntry>
            <part>Comité de coordination des télécommunications impériales</part>
            <useDates>
               <dateRange>
                  <fromDate standardDate="1945-01-01">1945</fromDate>
                  <toDate standardDate="1949-12-31">1949</toDate>
               </dateRange>
            </useDates>
         </nameEntry>
         <nameEntry>
            <part>Comité de coordination des télécommunications de l'Union française</part>
            <useDates>
               <dateRange>
                  <fromDate standardDate="1949-01-01">1949</fromDate>
                  <toDate standardDate="1962-12-31">1962</toDate>
               </dateRange>
            </useDates>
         </nameEntry>
      </identity>
      <description>
         <existDates>
            <dateRange>
               <fromDate standardDate="1945-01-01">1945</fromDate>
               <toDate standardDate="1996-12-31">1996</toDate>
            </dateRange>
         </existDates>
      </description>
      <relations>
         <cpfRelation xmlns:xlink="http://www.w3.org/1999/xlink"
                      cpfRelationType="hierarchical-child"
                      xlink:href="FRAN_NP_000303"
                      xlink:type="simple">
            <relationEntry>Commission d'étude de la répartition géographique des stations radio-électriques</relationEntry>
            <dateRange>
               <fromDate standardDate="1963-01-01">1963</fromDate>
               <toDate standardDate="1996-12-31">1996</toDate>
            </dateRange>
         </cpfRelation>
         <cpfRelation xmlns:xlink="http://www.w3.org/1999/xlink"
                      cpfRelationType="temporal-later"
                      xlink:href="FRAN_NP_007478"
                      xlink:type="simple">
            <relationEntry>Agence nationale des fréquences</relationEntry>
            <dateRange>
               <fromDate standardDate="1997-01-01">1997</fromDate>
            </dateRange>
         </cpfRelation>
         <cpfRelation xmlns:xlink="http://www.w3.org/1999/xlink"
                      cpfRelationType="hierarchical-parent"
                      xlink:href="FRAN_NP_000002"
                      xlink:type="simple">
            <relationEntry>Premier ministre</relationEntry>
            <dateRange>
               <fromDate standardDate="1959-01-08">8 janvier 1959</fromDate>
               <toDate standardDate="1996-12-31">1996</toDate>
            </dateRange>
         </cpfRelation>
         <resourceRelation xmlns:xlink="http://www.w3.org/1999/xlink"
                           resourceRelationType="subjectOf"
                           xlink:href="FRAN_IR_009726"
                           xlink:type="simple">
            <relationEntry localType="archival">Premier ministre ; Organismes rattachés directement ; Comité de coordination des télécommunications (1935-1997)</relationEntry>
         </resourceRelation>
      </relations>
   </cpfDescription>
</eac-cpf>
