<eac-cpf xmlns="urn:isbn:1-931666-33-4"
         xmlns:xsi="http://www.w3.org/2001/XMLSchema-instance"
         xsi:schemaLocation="urn:isbn:1-931666-33-4 cpf.xsd">
   <control>
      <recordId>FRAN_NP_000119</recordId>
      <otherRecordId localType="Ancien_identifiant">1200/PCABT</otherRecordId>
      <maintenanceStatus>derived</maintenanceStatus>
      <maintenanceAgency>
         <agencyName>Archives nationales de France</agencyName>
      </maintenanceAgency>
      <languageDeclaration>
         <language languageCode="fre">Français</language>
         <script scriptCode="Latn"/>
      </languageDeclaration>
      <conventionDeclaration>
         <citation>Notice établie conformément à la norme ICA-ISAAR (CPF) 2004, aux normes ISO 8601 pour le système de normalisation des dates utilisé, ainsi que AFNOR NF Z 44-061, juin 1986. Catalogage : forme et structure des vedettes noms de personne, des vedettes titres, des rubriques de classement et des titres forgés.</citation>
      </conventionDeclaration>
      <localControl localType="niveau_de_detail">
         <term>Moyenne</term>
      </localControl>
      <maintenanceHistory>
         <maintenanceEvent>
            <eventType>derived</eventType>
            <eventDateTime>2015-09-30</eventDateTime>
            <agentType>machine</agentType>
            <agent>Import_SIA</agent>
         </maintenanceEvent>
      </maintenanceHistory>
   </control>
   <cpfDescription>
      <identity>
         <entityType>corporateBody</entityType>
         <nameEntry localType="autorisée" scriptCode="Latn" xml:lang="fre">
            <part>Conseiller technique auprès du ministre chargé du Plan et de l'Aménagement du territoire</part>
         </nameEntry>
      </identity>
      <description>
         <existDates>
            <dateRange>
               <fromDate standardDate="1981-05-22">22 mai 1981</fromDate>
               <toDate standardDate="1986-03-20">20 mars 1986</toDate>
            </dateRange>
         </existDates>
         <legalStatuses>
            <legalStatus>
               <term vocabularySource="d5blonb04s-1nqrprwwl75h0">cabinet ministériel</term>
            </legalStatus>
         </legalStatuses>
      </description>
      <relations>
         <cpfRelation xmlns:xlink="http://www.w3.org/1999/xlink"
                      cpfRelationType="hierarchical-parent"
                      xlink:href="FRAN_NP_000120"
                      xlink:type="simple">
            <relationEntry>Cabinets des ministres, ministres délégués et secrétaires d'État chargés du Plan et de l'Aménagement du territoire</relationEntry>
            <dateRange>
               <fromDate standardDate="1981-05-22">22 mai 1981</fromDate>
               <toDate standardDate="1986-03-20">20 mars 1986</toDate>
            </dateRange>
         </cpfRelation>
         <resourceRelation xmlns:xlink="http://www.w3.org/1999/xlink"
                           resourceRelationType="subjectOf"
                           xlink:href="FRAN_IR_009236"
                           xlink:type="simple">
            <relationEntry localType="archival">Premier ministre ; Ministres et secrétaires d'Etat délégués ; Ministre d'Etat chargé du Plan et de l'Aménagement du territoire ; Cabinet et services rattachés au ministre ; conseiller technique (1980-1984)</relationEntry>
         </resourceRelation>
         <resourceRelation xmlns:xlink="http://www.w3.org/1999/xlink"
                           resourceRelationType="subjectOf"
                           xlink:href="FRAN_IR_005923"
                           xlink:type="simple">
            <relationEntry localType="archival">Premier ministre ; Ministres et secrétaires d'Etat délégués ; Ministre d'Etat chargé du plan et de l'aménagement du territoire ; Cabinet et services rattachés au ministre ; Conseiller technique (1982-1985)</relationEntry>
         </resourceRelation>
         <resourceRelation xmlns:xlink="http://www.w3.org/1999/xlink"
                           resourceRelationType="creatorOf"
                           xlink:href="FRAN_IR_008965"
                           xlink:type="simple">
            <relationEntry localType="archival">Premier ministre ; Ministres et secrétaires d'Etat délégués ; Ministre d'Etat chargé du plan et de l'aménagement du territoire ; Cabinet et services rattachés au Ministre ; conseiller technique (1980-1983)</relationEntry>
         </resourceRelation>
      </relations>
   </cpfDescription>
</eac-cpf>
