<eac-cpf xmlns="urn:isbn:1-931666-33-4"
         xmlns:xsi="http://www.w3.org/2001/XMLSchema-instance"
         xsi:schemaLocation="urn:isbn:1-931666-33-4 cpf.xsd">
   <control>
      <recordId>FRAN_NP_000403</recordId>
      <otherRecordId localType="Ancien_identifiant">2102/B1</otherRecordId>
      <maintenanceStatus>derived</maintenanceStatus>
      <maintenanceAgency>
         <agencyName>Archives nationales de France</agencyName>
      </maintenanceAgency>
      <languageDeclaration>
         <language languageCode="fre">Français</language>
         <script scriptCode="Latn"/>
      </languageDeclaration>
      <conventionDeclaration>
         <citation>Notice établie conformément à la norme ICA-ISAAR (CPF) 2004, aux normes ISO 8601 pour le système de normalisation des dates utilisé, ainsi que AFNOR NF Z 44-061, juin 1986. Catalogage : forme et structure des vedettes noms de personne, des vedettes titres, des rubriques de classement et des titres forgés.</citation>
      </conventionDeclaration>
      <localControl localType="niveau_de_detail">
         <term>Moyenne</term>
      </localControl>
      <maintenanceHistory>
         <maintenanceEvent>
            <eventType>derived</eventType>
            <eventDateTime>2015-09-30</eventDateTime>
            <agentType>machine</agentType>
            <agent>Import_SIA</agent>
         </maintenanceEvent>
      </maintenanceHistory>
   </control>
   <cpfDescription>
      <identity>
         <entityType>corporateBody</entityType>
         <nameEntry localType="autorisée" scriptCode="Latn" xml:lang="fre">
            <part>Bureau des fonctionnaires des services judiciaires (sous-direction des greffes, direction des services judiciaires)</part>
         </nameEntry>
      </identity>
      <description>
         <existDates>
            <dateRange>
               <fromDate standardDate="1964-01-01">1964</fromDate>
               <toDate standardDate="2007-12-31">2007</toDate>
            </dateRange>
         </existDates>
         <legalStatuses>
            <legalStatus>
               <term vocabularySource="d5blonaxbw--1mt8t42bokzts">service d'administration centrale</term>
            </legalStatus>
         </legalStatuses>
      </description>
      <relations>
         <cpfRelation xmlns:xlink="http://www.w3.org/1999/xlink"
                      cpfRelationType="temporal-later"
                      xlink:href="FRAN_NP_000416"
                      xlink:type="simple">
            <relationEntry>Département de la gestion administrative et prévisionnelle des personnels de greffe (sous-direction des ressources humaines des greffes, direction des services judiciaires)</relationEntry>
            <dateRange>
               <fromDate standardDate="2007-01-01">2007</fromDate>
            </dateRange>
         </cpfRelation>
         <cpfRelation xmlns:xlink="http://www.w3.org/1999/xlink"
                      cpfRelationType="hierarchical-parent"
                      xlink:href="FRAN_NP_000407"
                      xlink:type="simple">
            <relationEntry>Sous-direction des greffes (direction des services judiciaires)</relationEntry>
            <dateRange>
               <fromDate standardDate="1983-01-01">1983</fromDate>
               <toDate standardDate="2007-12-31">2007</toDate>
            </dateRange>
         </cpfRelation>
         <resourceRelation xmlns:xlink="http://www.w3.org/1999/xlink"
                           resourceRelationType="subjectOf"
                           xlink:href="FRAN_IR_006954"
                           xlink:type="simple">
            <relationEntry localType="archival">Justice ; Direction des services judiciaires ; Sous-direction des greffes ; Bureau des fonctionnaires - Bureau des fonctionnaires des services judiciaires (1977)</relationEntry>
         </resourceRelation>
         <resourceRelation xmlns:xlink="http://www.w3.org/1999/xlink"
                           resourceRelationType="subjectOf"
                           xlink:href="FRAN_IR_015853"
                           xlink:type="simple">
            <relationEntry localType="archival">Justice ; Direction des services judiciaires ; Sous-direction des greffes ; Bureau des fonctionnaires ; Bureau des fonctionnaires des services judiciaires (1995)</relationEntry>
         </resourceRelation>
         <resourceRelation xmlns:xlink="http://www.w3.org/1999/xlink"
                           resourceRelationType="subjectOf"
                           xlink:href="FRAN_IR_015876"
                           xlink:type="simple">
            <relationEntry localType="archival">Justice ; Direction des services judiciaires ; Sous-direction des greffes ; Bureau des fonctionnaires ; Bureau des fonctionnaires des services judiciaires (1978-1990)</relationEntry>
         </resourceRelation>
         <resourceRelation xmlns:xlink="http://www.w3.org/1999/xlink"
                           resourceRelationType="subjectOf"
                           xlink:href="FRAN_IR_018254"
                           xlink:type="simple">
            <relationEntry localType="archival">Justice ; Direction des services judiciaires ; Sous-direction des greffes ; Bureau des fonctionnaires - Bureau des fonctionnaires des services judiciaires (1985-1988)</relationEntry>
         </resourceRelation>
         <resourceRelation xmlns:xlink="http://www.w3.org/1999/xlink"
                           resourceRelationType="subjectOf"
                           xlink:href="FRAN_IR_018428"
                           xlink:type="simple">
            <relationEntry localType="archival">Justice ; Direction des services judiciaires ; Sous-direction des greffes ; Bureau des fonctionnaires ; Bureau des fonctionnaires des services judiciaires (1990)</relationEntry>
         </resourceRelation>
         <resourceRelation xmlns:xlink="http://www.w3.org/1999/xlink"
                           resourceRelationType="subjectOf"
                           xlink:href="FRAN_IR_019038"
                           xlink:type="simple">
            <relationEntry localType="archival">Justice ; Direction des services judiciaires ; Sous-direction des greffes ; Bureau des fonctionnaires ; Bureau des fonctionnaires des services judiciaires (1977-1990)</relationEntry>
         </resourceRelation>
         <resourceRelation xmlns:xlink="http://www.w3.org/1999/xlink"
                           resourceRelationType="subjectOf"
                           xlink:href="FRAN_IR_021318"
                           xlink:type="simple">
            <relationEntry localType="archival">Justice ; Direction des services judiciaires ; Sous-direction des greffes ; Bureau des fonctionnaires - Bureau des fonctionnaires des services judiciaires (1979)</relationEntry>
         </resourceRelation>
         <resourceRelation xmlns:xlink="http://www.w3.org/1999/xlink"
                           resourceRelationType="subjectOf"
                           xlink:href="FRAN_IR_021977"
                           xlink:type="simple">
            <relationEntry localType="archival">Justice ; Direction des services judiciaires ; Sous-direction des greffes ; Bureau des fonctionnaires - Bureau des fonctionnaires des services judiciaires (1974)</relationEntry>
         </resourceRelation>
         <resourceRelation xmlns:xlink="http://www.w3.org/1999/xlink"
                           resourceRelationType="subjectOf"
                           xlink:href="FRAN_IR_009868"
                           xlink:type="simple">
            <relationEntry localType="archival">Justice ; Direction des services judiciaires ; Sous-direction des greffes ; Bureau des fonctionnaires ; Bureau des fonctionnaires des services judiciaires (1914-1966)</relationEntry>
         </resourceRelation>
         <resourceRelation xmlns:xlink="http://www.w3.org/1999/xlink"
                           resourceRelationType="subjectOf"
                           xlink:href="FRAN_IR_019034"
                           xlink:type="simple">
            <relationEntry localType="archival">Justice ; Direction des services judiciaires ; Sous-direction des greffes ; Bureau des fonctionnaires ; Bureau des fonctionnaires des services judiciaires (1990)</relationEntry>
         </resourceRelation>
         <resourceRelation xmlns:xlink="http://www.w3.org/1999/xlink"
                           resourceRelationType="subjectOf"
                           xlink:href="FRAN_IR_021322"
                           xlink:type="simple">
            <relationEntry localType="archival">Justice ; Direction des services judiciaires ; Sous-direction des greffes ; Bureau des fonctionnaires ; Bureau des fonctionnaires des services judiciaires (1968)</relationEntry>
         </resourceRelation>
         <resourceRelation xmlns:xlink="http://www.w3.org/1999/xlink"
                           resourceRelationType="subjectOf"
                           xlink:href="FRAN_IR_024056"
                           xlink:type="simple">
            <relationEntry localType="archival">Justice ; Direction des services judiciaires ; Sous-direction des greffes ; Bureau des fonctionnaires - Bureau des fonctionnaires des services judiciaires (1984)</relationEntry>
         </resourceRelation>
         <resourceRelation xmlns:xlink="http://www.w3.org/1999/xlink"
                           resourceRelationType="subjectOf"
                           xlink:href="FRAN_IR_010161"
                           xlink:type="simple">
            <relationEntry localType="archival">Justice ; Direction des services judiciaires ; Sous-direction des greffes ; Bureau des fonctionnaires - Bureau des fonctionnaires des services judiciaires (1973-1983)</relationEntry>
         </resourceRelation>
         <resourceRelation xmlns:xlink="http://www.w3.org/1999/xlink"
                           resourceRelationType="subjectOf"
                           xlink:href="FRAN_IR_010694"
                           xlink:type="simple">
            <relationEntry localType="archival">Justice ; Services judiciaires (1963-1988)</relationEntry>
         </resourceRelation>
         <resourceRelation xmlns:xlink="http://www.w3.org/1999/xlink"
                           resourceRelationType="subjectOf"
                           xlink:href="FRAN_IR_010691"
                           xlink:type="simple">
            <relationEntry localType="archival">Justice ; Services judiciaires (1881-1975)</relationEntry>
         </resourceRelation>
         <resourceRelation xmlns:xlink="http://www.w3.org/1999/xlink"
                           resourceRelationType="subjectOf"
                           xlink:href="FRAN_IR_013591"
                           xlink:type="simple">
            <relationEntry localType="archival">Justice ; Direction des services judiciaires ; Sous-direction des greffes ; Bureau des fonctionnaires - Bureau des fonctionnaires des services judiciaires (1984-1997)</relationEntry>
         </resourceRelation>
         <resourceRelation xmlns:xlink="http://www.w3.org/1999/xlink"
                           resourceRelationType="subjectOf"
                           xlink:href="FRAN_IR_013588"
                           xlink:type="simple">
            <relationEntry localType="archival">Justice ; Direction des services judiciaires ; Sous-direction des greffes ; Bureau des fonctionnaires - Bureau des fonctionnaires des services judiciaires (1987-1998)</relationEntry>
         </resourceRelation>
         <resourceRelation xmlns:xlink="http://www.w3.org/1999/xlink"
                           resourceRelationType="subjectOf"
                           xlink:href="FRAN_IR_019811"
                           xlink:type="simple">
            <relationEntry localType="archival">Justice ; Direction des services judiciaires ; Sous-direction des greffes ; Bureau des fonctionnaires - Bureau des fonctionnaires des services judiciaires (1994-2001)</relationEntry>
         </resourceRelation>
         <resourceRelation xmlns:xlink="http://www.w3.org/1999/xlink"
                           resourceRelationType="subjectOf"
                           xlink:href="FRAN_IR_023110"
                           xlink:type="simple">
            <relationEntry localType="archival">Justice ; Direction des services judiciaires ; Sous-direction des greffes ; Bureau des fonctionnaires - Bureau des fonctionnaires des services judiciaires (1980-1994)</relationEntry>
         </resourceRelation>
         <resourceRelation xmlns:xlink="http://www.w3.org/1999/xlink"
                           resourceRelationType="subjectOf"
                           xlink:href="FRAN_IR_010034"
                           xlink:type="simple">
            <relationEntry localType="archival">Justice ; Direction des services judiciaires ; Sous-direction des greffes ; Bureau des fonctionnaires - Bureau des fonctionnaires des services judiciaires (2000)</relationEntry>
         </resourceRelation>
         <resourceRelation xmlns:xlink="http://www.w3.org/1999/xlink"
                           resourceRelationType="subjectOf"
                           xlink:href="FRAN_IR_010158"
                           xlink:type="simple">
            <relationEntry localType="archival">Justice ; Direction des services judiciaires ; Sous-direction des greffes ; Bureau des fonctionnaires - Bureau des fonctionnaires des services judiciaires (1959-1989)</relationEntry>
         </resourceRelation>
         <resourceRelation xmlns:xlink="http://www.w3.org/1999/xlink"
                           resourceRelationType="subjectOf"
                           xlink:href="FRAN_IR_010695"
                           xlink:type="simple">
            <relationEntry localType="archival">Justice ; Services judiciaires (1963-1988)</relationEntry>
         </resourceRelation>
         <resourceRelation xmlns:xlink="http://www.w3.org/1999/xlink"
                           resourceRelationType="subjectOf"
                           xlink:href="FRAN_IR_013594"
                           xlink:type="simple">
            <relationEntry localType="archival">Justice ; Direction des services judiciaires ; Sous-direction des greffes ; Bureau des fonctionnaires - Bureau des fonctionnaires des services judiciaires (1998)</relationEntry>
         </resourceRelation>
         <resourceRelation xmlns:xlink="http://www.w3.org/1999/xlink"
                           resourceRelationType="subjectOf"
                           xlink:href="FRAN_IR_013596"
                           xlink:type="simple">
            <relationEntry localType="archival">Justice ; Direction des services judiciaires ; Sous-direction des greffes ; Bureau des fonctionnaires - Bureau des fonctionnaires des services judiciaires (1999)</relationEntry>
         </resourceRelation>
         <resourceRelation xmlns:xlink="http://www.w3.org/1999/xlink"
                           resourceRelationType="subjectOf"
                           xlink:href="FRAN_IR_023111"
                           xlink:type="simple">
            <relationEntry localType="archival">Justice ; Direction des services judiciaires ; Sous-direction des greffes ; Bureau des fonctionnaires - Bureau des fonctionnaires des services judiciaires (1997)</relationEntry>
         </resourceRelation>
         <resourceRelation xmlns:xlink="http://www.w3.org/1999/xlink"
                           resourceRelationType="subjectOf"
                           xlink:href="FRAN_IR_023284"
                           xlink:type="simple">
            <relationEntry localType="archival">Justice ; Direction des services judiciaires ; Sous-direction des greffes ; Bureau des fonctionnaires - Bureau des fonctionnaires des services judiciaires (1996)</relationEntry>
         </resourceRelation>
         <resourceRelation xmlns:xlink="http://www.w3.org/1999/xlink"
                           resourceRelationType="subjectOf"
                           xlink:href="FRAN_IR_006039"
                           xlink:type="simple">
            <relationEntry localType="archival">Justice ; Direction des services judiciaires ; Sous-direction des greffes ; Bureau des fonctionnaires - Bureau des fonctionnaires des services judiciaires (1970)</relationEntry>
         </resourceRelation>
         <resourceRelation xmlns:xlink="http://www.w3.org/1999/xlink"
                           resourceRelationType="subjectOf"
                           xlink:href="FRAN_IR_019039"
                           xlink:type="simple">
            <relationEntry localType="archival">Justice ; Direction des services judiciaires ; Sous-direction des greffes ; Bureau des fonctionnaires ; Bureau des fonctionnaires des services judiciaires (1977-1991)</relationEntry>
         </resourceRelation>
      </relations>
   </cpfDescription>
</eac-cpf>
