<eac-cpf xmlns="urn:isbn:1-931666-33-4"
         xmlns:xsi="http://www.w3.org/2001/XMLSchema-instance"
         xsi:schemaLocation="urn:isbn:1-931666-33-4 cpf.xsd">
   <control>
      <recordId>FRAN_NP_000394</recordId>
      <otherRecordId localType="Ancien_identifiant">2101/CINF</otherRecordId>
      <maintenanceStatus>derived</maintenanceStatus>
      <maintenanceAgency>
         <agencyName>Archives nationales de France</agencyName>
      </maintenanceAgency>
      <languageDeclaration>
         <language languageCode="fre">Français</language>
         <script scriptCode="Latn"/>
      </languageDeclaration>
      <conventionDeclaration>
         <citation>Notice établie conformément à la norme ICA-ISAAR (CPF) 2004, aux normes ISO 8601 pour le système de normalisation des dates utilisé, ainsi que AFNOR NF Z 44-061, juin 1986. Catalogage : forme et structure des vedettes noms de personne, des vedettes titres, des rubriques de classement et des titres forgés.</citation>
      </conventionDeclaration>
      <localControl localType="niveau_de_detail">
         <term>Moyenne</term>
      </localControl>
      <maintenanceHistory>
         <maintenanceEvent>
            <eventType>derived</eventType>
            <eventDateTime>2013-04-23</eventDateTime>
            <agentType>machine</agentType>
            <agent>Import_SIA</agent>
         </maintenanceEvent>
      </maintenanceHistory>
   </control>
   <cpfDescription>
      <identity>
         <entityType>corporateBody</entityType>
         <nameEntry scriptCode="Latn" localType="autorisée" xml:lang="fre">
            <part>Commission de l'informatique du ministère de la Justice</part>
         </nameEntry>
         <nameEntry>
            <part>Commission de l'informatique et de la bureautique du ministère de la Justice</part>
            <useDates>
               <dateRange>
                  <fromDate standardDate="1985-01-01">1985</fromDate>
                  <toDate standardDate="1987-12-31">1987</toDate>
               </dateRange>
            </useDates>
         </nameEntry>
         <nameEntry>
            <part>Commission de l'informatique du ministère de la Justice</part>
            <useDates>
               <dateRange>
                  <fromDate standardDate="1979-01-01">1979</fromDate>
                  <toDate standardDate="1985-12-31">1985</toDate>
               </dateRange>
            </useDates>
         </nameEntry>
         <nameEntry>
            <part>Commission de développement de l'informatique</part>
            <useDates>
               <dateRange>
                  <fromDate standardDate="1971-01-01">1971</fromDate>
                  <toDate standardDate="1979-12-31">1979</toDate>
               </dateRange>
            </useDates>
         </nameEntry>
         <nameEntry>
            <part>Commission de l'informatique</part>
            <useDates>
               <dateRange>
                  <fromDate standardDate="1967-01-01">1967</fromDate>
                  <toDate standardDate="1971-12-31">1971</toDate>
               </dateRange>
            </useDates>
         </nameEntry>
      </identity>
      <description>
         <existDates>
            <dateRange>
               <fromDate standardDate="1967-01-01">1967</fromDate>
               <toDate standardDate="1996-12-31">1996</toDate>
            </dateRange>
         </existDates>
         <legalStatuses>
            <legalStatus>
               <term vocabularySource="d5blomrbsy--d2dm41z2xnq2">organisme consultatif</term>
            </legalStatus>
         </legalStatuses>
      </description>
      <relations>
         <cpfRelation xmlns:xlink="http://www.w3.org/1999/xlink"
                      cpfRelationType="temporal-later"
                      xlink:href="FRAN_NP_000735"
                      xlink:type="simple">
            <relationEntry>Commission de l'informatique, des réseaux et de la communication électronique du ministère de la Justice</relationEntry>
            <dateRange>
               <fromDate standardDate="1996-01-01">1996</fromDate>
            </dateRange>
         </cpfRelation>
         <cpfRelation xmlns:xlink="http://www.w3.org/1999/xlink"
                      cpfRelationType="hierarchical-parent"
                      xlink:href="FRAN_NP_000009"
                      xlink:type="simple">
            <relationEntry>Ministère de la Justice</relationEntry>
            <dateRange>
               <fromDate standardDate="1987-01-01">1987</fromDate>
               <toDate standardDate="1996-12-31">1996</toDate>
            </dateRange>
         </cpfRelation>
      </relations>
   </cpfDescription>
</eac-cpf>
