<eac-cpf xmlns="urn:isbn:1-931666-33-4"
         xmlns:xsi="http://www.w3.org/2001/XMLSchema-instance"
         xsi:schemaLocation="urn:isbn:1-931666-33-4 cpf.xsd">
   <control>
      <recordId>FRAN_NP_000008</recordId>
      <otherRecordId localType="Ancien_identifiant">22</otherRecordId>
      <maintenanceStatus>derived</maintenanceStatus>
      <maintenanceAgency>
         <agencyName>Archives nationales de France</agencyName>
      </maintenanceAgency>
      <languageDeclaration>
         <language languageCode="fre">Français</language>
         <script scriptCode="Latn"/>
      </languageDeclaration>
      <conventionDeclaration>
         <citation>Notice établie conformément à la norme ICA-ISAAR (CPF) 2004, aux normes ISO 8601 pour le système de normalisation des dates utilisé, ainsi que AFNOR NF Z 44-061, juin 1986. Catalogage : forme et structure des vedettes noms de personne, des vedettes titres, des rubriques de classement et des titres forgés.</citation>
      </conventionDeclaration>
      <localControl localType="niveau_de_detail">
         <term>Moyenne</term>
      </localControl>
      <maintenanceHistory>
         <maintenanceEvent>
            <eventType>derived</eventType>
            <eventDateTime>2015-12-04</eventDateTime>
            <agentType>machine</agentType>
            <agent>Import_SIA</agent>
         </maintenanceEvent>
      </maintenanceHistory>
   </control>
   <cpfDescription>
      <identity>
         <entityType>corporateBody</entityType>
         <nameEntry localType="autorisée" scriptCode="Latn" xml:lang="fre">
            <part>Ministère de l'Intérieur</part>
         </nameEntry>
         <nameEntry>
            <part>Ministère de l'Intérieur, de l'Outre-mer, des Collectivités territoriales et de l'Immigration</part>
            <useDates>
               <dateRange>
                  <fromDate standardDate="2010-11-14">14 novembre 2010</fromDate>
                  <toDate standardDate="2012-05-10">10 mai 2012</toDate>
               </dateRange>
            </useDates>
         </nameEntry>
         <nameEntry>
            <part>Ministère de l'Intérieur, de l'Outre-mer et des Collectivités territoriales</part>
            <useDates>
               <dateRange>
                  <fromDate standardDate="2007-05-18">18 mai 2007</fromDate>
                  <toDate standardDate="2010-11-13">13 novembre 2010</toDate>
               </dateRange>
            </useDates>
         </nameEntry>
         <nameEntry>
            <part>Ministère de l'Intérieur et de l'Aménagement du territoire</part>
            <useDates>
               <dateRange>
                  <fromDate standardDate="2005-06-02">2 juin 2005</fromDate>
                  <toDate standardDate="2007-05-15">15 mai 2007</toDate>
               </dateRange>
            </useDates>
         </nameEntry>
         <nameEntry>
            <part>Ministère de l'Intérieur, de la Sécurité intérieure et des Libertés locales</part>
            <useDates>
               <dateRange>
                  <fromDate standardDate="2002-05-07">7 mai 2002</fromDate>
                  <toDate standardDate="2005-05-31">31 mai 2005</toDate>
               </dateRange>
            </useDates>
         </nameEntry>
         <nameEntry>
            <part>Ministère de l'Intérieur</part>
            <useDates>
               <dateRange>
                  <fromDate standardDate="1995-05-18">18 mai 1995</fromDate>
                  <toDate standardDate="2002-05-08">8 mai 2002</toDate>
               </dateRange>
            </useDates>
         </nameEntry>
         <nameEntry>
            <part>Ministère de l'Intérieur et de l'Aménagement du territoire</part>
            <useDates>
               <dateRange>
                  <fromDate standardDate="1993-03-30">30 mars 1993</fromDate>
                  <toDate standardDate="1995-05-11">11 mai 1995</toDate>
               </dateRange>
            </useDates>
         </nameEntry>
         <nameEntry>
            <part>Ministère de l'Intérieur et de la Sécurité publique</part>
            <useDates>
               <dateRange>
                  <fromDate standardDate="1992-04-02">2 avril 1992</fromDate>
                  <toDate standardDate="1993-03-29">29 mars 1993</toDate>
               </dateRange>
            </useDates>
         </nameEntry>
         <nameEntry>
            <part>Ministère de l'Intérieur</part>
            <useDates>
               <dateRange>
                  <fromDate standardDate="1986-03-20">20 mars 1986</fromDate>
                  <toDate standardDate="1992-04-02">2 avril 1992</toDate>
               </dateRange>
            </useDates>
         </nameEntry>
         <nameEntry>
            <part>Ministère de l'Intérieur et de la Décentralisation</part>
            <useDates>
               <dateRange>
                  <fromDate standardDate="1981-05-22">22 mai 1981</fromDate>
                  <toDate standardDate="1986-03-20">20 mars 1986</toDate>
               </dateRange>
            </useDates>
         </nameEntry>
      </identity>
      <description>
         <existDates>
            <dateRange>
               <fromDate standardDate="1790-08-07">7 août 1790</fromDate>
            </dateRange>
         </existDates>
         <legalStatuses>
            <legalStatus>
               <term vocabularySource="d5bloo2gwk-sgl3fc00gzgl">ministère</term>
            </legalStatus>
         </legalStatuses>
      </description>
      <relations>
         <cpfRelation xmlns:xlink="http://www.w3.org/1999/xlink"
                      cpfRelationType="hierarchical-child"
                      xlink:href="FRAN_NP_001430"
                      xlink:type="simple">
            <relationEntry>Direction des libertés publiques et des affaires juridiques (ministère de l'Intérieur)</relationEntry>
            <dateRange>
               <fromDate standardDate="1975-01-01">1975</fromDate>
            </dateRange>
         </cpfRelation>
         <cpfRelation xmlns:xlink="http://www.w3.org/1999/xlink"
                      cpfRelationType="hierarchical-child"
                      xlink:href="FRAN_NP_001443"
                      xlink:type="simple">
            <relationEntry>Haut fonctionnaire de défense (ministère de l'Intérieur) (1997-2008)</relationEntry>
            <dateRange>
               <fromDate standardDate="1997-01-01">1997</fromDate>
               <toDate standardDate="2008-12-31">2008</toDate>
            </dateRange>
         </cpfRelation>
         <cpfRelation xmlns:xlink="http://www.w3.org/1999/xlink"
                      cpfRelationType="hierarchical-child"
                      xlink:href="FRAN_NP_001444"
                      xlink:type="simple">
            <relationEntry>Institut national d'études de la sécurité civile</relationEntry>
            <dateRange>
               <fromDate standardDate="1954-01-01">1954</fromDate>
               <toDate standardDate="2004-12-31">2004</toDate>
            </dateRange>
         </cpfRelation>
         <cpfRelation xmlns:xlink="http://www.w3.org/1999/xlink"
                      cpfRelationType="hierarchical-child"
                      xlink:href="FRAN_NP_001466"
                      xlink:type="simple">
            <relationEntry>Direction générale de la sécurité civile et de la gestion des crises</relationEntry>
            <dateRange>
               <fromDate standardDate="1986-11-28">28 novembre 1986</fromDate>
            </dateRange>
         </cpfRelation>
         <cpfRelation xmlns:xlink="http://www.w3.org/1999/xlink"
                      cpfRelationType="hierarchical-child"
                      xlink:href="FRAN_NP_001490"
                      xlink:type="simple">
            <relationEntry>Direction des transmissions et de l'informatique (ministère de l'Intérieur)</relationEntry>
            <dateRange>
               <fromDate standardDate="1982-01-01">1982</fromDate>
               <toDate standardDate="2002-12-31">2002</toDate>
            </dateRange>
         </cpfRelation>
         <cpfRelation xmlns:xlink="http://www.w3.org/1999/xlink"
                      cpfRelationType="hierarchical-child"
                      xlink:href="FRAN_NP_001491"
                      xlink:type="simple">
            <relationEntry>Organismes rattachés directement (ministère de l'Intérieur)</relationEntry>
            <dateRange>
               <fromDate standardDate="1961-01-01">1961</fromDate>
            </dateRange>
         </cpfRelation>
         <cpfRelation xmlns:xlink="http://www.w3.org/1999/xlink"
                      cpfRelationType="hierarchical-child"
                      xlink:href="FRAN_NP_001493"
                      xlink:type="simple">
            <relationEntry>Centre d'études et de prévision (ministère de l'Intérieur)</relationEntry>
            <dateRange>
               <fromDate standardDate="1999-01-01">1999</fromDate>
               <toDate standardDate="2004-12-31">2004</toDate>
            </dateRange>
         </cpfRelation>
         <cpfRelation xmlns:xlink="http://www.w3.org/1999/xlink"
                      cpfRelationType="hierarchical-child"
                      xlink:href="FRAN_NP_001494"
                      xlink:type="simple">
            <relationEntry>Délégation à la prospective et à la stratégie (ministère de l'Intérieur)</relationEntry>
            <dateRange>
               <fromDate standardDate="2008-01-01">2008</fromDate>
               <toDate standardDate="2010-12-31">2010</toDate>
            </dateRange>
         </cpfRelation>
         <cpfRelation xmlns:xlink="http://www.w3.org/1999/xlink"
                      cpfRelationType="hierarchical-child"
                      xlink:href="FRAN_NP_001495"
                      xlink:type="simple">
            <relationEntry>Délégation aux affaires internationales (ministère de l'Intérieur)</relationEntry>
            <dateRange>
               <fromDate standardDate="1999-01-01">1999</fromDate>
               <toDate standardDate="2004-12-31">2004</toDate>
            </dateRange>
         </cpfRelation>
         <cpfRelation xmlns:xlink="http://www.w3.org/1999/xlink"
                      cpfRelationType="hierarchical-child"
                      xlink:href="FRAN_NP_001496"
                      xlink:type="simple">
            <relationEntry>Délégation générale à l'outre-mer</relationEntry>
            <dateRange>
               <fromDate standardDate="2008-01-01">2008</fromDate>
            </dateRange>
         </cpfRelation>
         <cpfRelation xmlns:xlink="http://www.w3.org/1999/xlink"
                      cpfRelationType="hierarchical-child"
                      xlink:href="FRAN_NP_001499"
                      xlink:type="simple">
            <relationEntry>Direction de l'administration départementale et communale</relationEntry>
            <dateRange>
               <fromDate standardDate="1945-11-02">2 novembre 1945</fromDate>
               <toDate standardDate="1960-12-31">1960</toDate>
            </dateRange>
         </cpfRelation>
         <cpfRelation xmlns:xlink="http://www.w3.org/1999/xlink"
                      cpfRelationType="hierarchical-child"
                      xlink:href="FRAN_NP_001506"
                      xlink:type="simple">
            <relationEntry>Direction des affaires d'Algérie</relationEntry>
            <dateRange>
               <fromDate standardDate="1955-01-01">1955</fromDate>
               <toDate standardDate="1960-12-31">1960</toDate>
            </dateRange>
         </cpfRelation>
         <cpfRelation xmlns:xlink="http://www.w3.org/1999/xlink"
                      cpfRelationType="hierarchical-child"
                      xlink:href="FRAN_NP_001512"
                      xlink:type="simple">
            <relationEntry>Direction des services financiers et du contentieux (ministère de l'Intérieur)</relationEntry>
            <dateRange>
               <fromDate standardDate="1949-01-01">1949</fromDate>
               <toDate standardDate="1960-12-31">1960</toDate>
            </dateRange>
         </cpfRelation>
         <cpfRelation xmlns:xlink="http://www.w3.org/1999/xlink"
                      cpfRelationType="hierarchical-child"
                      xlink:href="FRAN_NP_001513"
                      xlink:type="simple">
            <relationEntry>Direction des services techniques (ministère de l'Intérieur)</relationEntry>
            <dateRange>
               <fromDate standardDate="1949-01-01">1949</fromDate>
               <toDate standardDate="1951-12-31">1951</toDate>
            </dateRange>
         </cpfRelation>
         <cpfRelation xmlns:xlink="http://www.w3.org/1999/xlink"
                      cpfRelationType="associative"
                      xlink:href="FRAN_NP_009904"
                      xlink:type="simple">
            <relationEntry>Fouchet, Christian</relationEntry>
            <dateRange>
               <fromDate standardDate="1967-04-07">7 avril 1967</fromDate>
               <toDate standardDate="1968-05-31">31 mai 1968</toDate>
            </dateRange>
         </cpfRelation>
         <cpfRelation xmlns:xlink="http://www.w3.org/1999/xlink"
                      cpfRelationType="hierarchical-child"
                      xlink:href="FRAN_NP_001035"
                      xlink:type="simple">
            <relationEntry>Haut fonctionnaire de défense (ministère de l'Intérieur)</relationEntry>
            <dateRange>
               <fromDate standardDate="2008-01-01">2008</fromDate>
            </dateRange>
         </cpfRelation>
         <cpfRelation xmlns:xlink="http://www.w3.org/1999/xlink"
                      cpfRelationType="hierarchical-child"
                      xlink:href="FRAN_NP_001051"
                      xlink:type="simple">
            <relationEntry>Direction de la programmation, des affaires financières et immobilières (ministère de l'Intérieur)</relationEntry>
            <dateRange>
               <fromDate standardDate="1985-01-01">1985</fromDate>
               <toDate standardDate="2004-12-31">2004</toDate>
            </dateRange>
         </cpfRelation>
         <cpfRelation xmlns:xlink="http://www.w3.org/1999/xlink"
                      cpfRelationType="hierarchical-child"
                      xlink:href="FRAN_NP_001055"
                      xlink:type="simple">
            <relationEntry>Conseil national de la formation des élus locaux</relationEntry>
            <dateRange>
               <fromDate standardDate="1992-01-01">1992</fromDate>
            </dateRange>
         </cpfRelation>
         <cpfRelation xmlns:xlink="http://www.w3.org/1999/xlink"
                      cpfRelationType="associative"
                      xlink:href="FRAN_NP_006823"
                      xlink:type="simple">
            <relationEntry>Délégation à la sécurité et à la circulation routières</relationEntry>
            <dateRange>
               <fromDate standardDate="1982-01-01">1982</fromDate>
            </dateRange>
         </cpfRelation>
         <cpfRelation xmlns:xlink="http://www.w3.org/1999/xlink"
                      cpfRelationType="hierarchical-child"
                      xlink:href="FRAN_NP_001213"
                      xlink:type="simple">
            <relationEntry>École nationale supérieure de la police</relationEntry>
            <dateRange>
               <fromDate standardDate="1941-01-01">1941</fromDate>
            </dateRange>
         </cpfRelation>
         <cpfRelation xmlns:xlink="http://www.w3.org/1999/xlink"
                      cpfRelationType="hierarchical-child"
                      xlink:href="FRAN_NP_002098"
                      xlink:type="simple">
            <relationEntry>Office français de l'immigration et de l'intégration</relationEntry>
            <dateRange>
               <fromDate standardDate="2010-11-14">14 novembre 2010</fromDate>
            </dateRange>
         </cpfRelation>
         <cpfRelation xmlns:xlink="http://www.w3.org/1999/xlink"
                      cpfRelationType="hierarchical-child"
                      xlink:href="FRAN_NP_002093"
                      xlink:type="simple">
            <relationEntry>Secrétariat général à l'immigration et à l'intégration</relationEntry>
            <dateRange>
               <fromDate standardDate="2010-11-14">14 novembre 2010</fromDate>
            </dateRange>
         </cpfRelation>
         <cpfRelation xmlns:xlink="http://www.w3.org/1999/xlink"
                      cpfRelationType="hierarchical-child"
                      xlink:href="FRAN_NP_000942"
                      xlink:type="simple">
            <relationEntry>Direction générale de l'administration (ministère de l'Intérieur)</relationEntry>
            <dateRange>
               <fromDate standardDate="1974-01-01">1974</fromDate>
               <toDate standardDate="2004-12-31">2004</toDate>
            </dateRange>
         </cpfRelation>
         <cpfRelation xmlns:xlink="http://www.w3.org/1999/xlink"
                      cpfRelationType="hierarchical-child"
                      xlink:href="FRAN_NP_000862"
                      xlink:type="simple">
            <relationEntry>Service de l'information et des relations publiques (ministère de l'Intérieur)</relationEntry>
            <dateRange>
               <fromDate standardDate="1975-01-01">1975</fromDate>
               <toDate standardDate="2004-12-31">2004</toDate>
            </dateRange>
         </cpfRelation>
         <cpfRelation xmlns:xlink="http://www.w3.org/1999/xlink"
                      cpfRelationType="hierarchical-child"
                      xlink:href="FRAN_NP_000863"
                      xlink:type="simple">
            <relationEntry>Cabinet et services rattachés au ministre (ministère de l'Intérieur)</relationEntry>
            <dateRange>
               <fromDate standardDate="1958-01-01">1958</fromDate>
            </dateRange>
         </cpfRelation>
         <cpfRelation xmlns:xlink="http://www.w3.org/1999/xlink"
                      cpfRelationType="hierarchical-child"
                      xlink:href="FRAN_NP_000858"
                      xlink:type="simple">
            <relationEntry>Institut national des hautes études de sécurité</relationEntry>
            <dateRange>
               <fromDate standardDate="2004-01-01">2004</fromDate>
               <toDate standardDate="2009-12-31">2009</toDate>
            </dateRange>
         </cpfRelation>
         <cpfRelation xmlns:xlink="http://www.w3.org/1999/xlink"
                      cpfRelationType="hierarchical-child"
                      xlink:href="FRAN_NP_000845"
                      xlink:type="simple">
            <relationEntry>Bureau du cabinet (ministère de l'Intérieur)</relationEntry>
            <dateRange>
               <fromDate standardDate="1944-01-01">1944</fromDate>
            </dateRange>
         </cpfRelation>
         <cpfRelation xmlns:xlink="http://www.w3.org/1999/xlink"
                      cpfRelationType="hierarchical-child"
                      xlink:href="FRAN_NP_000854"
                      xlink:type="simple">
            <relationEntry>Délégation aux affaires internationales et européennes (ministère de l'Intérieur)</relationEntry>
            <dateRange>
               <fromDate standardDate="2008-01-01">2008</fromDate>
            </dateRange>
         </cpfRelation>
         <cpfRelation xmlns:xlink="http://www.w3.org/1999/xlink"
                      cpfRelationType="hierarchical-child"
                      xlink:href="FRAN_NP_000851"
                      xlink:type="simple">
            <relationEntry>Cabinet du ministre de l'Intérieur</relationEntry>
            <dateRange>
               <fromDate standardDate="1945-01-01">1945</fromDate>
            </dateRange>
         </cpfRelation>
         <cpfRelation xmlns:xlink="http://www.w3.org/1999/xlink"
                      cpfRelationType="hierarchical-child"
                      xlink:href="FRAN_NP_000839"
                      xlink:type="simple">
            <relationEntry>Ministre délégué ou secrétaire d'État à l'Intérieur</relationEntry>
            <dateRange>
               <fromDate standardDate="1966-01-08">8 janvier 1966</fromDate>
               <toDate standardDate="2005-05-31">31 mai 2005</toDate>
            </dateRange>
         </cpfRelation>
         <cpfRelation xmlns:xlink="http://www.w3.org/1999/xlink"
                      cpfRelationType="hierarchical-child"
                      xlink:href="FRAN_NP_009168"
                      xlink:type="simple">
            <relationEntry>Direction générale de la sûreté nationale (fonds de Moscou)</relationEntry>
            <dateRange>
               <fromDate standardDate="1800-01-01">1800</fromDate>
               <toDate standardDate="1940-12-31">1940</toDate>
            </dateRange>
         </cpfRelation>
         <cpfRelation xmlns:xlink="http://www.w3.org/1999/xlink"
                      cpfRelationType="associative"
                      xlink:href="FRAN_NP_009205"
                      xlink:type="simple">
            <relationEntry>Ministère de l'Intérieur (enquêtes orales)</relationEntry>
            <dateRange>
               <fromDate standardDate="1790-08-07">7 août 1790</fromDate>
            </dateRange>
         </cpfRelation>
         <cpfRelation xmlns:xlink="http://www.w3.org/1999/xlink"
                      cpfRelationType="associative"
                      xlink:href="FRAN_NP_050993"
                      xlink:type="simple">
            <relationEntry>Pasqua, Charles (1927-....)</relationEntry>
            <dateRange>
               <fromDate standardDate="1986-01-01">1986</fromDate>
               <toDate standardDate="1988-12-31">1988</toDate>
            </dateRange>
            <descriptiveNote>
               <p>
     Ch. Pasqua, ministre de l'Intérieur de 1986 à 1988
    </p>
            </descriptiveNote>
         </cpfRelation>
         <cpfRelation xmlns:xlink="http://www.w3.org/1999/xlink"
                      cpfRelationType="associative"
                      xlink:href="FRAN_NP_050993"
                      xlink:type="simple">
            <relationEntry>Pasqua, Charles (1927-....)</relationEntry>
            <dateRange>
               <fromDate standardDate="1993-01-01">1993</fromDate>
               <toDate standardDate="1995-12-31">1995</toDate>
            </dateRange>
            <descriptiveNote>
               <p>
     Ch. Pasqua, ministre d'Etat, ministre de l'Intérieur et de l'Aménagement du territoire de 1993 à 1995
    </p>
            </descriptiveNote>
         </cpfRelation>
         <cpfRelation xmlns:xlink="http://www.w3.org/1999/xlink"
                      cpfRelationType="associative"
                      xlink:href="FRAN_NP_051147"
                      xlink:type="simple">
            <relationEntry>France. Comité interministériel de prévention de la délinquance. Secrétariat général</relationEntry>
            <dateRange>
               <fromDate standardDate="2006-01-17">17 janvier 2006</fromDate>
            </dateRange>
            <descriptiveNote>
               <p>
     le secrétaire général du CIPD est placé auprès du ministre de l'Intérieur
    </p>
            </descriptiveNote>
         </cpfRelation>
         <cpfRelation xmlns:xlink="http://www.w3.org/1999/xlink"
                      cpfRelationType="associative"
                      xlink:href="FRAN_NP_051146"
                      xlink:type="simple">
            <relationEntry>France. Comité interministériel de prévention de la délinquance</relationEntry>
            <dateRange>
               <fromDate standardDate="2006-01-17">17 janvier 2006</fromDate>
            </dateRange>
            <descriptiveNote>
               <p>
     Le CIPD est présidé par le Premier ministre ou par délégation par le ministre de l'Intérieur. Son secrétaire général est placé auprès du ministre de l'Intérieur.
    </p>
            </descriptiveNote>
         </cpfRelation>
         <cpfRelation xmlns:xlink="http://www.w3.org/1999/xlink"
                      cpfRelationType="hierarchical-child"
                      xlink:href="FRAN_NP_051154"
                      xlink:type="simple">
            <relationEntry>France. Ministère de l'Intérieur. Direction des Beaux-Arts (1834-1848)</relationEntry>
            <dateRange>
               <fromDate standardDate="1834-01-01">1834</fromDate>
               <toDate standardDate="1848-12-31">1848</toDate>
            </dateRange>
            <descriptiveNote>
               <p>
     @isPartOf@
    </p>
            </descriptiveNote>
         </cpfRelation>
         <cpfRelation xmlns:xlink="http://www.w3.org/1999/xlink"
                      cpfRelationType="hierarchical-child"
                      xlink:href="FRAN_NP_051155"
                      xlink:type="simple">
            <relationEntry>France. Ministère de l'Intérieur. Direction des Beaux-Arts (1848-1852)</relationEntry>
            <dateRange>
               <fromDate standardDate="1848-01-01">1848</fromDate>
               <toDate standardDate="1852-12-31">1852</toDate>
            </dateRange>
            <descriptiveNote>
               <p>
     @isPartOf@
    </p>
            </descriptiveNote>
         </cpfRelation>
         <cpfRelation xmlns:xlink="http://www.w3.org/1999/xlink"
                      cpfRelationType="hierarchical-child"
                      xlink:href="FRAN_NP_051164"
                      xlink:type="simple">
            <relationEntry>France. Commission des monuments historiques (1837-....)</relationEntry>
            <dateRange>
               <fromDate standardDate="1837-09-29">29 septembre 1837</fromDate>
               <toDate standardDate="1852-12-31">1852</toDate>
            </dateRange>
            <descriptiveNote>
               <p>
     @isPartOf@
    </p>
            </descriptiveNote>
         </cpfRelation>
         <cpfRelation xmlns:xlink="http://www.w3.org/1999/xlink"
                      cpfRelationType="associative"
                      xlink:href="FRAN_NP_050282"
                      xlink:type="simple">
            <relationEntry>Colin, André (1910-1978)</relationEntry>
            <dateRange>
               <fromDate standardDate="1950-01-01">1950</fromDate>
               <toDate standardDate="1953-12-31">1953</toDate>
            </dateRange>
            <descriptiveNote>
               <p>
     André Colin, secrétaire d'Etat à l'intérieur à quatre reprises entre février 1950 et juin 1953
    </p>
            </descriptiveNote>
         </cpfRelation>
         <cpfRelation xmlns:xlink="http://www.w3.org/1999/xlink"
                      cpfRelationType="hierarchical-child"
                      xlink:href="FRAN_NP_009900"
                      xlink:type="simple">
            <relationEntry>France. Commissariat général aux questions juives (1941-1944)</relationEntry>
            <dateRange>
               <fromDate standardDate="1941-09-01">1er septembre 1941</fromDate>
               <toDate standardDate="1942-05-06">6 mai 1942</toDate>
            </dateRange>
         </cpfRelation>
         <cpfRelation xmlns:xlink="http://www.w3.org/1999/xlink"
                      cpfRelationType="associative"
                      xlink:href="FRAN_NP_050196"
                      xlink:type="simple">
            <relationEntry>Ribot, Alexandre (1842-1923)</relationEntry>
            <dateRange>
               <fromDate standardDate="1892-12-01">décembre 1892</fromDate>
               <toDate standardDate="1893-04-30">avril 1893</toDate>
            </dateRange>
            <descriptiveNote>
               <p>
     A. Ribot, ministre de l'Intérieur
    </p>
            </descriptiveNote>
         </cpfRelation>
         <cpfRelation xmlns:xlink="http://www.w3.org/1999/xlink"
                      cpfRelationType="hierarchical-child"
                      xlink:href="FRAN_NP_051302"
                      xlink:type="simple">
            <relationEntry>France. Comité d’orientation et de sélection des archives orales des préfets (2004-....)</relationEntry>
            <dateRange>
               <fromDate standardDate="2004-10-08">8 octobre 2004</fromDate>
            </dateRange>
         </cpfRelation>
         <cpfRelation xmlns:xlink="http://www.w3.org/1999/xlink"
                      cpfRelationType="hierarchical-child"
                      xlink:href="FRAN_NP_050987"
                      xlink:type="simple">
            <relationEntry>France. Bureau des Émigrés (1792-1805)</relationEntry>
            <dateRange>
               <fromDate standardDate="1792-01-01">1792</fromDate>
               <toDate standardDate="1794-12-31">1794</toDate>
            </dateRange>
         </cpfRelation>
         <cpfRelation xmlns:xlink="http://www.w3.org/1999/xlink"
                      cpfRelationType="hierarchical-child"
                      xlink:href="FRAN_NP_051351"
                      xlink:type="simple">
            <relationEntry>France. Comité d’organisation du bicentenaire du corps préfectoral (1995-1998)</relationEntry>
            <dateRange>
               <fromDate standardDate="1995-01-01">1995</fromDate>
               <toDate standardDate="1998-12-31">1998</toDate>
            </dateRange>
         </cpfRelation>
         <cpfRelation xmlns:xlink="http://www.w3.org/1999/xlink"
                      cpfRelationType="associative"
                      xlink:href="FRAN_NP_051277"
                      xlink:type="simple">
            <relationEntry>France. Ministère des Cultes (1804-1814)</relationEntry>
            <dateRange>
               <fromDate standardDate="1804-07-10">10 juillet 1804</fromDate>
               <toDate standardDate="1814-04-03">3 avril 1814</toDate>
            </dateRange>
            <descriptiveNote>
               <p>
     Les cultes étaient attribués au ministère de l'Intérieur avant la création du ministère, puis y reviennent après sa disparition.
    </p>
            </descriptiveNote>
         </cpfRelation>
         <cpfRelation xmlns:xlink="http://www.w3.org/1999/xlink"
                      cpfRelationType="hierarchical-child"
                      xlink:href="FRAN_NP_051430"
                      xlink:type="simple">
            <relationEntry>France. Ministère de l'Intérieur. Jury d'honneur (1945-1957)</relationEntry>
            <dateRange>
               <fromDate standardDate="1945-04-06">6 avril 1945</fromDate>
               <toDate standardDate="1957-12-31">1957</toDate>
            </dateRange>
            <descriptiveNote>
               <p>
     Le Jury d'honneur est placé sous tutelle du ministre de l'Intérieur.
    </p>
            </descriptiveNote>
         </cpfRelation>
         <cpfRelation xmlns:xlink="http://www.w3.org/1999/xlink"
                      cpfRelationType="associative"
                      xlink:href="FRAN_NP_051340"
                      xlink:type="simple">
            <relationEntry>Rousselet, André (1922-2016)</relationEntry>
            <dateRange>
               <fromDate standardDate="1954-06-01">juin 1954</fromDate>
               <toDate standardDate="1956-02-29">février 1956</toDate>
            </dateRange>
            <descriptiveNote>
               <p>
     A. Rousselet, directeur de cabinet de F. Mitterrand, ministre de l'Intérieur
    </p>
            </descriptiveNote>
         </cpfRelation>
         <cpfRelation xmlns:xlink="http://www.w3.org/1999/xlink"
                      cpfRelationType="hierarchical-child"
                      xlink:href="FRAN_NP_051493"
                      xlink:type="simple">
            <relationEntry>Conservatoire de musique et de déclamation (Paris ; 1806-1946)</relationEntry>
            <dateRange>
               <fromDate standardDate="1806-03-03">3 mars 1806</fromDate>
               <toDate standardDate="1816-03-31">31 mars 1816</toDate>
            </dateRange>
            <descriptiveNote>
               <p>
     Le Conservatoire est sous la tutelle du ministère de l'Intérieur, département de l'Instruction publique.
    </p>
            </descriptiveNote>
         </cpfRelation>
         <cpfRelation xmlns:xlink="http://www.w3.org/1999/xlink"
                      cpfRelationType="hierarchical-child"
                      xlink:href="FRAN_NP_051443"
                      xlink:type="simple">
            <relationEntry>France. Ministère de l'Intérieur. Direction de la Sûreté nationale (1876-1966)</relationEntry>
            <dateRange>
               <fromDate standardDate="1876-01-01">1876</fromDate>
               <toDate standardDate="1966-12-31">1966</toDate>
            </dateRange>
            <descriptiveNote>
               <p>
     @isPartOf@
    </p>
            </descriptiveNote>
         </cpfRelation>
         <cpfRelation xmlns:xlink="http://www.w3.org/1999/xlink"
                      cpfRelationType="associative"
                      xlink:href="FRAN_NP_051459"
                      xlink:type="simple">
            <relationEntry>Fosseyeux, Jean (1938-....)</relationEntry>
            <dateRange>
               <fromDate standardDate="1977-01-01">1977</fromDate>
               <toDate standardDate="1978-12-31">1978</toDate>
            </dateRange>
            <descriptiveNote>
               <p>
     @isEmployeeOf@
    </p>
            </descriptiveNote>
         </cpfRelation>
         <cpfRelation xmlns:xlink="http://www.w3.org/1999/xlink"
                      cpfRelationType="associative"
                      xlink:href="FRAN_NP_051191"
                      xlink:type="simple">
            <relationEntry>Sauzay, Philippe (1936-....)</relationEntry>
            <dateRange>
               <fromDate standardDate="1963-01-01">1963</fromDate>
               <toDate standardDate="1964-12-31">1964</toDate>
            </dateRange>
            <descriptiveNote>
               <p>
     Administrateur civil
    </p>
            </descriptiveNote>
         </cpfRelation>
         <cpfRelation xmlns:xlink="http://www.w3.org/1999/xlink"
                      cpfRelationType="hierarchical-child"
                      xlink:href="FRAN_NP_009848"
                      xlink:type="simple">
            <relationEntry>France. Ministère de l'Intérieur. Cabinet de Manuel Valls (2012-2014)</relationEntry>
            <dateRange>
               <fromDate standardDate="2012-05-16">16 mai 2012</fromDate>
               <toDate standardDate="2014-03-31">31 mars 2014</toDate>
            </dateRange>
            <descriptiveNote>
               <p>
     @isPartOf@
    </p>
            </descriptiveNote>
         </cpfRelation>
         <cpfRelation xmlns:xlink="http://www.w3.org/1999/xlink"
                      cpfRelationType="associative"
                      xlink:href="FRAN_NP_051446"
                      xlink:type="simple">
            <relationEntry>Lainé, Joseph Louis Joachim (1767-1835)</relationEntry>
            <dateRange>
               <fromDate standardDate="1816-01-01">1816</fromDate>
               <toDate standardDate="1818-12-31">1818</toDate>
            </dateRange>
            <descriptiveNote>
               <p>
     Joseph Louis Joachim Lainé, ministre de l'Intérieur (1816-1818)
    </p>
            </descriptiveNote>
         </cpfRelation>
         <cpfRelation xmlns:xlink="http://www.w3.org/1999/xlink"
                      cpfRelationType="associative"
                      xlink:href="FRAN_NP_050175"
                      xlink:type="simple">
            <relationEntry>Mandel, Georges (1885-1944)</relationEntry>
            <dateRange>
               <fromDate standardDate="1940-05-18">18 mai 1940</fromDate>
               <toDate standardDate="1940-06-16">16 juin 1940</toDate>
            </dateRange>
         </cpfRelation>
         <cpfRelation xmlns:xlink="http://www.w3.org/1999/xlink"
                      cpfRelationType="associative"
                      xlink:href="FRAN_NP_050414"
                      xlink:type="simple">
            <relationEntry>Desmars, Joseph (1875-1954)</relationEntry>
            <dateRange>
               <fromDate standardDate="1920-01-01">1920</fromDate>
               <toDate standardDate="1921-12-31">1921</toDate>
            </dateRange>
         </cpfRelation>
         <cpfRelation xmlns:xlink="http://www.w3.org/1999/xlink"
                      cpfRelationType="associative"
                      xlink:href="FRAN_NP_050155"
                      xlink:type="simple">
            <relationEntry>Saint-Priest, François-Emmanuel Guignard (1735-1821 ; comte de)</relationEntry>
            <dateRange>
               <fromDate standardDate="1790-08-07">7 août 1790</fromDate>
               <toDate standardDate="1791-01-25">25 janvier 1791</toDate>
            </dateRange>
         </cpfRelation>
         <cpfRelation xmlns:xlink="http://www.w3.org/1999/xlink"
                      cpfRelationType="associative"
                      xlink:href="FRAN_NP_009203"
                      xlink:type="simple">
            <relationEntry>Association du corps préfectoral et des hauts fonctionnaires du ministère de l'Intérieur</relationEntry>
            <dateRange>
               <fromDate standardDate="1945-01-01">1945</fromDate>
            </dateRange>
         </cpfRelation>
         <cpfRelation xmlns:xlink="http://www.w3.org/1999/xlink"
                      cpfRelationType="associative"
                      xlink:href="FRAN_NP_009204"
                      xlink:type="simple">
            <relationEntry>Fondation Jean Moulin</relationEntry>
            <dateRange>
               <fromDate standardDate="1952-01-01">1952</fromDate>
            </dateRange>
         </cpfRelation>
         <cpfRelation xmlns:xlink="http://www.w3.org/1999/xlink"
                      cpfRelationType="hierarchical-child"
                      xlink:href="FRAN_NP_000843"
                      xlink:type="simple">
            <relationEntry>Ministre délégué chargé de la Sécurité</relationEntry>
            <dateRange>
               <fromDate standardDate="1986-03-20">20 mars 1986</fromDate>
               <toDate standardDate="1988-05-10">10 mai 1988</toDate>
            </dateRange>
         </cpfRelation>
         <cpfRelation xmlns:xlink="http://www.w3.org/1999/xlink"
                      cpfRelationType="hierarchical-child"
                      xlink:href="FRAN_NP_000836"
                      xlink:type="simple">
            <relationEntry>Ministre délégué à l'Aménagement du territoire</relationEntry>
            <dateRange>
               <fromDate standardDate="2005-06-02">2 juin 2005</fromDate>
               <toDate standardDate="2007-05-15">15 mai 2007</toDate>
            </dateRange>
         </cpfRelation>
         <cpfRelation xmlns:xlink="http://www.w3.org/1999/xlink"
                      cpfRelationType="hierarchical-child"
                      xlink:href="FRAN_NP_000838"
                      xlink:type="simple">
            <relationEntry>Ministre délégué ou secrétaire d'État chargé des Collectivités territoriales</relationEntry>
            <dateRange>
               <fromDate standardDate="1977-04-01">1er avril 1977</fromDate>
            </dateRange>
         </cpfRelation>
         <cpfRelation xmlns:xlink="http://www.w3.org/1999/xlink"
                      cpfRelationType="hierarchical-child"
                      xlink:href="FRAN_NP_000853"
                      xlink:type="simple">
            <relationEntry>Contrôle budgétaire et comptable ministériel (ministère de l'Intérieur)</relationEntry>
            <dateRange>
               <fromDate standardDate="1976-01-01">1976</fromDate>
            </dateRange>
         </cpfRelation>
         <cpfRelation xmlns:xlink="http://www.w3.org/1999/xlink"
                      cpfRelationType="hierarchical-child"
                      xlink:href="FRAN_NP_000855"
                      xlink:type="simple">
            <relationEntry>Haut fonctionnaire de défense (ministère de l'Intérieur) (1965-1997)</relationEntry>
            <dateRange>
               <fromDate standardDate="1965-01-01">1965</fromDate>
               <toDate standardDate="1997-12-31">1997</toDate>
            </dateRange>
         </cpfRelation>
         <cpfRelation xmlns:xlink="http://www.w3.org/1999/xlink"
                      cpfRelationType="hierarchical-child"
                      xlink:href="FRAN_NP_000857"
                      xlink:type="simple">
            <relationEntry>Inspection générale de l'administration</relationEntry>
            <dateRange>
               <fromDate standardDate="1848-01-01">1848</fromDate>
            </dateRange>
         </cpfRelation>
         <cpfRelation xmlns:xlink="http://www.w3.org/1999/xlink"
                      cpfRelationType="hierarchical-child"
                      xlink:href="FRAN_NP_000859"
                      xlink:type="simple">
            <relationEntry>Mission des Archives de France (ministère de l'Intérieur)</relationEntry>
            <dateRange>
               <fromDate standardDate="1952-01-01">1952</fromDate>
            </dateRange>
         </cpfRelation>
         <cpfRelation xmlns:xlink="http://www.w3.org/1999/xlink"
                      cpfRelationType="hierarchical-child"
                      xlink:href="FRAN_NP_000860"
                      xlink:type="simple">
            <relationEntry>Mission d'évaluation et d'appui des préfets (ministère de l'Intérieur)</relationEntry>
            <dateRange>
               <fromDate standardDate="1976-01-01">1976</fromDate>
            </dateRange>
         </cpfRelation>
         <cpfRelation xmlns:xlink="http://www.w3.org/1999/xlink"
                      cpfRelationType="associative"
                      xlink:href="FRAN_NP_009006"
                      xlink:type="simple">
            <relationEntry>Office de développement de l'économie agricole d'outre-mer</relationEntry>
            <dateRange>
               <fromDate standardDate="2007-05-18">18 mai 2007</fromDate>
            </dateRange>
         </cpfRelation>
         <cpfRelation xmlns:xlink="http://www.w3.org/1999/xlink"
                      cpfRelationType="hierarchical-child"
                      xlink:href="FRAN_NP_009722"
                      xlink:type="simple">
            <relationEntry>Délégué interministériel à la lutte contre le racisme et l'antisémitisme</relationEntry>
            <dateRange>
               <fromDate standardDate="2012-01-01">2012</fromDate>
            </dateRange>
         </cpfRelation>
         <cpfRelation xmlns:xlink="http://www.w3.org/1999/xlink"
                      cpfRelationType="hierarchical-child"
                      xlink:href="FRAN_NP_002097"
                      xlink:type="simple">
            <relationEntry>Comité interministériel de contrôle de l'immigration</relationEntry>
            <dateRange>
               <fromDate standardDate="2010-11-14">14 novembre 2010</fromDate>
            </dateRange>
         </cpfRelation>
         <cpfRelation xmlns:xlink="http://www.w3.org/1999/xlink"
                      cpfRelationType="hierarchical-child"
                      xlink:href="FRAN_NP_001277"
                      xlink:type="simple">
            <relationEntry>Institut national de police scientifique</relationEntry>
            <dateRange>
               <fromDate standardDate="2004-01-01">2004</fromDate>
            </dateRange>
         </cpfRelation>
         <cpfRelation xmlns:xlink="http://www.w3.org/1999/xlink"
                      cpfRelationType="hierarchical-child"
                      xlink:href="FRAN_NP_001398"
                      xlink:type="simple">
            <relationEntry>Direction générale de la police nationale</relationEntry>
            <dateRange>
               <fromDate standardDate="1934-01-01">1934</fromDate>
            </dateRange>
         </cpfRelation>
         <cpfRelation xmlns:xlink="http://www.w3.org/1999/xlink"
                      cpfRelationType="hierarchical-child"
                      xlink:href="FRAN_NP_001056"
                      xlink:type="simple">
            <relationEntry>Conseil national des opérations funéraires</relationEntry>
            <dateRange>
               <fromDate standardDate="1993-01-01">1993</fromDate>
            </dateRange>
         </cpfRelation>
         <cpfRelation xmlns:xlink="http://www.w3.org/1999/xlink"
                      cpfRelationType="hierarchical-child"
                      xlink:href="FRAN_NP_001052"
                      xlink:type="simple">
            <relationEntry>Commission d'assimilation des diplômes européens pour l'accès à la fonction publique territoriale</relationEntry>
            <dateRange>
               <fromDate standardDate="1994-01-01">1994</fromDate>
               <toDate standardDate="2007-12-31">2007</toDate>
            </dateRange>
         </cpfRelation>
         <cpfRelation xmlns:xlink="http://www.w3.org/1999/xlink"
                      cpfRelationType="hierarchical-child"
                      xlink:href="FRAN_NP_001036"
                      xlink:type="simple">
            <relationEntry>Secrétariat général (ministère de l'Intérieur)</relationEntry>
            <dateRange>
               <fromDate standardDate="2004-01-01">2004</fromDate>
            </dateRange>
         </cpfRelation>
         <cpfRelation xmlns:xlink="http://www.w3.org/1999/xlink"
                      cpfRelationType="hierarchical-child"
                      xlink:href="FRAN_NP_001087"
                      xlink:type="simple">
            <relationEntry>Direction générale des collectivités locales</relationEntry>
            <dateRange>
               <fromDate standardDate="1960-01-01">1960</fromDate>
            </dateRange>
         </cpfRelation>
         <cpfRelation xmlns:xlink="http://www.w3.org/1999/xlink"
                      cpfRelationType="hierarchical-child"
                      xlink:href="FRAN_NP_009960"
                      xlink:type="simple">
            <relationEntry>Agence d'architecture du Panthéon</relationEntry>
            <dateRange>
               <fromDate standardDate="1791-01-01">1791</fromDate>
               <toDate standardDate="1928-12-31">1928</toDate>
            </dateRange>
         </cpfRelation>
         <cpfRelation xmlns:xlink="http://www.w3.org/1999/xlink"
                      cpfRelationType="hierarchical-child"
                      xlink:href="FRAN_NP_001516"
                      xlink:type="simple">
            <relationEntry>Direction du personnel et des affaires politiques (ministère de l'Intérieur)</relationEntry>
            <dateRange>
               <fromDate standardDate="1949-01-01">1949</fromDate>
               <toDate standardDate="1960-12-31">1960</toDate>
            </dateRange>
         </cpfRelation>
         <cpfRelation xmlns:xlink="http://www.w3.org/1999/xlink"
                      cpfRelationType="hierarchical-child"
                      xlink:href="FRAN_NP_001520"
                      xlink:type="simple">
            <relationEntry>Direction générale de la gendarmerie nationale</relationEntry>
            <dateRange>
               <fromDate standardDate="2009-12-23">23 décembre 2009</fromDate>
            </dateRange>
         </cpfRelation>
         <cpfRelation xmlns:xlink="http://www.w3.org/1999/xlink"
                      cpfRelationType="hierarchical-child"
                      xlink:href="FRAN_NP_001522"
                      xlink:type="simple">
            <relationEntry>Institut des hautes études de la sécurité intérieure</relationEntry>
            <dateRange>
               <fromDate standardDate="1991-01-01">1991</fromDate>
               <toDate standardDate="2004-12-31">2004</toDate>
            </dateRange>
         </cpfRelation>
         <cpfRelation xmlns:xlink="http://www.w3.org/1999/xlink"
                      cpfRelationType="hierarchical-child"
                      xlink:href="FRAN_NP_001534"
                      xlink:type="simple">
            <relationEntry>Secrétariat général pour la police</relationEntry>
            <dateRange>
               <fromDate standardDate="1966-01-01">1966</fromDate>
               <toDate standardDate="1969-12-31">1969</toDate>
            </dateRange>
         </cpfRelation>
         <cpfRelation xmlns:xlink="http://www.w3.org/1999/xlink"
                      cpfRelationType="hierarchical-child"
                      xlink:href="FRAN_NP_001536"
                      xlink:type="simple">
            <relationEntry>Service de l'Algérie et des départements d'outre-mer</relationEntry>
            <dateRange>
               <fromDate standardDate="1949-01-01">1949</fromDate>
               <toDate standardDate="1955-12-31">1955</toDate>
            </dateRange>
         </cpfRelation>
         <cpfRelation xmlns:xlink="http://www.w3.org/1999/xlink"
                      cpfRelationType="hierarchical-child"
                      xlink:href="FRAN_NP_001539"
                      xlink:type="simple">
            <relationEntry>Service intérieur (ministère de l'Intérieur) (1951-1960)</relationEntry>
            <dateRange>
               <fromDate standardDate="1951-01-01">1951</fromDate>
               <toDate standardDate="1960-12-31">1960</toDate>
            </dateRange>
         </cpfRelation>
         <cpfRelation xmlns:xlink="http://www.w3.org/1999/xlink"
                      cpfRelationType="hierarchical-child"
                      xlink:href="FRAN_NP_001777"
                      xlink:type="simple">
            <relationEntry>Commissariat à l'aide et à l'orientation des Français rapatriés</relationEntry>
            <dateRange>
               <fromDate standardDate="1960-02-24">24 février 1960</fromDate>
               <toDate standardDate="1962-12-31">1962</toDate>
            </dateRange>
         </cpfRelation>
         <cpfRelation xmlns:xlink="http://www.w3.org/1999/xlink"
                      cpfRelationType="hierarchical-child"
                      xlink:href="FRAN_NP_001815"
                      xlink:type="simple">
            <relationEntry>Service de législation (ministère de l'Intérieur)</relationEntry>
            <dateRange>
               <fromDate standardDate="1944-01-01">1944</fromDate>
               <toDate standardDate="1949-12-31">1949</toDate>
            </dateRange>
         </cpfRelation>
         <cpfRelation xmlns:xlink="http://www.w3.org/1999/xlink"
                      cpfRelationType="hierarchical-child"
                      xlink:href="FRAN_NP_001816"
                      xlink:type="simple">
            <relationEntry>Direction du personnel, du matériel, du budget et de la comptabilité (ministère de l'Intérieur)</relationEntry>
            <dateRange>
               <fromDate standardDate="1944-01-01">1944</fromDate>
               <toDate standardDate="1949-12-31">1949</toDate>
            </dateRange>
         </cpfRelation>
         <cpfRelation xmlns:xlink="http://www.w3.org/1999/xlink"
                      cpfRelationType="hierarchical-child"
                      xlink:href="FRAN_NP_001820"
                      xlink:type="simple">
            <relationEntry>Direction générale de la protection civile</relationEntry>
            <dateRange>
               <fromDate standardDate="1943-01-01">1943</fromDate>
               <toDate standardDate="1944-12-31">1944</toDate>
            </dateRange>
         </cpfRelation>
         <cpfRelation xmlns:xlink="http://www.w3.org/1999/xlink"
                      cpfRelationType="hierarchical-child"
                      xlink:href="FRAN_NP_001824"
                      xlink:type="simple">
            <relationEntry>Direction générale des affaires politiques et de l'administration du territoire (ministère de l'Intérieur)</relationEntry>
            <dateRange>
               <fromDate standardDate="1960-01-01">1960</fromDate>
               <toDate standardDate="1974-12-31">1974</toDate>
            </dateRange>
         </cpfRelation>
         <cpfRelation xmlns:xlink="http://www.w3.org/1999/xlink"
                      cpfRelationType="temporal-earlier"
                      xlink:href="FRAN_NP_002099"
                      xlink:type="simple">
            <relationEntry>Ministère de l'Immigration, de l'Intégration, de l'Identité nationale et du Développement solidaire</relationEntry>
            <dateRange>
               <fromDate standardDate="2010-11-14">14 novembre 2010</fromDate>
            </dateRange>
         </cpfRelation>
      </relations>
   </cpfDescription>
</eac-cpf>
