<eac-cpf xmlns="urn:isbn:1-931666-33-4"
         xmlns:xsi="http://www.w3.org/2001/XMLSchema-instance"
         xsi:schemaLocation="urn:isbn:1-931666-33-4 cpf.xsd">
   <control>
      <recordId>FRAN_NP_000002</recordId>
      <otherRecordId localType="Ancien_identifiant">12</otherRecordId>
      <maintenanceStatus>revised</maintenanceStatus>
      <maintenanceAgency>
         <agencyName>Archives nationales de France</agencyName>
      </maintenanceAgency>
      <languageDeclaration>
         <language languageCode="fre">Français</language>
         <script scriptCode="Latn"/>
      </languageDeclaration>
      <conventionDeclaration>
         <citation>Notice établie conformément à la norme ICA-ISAAR (CPF) 2004, aux normes ISO 8601 pour le système de normalisation des dates utilisé, ainsi que AFNOR NF Z 44-061, juin 1986. Catalogage : forme et structure des vedettes noms de personne, des vedettes titres, des rubriques de classement et des titres forgés.</citation>
      </conventionDeclaration>
      <localControl localType="niveau_de_detail">
         <term>Moyenne</term>
      </localControl>
      <maintenanceHistory>
         <maintenanceEvent>
            <eventType>derived</eventType>
            <eventDateTime>2013-04-23</eventDateTime>
            <agentType>machine</agentType>
            <agent>Import_SIA</agent>
         </maintenanceEvent>
         <maintenanceEvent>
            <eventType>revised</eventType>
            <eventDateTime>2015-12-04</eventDateTime>
            <agentType>human</agentType>
            <agent>Florence CLAVAUD</agent>
         </maintenanceEvent>
      </maintenanceHistory>
   </control>
   <cpfDescription>
      <identity>
         <entityType>corporateBody</entityType>
         <nameEntry localType="autorisée" scriptCode="Latn" xml:lang="fre">
            <part>Premier ministre</part>
         </nameEntry>
      </identity>
      <description>
         <existDates>
            <dateRange>
               <fromDate standardDate="1959-01-08">8 janvier 1959</fromDate>
            </dateRange>
         </existDates>
      </description>
      <relations>
         <cpfRelation xmlns:xlink="http://www.w3.org/1999/xlink"
                      cpfRelationType="hierarchical-child"
                      xlink:href="FRAN_NP_000126"
                      xlink:type="simple">
            <relationEntry>Office national à l'action sociale, éducative et culturelle pour les rapatriés</relationEntry>
            <dateRange>
               <fromDate standardDate="1984-01-01">1984</fromDate>
               <toDate standardDate="1987-12-31">1987</toDate>
            </dateRange>
         </cpfRelation>
         <cpfRelation xmlns:xlink="http://www.w3.org/1999/xlink"
                      cpfRelationType="hierarchical-child"
                      xlink:href="FRAN_NP_000127"
                      xlink:type="simple">
            <relationEntry>Secrétariat d'État chargé des Rapatriés (1981-1983)</relationEntry>
            <dateRange>
               <fromDate standardDate="1981-05-22">22 mai 1981</fromDate>
               <toDate standardDate="1983-03-22">22 mars 1983</toDate>
            </dateRange>
         </cpfRelation>
         <cpfRelation xmlns:xlink="http://www.w3.org/1999/xlink"
                      cpfRelationType="hierarchical-child"
                      xlink:href="FRAN_NP_000128"
                      xlink:type="simple">
            <relationEntry>Cabinets des ministres délégués et secrétaires d'État auprès du Premier ministre</relationEntry>
            <dateRange>
               <fromDate standardDate="1959-01-08">8 janvier 1959</fromDate>
            </dateRange>
         </cpfRelation>
         <cpfRelation xmlns:xlink="http://www.w3.org/1999/xlink"
                      cpfRelationType="hierarchical-child"
                      xlink:href="FRAN_NP_000140"
                      xlink:type="simple">
            <relationEntry>Cabinet militaire du Premier ministre</relationEntry>
            <dateRange>
               <fromDate standardDate="1981-01-01">1981</fromDate>
            </dateRange>
         </cpfRelation>
         <cpfRelation xmlns:xlink="http://www.w3.org/1999/xlink"
                      cpfRelationType="hierarchical-child"
                      xlink:href="FRAN_NP_000144"
                      xlink:type="simple">
            <relationEntry>Cabinet du Premier ministre</relationEntry>
            <dateRange>
               <fromDate standardDate="1959-01-08">8 janvier 1959</fromDate>
            </dateRange>
         </cpfRelation>
         <cpfRelation xmlns:xlink="http://www.w3.org/1999/xlink"
                      cpfRelationType="hierarchical-child"
                      xlink:href="FRAN_NP_000145"
                      xlink:type="simple">
            <relationEntry>Comité interministériel consultatif d'action sociale des administrations de l'État</relationEntry>
            <dateRange>
               <fromDate standardDate="1970-01-01">1970</fromDate>
            </dateRange>
         </cpfRelation>
         <cpfRelation xmlns:xlink="http://www.w3.org/1999/xlink"
                      cpfRelationType="hierarchical-child"
                      xlink:href="FRAN_NP_000147"
                      xlink:type="simple">
            <relationEntry>Commission interministérielle chargée de suivre l'application des mesures de déconcentration</relationEntry>
            <dateRange>
               <fromDate standardDate="1970-01-01">1970</fromDate>
               <toDate standardDate="1980-12-31">1980</toDate>
            </dateRange>
         </cpfRelation>
         <cpfRelation xmlns:xlink="http://www.w3.org/1999/xlink"
                      cpfRelationType="hierarchical-child"
                      xlink:href="FRAN_NP_000165"
                      xlink:type="simple">
            <relationEntry>École nationale d'administration</relationEntry>
            <dateRange>
               <fromDate standardDate="1959-01-08">8 janvier 1959</fromDate>
            </dateRange>
         </cpfRelation>
         <cpfRelation xmlns:xlink="http://www.w3.org/1999/xlink"
                      cpfRelationType="hierarchical-child"
                      xlink:href="FRAN_NP_000176"
                      xlink:type="simple">
            <relationEntry>Institut international d'administration publique</relationEntry>
            <dateRange>
               <fromDate standardDate="1966-01-01">1966</fromDate>
               <toDate standardDate="2002-12-31">2002</toDate>
            </dateRange>
         </cpfRelation>
         <cpfRelation xmlns:xlink="http://www.w3.org/1999/xlink"
                      cpfRelationType="hierarchical-child"
                      xlink:href="FRAN_NP_000181"
                      xlink:type="simple">
            <relationEntry>Direction générale de l'administration et de la fonction publique</relationEntry>
            <dateRange>
               <fromDate standardDate="1959-01-08">8 janvier 1959</fromDate>
            </dateRange>
         </cpfRelation>
         <cpfRelation xmlns:xlink="http://www.w3.org/1999/xlink"
                      cpfRelationType="hierarchical-child"
                      xlink:href="FRAN_NP_000196"
                      xlink:type="simple">
            <relationEntry>Service d'information et de diffusion (Premier ministre)</relationEntry>
            <dateRange>
               <fromDate standardDate="1976-01-01">1976</fromDate>
               <toDate standardDate="2000-12-31">2000</toDate>
            </dateRange>
         </cpfRelation>
         <cpfRelation xmlns:xlink="http://www.w3.org/1999/xlink"
                      cpfRelationType="hierarchical-child"
                      xlink:href="FRAN_NP_000197"
                      xlink:type="simple">
            <relationEntry>Institut des hautes études de défense nationale</relationEntry>
            <dateRange>
               <fromDate standardDate="1959-01-08">8 janvier 1959</fromDate>
            </dateRange>
         </cpfRelation>
         <cpfRelation xmlns:xlink="http://www.w3.org/1999/xlink"
                      cpfRelationType="hierarchical-child"
                      xlink:href="FRAN_NP_000201"
                      xlink:type="simple">
            <relationEntry>Direction des Journaux officiels</relationEntry>
            <dateRange>
               <fromDate standardDate="1959-01-08">8 janvier 1959</fromDate>
               <toDate standardDate="2010-12-31">2010</toDate>
            </dateRange>
         </cpfRelation>
         <cpfRelation xmlns:xlink="http://www.w3.org/1999/xlink"
                      cpfRelationType="hierarchical-child"
                      xlink:href="FRAN_NP_000204"
                      xlink:type="simple">
            <relationEntry>Mission relative à l'organisation des administrations centrales</relationEntry>
            <dateRange>
               <fromDate standardDate="1983-01-01">1983</fromDate>
               <toDate standardDate="1989-12-31">1989</toDate>
            </dateRange>
         </cpfRelation>
         <cpfRelation xmlns:xlink="http://www.w3.org/1999/xlink"
                      cpfRelationType="hierarchical-child"
                      xlink:href="FRAN_NP_000213"
                      xlink:type="simple">
            <relationEntry>Direction de la Documentation française</relationEntry>
            <dateRange>
               <fromDate standardDate="1959-01-08">8 janvier 1959</fromDate>
               <toDate standardDate="2010-12-31">2010</toDate>
            </dateRange>
         </cpfRelation>
         <cpfRelation xmlns:xlink="http://www.w3.org/1999/xlink"
                      cpfRelationType="hierarchical-child"
                      xlink:href="FRAN_NP_000216"
                      xlink:type="simple">
            <relationEntry>Contrôle financier (services du Premier ministre)</relationEntry>
            <dateRange>
               <fromDate standardDate="1976-01-01">1976</fromDate>
            </dateRange>
         </cpfRelation>
         <cpfRelation xmlns:xlink="http://www.w3.org/1999/xlink"
                      cpfRelationType="hierarchical-child"
                      xlink:href="FRAN_NP_000219"
                      xlink:type="simple">
            <relationEntry>Direction des services administratifs et financiers du Premier ministre</relationEntry>
            <dateRange>
               <fromDate standardDate="1973-01-01">1973</fromDate>
            </dateRange>
         </cpfRelation>
         <cpfRelation xmlns:xlink="http://www.w3.org/1999/xlink"
                      cpfRelationType="hierarchical-child"
                      xlink:href="FRAN_NP_000221"
                      xlink:type="simple">
            <relationEntry>Secrétariat général du Gouvernement</relationEntry>
            <dateRange>
               <fromDate standardDate="1959-01-08">8 janvier 1959</fromDate>
            </dateRange>
         </cpfRelation>
         <cpfRelation xmlns:xlink="http://www.w3.org/1999/xlink"
                      cpfRelationType="hierarchical-child"
                      xlink:href="FRAN_NP_000230"
                      xlink:type="simple">
            <relationEntry>Secrétariat général du Comité interministériel pour les questions de coopération économique européenne</relationEntry>
            <dateRange>
               <fromDate standardDate="1959-01-08">8 janvier 1959</fromDate>
               <toDate standardDate="2005-12-31">2005</toDate>
            </dateRange>
         </cpfRelation>
         <cpfRelation xmlns:xlink="http://www.w3.org/1999/xlink"
                      cpfRelationType="hierarchical-child"
                      xlink:href="FRAN_NP_000231"
                      xlink:type="simple">
            <relationEntry>Secrétariat général des affaires européennes</relationEntry>
            <dateRange>
               <fromDate standardDate="2005-01-01">2005</fromDate>
            </dateRange>
         </cpfRelation>
         <cpfRelation xmlns:xlink="http://www.w3.org/1999/xlink"
                      cpfRelationType="hierarchical-child"
                      xlink:href="FRAN_NP_000236"
                      xlink:type="simple">
            <relationEntry>Haut Conseil de l'audiovisuel</relationEntry>
            <dateRange>
               <fromDate standardDate="1973-01-01">1973</fromDate>
               <toDate standardDate="1982-12-31">1982</toDate>
            </dateRange>
         </cpfRelation>
         <cpfRelation xmlns:xlink="http://www.w3.org/1999/xlink"
                      cpfRelationType="hierarchical-child"
                      xlink:href="FRAN_NP_000263"
                      xlink:type="simple">
            <relationEntry>Service juridique et technique de l'information et de la communication</relationEntry>
            <dateRange>
               <fromDate standardDate="1959-01-08">8 janvier 1959</fromDate>
               <toDate standardDate="2000-12-31">2000</toDate>
            </dateRange>
         </cpfRelation>
         <cpfRelation xmlns:xlink="http://www.w3.org/1999/xlink"
                      cpfRelationType="hierarchical-child"
                      xlink:href="FRAN_NP_000264"
                      xlink:type="simple">
            <relationEntry>Mission pour l'application de la convention franco-algérienne du 21 juin 1988</relationEntry>
            <dateRange>
               <fromDate standardDate="1988-01-01">1988</fromDate>
               <toDate standardDate="1989-12-31">1989</toDate>
            </dateRange>
         </cpfRelation>
         <cpfRelation xmlns:xlink="http://www.w3.org/1999/xlink"
                      cpfRelationType="hierarchical-child"
                      xlink:href="FRAN_NP_000282"
                      xlink:type="simple">
            <relationEntry>Commissariat général du Plan</relationEntry>
            <dateRange>
               <fromDate standardDate="1962-05-10">10 mai 1962</fromDate>
               <toDate standardDate="2006-12-31">2006</toDate>
            </dateRange>
         </cpfRelation>
         <cpfRelation xmlns:xlink="http://www.w3.org/1999/xlink"
                      cpfRelationType="hierarchical-child"
                      xlink:href="FRAN_NP_000283"
                      xlink:type="simple">
            <relationEntry>Mission de commémoration du bicentenaire de la Révolution française et de la Déclaration des droits de l'homme et du citoyen</relationEntry>
            <dateRange>
               <fromDate standardDate="1986-01-01">1986</fromDate>
               <toDate standardDate="1989-12-31">1989</toDate>
            </dateRange>
         </cpfRelation>
         <cpfRelation xmlns:xlink="http://www.w3.org/1999/xlink"
                      cpfRelationType="hierarchical-child"
                      xlink:href="FRAN_NP_000284"
                      xlink:type="simple">
            <relationEntry>Mission interministérielle pour la célébration du centenaire de la loi du 1er juillet 1901 relative au contrat d'association</relationEntry>
            <dateRange>
               <fromDate standardDate="1999-01-01">1999</fromDate>
               <toDate standardDate="2001-12-31">2001</toDate>
            </dateRange>
         </cpfRelation>
         <cpfRelation xmlns:xlink="http://www.w3.org/1999/xlink"
                      cpfRelationType="hierarchical-child"
                      xlink:href="FRAN_NP_000285"
                      xlink:type="simple">
            <relationEntry>Mission d'étude pour le traitement des données personnelles</relationEntry>
            <dateRange>
               <fromDate standardDate="1997-01-01">1997</fromDate>
               <toDate standardDate="1998-12-31">1998</toDate>
            </dateRange>
         </cpfRelation>
         <cpfRelation xmlns:xlink="http://www.w3.org/1999/xlink"
                      cpfRelationType="hierarchical-child"
                      xlink:href="FRAN_NP_000286"
                      xlink:type="simple">
            <relationEntry>Groupe de travail interministériel Bioéthique et droit</relationEntry>
            <dateRange>
               <fromDate standardDate="1988-01-01">1988</fromDate>
               <toDate standardDate="1988-12-31">1988</toDate>
            </dateRange>
         </cpfRelation>
         <cpfRelation xmlns:xlink="http://www.w3.org/1999/xlink"
                      cpfRelationType="hierarchical-child"
                      xlink:href="FRAN_NP_000287"
                      xlink:type="simple">
            <relationEntry>Commission chargée d'établir le bilan de la situation de la France</relationEntry>
            <dateRange>
               <fromDate standardDate="1981-01-01">1981</fromDate>
               <toDate standardDate="1981-12-31">1981</toDate>
            </dateRange>
         </cpfRelation>
         <cpfRelation xmlns:xlink="http://www.w3.org/1999/xlink"
                      cpfRelationType="hierarchical-child"
                      xlink:href="FRAN_NP_000288"
                      xlink:type="simple">
            <relationEntry>Mission de réflexion sur les archives en France</relationEntry>
            <dateRange>
               <fromDate standardDate="1995-01-01">1995</fromDate>
               <toDate standardDate="1996-12-31">1996</toDate>
            </dateRange>
         </cpfRelation>
         <cpfRelation xmlns:xlink="http://www.w3.org/1999/xlink"
                      cpfRelationType="hierarchical-child"
                      xlink:href="FRAN_NP_000289"
                      xlink:type="simple">
            <relationEntry>Conseil d'analyse économique</relationEntry>
            <dateRange>
               <fromDate standardDate="1997-01-01">1997</fromDate>
            </dateRange>
         </cpfRelation>
         <cpfRelation xmlns:xlink="http://www.w3.org/1999/xlink"
                      cpfRelationType="hierarchical-child"
                      xlink:href="FRAN_NP_000291"
                      xlink:type="simple">
            <relationEntry>Comité de coordination des télécommunications</relationEntry>
            <dateRange>
               <fromDate standardDate="1959-01-08">8 janvier 1959</fromDate>
               <toDate standardDate="1996-12-31">1996</toDate>
            </dateRange>
         </cpfRelation>
         <cpfRelation xmlns:xlink="http://www.w3.org/1999/xlink"
                      cpfRelationType="hierarchical-child"
                      xlink:href="FRAN_NP_000292"
                      xlink:type="simple">
            <relationEntry>Comité d'enquête sur le coût et le rendement des services publics</relationEntry>
            <dateRange>
               <fromDate standardDate="1959-01-08">8 janvier 1959</fromDate>
               <toDate standardDate="2010-05-20">20 mai 2010</toDate>
            </dateRange>
         </cpfRelation>
         <cpfRelation xmlns:xlink="http://www.w3.org/1999/xlink"
                      cpfRelationType="hierarchical-child"
                      xlink:href="FRAN_NP_000294"
                      xlink:type="simple">
            <relationEntry>Comité interministériel chargé de la mise en place des centres de formalités des entreprises</relationEntry>
            <dateRange>
               <fromDate standardDate="1981-01-01">1981</fromDate>
               <toDate standardDate="1988-12-31">1988</toDate>
            </dateRange>
         </cpfRelation>
         <cpfRelation xmlns:xlink="http://www.w3.org/1999/xlink"
                      cpfRelationType="hierarchical-child"
                      xlink:href="FRAN_NP_000295"
                      xlink:type="simple">
            <relationEntry>Centre des hautes études sur l'Afrique et l'Asie modernes</relationEntry>
            <dateRange>
               <fromDate standardDate="1959-01-08">8 janvier 1959</fromDate>
               <toDate standardDate="2000-12-31">2000</toDate>
            </dateRange>
         </cpfRelation>
         <cpfRelation xmlns:xlink="http://www.w3.org/1999/xlink"
                      cpfRelationType="hierarchical-child"
                      xlink:href="FRAN_NP_000296"
                      xlink:type="simple">
            <relationEntry>Comité interministériel de l'informatique et de la bureautique dans l'administration</relationEntry>
            <dateRange>
               <fromDate standardDate="1984-01-01">1984</fromDate>
               <toDate standardDate="1986-12-31">1986</toDate>
            </dateRange>
         </cpfRelation>
         <cpfRelation xmlns:xlink="http://www.w3.org/1999/xlink"
                      cpfRelationType="hierarchical-child"
                      xlink:href="FRAN_NP_000297"
                      xlink:type="simple">
            <relationEntry>Secrétariat général des centres interministériels de renseignements administratifs</relationEntry>
            <dateRange>
               <fromDate standardDate="1995-01-01">1995</fromDate>
               <toDate standardDate="2010-12-31">2010</toDate>
            </dateRange>
         </cpfRelation>
         <cpfRelation xmlns:xlink="http://www.w3.org/1999/xlink"
                      cpfRelationType="hierarchical-child"
                      xlink:href="FRAN_NP_000298"
                      xlink:type="simple">
            <relationEntry>Comité interministériel de la sécurité nucléaire</relationEntry>
            <dateRange>
               <fromDate standardDate="1975-01-01">1975</fromDate>
               <toDate standardDate="2003-12-31">2003</toDate>
            </dateRange>
         </cpfRelation>
         <cpfRelation xmlns:xlink="http://www.w3.org/1999/xlink"
                      cpfRelationType="hierarchical-child"
                      xlink:href="FRAN_NP_000299"
                      xlink:type="simple">
            <relationEntry>Conseil national de l'insertion par l'activité économique</relationEntry>
            <dateRange>
               <fromDate standardDate="1991-01-01">1991</fromDate>
            </dateRange>
         </cpfRelation>
         <cpfRelation xmlns:xlink="http://www.w3.org/1999/xlink"
                      cpfRelationType="hierarchical-child"
                      xlink:href="FRAN_NP_000300"
                      xlink:type="simple">
            <relationEntry>Comité national de prévention de la violence et de la criminalité</relationEntry>
            <dateRange>
               <fromDate standardDate="1978-01-01">1978</fromDate>
               <toDate standardDate="1981-12-31">1981</toDate>
            </dateRange>
         </cpfRelation>
         <cpfRelation xmlns:xlink="http://www.w3.org/1999/xlink"
                      cpfRelationType="hierarchical-child"
                      xlink:href="FRAN_NP_000301"
                      xlink:type="simple">
            <relationEntry>Conseil national de la vie associative</relationEntry>
            <dateRange>
               <fromDate standardDate="1983-01-01">1983</fromDate>
               <toDate standardDate="2011-12-31">2011</toDate>
            </dateRange>
         </cpfRelation>
         <cpfRelation xmlns:xlink="http://www.w3.org/1999/xlink"
                      cpfRelationType="hierarchical-child"
                      xlink:href="FRAN_NP_000302"
                      xlink:type="simple">
            <relationEntry>Comité national chargé de la publication des travaux préparatoires des institutions de la Ve République</relationEntry>
            <dateRange>
               <fromDate standardDate="1984-01-01">1984</fromDate>
               <toDate standardDate="2002-12-31">2002</toDate>
            </dateRange>
         </cpfRelation>
         <cpfRelation xmlns:xlink="http://www.w3.org/1999/xlink"
                      cpfRelationType="hierarchical-child"
                      xlink:href="FRAN_NP_000304"
                      xlink:type="simple">
            <relationEntry>Commissariat à la réforme de l'État</relationEntry>
            <dateRange>
               <fromDate standardDate="1995-01-01">1995</fromDate>
               <toDate standardDate="1998-12-31">1998</toDate>
            </dateRange>
         </cpfRelation>
         <cpfRelation xmlns:xlink="http://www.w3.org/1999/xlink"
                      cpfRelationType="hierarchical-child"
                      xlink:href="FRAN_NP_000306"
                      xlink:type="simple">
            <relationEntry>Groupe « Débat sur l'avenir de l'Europe »</relationEntry>
            <dateRange>
               <fromDate standardDate="2001-01-01">2001</fromDate>
               <toDate standardDate="2001-12-31">2001</toDate>
            </dateRange>
         </cpfRelation>
         <cpfRelation xmlns:xlink="http://www.w3.org/1999/xlink"
                      cpfRelationType="hierarchical-child"
                      xlink:href="FRAN_NP_000307"
                      xlink:type="simple">
            <relationEntry>Délégué interministériel pour les questions de coopération et d'aide au développement</relationEntry>
            <dateRange>
               <fromDate standardDate="1982-01-05">5 janvier 1982</fromDate>
               <toDate standardDate="1982-08-23">23 août 1982</toDate>
            </dateRange>
         </cpfRelation>
         <cpfRelation xmlns:xlink="http://www.w3.org/1999/xlink"
                      cpfRelationType="hierarchical-child"
                      xlink:href="FRAN_NP_000308"
                      xlink:type="simple">
            <relationEntry>Délégué à l'espace aérien</relationEntry>
            <dateRange>
               <fromDate standardDate="1971-01-01">1971</fromDate>
               <toDate standardDate="1995-12-31">1995</toDate>
            </dateRange>
         </cpfRelation>
         <cpfRelation xmlns:xlink="http://www.w3.org/1999/xlink"
                      cpfRelationType="hierarchical-child"
                      xlink:href="FRAN_NP_000309"
                      xlink:type="simple">
            <relationEntry>Délégué aux fonctionnaires internationaux</relationEntry>
            <dateRange>
               <fromDate standardDate="1984-01-01">1984</fromDate>
               <toDate standardDate="1995-12-31">1995</toDate>
            </dateRange>
         </cpfRelation>
         <cpfRelation xmlns:xlink="http://www.w3.org/1999/xlink"
                      cpfRelationType="hierarchical-child"
                      xlink:href="FRAN_NP_000050"
                      xlink:type="simple">
            <relationEntry>Délégation interministérielle à l'aménagement du territoire et à l'attractivité régionale</relationEntry>
            <dateRange>
               <fromDate standardDate="1963-01-01">1963</fromDate>
            </dateRange>
         </cpfRelation>
         <cpfRelation xmlns:xlink="http://www.w3.org/1999/xlink"
                      cpfRelationType="associative"
                      xlink:href="FRAN_NP_009905"
                      xlink:type="simple">
            <relationEntry>Debré, Michel</relationEntry>
            <dateRange>
               <fromDate standardDate="1959-01-08">8 janvier 1959</fromDate>
               <toDate standardDate="1962-04-14">14 avril 1962</toDate>
            </dateRange>
         </cpfRelation>
         <cpfRelation xmlns:xlink="http://www.w3.org/1999/xlink"
                      cpfRelationType="hierarchical-child"
                      xlink:href="FRAN_NP_009925"
                      xlink:type="simple">
            <relationEntry>Mission interministérielle de vigilance et de lutte contre les dérives sectaires</relationEntry>
            <dateRange>
               <fromDate standardDate="2002-01-01">2002</fromDate>
            </dateRange>
         </cpfRelation>
         <cpfRelation xmlns:xlink="http://www.w3.org/1999/xlink"
                      cpfRelationType="hierarchical-child"
                      xlink:href="FRAN_NP_009946"
                      xlink:type="simple">
            <relationEntry>Comité pour l'implantation territoriale des emplois publics</relationEntry>
            <dateRange>
               <fromDate standardDate="2007-05-18">18 mai 2007</fromDate>
               <toDate standardDate="2007-12-31">2007</toDate>
            </dateRange>
         </cpfRelation>
         <cpfRelation xmlns:xlink="http://www.w3.org/1999/xlink"
                      cpfRelationType="hierarchical-child"
                      xlink:href="FRAN_NP_007913"
                      xlink:type="simple">
            <relationEntry>Comité interministériel de l'agriculture et de l'alimentation</relationEntry>
            <dateRange>
               <fromDate standardDate="1976-01-01">1976</fromDate>
            </dateRange>
         </cpfRelation>
         <cpfRelation xmlns:xlink="http://www.w3.org/1999/xlink"
                      cpfRelationType="hierarchical-child"
                      xlink:href="FRAN_NP_009505"
                      xlink:type="simple">
            <relationEntry>Commission supérieure de codification</relationEntry>
            <dateRange>
               <fromDate standardDate="1989-01-01">1989</fromDate>
            </dateRange>
         </cpfRelation>
         <cpfRelation xmlns:xlink="http://www.w3.org/1999/xlink"
                      cpfRelationType="hierarchical-child"
                      xlink:href="FRAN_NP_006622"
                      xlink:type="simple">
            <relationEntry>Commission centrale de contrôle des opérations immobilières</relationEntry>
            <dateRange>
               <fromDate standardDate="1959-01-08">8 janvier 1959</fromDate>
               <toDate standardDate="1970-12-31">1970</toDate>
            </dateRange>
         </cpfRelation>
         <cpfRelation xmlns:xlink="http://www.w3.org/1999/xlink"
                      cpfRelationType="hierarchical-child"
                      xlink:href="FRAN_NP_006631"
                      xlink:type="simple">
            <relationEntry>Commission de développement des responsabilités locales</relationEntry>
            <dateRange>
               <fromDate standardDate="1975-01-01">1975</fromDate>
               <toDate standardDate="1976-12-31">1976</toDate>
            </dateRange>
         </cpfRelation>
         <cpfRelation xmlns:xlink="http://www.w3.org/1999/xlink"
                      cpfRelationType="hierarchical-child"
                      xlink:href="FRAN_NP_010077"
                      xlink:type="simple">
            <relationEntry>Haut Conseil de la coopération internationale</relationEntry>
            <dateRange>
               <fromDate standardDate="1999-01-01">1999</fromDate>
               <toDate standardDate="2008-12-31">2008</toDate>
            </dateRange>
         </cpfRelation>
         <cpfRelation xmlns:xlink="http://www.w3.org/1999/xlink"
                      cpfRelationType="hierarchical-child"
                      xlink:href="FRAN_NP_010016"
                      xlink:type="simple">
            <relationEntry>Commissaire général pour le développement de la vallée de la Seine</relationEntry>
            <dateRange>
               <fromDate standardDate="2011-01-01">2011</fromDate>
               <toDate standardDate="2012-12-31">2012</toDate>
            </dateRange>
         </cpfRelation>
         <cpfRelation xmlns:xlink="http://www.w3.org/1999/xlink"
                      cpfRelationType="hierarchical-child"
                      xlink:href="FRAN_NP_006400"
                      xlink:type="simple">
            <relationEntry>Secrétariat général du Groupe central des villes nouvelles</relationEntry>
            <dateRange>
               <fromDate standardDate="1970-01-01">1970</fromDate>
            </dateRange>
         </cpfRelation>
         <cpfRelation xmlns:xlink="http://www.w3.org/1999/xlink"
                      cpfRelationType="hierarchical-child"
                      xlink:href="FRAN_NP_004992"
                      xlink:type="simple">
            <relationEntry>Délégation générale à la lutte contre la drogue et la toxicomanie</relationEntry>
            <dateRange>
               <fromDate standardDate="1989-01-01">1989</fromDate>
               <toDate standardDate="1996-12-31">1996</toDate>
            </dateRange>
         </cpfRelation>
         <cpfRelation xmlns:xlink="http://www.w3.org/1999/xlink"
                      cpfRelationType="hierarchical-child"
                      xlink:href="FRAN_NP_004948"
                      xlink:type="simple">
            <relationEntry>Délégué à la condition féminine</relationEntry>
            <dateRange>
               <fromDate standardDate="1976-09-21">21 septembre 1976</fromDate>
               <toDate standardDate="1978-01-10">10 janvier 1978</toDate>
            </dateRange>
         </cpfRelation>
         <cpfRelation xmlns:xlink="http://www.w3.org/1999/xlink"
                      cpfRelationType="hierarchical-child"
                      xlink:href="FRAN_NP_007017"
                      xlink:type="simple">
            <relationEntry>Centre national pour l’exploitation des océans</relationEntry>
            <dateRange>
               <fromDate standardDate="1967-01-01">1967</fromDate>
               <toDate standardDate="1984-12-31">1984</toDate>
            </dateRange>
         </cpfRelation>
         <cpfRelation xmlns:xlink="http://www.w3.org/1999/xlink"
                      cpfRelationType="associative"
                      xlink:href="FRAN_NP_009197"
                      xlink:type="simple">
            <relationEntry>Juppé, Alain</relationEntry>
            <dateRange>
               <fromDate standardDate="1995-05-17">17 mai 1995</fromDate>
               <toDate standardDate="1997-06-02">2 juin 1997</toDate>
            </dateRange>
         </cpfRelation>
         <cpfRelation xmlns:xlink="http://www.w3.org/1999/xlink"
                      cpfRelationType="associative"
                      xlink:href="FRAN_NP_009196"
                      xlink:type="simple">
            <relationEntry>Balladur, Édouard</relationEntry>
            <dateRange>
               <fromDate standardDate="1993-03-29">29 mars 1993</fromDate>
               <toDate standardDate="1995-05-11">11 mai 1995</toDate>
            </dateRange>
         </cpfRelation>
         <cpfRelation xmlns:xlink="http://www.w3.org/1999/xlink"
                      cpfRelationType="hierarchical-child"
                      xlink:href="FRAN_NP_050160"
                      xlink:type="simple">
            <relationEntry>Délégué interministériel à la lutte contre la grippe aviaire</relationEntry>
            <dateRange>
               <fromDate standardDate="2005-01-01">2005</fromDate>
               <toDate standardDate="2012-12-31">2012</toDate>
            </dateRange>
         </cpfRelation>
         <cpfRelation xmlns:xlink="http://www.w3.org/1999/xlink"
                      cpfRelationType="hierarchical-child"
                      xlink:href="FRAN_NP_050641"
                      xlink:type="simple">
            <relationEntry>Commission nationale d'orientation et d'intégration</relationEntry>
            <dateRange>
               <fromDate standardDate="1970-11-23">23 novembre 1970</fromDate>
            </dateRange>
         </cpfRelation>
         <cpfRelation xmlns:xlink="http://www.w3.org/1999/xlink"
                      cpfRelationType="associative"
                      xlink:href="FRAN_NP_050751"
                      xlink:type="simple">
            <relationEntry>Conseil de la création artistique</relationEntry>
            <dateRange>
               <fromDate standardDate="2009-01-30">30 janvier 2009</fromDate>
               <toDate standardDate="2011-05-27">27 mai 2011</toDate>
            </dateRange>
         </cpfRelation>
         <cpfRelation xmlns:xlink="http://www.w3.org/1999/xlink"
                      cpfRelationType="associative"
                      xlink:href="FRAN_NP_050827"
                      xlink:type="simple">
            <relationEntry>Commission de rénovation et de déontologie de la vie publique (France)</relationEntry>
            <dateRange>
               <fromDate standardDate="2012-07-16">16 juillet 2012</fromDate>
               <toDate standardDate="2012-11-09">9 novembre 2012</toDate>
            </dateRange>
         </cpfRelation>
         <cpfRelation xmlns:xlink="http://www.w3.org/1999/xlink"
                      cpfRelationType="hierarchical-child"
                      xlink:href="FRAN_NP_050840"
                      xlink:type="simple">
            <relationEntry>France. Conseil culturel de l'Union pour la Méditerranée</relationEntry>
            <dateRange>
               <fromDate standardDate="2008-12-08">8 décembre 2008</fromDate>
               <toDate standardDate="2013-12-31">2013</toDate>
            </dateRange>
         </cpfRelation>
         <cpfRelation xmlns:xlink="http://www.w3.org/1999/xlink"
                      cpfRelationType="hierarchical-child"
                      xlink:href="FRAN_NP_050954"
                      xlink:type="simple">
            <relationEntry>France. Conseil d'analyse de la société</relationEntry>
            <dateRange>
               <fromDate standardDate="2004-07-08">8 juillet 2004</fromDate>
               <toDate standardDate="2013-04-22">22 avril 2013</toDate>
            </dateRange>
         </cpfRelation>
         <cpfRelation xmlns:xlink="http://www.w3.org/1999/xlink"
                      cpfRelationType="hierarchical-child"
                      xlink:href="FRAN_NP_050968"
                      xlink:type="simple">
            <relationEntry>France. Conseil d'orientation des retraites</relationEntry>
            <dateRange>
               <fromDate standardDate="2000-05-10">10 mai 2000</fromDate>
            </dateRange>
            <descriptiveNote>
               <p>
     le COR est placé auprès du Premier ministre
    </p>
            </descriptiveNote>
         </cpfRelation>
         <cpfRelation xmlns:xlink="http://www.w3.org/1999/xlink"
                      cpfRelationType="associative"
                      xlink:href="FRAN_NP_051142"
                      xlink:type="simple">
            <relationEntry>France. Mission sur la prospective et le dialogue social (2012-2013)</relationEntry>
            <dateRange>
               <fromDate standardDate="2012-09-14">14 septembre 2012</fromDate>
               <toDate standardDate="2013-02-28">28 février 2013</toDate>
            </dateRange>
         </cpfRelation>
         <cpfRelation xmlns:xlink="http://www.w3.org/1999/xlink"
                      cpfRelationType="associative"
                      xlink:href="FRAN_NP_051146"
                      xlink:type="simple">
            <relationEntry>France. Comité interministériel de prévention de la délinquance</relationEntry>
            <dateRange>
               <fromDate standardDate="2006-01-17">17 janvier 2006</fromDate>
            </dateRange>
            <descriptiveNote>
               <p>
     Le CIPD est présidé par le Premier ministre
    </p>
            </descriptiveNote>
         </cpfRelation>
         <cpfRelation xmlns:xlink="http://www.w3.org/1999/xlink"
                      cpfRelationType="associative"
                      xlink:href="FRAN_NP_051165"
                      xlink:type="simple">
            <relationEntry>France. Conseil national des missions locales</relationEntry>
            <dateRange>
               <fromDate standardDate="1989-12-19">19 décembre 1989</fromDate>
            </dateRange>
            <descriptiveNote>
               <p>
     Le CNML est placé auprès du Premier ministre.
    </p>
            </descriptiveNote>
         </cpfRelation>
         <cpfRelation xmlns:xlink="http://www.w3.org/1999/xlink"
                      cpfRelationType="associative"
                      xlink:href="FRAN_NP_051002"
                      xlink:type="simple">
            <relationEntry>France. Secrétariat général de la présidence française des sommets du G8 et du G20 (2010-2011)</relationEntry>
            <dateRange>
               <fromDate standardDate="2010-07-22">22 juillet 2010</fromDate>
               <toDate standardDate="2011-12-31">2011</toDate>
            </dateRange>
            <descriptiveNote>
               <p>
     Le secrétariat général de la présidence française des sommets du G8 et du G20 rend compte au Premier ministre (et au président de la République).
    </p>
            </descriptiveNote>
         </cpfRelation>
         <cpfRelation xmlns:xlink="http://www.w3.org/1999/xlink"
                      cpfRelationType="hierarchical-child"
                      xlink:href="FRAN_NP_005424"
                      xlink:type="simple">
            <relationEntry>TF1 (1975-1987)</relationEntry>
            <dateRange>
               <fromDate standardDate="1975-01-06">6 janvier 1975</fromDate>
               <toDate standardDate="1982-09-16">16 septembre 1982</toDate>
            </dateRange>
         </cpfRelation>
         <cpfRelation xmlns:xlink="http://www.w3.org/1999/xlink"
                      cpfRelationType="hierarchical-child"
                      xlink:href="FRAN_NP_010005"
                      xlink:type="simple">
            <relationEntry>France. Secrétariat général pour la modernisation de l'action publique (2012-....)</relationEntry>
            <dateRange>
               <fromDate standardDate="2012-10-30">30 octobre 2012</fromDate>
            </dateRange>
         </cpfRelation>
         <cpfRelation xmlns:xlink="http://www.w3.org/1999/xlink"
                      cpfRelationType="hierarchical-child"
                      xlink:href="FRAN_NP_050875"
                      xlink:type="simple">
            <relationEntry>France. Observatoire de la parité entre les femmes et les hommes</relationEntry>
            <dateRange>
               <fromDate standardDate="1995-10-18">18 octobre 1995</fromDate>
               <toDate standardDate="2013-01-03">3 janvier 2013</toDate>
            </dateRange>
         </cpfRelation>
         <cpfRelation xmlns:xlink="http://www.w3.org/1999/xlink"
                      cpfRelationType="hierarchical-child"
                      xlink:href="FRAN_NP_005429"
                      xlink:type="simple">
            <relationEntry>France. Mission interministérielle de coordination des grandes opérations d'architecture et d'urbanisme (1986-1998)</relationEntry>
            <dateRange>
               <fromDate standardDate="1986-01-20">20 janvier 1986</fromDate>
               <toDate standardDate="1988-05-31">mai 1988</toDate>
            </dateRange>
            <descriptiveNote>
               <p>
     @isPartOf@
    </p>
            </descriptiveNote>
         </cpfRelation>
         <cpfRelation xmlns:xlink="http://www.w3.org/1999/xlink"
                      cpfRelationType="associative"
                      xlink:href="FRAN_NP_051486"
                      xlink:type="simple">
            <relationEntry>Bérégovoy, Pierre (1925-1993)</relationEntry>
            <dateRange>
               <fromDate standardDate="1992-04-01">avril 1992</fromDate>
               <toDate standardDate="1993-03-31">mars 1993</toDate>
            </dateRange>
            <descriptiveNote>
               <p>
     P. Bérégovoy, Premier ministre
    </p>
            </descriptiveNote>
         </cpfRelation>
         <cpfRelation xmlns:xlink="http://www.w3.org/1999/xlink"
                      cpfRelationType="hierarchical-child"
                      xlink:href="FRAN_NP_009837"
                      xlink:type="simple">
            <relationEntry>France. Cabinet de Jean-Marc Ayrault, Premier ministre (2012-2014)</relationEntry>
            <dateRange>
               <fromDate standardDate="2012-05-15">15 mai 2012</fromDate>
               <toDate standardDate="2014-03-31">31 mars 2014</toDate>
            </dateRange>
            <descriptiveNote>
               <p>
     @isPartOf@
    </p>
            </descriptiveNote>
         </cpfRelation>
         <cpfRelation xmlns:xlink="http://www.w3.org/1999/xlink"
                      cpfRelationType="hierarchical-child"
                      xlink:href="FRAN_NP_051539"
                      xlink:type="simple">
            <relationEntry>France. Cabinet de Manuel Valls, Premier ministre (2014-2016)</relationEntry>
            <dateRange>
               <fromDate standardDate="2014-03-31">31 mars 2014</fromDate>
               <toDate standardDate="2016-12-06">6 décembre 2016</toDate>
            </dateRange>
            <descriptiveNote>
               <p>
     @isPartOf@
    </p>
            </descriptiveNote>
         </cpfRelation>
         <cpfRelation xmlns:xlink="http://www.w3.org/1999/xlink"
                      cpfRelationType="hierarchical-child"
                      xlink:href="FRAN_NP_051540"
                      xlink:type="simple">
            <relationEntry>France. Cabinet de Bernard Cazeneuve, Premier ministre (2016-2017)</relationEntry>
            <dateRange>
               <fromDate standardDate="2016-12-06">6 décembre 2016</fromDate>
               <toDate standardDate="2017-05-10">10 mai 2017</toDate>
            </dateRange>
            <descriptiveNote>
               <p>
      @isPartOf@
    </p>
            </descriptiveNote>
         </cpfRelation>
         <cpfRelation xmlns:xlink="http://www.w3.org/1999/xlink"
                      cpfRelationType="associative"
                      xlink:href="FRAN_NP_051629"
                      xlink:type="simple">
            <relationEntry>France. Mission relative aux exceptions au repos dominical dans les commerces (2013)</relationEntry>
            <dateRange>
               <fromDate standardDate="2013-09-30">30 septembre 2013</fromDate>
               <toDate standardDate="2013-12-02">2 décembre 2013</toDate>
            </dateRange>
         </cpfRelation>
         <cpfRelation xmlns:xlink="http://www.w3.org/1999/xlink"
                      cpfRelationType="associative"
                      xlink:href="FRAN_NP_051654"
                      xlink:type="simple">
            <relationEntry>France. Cabinet de Thierry Mandon, secrétaire d'Etat auprès du Premier ministre, chargé de la Réforme de l'Etat et de la simplification (2014-2015)</relationEntry>
            <dateRange>
               <fromDate standardDate="2014-06-03">3 juin 2014</fromDate>
               <toDate standardDate="2015-06-17">17 juin 2015</toDate>
            </dateRange>
            <descriptiveNote>
               <p>
     Thierry Mandon est secrétaire d'Etat auprès du Premier ministre
    </p>
            </descriptiveNote>
         </cpfRelation>
         <cpfRelation xmlns:xlink="http://www.w3.org/1999/xlink"
                      cpfRelationType="hierarchical-child"
                      xlink:href="FRAN_NP_051955"
                      xlink:type="simple">
            <relationEntry>France. Conseil d'orientation pour l'emploi (2005-....)</relationEntry>
            <dateRange>
               <fromDate standardDate="2005-04-07">7 avril 2005</fromDate>
            </dateRange>
         </cpfRelation>
         <cpfRelation xmlns:xlink="http://www.w3.org/1999/xlink"
                      cpfRelationType="hierarchical-child"
                      xlink:href="FRAN_NP_051987"
                      xlink:type="simple">
            <relationEntry>France. Mission pour l'insertion professionnelle et sociale des jeunes (1981)</relationEntry>
            <dateRange>
               <fromDate standardDate="1981-06-10">10 juin 1981</fromDate>
               <toDate standardDate="1981-09-15">15 septembre 1981</toDate>
            </dateRange>
            <descriptiveNote>
               <p>
     La Mission sur l'insertion professionnelle et sociale des jeunes est confiée par le Premier ministre à Bertrand Schwartz par lettre de mission du 10 juin 1981
    </p>
            </descriptiveNote>
         </cpfRelation>
         <cpfRelation xmlns:xlink="http://www.w3.org/1999/xlink"
                      cpfRelationType="hierarchical-child"
                      xlink:href="FRAN_NP_051986"
                      xlink:type="simple">
            <relationEntry>France. Commission pour l'avenir des retraites (2013)</relationEntry>
            <dateRange>
               <fromDate standardDate="2013-02-26">26 février 2013</fromDate>
               <toDate standardDate="2013-07-12">12 juillet 2013</toDate>
            </dateRange>
            <descriptiveNote>
               <p>
     Commission créée par lettre de mission du Premier ministre - 
    </p>
            </descriptiveNote>
         </cpfRelation>
         <cpfRelation xmlns:xlink="http://www.w3.org/1999/xlink"
                      cpfRelationType="hierarchical-child"
                      xlink:href="FRAN_NP_052029"
                      xlink:type="simple">
            <relationEntry>France. Mission en charge de la mise en oeuvre de la Grande Conférence de la Santé (2015-2016)</relationEntry>
            <dateRange>
               <fromDate standardDate="2015-03-10">10 mars 2015</fromDate>
               <toDate standardDate="2016-02-16">16 février 2016</toDate>
            </dateRange>
            <descriptiveNote>
               <p>
     Mission pour la mise en oeuvre de la Grande conférence de la Santé
    </p>
            </descriptiveNote>
         </cpfRelation>
         <cpfRelation xmlns:xlink="http://www.w3.org/1999/xlink"
                      cpfRelationType="associative"
                      xlink:href="FRAN_NP_051790"
                      xlink:type="simple">
            <relationEntry>France. Commission pour la libération de la croissance française (2007-2010)</relationEntry>
            <dateRange>
               <fromDate standardDate="2007-06-20">20 juin 2007</fromDate>
               <toDate standardDate="2010-10-31">31 octobre 2010</toDate>
            </dateRange>
            <descriptiveNote>
               <p>
     @isFunctionallyLinkedTo@ La Commission pour la libération de la croissance française est rattachée fonctionnellement aux services du Premier ministre.
    </p>
            </descriptiveNote>
         </cpfRelation>
         <cpfRelation xmlns:xlink="http://www.w3.org/1999/xlink"
                      cpfRelationType="hierarchical-child"
                      xlink:href="FRAN_NP_000347"
                      xlink:type="simple">
            <relationEntry>Office de radiodiffusion-télévision française (1964-1974)</relationEntry>
            <dateRange>
               <fromDate standardDate="1972-07-03">3 juillet 1972</fromDate>
               <toDate standardDate="1974-12-31">1974</toDate>
            </dateRange>
            <descriptiveNote>
               <p>
     @isControlledBy@
    </p>
            </descriptiveNote>
         </cpfRelation>
         <cpfRelation xmlns:xlink="http://www.w3.org/1999/xlink"
                      cpfRelationType="hierarchical-child"
                      xlink:href="FRAN_NP_005039"
                      xlink:type="simple">
            <relationEntry>France. Mission 2000 en France</relationEntry>
            <dateRange>
               <fromDate standardDate="1996-12-09">9 décembre 1996</fromDate>
               <toDate standardDate="2001-12-31">2001</toDate>
            </dateRange>
         </cpfRelation>
         <cpfRelation xmlns:xlink="http://www.w3.org/1999/xlink"
                      cpfRelationType="hierarchical-child"
                      xlink:href="FRAN_NP_050826"
                      xlink:type="simple">
            <relationEntry>Comité stratégique pour le numérique (France)</relationEntry>
            <dateRange>
               <fromDate standardDate="2006-05-03">3 mai 2006</fromDate>
               <toDate standardDate="2013-02-08">8 février 2013</toDate>
            </dateRange>
         </cpfRelation>
         <cpfRelation xmlns:xlink="http://www.w3.org/1999/xlink"
                      cpfRelationType="hierarchical-child"
                      xlink:href="FRAN_NP_050806"
                      xlink:type="simple">
            <relationEntry>Commissariat général à l'égalité des territoires</relationEntry>
            <dateRange>
               <fromDate standardDate="2014-03-31">31 mars 2014</fromDate>
            </dateRange>
         </cpfRelation>
         <cpfRelation xmlns:xlink="http://www.w3.org/1999/xlink"
                      cpfRelationType="hierarchical-child"
                      xlink:href="FRAN_NP_000380"
                      xlink:type="simple">
            <relationEntry>Centre d'analyse stratégique</relationEntry>
            <dateRange>
               <fromDate standardDate="2006-03-06">6 mars 2006</fromDate>
               <toDate standardDate="2013-04-22">22 avril 2013</toDate>
            </dateRange>
         </cpfRelation>
         <cpfRelation xmlns:xlink="http://www.w3.org/1999/xlink"
                      cpfRelationType="hierarchical-child"
                      xlink:href="FRAN_NP_050642"
                      xlink:type="simple">
            <relationEntry>Mission d'étude des rémunérations annexes des agents publics</relationEntry>
            <dateRange>
               <fromDate standardDate="1983-10-14">14 octobre 1983</fromDate>
               <toDate standardDate="1984-05-15">15 mai 1984</toDate>
            </dateRange>
         </cpfRelation>
         <cpfRelation xmlns:xlink="http://www.w3.org/1999/xlink"
                      cpfRelationType="hierarchical-child"
                      xlink:href="FRAN_NP_050638"
                      xlink:type="simple">
            <relationEntry>Commissariat général à la stratégie et à la prospective</relationEntry>
            <dateRange>
               <fromDate standardDate="2013-04-22">22 avril 2013</fromDate>
            </dateRange>
         </cpfRelation>
         <cpfRelation xmlns:xlink="http://www.w3.org/1999/xlink"
                      cpfRelationType="hierarchical-child"
                      xlink:href="FRAN_NP_007037"
                      xlink:type="simple">
            <relationEntry>Délégué général au district de la région parisienne</relationEntry>
            <dateRange>
               <fromDate standardDate="1961-01-01">1961</fromDate>
               <toDate standardDate="1976-12-31">1976</toDate>
            </dateRange>
         </cpfRelation>
         <cpfRelation xmlns:xlink="http://www.w3.org/1999/xlink"
                      cpfRelationType="hierarchical-child"
                      xlink:href="FRAN_NP_009289"
                      xlink:type="simple">
            <relationEntry>Société nationale des entreprises de presse</relationEntry>
            <dateRange>
               <fromDate standardDate="1959-01-08">8 janvier 1959</fromDate>
               <toDate standardDate="1992-12-31">1992</toDate>
            </dateRange>
         </cpfRelation>
         <cpfRelation xmlns:xlink="http://www.w3.org/1999/xlink"
                      cpfRelationType="hierarchical-child"
                      xlink:href="FRAN_NP_004999"
                      xlink:type="simple">
            <relationEntry>Comité de coordination de la promotion sociale</relationEntry>
            <dateRange>
               <fromDate standardDate="1959-01-08">8 janvier 1959</fromDate>
               <toDate standardDate="1966-12-31">1966</toDate>
            </dateRange>
         </cpfRelation>
         <cpfRelation xmlns:xlink="http://www.w3.org/1999/xlink"
                      cpfRelationType="hierarchical-child"
                      xlink:href="FRAN_NP_006377"
                      xlink:type="simple">
            <relationEntry>Comité de décentralisation</relationEntry>
            <dateRange>
               <fromDate standardDate="1967-10-24">24 octobre 1967</fromDate>
               <toDate standardDate="2002-12-31">2002</toDate>
            </dateRange>
         </cpfRelation>
         <cpfRelation xmlns:xlink="http://www.w3.org/1999/xlink"
                      cpfRelationType="hierarchical-child"
                      xlink:href="FRAN_NP_009482"
                      xlink:type="simple">
            <relationEntry>Secrétariat général de la mer</relationEntry>
            <dateRange>
               <fromDate standardDate="1995-01-01">1995</fromDate>
            </dateRange>
         </cpfRelation>
         <cpfRelation xmlns:xlink="http://www.w3.org/1999/xlink"
                      cpfRelationType="hierarchical-child"
                      xlink:href="FRAN_NP_010076"
                      xlink:type="simple">
            <relationEntry>Délégué à l'information et à l'orientation</relationEntry>
            <dateRange>
               <fromDate standardDate="2009-11-24">24 novembre 2009</fromDate>
            </dateRange>
         </cpfRelation>
         <cpfRelation xmlns:xlink="http://www.w3.org/1999/xlink"
                      cpfRelationType="associative"
                      xlink:href="FRAN_NP_010089"
                      xlink:type="simple">
            <relationEntry>Rocard, Michel</relationEntry>
            <dateRange>
               <fromDate standardDate="1988-05-10">10 mai 1988</fromDate>
               <toDate standardDate="1991-05-15">15 mai 1991</toDate>
            </dateRange>
         </cpfRelation>
         <cpfRelation xmlns:xlink="http://www.w3.org/1999/xlink"
                      cpfRelationType="hierarchical-child"
                      xlink:href="FRAN_NP_006626"
                      xlink:type="simple">
            <relationEntry>Comité interministériel d'aménagement et de développement du territoire</relationEntry>
            <dateRange>
               <fromDate standardDate="1960-01-01">1960</fromDate>
            </dateRange>
         </cpfRelation>
         <cpfRelation xmlns:xlink="http://www.w3.org/1999/xlink"
                      cpfRelationType="hierarchical-child"
                      xlink:href="FRAN_NP_004543"
                      xlink:type="simple">
            <relationEntry>Mission interministérielle de lutte contre la drogue et la toxicomanie</relationEntry>
            <dateRange>
               <fromDate standardDate="1996-01-01">1996</fromDate>
            </dateRange>
         </cpfRelation>
         <cpfRelation xmlns:xlink="http://www.w3.org/1999/xlink"
                      cpfRelationType="hierarchical-child"
                      xlink:href="FRAN_NP_001054"
                      xlink:type="simple">
            <relationEntry>Commission de déontologie compétente pour la fonction publique territoriale</relationEntry>
            <dateRange>
               <fromDate standardDate="1995-01-01">1995</fromDate>
               <toDate standardDate="2007-12-31">2007</toDate>
            </dateRange>
         </cpfRelation>
         <cpfRelation xmlns:xlink="http://www.w3.org/1999/xlink"
                      cpfRelationType="hierarchical-child"
                      xlink:href="FRAN_NP_009924"
                      xlink:type="simple">
            <relationEntry>Direction de l'information légale et administrative</relationEntry>
            <dateRange>
               <fromDate standardDate="2010-01-01">2010</fromDate>
            </dateRange>
         </cpfRelation>
         <cpfRelation xmlns:xlink="http://www.w3.org/1999/xlink"
                      cpfRelationType="associative"
                      xlink:href="FRAN_NP_009909"
                      xlink:type="simple">
            <relationEntry>Pompidou, Georges</relationEntry>
            <dateRange>
               <fromDate standardDate="1962-04-14">14 avril 1962</fromDate>
               <toDate standardDate="1968-07-10">10 juillet 1968</toDate>
            </dateRange>
         </cpfRelation>
         <cpfRelation xmlns:xlink="http://www.w3.org/1999/xlink"
                      cpfRelationType="hierarchical-child"
                      xlink:href="FRAN_NP_007770"
                      xlink:type="simple">
            <relationEntry>Délégué général à l'énergie</relationEntry>
            <dateRange>
               <fromDate standardDate="1973-01-01">1973</fromDate>
               <toDate standardDate="1978-12-31">1978</toDate>
            </dateRange>
         </cpfRelation>
         <cpfRelation xmlns:xlink="http://www.w3.org/1999/xlink"
                      cpfRelationType="hierarchical-child"
                      xlink:href="FRAN_NP_000044"
                      xlink:type="simple">
            <relationEntry>Haut Comité de la langue française</relationEntry>
            <dateRange>
               <fromDate standardDate="1966-01-01">1966</fromDate>
               <toDate standardDate="1984-12-31">1984</toDate>
            </dateRange>
         </cpfRelation>
         <cpfRelation xmlns:xlink="http://www.w3.org/1999/xlink"
                      cpfRelationType="hierarchical-child"
                      xlink:href="FRAN_NP_000310"
                      xlink:type="simple">
            <relationEntry>Délégué interministériel à la Coupe du monde de football de 1998</relationEntry>
            <dateRange>
               <fromDate standardDate="1993-01-01">1993</fromDate>
               <toDate standardDate="1999-12-31">1999</toDate>
            </dateRange>
         </cpfRelation>
         <cpfRelation xmlns:xlink="http://www.w3.org/1999/xlink"
                      cpfRelationType="hierarchical-child"
                      xlink:href="FRAN_NP_000311"
                      xlink:type="simple">
            <relationEntry>Délégué interministériel à l'aide de la France aux États affectés par la catastrophe du 26 décembre 2004</relationEntry>
            <dateRange>
               <fromDate standardDate="2005-01-01">2005</fromDate>
               <toDate standardDate="2005-12-31">2005</toDate>
            </dateRange>
         </cpfRelation>
         <cpfRelation xmlns:xlink="http://www.w3.org/1999/xlink"
                      cpfRelationType="hierarchical-child"
                      xlink:href="FRAN_NP_000312"
                      xlink:type="simple">
            <relationEntry>Délégation interministérielle à la réforme de l'État</relationEntry>
            <dateRange>
               <fromDate standardDate="1998-01-01">1998</fromDate>
               <toDate standardDate="2003-12-31">2003</toDate>
            </dateRange>
         </cpfRelation>
         <cpfRelation xmlns:xlink="http://www.w3.org/1999/xlink"
                      cpfRelationType="hierarchical-child"
                      xlink:href="FRAN_NP_000313"
                      xlink:type="simple">
            <relationEntry>Délégué interministériel aux réfugiés</relationEntry>
            <dateRange>
               <fromDate standardDate="1983-01-01">1983</fromDate>
               <toDate standardDate="1986-12-31">1986</toDate>
            </dateRange>
         </cpfRelation>
         <cpfRelation xmlns:xlink="http://www.w3.org/1999/xlink"
                      cpfRelationType="hierarchical-child"
                      xlink:href="FRAN_NP_000314"
                      xlink:type="simple">
            <relationEntry>Commission nationale pour le développement social des quartiers</relationEntry>
            <dateRange>
               <fromDate standardDate="1981-01-01">1981</fromDate>
               <toDate standardDate="1986-12-31">1986</toDate>
            </dateRange>
         </cpfRelation>
         <cpfRelation xmlns:xlink="http://www.w3.org/1999/xlink"
                      cpfRelationType="hierarchical-child"
                      xlink:href="FRAN_NP_000315"
                      xlink:type="simple">
            <relationEntry>Mission interministérielle pour la célébration du cinquantième anniversaire de la Déclaration universelle des droits de l'homme</relationEntry>
            <dateRange>
               <fromDate standardDate="1997-01-01">1997</fromDate>
               <toDate standardDate="1999-12-31">1999</toDate>
            </dateRange>
         </cpfRelation>
         <cpfRelation xmlns:xlink="http://www.w3.org/1999/xlink"
                      cpfRelationType="hierarchical-child"
                      xlink:href="FRAN_NP_000316"
                      xlink:type="simple">
            <relationEntry>Délégation aux usagers et aux simplifications administratives</relationEntry>
            <dateRange>
               <fromDate standardDate="2003-01-01">2003</fromDate>
               <toDate standardDate="2005-12-31">2005</toDate>
            </dateRange>
         </cpfRelation>
         <cpfRelation xmlns:xlink="http://www.w3.org/1999/xlink"
                      cpfRelationType="hierarchical-child"
                      xlink:href="FRAN_NP_000317"
                      xlink:type="simple">
            <relationEntry>Mission interministérielle pour l'organisation de l'Exposition internationale de 2004</relationEntry>
            <dateRange>
               <fromDate standardDate="2001-01-01">2001</fromDate>
               <toDate standardDate="2002-12-31">2002</toDate>
            </dateRange>
         </cpfRelation>
         <cpfRelation xmlns:xlink="http://www.w3.org/1999/xlink"
                      cpfRelationType="hierarchical-child"
                      xlink:href="FRAN_NP_000318"
                      xlink:type="simple">
            <relationEntry>Mission interministérielle de coordination pour les pays de l'Europe centrale et orientale</relationEntry>
            <dateRange>
               <fromDate standardDate="1990-01-01">1990</fromDate>
               <toDate standardDate="1993-12-31">1993</toDate>
            </dateRange>
         </cpfRelation>
         <cpfRelation xmlns:xlink="http://www.w3.org/1999/xlink"
                      cpfRelationType="hierarchical-child"
                      xlink:href="FRAN_NP_000319"
                      xlink:type="simple">
            <relationEntry>Haut Comité d'études et d'information sur l'alcoolisme</relationEntry>
            <dateRange>
               <fromDate standardDate="1959-01-08">8 janvier 1959</fromDate>
               <toDate standardDate="1991-12-31">1991</toDate>
            </dateRange>
         </cpfRelation>
         <cpfRelation xmlns:xlink="http://www.w3.org/1999/xlink"
                      cpfRelationType="hierarchical-child"
                      xlink:href="FRAN_NP_000320"
                      xlink:type="simple">
            <relationEntry>Mission nationale de lutte pour l'emploi</relationEntry>
            <dateRange>
               <fromDate standardDate="1981-01-01">1981</fromDate>
               <toDate standardDate="1983-12-31">1983</toDate>
            </dateRange>
         </cpfRelation>
         <cpfRelation xmlns:xlink="http://www.w3.org/1999/xlink"
                      cpfRelationType="hierarchical-child"
                      xlink:href="FRAN_NP_000321"
                      xlink:type="simple">
            <relationEntry>Conseil supérieur de l'équitation</relationEntry>
            <dateRange>
               <fromDate standardDate="1971-01-01">1971</fromDate>
               <toDate standardDate="1990-12-31">1990</toDate>
            </dateRange>
         </cpfRelation>
         <cpfRelation xmlns:xlink="http://www.w3.org/1999/xlink"
                      cpfRelationType="hierarchical-child"
                      xlink:href="FRAN_NP_000322"
                      xlink:type="simple">
            <relationEntry>Délégué interministériel aux droits des femmes</relationEntry>
            <dateRange>
               <fromDate standardDate="1997-01-01">1997</fromDate>
               <toDate standardDate="1998-12-31">1998</toDate>
            </dateRange>
         </cpfRelation>
         <cpfRelation xmlns:xlink="http://www.w3.org/1999/xlink"
                      cpfRelationType="hierarchical-child"
                      xlink:href="FRAN_NP_000324"
                      xlink:type="simple">
            <relationEntry>Haut Comité pour le logement des personnes défavorisées</relationEntry>
            <dateRange>
               <fromDate standardDate="1992-01-01">1992</fromDate>
            </dateRange>
         </cpfRelation>
         <cpfRelation xmlns:xlink="http://www.w3.org/1999/xlink"
                      cpfRelationType="hierarchical-child"
                      xlink:href="FRAN_NP_000325"
                      xlink:type="simple">
            <relationEntry>Haut Conseil du secteur public</relationEntry>
            <dateRange>
               <fromDate standardDate="1982-01-01">1982</fromDate>
               <toDate standardDate="2008-12-31">2008</toDate>
            </dateRange>
         </cpfRelation>
         <cpfRelation xmlns:xlink="http://www.w3.org/1999/xlink"
                      cpfRelationType="hierarchical-child"
                      xlink:href="FRAN_NP_000326"
                      xlink:type="simple">
            <relationEntry>Conseil de l'information sur l'énergie électronucléaire</relationEntry>
            <dateRange>
               <fromDate standardDate="1977-01-01">1977</fromDate>
               <toDate standardDate="1981-12-31">1981</toDate>
            </dateRange>
         </cpfRelation>
         <cpfRelation xmlns:xlink="http://www.w3.org/1999/xlink"
                      cpfRelationType="hierarchical-child"
                      xlink:href="FRAN_NP_000327"
                      xlink:type="simple">
            <relationEntry>Comité de coordination interministérielle des douzièmes Journées mondiales de la jeunesse</relationEntry>
            <dateRange>
               <fromDate standardDate="1996-01-01">1996</fromDate>
               <toDate standardDate="1997-12-31">1997</toDate>
            </dateRange>
         </cpfRelation>
         <cpfRelation xmlns:xlink="http://www.w3.org/1999/xlink"
                      cpfRelationType="hierarchical-child"
                      xlink:href="FRAN_NP_000328"
                      xlink:type="simple">
            <relationEntry>Délégué interministériel aux jeux Olympiques d'hiver de 1992</relationEntry>
            <dateRange>
               <fromDate standardDate="1988-01-01">1988</fromDate>
               <toDate standardDate="1993-12-31">1993</toDate>
            </dateRange>
         </cpfRelation>
         <cpfRelation xmlns:xlink="http://www.w3.org/1999/xlink"
                      cpfRelationType="hierarchical-child"
                      xlink:href="FRAN_NP_000330"
                      xlink:type="simple">
            <relationEntry>Commission pour l'avenir de la décentralisation</relationEntry>
            <dateRange>
               <fromDate standardDate="1999-01-01">1999</fromDate>
               <toDate standardDate="2000-12-31">2000</toDate>
            </dateRange>
         </cpfRelation>
         <cpfRelation xmlns:xlink="http://www.w3.org/1999/xlink"
                      cpfRelationType="hierarchical-child"
                      xlink:href="FRAN_NP_000331"
                      xlink:type="simple">
            <relationEntry>Délégation à la modernisation de la gestion publique et des structures de l'État</relationEntry>
            <dateRange>
               <fromDate standardDate="2003-01-01">2003</fromDate>
               <toDate standardDate="2005-12-31">2005</toDate>
            </dateRange>
         </cpfRelation>
         <cpfRelation xmlns:xlink="http://www.w3.org/1999/xlink"
                      cpfRelationType="hierarchical-child"
                      xlink:href="FRAN_NP_000332"
                      xlink:type="simple">
            <relationEntry>Mission pour l'amélioration de l'accueil des usagers dans l'administration</relationEntry>
            <dateRange>
               <fromDate standardDate="2002-01-01">2002</fromDate>
               <toDate standardDate="2003-12-31">2003</toDate>
            </dateRange>
         </cpfRelation>
         <cpfRelation xmlns:xlink="http://www.w3.org/1999/xlink"
                      cpfRelationType="hierarchical-child"
                      xlink:href="FRAN_NP_000334"
                      xlink:type="simple">
            <relationEntry>Mission interministérielle de l'effet de serre</relationEntry>
            <dateRange>
               <fromDate standardDate="1992-01-01">1992</fromDate>
               <toDate standardDate="2008-12-31">2008</toDate>
            </dateRange>
         </cpfRelation>
         <cpfRelation xmlns:xlink="http://www.w3.org/1999/xlink"
                      cpfRelationType="hierarchical-child"
                      xlink:href="FRAN_NP_000335"
                      xlink:type="simple">
            <relationEntry>Mission interministérielle de la mer</relationEntry>
            <dateRange>
               <fromDate standardDate="1978-01-01">1978</fromDate>
               <toDate standardDate="1995-12-31">1995</toDate>
            </dateRange>
         </cpfRelation>
         <cpfRelation xmlns:xlink="http://www.w3.org/1999/xlink"
                      cpfRelationType="hierarchical-child"
                      xlink:href="FRAN_NP_000336"
                      xlink:type="simple">
            <relationEntry>Observatoire juridique des technologies de l'information</relationEntry>
            <dateRange>
               <fromDate standardDate="1988-01-01">1988</fromDate>
               <toDate standardDate="1996-12-31">1996</toDate>
            </dateRange>
         </cpfRelation>
         <cpfRelation xmlns:xlink="http://www.w3.org/1999/xlink"
                      cpfRelationType="hierarchical-child"
                      xlink:href="FRAN_NP_000337"
                      xlink:type="simple">
            <relationEntry>Comité d'organisation des recherches appliquées sur le développement économique et social</relationEntry>
            <dateRange>
               <fromDate standardDate="1969-01-01">1969</fromDate>
               <toDate standardDate="1980-12-31">1980</toDate>
            </dateRange>
         </cpfRelation>
         <cpfRelation xmlns:xlink="http://www.w3.org/1999/xlink"
                      cpfRelationType="hierarchical-child"
                      xlink:href="FRAN_NP_000338"
                      xlink:type="simple">
            <relationEntry>Secrétariat général de la présidence française de l'Union européenne</relationEntry>
            <dateRange>
               <fromDate standardDate="2007-01-01">2007</fromDate>
               <toDate standardDate="2008-12-31">2008</toDate>
            </dateRange>
         </cpfRelation>
         <cpfRelation xmlns:xlink="http://www.w3.org/1999/xlink"
                      cpfRelationType="hierarchical-child"
                      xlink:href="FRAN_NP_000339"
                      xlink:type="simple">
            <relationEntry>Mission sur les responsabilités et l'organisation de l'État</relationEntry>
            <dateRange>
               <fromDate standardDate="1993-01-01">1993</fromDate>
               <toDate standardDate="1994-12-31">1994</toDate>
            </dateRange>
         </cpfRelation>
         <cpfRelation xmlns:xlink="http://www.w3.org/1999/xlink"
                      cpfRelationType="hierarchical-child"
                      xlink:href="FRAN_NP_000340"
                      xlink:type="simple">
            <relationEntry>Collège de la prévention des risques technologiques</relationEntry>
            <dateRange>
               <fromDate standardDate="1989-01-01">1989</fromDate>
               <toDate standardDate="1996-12-31">1996</toDate>
            </dateRange>
         </cpfRelation>
         <cpfRelation xmlns:xlink="http://www.w3.org/1999/xlink"
                      cpfRelationType="hierarchical-child"
                      xlink:href="FRAN_NP_000342"
                      xlink:type="simple">
            <relationEntry>Organismes rattachés directement (Premier ministre)</relationEntry>
            <dateRange>
               <fromDate standardDate="1959-01-08">8 janvier 1959</fromDate>
            </dateRange>
         </cpfRelation>
         <cpfRelation xmlns:xlink="http://www.w3.org/1999/xlink"
                      cpfRelationType="hierarchical-child"
                      xlink:href="FRAN_NP_000348"
                      xlink:type="simple">
            <relationEntry>Commissaire du Gouvernement auprès de la Commission nationale de l'informatique et des libertés</relationEntry>
            <dateRange>
               <fromDate standardDate="1978-01-01">1978</fromDate>
            </dateRange>
         </cpfRelation>
         <cpfRelation xmlns:xlink="http://www.w3.org/1999/xlink"
                      cpfRelationType="hierarchical-child"
                      xlink:href="FRAN_NP_000349"
                      xlink:type="simple">
            <relationEntry>Carrefour international de la communication</relationEntry>
            <dateRange>
               <fromDate standardDate="1984-01-01">1984</fromDate>
               <toDate standardDate="1986-12-31">1986</toDate>
            </dateRange>
         </cpfRelation>
         <cpfRelation xmlns:xlink="http://www.w3.org/1999/xlink"
                      cpfRelationType="hierarchical-child"
                      xlink:href="FRAN_NP_000352"
                      xlink:type="simple">
            <relationEntry>Centre mondial Informatique et ressource humaine</relationEntry>
            <dateRange>
               <fromDate standardDate="1985-01-01">1985</fromDate>
               <toDate standardDate="1987-12-31">1987</toDate>
            </dateRange>
         </cpfRelation>
         <cpfRelation xmlns:xlink="http://www.w3.org/1999/xlink"
                      cpfRelationType="hierarchical-child"
                      xlink:href="FRAN_NP_000353"
                      xlink:type="simple">
            <relationEntry>Institut national des hautes études de la sécurité et de la justice</relationEntry>
            <dateRange>
               <fromDate standardDate="2010-01-01">2010</fromDate>
            </dateRange>
         </cpfRelation>
         <cpfRelation xmlns:xlink="http://www.w3.org/1999/xlink"
                      cpfRelationType="hierarchical-child"
                      xlink:href="FRAN_NP_000359"
                      xlink:type="simple">
            <relationEntry>Conseil supérieur du cheval</relationEntry>
            <dateRange>
               <fromDate standardDate="1990-01-01">1990</fromDate>
               <toDate standardDate="1996-12-31">1996</toDate>
            </dateRange>
         </cpfRelation>
         <cpfRelation xmlns:xlink="http://www.w3.org/1999/xlink"
                      cpfRelationType="hierarchical-child"
                      xlink:href="FRAN_NP_000360"
                      xlink:type="simple">
            <relationEntry>Commissaire général à l'Exposition internationale de 2004</relationEntry>
            <dateRange>
               <fromDate standardDate="2001-01-01">2001</fromDate>
               <toDate standardDate="2002-12-31">2002</toDate>
            </dateRange>
         </cpfRelation>
         <cpfRelation xmlns:xlink="http://www.w3.org/1999/xlink"
                      cpfRelationType="hierarchical-child"
                      xlink:href="FRAN_NP_000361"
                      xlink:type="simple">
            <relationEntry>Commission nationale d'évaluation relative au revenu minimum d'insertion</relationEntry>
            <dateRange>
               <fromDate standardDate="1989-01-01">1989</fromDate>
               <toDate standardDate="1992-12-31">1992</toDate>
            </dateRange>
         </cpfRelation>
         <cpfRelation xmlns:xlink="http://www.w3.org/1999/xlink"
                      cpfRelationType="hierarchical-child"
                      xlink:href="FRAN_NP_000365"
                      xlink:type="simple">
            <relationEntry>Comité interministériel pour l'information</relationEntry>
            <dateRange>
               <fromDate standardDate="1968-01-01">1968</fromDate>
               <toDate standardDate="1976-12-31">1976</toDate>
            </dateRange>
         </cpfRelation>
         <cpfRelation xmlns:xlink="http://www.w3.org/1999/xlink"
                      cpfRelationType="hierarchical-child"
                      xlink:href="FRAN_NP_000366"
                      xlink:type="simple">
            <relationEntry>Délégation générale à l'information</relationEntry>
            <dateRange>
               <fromDate standardDate="1974-01-01">1974</fromDate>
               <toDate standardDate="1976-12-31">1976</toDate>
            </dateRange>
         </cpfRelation>
         <cpfRelation xmlns:xlink="http://www.w3.org/1999/xlink"
                      cpfRelationType="hierarchical-child"
                      xlink:href="FRAN_NP_000367"
                      xlink:type="simple">
            <relationEntry>Service d'information du Gouvernement</relationEntry>
            <dateRange>
               <fromDate standardDate="2000-01-01">2000</fromDate>
            </dateRange>
         </cpfRelation>
         <cpfRelation xmlns:xlink="http://www.w3.org/1999/xlink"
                      cpfRelationType="hierarchical-child"
                      xlink:href="FRAN_NP_000369"
                      xlink:type="simple">
            <relationEntry>Direction du développement des médias</relationEntry>
            <dateRange>
               <fromDate standardDate="2000-01-01">2000</fromDate>
               <toDate standardDate="2010-12-31">2010</toDate>
            </dateRange>
         </cpfRelation>
         <cpfRelation xmlns:xlink="http://www.w3.org/1999/xlink"
                      cpfRelationType="hierarchical-child"
                      xlink:href="FRAN_NP_000377"
                      xlink:type="simple">
            <relationEntry>Mission interministérielle aux rapatriés</relationEntry>
            <dateRange>
               <fromDate standardDate="2002-01-01">2002</fromDate>
            </dateRange>
         </cpfRelation>
         <cpfRelation xmlns:xlink="http://www.w3.org/1999/xlink"
                      cpfRelationType="hierarchical-child"
                      xlink:href="FRAN_NP_000385"
                      xlink:type="simple">
            <relationEntry>Haut Conseil à l'intégration</relationEntry>
            <dateRange>
               <fromDate standardDate="1989-01-01">1989</fromDate>
            </dateRange>
         </cpfRelation>
         <cpfRelation xmlns:xlink="http://www.w3.org/1999/xlink"
                      cpfRelationType="hierarchical-child"
                      xlink:href="FRAN_NP_005999"
                      xlink:type="simple">
            <relationEntry>Haut Comité de l'environnement</relationEntry>
            <dateRange>
               <fromDate standardDate="1970-01-01">1970</fromDate>
               <toDate standardDate="1993-12-31">1993</toDate>
            </dateRange>
         </cpfRelation>
         <cpfRelation xmlns:xlink="http://www.w3.org/1999/xlink"
                      cpfRelationType="hierarchical-child"
                      xlink:href="FRAN_NP_009827"
                      xlink:type="simple">
            <relationEntry>Délégué interministériel aux Archives de France</relationEntry>
            <dateRange>
               <fromDate standardDate="2012-01-01">2012</fromDate>
            </dateRange>
         </cpfRelation>
         <cpfRelation xmlns:xlink="http://www.w3.org/1999/xlink"
                      cpfRelationType="hierarchical-child"
                      xlink:href="FRAN_NP_009887"
                      xlink:type="simple">
            <relationEntry>Mission pour l'adoption</relationEntry>
            <dateRange>
               <fromDate standardDate="2007-10-04">4 octobre 2007</fromDate>
               <toDate standardDate="2008-03-20">20 mars 2008</toDate>
            </dateRange>
         </cpfRelation>
         <cpfRelation xmlns:xlink="http://www.w3.org/1999/xlink"
                      cpfRelationType="hierarchical-child"
                      xlink:href="FRAN_NP_009895"
                      xlink:type="simple">
            <relationEntry>Mission d'étude sur la spoliation des biens des Juifs de France</relationEntry>
            <dateRange>
               <fromDate standardDate="1997-01-01">1997</fromDate>
               <toDate standardDate="2000-12-31">2000</toDate>
            </dateRange>
         </cpfRelation>
         <cpfRelation xmlns:xlink="http://www.w3.org/1999/xlink"
                      cpfRelationType="hierarchical-child"
                      xlink:href="FRAN_NP_009896"
                      xlink:type="simple">
            <relationEntry>Comité d'histoire de la Deuxième Guerre mondiale</relationEntry>
            <dateRange>
               <fromDate standardDate="1959-01-08">8 janvier 1959</fromDate>
               <toDate standardDate="1980-12-31">1980</toDate>
            </dateRange>
         </cpfRelation>
         <cpfRelation xmlns:xlink="http://www.w3.org/1999/xlink"
                      cpfRelationType="temporal-earlier"
                      xlink:href="FRAN_NP_000374"
                      xlink:type="simple">
            <relationEntry>Président du Conseil des ministres</relationEntry>
            <dateRange>
               <fromDate standardDate="1959-01-08">8 janvier 1959</fromDate>
            </dateRange>
         </cpfRelation>
      </relations>
   </cpfDescription>
</eac-cpf>
