<eac-cpf xmlns="urn:isbn:1-931666-33-4"
         xmlns:xsi="http://www.w3.org/2001/XMLSchema-instance"
         xsi:schemaLocation="urn:isbn:1-931666-33-4 cpf.xsd">
   <control>
      <recordId>FRAN_NP_000259</recordId>
      <otherRecordId localType="Ancien_identifiant">1210/PJUIN</otherRecordId>
      <maintenanceStatus>derived</maintenanceStatus>
      <maintenanceAgency>
         <agencyName>Archives nationales de France</agencyName>
      </maintenanceAgency>
      <languageDeclaration>
         <language languageCode="fre">Français</language>
         <script scriptCode="Latn"/>
      </languageDeclaration>
      <conventionDeclaration>
         <citation>Notice établie conformément à la norme ICA-ISAAR (CPF) 2004, aux normes ISO 8601 pour le système de normalisation des dates utilisé, ainsi que AFNOR NF Z 44-061, juin 1986. Catalogage : forme et structure des vedettes noms de personne, des vedettes titres, des rubriques de classement et des titres forgés.</citation>
      </conventionDeclaration>
      <localControl localType="niveau_de_detail">
         <term>Moyenne</term>
      </localControl>
      <maintenanceHistory>
         <maintenanceEvent>
            <eventType>derived</eventType>
            <eventDateTime>2013-04-23</eventDateTime>
            <agentType>machine</agentType>
            <agent>Import_SIA</agent>
         </maintenanceEvent>
      </maintenanceHistory>
   </control>
   <cpfDescription>
      <identity>
         <entityType>corporateBody</entityType>
         <nameEntry scriptCode="Latn" localType="autorisée" xml:lang="fre">
            <part>Fonds d'aide à l'expansion de la presse française à l'étranger</part>
         </nameEntry>
         <nameEntry>
            <part>Fonds culturel</part>
            <useDates>
               <dateRange>
                  <fromDate standardDate="1957-01-01">1957</fromDate>
                  <toDate standardDate="1976-12-31">1976</toDate>
               </dateRange>
            </useDates>
         </nameEntry>
      </identity>
      <description>
         <existDates>
            <dateRange>
               <fromDate standardDate="1957-01-01">1957</fromDate>
               <toDate standardDate="1982-12-31">1982</toDate>
            </dateRange>
         </existDates>
         <legalStatuses>
            <legalStatus>
               <term vocabularySource="d5blonaxbw--1mt8t42bokzts">service d'administration centrale</term>
            </legalStatus>
         </legalStatuses>
      </description>
      <relations>
         <cpfRelation xmlns:xlink="http://www.w3.org/1999/xlink"
                      cpfRelationType="hierarchical-parent"
                      xlink:href="FRAN_NP_000263"
                      xlink:type="simple">
            <relationEntry>Service juridique et technique de l'information</relationEntry>
            <dateRange>
               <fromDate standardDate="1957-01-01">1957</fromDate>
               <toDate standardDate="1982-12-31">1982</toDate>
            </dateRange>
         </cpfRelation>
         <resourceRelation xmlns:xlink="http://www.w3.org/1999/xlink"
                           resourceRelationType="subjectOf"
                           xlink:href="FRAN_IR_012479"
                           xlink:type="simple">
            <relationEntry localType="archival">Premier ministre ; Service juridique et technique de l'information ; Sous-direction de la presse écrite ; Presse Internationale (1957-1976)</relationEntry>
         </resourceRelation>
         <resourceRelation xmlns:xlink="http://www.w3.org/1999/xlink"
                           resourceRelationType="subjectOf"
                           xlink:href="FRAN_IR_007255"
                           xlink:type="simple">
            <relationEntry localType="archival">Premier ministre ; Service juridique et technique de l'information ; Sous-direction de la presse écrite ; presse internationale (1957-1982)</relationEntry>
         </resourceRelation>
         <resourceRelation xmlns:xlink="http://www.w3.org/1999/xlink"
                           resourceRelationType="subjectOf"
                           xlink:href="FRAN_IR_006599"
                           xlink:type="simple">
            <relationEntry localType="archival">Premier ministre ; Service juridique et technique de l'information ; Sous-direction de la presse écrite ; presse internationale (1956-1974)</relationEntry>
         </resourceRelation>
         <resourceRelation xmlns:xlink="http://www.w3.org/1999/xlink"
                           resourceRelationType="subjectOf"
                           xlink:href="FRAN_IR_020646"
                           xlink:type="simple">
            <relationEntry localType="archival">Premier ministre ; Service juridique et technique de l'information ; Sous-direction de la presse écrite ; presse internationale (1979-1981)</relationEntry>
         </resourceRelation>
      </relations>
   </cpfDescription>
</eac-cpf>
