<eac-cpf xmlns="urn:isbn:1-931666-33-4"
         xmlns:xsi="http://www.w3.org/2001/XMLSchema-instance"
         xsi:schemaLocation="urn:isbn:1-931666-33-4 cpf.xsd">
   <control>
      <recordId>FRAN_NP_000463</recordId>
      <otherRecordId localType="Ancien_identifiant">2103/D</otherRecordId>
      <maintenanceStatus>derived</maintenanceStatus>
      <maintenanceAgency>
         <agencyName>Archives nationales de France</agencyName>
      </maintenanceAgency>
      <languageDeclaration>
         <language languageCode="fre">Français</language>
         <script scriptCode="Latn"/>
      </languageDeclaration>
      <conventionDeclaration>
         <citation>Notice établie conformément à la norme ICA-ISAAR (CPF) 2004, aux normes ISO 8601 pour le système de normalisation des dates utilisé, ainsi que AFNOR NF Z 44-061, juin 1986. Catalogage : forme et structure des vedettes noms de personne, des vedettes titres, des rubriques de classement et des titres forgés.</citation>
      </conventionDeclaration>
      <localControl localType="niveau_de_detail">
         <term>Moyenne</term>
      </localControl>
      <maintenanceHistory>
         <maintenanceEvent>
            <eventType>derived</eventType>
            <eventDateTime>2013-04-23</eventDateTime>
            <agentType>machine</agentType>
            <agent>Import_SIA</agent>
         </maintenanceEvent>
      </maintenanceHistory>
   </control>
   <cpfDescription>
      <identity>
         <entityType>corporateBody</entityType>
         <nameEntry scriptCode="Latn" localType="autorisée" xml:lang="fre">
            <part>Sous-direction du droit économique (direction des affaires civiles et du sceau)</part>
         </nameEntry>
         <nameEntry>
            <part>Sous-direction du droit commercial, du droit immobilier et de l'entraide judiciaire civile</part>
            <useDates>
               <dateRange>
                  <fromDate standardDate="1996-01-01">1996</fromDate>
                  <toDate standardDate="2003-12-31">2003</toDate>
               </dateRange>
            </useDates>
         </nameEntry>
         <nameEntry>
            <part>Sous-direction du droit commercial et du droit immobilier</part>
            <useDates>
               <dateRange>
                  <fromDate standardDate="1994-01-01">1994</fromDate>
                  <toDate standardDate="1996-12-31">1996</toDate>
               </dateRange>
            </useDates>
         </nameEntry>
      </identity>
      <description>
         <existDates>
            <dateRange>
               <fromDate standardDate="1994-01-01">1994</fromDate>
            </dateRange>
         </existDates>
         <legalStatuses>
            <legalStatus>
               <term vocabularySource="d5blonaxbw--1mt8t42bokzts">service d'administration centrale</term>
            </legalStatus>
         </legalStatuses>
      </description>
      <relations>
         <cpfRelation xmlns:xlink="http://www.w3.org/1999/xlink"
                      cpfRelationType="hierarchical-parent"
                      xlink:href="FRAN_NP_000468"
                      xlink:type="simple">
            <relationEntry>Direction des affaires civiles et du sceau</relationEntry>
            <dateRange>
               <fromDate standardDate="1994-01-01">1994</fromDate>
               <toDate/>
            </dateRange>
         </cpfRelation>
         <cpfRelation xmlns:xlink="http://www.w3.org/1999/xlink"
                      cpfRelationType="hierarchical-child"
                      xlink:href="FRAN_NP_000460"
                      xlink:type="simple">
            <relationEntry>Bureau du droit immobilier et du droit de l'environnement (direction des affaires civiles et du sceau)</relationEntry>
            <dateRange>
               <fromDate standardDate="2003-01-01">2003</fromDate>
            </dateRange>
         </cpfRelation>
         <cpfRelation xmlns:xlink="http://www.w3.org/1999/xlink"
                      cpfRelationType="hierarchical-child"
                      xlink:href="FRAN_NP_000441"
                      xlink:type="simple">
            <relationEntry>Bureau du droit immobilier (direction des affaires civiles et du sceau)</relationEntry>
            <dateRange>
               <fromDate standardDate="1994-01-01">1994</fromDate>
               <toDate standardDate="2003-12-31">2003</toDate>
            </dateRange>
         </cpfRelation>
         <cpfRelation xmlns:xlink="http://www.w3.org/1999/xlink"
                      cpfRelationType="hierarchical-child"
                      xlink:href="FRAN_NP_000457"
                      xlink:type="simple">
            <relationEntry>Bureau du droit commercial (direction des affaires civiles et du sceau)</relationEntry>
            <dateRange>
               <fromDate standardDate="1994-01-01">1994</fromDate>
            </dateRange>
         </cpfRelation>
         <cpfRelation xmlns:xlink="http://www.w3.org/1999/xlink"
                      cpfRelationType="hierarchical-child"
                      xlink:href="FRAN_NP_000459"
                      xlink:type="simple">
            <relationEntry>Bureau de l'entraide civile et commerciale internationale (direction des affaires civiles et du sceau)</relationEntry>
            <dateRange>
               <fromDate standardDate="1996-01-01">1996</fromDate>
            </dateRange>
         </cpfRelation>
         <cpfRelation xmlns:xlink="http://www.w3.org/1999/xlink"
                      cpfRelationType="hierarchical-child"
                      xlink:href="FRAN_NP_000461"
                      xlink:type="simple">
            <relationEntry>Bureau du droit de l'économie des entreprises (direction des affaires civiles et du sceau)</relationEntry>
            <dateRange>
               <fromDate standardDate="2003-01-01">2003</fromDate>
            </dateRange>
         </cpfRelation>
         <cpfRelation xmlns:xlink="http://www.w3.org/1999/xlink"
                      cpfRelationType="hierarchical-child"
                      xlink:href="FRAN_NP_000462"
                      xlink:type="simple">
            <relationEntry>Mission d'aide à la médiation internationale pour les familles (direction des affaires civiles et du sceau) (2004-2007)</relationEntry>
            <dateRange>
               <fromDate standardDate="2004-01-01">2004</fromDate>
               <toDate standardDate="2007-12-31">2007</toDate>
            </dateRange>
         </cpfRelation>
         <cpfRelation xmlns:xlink="http://www.w3.org/1999/xlink"
                      cpfRelationType="temporal-earlier"
                      xlink:href="FRAN_NP_000771"
                      xlink:type="simple">
            <relationEntry>Sous-direction du droit international et commercial, de la nationalité et du sceau (direction des affaires civiles et du sceau)</relationEntry>
            <dateRange>
               <fromDate standardDate="1994-01-01">1994</fromDate>
            </dateRange>
         </cpfRelation>
         <resourceRelation xmlns:xlink="http://www.w3.org/1999/xlink"
                           resourceRelationType="subjectOf"
                           xlink:href="FRAN_IR_009873"
                           xlink:type="simple">
            <relationEntry localType="archival">Justice ; Direction des affaires civiles et du sceau ; Sous-direction du droit international et commercial et de la nationalité ; Sous-direction du droit commercial et du droit immobilier - Sous-direction du droit commercial, du droit immobilier et de l'entraide judiciaire civile - Sous-direction du droit économique (1996-1997)</relationEntry>
         </resourceRelation>
         <resourceRelation xmlns:xlink="http://www.w3.org/1999/xlink"
                           resourceRelationType="subjectOf"
                           xlink:href="FRAN_IR_013423"
                           xlink:type="simple">
            <relationEntry localType="archival">Justice ; Direction des affaires civiles et du sceau ; Sous-direction du droit international et commercial et de la nationalité - Sous-direction du droit commercial et du droit immobilier - Sous-direction du droit commercial, du droit immobilier et de l'entraide judiciaire civile - Sous-direction du droit économique (1992-1997)</relationEntry>
         </resourceRelation>
      </relations>
   </cpfDescription>
</eac-cpf>
