<eac-cpf xmlns="urn:isbn:1-931666-33-4"
         xmlns:xsi="http://www.w3.org/2001/XMLSchema-instance"
         xsi:schemaLocation="urn:isbn:1-931666-33-4 cpf.xsd">
   <control>
      <recordId>FRAN_NP_000092</recordId>
      <otherRecordId localType="Ancien_identifiant">1402</otherRecordId>
      <maintenanceStatus>derived</maintenanceStatus>
      <maintenanceAgency>
         <agencyName>Archives nationales de France</agencyName>
      </maintenanceAgency>
      <languageDeclaration>
         <language languageCode="fre">Français</language>
         <script scriptCode="Latn"/>
      </languageDeclaration>
      <conventionDeclaration>
         <citation>Notice établie conformément à la norme ICA-ISAAR (CPF) 2004, aux normes ISO 8601 pour le système de normalisation des dates utilisé, ainsi que AFNOR NF Z 44-061, juin 1986. Catalogage : forme et structure des vedettes noms de personne, des vedettes titres, des rubriques de classement et des titres forgés.</citation>
      </conventionDeclaration>
      <localControl localType="niveau_de_detail">
         <term>Élémentaire</term>
      </localControl>
      <maintenanceHistory>
         <maintenanceEvent>
            <eventType>derived</eventType>
            <eventDateTime>2013-04-23</eventDateTime>
            <agentType>machine</agentType>
            <agent>Import_SIA</agent>
         </maintenanceEvent>
      </maintenanceHistory>
   </control>
   <cpfDescription>
      <identity>
         <entityType>corporateBody</entityType>
         <nameEntry localType="autorisée" scriptCode="Latn" xml:lang="fre">
            <part>Cour de cassation</part>
         </nameEntry>
         <nameEntry>
            <part>Tribunal de cassation</part>
            <useDates>
               <dateRange>
                  <fromDate standardDate="1790-01-01">1790</fromDate>
                  <toDate standardDate="1804-12-31">1804</toDate>
               </dateRange>
            </useDates>
         </nameEntry>
      </identity>
      <description>
         <existDates>
            <dateRange>
               <fromDate standardDate="1790-01-01">1790</fromDate>
            </dateRange>
         </existDates>
         <legalStatuses>
            <legalStatus>
               <term vocabularySource="d5bloo2lv1--65p8cc56ah9l">juridiction</term>
            </legalStatus>
         </legalStatuses>
      </description>
      <relations>
         <cpfRelation xmlns:xlink="http://www.w3.org/1999/xlink"
                      cpfRelationType="associative"
                      xlink:href="FRAN_NP_000081"
                      xlink:type="simple">
            <relationEntry>Cours d'appel d'Algérie et d'Afrique</relationEntry>
            <dateRange>
               <fromDate standardDate="1962-01-01">1962</fromDate>
               <toDate standardDate="1972-12-31">1972</toDate>
            </dateRange>
         </cpfRelation>
         <cpfRelation xmlns:xlink="http://www.w3.org/1999/xlink"
                      cpfRelationType="hierarchical-child"
                      xlink:href="FRAN_NP_000082"
                      xlink:type="simple">
            <relationEntry>Cour de cassation, service de l'aide judiciaire</relationEntry>
            <dateRange>
               <fromDate standardDate="1976-01-01">1976</fromDate>
            </dateRange>
         </cpfRelation>
         <cpfRelation xmlns:xlink="http://www.w3.org/1999/xlink"
                      cpfRelationType="associative"
                      xlink:href="FRAN_NP_000083"
                      xlink:type="simple">
            <relationEntry>Commission nationale d'indemnisation des détentions provisoires</relationEntry>
            <dateRange>
               <fromDate standardDate="1971-01-01">1971</fromDate>
               <toDate standardDate="2000-12-31">2000</toDate>
            </dateRange>
         </cpfRelation>
         <cpfRelation xmlns:xlink="http://www.w3.org/1999/xlink"
                      cpfRelationType="hierarchical-child"
                      xlink:href="FRAN_NP_000084"
                      xlink:type="simple">
            <relationEntry>Cour de cassation, chambre des requêtes</relationEntry>
            <dateRange>
               <fromDate standardDate="1804-01-01">1804</fromDate>
               <toDate standardDate="1947-12-31">1947</toDate>
            </dateRange>
         </cpfRelation>
         <cpfRelation xmlns:xlink="http://www.w3.org/1999/xlink"
                      cpfRelationType="hierarchical-child"
                      xlink:href="FRAN_NP_000085"
                      xlink:type="simple">
            <relationEntry>Cour de cassation, greffe civil</relationEntry>
            <dateRange>
               <fromDate standardDate="1790-01-01">1790</fromDate>
            </dateRange>
         </cpfRelation>
         <cpfRelation xmlns:xlink="http://www.w3.org/1999/xlink"
                      cpfRelationType="hierarchical-child"
                      xlink:href="FRAN_NP_000091"
                      xlink:type="simple">
            <relationEntry>Cour de cassation, première présidence</relationEntry>
            <dateRange>
               <fromDate standardDate="1804-01-01">1804</fromDate>
            </dateRange>
         </cpfRelation>
         <cpfRelation xmlns:xlink="http://www.w3.org/1999/xlink"
                      cpfRelationType="associative"
                      xlink:href="FRAN_NP_000078"
                      xlink:type="simple">
            <relationEntry>Tribunal des conflits</relationEntry>
            <dateRange>
               <fromDate standardDate="1872-01-01">1872</fromDate>
            </dateRange>
         </cpfRelation>
         <cpfRelation xmlns:xlink="http://www.w3.org/1999/xlink"
                      cpfRelationType="associative"
                      xlink:href="FRAN_NP_051001"
                      xlink:type="simple">
            <relationEntry>Baudouin, Manuel (1846-1917)</relationEntry>
            <dateRange>
               <fromDate standardDate="1890-01-01">1890</fromDate>
               <toDate standardDate="1917-01-23">23 janvier 1917</toDate>
            </dateRange>
            <descriptiveNote>
               <p>
     M. Baudouin, magistrat à la Cour de cassation, et premier président à partir de 1911.
    </p>
            </descriptiveNote>
         </cpfRelation>
         <cpfRelation xmlns:xlink="http://www.w3.org/1999/xlink"
                      cpfRelationType="hierarchical-child"
                      xlink:href="FRAN_NP_000090"
                      xlink:type="simple">
            <relationEntry>Cour de cassation, parquet général</relationEntry>
            <dateRange>
               <fromDate standardDate="1804-01-01">1804</fromDate>
            </dateRange>
         </cpfRelation>
         <cpfRelation xmlns:xlink="http://www.w3.org/1999/xlink"
                      cpfRelationType="hierarchical-child"
                      xlink:href="FRAN_NP_000086"
                      xlink:type="simple">
            <relationEntry>Cour de cassation, service des affaires civiles</relationEntry>
            <dateRange>
               <fromDate standardDate="1976-01-01">1976</fromDate>
            </dateRange>
         </cpfRelation>
         <cpfRelation xmlns:xlink="http://www.w3.org/1999/xlink"
                      cpfRelationType="associative"
                      xlink:href="FRAN_NP_000087"
                      xlink:type="simple">
            <relationEntry>Commission nationale de réparation des détentions</relationEntry>
            <dateRange>
               <fromDate standardDate="2001-01-01">2001</fromDate>
            </dateRange>
         </cpfRelation>
         <cpfRelation xmlns:xlink="http://www.w3.org/1999/xlink"
                      cpfRelationType="hierarchical-child"
                      xlink:href="FRAN_NP_000088"
                      xlink:type="simple">
            <relationEntry>Cour de cassation, greffe criminel</relationEntry>
            <dateRange>
               <fromDate standardDate="1790-01-01">1790</fromDate>
            </dateRange>
         </cpfRelation>
         <cpfRelation xmlns:xlink="http://www.w3.org/1999/xlink"
                      cpfRelationType="associative"
                      xlink:href="FRAN_NP_000089"
                      xlink:type="simple">
            <relationEntry>Juridiction nationale de la libération conditionnelle</relationEntry>
            <dateRange>
               <fromDate standardDate="2001-01-01">2001</fromDate>
               <toDate standardDate="2004-12-31">2004</toDate>
            </dateRange>
         </cpfRelation>
         <cpfRelation xmlns:xlink="http://www.w3.org/1999/xlink"
                      cpfRelationType="hierarchical-child"
                      xlink:href="FRAN_NP_000107"
                      xlink:type="simple">
            <relationEntry>Cour de cassation, chambre sociale</relationEntry>
            <dateRange>
               <fromDate standardDate="1938-01-01">1938</fromDate>
            </dateRange>
         </cpfRelation>
         <cpfRelation xmlns:xlink="http://www.w3.org/1999/xlink"
                      cpfRelationType="hierarchical-child"
                      xlink:href="FRAN_NP_000108"
                      xlink:type="simple">
            <relationEntry>Cour de cassation, greffe civil II</relationEntry>
            <dateRange>
               <fromDate standardDate="1790-01-01">1790</fromDate>
            </dateRange>
         </cpfRelation>
         <resourceRelation xmlns:xlink="http://www.w3.org/1999/xlink"
                           resourceRelationType="subjectOf"
                           xlink:href="FRAN_IR_010800"
                           xlink:type="simple">
            <relationEntry localType="archival">Grands corps de l'Etat ; Cour de cassation (1962-1986)</relationEntry>
         </resourceRelation>
         <resourceRelation xmlns:xlink="http://www.w3.org/1999/xlink"
                           resourceRelationType="subjectOf"
                           xlink:href="FRAN_IR_010799"
                           xlink:type="simple">
            <relationEntry localType="archival">Grands corps de l'Etat ; Cour de cassation (1967-1983)</relationEntry>
         </resourceRelation>
         <resourceRelation xmlns:xlink="http://www.w3.org/1999/xlink"
                           resourceRelationType="subjectOf"
                           xlink:href="FRAN_IR_016361"
                           xlink:type="simple">
            <relationEntry localType="archival">Grands corps de l'Etat ; Cour de cassation (1984-1999)</relationEntry>
         </resourceRelation>
         <resourceRelation xmlns:xlink="http://www.w3.org/1999/xlink"
                           resourceRelationType="subjectOf"
                           xlink:href="FRAN_IR_009754"
                           xlink:type="simple">
            <relationEntry localType="archival">Grands corps de l'Etat ; Cour de cassation (1791-1959)</relationEntry>
         </resourceRelation>
         <resourceRelation xmlns:xlink="http://www.w3.org/1999/xlink"
                           resourceRelationType="subjectOf"
                           xlink:href="FRAN_IR_010593"
                           xlink:type="simple">
            <relationEntry localType="archival">Grands corps de l'Etat ; Cour de cassation (1899-1899)</relationEntry>
         </resourceRelation>
         <resourceRelation xmlns:xlink="http://www.w3.org/1999/xlink"
                           resourceRelationType="subjectOf"
                           xlink:href="FRAN_IR_010802"
                           xlink:type="simple">
            <relationEntry localType="archival">Grands corps de l'Etat ; Cour de cassation (1957-1986)</relationEntry>
         </resourceRelation>
         <resourceRelation xmlns:xlink="http://www.w3.org/1999/xlink"
                           resourceRelationType="subjectOf"
                           xlink:href="FRAN_IR_011872"
                           xlink:type="simple">
            <relationEntry localType="archival">Grands corps de l'Etat ; Cour de cassation (1961-1964)</relationEntry>
         </resourceRelation>
         <resourceRelation xmlns:xlink="http://www.w3.org/1999/xlink"
                           resourceRelationType="subjectOf"
                           xlink:href="FRAN_IR_011873"
                           xlink:type="simple">
            <relationEntry localType="archival">Grands corps de l'Etat ; Cour de cassation (1964-1967)</relationEntry>
         </resourceRelation>
         <resourceRelation xmlns:xlink="http://www.w3.org/1999/xlink"
                           resourceRelationType="subjectOf"
                           xlink:href="FRAN_IR_015873"
                           xlink:type="simple">
            <relationEntry localType="archival">Grands corps de l'Etat ; Cour de cassation (1791-1911)</relationEntry>
         </resourceRelation>
         <resourceRelation xmlns:xlink="http://www.w3.org/1999/xlink"
                           resourceRelationType="subjectOf"
                           xlink:href="FRAN_IR_015929"
                           xlink:type="simple">
            <relationEntry localType="archival">Grands corps de l'Etat ; Cour de cassation (1956-1958)</relationEntry>
         </resourceRelation>
         <resourceRelation xmlns:xlink="http://www.w3.org/1999/xlink"
                           resourceRelationType="subjectOf"
                           xlink:href="FRAN_IR_015931"
                           xlink:type="simple">
            <relationEntry localType="archival">Grands corps de l'Etat ; Cour de cassation (1936-1957)</relationEntry>
         </resourceRelation>
         <resourceRelation xmlns:xlink="http://www.w3.org/1999/xlink"
                           resourceRelationType="subjectOf"
                           xlink:href="FRAN_IR_016029"
                           xlink:type="simple">
            <relationEntry localType="archival">Grands corps de l'Etat ; Cour de cassation (1901-1944)</relationEntry>
         </resourceRelation>
         <resourceRelation xmlns:xlink="http://www.w3.org/1999/xlink"
                           resourceRelationType="subjectOf"
                           xlink:href="FRAN_IR_016031"
                           xlink:type="simple">
            <relationEntry localType="archival">Grands corps de l'Etat ; Cour de cassation (1943-1943)</relationEntry>
         </resourceRelation>
         <resourceRelation xmlns:xlink="http://www.w3.org/1999/xlink"
                           resourceRelationType="subjectOf"
                           xlink:href="FRAN_IR_016032"
                           xlink:type="simple">
            <relationEntry localType="archival">Grands corps de l'Etat ; Cour de cassation (1870-1871)</relationEntry>
         </resourceRelation>
         <resourceRelation xmlns:xlink="http://www.w3.org/1999/xlink"
                           resourceRelationType="subjectOf"
                           xlink:href="FRAN_IR_016073"
                           xlink:type="simple">
            <relationEntry localType="archival">Grands corps de l'Etat ; Cour de cassation (1953-1957)</relationEntry>
         </resourceRelation>
         <resourceRelation xmlns:xlink="http://www.w3.org/1999/xlink"
                           resourceRelationType="subjectOf"
                           xlink:href="FRAN_IR_019470"
                           xlink:type="simple">
            <relationEntry localType="archival">Grands corps de l'Etat ; Cour de cassation (1791-1897)</relationEntry>
         </resourceRelation>
         <resourceRelation xmlns:xlink="http://www.w3.org/1999/xlink"
                           resourceRelationType="subjectOf"
                           xlink:href="FRAN_IR_019472"
                           xlink:type="simple">
            <relationEntry localType="archival">Grands corps de l'Etat ; Cour de cassation (1880-1950)</relationEntry>
         </resourceRelation>
         <resourceRelation xmlns:xlink="http://www.w3.org/1999/xlink"
                           resourceRelationType="subjectOf"
                           xlink:href="FRAN_IR_021229"
                           xlink:type="simple">
            <relationEntry localType="archival">Grands corps de l'Etat ; Cour de cassation (1961-1967)</relationEntry>
         </resourceRelation>
         <resourceRelation xmlns:xlink="http://www.w3.org/1999/xlink"
                           resourceRelationType="subjectOf"
                           xlink:href="FRAN_IR_021999"
                           xlink:type="simple">
            <relationEntry localType="archival">Grands corps de l'Etat ; Cour de cassation (1824-1930)</relationEntry>
         </resourceRelation>
         <resourceRelation xmlns:xlink="http://www.w3.org/1999/xlink"
                           resourceRelationType="subjectOf"
                           xlink:href="FRAN_IR_026164"
                           xlink:type="simple">
            <relationEntry localType="archival">Grands corps de l'Etat ; Cour de cassation (2001-2001)</relationEntry>
         </resourceRelation>
         <resourceRelation xmlns:xlink="http://www.w3.org/1999/xlink"
                           resourceRelationType="subjectOf"
                           xlink:href="FRAN_IR_024002"
                           xlink:type="simple">
            <relationEntry localType="archival">Grands corps de l'Etat ; Cour de cassation (2002)</relationEntry>
         </resourceRelation>
         <resourceRelation xmlns:xlink="http://www.w3.org/1999/xlink"
                           resourceRelationType="subjectOf"
                           xlink:href="FRAN_IR_010801"
                           xlink:type="simple">
            <relationEntry localType="archival">Grands corps de l'Etat ; Cour de cassation (1952-1985)</relationEntry>
         </resourceRelation>
      </relations>
   </cpfDescription>
</eac-cpf>
