<eac-cpf xmlns="urn:isbn:1-931666-33-4"
         xmlns:xsi="http://www.w3.org/2001/XMLSchema-instance"
         xsi:schemaLocation="urn:isbn:1-931666-33-4 cpf.xsd">
   <control>
      <recordId>FRAN_NP_000047</recordId>
      <otherRecordId localType="Ancien_identifiant">1502</otherRecordId>
      <maintenanceStatus>derived</maintenanceStatus>
      <maintenanceAgency>
         <agencyName>Archives nationales de France</agencyName>
      </maintenanceAgency>
      <languageDeclaration>
         <language languageCode="fre">Français</language>
         <script scriptCode="Latn"/>
      </languageDeclaration>
      <conventionDeclaration>
         <citation>Notice établie conformément à la norme ICA-ISAAR (CPF) 2004, aux normes ISO 8601 pour le système de normalisation des dates utilisé, ainsi que AFNOR NF Z 44-061, juin 1986. Catalogage : forme et structure des vedettes noms de personne, des vedettes titres, des rubriques de classement et des titres forgés.</citation>
      </conventionDeclaration>
      <localControl localType="niveau_de_detail">
         <term>Élémentaire</term>
      </localControl>
      <maintenanceHistory>
         <maintenanceEvent>
            <eventType>derived</eventType>
            <eventDateTime>2013-04-23</eventDateTime>
            <agentType>machine</agentType>
            <agent>Import_SIA</agent>
         </maintenanceEvent>
      </maintenanceHistory>
   </control>
   <cpfDescription>
      <identity>
         <entityType>corporateBody</entityType>
         <nameEntry localType="autorisée" scriptCode="Latn" xml:lang="fre">
            <part>Médiateur de la République</part>
         </nameEntry>
         <nameEntry>
            <part>Médiateur</part>
            <useDates>
               <dateRange>
                  <fromDate standardDate="1973-01-01">1973</fromDate>
                  <toDate standardDate="1989-12-31">1989</toDate>
               </dateRange>
            </useDates>
         </nameEntry>
      </identity>
      <description>
         <existDates>
            <dateRange>
               <fromDate standardDate="1973-01-01">1973</fromDate>
               <toDate standardDate="2011-12-31">2011</toDate>
            </dateRange>
         </existDates>
         <legalStatuses>
            <legalStatus>
               <term vocabularySource="d5bloo28po-1bei6cefdzkj">autorité indépendante</term>
            </legalStatus>
         </legalStatuses>
      </description>
      <relations>
         <cpfRelation xmlns:xlink="http://www.w3.org/1999/xlink"
                      cpfRelationType="associative"
                      xlink:href="FRAN_NP_051499"
                      xlink:type="simple">
            <relationEntry>Vandendriessche, Annabelle (1985-....)</relationEntry>
            <dateRange>
               <fromDate standardDate="2006-01-01">2006</fromDate>
               <toDate standardDate="2008-12-31">2008</toDate>
            </dateRange>
            <descriptiveNote>
               <p>
     A. Vandendriessche, chargée de mission auprès du directeur des Affaires internationales du Médiateur de la République, puis chargée de mission auprès du directeur de cabinet du Médiateur
    </p>
            </descriptiveNote>
         </cpfRelation>
         <cpfRelation xmlns:xlink="http://www.w3.org/1999/xlink"
                      cpfRelationType="temporal-later"
                      xlink:href="FRAN_NP_009481"
                      xlink:type="simple">
            <relationEntry>Défenseur des droits</relationEntry>
            <dateRange>
               <fromDate standardDate="2011-01-01">2011</fromDate>
            </dateRange>
         </cpfRelation>
         <resourceRelation xmlns:xlink="http://www.w3.org/1999/xlink"
                           resourceRelationType="subjectOf"
                           xlink:href="FRAN_IR_007935"
                           xlink:type="simple">
            <relationEntry localType="archival">Autorités administratives indépendantes ; Médiateur de la République (1986-1987)</relationEntry>
         </resourceRelation>
         <resourceRelation xmlns:xlink="http://www.w3.org/1999/xlink"
                           resourceRelationType="subjectOf"
                           xlink:href="FRAN_IR_008963"
                           xlink:type="simple">
            <relationEntry localType="archival">Autorités administratives indépendantes ; Médiateur de la Répubique (1978-1991)</relationEntry>
         </resourceRelation>
         <resourceRelation xmlns:xlink="http://www.w3.org/1999/xlink"
                           resourceRelationType="subjectOf"
                           xlink:href="FRAN_IR_013352"
                           xlink:type="simple">
            <relationEntry localType="archival">Autorités administratives indépendantes ; Médiateur de la Répubique (1982-1986)</relationEntry>
         </resourceRelation>
         <resourceRelation xmlns:xlink="http://www.w3.org/1999/xlink"
                           resourceRelationType="subjectOf"
                           xlink:href="FRAN_IR_013619"
                           xlink:type="simple">
            <relationEntry localType="archival">Autorités administratives indépendantes ; Médiateur de la Répubique (1994-1994)</relationEntry>
         </resourceRelation>
         <resourceRelation xmlns:xlink="http://www.w3.org/1999/xlink"
                           resourceRelationType="subjectOf"
                           xlink:href="FRAN_IR_022121"
                           xlink:type="simple">
            <relationEntry localType="archival">Autorités administratives indépendantes ; Médiateur de la République (1981-1981)</relationEntry>
         </resourceRelation>
         <resourceRelation xmlns:xlink="http://www.w3.org/1999/xlink"
                           resourceRelationType="subjectOf"
                           xlink:href="FRAN_IR_022546"
                           xlink:type="simple">
            <relationEntry localType="archival">Autorités administratives indépendantes ; Médiateur de la Répubique (1974-1980)</relationEntry>
         </resourceRelation>
         <resourceRelation xmlns:xlink="http://www.w3.org/1999/xlink"
                           resourceRelationType="subjectOf"
                           xlink:href="FRAN_IR_019884"
                           xlink:type="simple">
            <relationEntry localType="archival">Autorités administratives indépendantes ; Médiateur de la Répubique (1995-1997)</relationEntry>
         </resourceRelation>
         <resourceRelation xmlns:xlink="http://www.w3.org/1999/xlink"
                           resourceRelationType="subjectOf"
                           xlink:href="FRAN_IR_015716"
                           xlink:type="simple">
            <relationEntry localType="archival">Autorités administratives indépendantes ; Médiateur de la République (1988-1990)</relationEntry>
         </resourceRelation>
         <resourceRelation xmlns:xlink="http://www.w3.org/1999/xlink"
                           resourceRelationType="subjectOf"
                           xlink:href="FRAN_IR_015946"
                           xlink:type="simple">
            <relationEntry localType="archival">Autorités administratives indépendantes ; Médiateur de la République (1991-1991)</relationEntry>
         </resourceRelation>
         <resourceRelation xmlns:xlink="http://www.w3.org/1999/xlink"
                           resourceRelationType="subjectOf"
                           xlink:href="FRAN_IR_022645"
                           xlink:type="simple">
            <relationEntry localType="archival">Autorités administratives indépendantes ; Médiateur de la République (1976-1988)</relationEntry>
         </resourceRelation>
         <resourceRelation xmlns:xlink="http://www.w3.org/1999/xlink"
                           resourceRelationType="subjectOf"
                           xlink:href="FRAN_IR_022970"
                           xlink:type="simple">
            <relationEntry localType="archival">Autorités administratives indépendantes ; Médiateur de la République (1992-1993)</relationEntry>
         </resourceRelation>
      </relations>
   </cpfDescription>
</eac-cpf>
