<eac-cpf xmlns="urn:isbn:1-931666-33-4"
         xmlns:xsi="http://www.w3.org/2001/XMLSchema-instance"
         xsi:schemaLocation="urn:isbn:1-931666-33-4 cpf.xsd">
   <control>
      <recordId>FRAN_NP_000116</recordId>
      <otherRecordId localType="Ancien_identifiant">1200/LC</otherRecordId>
      <maintenanceStatus>derived</maintenanceStatus>
      <maintenanceAgency>
         <agencyName>Archives nationales de France</agencyName>
      </maintenanceAgency>
      <languageDeclaration>
         <language languageCode="fre">Français</language>
         <script scriptCode="Latn"/>
      </languageDeclaration>
      <conventionDeclaration>
         <citation>Notice établie conformément à la norme ICA-ISAAR (CPF) 2004, aux normes ISO 8601 pour le système de normalisation des dates utilisé, ainsi que AFNOR NF Z 44-061, juin 1986. Catalogage : forme et structure des vedettes noms de personne, des vedettes titres, des rubriques de classement et des titres forgés.</citation>
      </conventionDeclaration>
      <localControl localType="niveau_de_detail">
         <term>Moyenne</term>
      </localControl>
      <maintenanceHistory>
         <maintenanceEvent>
            <eventType>derived</eventType>
            <eventDateTime>2013-04-23</eventDateTime>
            <agentType>machine</agentType>
            <agent>Import_SIA</agent>
         </maintenanceEvent>
      </maintenanceHistory>
   </control>
   <cpfDescription>
      <identity>
         <entityType>corporateBody</entityType>
         <nameEntry scriptCode="Latn" localType="autorisée" xml:lang="fre">
            <part>Cabinet du ministre ou du secrétaire d'État chargé des Relations avec le Parlement</part>
         </nameEntry>
      </identity>
      <description>
         <existDates>
            <dateRange>
               <fromDate standardDate="1967-04-07">7 avril 1967</fromDate>
            </dateRange>
         </existDates>
         <legalStatuses>
            <legalStatus>
               <term vocabularySource="d5blonb04s-1nqrprwwl75h0">cabinet ministériel</term>
            </legalStatus>
         </legalStatuses>
      </description>
      <relations>
         <cpfRelation xmlns:xlink="http://www.w3.org/1999/xlink"
                      cpfRelationType="hierarchical-child"
                      xlink:href="FRAN_NP_000355"
                      xlink:type="simple">
            <relationEntry>Cabinet d'André Rossinot, ministre chargé des Relations avec le Parlement</relationEntry>
            <dateRange>
               <fromDate standardDate="1986-03-20">20 mars 1986</fromDate>
               <toDate standardDate="1988-05-10">10 mai 1988</toDate>
            </dateRange>
         </cpfRelation>
         <cpfRelation xmlns:xlink="http://www.w3.org/1999/xlink"
                      cpfRelationType="hierarchical-child"
                      xlink:href="FRAN_NP_000117"
                      xlink:type="simple">
            <relationEntry>Cabinet d'André Labarrère, ministre délégué chargé des Relations avec le Parlement</relationEntry>
            <dateRange>
               <fromDate standardDate="1981-05-22">22 mai 1981</fromDate>
               <toDate standardDate="1986-03-20">20 mars 1986</toDate>
            </dateRange>
         </cpfRelation>
         <cpfRelation xmlns:xlink="http://www.w3.org/1999/xlink"
                      cpfRelationType="hierarchical-child"
                      xlink:href="FRAN_NP_009598"
                      xlink:type="simple">
            <relationEntry>Cabinet de Daniel Vaillant, ministre des Relations avec le Parlement</relationEntry>
            <dateRange>
               <fromDate standardDate="1997-06-04">4 juin 1997</fromDate>
               <toDate standardDate="2000-08-29">29 août 2000</toDate>
            </dateRange>
         </cpfRelation>
         <cpfRelation xmlns:xlink="http://www.w3.org/1999/xlink"
                      cpfRelationType="hierarchical-child"
                      xlink:href="FRAN_NP_009729"
                      xlink:type="simple">
            <relationEntry>Cabinet d'Henri de Raincourt, ministre chargé des Relations avec le Parlement</relationEntry>
            <dateRange>
               <fromDate standardDate="2009-06-23">23 juin 2009</fromDate>
               <toDate standardDate="2010-11-13">13 novembre 2010</toDate>
            </dateRange>
         </cpfRelation>
         <cpfRelation xmlns:xlink="http://www.w3.org/1999/xlink"
                      cpfRelationType="hierarchical-child"
                      xlink:href="FRAN_NP_009728"
                      xlink:type="simple">
            <relationEntry>Cabinet de Roger Karoutchi, secrétaire d'État chargé des Relations avec le Parlement</relationEntry>
            <dateRange>
               <fromDate standardDate="2007-05-18">18 mai 2007</fromDate>
               <toDate standardDate="2009-06-23">23 juin 2009</toDate>
            </dateRange>
         </cpfRelation>
         <cpfRelation xmlns:xlink="http://www.w3.org/1999/xlink"
                      cpfRelationType="hierarchical-child"
                      xlink:href="FRAN_NP_009730"
                      xlink:type="simple">
            <relationEntry>Cabinet de Patrick Ollier, ministre chargé des Relations avec le Parlement</relationEntry>
            <dateRange>
               <fromDate standardDate="2010-11-14">14 novembre 2010</fromDate>
               <toDate standardDate="2012-05-10">10 mai 2012</toDate>
            </dateRange>
         </cpfRelation>
         <cpfRelation xmlns:xlink="http://www.w3.org/1999/xlink"
                      cpfRelationType="hierarchical-child"
                      xlink:href="FRAN_NP_009862"
                      xlink:type="simple">
            <relationEntry>Cabinet d'Alain Vidalies, ministre délégué chargé des Relations avec le Parlement</relationEntry>
            <dateRange>
               <fromDate standardDate="2012-05-16">16 mai 2012</fromDate>
            </dateRange>
         </cpfRelation>
         <cpfRelation xmlns:xlink="http://www.w3.org/1999/xlink"
                      cpfRelationType="hierarchical-child"
                      xlink:href="FRAN_NP_000357"
                      xlink:type="simple">
            <relationEntry>Cabinet de Jean-Jack Queyranne, ministre des Relations avec le Parlement</relationEntry>
            <dateRange>
               <fromDate standardDate="2000-08-29">29 août 2000</fromDate>
               <toDate standardDate="2002-05-06">6 mai 2002</toDate>
            </dateRange>
         </cpfRelation>
         <cpfRelation xmlns:xlink="http://www.w3.org/1999/xlink"
                      cpfRelationType="hierarchical-parent"
                      xlink:href="FRAN_NP_000024"
                      xlink:type="simple">
            <relationEntry>Ministère des Relations avec le Parlement</relationEntry>
            <dateRange>
               <fromDate standardDate="1967-04-07">7 avril 1967</fromDate>
               <toDate/>
            </dateRange>
         </cpfRelation>
         <resourceRelation xmlns:xlink="http://www.w3.org/1999/xlink"
                           resourceRelationType="subjectOf"
                           xlink:href="FRAN_IR_015720"
                           xlink:type="simple">
            <relationEntry localType="archival">Premier ministre ; Ministres et secrétaires d'Etat délégués ; Ministre délégué chargé des relations avec le Parlement ; Cabinet et services rattachés au Ministre (1993-1995)</relationEntry>
         </resourceRelation>
         <resourceRelation xmlns:xlink="http://www.w3.org/1999/xlink"
                           resourceRelationType="subjectOf"
                           xlink:href="FRAN_IR_019512"
                           xlink:type="simple">
            <relationEntry localType="archival">Premier ministre ; Ministres et secrétaires d'Etat délégués ; Ministre délégué chargé des relations avec le Parlement ; Cabinet et services rattachés au Ministre (1997-2002)</relationEntry>
         </resourceRelation>
         <resourceRelation xmlns:xlink="http://www.w3.org/1999/xlink"
                           resourceRelationType="subjectOf"
                           xlink:href="FRAN_IR_019513"
                           xlink:type="simple">
            <relationEntry localType="archival">Premier ministre ; Ministres et secrétaires d'Etat délégués ; Ministre délégué chargé des relations avec le Parlement ; Cabinet et services rattachés au Ministre (1997-2000)</relationEntry>
         </resourceRelation>
         <resourceRelation xmlns:xlink="http://www.w3.org/1999/xlink"
                           resourceRelationType="subjectOf"
                           xlink:href="FRAN_IR_019569"
                           xlink:type="simple">
            <relationEntry localType="archival">Premier ministre ; Ministres et secrétaires d'Etat délégués ; Ministre délégué chargé des relations avec le Parlement ; Cabinet et services rattachés au Ministre (2000-2001)</relationEntry>
         </resourceRelation>
         <resourceRelation xmlns:xlink="http://www.w3.org/1999/xlink"
                           resourceRelationType="subjectOf"
                           xlink:href="FRAN_IR_022752"
                           xlink:type="simple">
            <relationEntry localType="archival">Premier ministre ; Ministres et secrétaires d'Etat délégués ; Ministre délégué chargé des relations avec le Parlement ; Cabinet et services rattachés au Ministre (1986-1988)</relationEntry>
         </resourceRelation>
         <resourceRelation xmlns:xlink="http://www.w3.org/1999/xlink"
                           resourceRelationType="subjectOf"
                           xlink:href="FRAN_IR_010267"
                           xlink:type="simple">
            <relationEntry localType="archival">Premier ministre ; Ministres et secrétaires d'Etat délégués ; Ministre délégué chargé des relations avec le Parlement ; Cabinet et services rattachés au Ministre (1997-2002)</relationEntry>
         </resourceRelation>
         <resourceRelation xmlns:xlink="http://www.w3.org/1999/xlink"
                           resourceRelationType="subjectOf"
                           xlink:href="FRAN_IR_019568"
                           xlink:type="simple">
            <relationEntry localType="archival">Premier ministre ; Ministres et secrétaires d'Etat délégués ; Ministre délégué chargé des relations avec le Parlement ; Cabinet et services rattachés au Ministre (1998-2002)</relationEntry>
         </resourceRelation>
      </relations>
   </cpfDescription>
</eac-cpf>
