<eac-cpf xmlns="urn:isbn:1-931666-33-4"
         xmlns:xsi="http://www.w3.org/2001/XMLSchema-instance"
         xsi:schemaLocation="urn:isbn:1-931666-33-4 cpf.xsd">
   <control>
      <recordId>FRAN_NP_000374</recordId>
      <maintenanceStatus>derived</maintenanceStatus>
      <maintenanceAgency>
         <agencyName>Archives nationales de France</agencyName>
      </maintenanceAgency>
      <languageDeclaration>
         <language languageCode="fre">Français</language>
         <script scriptCode="Latn"/>
      </languageDeclaration>
      <conventionDeclaration>
         <citation>Notice établie conformément à la norme ICA-ISAAR (CPF) 2004, aux normes ISO 8601 pour le système de normalisation des dates utilisé, ainsi que AFNOR NF Z 44-061, juin 1986. Catalogage : forme et structure des vedettes noms de personne, des vedettes titres, des rubriques de classement et des titres forgés.</citation>
      </conventionDeclaration>
      <localControl localType="niveau_de_detail">
         <term>Élémentaire</term>
      </localControl>
      <maintenanceHistory>
         <maintenanceEvent>
            <eventType>derived</eventType>
            <eventDateTime>2013-04-23</eventDateTime>
            <agentType>machine</agentType>
            <agent>Import_SIA</agent>
         </maintenanceEvent>
      </maintenanceHistory>
   </control>
   <cpfDescription>
      <identity>
         <entityType>corporateBody</entityType>
         <nameEntry localType="autorisée" scriptCode="Latn" xml:lang="fre">
            <part>Président du Conseil des ministres</part>
         </nameEntry>
      </identity>
      <description>
         <existDates>
            <dateRange>
               <fromDate standardDate="1815-07-09">9 juillet 1815</fromDate>
               <toDate standardDate="1959-01-08">8 janvier 1959</toDate>
            </dateRange>
         </existDates>
      </description>
      <relations>
         <cpfRelation xmlns:xlink="http://www.w3.org/1999/xlink"
                      cpfRelationType="hierarchical-child"
                      xlink:href="FRAN_NP_009159"
                      xlink:type="simple">
            <relationEntry>Commissariat général à la sûreté nationale</relationEntry>
            <dateRange>
               <fromDate standardDate="1918-01-01">1918</fromDate>
               <toDate standardDate="1919-12-31">1919</toDate>
            </dateRange>
         </cpfRelation>
         <cpfRelation xmlns:xlink="http://www.w3.org/1999/xlink"
                      cpfRelationType="associative"
                      xlink:href="FRAN_NP_051652"
                      xlink:type="simple">
            <relationEntry>Pétain, Philippe (1856-1951)</relationEntry>
            <dateRange>
               <fromDate standardDate="1940-05-18">18 mai 1940</fromDate>
               <toDate standardDate="1942-04-17">17 avril 1942</toDate>
            </dateRange>
            <descriptiveNote>
               <p>
     Philippe Pétain est vice-président du Conseil des ministres du 18 mai au 16 juin 1940 ; président du 16 juin 1940 au 17 avril 1942.
    </p>
            </descriptiveNote>
         </cpfRelation>
         <cpfRelation xmlns:xlink="http://www.w3.org/1999/xlink"
                      cpfRelationType="hierarchical-child"
                      xlink:href="FRAN_NP_009604"
                      xlink:type="simple">
            <relationEntry>Cabinet de Charles de Gaulle, président du Conseil des ministres</relationEntry>
            <dateRange>
               <fromDate standardDate="1958-06-01">1er juin 1958</fromDate>
               <toDate standardDate="1959-01-08">8 janvier 1959</toDate>
            </dateRange>
         </cpfRelation>
         <cpfRelation xmlns:xlink="http://www.w3.org/1999/xlink"
                      cpfRelationType="temporal-later"
                      xlink:href="FRAN_NP_000002"
                      xlink:type="simple">
            <relationEntry>Premier ministre</relationEntry>
            <dateRange>
               <fromDate standardDate="1959-01-08">8 janvier 1959</fromDate>
            </dateRange>
         </cpfRelation>
         <resourceRelation xmlns:xlink="http://www.w3.org/1999/xlink"
                           resourceRelationType="creatorOf"
                           xlink:href="FRAN_IR_057474"
                           xlink:type="simple">
            <relationEntry localType="archival">Archives de la Commission de sauvegarde des droits et libertés individuels (F/60/3124-F/60/3231)</relationEntry>
         </resourceRelation>
      </relations>
   </cpfDescription>
</eac-cpf>
