<eac-cpf xmlns="urn:isbn:1-931666-33-4"
         xmlns:xsi="http://www.w3.org/2001/XMLSchema-instance"
         xsi:schemaLocation="urn:isbn:1-931666-33-4 cpf.xsd">
   <control>
      <recordId>FRAN_NP_000440</recordId>
      <otherRecordId localType="Ancien_identifiant">2103/C1</otherRecordId>
      <maintenanceStatus>derived</maintenanceStatus>
      <maintenanceAgency>
         <agencyName>Archives nationales de France</agencyName>
      </maintenanceAgency>
      <languageDeclaration>
         <language languageCode="fre">Français</language>
         <script scriptCode="Latn"/>
      </languageDeclaration>
      <conventionDeclaration>
         <citation>Notice établie conformément à la norme ICA-ISAAR (CPF) 2004, aux normes ISO 8601 pour le système de normalisation des dates utilisé, ainsi que AFNOR NF Z 44-061, juin 1986. Catalogage : forme et structure des vedettes noms de personne, des vedettes titres, des rubriques de classement et des titres forgés.</citation>
      </conventionDeclaration>
      <localControl localType="niveau_de_detail">
         <term>Moyenne</term>
      </localControl>
      <maintenanceHistory>
         <maintenanceEvent>
            <eventType>derived</eventType>
            <eventDateTime>2015-09-30</eventDateTime>
            <agentType>machine</agentType>
            <agent>Import_SIA</agent>
         </maintenanceEvent>
      </maintenanceHistory>
   </control>
   <cpfDescription>
      <identity>
         <entityType>corporateBody</entityType>
         <nameEntry localType="autorisée" scriptCode="Latn" xml:lang="fre">
            <part>Bureau du droit civil général et section du sceau (direction des affaires civiles et du sceau)</part>
         </nameEntry>
         <nameEntry>
            <part>Bureau du droit civil général</part>
            <useDates>
               <dateRange>
                  <fromDate standardDate="1964-01-01">1964</fromDate>
                  <toDate standardDate="1994-12-31">1994</toDate>
               </dateRange>
            </useDates>
         </nameEntry>
      </identity>
      <description>
         <existDates>
            <dateRange>
               <fromDate standardDate="1964-01-01">1964</fromDate>
               <toDate standardDate="2003-12-31">2003</toDate>
            </dateRange>
         </existDates>
         <legalStatuses>
            <legalStatus>
               <term vocabularySource="d5blonaxbw--1mt8t42bokzts">service d'administration centrale</term>
            </legalStatus>
         </legalStatuses>
      </description>
      <relations>
         <cpfRelation xmlns:xlink="http://www.w3.org/1999/xlink"
                      cpfRelationType="hierarchical-parent"
                      xlink:href="FRAN_NP_000446"
                      xlink:type="simple">
            <relationEntry>Sous-direction de la législation civile, de la nationalité et de la procédure (direction des affaires civiles et du sceau)</relationEntry>
            <dateRange>
               <fromDate standardDate="1994-01-01">1994</fromDate>
               <toDate standardDate="2003-12-31">2003</toDate>
            </dateRange>
         </cpfRelation>
         <cpfRelation xmlns:xlink="http://www.w3.org/1999/xlink"
                      cpfRelationType="temporal-later"
                      xlink:href="FRAN_NP_000444"
                      xlink:type="simple">
            <relationEntry>Bureau du droit des personnes et de la famille et section du sceau (direction des affaires civiles et du sceau)</relationEntry>
            <dateRange>
               <fromDate standardDate="2003-01-01">2003</fromDate>
            </dateRange>
         </cpfRelation>
         <cpfRelation xmlns:xlink="http://www.w3.org/1999/xlink"
                      cpfRelationType="temporal-later"
                      xlink:href="FRAN_NP_000445"
                      xlink:type="simple">
            <relationEntry>Bureau du droit des obligations (direction des affaires civiles et du sceau)</relationEntry>
            <dateRange>
               <fromDate standardDate="2003-01-01">2003</fromDate>
            </dateRange>
         </cpfRelation>
         <cpfRelation xmlns:xlink="http://www.w3.org/1999/xlink"
                      cpfRelationType="temporal-earlier"
                      xlink:href="FRAN_NP_000458"
                      xlink:type="simple">
            <relationEntry>Bureau de la nationalité et du sceau (direction des affaires civiles et du sceau)</relationEntry>
            <dateRange>
               <fromDate standardDate="1994-01-01">1994</fromDate>
            </dateRange>
         </cpfRelation>
         <resourceRelation xmlns:xlink="http://www.w3.org/1999/xlink"
                           resourceRelationType="subjectOf"
                           xlink:href="FRAN_IR_008646"
                           xlink:type="simple">
            <relationEntry localType="archival">Justice ; Direction des affaires civiles et du sceau ; Sous-direction du droit civil ; Bureau du droit civil général et de la section du Sceau - Bureau du droit civil général (1960-1986)</relationEntry>
         </resourceRelation>
         <resourceRelation xmlns:xlink="http://www.w3.org/1999/xlink"
                           resourceRelationType="subjectOf"
                           xlink:href="FRAN_IR_008879"
                           xlink:type="simple">
            <relationEntry localType="archival">Justice ; Direction des affaires civiles et du sceau ; Sous-direction du droit civil ; Bureau du droit civil général et de la section du Sceau ; Bureau du droit civil général (1924-1970)</relationEntry>
         </resourceRelation>
         <resourceRelation xmlns:xlink="http://www.w3.org/1999/xlink"
                           resourceRelationType="subjectOf"
                           xlink:href="FRAN_IR_008951"
                           xlink:type="simple">
            <relationEntry localType="archival">Justice ; Direction des affaires civiles et du sceau ; Sous-direction du droit civil ; Bureau du droit civil général et de la section du Sceau ; Bureau du droit civil général (1940-1964)</relationEntry>
         </resourceRelation>
         <resourceRelation xmlns:xlink="http://www.w3.org/1999/xlink"
                           resourceRelationType="subjectOf"
                           xlink:href="FRAN_IR_009607"
                           xlink:type="simple">
            <relationEntry localType="archival">Justice ; Direction des affaires civiles et du sceau ; Sous-direction du droit civil ; Bureau du droit civil général et de la section du Sceau ; Bureau du droit civil général (1988-1989)</relationEntry>
         </resourceRelation>
         <resourceRelation xmlns:xlink="http://www.w3.org/1999/xlink"
                           resourceRelationType="subjectOf"
                           xlink:href="FRAN_IR_015713"
                           xlink:type="simple">
            <relationEntry localType="archival">Justice ; Direction des affaires civiles et du sceau ; Sous-direction du droit civil ; Bureau du droit civil général et de la section du Sceau ; Bureau du droit civil général (1973-1988)</relationEntry>
         </resourceRelation>
         <resourceRelation xmlns:xlink="http://www.w3.org/1999/xlink"
                           resourceRelationType="subjectOf"
                           xlink:href="FRAN_IR_019227"
                           xlink:type="simple">
            <relationEntry localType="archival">Justice ; Direction des affaires civiles et du sceau ; Sous-direction du droit civil ; Bureau du droit civil général et de la section du Sceau ; Bureau du droit civil général (1987-1991)</relationEntry>
         </resourceRelation>
         <resourceRelation xmlns:xlink="http://www.w3.org/1999/xlink"
                           resourceRelationType="subjectOf"
                           xlink:href="FRAN_IR_022501"
                           xlink:type="simple">
            <relationEntry localType="archival">Justice ; Direction des affaires civiles et du sceau ; Sous-direction du droit civil ; Bureau du droit civil général et de la section du Sceau ; Bureau du droit civil général (1981-1988)</relationEntry>
         </resourceRelation>
         <resourceRelation xmlns:xlink="http://www.w3.org/1999/xlink"
                           resourceRelationType="subjectOf"
                           xlink:href="FRAN_IR_008884"
                           xlink:type="simple">
            <relationEntry localType="archival">Justice ; Direction des affaires civiles et du sceau ; Sous-direction du droit civil ; Bureau du droit civil général et de la section du Sceau - Bureau du droit civil général (1839-1955)</relationEntry>
         </resourceRelation>
         <resourceRelation xmlns:xlink="http://www.w3.org/1999/xlink"
                           resourceRelationType="subjectOf"
                           xlink:href="FRAN_IR_008883"
                           xlink:type="simple">
            <relationEntry localType="archival">Justice ; Direction des affaires civiles et du sceau ; Sous-direction du droit civil ; Bureau du droit civil général et de la section du Sceau - Bureau du droit civil général (1822-1965)</relationEntry>
         </resourceRelation>
         <resourceRelation xmlns:xlink="http://www.w3.org/1999/xlink"
                           resourceRelationType="subjectOf"
                           xlink:href="FRAN_IR_009871"
                           xlink:type="simple">
            <relationEntry localType="archival">Justice ; Direction des affaires civiles et du sceau ; Sous-direction du droit civil ; Bureau du droit civil général et de la section du Sceau - Bureau du droit civil général (1991-1992)</relationEntry>
         </resourceRelation>
         <resourceRelation xmlns:xlink="http://www.w3.org/1999/xlink"
                           resourceRelationType="subjectOf"
                           xlink:href="FRAN_IR_009872"
                           xlink:type="simple">
            <relationEntry localType="archival">Justice ; Direction des affaires civiles et du sceau ; Sous-direction du droit civil ; Bureau du droit civil général et de la section du Sceau - Bureau du droit civil général (1992-1994)</relationEntry>
         </resourceRelation>
         <resourceRelation xmlns:xlink="http://www.w3.org/1999/xlink"
                           resourceRelationType="subjectOf"
                           xlink:href="FRAN_IR_009874"
                           xlink:type="simple">
            <relationEntry localType="archival">Justice ; Direction des affaires civiles et du sceau ; Sous-direction du droit civil ; Bureau du droit civil général et de la section du Sceau - Bureau du droit civil général (1994-1995)</relationEntry>
         </resourceRelation>
         <resourceRelation xmlns:xlink="http://www.w3.org/1999/xlink"
                           resourceRelationType="subjectOf"
                           xlink:href="FRAN_IR_010136"
                           xlink:type="simple">
            <relationEntry localType="archival">Justice ; Direction des affaires civiles et du sceau ; Sous-direction du droit civil ; Bureau du droit civil général et de la section du Sceau - Bureau du droit civil général (1998-1999)</relationEntry>
         </resourceRelation>
         <resourceRelation xmlns:xlink="http://www.w3.org/1999/xlink"
                           resourceRelationType="subjectOf"
                           xlink:href="FRAN_IR_010140"
                           xlink:type="simple">
            <relationEntry localType="archival">Justice ; Direction des affaires civiles et du sceau ; Sous-direction du droit civil ; Bureau du droit civil général et de la section du Sceau - Bureau du droit civil général (1996-1997)</relationEntry>
         </resourceRelation>
         <resourceRelation xmlns:xlink="http://www.w3.org/1999/xlink"
                           resourceRelationType="subjectOf"
                           xlink:href="FRAN_IR_010160"
                           xlink:type="simple">
            <relationEntry localType="archival">Justice ; Direction des affaires civiles et du sceau ; Sous-direction du droit civil ; Bureau du droit civil général et de la section du Sceau - Bureau du droit civil général (1967-1987)</relationEntry>
         </resourceRelation>
         <resourceRelation xmlns:xlink="http://www.w3.org/1999/xlink"
                           resourceRelationType="subjectOf"
                           xlink:href="FRAN_IR_010155"
                           xlink:type="simple">
            <relationEntry localType="archival">Justice ; Direction des affaires civiles et du sceau ; Sous-direction du droit civil ; Bureau du droit civil général et de la section du Sceau - Bureau du droit civil général (1808-1969)</relationEntry>
         </resourceRelation>
         <resourceRelation xmlns:xlink="http://www.w3.org/1999/xlink"
                           resourceRelationType="subjectOf"
                           xlink:href="FRAN_IR_010502"
                           xlink:type="simple">
            <relationEntry localType="archival">Justice ; Direction des affaires civiles et du sceau ; Sous-direction du droit civil ; Bureau du droit civil général et de la section du Sceau - Bureau du droit civil général (1962-2002)</relationEntry>
         </resourceRelation>
         <resourceRelation xmlns:xlink="http://www.w3.org/1999/xlink"
                           resourceRelationType="subjectOf"
                           xlink:href="FRAN_IR_013425"
                           xlink:type="simple">
            <relationEntry localType="archival">Justice ; Direction des affaires civiles et du sceau ; Sous-direction du droit civil ; Bureau du droit civil général et de la section du Sceau - Bureau du droit civil général (1996-1998)</relationEntry>
         </resourceRelation>
         <resourceRelation xmlns:xlink="http://www.w3.org/1999/xlink"
                           resourceRelationType="subjectOf"
                           xlink:href="FRAN_IR_014916"
                           xlink:type="simple">
            <relationEntry localType="archival">Justice ; Direction des affaires civiles et du sceau ; Sous-direction du droit civil ; Bureau du droit civil général et de la section du Sceau - Bureau du droit civil général (1969-1981)</relationEntry>
         </resourceRelation>
         <resourceRelation xmlns:xlink="http://www.w3.org/1999/xlink"
                           resourceRelationType="subjectOf"
                           xlink:href="FRAN_IR_015712"
                           xlink:type="simple">
            <relationEntry localType="archival">Justice ; Direction des affaires civiles et du sceau ; Sous-direction du droit civil ; Bureau du droit civil général et de la section du Sceau - Bureau du droit civil général (1989-1991)</relationEntry>
         </resourceRelation>
         <resourceRelation xmlns:xlink="http://www.w3.org/1999/xlink"
                           resourceRelationType="subjectOf"
                           xlink:href="FRAN_IR_015714"
                           xlink:type="simple">
            <relationEntry localType="archival">Justice ; Direction des affaires civiles et du sceau ; Sous-direction du droit civil ; Bureau du droit civil général et de la section du Sceau - Bureau du droit civil général (1946-1992)</relationEntry>
         </resourceRelation>
         <resourceRelation xmlns:xlink="http://www.w3.org/1999/xlink"
                           resourceRelationType="subjectOf"
                           xlink:href="FRAN_IR_016123"
                           xlink:type="simple">
            <relationEntry localType="archival">Justice ; Direction des affaires civiles et du sceau ; Sous-direction du droit civil ; Bureau du droit civil général et de la section du Sceau - Bureau du droit civil général (1960-1987)</relationEntry>
         </resourceRelation>
         <resourceRelation xmlns:xlink="http://www.w3.org/1999/xlink"
                           resourceRelationType="subjectOf"
                           xlink:href="FRAN_IR_019228"
                           xlink:type="simple">
            <relationEntry localType="archival">Justice ; Direction des affaires civiles et du sceau ; Sous-direction du droit civil ; Bureau du droit civil général et de la section du Sceau - Bureau du droit civil général (1995-1996)</relationEntry>
         </resourceRelation>
         <resourceRelation xmlns:xlink="http://www.w3.org/1999/xlink"
                           resourceRelationType="subjectOf"
                           xlink:href="FRAN_IR_019521"
                           xlink:type="simple">
            <relationEntry localType="archival">Justice ; Direction des affaires civiles et du sceau ; Sous-direction du droit civil ; Bureau du droit civil général et de la section du Sceau - Bureau du droit civil général (1969-1998)</relationEntry>
         </resourceRelation>
         <resourceRelation xmlns:xlink="http://www.w3.org/1999/xlink"
                           resourceRelationType="subjectOf"
                           xlink:href="FRAN_IR_023013"
                           xlink:type="simple">
            <relationEntry localType="archival">Justice ; Direction des affaires civiles et du sceau ; Sous-direction du droit civil ; Bureau du droit civil général et de la section du Sceau - Bureau du droit civil général (1990-1990)</relationEntry>
         </resourceRelation>
         <resourceRelation xmlns:xlink="http://www.w3.org/1999/xlink"
                           resourceRelationType="subjectOf"
                           xlink:href="FRAN_IR_023014"
                           xlink:type="simple">
            <relationEntry localType="archival">Justice ; Direction des affaires civiles et du sceau ; Sous-direction du droit civil ; Bureau du droit civil général et de la section du Sceau - Bureau du droit civil général (1996-1996)</relationEntry>
         </resourceRelation>
         <resourceRelation xmlns:xlink="http://www.w3.org/1999/xlink"
                           resourceRelationType="subjectOf"
                           xlink:href="FRAN_IR_023486"
                           xlink:type="simple">
            <relationEntry localType="archival">Justice ; Direction des affaires civiles et du sceau ; Sous-direction du droit civil ; Bureau du droit civil général et de la section du Sceau - Bureau du droit civil général (1830-1999)</relationEntry>
         </resourceRelation>
         <resourceRelation xmlns:xlink="http://www.w3.org/1999/xlink"
                           resourceRelationType="subjectOf"
                           xlink:href="FRAN_IR_023487"
                           xlink:type="simple">
            <relationEntry localType="archival">Justice ; Direction des affaires civiles et du sceau ; Sous-direction du droit civil ; Bureau du droit civil général et de la section du Sceau - Bureau du droit civil général (1996-1996)</relationEntry>
         </resourceRelation>
         <resourceRelation xmlns:xlink="http://www.w3.org/1999/xlink"
                           resourceRelationType="subjectOf"
                           xlink:href="FRAN_IR_023489"
                           xlink:type="simple">
            <relationEntry localType="archival">Justice ; Direction des affaires civiles et du sceau ; Sous-direction du droit civil ; Bureau du droit civil général et de la section du Sceau - Bureau du droit civil général (1997-2000)</relationEntry>
         </resourceRelation>
         <resourceRelation xmlns:xlink="http://www.w3.org/1999/xlink"
                           resourceRelationType="subjectOf"
                           xlink:href="FRAN_IR_019234"
                           xlink:type="simple">
            <relationEntry localType="archival">Justice ; Direction des affaires civiles et du sceau ; Sous-direction du droit civil ; Bureau du droit civil général et de la section du Sceau ; Bureau du droit civil général (1946-1963)</relationEntry>
         </resourceRelation>
         <resourceRelation xmlns:xlink="http://www.w3.org/1999/xlink"
                           resourceRelationType="subjectOf"
                           xlink:href="FRAN_IR_011511"
                           xlink:type="simple">
            <relationEntry localType="archival">Justice ; Direction des affaires civiles et du sceau ; Sous-direction du droit civil ; Bureau du droit civil général et de la section du sceau - Bureau du droit civil général (1969-1973)</relationEntry>
         </resourceRelation>
         <resourceRelation xmlns:xlink="http://www.w3.org/1999/xlink"
                           resourceRelationType="subjectOf"
                           xlink:href="FRAN_IR_019235"
                           xlink:type="simple">
            <relationEntry localType="archival">Justice ; Direction des affaires civiles et du sceau ; Sous-direction du droit civil ; Bureau du droit civil général et de la section du Sceau ; Bureau du droit civil général (1965-1980)</relationEntry>
         </resourceRelation>
         <resourceRelation xmlns:xlink="http://www.w3.org/1999/xlink"
                           resourceRelationType="creatorOf"
                           xlink:href="FRAN_IR_053823"
                           xlink:type="simple">
            <relationEntry localType="archival">Droit civil : droit des personnes et de la famille, section du sceau : dossiers de dispenses pour mariage [1998-2001]</relationEntry>
         </resourceRelation>
         <resourceRelation xmlns:xlink="http://www.w3.org/1999/xlink"
                           resourceRelationType="creatorOf"
                           xlink:href="FRAN_IR_053828"
                           xlink:type="simple">
            <relationEntry localType="archival">Ministère de la Justice, Affaires civiles et du Sceau, Droit civil, Droit des personnes et de la famille : Dossiers de changements de noms [1999-2000]</relationEntry>
         </resourceRelation>
      </relations>
   </cpfDescription>
</eac-cpf>
