<eac-cpf xmlns="urn:isbn:1-931666-33-4"
         xmlns:xsi="http://www.w3.org/2001/XMLSchema-instance"
         xsi:schemaLocation="urn:isbn:1-931666-33-4 cpf.xsd">
   <control>
      <recordId>FRAN_NP_000393</recordId>
      <otherRecordId localType="Ancien_identifiant">2101/CAB</otherRecordId>
      <maintenanceStatus>derived</maintenanceStatus>
      <maintenanceAgency>
         <agencyName>Archives nationales de France</agencyName>
      </maintenanceAgency>
      <languageDeclaration>
         <language languageCode="fre">Français</language>
         <script scriptCode="Latn"/>
      </languageDeclaration>
      <conventionDeclaration>
         <citation>Notice établie conformément à la norme ICA-ISAAR (CPF) 2004, aux normes ISO 8601 pour le système de normalisation des dates utilisé, ainsi que AFNOR NF Z 44-061, juin 1986. Catalogage : forme et structure des vedettes noms de personne, des vedettes titres, des rubriques de classement et des titres forgés.</citation>
      </conventionDeclaration>
      <localControl localType="niveau_de_detail">
         <term>Moyenne</term>
      </localControl>
      <maintenanceHistory>
         <maintenanceEvent>
            <eventType>derived</eventType>
            <eventDateTime>2013-04-23</eventDateTime>
            <agentType>machine</agentType>
            <agent>Import_SIA</agent>
         </maintenanceEvent>
      </maintenanceHistory>
   </control>
   <cpfDescription>
      <identity>
         <entityType>corporateBody</entityType>
         <nameEntry localType="autorisée" scriptCode="Latn" xml:lang="fre">
            <part>Cabinet du garde des Sceaux, ministre de la Justice</part>
         </nameEntry>
      </identity>
      <description>
         <existDates>
            <dateRange>
               <fromDate standardDate="1947-01-01">1947</fromDate>
            </dateRange>
         </existDates>
         <legalStatuses>
            <legalStatus>
               <term vocabularySource="d5blonb04s-1nqrprwwl75h0">cabinet ministériel</term>
            </legalStatus>
         </legalStatuses>
      </description>
      <relations>
         <cpfRelation xmlns:xlink="http://www.w3.org/1999/xlink"
                      cpfRelationType="hierarchical-child"
                      xlink:href="FRAN_NP_009845"
                      xlink:type="simple">
            <relationEntry>Cabinet de Christiane Taubira, garde des sceaux, ministre de la Justice</relationEntry>
            <dateRange>
               <fromDate standardDate="2012-05-16">16 mai 2012</fromDate>
            </dateRange>
         </cpfRelation>
         <cpfRelation xmlns:xlink="http://www.w3.org/1999/xlink"
                      cpfRelationType="hierarchical-child"
                      xlink:href="FRAN_NP_009732"
                      xlink:type="simple">
            <relationEntry>Cabinet de Rachida Dati, garde des Sceaux, ministre de la Justice</relationEntry>
            <dateRange>
               <fromDate standardDate="2007-05-18">18 mai 2007</fromDate>
               <toDate standardDate="2009-06-23">23 juin 2009</toDate>
            </dateRange>
         </cpfRelation>
         <cpfRelation xmlns:xlink="http://www.w3.org/1999/xlink"
                      cpfRelationType="associative"
                      xlink:href="FRAN_NP_051365"
                      xlink:type="simple">
            <relationEntry>Blouet, Jean-Luc (19..-....)</relationEntry>
            <dateRange>
               <fromDate standardDate="2002-01-01">2002</fromDate>
               <toDate standardDate="2004-12-31">2004</toDate>
            </dateRange>
         </cpfRelation>
         <cpfRelation xmlns:xlink="http://www.w3.org/1999/xlink"
                      cpfRelationType="associative"
                      xlink:href="FRAN_NP_051428"
                      xlink:type="simple">
            <relationEntry>Lenoir, Noëlle (1948-....)</relationEntry>
            <dateRange>
               <fromDate standardDate="1988-11-02">2 novembre 1988</fromDate>
               <toDate standardDate="1991-06-30">juin 1991</toDate>
            </dateRange>
            <descriptiveNote>
               <p>
     Directrice du cabinet du garde des Sceaux, ministre de la Justice (Pierre Arpaillange)
    </p>
            </descriptiveNote>
         </cpfRelation>
         <cpfRelation xmlns:xlink="http://www.w3.org/1999/xlink"
                      cpfRelationType="associative"
                      xlink:href="FRAN_NP_009198"
                      xlink:type="simple">
            <relationEntry>Guillaume, Michel (1922-...)</relationEntry>
            <dateRange>
               <fromDate standardDate="1958-07-01">juillet 1958</fromDate>
               <toDate standardDate="1958-12-31">décembre 1958</toDate>
            </dateRange>
            <descriptiveNote>
               <p>
     - Groupe de travail en charge de la rédaction de la Constitution.
    </p>
            </descriptiveNote>
         </cpfRelation>
         <cpfRelation xmlns:xlink="http://www.w3.org/1999/xlink"
                      cpfRelationType="hierarchical-child"
                      xlink:href="FRAN_NP_009734"
                      xlink:type="simple">
            <relationEntry>Cabinet de Michel Mercier, garde des Sceaux, ministre de la Justice et des Libertés</relationEntry>
            <dateRange>
               <fromDate standardDate="2010-11-13">13 novembre 2010</fromDate>
               <toDate standardDate="2012-05-10">10 mai 2012</toDate>
            </dateRange>
         </cpfRelation>
         <cpfRelation xmlns:xlink="http://www.w3.org/1999/xlink"
                      cpfRelationType="hierarchical-child"
                      xlink:href="FRAN_NP_009733"
                      xlink:type="simple">
            <relationEntry>Cabinet de Michèle Alliot-Marie, garde des Sceaux, ministre de la Justice et des Libertés</relationEntry>
            <dateRange>
               <fromDate standardDate="2009-06-23">23 juin 2009</fromDate>
               <toDate standardDate="2010-11-13">13 novembre 2010</toDate>
            </dateRange>
         </cpfRelation>
         <cpfRelation xmlns:xlink="http://www.w3.org/1999/xlink"
                      cpfRelationType="hierarchical-parent"
                      xlink:href="FRAN_NP_000009"
                      xlink:type="simple">
            <relationEntry>Ministère de la Justice</relationEntry>
            <dateRange>
               <fromDate standardDate="1947-01-01">1947</fromDate>
               <toDate/>
            </dateRange>
         </cpfRelation>
         <resourceRelation xmlns:xlink="http://www.w3.org/1999/xlink"
                           resourceRelationType="subjectOf"
                           xlink:href="FRAN_IR_015855"
                           xlink:type="simple">
            <relationEntry localType="archival">Justice ; Cabinet et services rattachés au Ministre ; Cabinet (1991-1996)</relationEntry>
         </resourceRelation>
         <resourceRelation xmlns:xlink="http://www.w3.org/1999/xlink"
                           resourceRelationType="subjectOf"
                           xlink:href="FRAN_IR_018675"
                           xlink:type="simple">
            <relationEntry localType="archival">Justice ; Cabinet et services rattachés au Ministre ; Cabinet (1949-1984)</relationEntry>
         </resourceRelation>
         <resourceRelation xmlns:xlink="http://www.w3.org/1999/xlink"
                           resourceRelationType="subjectOf"
                           xlink:href="FRAN_IR_009115"
                           xlink:type="simple">
            <relationEntry localType="archival">Justice ; Cabinet et services rattachés au Ministre ; Cabinet (1905-1979)</relationEntry>
         </resourceRelation>
         <resourceRelation xmlns:xlink="http://www.w3.org/1999/xlink"
                           resourceRelationType="subjectOf"
                           xlink:href="FRAN_IR_009116"
                           xlink:type="simple">
            <relationEntry localType="archival">Justice ; Cabinet et services rattachés au Ministre ; Cabinet (1983-1986)</relationEntry>
         </resourceRelation>
         <resourceRelation xmlns:xlink="http://www.w3.org/1999/xlink"
                           resourceRelationType="subjectOf"
                           xlink:href="FRAN_IR_009117"
                           xlink:type="simple">
            <relationEntry localType="archival">Justice ; Cabinet et services rattachés au Ministre ; Cabinet (1981-1986)</relationEntry>
         </resourceRelation>
         <resourceRelation xmlns:xlink="http://www.w3.org/1999/xlink"
                           resourceRelationType="subjectOf"
                           xlink:href="FRAN_IR_009118"
                           xlink:type="simple">
            <relationEntry localType="archival">Justice ; Cabinet et services rattachés au Ministre ; Cabinet (1983-1986)</relationEntry>
         </resourceRelation>
         <resourceRelation xmlns:xlink="http://www.w3.org/1999/xlink"
                           resourceRelationType="subjectOf"
                           xlink:href="FRAN_IR_009119"
                           xlink:type="simple">
            <relationEntry localType="archival">Justice ; Cabinet et services rattachés au Ministre ; Cabinet (1981-1986)</relationEntry>
         </resourceRelation>
         <resourceRelation xmlns:xlink="http://www.w3.org/1999/xlink"
                           resourceRelationType="subjectOf"
                           xlink:href="FRAN_IR_009120"
                           xlink:type="simple">
            <relationEntry localType="archival">Justice ; Cabinet et services rattachés au Ministre ; Cabinet (1981-1986)</relationEntry>
         </resourceRelation>
         <resourceRelation xmlns:xlink="http://www.w3.org/1999/xlink"
                           resourceRelationType="subjectOf"
                           xlink:href="FRAN_IR_009123"
                           xlink:type="simple">
            <relationEntry localType="archival">Justice ; Cabinet et services rattachés au Ministre ; Cabinet (1965-1972)</relationEntry>
         </resourceRelation>
         <resourceRelation xmlns:xlink="http://www.w3.org/1999/xlink"
                           resourceRelationType="subjectOf"
                           xlink:href="FRAN_IR_009122"
                           xlink:type="simple">
            <relationEntry localType="archival">Justice ; Cabinet et services rattachés au Ministre ; Cabinet (1986-1987)</relationEntry>
         </resourceRelation>
         <resourceRelation xmlns:xlink="http://www.w3.org/1999/xlink"
                           resourceRelationType="subjectOf"
                           xlink:href="FRAN_IR_009121"
                           xlink:type="simple">
            <relationEntry localType="archival">Justice ; Cabinet et services rattachés au Ministre ; Cabinet (1981-1986)</relationEntry>
         </resourceRelation>
         <resourceRelation xmlns:xlink="http://www.w3.org/1999/xlink"
                           resourceRelationType="subjectOf"
                           xlink:href="FRAN_IR_009124"
                           xlink:type="simple">
            <relationEntry localType="archival">Justice ; Cabinet et services rattachés au Ministre ; Cabinet (1969-1976)</relationEntry>
         </resourceRelation>
         <resourceRelation xmlns:xlink="http://www.w3.org/1999/xlink"
                           resourceRelationType="subjectOf"
                           xlink:href="FRAN_IR_009126"
                           xlink:type="simple">
            <relationEntry localType="archival">Justice ; Cabinet et services rattachés au Ministre ; Cabinet (1990-1990)</relationEntry>
         </resourceRelation>
         <resourceRelation xmlns:xlink="http://www.w3.org/1999/xlink"
                           resourceRelationType="subjectOf"
                           xlink:href="FRAN_IR_009127"
                           xlink:type="simple">
            <relationEntry localType="archival">Justice ; Cabinet et services rattachés au Ministre ; Cabinet (1988-1989)</relationEntry>
         </resourceRelation>
         <resourceRelation xmlns:xlink="http://www.w3.org/1999/xlink"
                           resourceRelationType="subjectOf"
                           xlink:href="FRAN_IR_009125"
                           xlink:type="simple">
            <relationEntry localType="archival">Justice ; Cabinet et services rattachés au Ministre ; Cabinet (1986-1988)</relationEntry>
         </resourceRelation>
         <resourceRelation xmlns:xlink="http://www.w3.org/1999/xlink"
                           resourceRelationType="subjectOf"
                           xlink:href="FRAN_IR_009128"
                           xlink:type="simple">
            <relationEntry localType="archival">Justice ; Cabinet et services rattachés au Ministre ; Cabinet (1980-1985)</relationEntry>
         </resourceRelation>
         <resourceRelation xmlns:xlink="http://www.w3.org/1999/xlink"
                           resourceRelationType="subjectOf"
                           xlink:href="FRAN_IR_009129"
                           xlink:type="simple">
            <relationEntry localType="archival">Justice ; Cabinet et services rattachés au Ministre ; Cabinet (1988-1988)</relationEntry>
         </resourceRelation>
         <resourceRelation xmlns:xlink="http://www.w3.org/1999/xlink"
                           resourceRelationType="subjectOf"
                           xlink:href="FRAN_IR_009130"
                           xlink:type="simple">
            <relationEntry localType="archival">Justice ; Cabinet et services rattachés au Ministre ; Cabinet (1988-1990)</relationEntry>
         </resourceRelation>
         <resourceRelation xmlns:xlink="http://www.w3.org/1999/xlink"
                           resourceRelationType="subjectOf"
                           xlink:href="FRAN_IR_009131"
                           xlink:type="simple">
            <relationEntry localType="archival">Justice ; Cabinet et services rattachés au Ministre ; Cabinet (1986-1987)</relationEntry>
         </resourceRelation>
         <resourceRelation xmlns:xlink="http://www.w3.org/1999/xlink"
                           resourceRelationType="subjectOf"
                           xlink:href="FRAN_IR_009132"
                           xlink:type="simple">
            <relationEntry localType="archival">Justice ; Cabinet et services rattachés au Ministre ; Cabinet (1988-1990)</relationEntry>
         </resourceRelation>
         <resourceRelation xmlns:xlink="http://www.w3.org/1999/xlink"
                           resourceRelationType="subjectOf"
                           xlink:href="FRAN_IR_009133"
                           xlink:type="simple">
            <relationEntry localType="archival">Justice ; Cabinet et services rattachés au Ministre ; Cabinet (1839-1991)</relationEntry>
         </resourceRelation>
         <resourceRelation xmlns:xlink="http://www.w3.org/1999/xlink"
                           resourceRelationType="subjectOf"
                           xlink:href="FRAN_IR_009134"
                           xlink:type="simple">
            <relationEntry localType="archival">Justice ; Cabinet et services rattachés au Ministre ; Cabinet (1990-1993)</relationEntry>
         </resourceRelation>
         <resourceRelation xmlns:xlink="http://www.w3.org/1999/xlink"
                           resourceRelationType="subjectOf"
                           xlink:href="FRAN_IR_009136"
                           xlink:type="simple">
            <relationEntry localType="archival">Justice ; Cabinet et services rattachés au Ministre ; Cabinet (1986-1993)</relationEntry>
         </resourceRelation>
         <resourceRelation xmlns:xlink="http://www.w3.org/1999/xlink"
                           resourceRelationType="subjectOf"
                           xlink:href="FRAN_IR_009137"
                           xlink:type="simple">
            <relationEntry localType="archival">Justice ; Cabinet et services rattachés au Ministre ; Cabinet (1990-1991)</relationEntry>
         </resourceRelation>
         <resourceRelation xmlns:xlink="http://www.w3.org/1999/xlink"
                           resourceRelationType="subjectOf"
                           xlink:href="FRAN_IR_009139"
                           xlink:type="simple">
            <relationEntry localType="archival">Justice ; Cabinet et services rattachés au Ministre ; Cabinet (1974-1991)</relationEntry>
         </resourceRelation>
         <resourceRelation xmlns:xlink="http://www.w3.org/1999/xlink"
                           resourceRelationType="subjectOf"
                           xlink:href="FRAN_IR_009138"
                           xlink:type="simple">
            <relationEntry localType="archival">Justice ; Cabinet et services rattachés au Ministre ; Cabinet (1982-1991)</relationEntry>
         </resourceRelation>
         <resourceRelation xmlns:xlink="http://www.w3.org/1999/xlink"
                           resourceRelationType="subjectOf"
                           xlink:href="FRAN_IR_009141"
                           xlink:type="simple">
            <relationEntry localType="archival">Justice ; Cabinet et services rattachés au Ministre ; Cabinet (1990-1992)</relationEntry>
         </resourceRelation>
         <resourceRelation xmlns:xlink="http://www.w3.org/1999/xlink"
                           resourceRelationType="subjectOf"
                           xlink:href="FRAN_IR_009140"
                           xlink:type="simple">
            <relationEntry localType="archival">Justice ; Cabinet et services rattachés au Ministre ; Cabinet (1988-1991)</relationEntry>
         </resourceRelation>
         <resourceRelation xmlns:xlink="http://www.w3.org/1999/xlink"
                           resourceRelationType="subjectOf"
                           xlink:href="FRAN_IR_009142"
                           xlink:type="simple">
            <relationEntry localType="archival">Justice ; Cabinet et services rattachés au Ministre ; Cabinet (1991-1992)</relationEntry>
         </resourceRelation>
         <resourceRelation xmlns:xlink="http://www.w3.org/1999/xlink"
                           resourceRelationType="subjectOf"
                           xlink:href="FRAN_IR_009145"
                           xlink:type="simple">
            <relationEntry localType="archival">Justice ; Cabinet et services rattachés au Ministre ; Cabinet (1991-1994)</relationEntry>
         </resourceRelation>
         <resourceRelation xmlns:xlink="http://www.w3.org/1999/xlink"
                           resourceRelationType="subjectOf"
                           xlink:href="FRAN_IR_009143"
                           xlink:type="simple">
            <relationEntry localType="archival">Justice ; Cabinet et services rattachés au Ministre ; Cabinet (1992-1993)</relationEntry>
         </resourceRelation>
         <resourceRelation xmlns:xlink="http://www.w3.org/1999/xlink"
                           resourceRelationType="subjectOf"
                           xlink:href="FRAN_IR_009144"
                           xlink:type="simple">
            <relationEntry localType="archival">Justice ; Cabinet et services rattachés au Ministre ; Cabinet (1986-1992)</relationEntry>
         </resourceRelation>
         <resourceRelation xmlns:xlink="http://www.w3.org/1999/xlink"
                           resourceRelationType="subjectOf"
                           xlink:href="FRAN_IR_009146"
                           xlink:type="simple">
            <relationEntry localType="archival">Justice ; Cabinet et services rattachés au Ministre ; Cabinet (1978-1992)</relationEntry>
         </resourceRelation>
         <resourceRelation xmlns:xlink="http://www.w3.org/1999/xlink"
                           resourceRelationType="subjectOf"
                           xlink:href="FRAN_IR_009147"
                           xlink:type="simple">
            <relationEntry localType="archival">Justice ; Cabinet et services rattachés au Ministre ; Cabinet (1991-1991)</relationEntry>
         </resourceRelation>
         <resourceRelation xmlns:xlink="http://www.w3.org/1999/xlink"
                           resourceRelationType="subjectOf"
                           xlink:href="FRAN_IR_009148"
                           xlink:type="simple">
            <relationEntry localType="archival">Justice ; Cabinet et services rattachés au Ministre ; Cabinet (1979-1992)</relationEntry>
         </resourceRelation>
         <resourceRelation xmlns:xlink="http://www.w3.org/1999/xlink"
                           resourceRelationType="subjectOf"
                           xlink:href="FRAN_IR_009149"
                           xlink:type="simple">
            <relationEntry localType="archival">Justice ; Cabinet et services rattachés au Ministre ; Cabinet (1993-1994)</relationEntry>
         </resourceRelation>
         <resourceRelation xmlns:xlink="http://www.w3.org/1999/xlink"
                           resourceRelationType="subjectOf"
                           xlink:href="FRAN_IR_009151"
                           xlink:type="simple">
            <relationEntry localType="archival">Justice ; Cabinet et services rattachés au Ministre ; Cabinet (1994-1995)</relationEntry>
         </resourceRelation>
         <resourceRelation xmlns:xlink="http://www.w3.org/1999/xlink"
                           resourceRelationType="subjectOf"
                           xlink:href="FRAN_IR_009150"
                           xlink:type="simple">
            <relationEntry localType="archival">Justice ; Cabinet et services rattachés au Ministre ; Cabinet (1990-1994)</relationEntry>
         </resourceRelation>
         <resourceRelation xmlns:xlink="http://www.w3.org/1999/xlink"
                           resourceRelationType="subjectOf"
                           xlink:href="FRAN_IR_009152"
                           xlink:type="simple">
            <relationEntry localType="archival">Justice ; Cabinet et services rattachés au Ministre ; Cabinet (1989-1995)</relationEntry>
         </resourceRelation>
         <resourceRelation xmlns:xlink="http://www.w3.org/1999/xlink"
                           resourceRelationType="subjectOf"
                           xlink:href="FRAN_IR_009153"
                           xlink:type="simple">
            <relationEntry localType="archival">Justice ; Cabinet et services rattachés au Ministre ; Cabinet (1991-1995)</relationEntry>
         </resourceRelation>
         <resourceRelation xmlns:xlink="http://www.w3.org/1999/xlink"
                           resourceRelationType="subjectOf"
                           xlink:href="FRAN_IR_009154"
                           xlink:type="simple">
            <relationEntry localType="archival">Justice ; Cabinet et services rattachés au Ministre ; Cabinet (1993-1995)</relationEntry>
         </resourceRelation>
         <resourceRelation xmlns:xlink="http://www.w3.org/1999/xlink"
                           resourceRelationType="subjectOf"
                           xlink:href="FRAN_IR_009155"
                           xlink:type="simple">
            <relationEntry localType="archival">Justice ; Cabinet et services rattachés au Ministre ; Cabinet (1991-1992)</relationEntry>
         </resourceRelation>
         <resourceRelation xmlns:xlink="http://www.w3.org/1999/xlink"
                           resourceRelationType="subjectOf"
                           xlink:href="FRAN_IR_009156"
                           xlink:type="simple">
            <relationEntry localType="archival">Justice ; Cabinet et services rattachés au Ministre ; Cabinet (1993-1995)</relationEntry>
         </resourceRelation>
         <resourceRelation xmlns:xlink="http://www.w3.org/1999/xlink"
                           resourceRelationType="subjectOf"
                           xlink:href="FRAN_IR_009157"
                           xlink:type="simple">
            <relationEntry localType="archival">Justice ; Cabinet et services rattachés au Ministre ; Cabinet (1992-1995)</relationEntry>
         </resourceRelation>
         <resourceRelation xmlns:xlink="http://www.w3.org/1999/xlink"
                           resourceRelationType="subjectOf"
                           xlink:href="FRAN_IR_009158"
                           xlink:type="simple">
            <relationEntry localType="archival">Justice ; Cabinet et services rattachés au Ministre ; Cabinet (1989-1995)</relationEntry>
         </resourceRelation>
         <resourceRelation xmlns:xlink="http://www.w3.org/1999/xlink"
                           resourceRelationType="subjectOf"
                           xlink:href="FRAN_IR_009160"
                           xlink:type="simple">
            <relationEntry localType="archival">Justice ; Cabinet et services rattachés au Ministre ; Cabinet (1944-1947)</relationEntry>
         </resourceRelation>
         <resourceRelation xmlns:xlink="http://www.w3.org/1999/xlink"
                           resourceRelationType="subjectOf"
                           xlink:href="FRAN_IR_009161"
                           xlink:type="simple">
            <relationEntry localType="archival">Justice ; Cabinet et services rattachés au Ministre ; Cabinet (1993-1995)</relationEntry>
         </resourceRelation>
         <resourceRelation xmlns:xlink="http://www.w3.org/1999/xlink"
                           resourceRelationType="subjectOf"
                           xlink:href="FRAN_IR_009162"
                           xlink:type="simple">
            <relationEntry localType="archival">Justice ; Cabinet et services rattachés au Ministre ; Cabinet (1993-1995)</relationEntry>
         </resourceRelation>
         <resourceRelation xmlns:xlink="http://www.w3.org/1999/xlink"
                           resourceRelationType="subjectOf"
                           xlink:href="FRAN_IR_009866"
                           xlink:type="simple">
            <relationEntry localType="archival">Justice ; Cabinet et services rattachés au Ministre ; Cabinet (1995-1996)</relationEntry>
         </resourceRelation>
         <resourceRelation xmlns:xlink="http://www.w3.org/1999/xlink"
                           resourceRelationType="subjectOf"
                           xlink:href="FRAN_IR_009963"
                           xlink:type="simple">
            <relationEntry localType="archival">Justice ; Cabinet et services rattachés au Ministre ; Cabinet (1981-1986)</relationEntry>
         </resourceRelation>
         <resourceRelation xmlns:xlink="http://www.w3.org/1999/xlink"
                           resourceRelationType="subjectOf"
                           xlink:href="FRAN_IR_009964"
                           xlink:type="simple">
            <relationEntry localType="archival">Justice ; Cabinet et services rattachés au Ministre ; Cabinet (1988-1991)</relationEntry>
         </resourceRelation>
         <resourceRelation xmlns:xlink="http://www.w3.org/1999/xlink"
                           resourceRelationType="subjectOf"
                           xlink:href="FRAN_IR_009965"
                           xlink:type="simple">
            <relationEntry localType="archival">Justice ; Cabinet et services rattachés au Ministre ; Cabinet (1997-2000)</relationEntry>
         </resourceRelation>
         <resourceRelation xmlns:xlink="http://www.w3.org/1999/xlink"
                           resourceRelationType="subjectOf"
                           xlink:href="FRAN_IR_009966"
                           xlink:type="simple">
            <relationEntry localType="archival">Justice ; Cabinet et services rattachés au Ministre ; Cabinet (1982-2000)</relationEntry>
         </resourceRelation>
         <resourceRelation xmlns:xlink="http://www.w3.org/1999/xlink"
                           resourceRelationType="subjectOf"
                           xlink:href="FRAN_IR_009967"
                           xlink:type="simple">
            <relationEntry localType="archival">Justice ; Cabinet et services rattachés au Ministre ; Cabinet (1997-2000)</relationEntry>
         </resourceRelation>
         <resourceRelation xmlns:xlink="http://www.w3.org/1999/xlink"
                           resourceRelationType="subjectOf"
                           xlink:href="FRAN_IR_009970"
                           xlink:type="simple">
            <relationEntry localType="archival">Justice ; Cabinet et services rattachés au Ministre ; Cabinet (1997-2000)</relationEntry>
         </resourceRelation>
         <resourceRelation xmlns:xlink="http://www.w3.org/1999/xlink"
                           resourceRelationType="subjectOf"
                           xlink:href="FRAN_IR_009969"
                           xlink:type="simple">
            <relationEntry localType="archival">Justice ; Cabinet et services rattachés au Ministre ; Cabinet (1997-2000)</relationEntry>
         </resourceRelation>
         <resourceRelation xmlns:xlink="http://www.w3.org/1999/xlink"
                           resourceRelationType="subjectOf"
                           xlink:href="FRAN_IR_009968"
                           xlink:type="simple">
            <relationEntry localType="archival">Justice ; Cabinet et services rattachés au Ministre ; Cabinet (1994-2000)</relationEntry>
         </resourceRelation>
         <resourceRelation xmlns:xlink="http://www.w3.org/1999/xlink"
                           resourceRelationType="subjectOf"
                           xlink:href="FRAN_IR_009971"
                           xlink:type="simple">
            <relationEntry localType="archival">Justice ; Cabinet et services rattachés au Ministre ; Cabinet (1997-2000)</relationEntry>
         </resourceRelation>
         <resourceRelation xmlns:xlink="http://www.w3.org/1999/xlink"
                           resourceRelationType="subjectOf"
                           xlink:href="FRAN_IR_009972"
                           xlink:type="simple">
            <relationEntry localType="archival">Justice ; Cabinet et services rattachés au Ministre ; Cabinet (1705-1883)</relationEntry>
         </resourceRelation>
         <resourceRelation xmlns:xlink="http://www.w3.org/1999/xlink"
                           resourceRelationType="subjectOf"
                           xlink:href="FRAN_IR_010128"
                           xlink:type="simple">
            <relationEntry localType="archival">Justice ; Cabinet et services rattachés au Ministre ; Cabinet (1997-2002)</relationEntry>
         </resourceRelation>
         <resourceRelation xmlns:xlink="http://www.w3.org/1999/xlink"
                           resourceRelationType="subjectOf"
                           xlink:href="FRAN_IR_010127"
                           xlink:type="simple">
            <relationEntry localType="archival">Justice ; Cabinet et services rattachés au Ministre ; Cabinet (1995-2000)</relationEntry>
         </resourceRelation>
         <resourceRelation xmlns:xlink="http://www.w3.org/1999/xlink"
                           resourceRelationType="subjectOf"
                           xlink:href="FRAN_IR_010129"
                           xlink:type="simple">
            <relationEntry localType="archival">Justice ; Cabinet et services rattachés au Ministre ; Cabinet (1996-2002)</relationEntry>
         </resourceRelation>
         <resourceRelation xmlns:xlink="http://www.w3.org/1999/xlink"
                           resourceRelationType="subjectOf"
                           xlink:href="FRAN_IR_010126"
                           xlink:type="simple">
            <relationEntry localType="archival">Justice ; Cabinet et services rattachés au Ministre ; Cabinet (1997-2000)</relationEntry>
         </resourceRelation>
         <resourceRelation xmlns:xlink="http://www.w3.org/1999/xlink"
                           resourceRelationType="subjectOf"
                           xlink:href="FRAN_IR_010131"
                           xlink:type="simple">
            <relationEntry localType="archival">Justice ; Cabinet et services rattachés au Ministre ; Cabinet (1997-1999)</relationEntry>
         </resourceRelation>
         <resourceRelation xmlns:xlink="http://www.w3.org/1999/xlink"
                           resourceRelationType="subjectOf"
                           xlink:href="FRAN_IR_010133"
                           xlink:type="simple">
            <relationEntry localType="archival">Justice ; Cabinet et services rattachés au Ministre ; Cabinet (1998-2002)</relationEntry>
         </resourceRelation>
         <resourceRelation xmlns:xlink="http://www.w3.org/1999/xlink"
                           resourceRelationType="subjectOf"
                           xlink:href="FRAN_IR_010134"
                           xlink:type="simple">
            <relationEntry localType="archival">Justice ; Cabinet et services rattachés au Ministre ; Cabinet (1997-2002)</relationEntry>
         </resourceRelation>
         <resourceRelation xmlns:xlink="http://www.w3.org/1999/xlink"
                           resourceRelationType="subjectOf"
                           xlink:href="FRAN_IR_010137"
                           xlink:type="simple">
            <relationEntry localType="archival">Justice ; Cabinet et services rattachés au Ministre ; Cabinet (1997-2001)</relationEntry>
         </resourceRelation>
         <resourceRelation xmlns:xlink="http://www.w3.org/1999/xlink"
                           resourceRelationType="subjectOf"
                           xlink:href="FRAN_IR_010508"
                           xlink:type="simple">
            <relationEntry localType="archival">Justice ; Cabinet et services rattachés au Ministre ; Cabinet (1997-2001)</relationEntry>
         </resourceRelation>
         <resourceRelation xmlns:xlink="http://www.w3.org/1999/xlink"
                           resourceRelationType="subjectOf"
                           xlink:href="FRAN_IR_010509"
                           xlink:type="simple">
            <relationEntry localType="archival">Justice ; Cabinet et services rattachés au Ministre ; Cabinet (1993-2002)</relationEntry>
         </resourceRelation>
         <resourceRelation xmlns:xlink="http://www.w3.org/1999/xlink"
                           resourceRelationType="subjectOf"
                           xlink:href="FRAN_IR_010510"
                           xlink:type="simple">
            <relationEntry localType="archival">Justice ; Cabinet et services rattachés au Ministre ; Cabinet (1998-2002)</relationEntry>
         </resourceRelation>
         <resourceRelation xmlns:xlink="http://www.w3.org/1999/xlink"
                           resourceRelationType="subjectOf"
                           xlink:href="FRAN_IR_010513"
                           xlink:type="simple">
            <relationEntry localType="archival">Justice ; Cabinet et services rattachés au Ministre ; Cabinet (2000-2003)</relationEntry>
         </resourceRelation>
         <resourceRelation xmlns:xlink="http://www.w3.org/1999/xlink"
                           resourceRelationType="subjectOf"
                           xlink:href="FRAN_IR_010514"
                           xlink:type="simple">
            <relationEntry localType="archival">Justice ; Cabinet et services rattachés au Ministre ; Cabinet (1995-2002)</relationEntry>
         </resourceRelation>
         <resourceRelation xmlns:xlink="http://www.w3.org/1999/xlink"
                           resourceRelationType="subjectOf"
                           xlink:href="FRAN_IR_010511"
                           xlink:type="simple">
            <relationEntry localType="archival">Justice ; Cabinet et services rattachés au Ministre ; Cabinet (1995-2002)</relationEntry>
         </resourceRelation>
         <resourceRelation xmlns:xlink="http://www.w3.org/1999/xlink"
                           resourceRelationType="subjectOf"
                           xlink:href="FRAN_IR_010519"
                           xlink:type="simple">
            <relationEntry localType="archival">Justice ; Cabinet et services rattachés au Ministre ; Cabinet (2000-2002)</relationEntry>
         </resourceRelation>
         <resourceRelation xmlns:xlink="http://www.w3.org/1999/xlink"
                           resourceRelationType="subjectOf"
                           xlink:href="FRAN_IR_010520"
                           xlink:type="simple">
            <relationEntry localType="archival">Justice ; Cabinet et services rattachés au Ministre ; Cabinet (1993-2002)</relationEntry>
         </resourceRelation>
         <resourceRelation xmlns:xlink="http://www.w3.org/1999/xlink"
                           resourceRelationType="subjectOf"
                           xlink:href="FRAN_IR_013531"
                           xlink:type="simple">
            <relationEntry localType="archival">Justice ; Cabinet et services rattachés au Ministre ; Cabinet (1987-1991)</relationEntry>
         </resourceRelation>
         <resourceRelation xmlns:xlink="http://www.w3.org/1999/xlink"
                           resourceRelationType="subjectOf"
                           xlink:href="FRAN_IR_013556"
                           xlink:type="simple">
            <relationEntry localType="archival">Justice ; Cabinet et services rattachés au Ministre ; Cabinet (1987-1987)</relationEntry>
         </resourceRelation>
         <resourceRelation xmlns:xlink="http://www.w3.org/1999/xlink"
                           resourceRelationType="subjectOf"
                           xlink:href="FRAN_IR_013706"
                           xlink:type="simple">
            <relationEntry localType="archival">Justice ; Cabinet et services rattachés au Ministre ; Cabinet (1967-1981)</relationEntry>
         </resourceRelation>
         <resourceRelation xmlns:xlink="http://www.w3.org/1999/xlink"
                           resourceRelationType="subjectOf"
                           xlink:href="FRAN_IR_015703"
                           xlink:type="simple">
            <relationEntry localType="archival">Justice ; Cabinet et services rattachés au Ministre ; Cabinet (1995-1996)</relationEntry>
         </resourceRelation>
         <resourceRelation xmlns:xlink="http://www.w3.org/1999/xlink"
                           resourceRelationType="subjectOf"
                           xlink:href="FRAN_IR_015704"
                           xlink:type="simple">
            <relationEntry localType="archival">Justice ; Cabinet et services rattachés au Ministre ; Cabinet (1992-1997)</relationEntry>
         </resourceRelation>
         <resourceRelation xmlns:xlink="http://www.w3.org/1999/xlink"
                           resourceRelationType="subjectOf"
                           xlink:href="FRAN_IR_015705"
                           xlink:type="simple">
            <relationEntry localType="archival">Justice ; Cabinet et services rattachés au Ministre ; Cabinet (1995-1997)</relationEntry>
         </resourceRelation>
         <resourceRelation xmlns:xlink="http://www.w3.org/1999/xlink"
                           resourceRelationType="subjectOf"
                           xlink:href="FRAN_IR_015706"
                           xlink:type="simple">
            <relationEntry localType="archival">Justice ; Cabinet et services rattachés au Ministre ; Cabinet (1995-1997)</relationEntry>
         </resourceRelation>
         <resourceRelation xmlns:xlink="http://www.w3.org/1999/xlink"
                           resourceRelationType="subjectOf"
                           xlink:href="FRAN_IR_015707"
                           xlink:type="simple">
            <relationEntry localType="archival">Justice ; Cabinet et services rattachés au Ministre ; Cabinet (1995-1997)</relationEntry>
         </resourceRelation>
         <resourceRelation xmlns:xlink="http://www.w3.org/1999/xlink"
                           resourceRelationType="subjectOf"
                           xlink:href="FRAN_IR_015708"
                           xlink:type="simple">
            <relationEntry localType="archival">Justice ; Cabinet et services rattachés au Ministre ; Cabinet (1996-1997)</relationEntry>
         </resourceRelation>
         <resourceRelation xmlns:xlink="http://www.w3.org/1999/xlink"
                           resourceRelationType="subjectOf"
                           xlink:href="FRAN_IR_015709"
                           xlink:type="simple">
            <relationEntry localType="archival">Justice ; Cabinet et services rattachés au Ministre ; Cabinet (1993-1997)</relationEntry>
         </resourceRelation>
         <resourceRelation xmlns:xlink="http://www.w3.org/1999/xlink"
                           resourceRelationType="subjectOf"
                           xlink:href="FRAN_IR_015710"
                           xlink:type="simple">
            <relationEntry localType="archival">Justice ; Cabinet et services rattachés au Ministre ; Cabinet (1995-1997)</relationEntry>
         </resourceRelation>
         <resourceRelation xmlns:xlink="http://www.w3.org/1999/xlink"
                           resourceRelationType="subjectOf"
                           xlink:href="FRAN_IR_015711"
                           xlink:type="simple">
            <relationEntry localType="archival">Justice ; Cabinet et services rattachés au Ministre ; Cabinet (1995-1996)</relationEntry>
         </resourceRelation>
         <resourceRelation xmlns:xlink="http://www.w3.org/1999/xlink"
                           resourceRelationType="subjectOf"
                           xlink:href="FRAN_IR_016117"
                           xlink:type="simple">
            <relationEntry localType="archival">Justice ; Cabinet et services rattachés au Ministre ; Cabinet (2000-2002)</relationEntry>
         </resourceRelation>
         <resourceRelation xmlns:xlink="http://www.w3.org/1999/xlink"
                           resourceRelationType="subjectOf"
                           xlink:href="FRAN_IR_016119"
                           xlink:type="simple">
            <relationEntry localType="archival">Justice ; Cabinet et services rattachés au Ministre ; Cabinet (2000-2002)</relationEntry>
         </resourceRelation>
         <resourceRelation xmlns:xlink="http://www.w3.org/1999/xlink"
                           resourceRelationType="subjectOf"
                           xlink:href="FRAN_IR_016118"
                           xlink:type="simple">
            <relationEntry localType="archival">Justice ; Cabinet et services rattachés au Ministre ; Cabinet (1995-2002)</relationEntry>
         </resourceRelation>
         <resourceRelation xmlns:xlink="http://www.w3.org/1999/xlink"
                           resourceRelationType="subjectOf"
                           xlink:href="FRAN_IR_016120"
                           xlink:type="simple">
            <relationEntry localType="archival">Justice ; Cabinet et services rattachés au Ministre ; Cabinet (1997-2002)</relationEntry>
         </resourceRelation>
         <resourceRelation xmlns:xlink="http://www.w3.org/1999/xlink"
                           resourceRelationType="subjectOf"
                           xlink:href="FRAN_IR_018672"
                           xlink:type="simple">
            <relationEntry localType="archival">Justice ; Cabinet et services rattachés au Ministre ; Cabinet (1989-1990)</relationEntry>
         </resourceRelation>
         <resourceRelation xmlns:xlink="http://www.w3.org/1999/xlink"
                           resourceRelationType="subjectOf"
                           xlink:href="FRAN_IR_018673"
                           xlink:type="simple">
            <relationEntry localType="archival">Justice ; Cabinet et services rattachés au Ministre ; Cabinet (1977-1986)</relationEntry>
         </resourceRelation>
         <resourceRelation xmlns:xlink="http://www.w3.org/1999/xlink"
                           resourceRelationType="subjectOf"
                           xlink:href="FRAN_IR_018674"
                           xlink:type="simple">
            <relationEntry localType="archival">Justice ; Cabinet et services rattachés au Ministre ; Cabinet (1993-1995)</relationEntry>
         </resourceRelation>
         <resourceRelation xmlns:xlink="http://www.w3.org/1999/xlink"
                           resourceRelationType="subjectOf"
                           xlink:href="FRAN_IR_018868"
                           xlink:type="simple">
            <relationEntry localType="archival">Justice ; Cabinet et services rattachés au Ministre ; Cabinet (1995-1997)</relationEntry>
         </resourceRelation>
         <resourceRelation xmlns:xlink="http://www.w3.org/1999/xlink"
                           resourceRelationType="subjectOf"
                           xlink:href="FRAN_IR_019032"
                           xlink:type="simple">
            <relationEntry localType="archival">Justice ; Cabinet et services rattachés au Ministre ; Cabinet (1981-1984)</relationEntry>
         </resourceRelation>
         <resourceRelation xmlns:xlink="http://www.w3.org/1999/xlink"
                           resourceRelationType="subjectOf"
                           xlink:href="FRAN_IR_019367"
                           xlink:type="simple">
            <relationEntry localType="archival">Justice ; Cabinet et services rattachés au Ministre ; Cabinet (1997-2000)</relationEntry>
         </resourceRelation>
         <resourceRelation xmlns:xlink="http://www.w3.org/1999/xlink"
                           resourceRelationType="subjectOf"
                           xlink:href="FRAN_IR_019368"
                           xlink:type="simple">
            <relationEntry localType="archival">Justice ; Cabinet et services rattachés au Ministre ; Cabinet (1997-2000)</relationEntry>
         </resourceRelation>
         <resourceRelation xmlns:xlink="http://www.w3.org/1999/xlink"
                           resourceRelationType="subjectOf"
                           xlink:href="FRAN_IR_019369"
                           xlink:type="simple">
            <relationEntry localType="archival">Justice ; Cabinet et services rattachés au Ministre ; Cabinet (1997-2000)</relationEntry>
         </resourceRelation>
         <resourceRelation xmlns:xlink="http://www.w3.org/1999/xlink"
                           resourceRelationType="subjectOf"
                           xlink:href="FRAN_IR_019370"
                           xlink:type="simple">
            <relationEntry localType="archival">Justice ; Cabinet et services rattachés au Ministre ; Cabinet (1985-1999)</relationEntry>
         </resourceRelation>
         <resourceRelation xmlns:xlink="http://www.w3.org/1999/xlink"
                           resourceRelationType="subjectOf"
                           xlink:href="FRAN_IR_019372"
                           xlink:type="simple">
            <relationEntry localType="archival">Justice ; Cabinet et services rattachés au Ministre ; Cabinet (1997-2001)</relationEntry>
         </resourceRelation>
         <resourceRelation xmlns:xlink="http://www.w3.org/1999/xlink"
                           resourceRelationType="subjectOf"
                           xlink:href="FRAN_IR_019371"
                           xlink:type="simple">
            <relationEntry localType="archival">Justice ; Cabinet et services rattachés au Ministre ; Cabinet (1972-2001)</relationEntry>
         </resourceRelation>
         <resourceRelation xmlns:xlink="http://www.w3.org/1999/xlink"
                           resourceRelationType="subjectOf"
                           xlink:href="FRAN_IR_019373"
                           xlink:type="simple">
            <relationEntry localType="archival">Justice ; Cabinet et services rattachés au Ministre ; Cabinet (1997-2000)</relationEntry>
         </resourceRelation>
         <resourceRelation xmlns:xlink="http://www.w3.org/1999/xlink"
                           resourceRelationType="subjectOf"
                           xlink:href="FRAN_IR_019809"
                           xlink:type="simple">
            <relationEntry localType="archival">Justice ; Cabinet et services rattachés au Ministre ; Cabinet (1998-2002)</relationEntry>
         </resourceRelation>
         <resourceRelation xmlns:xlink="http://www.w3.org/1999/xlink"
                           resourceRelationType="subjectOf"
                           xlink:href="FRAN_IR_022963"
                           xlink:type="simple">
            <relationEntry localType="archival">Justice ; Cabinet et services rattachés au Ministre ; Cabinet (1981-1982)</relationEntry>
         </resourceRelation>
         <resourceRelation xmlns:xlink="http://www.w3.org/1999/xlink"
                           resourceRelationType="subjectOf"
                           xlink:href="FRAN_IR_022964"
                           xlink:type="simple">
            <relationEntry localType="archival">Justice ; Cabinet et services rattachés au Ministre ; Cabinet (1982-1982)</relationEntry>
         </resourceRelation>
         <resourceRelation xmlns:xlink="http://www.w3.org/1999/xlink"
                           resourceRelationType="subjectOf"
                           xlink:href="FRAN_IR_022965"
                           xlink:type="simple">
            <relationEntry localType="archival">Justice ; Cabinet et services rattachés au Ministre ; Cabinet (1981-1986)</relationEntry>
         </resourceRelation>
         <resourceRelation xmlns:xlink="http://www.w3.org/1999/xlink"
                           resourceRelationType="subjectOf"
                           xlink:href="FRAN_IR_023039"
                           xlink:type="simple">
            <relationEntry localType="archival">Justice ; Cabinet et services rattachés au Ministre ; Cabinet (1985-1988)</relationEntry>
         </resourceRelation>
         <resourceRelation xmlns:xlink="http://www.w3.org/1999/xlink"
                           resourceRelationType="subjectOf"
                           xlink:href="FRAN_IR_023077"
                           xlink:type="simple">
            <relationEntry localType="archival">Justice ; Cabinet et services rattachés au Ministre ; Cabinet (1978-1983)</relationEntry>
         </resourceRelation>
         <resourceRelation xmlns:xlink="http://www.w3.org/1999/xlink"
                           resourceRelationType="subjectOf"
                           xlink:href="FRAN_IR_023114"
                           xlink:type="simple">
            <relationEntry localType="archival">Justice ; Cabinet et services rattachés au Ministre ; Cabinet (1996-1998)</relationEntry>
         </resourceRelation>
         <resourceRelation xmlns:xlink="http://www.w3.org/1999/xlink"
                           resourceRelationType="subjectOf"
                           xlink:href="FRAN_IR_023195"
                           xlink:type="simple">
            <relationEntry localType="archival">Justice ; Cabinet et services rattachés au Ministre ; Cabinet (1989-1992)</relationEntry>
         </resourceRelation>
         <resourceRelation xmlns:xlink="http://www.w3.org/1999/xlink"
                           resourceRelationType="subjectOf"
                           xlink:href="FRAN_IR_023287"
                           xlink:type="simple">
            <relationEntry localType="archival">Justice ; Cabinet et services rattachés au Ministre ; Cabinet (1988-1990)</relationEntry>
         </resourceRelation>
         <resourceRelation xmlns:xlink="http://www.w3.org/1999/xlink"
                           resourceRelationType="subjectOf"
                           xlink:href="FRAN_IR_023481"
                           xlink:type="simple">
            <relationEntry localType="archival">Justice ; Cabinet et services rattachés au Ministre ; Cabinet (1980-1997)</relationEntry>
         </resourceRelation>
         <resourceRelation xmlns:xlink="http://www.w3.org/1999/xlink"
                           resourceRelationType="subjectOf"
                           xlink:href="FRAN_IR_023482"
                           xlink:type="simple">
            <relationEntry localType="archival">Justice ; Cabinet et services rattachés au Ministre ; Cabinet (1988-2002)</relationEntry>
         </resourceRelation>
         <resourceRelation xmlns:xlink="http://www.w3.org/1999/xlink"
                           resourceRelationType="subjectOf"
                           xlink:href="FRAN_IR_009159"
                           xlink:type="simple">
            <relationEntry localType="archival">Justice ; Cabinet et services rattachés au Ministre ; Cabinet (1944-1947)</relationEntry>
         </resourceRelation>
         <resourceRelation xmlns:xlink="http://www.w3.org/1999/xlink"
                           resourceRelationType="subjectOf"
                           xlink:href="FRAN_IR_010130"
                           xlink:type="simple">
            <relationEntry localType="archival">Justice ; Cabinet et services rattachés au Ministre ; Cabinet (1994-2002)</relationEntry>
         </resourceRelation>
         <resourceRelation xmlns:xlink="http://www.w3.org/1999/xlink"
                           resourceRelationType="creatorOf"
                           xlink:href="FRAN_IR_013500"
                           xlink:type="simple">
            <relationEntry localType="archival">Justice ; Cabinet et services rattachés au Ministre ; Cabinet (1964-1981)</relationEntry>
         </resourceRelation>
      </relations>
   </cpfDescription>
</eac-cpf>
