<eac-cpf xmlns="urn:isbn:1-931666-33-4"
         xmlns:xsi="http://www.w3.org/2001/XMLSchema-instance"
         xsi:schemaLocation="urn:isbn:1-931666-33-4 cpf.xsd">
   <control>
      <recordId>FRAN_NP_000018</recordId>
      <otherRecordId localType="Ancien_identifiant">1200/FP</otherRecordId>
      <maintenanceStatus>revised</maintenanceStatus>
      <maintenanceAgency>
         <agencyName>Archives nationales de France</agencyName>
      </maintenanceAgency>
      <languageDeclaration>
         <language languageCode="fre">Français</language>
         <script scriptCode="Latn"/>
      </languageDeclaration>
      <conventionDeclaration>
         <citation>Notice établie conformément à la norme ICA-ISAAR (CPF) 2004, aux normes ISO 8601 pour le système de normalisation des dates utilisé, ainsi que AFNOR NF Z 44-061, juin 1986. Catalogage : forme et structure des vedettes noms de personne, des vedettes titres, des rubriques de classement et des titres forgés.</citation>
      </conventionDeclaration>
      <localControl localType="niveau_de_detail">
         <term>Moyenne</term>
      </localControl>
      <maintenanceHistory>
         <maintenanceEvent>
            <eventType>derived</eventType>
            <eventDateTime>2013-04-23</eventDateTime>
            <agentType>machine</agentType>
            <agent>Import_SIA</agent>
         </maintenanceEvent>
         <maintenanceEvent>
            <eventType>revised</eventType>
            <eventDateTime>2013-08-09</eventDateTime>
            <agentType>human</agentType>
            <agent>Blandine WAGNER</agent>
         </maintenanceEvent>
      </maintenanceHistory>
   </control>
   <cpfDescription>
      <identity>
         <entityType>corporateBody</entityType>
         <nameEntry localType="autorisée" scriptCode="Latn" xml:lang="fre">
            <part>Cabinet du ministre chargé de la Fonction publique</part>
         </nameEntry>
      </identity>
      <description>
         <existDates>
            <dateRange>
               <fromDate standardDate="1967-04-07">7 avril 1967</fromDate>
            </dateRange>
         </existDates>
         <legalStatuses>
            <legalStatus>
               <term vocabularySource="d5blonb04s-1nqrprwwl75h0">cabinet ministériel</term>
            </legalStatus>
         </legalStatuses>
      </description>
      <relations>
         <cpfRelation xmlns:xlink="http://www.w3.org/1999/xlink"
                      cpfRelationType="hierarchical-child"
                      xlink:href="FRAN_NP_009731"
                      xlink:type="simple">
            <relationEntry>Cabinet de François Sauvadet, ministre de la Fonction publique</relationEntry>
            <dateRange>
               <fromDate standardDate="2011-06-29">29 juin 2011</fromDate>
               <toDate standardDate="2012-05-10">10 mai 2012</toDate>
            </dateRange>
         </cpfRelation>
         <cpfRelation xmlns:xlink="http://www.w3.org/1999/xlink"
                      cpfRelationType="associative"
                      xlink:href="FRAN_NP_052140"
                      xlink:type="simple">
            <relationEntry>France. Cabinet d'Annick Girardin, ministre de la Fonction publique (2016-2017)</relationEntry>
            <dateRange>
               <fromDate standardDate="2016-02-11">11 février 2016</fromDate>
               <toDate standardDate="2017-05-10">10 mai 2017</toDate>
            </dateRange>
         </cpfRelation>
         <cpfRelation xmlns:xlink="http://www.w3.org/1999/xlink"
                      cpfRelationType="hierarchical-parent"
                      xlink:href="FRAN_NP_000114"
                      xlink:type="simple">
            <relationEntry>Ministère de la Fonction publique</relationEntry>
            <dateRange>
               <fromDate standardDate="1967-04-07">7 avril 1967</fromDate>
               <toDate/>
            </dateRange>
         </cpfRelation>
         <resourceRelation xmlns:xlink="http://www.w3.org/1999/xlink"
                           resourceRelationType="subjectOf"
                           xlink:href="FRAN_IR_007561"
                           xlink:type="simple">
            <relationEntry localType="archival">Premier ministre ; Ministres et Secrétaires d'Etat délégués ; Ministre de la Fonction publique (1981-1985)</relationEntry>
         </resourceRelation>
         <resourceRelation xmlns:xlink="http://www.w3.org/1999/xlink"
                           resourceRelationType="subjectOf"
                           xlink:href="FRAN_IR_009190"
                           xlink:type="simple">
            <relationEntry localType="archival">Premier ministre ; Ministres et secrétaires d'Etat délégués ; ministre de la Fonction publique (1988-1990)</relationEntry>
         </resourceRelation>
         <resourceRelation xmlns:xlink="http://www.w3.org/1999/xlink"
                           resourceRelationType="subjectOf"
                           xlink:href="FRAN_IR_010285"
                           xlink:type="simple">
            <relationEntry localType="archival">Premier ministre ; Ministres et secrétaires d'Etat délégués ; ministre de la Fonction publique (1995-1997)</relationEntry>
         </resourceRelation>
         <resourceRelation xmlns:xlink="http://www.w3.org/1999/xlink"
                           resourceRelationType="subjectOf"
                           xlink:href="FRAN_IR_010288"
                           xlink:type="simple">
            <relationEntry localType="archival">Premier ministre ; Ministres et secrétaires d'Etat délégués ; ministre de la Fonction publique (1995-1997)</relationEntry>
         </resourceRelation>
         <resourceRelation xmlns:xlink="http://www.w3.org/1999/xlink"
                           resourceRelationType="subjectOf"
                           xlink:href="FRAN_IR_013822"
                           xlink:type="simple">
            <relationEntry localType="archival">Premier ministre ; Ministres et secrétaires d'Etat délégués ; ministre de la Fonction publique (1990-1995)</relationEntry>
         </resourceRelation>
         <resourceRelation xmlns:xlink="http://www.w3.org/1999/xlink"
                           resourceRelationType="subjectOf"
                           xlink:href="FRAN_IR_013823"
                           xlink:type="simple">
            <relationEntry localType="archival">Premier ministre ; Ministres et secrétaires d'Etat délégués ; ministre de la Fonction publique (1992-2000)</relationEntry>
         </resourceRelation>
         <resourceRelation xmlns:xlink="http://www.w3.org/1999/xlink"
                           resourceRelationType="subjectOf"
                           xlink:href="FRAN_IR_013824"
                           xlink:type="simple">
            <relationEntry localType="archival">Premier ministre ; Ministres et secrétaires d'Etat délégués ; ministre de la Fonction publique (1994-2000)</relationEntry>
         </resourceRelation>
         <resourceRelation xmlns:xlink="http://www.w3.org/1999/xlink"
                           resourceRelationType="subjectOf"
                           xlink:href="FRAN_IR_015878"
                           xlink:type="simple">
            <relationEntry localType="archival">Premier ministre ; Ministres et secrétaires d'Etat délégués ; ministre de la Fonction publique (1993-1995)</relationEntry>
         </resourceRelation>
         <resourceRelation xmlns:xlink="http://www.w3.org/1999/xlink"
                           resourceRelationType="subjectOf"
                           xlink:href="FRAN_IR_007559"
                           xlink:type="simple">
            <relationEntry localType="archival">Premier ministre ; Ministres et Secrétaires d'Etat délégués ; Ministre de la Fonction publique (1984-1986)</relationEntry>
         </resourceRelation>
         <resourceRelation xmlns:xlink="http://www.w3.org/1999/xlink"
                           resourceRelationType="subjectOf"
                           xlink:href="FRAN_IR_007560"
                           xlink:type="simple">
            <relationEntry localType="archival">Premier ministre ; Ministres et Secrétaires d'Etat délégués ; Ministre de la Fonction publique (1976-1984)</relationEntry>
         </resourceRelation>
         <resourceRelation xmlns:xlink="http://www.w3.org/1999/xlink"
                           resourceRelationType="subjectOf"
                           xlink:href="FRAN_IR_018005"
                           xlink:type="simple">
            <relationEntry localType="archival">Premier ministre ; Ministres et Secrétaires d'Etat délégués ; Ministre de la Fonction publique (1986-1988)</relationEntry>
         </resourceRelation>
         <resourceRelation xmlns:xlink="http://www.w3.org/1999/xlink"
                           resourceRelationType="subjectOf"
                           xlink:href="FRAN_IR_019636"
                           xlink:type="simple">
            <relationEntry localType="archival">Premier ministre ; Ministres et secrétaires d'Etat délégués ; ministre de la Fonction publique (2000-2002)</relationEntry>
         </resourceRelation>
         <resourceRelation xmlns:xlink="http://www.w3.org/1999/xlink"
                           resourceRelationType="subjectOf"
                           xlink:href="FRAN_IR_019640"
                           xlink:type="simple">
            <relationEntry localType="archival">Premier ministre ; Ministres et secrétaires d'Etat délégués ; ministre de la Fonction publique (2000-2002)</relationEntry>
         </resourceRelation>
         <resourceRelation xmlns:xlink="http://www.w3.org/1999/xlink"
                           resourceRelationType="subjectOf"
                           xlink:href="FRAN_IR_019641"
                           xlink:type="simple">
            <relationEntry localType="archival">Premier ministre ; Ministres et secrétaires d'Etat délégués ; ministre de la Fonction publique (2000-2002)</relationEntry>
         </resourceRelation>
         <resourceRelation xmlns:xlink="http://www.w3.org/1999/xlink"
                           resourceRelationType="subjectOf"
                           xlink:href="FRAN_IR_019885"
                           xlink:type="simple">
            <relationEntry localType="archival">Premier ministre ; Ministres et secrétaires d'Etat délégués ; ministre de la Fonction publique (2000-2002)</relationEntry>
         </resourceRelation>
         <resourceRelation xmlns:xlink="http://www.w3.org/1999/xlink"
                           resourceRelationType="subjectOf"
                           xlink:href="FRAN_IR_019886"
                           xlink:type="simple">
            <relationEntry localType="archival">Premier ministre ; Ministres et secrétaires d'Etat délégués ; ministre de la Fonction publique (1996-2000)</relationEntry>
         </resourceRelation>
         <resourceRelation xmlns:xlink="http://www.w3.org/1999/xlink"
                           resourceRelationType="subjectOf"
                           xlink:href="FRAN_IR_019637"
                           xlink:type="simple">
            <relationEntry localType="archival">Premier ministre ; Ministres et secrétaires d'Etat délégués ; ministre de la Fonction publique (2000-2001)</relationEntry>
         </resourceRelation>
         <resourceRelation xmlns:xlink="http://www.w3.org/1999/xlink"
                           resourceRelationType="subjectOf"
                           xlink:href="FRAN_IR_019638"
                           xlink:type="simple">
            <relationEntry localType="archival">Premier ministre ; Ministres et secrétaires d'Etat délégués ; ministre de la Fonction publique (2000-2001)</relationEntry>
         </resourceRelation>
         <resourceRelation xmlns:xlink="http://www.w3.org/1999/xlink"
                           resourceRelationType="subjectOf"
                           xlink:href="FRAN_IR_019639"
                           xlink:type="simple">
            <relationEntry localType="archival">Premier ministre ; Ministres et secrétaires d'Etat délégués ; ministre de la Fonction publique (2000-2002)</relationEntry>
         </resourceRelation>
      </relations>
   </cpfDescription>
</eac-cpf>
