<eac-cpf xmlns="urn:isbn:1-931666-33-4"
         xmlns:xsi="http://www.w3.org/2001/XMLSchema-instance"
         xsi:schemaLocation="urn:isbn:1-931666-33-4 cpf.xsd">
   <control>
      <recordId>FRAN_NP_000127</recordId>
      <otherRecordId localType="Ancien_identifiant">1200/T</otherRecordId>
      <maintenanceStatus>revised</maintenanceStatus>
      <maintenanceAgency>
         <agencyName>Archives nationales de France</agencyName>
      </maintenanceAgency>
      <languageDeclaration>
         <language languageCode="fre">Français</language>
         <script scriptCode="Latn"/>
      </languageDeclaration>
      <conventionDeclaration>
         <citation>Notice établie conformément à la norme ICA-ISAAR (CPF) 2004, aux normes ISO 8601 pour le système de normalisation des dates utilisé, ainsi que AFNOR NF Z 44-061, juin 1986. Catalogage : forme et structure des vedettes noms de personne, des vedettes titres, des rubriques de classement et des titres forgés.</citation>
      </conventionDeclaration>
      <localControl localType="niveau_de_detail">
         <term>Moyenne</term>
      </localControl>
      <maintenanceHistory>
         <maintenanceEvent>
            <eventType>derived</eventType>
            <eventDateTime>2013-04-23</eventDateTime>
            <agentType>machine</agentType>
            <agent>Import_SIA</agent>
         </maintenanceEvent>
         <maintenanceEvent>
            <eventType>revised</eventType>
            <eventDateTime>2013-08-09</eventDateTime>
            <agentType>human</agentType>
            <agent>Blandine WAGNER</agent>
         </maintenanceEvent>
      </maintenanceHistory>
   </control>
   <cpfDescription>
      <identity>
         <entityType>corporateBody</entityType>
         <nameEntry scriptCode="Latn" localType="autorisée" xml:lang="fre">
            <part>Secrétariat d'État chargé des Rapatriés (1981-1983)</part>
         </nameEntry>
      </identity>
      <description>
         <existDates>
            <dateRange>
               <fromDate standardDate="1981-05-22">22 mai 1981</fromDate>
               <toDate standardDate="1983-03-22">22 mars 1983</toDate>
            </dateRange>
         </existDates>
         <legalStatuses>
            <legalStatus>
               <term vocabularySource="d5bloo2gwk-sgl3fc00gzgl">ministère</term>
            </legalStatus>
         </legalStatuses>
      </description>
      <relations>
         <cpfRelation xmlns:xlink="http://www.w3.org/1999/xlink"
                      cpfRelationType="associative"
                      xlink:href="FRAN_NP_000364"
                      xlink:type="simple">
            <relationEntry>Délégation nationale à l'action éducatrice, sociale et culturelle pour les rapatriés</relationEntry>
            <dateRange>
               <fromDate standardDate="1982-01-01">1982</fromDate>
               <toDate standardDate="1983-03-22">22 mars 1983</toDate>
            </dateRange>
         </cpfRelation>
         <cpfRelation xmlns:xlink="http://www.w3.org/1999/xlink"
                      cpfRelationType="temporal-later"
                      xlink:href="FRAN_NP_004782"
                      xlink:type="simple">
            <relationEntry>Secrétariat d'État chargé des Rapatriés (1983-1986)</relationEntry>
            <dateRange>
               <fromDate standardDate="1983-03-24">24 mars 1983</fromDate>
            </dateRange>
         </cpfRelation>
         <cpfRelation xmlns:xlink="http://www.w3.org/1999/xlink"
                      cpfRelationType="hierarchical-parent"
                      xlink:href="FRAN_NP_000002"
                      xlink:type="simple">
            <relationEntry>Premier ministre</relationEntry>
            <dateRange>
               <fromDate standardDate="1981-05-22">22 mai 1981</fromDate>
               <toDate standardDate="1983-03-22">22 mars 1983</toDate>
            </dateRange>
         </cpfRelation>
         <resourceRelation xmlns:xlink="http://www.w3.org/1999/xlink"
                           resourceRelationType="subjectOf"
                           xlink:href="FRAN_IR_014811"
                           xlink:type="simple">
            <relationEntry localType="archival">Premier ministre ; Ministres et Secrétaires d'Etat délégués ; Secrétaire d'Etat chargé des rapatriés (1981-1982)</relationEntry>
         </resourceRelation>
         <resourceRelation xmlns:xlink="http://www.w3.org/1999/xlink"
                           resourceRelationType="subjectOf"
                           xlink:href="FRAN_IR_014812"
                           xlink:type="simple">
            <relationEntry localType="archival">Premier ministre ; Ministres et Secrétaires d'Etat délégués ; Secrétaire d'Etat chargé des rapatriés (1980-1985)</relationEntry>
         </resourceRelation>
      </relations>
   </cpfDescription>
</eac-cpf>
