<eac-cpf xmlns="urn:isbn:1-931666-33-4"
         xmlns:xsi="http://www.w3.org/2001/XMLSchema-instance"
         xsi:schemaLocation="urn:isbn:1-931666-33-4 cpf.xsd">
   <control>
      <recordId>FRAN_NP_000074</recordId>
      <otherRecordId localType="Ancien_identifiant">1401/COPER</otherRecordId>
      <maintenanceStatus>revised</maintenanceStatus>
      <maintenanceAgency>
         <agencyName>Archives nationales de France</agencyName>
      </maintenanceAgency>
      <languageDeclaration>
         <language languageCode="fre">Français</language>
         <script scriptCode="Latn"/>
      </languageDeclaration>
      <conventionDeclaration>
         <citation>Notice établie conformément à la norme ICA-ISAAR (CPF) 2004, aux normes ISO 8601 pour le système de normalisation des dates utilisé, ainsi que AFNOR NF Z 44-061, juin 1986. Catalogage : forme et structure des vedettes noms de personne, des vedettes titres, des rubriques de classement et des titres forgés.</citation>
      </conventionDeclaration>
      <localControl localType="niveau_de_detail">
         <term>Moyenne</term>
      </localControl>
      <maintenanceHistory>
         <maintenanceEvent>
            <eventType>derived</eventType>
            <eventDateTime>2013-04-23</eventDateTime>
            <agentType>machine</agentType>
            <agent>Import_SIA</agent>
         </maintenanceEvent>
         <maintenanceEvent>
            <eventType>revised</eventType>
            <eventDateTime>2013-10-07</eventDateTime>
            <agentType>human</agentType>
            <agent>Arnaud ROMONT</agent>
         </maintenanceEvent>
         <maintenanceEvent>
            <eventType>revised</eventType>
            <eventDateTime>2013-10-07</eventDateTime>
            <agentType>human</agentType>
            <agent>Florence CLAVAUD</agent>
            <eventDescription>Forme du nom changée (F. Clavaud, 7 octobre 2013)</eventDescription>
         </maintenanceEvent>
         <maintenanceEvent>
            <eventType>revised</eventType>
            <eventDateTime>2014-07-03</eventDateTime>
            <agentType>human</agentType>
            <agent>Florence CLAVAUD</agent>
            <eventDescription>F. Clavaud, 3 juillet 2014 : revu nom et lien hiérarchique</eventDescription>
         </maintenanceEvent>
      </maintenanceHistory>
      <sources>
         <source>
            <descriptiveNote>
               <p>
                  <span style="italic">Le Conseil d'État, son histoire à travers les documents d'époque, 1799-1974</span>, sous la direction de L. Fougère, Paris, CNRS, 1974. 
     </p>
            </descriptiveNote>
         </source>
      </sources>
   </control>
   <cpfDescription>
      <identity>
         <entityType>corporateBody</entityType>
         <nameEntry localType="autorisée" scriptCode="Latn" xml:lang="fre">
            <part>Conseil d'État (1799-....). Commission permanente (1945-....)</part>
         </nameEntry>
      </identity>
      <description>
         <existDates>
            <dateRange>
               <fromDate standardDate="1945-08-02">02/08/1945</fromDate>
            </dateRange>
         </existDates>
         <legalStatuses>
            <legalStatus>
               <term vocabularySource="d5bloo28po-1bei6cefdzkj">autorité indépendante</term>
            </legalStatus>
         </legalStatuses>
         <mandates>
            <mandate/>
         </mandates>
         <structureOrGenealogy>
            <p>Les affaires urgentes sont soumises sans examen préalable par la section compétente à la commission permanente. Cette formation comprend :</p>
            <list>
               <item> le Vice-président ;</item>
               <item>le président de l’une des sections administratives désigné par arrêté du Premier ministre pris sur proposition du garde des sceaux, ministre de la justice, faite après présentation par le Vice-président du Conseil d’État ainsi que, le cas échéant, le ou les présidents de la ou des autres sections intéressées ;</item>
               <item>deux conseillers d’État par section désignés par arrêté du Vice-président du Conseil d’État après avis du président de la section intéressée.</item>
            </list>
            <p/>
            <p>La commission permanente peut être complétée, selon la nature des affaires dont elle est saisie, par un et éventuellement deux conseillers désignés par le Vice-président sur la proposition du président de la section qui aurait été normalement compétente pour examiner l’affaire si l’urgence n’avait pas été déclarée.</p>
            <p>En outre, tout membre du Conseil d’État peut être spécialement désigné par le Vice-président pour le rapport d’une affaire déterminée.</p>
         </structureOrGenealogy>
         <biogHist>
            <p>La commission permanente est une composante du Conseil d’État. Elle est chargée de la mission de conseil législatif et administratif d’urgence, auprès du Gouvernement.</p>
            <p>Entre début août 1943 et fin juillet 1945, la fonction de conseil législatif et administratif est assurée par le Comité juridique. A la Libération, le Conseil d’État, qui durant l ‘Occupation est une institution de l’État français, est réformé et « épuré » de certains de ses membres. Dans le cadre de cette réforme, la commission permanente est créée au sein du Conseil d’État par une ordonnance du 31 juillet 1945 (ordonnance sur le Conseil d’État). Le Comité juridique est supprimé par l’ordonnance n° 45-1706 et ses attributions juridiques sont transférées au Conseil d’État.</p>
            <p>Désormais, suite à la réforme, les projets de textes sont obligatoirement soumis au Conseil d’État. La commission permanente est alors chargée de l’examen des projets d’ordonnance et des décrets pris en vertu de pouvoirs spéciaux en matière législative « dans les cas exceptionnels » où l’urgence est signalée par le ministre compétent et expressément constatée par une décision du président du Gouvernement provisoire mentionnée dans les visas. La présidence de la commission permanente est attribuée à l’un des quatre présidents des sections administratives. La commission permanente peut renvoyer devant l’Assemblée Générale du Conseil d’État les affaires dont elle est saisie, mais n’utilise jamais ce renvoi entre 1945 et 1949.</p>
            <p>Par rapport aux examens de textes procédés de façon normale, la commission permanente apporte un caractère plus confidentiel car le débat est limité à quelques personnes. Les suggestions ainsi faites sont moins critiques et plus constructives. Le cadre de la commission permanente (cercle restreint dans une petite salle) permet au Gouvernement d’accepter plus facilement les amendements difficiles qu’en Assemblée Générale. Enfin, les membres de cette commission sont choisis en fonction de leur expérience et de leur technique juridique.</p>
            <p>La réduction du rôle de la commission permanente fut progressive : elle examina encore 104 projets de loi sur un total de 283 en 1949-1950, 149 sur 167 en 1951-1952, 131 sur 200 en 1953-1954. Ce nombre tomba à 53 en 1957-1958 pour remonter à 220 (projets d'ordonnance et de lois) en 1958-1959 pendant la période de mise en place des institutions de la Vème République. Depuis lors, il est toujours demeuré inférieur à cent chaque année : 90 en 1961-1962, 47 en 1963-1964, 16 en 1965-1966, 27 en 1969-1970. Sauf exception, la Commission permanente n'est plus saisie aujourd'hui que de projets de loi urgents.</p>
         </biogHist>
      </description>
      <relations>
         <cpfRelation xmlns:xlink="http://www.w3.org/1999/xlink"
                      cpfRelationType="temporal-earlier"
                      xlink:href="FRAN_NP_000072"
                      xlink:type="simple">
            <relationEntry>France. Comité juridique (1943-1945)</relationEntry>
            <dateRange>
               <fromDate standardDate="1945-08-02">2 août 1945</fromDate>
            </dateRange>
         </cpfRelation>
         <cpfRelation xmlns:xlink="http://www.w3.org/1999/xlink"
                      cpfRelationType="hierarchical-parent"
                      xlink:href="FRAN_NP_000080"
                      xlink:type="simple">
            <relationEntry>Conseil d'État (1799-....)</relationEntry>
            <dateRange>
               <fromDate standardDate="1945-08-02">2 août 1945</fromDate>
            </dateRange>
         </cpfRelation>
         <resourceRelation xmlns:xlink="http://www.w3.org/1999/xlink"
                           resourceRelationType="creatorOf"
                           xlink:href="FRAN_IR_018887"
                           xlink:type="simple">
            <relationEntry localType="archival">Archives du Conseil d'État. Dossiers d'affaires administratives
     (1946-1964).</relationEntry>
         </resourceRelation>
         <resourceRelation xmlns:xlink="http://www.w3.org/1999/xlink"
                           resourceRelationType="creatorOf"
                           xlink:href="FRAN_IR_055080"
                           xlink:type="simple">
            <relationEntry localType="archival">Archives du Conseil d'État. Dossiers d'affaires administratives examinées par la Commission permanente (1945-1948).</relationEntry>
         </resourceRelation>
      </relations>
   </cpfDescription>
</eac-cpf>
