<eac-cpf xmlns="urn:isbn:1-931666-33-4"
         xmlns:xsi="http://www.w3.org/2001/XMLSchema-instance"
         xsi:schemaLocation="urn:isbn:1-931666-33-4 cpf.xsd">
   <control>
      <recordId>FRAN_NP_000073</recordId>
      <otherRecordId localType="Ancien_identifiant">1401/CONTE</otherRecordId>
      <maintenanceStatus>revised</maintenanceStatus>
      <maintenanceAgency>
         <agencyName>Archives nationales de France</agencyName>
      </maintenanceAgency>
      <languageDeclaration>
         <language languageCode="fre">Français</language>
         <script scriptCode="Latn"/>
      </languageDeclaration>
      <conventionDeclaration>
         <citation>Notice établie conformément à la norme ICA-ISAAR (CPF) 2004, aux normes ISO 8601 pour le système de normalisation des dates utilisé, ainsi que AFNOR NF Z 44-061, juin 1986. Catalogage : forme et structure des vedettes noms de personne, des vedettes titres, des rubriques de classement et des titres forgés.</citation>
      </conventionDeclaration>
      <localControl localType="niveau_de_detail">
         <term>Moyenne</term>
      </localControl>
      <maintenanceHistory>
         <maintenanceEvent>
            <eventType>derived</eventType>
            <eventDateTime>2013-04-23</eventDateTime>
            <agentType>machine</agentType>
            <agent>Import_SIA</agent>
         </maintenanceEvent>
         <maintenanceEvent>
            <eventType>revised</eventType>
            <eventDateTime>2014-07-03</eventDateTime>
            <agentType>human</agentType>
            <agent>Florence CLAVAUD</agent>
            <eventDescription>F. Clavaud, 3 juillet 2014 : revu nom, ajouté texte de référence, n° de notice BnF; revu lien hiérarchiques. Reste à reprendre tous les liens IR</eventDescription>
         </maintenanceEvent>
         <maintenanceEvent>
            <eventType>revised</eventType>
            <eventDateTime>2015-09-30</eventDateTime>
            <agentType>human</agentType>
            <agent>Florence CLAVAUD</agent>
         </maintenanceEvent>
         <maintenanceEvent>
            <eventType>revised</eventType>
            <eventDateTime>2015-10-23</eventDateTime>
            <agentType>human</agentType>
            <agent>Florence CLAVAUD</agent>
         </maintenanceEvent>
         <maintenanceEvent>
            <eventType>revised</eventType>
            <eventDateTime>2015-11-13</eventDateTime>
            <agentType>human</agentType>
            <agent>Florence CLAVAUD</agent>
            <eventDescription>F. Clavaud, 13 novembre 2015 : revu lien hiérarchique et liens IR</eventDescription>
         </maintenanceEvent>
      </maintenanceHistory>
      <sources>
         <source>
            <descriptiveNote>
               <p>Notice d'autorité BnF n° FRBNF13607599</p>
            </descriptiveNote>
         </source>
      </sources>
   </control>
   <cpfDescription>
      <identity>
         <entityType>corporateBody</entityType>
         <nameEntry localType="autorisée" scriptCode="Latn" xml:lang="fre">
            <part>France. Conseil d'Etat (1799-....). Section du contentieux (1872-....)</part>
         </nameEntry>
      </identity>
      <description>
         <existDates>
            <dateRange>
               <fromDate standardDate="1872-01-01">1872</fromDate>
            </dateRange>
         </existDates>
         <legalStatuses>
            <legalStatus>
               <term vocabularySource="d5bloo28po-1bei6cefdzkj">autorité indépendante</term>
            </legalStatus>
         </legalStatuses>
         <mandates>
            <mandate>
               <descriptiveNote>
                  <p>Loi du 24 mai 1872</p>
               </descriptiveNote>
            </mandate>
         </mandates>
      </description>
      <relations>
         <cpfRelation xmlns:xlink="http://www.w3.org/1999/xlink"
                      cpfRelationType="temporal-earlier"
                      xlink:href="FRAN_NP_050645"
                      xlink:type="simple">
            <relationEntry>Conseil d'État (1799-....). Section spéciale du contentieux (1910-1934)</relationEntry>
            <dateRange>
               <fromDate standardDate="1934-05-05">5 mai 1934</fromDate>
            </dateRange>
         </cpfRelation>
         <cpfRelation xmlns:xlink="http://www.w3.org/1999/xlink"
                      cpfRelationType="associative"
                      xlink:href="FRAN_NP_051410"
                      xlink:type="simple">
            <relationEntry>Chardenet, Pierre (1865-1921)</relationEntry>
            <dateRange>
               <fromDate standardDate="1892-01-01">1892</fromDate>
               <toDate standardDate="1918-12-31">1918</toDate>
            </dateRange>
            <descriptiveNote>
               <p>
     Auditeur , puis maître des requêtes.
    </p>
            </descriptiveNote>
         </cpfRelation>
         <cpfRelation xmlns:xlink="http://www.w3.org/1999/xlink"
                      cpfRelationType="associative"
                      xlink:href="FRAN_NP_051428"
                      xlink:type="simple">
            <relationEntry>Lenoir, Noëlle (1948-....)</relationEntry>
            <dateRange>
               <fromDate standardDate="1984-10-23">23 octobre 1984</fromDate>
               <toDate standardDate="1992-02-25">25 février 1992</toDate>
            </dateRange>
            <descriptiveNote>
               <p>
     Rapporteur à la 5e sous-section du Contentieux du Conseil d’État (23 octobre 1984-10 septembre 1985, 1er mai 1991-25 février 1992), commissaire du Gouvernement près l’Assemblée du Contentieux et les autres formations de jugement du Conseil d’État (2 avril-2 novembre 1988), réintègre le Conseil d’État à la section du Contentieux (12 mars-1er novembre 2001)
    </p>
            </descriptiveNote>
         </cpfRelation>
         <cpfRelation xmlns:xlink="http://www.w3.org/1999/xlink"
                      cpfRelationType="associative"
                      xlink:href="FRAN_NP_051409"
                      xlink:type="simple">
            <relationEntry>Ducamin, Bernard (1928-2012)</relationEntry>
            <dateRange>
               <fromDate standardDate="1953-10-01">1er octobre 1953</fromDate>
               <toDate standardDate="1989-12-31">1989</toDate>
            </dateRange>
            <descriptiveNote>
               <p>
     Rapporteur à la section du Contentieux.
    </p>
            </descriptiveNote>
         </cpfRelation>
         <cpfRelation xmlns:xlink="http://www.w3.org/1999/xlink"
                      cpfRelationType="associative"
                      xlink:href="FRAN_NP_050548"
                      xlink:type="simple">
            <relationEntry>Camus du Martroy, Emmanuel François (1812-1896)</relationEntry>
            <dateRange>
               <fromDate standardDate="1873-01-01">1873</fromDate>
               <toDate standardDate="1895-12-31">1895</toDate>
            </dateRange>
         </cpfRelation>
         <cpfRelation xmlns:xlink="http://www.w3.org/1999/xlink"
                      cpfRelationType="hierarchical-parent"
                      xlink:href="FRAN_NP_000080"
                      xlink:type="simple">
            <relationEntry>France. Conseil d'Etat (1799-....)</relationEntry>
            <dateRange>
               <fromDate standardDate="1872-01-01">1872</fromDate>
            </dateRange>
         </cpfRelation>
         <resourceRelation xmlns:xlink="http://www.w3.org/1999/xlink"
                           resourceRelationType="creatorOf"
                           xlink:href="FRAN_IR_050353"
                           xlink:type="simple">
            <relationEntry localType="archival">Archives du Conseil d'État. Demandes de renseignements émanant de l'administration française en Algérie et à destination de la section du Contentieux (1938).</relationEntry>
         </resourceRelation>
         <resourceRelation xmlns:xlink="http://www.w3.org/1999/xlink"
                           resourceRelationType="creatorOf"
                           xlink:href="FRAN_IR_027977"
                           xlink:type="simple">
            <relationEntry localType="archival">Archives du Conseil d'État. Dossiers de procédure de la section du Contentieux (1941-1957).</relationEntry>
         </resourceRelation>
         <resourceRelation xmlns:xlink="http://www.w3.org/1999/xlink"
                           resourceRelationType="creatorOf"
                           xlink:href="FRAN_IR_029845"
                           xlink:type="simple">
            <relationEntry localType="archival">Archives du Conseil d'État. Dossiers de procédure de la section du Contentieux (1947-1949).</relationEntry>
         </resourceRelation>
         <resourceRelation xmlns:xlink="http://www.w3.org/1999/xlink"
                           resourceRelationType="creatorOf"
                           xlink:href="FRAN_IR_013935"
                           xlink:type="simple">
            <relationEntry localType="archival">Grands Corps de l'Etat ; Conseil d'Etat ; Section Contentieux (1934-1934)</relationEntry>
         </resourceRelation>
         <resourceRelation xmlns:xlink="http://www.w3.org/1999/xlink"
                           resourceRelationType="creatorOf"
                           xlink:href="FRAN_IR_012957"
                           xlink:type="simple">
            <relationEntry localType="archival">Grands corps de l'Etat ; Conseil d'Etat ; Section contentieux (1956-1956)</relationEntry>
         </resourceRelation>
         <resourceRelation xmlns:xlink="http://www.w3.org/1999/xlink"
                           resourceRelationType="creatorOf"
                           xlink:href="FRAN_IR_012958"
                           xlink:type="simple">
            <relationEntry localType="archival">Grands corps de l'Etat ; Conseil d'Etat ; Section contentieux (1957-1957)</relationEntry>
         </resourceRelation>
         <resourceRelation xmlns:xlink="http://www.w3.org/1999/xlink"
                           resourceRelationType="creatorOf"
                           xlink:href="FRAN_IR_012959"
                           xlink:type="simple">
            <relationEntry localType="archival">Grands corps de l'Etat ; Conseil d'Etat ; Section contentieux (1958-1958)</relationEntry>
         </resourceRelation>
         <resourceRelation xmlns:xlink="http://www.w3.org/1999/xlink"
                           resourceRelationType="creatorOf"
                           xlink:href="FRAN_IR_008651"
                           xlink:type="simple">
            <relationEntry localType="archival">Grands corps de l'Etat ; Conseil d'Etat ; Section contentieux (1967-1985)</relationEntry>
         </resourceRelation>
         <resourceRelation xmlns:xlink="http://www.w3.org/1999/xlink"
                           resourceRelationType="creatorOf"
                           xlink:href="FRAN_IR_021473"
                           xlink:type="simple">
            <relationEntry localType="archival">Archives du Conseil d'État. Reliquat de dossiers de procédure de contentieux fiscal
     de la section du Contentieux (1969-1973).</relationEntry>
         </resourceRelation>
         <resourceRelation xmlns:xlink="http://www.w3.org/1999/xlink"
                           resourceRelationType="creatorOf"
                           xlink:href="FRAN_IR_023374"
                           xlink:type="simple">
            <relationEntry localType="archival">Grands corps de l'Etat ; Conseil d'Etat ; Section contentieux (1974-1974)</relationEntry>
         </resourceRelation>
         <resourceRelation xmlns:xlink="http://www.w3.org/1999/xlink"
                           resourceRelationType="creatorOf"
                           xlink:href="FRAN_IR_026180"
                           xlink:type="simple">
            <relationEntry localType="archival">Archives du Conseil d'État. Minutes de décision de la section du Contentieux
     (1995).</relationEntry>
         </resourceRelation>
         <resourceRelation xmlns:xlink="http://www.w3.org/1999/xlink"
                           resourceRelationType="creatorOf"
                           xlink:href="FRAN_IR_026182"
                           xlink:type="simple">
            <relationEntry localType="archival">Archives du Conseil d'État. Dossiers de procédure de la section du Contentieux
     (2001).</relationEntry>
         </resourceRelation>
         <resourceRelation xmlns:xlink="http://www.w3.org/1999/xlink"
                           resourceRelationType="creatorOf"
                           xlink:href="FRAN_IR_013917"
                           xlink:type="simple">
            <relationEntry localType="archival">Grands corps de l'Etat ; Conseil d'Etat ; Section contentieux (1832-1950)</relationEntry>
         </resourceRelation>
         <resourceRelation xmlns:xlink="http://www.w3.org/1999/xlink"
                           resourceRelationType="creatorOf"
                           xlink:href="FRAN_IR_012363"
                           xlink:type="simple">
            <relationEntry localType="archival">Grands corps de l'Etat ; Conseil d'Etat ; Section contentieux (1869-1936)</relationEntry>
         </resourceRelation>
         <resourceRelation xmlns:xlink="http://www.w3.org/1999/xlink"
                           resourceRelationType="creatorOf"
                           xlink:href="FRAN_IR_013939"
                           xlink:type="simple">
            <relationEntry localType="archival">Grands corps de l'Etat ; Conseil d'Etat ; Section contentieux (1870-1870)</relationEntry>
         </resourceRelation>
         <resourceRelation xmlns:xlink="http://www.w3.org/1999/xlink"
                           resourceRelationType="creatorOf"
                           xlink:href="FRAN_IR_013940"
                           xlink:type="simple">
            <relationEntry localType="archival">Grands corps de l'Etat ; Conseil d'Etat ; Section contentieux (1871-1871)</relationEntry>
         </resourceRelation>
         <resourceRelation xmlns:xlink="http://www.w3.org/1999/xlink"
                           resourceRelationType="creatorOf"
                           xlink:href="FRAN_IR_007118"
                           xlink:type="simple">
            <relationEntry localType="archival">Grands corps de l'Etat ; Conseil d'Etat ; Section contentieux (1871-1872)</relationEntry>
         </resourceRelation>
         <resourceRelation xmlns:xlink="http://www.w3.org/1999/xlink"
                           resourceRelationType="creatorOf"
                           xlink:href="FRAN_IR_013941"
                           xlink:type="simple">
            <relationEntry localType="archival">Grands corps de l'Etat ; Conseil d'Etat ; Section contentieux (1872-1872)</relationEntry>
         </resourceRelation>
         <resourceRelation xmlns:xlink="http://www.w3.org/1999/xlink"
                           resourceRelationType="creatorOf"
                           xlink:href="FRAN_IR_013942"
                           xlink:type="simple">
            <relationEntry localType="archival">Grands corps de l'Etat ; Conseil d'Etat ; Section contentieux (1873-1873)</relationEntry>
         </resourceRelation>
         <resourceRelation xmlns:xlink="http://www.w3.org/1999/xlink"
                           resourceRelationType="creatorOf"
                           xlink:href="FRAN_IR_013943"
                           xlink:type="simple">
            <relationEntry localType="archival">Grands corps de l'Etat ; Conseil d'Etat ; Section contentieux (1874-1874)</relationEntry>
         </resourceRelation>
         <resourceRelation xmlns:xlink="http://www.w3.org/1999/xlink"
                           resourceRelationType="creatorOf"
                           xlink:href="FRAN_IR_013944"
                           xlink:type="simple">
            <relationEntry localType="archival">Grands corps de l'Etat ; Conseil d'Etat ; Section contentieux (1875-1875)</relationEntry>
         </resourceRelation>
         <resourceRelation xmlns:xlink="http://www.w3.org/1999/xlink"
                           resourceRelationType="creatorOf"
                           xlink:href="FRAN_IR_013945"
                           xlink:type="simple">
            <relationEntry localType="archival">Grands corps de l'Etat ; Conseil d'Etat ; Section contentieux (1876-1876)</relationEntry>
         </resourceRelation>
         <resourceRelation xmlns:xlink="http://www.w3.org/1999/xlink"
                           resourceRelationType="creatorOf"
                           xlink:href="FRAN_IR_013946"
                           xlink:type="simple">
            <relationEntry localType="archival">Grands corps de l'Etat ; Conseil d'Etat ; Section contentieux (1877-1877)</relationEntry>
         </resourceRelation>
         <resourceRelation xmlns:xlink="http://www.w3.org/1999/xlink"
                           resourceRelationType="creatorOf"
                           xlink:href="FRAN_IR_013947"
                           xlink:type="simple">
            <relationEntry localType="archival">Grands corps de l'Etat ; Conseil d'Etat ; Section contentieux (1878-1878)</relationEntry>
         </resourceRelation>
         <resourceRelation xmlns:xlink="http://www.w3.org/1999/xlink"
                           resourceRelationType="creatorOf"
                           xlink:href="FRAN_IR_013948"
                           xlink:type="simple">
            <relationEntry localType="archival">Grands corps de l'Etat ; Conseil d'Etat ; Section contentieux (1879-1879)</relationEntry>
         </resourceRelation>
         <resourceRelation xmlns:xlink="http://www.w3.org/1999/xlink"
                           resourceRelationType="creatorOf"
                           xlink:href="FRAN_IR_013949"
                           xlink:type="simple">
            <relationEntry localType="archival">Grands corps de l'Etat ; Conseil d'Etat ; Section contentieux (1880-1880)</relationEntry>
         </resourceRelation>
         <resourceRelation xmlns:xlink="http://www.w3.org/1999/xlink"
                           resourceRelationType="creatorOf"
                           xlink:href="FRAN_IR_013950"
                           xlink:type="simple">
            <relationEntry localType="archival">Grands corps de l'Etat ; Conseil d'Etat ; Section contentieux (1881-1881)</relationEntry>
         </resourceRelation>
         <resourceRelation xmlns:xlink="http://www.w3.org/1999/xlink"
                           resourceRelationType="creatorOf"
                           xlink:href="FRAN_IR_013951"
                           xlink:type="simple">
            <relationEntry localType="archival">Grands corps de l'Etat ; Conseil d'Etat ; Section contentieux (1882-1882)</relationEntry>
         </resourceRelation>
         <resourceRelation xmlns:xlink="http://www.w3.org/1999/xlink"
                           resourceRelationType="creatorOf"
                           xlink:href="FRAN_IR_013952"
                           xlink:type="simple">
            <relationEntry localType="archival">Grands corps de l'Etat ; Conseil d'Etat ; Section contentieux (1883-1883)</relationEntry>
         </resourceRelation>
         <resourceRelation xmlns:xlink="http://www.w3.org/1999/xlink"
                           resourceRelationType="creatorOf"
                           xlink:href="FRAN_IR_013953"
                           xlink:type="simple">
            <relationEntry localType="archival">Grands corps de l'Etat ; Conseil d'Etat ; Section contentieux (1884-1884)</relationEntry>
         </resourceRelation>
         <resourceRelation xmlns:xlink="http://www.w3.org/1999/xlink"
                           resourceRelationType="creatorOf"
                           xlink:href="FRAN_IR_013954"
                           xlink:type="simple">
            <relationEntry localType="archival">Grands corps de l'Etat ; Conseil d'Etat ; Section contentieux (1885-1885)</relationEntry>
         </resourceRelation>
         <resourceRelation xmlns:xlink="http://www.w3.org/1999/xlink"
                           resourceRelationType="creatorOf"
                           xlink:href="FRAN_IR_013955"
                           xlink:type="simple">
            <relationEntry localType="archival">Grands corps de l'Etat ; Conseil d'Etat ; Section contentieux (1886-1886)</relationEntry>
         </resourceRelation>
         <resourceRelation xmlns:xlink="http://www.w3.org/1999/xlink"
                           resourceRelationType="creatorOf"
                           xlink:href="FRAN_IR_013956"
                           xlink:type="simple">
            <relationEntry localType="archival">Grands corps de l'Etat ; Conseil d'Etat ; Section contentieux (1887-1887)</relationEntry>
         </resourceRelation>
         <resourceRelation xmlns:xlink="http://www.w3.org/1999/xlink"
                           resourceRelationType="creatorOf"
                           xlink:href="FRAN_IR_013957"
                           xlink:type="simple">
            <relationEntry localType="archival">Grands corps de l'Etat ; Conseil d'Etat ; Section contentieux (1888-1888)</relationEntry>
         </resourceRelation>
         <resourceRelation xmlns:xlink="http://www.w3.org/1999/xlink"
                           resourceRelationType="creatorOf"
                           xlink:href="FRAN_IR_023853"
                           xlink:type="simple">
            <relationEntry localType="archival">Grands corps de l'Etat ; Conseil d'Etat ; Section contentieux (1888-1890)</relationEntry>
         </resourceRelation>
         <resourceRelation xmlns:xlink="http://www.w3.org/1999/xlink"
                           resourceRelationType="creatorOf"
                           xlink:href="FRAN_IR_013958"
                           xlink:type="simple">
            <relationEntry localType="archival">Grands corps de l'Etat ; Conseil d'Etat ; Section contentieux (1889-1889)</relationEntry>
         </resourceRelation>
         <resourceRelation xmlns:xlink="http://www.w3.org/1999/xlink"
                           resourceRelationType="creatorOf"
                           xlink:href="FRAN_IR_013959"
                           xlink:type="simple">
            <relationEntry localType="archival">Grands corps de l'Etat ; Conseil d'Etat ; Section contentieux (1890-1890)</relationEntry>
         </resourceRelation>
         <resourceRelation xmlns:xlink="http://www.w3.org/1999/xlink"
                           resourceRelationType="creatorOf"
                           xlink:href="FRAN_IR_013960"
                           xlink:type="simple">
            <relationEntry localType="archival">Grands corps de l'Etat ; Conseil d'Etat ; Section contentieux (1891-1891)</relationEntry>
         </resourceRelation>
         <resourceRelation xmlns:xlink="http://www.w3.org/1999/xlink"
                           resourceRelationType="creatorOf"
                           xlink:href="FRAN_IR_013961"
                           xlink:type="simple">
            <relationEntry localType="archival">Grands corps de l'Etat ; Conseil d'Etat ; Section contentieux (1892-1892)</relationEntry>
         </resourceRelation>
         <resourceRelation xmlns:xlink="http://www.w3.org/1999/xlink"
                           resourceRelationType="creatorOf"
                           xlink:href="FRAN_IR_013916"
                           xlink:type="simple">
            <relationEntry localType="archival">Grands corps de l'Etat ; Conseil d'Etat ; Section contentieux (1892-1911)</relationEntry>
         </resourceRelation>
         <resourceRelation xmlns:xlink="http://www.w3.org/1999/xlink"
                           resourceRelationType="creatorOf"
                           xlink:href="FRAN_IR_013962"
                           xlink:type="simple">
            <relationEntry localType="archival">Grands corps de l'Etat ; Conseil d'Etat ; Section contentieux (1893-1893)</relationEntry>
         </resourceRelation>
         <resourceRelation xmlns:xlink="http://www.w3.org/1999/xlink"
                           resourceRelationType="creatorOf"
                           xlink:href="FRAN_IR_013963"
                           xlink:type="simple">
            <relationEntry localType="archival">Grands corps de l'Etat ; Conseil d'Etat ; Section contentieux (1894-1894)</relationEntry>
         </resourceRelation>
         <resourceRelation xmlns:xlink="http://www.w3.org/1999/xlink"
                           resourceRelationType="creatorOf"
                           xlink:href="FRAN_IR_013964"
                           xlink:type="simple">
            <relationEntry localType="archival">Grands corps de l'Etat ; Conseil d'Etat ; Section contentieux (1895-1895)</relationEntry>
         </resourceRelation>
         <resourceRelation xmlns:xlink="http://www.w3.org/1999/xlink"
                           resourceRelationType="creatorOf"
                           xlink:href="FRAN_IR_013965"
                           xlink:type="simple">
            <relationEntry localType="archival">Grands corps de l'Etat ; Conseil d'Etat ; Section contentieux (1896-1896)</relationEntry>
         </resourceRelation>
         <resourceRelation xmlns:xlink="http://www.w3.org/1999/xlink"
                           resourceRelationType="creatorOf"
                           xlink:href="FRAN_IR_013966"
                           xlink:type="simple">
            <relationEntry localType="archival">Grands corps de l'Etat ; Conseil d'Etat ; Section contentieux (1897-1897)</relationEntry>
         </resourceRelation>
         <resourceRelation xmlns:xlink="http://www.w3.org/1999/xlink"
                           resourceRelationType="creatorOf"
                           xlink:href="FRAN_IR_013967"
                           xlink:type="simple">
            <relationEntry localType="archival">Grands corps de l'Etat ; Conseil d'Etat ; Section contentieux (1899-1899)</relationEntry>
         </resourceRelation>
         <resourceRelation xmlns:xlink="http://www.w3.org/1999/xlink"
                           resourceRelationType="creatorOf"
                           xlink:href="FRAN_IR_010214"
                           xlink:type="simple">
            <relationEntry localType="archival">Grands corps de l'Etat ; Conseil d'Etat ; Section contentieux (1912-1955)</relationEntry>
         </resourceRelation>
         <resourceRelation xmlns:xlink="http://www.w3.org/1999/xlink"
                           resourceRelationType="creatorOf"
                           xlink:href="FRAN_IR_012362"
                           xlink:type="simple">
            <relationEntry localType="archival">Grands corps de l'Etat ; Conseil d'Etat ; Section contentieux (1913-1936)</relationEntry>
         </resourceRelation>
         <resourceRelation xmlns:xlink="http://www.w3.org/1999/xlink"
                           resourceRelationType="creatorOf"
                           xlink:href="FRAN_IR_013918"
                           xlink:type="simple">
            <relationEntry localType="archival">Grands corps de l'Etat ; Conseil d'Etat ; Section contentieux (1926-1926)</relationEntry>
         </resourceRelation>
         <resourceRelation xmlns:xlink="http://www.w3.org/1999/xlink"
                           resourceRelationType="creatorOf"
                           xlink:href="FRAN_IR_013919"
                           xlink:type="simple">
            <relationEntry localType="archival">Grands corps de l'Etat ; Conseil d'Etat ; Section contentieux (1928-1928)</relationEntry>
         </resourceRelation>
         <resourceRelation xmlns:xlink="http://www.w3.org/1999/xlink"
                           resourceRelationType="creatorOf"
                           xlink:href="FRAN_IR_013920"
                           xlink:type="simple">
            <relationEntry localType="archival">Grands corps de l'Etat ; Conseil d'Etat ; Section contentieux (1929-1929)</relationEntry>
         </resourceRelation>
         <resourceRelation xmlns:xlink="http://www.w3.org/1999/xlink"
                           resourceRelationType="creatorOf"
                           xlink:href="FRAN_IR_013921"
                           xlink:type="simple">
            <relationEntry localType="archival">Grands corps de l'Etat ; Conseil d'Etat ; Section contentieux (1930-1930)</relationEntry>
         </resourceRelation>
         <resourceRelation xmlns:xlink="http://www.w3.org/1999/xlink"
                           resourceRelationType="creatorOf"
                           xlink:href="FRAN_IR_013922"
                           xlink:type="simple">
            <relationEntry localType="archival">Grands corps de l'Etat ; Conseil d'Etat ; Section contentieux (1931-1931)</relationEntry>
         </resourceRelation>
         <resourceRelation xmlns:xlink="http://www.w3.org/1999/xlink"
                           resourceRelationType="creatorOf"
                           xlink:href="FRAN_IR_013923"
                           xlink:type="simple">
            <relationEntry localType="archival">Grands corps de l'Etat ; Conseil d'Etat ; Section contentieux (1932-1932)</relationEntry>
         </resourceRelation>
         <resourceRelation xmlns:xlink="http://www.w3.org/1999/xlink"
                           resourceRelationType="creatorOf"
                           xlink:href="FRAN_IR_013924"
                           xlink:type="simple">
            <relationEntry localType="archival">Grands corps de l'Etat ; Conseil d'Etat ; Section contentieux (1933-1933)</relationEntry>
         </resourceRelation>
         <resourceRelation xmlns:xlink="http://www.w3.org/1999/xlink"
                           resourceRelationType="creatorOf"
                           xlink:href="FRAN_IR_013700"
                           xlink:type="simple">
            <relationEntry localType="archival">Collection originale de registres de procès-verbaux de la section du Contentieux du
     Conseil d'État (1936-1967)</relationEntry>
         </resourceRelation>
         <resourceRelation xmlns:xlink="http://www.w3.org/1999/xlink"
                           resourceRelationType="creatorOf"
                           xlink:href="FRAN_IR_013936"
                           xlink:type="simple">
            <relationEntry localType="archival">Grands corps de l'Etat ; Conseil d'Etat ; Section contentieux (1937-1937)</relationEntry>
         </resourceRelation>
         <resourceRelation xmlns:xlink="http://www.w3.org/1999/xlink"
                           resourceRelationType="creatorOf"
                           xlink:href="FRAN_IR_013937"
                           xlink:type="simple">
            <relationEntry localType="archival">Grands corps de l'Etat ; Conseil d'Etat ; Section contentieux (1938-1938)</relationEntry>
         </resourceRelation>
         <resourceRelation xmlns:xlink="http://www.w3.org/1999/xlink"
                           resourceRelationType="creatorOf"
                           xlink:href="FRAN_IR_013938"
                           xlink:type="simple">
            <relationEntry localType="archival">Grands corps de l'Etat ; Conseil d'Etat ; Section contentieux (1939-1939)</relationEntry>
         </resourceRelation>
         <resourceRelation xmlns:xlink="http://www.w3.org/1999/xlink"
                           resourceRelationType="creatorOf"
                           xlink:href="FRAN_IR_026082"
                           xlink:type="simple">
            <relationEntry localType="archival">Grands corps de l'Etat ; Conseil d'Etat ; Section contentieux (1940-1940)</relationEntry>
         </resourceRelation>
         <resourceRelation xmlns:xlink="http://www.w3.org/1999/xlink"
                           resourceRelationType="creatorOf"
                           xlink:href="FRAN_IR_011431"
                           xlink:type="simple">
            <relationEntry localType="archival">Grands corps de l'Etat ; Conseil d'Etat ; Section contentieux (1943-1956)</relationEntry>
         </resourceRelation>
         <resourceRelation xmlns:xlink="http://www.w3.org/1999/xlink"
                           resourceRelationType="creatorOf"
                           xlink:href="FRAN_IR_026127"
                           xlink:type="simple">
            <relationEntry localType="archival">Grands corps de l'Etat ; Conseil d'Etat ; Section contentieux (1944-1976)</relationEntry>
         </resourceRelation>
         <resourceRelation xmlns:xlink="http://www.w3.org/1999/xlink"
                           resourceRelationType="creatorOf"
                           xlink:href="FRAN_IR_013915"
                           xlink:type="simple">
            <relationEntry localType="archival">Grands corps de l'Etat ; Conseil d'Etat ; Section contentieux (1948)</relationEntry>
         </resourceRelation>
         <resourceRelation xmlns:xlink="http://www.w3.org/1999/xlink"
                           resourceRelationType="creatorOf"
                           xlink:href="FRAN_IR_026101"
                           xlink:type="simple">
            <relationEntry localType="archival">Grands corps de l'Etat ; Conseil d'Etat ; Section contentieux (1955-1955)</relationEntry>
         </resourceRelation>
         <resourceRelation xmlns:xlink="http://www.w3.org/1999/xlink"
                           resourceRelationType="creatorOf"
                           xlink:href="FRAN_IR_026107"
                           xlink:type="simple">
            <relationEntry localType="archival">Grands corps de l'Etat ; Conseil d'Etat ; Section contentieux (1959-1959)</relationEntry>
         </resourceRelation>
         <resourceRelation xmlns:xlink="http://www.w3.org/1999/xlink"
                           resourceRelationType="creatorOf"
                           xlink:href="FRAN_IR_009786"
                           xlink:type="simple">
            <relationEntry localType="archival">Grands corps de l'Etat ; Conseil d'Etat ; Section contentieux (1959-1987)</relationEntry>
         </resourceRelation>
         <resourceRelation xmlns:xlink="http://www.w3.org/1999/xlink"
                           resourceRelationType="creatorOf"
                           xlink:href="FRAN_IR_006156"
                           xlink:type="simple">
            <relationEntry localType="archival">Grands corps de l'Etat ; Conseil d'Etat ; Section contentieux (1960-1960)</relationEntry>
         </resourceRelation>
         <resourceRelation xmlns:xlink="http://www.w3.org/1999/xlink"
                           resourceRelationType="creatorOf"
                           xlink:href="FRAN_IR_006178"
                           xlink:type="simple">
            <relationEntry localType="archival">Grands corps de l'Etat ; Conseil d'Etat ; Section contentieux (1961-1961)</relationEntry>
         </resourceRelation>
         <resourceRelation xmlns:xlink="http://www.w3.org/1999/xlink"
                           resourceRelationType="creatorOf"
                           xlink:href="FRAN_IR_006179"
                           xlink:type="simple">
            <relationEntry localType="archival">Grands corps de l'Etat ; Conseil d'Etat ; Section contentieux (1962-1962)</relationEntry>
         </resourceRelation>
         <resourceRelation xmlns:xlink="http://www.w3.org/1999/xlink"
                           resourceRelationType="creatorOf"
                           xlink:href="FRAN_IR_006180"
                           xlink:type="simple">
            <relationEntry localType="archival">Grands corps de l'Etat ; Conseil d'Etat ; Section contentieux (1963-1963)</relationEntry>
         </resourceRelation>
         <resourceRelation xmlns:xlink="http://www.w3.org/1999/xlink"
                           resourceRelationType="creatorOf"
                           xlink:href="FRAN_IR_006181"
                           xlink:type="simple">
            <relationEntry localType="archival">Grands corps de l'Etat ; Conseil d'Etat ; Section contentieux (1964-1964)</relationEntry>
         </resourceRelation>
         <resourceRelation xmlns:xlink="http://www.w3.org/1999/xlink"
                           resourceRelationType="creatorOf"
                           xlink:href="FRAN_IR_006182"
                           xlink:type="simple">
            <relationEntry localType="archival">Grands corps de l'Etat ; Conseil d'Etat ; Section contentieux (1965-1965)</relationEntry>
         </resourceRelation>
         <resourceRelation xmlns:xlink="http://www.w3.org/1999/xlink"
                           resourceRelationType="creatorOf"
                           xlink:href="FRAN_IR_006183"
                           xlink:type="simple">
            <relationEntry localType="archival">Grands corps de l'Etat ; Conseil d'Etat ; Section contentieux (1966-1966)</relationEntry>
         </resourceRelation>
         <resourceRelation xmlns:xlink="http://www.w3.org/1999/xlink"
                           resourceRelationType="creatorOf"
                           xlink:href="FRAN_IR_006184"
                           xlink:type="simple">
            <relationEntry localType="archival">Grands corps de l'Etat ; Conseil d'Etat ; Section contentieux (1967-1967)</relationEntry>
         </resourceRelation>
         <resourceRelation xmlns:xlink="http://www.w3.org/1999/xlink"
                           resourceRelationType="creatorOf"
                           xlink:href="FRAN_IR_006186"
                           xlink:type="simple">
            <relationEntry localType="archival">Grands corps de l'Etat ; Conseil d'Etat ; Section contentieux (1969-1969)</relationEntry>
         </resourceRelation>
         <resourceRelation xmlns:xlink="http://www.w3.org/1999/xlink"
                           resourceRelationType="creatorOf"
                           xlink:href="FRAN_IR_026119"
                           xlink:type="simple">
            <relationEntry localType="archival">Grands corps de l'Etat ; Conseil d'Etat ; Section contentieux (1970-1970)</relationEntry>
         </resourceRelation>
         <resourceRelation xmlns:xlink="http://www.w3.org/1999/xlink"
                           resourceRelationType="creatorOf"
                           xlink:href="FRAN_IR_023247"
                           xlink:type="simple">
            <relationEntry localType="archival">Grands corps de l'Etat ; Conseil d'Etat ; Section contentieux (1971-1971)</relationEntry>
         </resourceRelation>
         <resourceRelation xmlns:xlink="http://www.w3.org/1999/xlink"
                           resourceRelationType="creatorOf"
                           xlink:href="FRAN_IR_023275"
                           xlink:type="simple">
            <relationEntry localType="archival">Grands corps de l'Etat ; Conseil d'Etat ; Section contentieux (1972-1972)</relationEntry>
         </resourceRelation>
         <resourceRelation xmlns:xlink="http://www.w3.org/1999/xlink"
                           resourceRelationType="creatorOf"
                           xlink:href="FRAN_IR_013702"
                           xlink:type="simple">
            <relationEntry localType="archival">Grands corps de l'Etat ; Conseil d'Etat ; Section contentieux (1973-1973)</relationEntry>
         </resourceRelation>
         <resourceRelation xmlns:xlink="http://www.w3.org/1999/xlink"
                           resourceRelationType="creatorOf"
                           xlink:href="FRAN_IR_019463"
                           xlink:type="simple">
            <relationEntry localType="archival">Grands corps de l'Etat ; Conseil d'Etat ; Section contentieux (1975-1975)</relationEntry>
         </resourceRelation>
         <resourceRelation xmlns:xlink="http://www.w3.org/1999/xlink"
                           resourceRelationType="creatorOf"
                           xlink:href="FRAN_IR_006785"
                           xlink:type="simple">
            <relationEntry localType="archival">Grands corps de l'Etat ; Conseil d'Etat ; Section contentieux (1976-1976)</relationEntry>
         </resourceRelation>
         <resourceRelation xmlns:xlink="http://www.w3.org/1999/xlink"
                           resourceRelationType="creatorOf"
                           xlink:href="FRAN_IR_026017"
                           xlink:type="simple">
            <relationEntry localType="archival">Grands corps de l'Etat ; Conseil d'Etat ; Section contentieux (1980-1982)</relationEntry>
         </resourceRelation>
         <resourceRelation xmlns:xlink="http://www.w3.org/1999/xlink"
                           resourceRelationType="creatorOf"
                           xlink:href="FRAN_IR_022948"
                           xlink:type="simple">
            <relationEntry localType="archival">Grands corps de l'Etat ; Conseil d'Etat ; Section contentieux (1987-1989)</relationEntry>
         </resourceRelation>
         <resourceRelation xmlns:xlink="http://www.w3.org/1999/xlink"
                           resourceRelationType="creatorOf"
                           xlink:href="FRAN_IR_010066"
                           xlink:type="simple">
            <relationEntry localType="archival">Grands corps de l'Etat ; Conseil d'Etat ; Section contentieux (1990-1991)</relationEntry>
         </resourceRelation>
         <resourceRelation xmlns:xlink="http://www.w3.org/1999/xlink"
                           resourceRelationType="creatorOf"
                           xlink:href="FRAN_IR_010812"
                           xlink:type="simple">
            <relationEntry localType="archival">Grands corps de l'Etat ; Conseil d'Etat ; Section contentieux (1992-1992)</relationEntry>
         </resourceRelation>
         <resourceRelation xmlns:xlink="http://www.w3.org/1999/xlink"
                           resourceRelationType="creatorOf"
                           xlink:href="FRAN_IR_020026"
                           xlink:type="simple">
            <relationEntry localType="archival">Grands corps de l'Etat ; Conseil d'Etat ; Section contentieux (1994-1994)</relationEntry>
         </resourceRelation>
         <resourceRelation xmlns:xlink="http://www.w3.org/1999/xlink"
                           resourceRelationType="creatorOf"
                           xlink:href="FRAN_IR_020024"
                           xlink:type="simple">
            <relationEntry localType="archival">Grands corps de l'Etat ; Conseil d'Etat ; Section contentieux (2000-2000)</relationEntry>
         </resourceRelation>
         <resourceRelation xmlns:xlink="http://www.w3.org/1999/xlink"
                           resourceRelationType="creatorOf"
                           xlink:href="FRAN_IR_054791"
                           xlink:type="simple">
            <relationEntry localType="archival">Archives du Conseil d'État. Reliquat de minutes de décisions de la section du Contentieux (1868-1879).</relationEntry>
         </resourceRelation>
         <resourceRelation xmlns:xlink="http://www.w3.org/1999/xlink"
                           resourceRelationType="creatorOf"
                           xlink:href="FRAN_IR_002260"
                           xlink:type="simple">
            <relationEntry localType="archival">Archives du Conseil d'État (1905-1958)</relationEntry>
         </resourceRelation>
         <resourceRelation xmlns:xlink="http://www.w3.org/1999/xlink"
                           resourceRelationType="creatorOf"
                           xlink:href="FRAN_IR_057029"
                           xlink:type="simple">
            <relationEntry localType="archival">Archives du Conseil d'État. Registres de suivi des affaires de la section du Contentieux (1945-1989).</relationEntry>
         </resourceRelation>
      </relations>
   </cpfDescription>
</eac-cpf>
