<eac-cpf xmlns="urn:isbn:1-931666-33-4"
         xmlns:xsi="http://www.w3.org/2001/XMLSchema-instance"
         xsi:schemaLocation="urn:isbn:1-931666-33-4 cpf.xsd">
   <control>
      <recordId>FRAN_NP_000385</recordId>
      <otherRecordId localType="Ancien_identifiant">1279/HCI</otherRecordId>
      <maintenanceStatus>derived</maintenanceStatus>
      <maintenanceAgency>
         <agencyName>Archives nationales de France</agencyName>
      </maintenanceAgency>
      <languageDeclaration>
         <language languageCode="fre">Français</language>
         <script scriptCode="Latn"/>
      </languageDeclaration>
      <conventionDeclaration>
         <citation>Notice établie conformément à la norme ICA-ISAAR (CPF) 2004, aux normes ISO 8601 pour le système de normalisation des dates utilisé, ainsi que AFNOR NF Z 44-061, juin 1986. Catalogage : forme et structure des vedettes noms de personne, des vedettes titres, des rubriques de classement et des titres forgés.</citation>
      </conventionDeclaration>
      <localControl localType="niveau_de_detail">
         <term>Moyenne</term>
      </localControl>
      <maintenanceHistory>
         <maintenanceEvent>
            <eventType>derived</eventType>
            <eventDateTime>2013-04-23</eventDateTime>
            <agentType>machine</agentType>
            <agent>Import_SIA</agent>
         </maintenanceEvent>
      </maintenanceHistory>
   </control>
   <cpfDescription>
      <identity>
         <entityType>corporateBody</entityType>
         <nameEntry localType="autorisée" scriptCode="Latn" xml:lang="fre">
            <part>Haut Conseil à l'intégration</part>
         </nameEntry>
         <nameEntry>
            <part>HCI</part>
         </nameEntry>
      </identity>
      <description>
         <existDates>
            <dateRange>
               <fromDate standardDate="1989-01-01">1989</fromDate>
            </dateRange>
         </existDates>
         <legalStatuses>
            <legalStatus>
               <term vocabularySource="d5blomrbsy--d2dm41z2xnq2">organisme consultatif</term>
            </legalStatus>
         </legalStatuses>
      </description>
      <relations>
         <cpfRelation xmlns:xlink="http://www.w3.org/1999/xlink"
                      cpfRelationType="associative"
                      xlink:href="FRAN_NP_009941"
                      xlink:type="simple">
            <relationEntry>Veil, Simone (1927-....)</relationEntry>
            <dateRange>
               <fromDate standardDate="1997-01-01">1997</fromDate>
               <toDate standardDate="1998-12-31">1998</toDate>
            </dateRange>
            <descriptiveNote>
               <p>
     S. Veil, présidente du HCI
    </p>
            </descriptiveNote>
         </cpfRelation>
         <cpfRelation xmlns:xlink="http://www.w3.org/1999/xlink"
                      cpfRelationType="associative"
                      xlink:href="FRAN_NP_051478"
                      xlink:type="simple">
            <relationEntry>Errera, Roger (1933-2014)</relationEntry>
            <dateRange>
               <fromDate standardDate="1999-03-26">26 mars 1999</fromDate>
               <toDate standardDate="2002-10-23">23 octobre 2002</toDate>
            </dateRange>
            <descriptiveNote>
               <p>
     Membre
    </p>
            </descriptiveNote>
         </cpfRelation>
         <cpfRelation xmlns:xlink="http://www.w3.org/1999/xlink"
                      cpfRelationType="hierarchical-parent"
                      xlink:href="FRAN_NP_000002"
                      xlink:type="simple">
            <relationEntry>Premier ministre</relationEntry>
            <dateRange>
               <fromDate standardDate="1989-01-01">1989</fromDate>
               <toDate/>
            </dateRange>
         </cpfRelation>
      </relations>
   </cpfDescription>
</eac-cpf>
