<eac-cpf xmlns="urn:isbn:1-931666-33-4"
         xmlns:xsi="http://www.w3.org/2001/XMLSchema-instance"
         xsi:schemaLocation="urn:isbn:1-931666-33-4 cpf.xsd">
   <control>
      <recordId>FRAN_NP_000001</recordId>
      <otherRecordId localType="Ancien_identifiant">1100</otherRecordId>
      <maintenanceStatus>derived</maintenanceStatus>
      <maintenanceAgency>
         <agencyName>Archives nationales de France</agencyName>
      </maintenanceAgency>
      <languageDeclaration>
         <language languageCode="fre">Français</language>
         <script scriptCode="Latn"/>
      </languageDeclaration>
      <conventionDeclaration>
         <citation>Notice établie conformément à la norme ICA-ISAAR (CPF) 2004, aux normes ISO 8601 pour le système de normalisation des dates utilisé, ainsi que AFNOR NF Z 44-061, juin 1986. Catalogage : forme et structure des vedettes noms de personne, des vedettes titres, des rubriques de classement et des titres forgés.</citation>
      </conventionDeclaration>
      <localControl localType="niveau_de_detail">
         <term>Élémentaire</term>
      </localControl>
      <maintenanceHistory>
         <maintenanceEvent>
            <eventType>derived</eventType>
            <eventDateTime>2015-12-04</eventDateTime>
            <agentType>machine</agentType>
            <agent>Import_SIA</agent>
         </maintenanceEvent>
      </maintenanceHistory>
   </control>
   <cpfDescription>
      <identity>
         <entityType>corporateBody</entityType>
         <nameEntry localType="autorisée" scriptCode="Latn" xml:lang="fre">
            <part>Présidence de la République</part>
         </nameEntry>
      </identity>
      <description>
         <existDates>
            <dateRange>
               <fromDate standardDate="1871-01-01">1871</fromDate>
            </dateRange>
         </existDates>
         <legalStatuses>
            <legalStatus>
               <term vocabularySource="d5blolsbn6--1v8dkhwwncgqp">présidence de la république</term>
            </legalStatus>
         </legalStatuses>
      </description>
      <relations>
         <cpfRelation xmlns:xlink="http://www.w3.org/1999/xlink"
                      cpfRelationType="hierarchical-child"
                      xlink:href="FRAN_NP_000062"
                      xlink:type="simple">
            <relationEntry>Cabinet de l'épouse du président de la République</relationEntry>
            <dateRange>
               <fromDate standardDate="1959-01-01">1959</fromDate>
            </dateRange>
         </cpfRelation>
         <cpfRelation xmlns:xlink="http://www.w3.org/1999/xlink"
                      cpfRelationType="hierarchical-child"
                      xlink:href="FRAN_NP_000063"
                      xlink:type="simple">
            <relationEntry>Haut Conseil de la francophonie</relationEntry>
            <dateRange>
               <fromDate standardDate="1984-01-01">1984</fromDate>
               <toDate standardDate="2002-12-31">2002</toDate>
            </dateRange>
         </cpfRelation>
         <cpfRelation xmlns:xlink="http://www.w3.org/1999/xlink"
                      cpfRelationType="hierarchical-child"
                      xlink:href="FRAN_NP_000064"
                      xlink:type="simple">
            <relationEntry>Organismes rattachés directement (présidence de la République)</relationEntry>
            <dateRange>
               <fromDate standardDate="1959-01-01">1959</fromDate>
            </dateRange>
         </cpfRelation>
         <cpfRelation xmlns:xlink="http://www.w3.org/1999/xlink"
                      cpfRelationType="hierarchical-child"
                      xlink:href="FRAN_NP_000323"
                      xlink:type="simple">
            <relationEntry>Comité pour la commémoration des origines : de la Gaule à la France</relationEntry>
            <dateRange>
               <fromDate standardDate="1996-01-01">1996</fromDate>
               <toDate standardDate="1997-12-31">1997</toDate>
            </dateRange>
         </cpfRelation>
         <cpfRelation xmlns:xlink="http://www.w3.org/1999/xlink"
                      cpfRelationType="associative"
                      xlink:href="FRAN_NP_000042"
                      xlink:type="simple">
            <relationEntry>Conseil supérieur de la magistrature</relationEntry>
            <dateRange>
               <fromDate standardDate="1883-01-01">1883</fromDate>
            </dateRange>
         </cpfRelation>
         <cpfRelation xmlns:xlink="http://www.w3.org/1999/xlink"
                      cpfRelationType="associative"
                      xlink:href="FRAN_NP_009907"
                      xlink:type="simple">
            <relationEntry>Giscard d'Estaing, Valéry</relationEntry>
            <dateRange>
               <fromDate standardDate="1974-05-27">27 mai 1974</fromDate>
               <toDate standardDate="1981-05-21">21 mai 1981</toDate>
            </dateRange>
         </cpfRelation>
         <cpfRelation xmlns:xlink="http://www.w3.org/1999/xlink"
                      cpfRelationType="associative"
                      xlink:href="FRAN_NP_009909"
                      xlink:type="simple">
            <relationEntry>Pompidou, Georges</relationEntry>
            <dateRange>
               <fromDate standardDate="1969-06-20">20 juin 1969</fromDate>
               <toDate standardDate="1974-04-02">2 avril 1974</toDate>
            </dateRange>
         </cpfRelation>
         <cpfRelation xmlns:xlink="http://www.w3.org/1999/xlink"
                      cpfRelationType="hierarchical-child"
                      xlink:href="FRAN_NP_009916"
                      xlink:type="simple">
            <relationEntry>Service de l'administration et de la conservation des résidences présidentielles</relationEntry>
            <dateRange>
               <fromDate standardDate="1993-01-01">1993</fromDate>
            </dateRange>
         </cpfRelation>
         <cpfRelation xmlns:xlink="http://www.w3.org/1999/xlink"
                      cpfRelationType="hierarchical-child"
                      xlink:href="FRAN_NP_009913"
                      xlink:type="simple">
            <relationEntry>Présidence de Valéry Giscard d'Estaing</relationEntry>
            <dateRange>
               <fromDate standardDate="1974-05-27">27 mai 1974</fromDate>
               <toDate standardDate="1981-05-21">21 mai 1981</toDate>
            </dateRange>
         </cpfRelation>
         <cpfRelation xmlns:xlink="http://www.w3.org/1999/xlink"
                      cpfRelationType="hierarchical-child"
                      xlink:href="FRAN_NP_009915"
                      xlink:type="simple">
            <relationEntry>Présidence de Jacques Chirac</relationEntry>
            <dateRange>
               <fromDate standardDate="1995-05-17">17 mai 1995</fromDate>
               <toDate standardDate="2007-05-16">16 mai 2007</toDate>
            </dateRange>
         </cpfRelation>
         <cpfRelation xmlns:xlink="http://www.w3.org/1999/xlink"
                      cpfRelationType="hierarchical-child"
                      xlink:href="FRAN_NP_009911"
                      xlink:type="simple">
            <relationEntry>Présidence de Charles de Gaulle</relationEntry>
            <dateRange>
               <fromDate standardDate="1959-01-08">8 janvier 1959</fromDate>
               <toDate standardDate="1969-04-28">28 avril 1969</toDate>
            </dateRange>
         </cpfRelation>
         <cpfRelation xmlns:xlink="http://www.w3.org/1999/xlink"
                      cpfRelationType="hierarchical-child"
                      xlink:href="FRAN_NP_050006"
                      xlink:type="simple">
            <relationEntry>État-major particulier du président de la République</relationEntry>
            <dateRange>
               <fromDate standardDate="1959-01-08">8 janvier 1959</fromDate>
            </dateRange>
         </cpfRelation>
         <cpfRelation xmlns:xlink="http://www.w3.org/1999/xlink"
                      cpfRelationType="hierarchical-child"
                      xlink:href="FRAN_NP_050672"
                      xlink:type="simple">
            <relationEntry>Conseiller communication (présidence de la République)</relationEntry>
            <dateRange>
               <fromDate standardDate="1958-01-01">1958</fromDate>
            </dateRange>
         </cpfRelation>
         <cpfRelation xmlns:xlink="http://www.w3.org/1999/xlink"
                      cpfRelationType="associative"
                      xlink:href="FRAN_NP_050926"
                      xlink:type="simple">
            <relationEntry>Marek, Yves (1963-....)</relationEntry>
            <dateRange>
               <fromDate standardDate="1989-01-01">1989</fromDate>
               <toDate standardDate="1989-12-31">1989</toDate>
            </dateRange>
            <descriptiveNote>
               <p>
     Adjoint aux représentants personnels pour les sommets francophones 
    </p>
            </descriptiveNote>
         </cpfRelation>
         <cpfRelation xmlns:xlink="http://www.w3.org/1999/xlink"
                      cpfRelationType="associative"
                      xlink:href="FRAN_NP_051133"
                      xlink:type="simple">
            <relationEntry>Colonna, Catherine (1956-....)</relationEntry>
            <dateRange>
               <fromDate standardDate="1995-01-01">1995</fromDate>
               <toDate standardDate="2004-12-31">2004</toDate>
            </dateRange>
            <descriptiveNote>
               <p>
     Catherine Colonna fut porte-parole de Jacques Chirac à l'Elysée.
    </p>
            </descriptiveNote>
         </cpfRelation>
         <cpfRelation xmlns:xlink="http://www.w3.org/1999/xlink"
                      cpfRelationType="hierarchical-child"
                      xlink:href="FRAN_NP_051265"
                      xlink:type="simple">
            <relationEntry>France. Présidence de la République. Coordination nationale du renseignement (2008-....)</relationEntry>
            <dateRange>
               <fromDate standardDate="2008-01-01">2008</fromDate>
            </dateRange>
            <descriptiveNote>
               <p>
     La coordination nationale du renseignement est placée sous l'autorité du secrétaire général de la Présidence de la République
    </p>
            </descriptiveNote>
         </cpfRelation>
         <cpfRelation xmlns:xlink="http://www.w3.org/1999/xlink"
                      cpfRelationType="hierarchical-child"
                      xlink:href="FRAN_NP_051290"
                      xlink:type="simple">
            <relationEntry>France. Présidence de la République. Service de l'audiovisuel (1990-2008)</relationEntry>
            <dateRange>
               <fromDate standardDate="1990-01-01">1990</fromDate>
               <toDate standardDate="2008-12-31">2008</toDate>
            </dateRange>
         </cpfRelation>
         <cpfRelation xmlns:xlink="http://www.w3.org/1999/xlink"
                      cpfRelationType="hierarchical-child"
                      xlink:href="FRAN_NP_051405"
                      xlink:type="simple">
            <relationEntry>France. Présidence de la République. Service des télécommunications et de l'informatique (1929-....)</relationEntry>
            <dateRange>
               <fromDate standardDate="1929-01-01">1929</fromDate>
            </dateRange>
         </cpfRelation>
         <cpfRelation xmlns:xlink="http://www.w3.org/1999/xlink"
                      cpfRelationType="associative"
                      xlink:href="FRAN_NP_051441"
                      xlink:type="simple">
            <relationEntry>Combarieu, Abel (1856-1944)</relationEntry>
            <dateRange>
               <fromDate standardDate="1899-01-01">1899</fromDate>
               <toDate standardDate="1906-12-31">1906</toDate>
            </dateRange>
            <descriptiveNote>
               <p>
     Abel Combarieu, directeur du Cabinet civil du président Emile Loubet, puis responsable des services du secrétariat de la présidence de la République
    </p>
            </descriptiveNote>
         </cpfRelation>
         <cpfRelation xmlns:xlink="http://www.w3.org/1999/xlink"
                      cpfRelationType="associative"
                      xlink:href="FRAN_NP_051463"
                      xlink:type="simple">
            <relationEntry>Duchêne, Sandrine (1969-....)</relationEntry>
            <dateRange>
               <fromDate standardDate="2012-05-01">mai 2012</fromDate>
               <toDate standardDate="2013-09-30">septembre 2013</toDate>
            </dateRange>
            <descriptiveNote>
               <p>
     S. Duchêne, conseillère politique économique et finances publiques à la présidence de la République
    </p>
            </descriptiveNote>
         </cpfRelation>
         <cpfRelation xmlns:xlink="http://www.w3.org/1999/xlink"
                      cpfRelationType="associative"
                      xlink:href="FRAN_NP_051360"
                      xlink:type="simple">
            <relationEntry>Macron, Emmanuel (1977-....)</relationEntry>
            <dateRange>
               <fromDate standardDate="2017-05-14">14 mai 2017</fromDate>
            </dateRange>
            <descriptiveNote>
               <p>
     E. Macron, président de la République
    </p>
            </descriptiveNote>
         </cpfRelation>
         <cpfRelation xmlns:xlink="http://www.w3.org/1999/xlink"
                      cpfRelationType="associative"
                      xlink:href="FRAN_NP_051622"
                      xlink:type="simple">
            <relationEntry>Deschanel, Paul (1855-1922)</relationEntry>
            <dateRange>
               <fromDate standardDate="1920-02-01">février 1920</fromDate>
               <toDate standardDate="1920-09-30">septembre 1920</toDate>
            </dateRange>
         </cpfRelation>
         <cpfRelation xmlns:xlink="http://www.w3.org/1999/xlink"
                      cpfRelationType="associative"
                      xlink:href="FRAN_NP_051478"
                      xlink:type="simple">
            <relationEntry>Errera, Roger (1933-2014)</relationEntry>
            <dateRange>
               <fromDate standardDate="1969-04-20">20 avril 1969</fromDate>
               <toDate standardDate="1969-06-20">20 juin 1969</toDate>
            </dateRange>
            <descriptiveNote>
               <p>
     Conseiller technique
    </p>
            </descriptiveNote>
         </cpfRelation>
         <cpfRelation xmlns:xlink="http://www.w3.org/1999/xlink"
                      cpfRelationType="associative"
                      xlink:href="FRAN_NP_050001"
                      xlink:type="simple">
            <relationEntry>Faure Félix (1841-1899)</relationEntry>
            <dateRange>
               <fromDate standardDate="1895-01-17">17 janvier 1895</fromDate>
               <toDate standardDate="1899-02-16">16 février 1899</toDate>
            </dateRange>
         </cpfRelation>
         <cpfRelation xmlns:xlink="http://www.w3.org/1999/xlink"
                      cpfRelationType="associative"
                      xlink:href="FRAN_NP_051953"
                      xlink:type="simple">
            <relationEntry>France. Secrétariat particulier du Président de la République (1946-....)</relationEntry>
            <dateRange>
               <fromDate standardDate="1946-01-01">1946</fromDate>
            </dateRange>
         </cpfRelation>
         <cpfRelation xmlns:xlink="http://www.w3.org/1999/xlink"
                      cpfRelationType="associative"
                      xlink:href="FRAN_NP_051947"
                      xlink:type="simple">
            <relationEntry>Lemas, Pierre-René (1951-....)</relationEntry>
            <dateRange>
               <fromDate standardDate="2012-05-15">15 mai 2012</fromDate>
               <toDate standardDate="2014-04-12">12 avril 2014</toDate>
            </dateRange>
            <descriptiveNote>
               <p>
     secrétaire général de la Présidence de la République
    </p>
            </descriptiveNote>
         </cpfRelation>
         <cpfRelation xmlns:xlink="http://www.w3.org/1999/xlink"
                      cpfRelationType="associative"
                      xlink:href="FRAN_NP_052030"
                      xlink:type="simple">
            <relationEntry>Azoulay, Audrey (1972-....)</relationEntry>
            <dateRange>
               <fromDate standardDate="2014-09-01">1er septembre 2014</fromDate>
               <toDate standardDate="2016-02-11">11 février 2016</toDate>
            </dateRange>
            <descriptiveNote>
               <p>
     Conseillère Culture et communication à la présidence de la République
    </p>
            </descriptiveNote>
         </cpfRelation>
         <cpfRelation xmlns:xlink="http://www.w3.org/1999/xlink"
                      cpfRelationType="associative"
                      xlink:href="FRAN_NP_052041"
                      xlink:type="simple">
            <relationEntry>Oseredczuk, Arnaud (1971-....)</relationEntry>
            <dateRange>
               <fromDate standardDate="2012-05-19">19 mai 2012</fromDate>
               <toDate standardDate="2014-02-03">3 février 2014</toDate>
            </dateRange>
            <descriptiveNote>
               <p>
     Conseiller Financement de l'économie et euro à la présidence de la République
    </p>
            </descriptiveNote>
         </cpfRelation>
         <cpfRelation xmlns:xlink="http://www.w3.org/1999/xlink"
                      cpfRelationType="associative"
                      xlink:href="FRAN_NP_052040"
                      xlink:type="simple">
            <relationEntry>Prochasson, Christophe (1959-....)</relationEntry>
            <dateRange>
               <fromDate standardDate="2015-09-01">septembre 2015</fromDate>
               <toDate standardDate="2017-05-31">mai 2017</toDate>
            </dateRange>
            <descriptiveNote>
               <p>
     Conseiller Education, enseignement supérieur et recherche au cabinet de François Hollande, président de la République
    </p>
            </descriptiveNote>
         </cpfRelation>
         <cpfRelation xmlns:xlink="http://www.w3.org/1999/xlink"
                      cpfRelationType="hierarchical-child"
                      xlink:href="FRAN_NP_009918"
                      xlink:type="simple">
            <relationEntry>France. Présidence de la République. Service photographique (1952-2008)</relationEntry>
            <dateRange>
               <fromDate standardDate="1952-01-01">1952</fromDate>
               <toDate standardDate="2008-12-31">2008</toDate>
            </dateRange>
         </cpfRelation>
         <cpfRelation xmlns:xlink="http://www.w3.org/1999/xlink"
                      cpfRelationType="hierarchical-child"
                      xlink:href="FRAN_NP_050751"
                      xlink:type="simple">
            <relationEntry>Conseil de la création artistique</relationEntry>
            <dateRange>
               <fromDate standardDate="2009-01-30">30 janvier 2009</fromDate>
               <toDate standardDate="2011-05-27">27 mai 2011</toDate>
            </dateRange>
         </cpfRelation>
         <cpfRelation xmlns:xlink="http://www.w3.org/1999/xlink"
                      cpfRelationType="associative"
                      xlink:href="FRAN_NP_050668"
                      xlink:type="simple">
            <relationEntry>Commandement militaire du Palais de l'Elysée</relationEntry>
            <dateRange>
               <fromDate standardDate="1879-01-01">1879</fromDate>
            </dateRange>
         </cpfRelation>
         <cpfRelation xmlns:xlink="http://www.w3.org/1999/xlink"
                      cpfRelationType="hierarchical-child"
                      xlink:href="FRAN_NP_009278"
                      xlink:type="simple">
            <relationEntry>Secrétariat général pour les affaires africaines et malgaches</relationEntry>
            <dateRange>
               <fromDate standardDate="1961-01-01">1961</fromDate>
               <toDate standardDate="1974-12-31">1974</toDate>
            </dateRange>
         </cpfRelation>
         <cpfRelation xmlns:xlink="http://www.w3.org/1999/xlink"
                      cpfRelationType="hierarchical-child"
                      xlink:href="FRAN_NP_009914"
                      xlink:type="simple">
            <relationEntry>Présidence de François Mitterrand</relationEntry>
            <dateRange>
               <fromDate standardDate="1981-05-21">21 mai 1981</fromDate>
               <toDate standardDate="1995-05-17">17 mai 1995</toDate>
            </dateRange>
         </cpfRelation>
         <cpfRelation xmlns:xlink="http://www.w3.org/1999/xlink"
                      cpfRelationType="hierarchical-child"
                      xlink:href="FRAN_NP_009912"
                      xlink:type="simple">
            <relationEntry>Présidence de Georges Pompidou</relationEntry>
            <dateRange>
               <fromDate standardDate="1969-06-20">20 juin 1969</fromDate>
               <toDate standardDate="1974-04-02">2 avril 1974</toDate>
            </dateRange>
         </cpfRelation>
         <cpfRelation xmlns:xlink="http://www.w3.org/1999/xlink"
                      cpfRelationType="hierarchical-child"
                      xlink:href="FRAN_NP_009917"
                      xlink:type="simple">
            <relationEntry>Service financier et du personnel (présidence de la République)</relationEntry>
            <dateRange>
               <fromDate standardDate="1959-01-01">1959</fromDate>
            </dateRange>
         </cpfRelation>
         <cpfRelation xmlns:xlink="http://www.w3.org/1999/xlink"
                      cpfRelationType="associative"
                      xlink:href="FRAN_NP_009908"
                      xlink:type="simple">
            <relationEntry>Auriol, Vincent</relationEntry>
            <dateRange>
               <fromDate standardDate="1947-01-16">16 janvier 1947</fromDate>
               <toDate standardDate="1954-01-16">16 janvier 1954</toDate>
            </dateRange>
         </cpfRelation>
         <cpfRelation xmlns:xlink="http://www.w3.org/1999/xlink"
                      cpfRelationType="hierarchical-child"
                      xlink:href="FRAN_NP_000059"
                      xlink:type="simple">
            <relationEntry>Cabinet du président de la République</relationEntry>
            <dateRange>
               <fromDate standardDate="1871-01-01">1871</fromDate>
            </dateRange>
         </cpfRelation>
         <cpfRelation xmlns:xlink="http://www.w3.org/1999/xlink"
                      cpfRelationType="hierarchical-child"
                      xlink:href="FRAN_NP_000329"
                      xlink:type="simple">
            <relationEntry>Commission de réflexion sur l'application du principe de laïcité dans la République</relationEntry>
            <dateRange>
               <fromDate standardDate="2003-01-01">2003</fromDate>
               <toDate standardDate="2003-12-31">2003</toDate>
            </dateRange>
         </cpfRelation>
         <cpfRelation xmlns:xlink="http://www.w3.org/1999/xlink"
                      cpfRelationType="associative"
                      xlink:href="FRAN_NP_001769"
                      xlink:type="simple">
            <relationEntry>Sous-direction de la sécurité du Président de la République et de la protection des hautes personnalités françaises</relationEntry>
            <dateRange>
               <fromDate standardDate="1972-01-01">1972</fromDate>
               <toDate standardDate="1994-12-31">1994</toDate>
            </dateRange>
         </cpfRelation>
         <cpfRelation xmlns:xlink="http://www.w3.org/1999/xlink"
                      cpfRelationType="associative"
                      xlink:href="FRAN_NP_001772"
                      xlink:type="simple">
            <relationEntry>Groupe de sécurité de la présidence de la République</relationEntry>
            <dateRange>
               <fromDate standardDate="1994-01-01">1994</fromDate>
            </dateRange>
         </cpfRelation>
         <cpfRelation xmlns:xlink="http://www.w3.org/1999/xlink"
                      cpfRelationType="hierarchical-child"
                      xlink:href="FRAN_NP_009872"
                      xlink:type="simple">
            <relationEntry>Présidence de Nicolas Sarkozy</relationEntry>
            <dateRange>
               <fromDate standardDate="2007-05-16">16 mai 2007</fromDate>
               <toDate standardDate="2012-05-15">15 mai 2012</toDate>
            </dateRange>
         </cpfRelation>
         <cpfRelation xmlns:xlink="http://www.w3.org/1999/xlink"
                      cpfRelationType="hierarchical-child"
                      xlink:href="FRAN_NP_009885"
                      xlink:type="simple">
            <relationEntry>Service du protocole (présidence de la République)</relationEntry>
            <dateRange>
               <fromDate standardDate="1871-01-01">1871</fromDate>
            </dateRange>
         </cpfRelation>
      </relations>
   </cpfDescription>
</eac-cpf>
