<eac-cpf xmlns="urn:isbn:1-931666-33-4"
         xmlns:xsi="http://www.w3.org/2001/XMLSchema-instance"
         xsi:schemaLocation="urn:isbn:1-931666-33-4 cpf.xsd">
   <control>
      <recordId>FRAN_NP_000013</recordId>
      <maintenanceStatus>derived</maintenanceStatus>
      <maintenanceAgency>
         <agencyName>Archives nationales de France</agencyName>
      </maintenanceAgency>
      <languageDeclaration>
         <language languageCode="fre">Français</language>
         <script scriptCode="Latn"/>
      </languageDeclaration>
      <conventionDeclaration>
         <citation>Notice établie conformément à la norme ICA-ISAAR (CPF) 2004, aux normes ISO 8601 pour le système de normalisation des dates utilisé, ainsi que AFNOR NF Z 44-061, juin 1986. Catalogage : forme et structure des vedettes noms de personne, des vedettes titres, des rubriques de classement et des titres forgés.</citation>
      </conventionDeclaration>
      <localControl localType="niveau_de_detail">
         <term>Moyenne</term>
      </localControl>
      <maintenanceHistory>
         <maintenanceEvent>
            <eventType>derived</eventType>
            <eventDateTime>2013-04-23</eventDateTime>
            <agentType>machine</agentType>
            <agent>Import_SIA</agent>
         </maintenanceEvent>
      </maintenanceHistory>
   </control>
   <cpfDescription>
      <identity>
         <entityType>corporateBody</entityType>
         <nameEntry localType="autorisée" scriptCode="Latn" xml:lang="fre">
            <part>Ministère des Affaires sociales et de la Solidarité nationale</part>
         </nameEntry>
      </identity>
      <description>
         <existDates>
            <dateRange>
               <fromDate standardDate="1982-06-29">29 juin 1982</fromDate>
               <toDate standardDate="1986-03-20">20 mars 1986</toDate>
            </dateRange>
         </existDates>
         <legalStatuses>
            <legalStatus>
               <term vocabularySource="d5bloo2gwk-sgl3fc00gzgl">ministère</term>
            </legalStatus>
         </legalStatuses>
      </description>
      <relations>
         <cpfRelation xmlns:xlink="http://www.w3.org/1999/xlink"
                      cpfRelationType="temporal-earlier"
                      xlink:href="FRAN_NP_004953"
                      xlink:type="simple">
            <relationEntry>Ministère de la Santé (1969-1983)</relationEntry>
            <dateRange>
               <fromDate standardDate="1983-03-22">22 mars 1983</fromDate>
            </dateRange>
         </cpfRelation>
         <cpfRelation xmlns:xlink="http://www.w3.org/1999/xlink"
                      cpfRelationType="hierarchical-child"
                      xlink:href="FRAN_NP_004782"
                      xlink:type="simple">
            <relationEntry>Secrétariat d'État chargé des Rapatriés (1983-1986)</relationEntry>
            <dateRange>
               <fromDate standardDate="1983-03-24">24 mars 1983</fromDate>
               <toDate standardDate="1986-03-20">20 mars 1986</toDate>
            </dateRange>
         </cpfRelation>
         <cpfRelation xmlns:xlink="http://www.w3.org/1999/xlink"
                      cpfRelationType="hierarchical-child"
                      xlink:href="FRAN_NP_009652"
                      xlink:type="simple">
            <relationEntry>Cabinet du ministre des Affaires sociales et de la Solidarité nationale</relationEntry>
            <dateRange>
               <fromDate standardDate="1982-06-29">29 juin 1982</fromDate>
               <toDate standardDate="1986-03-20">20 mars 1986</toDate>
            </dateRange>
         </cpfRelation>
         <cpfRelation xmlns:xlink="http://www.w3.org/1999/xlink"
                      cpfRelationType="hierarchical-child"
                      xlink:href="FRAN_NP_009653"
                      xlink:type="simple">
            <relationEntry>Cabinets du ministre délégué et des secrétaires d'État auprès du ministre des Affaires sociales et de la Solidarité nationale</relationEntry>
            <dateRange>
               <fromDate standardDate="1982-06-29">29 juin 1982</fromDate>
               <toDate standardDate="1986-03-20">20 mars 1986</toDate>
            </dateRange>
         </cpfRelation>
         <cpfRelation xmlns:xlink="http://www.w3.org/1999/xlink"
                      cpfRelationType="associative"
                      xlink:href="FRAN_NP_051419"
                      xlink:type="simple">
            <relationEntry>Fonds de solidarité (France ; 1982-....)</relationEntry>
            <dateRange>
               <fromDate standardDate="1982-06-29">29 juin 1982</fromDate>
               <toDate standardDate="1986-03-20">20 mars 1986</toDate>
            </dateRange>
            <descriptiveNote>
               <p>
     Le FDS est sous la tutelle du ministère des affaires sociales et de la solidarité nationale
    </p>
            </descriptiveNote>
         </cpfRelation>
         <cpfRelation xmlns:xlink="http://www.w3.org/1999/xlink"
                      cpfRelationType="associative"
                      xlink:href="FRAN_NP_051486"
                      xlink:type="simple">
            <relationEntry>Bérégovoy, Pierre (1925-1993)</relationEntry>
            <dateRange>
               <fromDate standardDate="1982-06-29">29 juin 1982</fromDate>
               <toDate standardDate="1984-07-31">juillet 1984</toDate>
            </dateRange>
            <descriptiveNote>
               <p>
     P. Bérégovoy, ministre des Affaires sociales et de la Solidarité nationale
    </p>
            </descriptiveNote>
         </cpfRelation>
         <cpfRelation xmlns:xlink="http://www.w3.org/1999/xlink"
                      cpfRelationType="hierarchical-child"
                      xlink:href="FRAN_NP_004976"
                      xlink:type="simple">
            <relationEntry>Haut Comité de la population et de la famille</relationEntry>
            <dateRange>
               <fromDate standardDate="1982-06-29">29 juin 1982</fromDate>
               <toDate standardDate="1985-12-31">1985</toDate>
            </dateRange>
         </cpfRelation>
         <cpfRelation xmlns:xlink="http://www.w3.org/1999/xlink"
                      cpfRelationType="temporal-later"
                      xlink:href="FRAN_NP_009648"
                      xlink:type="simple">
            <relationEntry>Ministère des Affaires sociales et de l'Emploi</relationEntry>
            <dateRange>
               <fromDate standardDate="1986-03-20">20 mars 1986</fromDate>
            </dateRange>
         </cpfRelation>
         <cpfRelation xmlns:xlink="http://www.w3.org/1999/xlink"
                      cpfRelationType="temporal-earlier"
                      xlink:href="FRAN_NP_009630"
                      xlink:type="simple">
            <relationEntry>Ministère de la Solidarité nationale</relationEntry>
            <dateRange>
               <fromDate standardDate="1982-06-29">29 juin 1982</fromDate>
            </dateRange>
         </cpfRelation>
         <cpfRelation xmlns:xlink="http://www.w3.org/1999/xlink"
                      cpfRelationType="temporal-earlier"
                      xlink:href="FRAN_NP_004969"
                      xlink:type="simple">
            <relationEntry>Ministère du Travail (1973-1982)</relationEntry>
            <dateRange>
               <fromDate standardDate="1982-06-29">29 juin 1982</fromDate>
            </dateRange>
         </cpfRelation>
      </relations>
   </cpfDescription>
</eac-cpf>
