<eac-cpf xmlns="urn:isbn:1-931666-33-4"
         xmlns:xsi="http://www.w3.org/2001/XMLSchema-instance"
         xsi:schemaLocation="urn:isbn:1-931666-33-4 cpf.xsd">
   <control>
      <recordId>FRAN_NP_000468</recordId>
      <otherRecordId localType="Ancien_identifiant">2103</otherRecordId>
      <maintenanceStatus>derived</maintenanceStatus>
      <maintenanceAgency>
         <agencyName>Archives nationales de France</agencyName>
      </maintenanceAgency>
      <languageDeclaration>
         <language languageCode="fre">Français</language>
         <script scriptCode="Latn"/>
      </languageDeclaration>
      <conventionDeclaration>
         <citation>Notice établie conformément à la norme ICA-ISAAR (CPF) 2004, aux normes ISO 8601 pour le système de normalisation des dates utilisé, ainsi que AFNOR NF Z 44-061, juin 1986. Catalogage : forme et structure des vedettes noms de personne, des vedettes titres, des rubriques de classement et des titres forgés.</citation>
      </conventionDeclaration>
      <localControl localType="niveau_de_detail">
         <term>Moyenne</term>
      </localControl>
      <maintenanceHistory>
         <maintenanceEvent>
            <eventType>derived</eventType>
            <eventDateTime>2013-04-23</eventDateTime>
            <agentType>machine</agentType>
            <agent>Import_SIA</agent>
         </maintenanceEvent>
      </maintenanceHistory>
   </control>
   <cpfDescription>
      <identity>
         <entityType>corporateBody</entityType>
         <nameEntry localType="autorisée" scriptCode="Latn" xml:lang="fre">
            <part>Direction des affaires civiles et du sceau</part>
         </nameEntry>
         <nameEntry>
            <part>Direction des affaires civiles</part>
            <useDates>
               <dateRange>
                  <fromDate standardDate="1814-01-01">1814</fromDate>
                  <toDate standardDate="1832-12-31">1832</toDate>
               </dateRange>
            </useDates>
         </nameEntry>
         <nameEntry>
            <part>Division civile</part>
            <useDates>
               <dateRange>
                  <fromDate standardDate="1795-01-01">1795</fromDate>
                  <toDate standardDate="1814-12-31">1814</toDate>
               </dateRange>
            </useDates>
         </nameEntry>
      </identity>
      <description>
         <existDates>
            <dateRange>
               <fromDate standardDate="1795-01-01">1795</fromDate>
            </dateRange>
         </existDates>
         <legalStatuses>
            <legalStatus>
               <term vocabularySource="d5blonaxbw--1mt8t42bokzts">service d'administration centrale</term>
            </legalStatus>
         </legalStatuses>
      </description>
      <relations>
         <cpfRelation xmlns:xlink="http://www.w3.org/1999/xlink"
                      cpfRelationType="hierarchical-child"
                      xlink:href="FRAN_NP_000467"
                      xlink:type="simple">
            <relationEntry>Sous-direction des professions judiciaires et juridiques (direction des affaires civiles et du sceau)</relationEntry>
            <dateRange>
               <fromDate standardDate="1973-01-01">1973</fromDate>
            </dateRange>
         </cpfRelation>
         <cpfRelation xmlns:xlink="http://www.w3.org/1999/xlink"
                      cpfRelationType="hierarchical-child"
                      xlink:href="FRAN_NP_000446"
                      xlink:type="simple">
            <relationEntry>Sous-direction du droit civil (direction des affaires civiles et du sceau)</relationEntry>
            <dateRange>
               <fromDate standardDate="1994-01-01">1994</fromDate>
            </dateRange>
         </cpfRelation>
         <cpfRelation xmlns:xlink="http://www.w3.org/1999/xlink"
                      cpfRelationType="hierarchical-child"
                      xlink:href="FRAN_NP_000448"
                      xlink:type="simple">
            <relationEntry>Bureau du droit public (direction des affaires civiles et du sceau)</relationEntry>
            <dateRange>
               <fromDate standardDate="2003-01-01">2003</fromDate>
            </dateRange>
         </cpfRelation>
         <cpfRelation xmlns:xlink="http://www.w3.org/1999/xlink"
                      cpfRelationType="hierarchical-child"
                      xlink:href="FRAN_NP_000451"
                      xlink:type="simple">
            <relationEntry>Cabinet du directeur des affaires civiles et du sceau</relationEntry>
            <dateRange>
               <fromDate standardDate="1964-01-01">1964</fromDate>
            </dateRange>
         </cpfRelation>
         <cpfRelation xmlns:xlink="http://www.w3.org/1999/xlink"
                      cpfRelationType="hierarchical-child"
                      xlink:href="FRAN_NP_000449"
                      xlink:type="simple">
            <relationEntry>Mission d'aide à la médiation internationale pour les familles (direction des affaires civiles et du sceau) (2003-2004)</relationEntry>
            <dateRange>
               <fromDate standardDate="2003-01-01">2003</fromDate>
               <toDate standardDate="2004-12-31">2004</toDate>
            </dateRange>
         </cpfRelation>
         <cpfRelation xmlns:xlink="http://www.w3.org/1999/xlink"
                      cpfRelationType="hierarchical-child"
                      xlink:href="FRAN_NP_000770"
                      xlink:type="simple">
            <relationEntry>Sous-direction de la législation civile et de la procédure (direction des affaires civiles et du sceau)</relationEntry>
            <dateRange>
               <fromDate standardDate="1964-01-01">1964</fromDate>
               <toDate standardDate="1994-12-31">1994</toDate>
            </dateRange>
         </cpfRelation>
         <cpfRelation xmlns:xlink="http://www.w3.org/1999/xlink"
                      cpfRelationType="hierarchical-child"
                      xlink:href="FRAN_NP_000772"
                      xlink:type="simple">
            <relationEntry>Pôle d'évaluation de la justice civile (direction des affaires civiles et du sceau)</relationEntry>
            <dateRange>
               <fromDate standardDate="2008-01-01">2008</fromDate>
            </dateRange>
         </cpfRelation>
         <cpfRelation xmlns:xlink="http://www.w3.org/1999/xlink"
                      cpfRelationType="hierarchical-child"
                      xlink:href="FRAN_NP_000771"
                      xlink:type="simple">
            <relationEntry>Sous-direction du droit international et commercial, de la nationalité et du sceau (direction des affaires civiles et du sceau)</relationEntry>
            <dateRange>
               <fromDate standardDate="1964-01-01">1964</fromDate>
               <toDate standardDate="1994-12-31">1994</toDate>
            </dateRange>
         </cpfRelation>
         <cpfRelation xmlns:xlink="http://www.w3.org/1999/xlink"
                      cpfRelationType="hierarchical-child"
                      xlink:href="FRAN_NP_000450"
                      xlink:type="simple">
            <relationEntry>Bureau de l'administration judiciaire et de législation générale (direction des affaires civiles et du sceau)</relationEntry>
            <dateRange>
               <fromDate standardDate="1964-01-01">1964</fromDate>
               <toDate standardDate="1983-12-31">1983</toDate>
            </dateRange>
         </cpfRelation>
         <cpfRelation xmlns:xlink="http://www.w3.org/1999/xlink"
                      cpfRelationType="hierarchical-child"
                      xlink:href="FRAN_NP_000447"
                      xlink:type="simple">
            <relationEntry>Cellule études et recherches (direction des affaires civiles et du sceau)</relationEntry>
            <dateRange>
               <fromDate standardDate="2003-01-01">2003</fromDate>
               <toDate standardDate="2008-12-31">2008</toDate>
            </dateRange>
         </cpfRelation>
         <cpfRelation xmlns:xlink="http://www.w3.org/1999/xlink"
                      cpfRelationType="hierarchical-child"
                      xlink:href="FRAN_NP_000463"
                      xlink:type="simple">
            <relationEntry>Sous-direction du droit économique (direction des affaires civiles et du sceau)</relationEntry>
            <dateRange>
               <fromDate standardDate="1994-01-01">1994</fromDate>
            </dateRange>
         </cpfRelation>
         <cpfRelation xmlns:xlink="http://www.w3.org/1999/xlink"
                      cpfRelationType="hierarchical-parent"
                      xlink:href="FRAN_NP_000009"
                      xlink:type="simple">
            <relationEntry>Ministère de la Justice</relationEntry>
            <dateRange>
               <fromDate standardDate="1795-01-01">1795</fromDate>
               <toDate/>
            </dateRange>
         </cpfRelation>
         <resourceRelation xmlns:xlink="http://www.w3.org/1999/xlink"
                           resourceRelationType="subjectOf"
                           xlink:href="FRAN_IR_008479"
                           xlink:type="simple">
            <relationEntry localType="archival">Justice ; Direction des affaires civiles et du sceau (1970-1972)</relationEntry>
         </resourceRelation>
         <resourceRelation xmlns:xlink="http://www.w3.org/1999/xlink"
                           resourceRelationType="subjectOf"
                           xlink:href="FRAN_IR_009604"
                           xlink:type="simple">
            <relationEntry localType="archival">Justice ; Direction des affaires civiles et du sceau (1945-1956)</relationEntry>
         </resourceRelation>
         <resourceRelation xmlns:xlink="http://www.w3.org/1999/xlink"
                           resourceRelationType="subjectOf"
                           xlink:href="FRAN_IR_010217"
                           xlink:type="simple">
            <relationEntry localType="archival">Justice ; Direction des affaires civiles et du sceau (1833-1967)</relationEntry>
         </resourceRelation>
         <resourceRelation xmlns:xlink="http://www.w3.org/1999/xlink"
                           resourceRelationType="subjectOf"
                           xlink:href="FRAN_IR_013412"
                           xlink:type="simple">
            <relationEntry localType="archival">Justice ; Direction des affaires civiles et du sceau (1919-1965)</relationEntry>
         </resourceRelation>
         <resourceRelation xmlns:xlink="http://www.w3.org/1999/xlink"
                           resourceRelationType="subjectOf"
                           xlink:href="FRAN_IR_009546"
                           xlink:type="simple">
            <relationEntry localType="archival">Justice ; Direction des affaires civiles et du sceau (1918-1958)</relationEntry>
         </resourceRelation>
         <resourceRelation xmlns:xlink="http://www.w3.org/1999/xlink"
                           resourceRelationType="subjectOf"
                           xlink:href="FRAN_IR_019229"
                           xlink:type="simple">
            <relationEntry localType="archival">Justice ; Direction des affaires civiles et du sceau (1885-1949)</relationEntry>
         </resourceRelation>
         <resourceRelation xmlns:xlink="http://www.w3.org/1999/xlink"
                           resourceRelationType="subjectOf"
                           xlink:href="FRAN_IR_010515"
                           xlink:type="simple">
            <relationEntry localType="archival">Justice ; Direction des affaires civiles et du sceau (2000-2001)</relationEntry>
         </resourceRelation>
         <resourceRelation xmlns:xlink="http://www.w3.org/1999/xlink"
                           resourceRelationType="subjectOf"
                           xlink:href="FRAN_IR_019516"
                           xlink:type="simple">
            <relationEntry localType="archival">Justice ; Direction des affaires civiles et du sceau (1857-1975)</relationEntry>
         </resourceRelation>
         <resourceRelation xmlns:xlink="http://www.w3.org/1999/xlink"
                           resourceRelationType="subjectOf"
                           xlink:href="FRAN_IR_019515"
                           xlink:type="simple">
            <relationEntry localType="archival">Justice ; Direction des affaires civiles et du sceau (1840-1964)</relationEntry>
         </resourceRelation>
         <resourceRelation xmlns:xlink="http://www.w3.org/1999/xlink"
                           resourceRelationType="subjectOf"
                           xlink:href="FRAN_IR_019517"
                           xlink:type="simple">
            <relationEntry localType="archival">Justice ; Direction des affaires civiles et du sceau (1858-1976)</relationEntry>
         </resourceRelation>
         <resourceRelation xmlns:xlink="http://www.w3.org/1999/xlink"
                           resourceRelationType="subjectOf"
                           xlink:href="FRAN_IR_019518"
                           xlink:type="simple">
            <relationEntry localType="archival">Justice ; Direction des affaires civiles et du sceau (1850-1964)</relationEntry>
         </resourceRelation>
         <resourceRelation xmlns:xlink="http://www.w3.org/1999/xlink"
                           resourceRelationType="subjectOf"
                           xlink:href="FRAN_IR_019519"
                           xlink:type="simple">
            <relationEntry localType="archival">Justice ; Direction des affaires civiles et du sceau (1832-1966)</relationEntry>
         </resourceRelation>
         <resourceRelation xmlns:xlink="http://www.w3.org/1999/xlink"
                           resourceRelationType="subjectOf"
                           xlink:href="FRAN_IR_019520"
                           xlink:type="simple">
            <relationEntry localType="archival">Justice ; Direction des affaires civiles et du sceau (1830-1966)</relationEntry>
         </resourceRelation>
         <resourceRelation xmlns:xlink="http://www.w3.org/1999/xlink"
                           resourceRelationType="subjectOf"
                           xlink:href="FRAN_IR_019524"
                           xlink:type="simple">
            <relationEntry localType="archival">Justice ; Direction des affaires civiles et du sceau (1820-1964)</relationEntry>
         </resourceRelation>
         <resourceRelation xmlns:xlink="http://www.w3.org/1999/xlink"
                           resourceRelationType="subjectOf"
                           xlink:href="FRAN_IR_023485"
                           xlink:type="simple">
            <relationEntry localType="archival">Justice ; Direction des affaires civiles et du sceau (2000-2000)</relationEntry>
         </resourceRelation>
         <resourceRelation xmlns:xlink="http://www.w3.org/1999/xlink"
                           resourceRelationType="subjectOf"
                           xlink:href="FRAN_IR_010517"
                           xlink:type="simple">
            <relationEntry localType="archival">Justice ; Direction des affaires civiles et du sceau (1802-1967)</relationEntry>
         </resourceRelation>
         <resourceRelation xmlns:xlink="http://www.w3.org/1999/xlink"
                           resourceRelationType="creatorOf"
                           xlink:href="FRAN_IR_053827"
                           xlink:type="simple">
            <relationEntry localType="archival">Ministère de la Justice, Affaires civils et du Sceau, Droit civil et général : dossiers de changements de noms [2001] - articles 1-38</relationEntry>
         </resourceRelation>
      </relations>
   </cpfDescription>
</eac-cpf>
