<eac-cpf xmlns="urn:isbn:1-931666-33-4"
         xmlns:xsi="http://www.w3.org/2001/XMLSchema-instance"
         xsi:schemaLocation="urn:isbn:1-931666-33-4 cpf.xsd">
   <control>
      <recordId>FRAN_NP_000492</recordId>
      <otherRecordId localType="Ancien_identifiant">2104/H</otherRecordId>
      <maintenanceStatus>derived</maintenanceStatus>
      <maintenanceAgency>
         <agencyName>Archives nationales de France</agencyName>
      </maintenanceAgency>
      <languageDeclaration>
         <language languageCode="fre">Français</language>
         <script scriptCode="Latn"/>
      </languageDeclaration>
      <conventionDeclaration>
         <citation>Notice établie conformément à la norme ICA-ISAAR (CPF) 2004, aux normes ISO 8601 pour le système de normalisation des dates utilisé, ainsi que AFNOR NF Z 44-061, juin 1986. Catalogage : forme et structure des vedettes noms de personne, des vedettes titres, des rubriques de classement et des titres forgés.</citation>
      </conventionDeclaration>
      <localControl localType="niveau_de_detail">
         <term>Moyenne</term>
      </localControl>
      <maintenanceHistory>
         <maintenanceEvent>
            <eventType>derived</eventType>
            <eventDateTime>2013-04-23</eventDateTime>
            <agentType>machine</agentType>
            <agent>Import_SIA</agent>
         </maintenanceEvent>
      </maintenanceHistory>
   </control>
   <cpfDescription>
      <identity>
         <entityType>corporateBody</entityType>
         <nameEntry localType="autorisée" scriptCode="Latn" xml:lang="fre">
            <part>Sous-direction de la justice pénale spécialisée (direction des affaires criminelles et des grâces)</part>
         </nameEntry>
      </identity>
      <description>
         <existDates>
            <dateRange>
               <fromDate standardDate="2001-01-01">2001</fromDate>
            </dateRange>
         </existDates>
         <legalStatuses>
            <legalStatus>
               <term vocabularySource="d5blonaxbw--1mt8t42bokzts">service d'administration centrale</term>
            </legalStatus>
         </legalStatuses>
      </description>
      <relations>
         <cpfRelation xmlns:xlink="http://www.w3.org/1999/xlink"
                      cpfRelationType="hierarchical-parent"
                      xlink:href="FRAN_NP_000495"
                      xlink:type="simple">
            <relationEntry>Direction des affaires criminelles et des grâces</relationEntry>
            <dateRange>
               <fromDate standardDate="2001-01-01">2001</fromDate>
               <toDate/>
            </dateRange>
         </cpfRelation>
         <cpfRelation xmlns:xlink="http://www.w3.org/1999/xlink"
                      cpfRelationType="hierarchical-child"
                      xlink:href="FRAN_NP_000490"
                      xlink:type="simple">
            <relationEntry>Bureau de la lutte contre la criminalité organisée, le terrorisme et le blanchiment (direction des affaires criminelles et des grâces)</relationEntry>
            <dateRange>
               <fromDate standardDate="2001-01-01">2001</fromDate>
            </dateRange>
         </cpfRelation>
         <cpfRelation xmlns:xlink="http://www.w3.org/1999/xlink"
                      cpfRelationType="hierarchical-child"
                      xlink:href="FRAN_NP_000489"
                      xlink:type="simple">
            <relationEntry>Bureau de la santé publique, du droit social et de l'environnement (direction des affaires criminelles et des grâces)</relationEntry>
            <dateRange>
               <fromDate standardDate="2001-01-01">2001</fromDate>
            </dateRange>
         </cpfRelation>
         <cpfRelation xmlns:xlink="http://www.w3.org/1999/xlink"
                      cpfRelationType="hierarchical-child"
                      xlink:href="FRAN_NP_000488"
                      xlink:type="simple">
            <relationEntry>Bureau du droit économique et financier (direction des affaires criminelles et des grâces)</relationEntry>
            <dateRange>
               <fromDate standardDate="2001-01-01">2001</fromDate>
            </dateRange>
         </cpfRelation>
         <cpfRelation xmlns:xlink="http://www.w3.org/1999/xlink"
                      cpfRelationType="hierarchical-child"
                      xlink:href="FRAN_NP_000491"
                      xlink:type="simple">
            <relationEntry>Bureau de l'entraide pénale internationale (direction des affaires criminelles et des grâces)</relationEntry>
            <dateRange>
               <fromDate standardDate="2001-01-01">2001</fromDate>
            </dateRange>
         </cpfRelation>
         <cpfRelation xmlns:xlink="http://www.w3.org/1999/xlink"
                      cpfRelationType="temporal-earlier"
                      xlink:href="FRAN_NP_000777"
                      xlink:type="simple">
            <relationEntry>Sous-direction des affaires économiques et financières et de la lutte contre la criminalité organisée (direction des affaires criminelles et des grâces)</relationEntry>
            <dateRange>
               <fromDate standardDate="2001-01-01">2001</fromDate>
            </dateRange>
         </cpfRelation>
         <resourceRelation xmlns:xlink="http://www.w3.org/1999/xlink"
                           resourceRelationType="creatorOf"
                           xlink:href="FRAN_IR_055371"
                           xlink:type="simple">
            <relationEntry localType="archival">Dossiers de recours en grâce, série S - Année : 1925</relationEntry>
         </resourceRelation>
      </relations>
   </cpfDescription>
</eac-cpf>
