<eac-cpf xmlns="urn:isbn:1-931666-33-4"
         xmlns:xsi="http://www.w3.org/2001/XMLSchema-instance"
         xsi:schemaLocation="urn:isbn:1-931666-33-4 cpf.xsd">
   <control>
      <recordId>FRAN_NP_000176</recordId>
      <otherRecordId localType="Ancien_identifiant">1202/IA</otherRecordId>
      <maintenanceStatus>derived</maintenanceStatus>
      <maintenanceAgency>
         <agencyName>Archives nationales de France</agencyName>
      </maintenanceAgency>
      <languageDeclaration>
         <language languageCode="fre">Français</language>
         <script scriptCode="Latn"/>
      </languageDeclaration>
      <conventionDeclaration>
         <citation>Notice établie conformément à la norme ICA-ISAAR (CPF) 2004, aux normes ISO 8601 pour le système de normalisation des dates utilisé, ainsi que AFNOR NF Z 44-061, juin 1986. Catalogage : forme et structure des vedettes noms de personne, des vedettes titres, des rubriques de classement et des titres forgés.</citation>
      </conventionDeclaration>
      <localControl localType="niveau_de_detail">
         <term>Moyenne</term>
      </localControl>
      <maintenanceHistory>
         <maintenanceEvent>
            <eventType>derived</eventType>
            <eventDateTime>2013-04-23</eventDateTime>
            <agentType>machine</agentType>
            <agent>Import_SIA</agent>
         </maintenanceEvent>
      </maintenanceHistory>
   </control>
   <cpfDescription>
      <identity>
         <entityType>corporateBody</entityType>
         <nameEntry localType="autorisée" scriptCode="Latn" xml:lang="fre">
            <part>Institut international d'administration publique</part>
         </nameEntry>
         <nameEntry>
            <part>IIAP</part>
         </nameEntry>
      </identity>
      <description>
         <existDates>
            <dateRange>
               <fromDate standardDate="1966-01-01">1966</fromDate>
               <toDate standardDate="2002-12-31">2002</toDate>
            </dateRange>
         </existDates>
         <legalStatuses>
            <legalStatus>
               <term vocabularySource="d5blonb3ky--u69ytier8ih6">établissement public à caractère administratif</term>
            </legalStatus>
         </legalStatuses>
      </description>
      <relations>
         <cpfRelation xmlns:xlink="http://www.w3.org/1999/xlink"
                      cpfRelationType="temporal-later"
                      xlink:href="FRAN_NP_000165"
                      xlink:type="simple">
            <relationEntry>École nationale d'administration</relationEntry>
            <dateRange>
               <fromDate standardDate="2002-01-01">2002</fromDate>
            </dateRange>
         </cpfRelation>
         <cpfRelation xmlns:xlink="http://www.w3.org/1999/xlink"
                      cpfRelationType="hierarchical-parent"
                      xlink:href="FRAN_NP_000002"
                      xlink:type="simple">
            <relationEntry>Premier ministre</relationEntry>
            <dateRange>
               <fromDate standardDate="1966-01-01">1966</fromDate>
               <toDate standardDate="2002-12-31">2002</toDate>
            </dateRange>
         </cpfRelation>
         <resourceRelation xmlns:xlink="http://www.w3.org/1999/xlink"
                           resourceRelationType="subjectOf"
                           xlink:href="FRAN_IR_009238"
                           xlink:type="simple">
            <relationEntry localType="archival">Premier ministre ; Direction générale de l'administration et de la Fonction publique ; Institut International des administrations publiques (1977-1993)</relationEntry>
         </resourceRelation>
         <resourceRelation xmlns:xlink="http://www.w3.org/1999/xlink"
                           resourceRelationType="subjectOf"
                           xlink:href="FRAN_IR_019623"
                           xlink:type="simple">
            <relationEntry localType="archival">Premier ministre ; Direction générale de l'administration et de la Fonction publique ; Institut International des administrations publiques (1967-2001)</relationEntry>
         </resourceRelation>
         <resourceRelation xmlns:xlink="http://www.w3.org/1999/xlink"
                           resourceRelationType="subjectOf"
                           xlink:href="FRAN_IR_019625"
                           xlink:type="simple">
            <relationEntry localType="archival">Premier ministre ; Direction générale de l'administration et de la Fonction publique ; Institut International des administrations publiques (1959-1978)</relationEntry>
         </resourceRelation>
         <resourceRelation xmlns:xlink="http://www.w3.org/1999/xlink"
                           resourceRelationType="subjectOf"
                           xlink:href="FRAN_IR_019624"
                           xlink:type="simple">
            <relationEntry localType="archival">Premier ministre ; Direction générale de l'administration et de la Fonction publique ; Institut International des administrations publiques (1959-1979)</relationEntry>
         </resourceRelation>
         <resourceRelation xmlns:xlink="http://www.w3.org/1999/xlink"
                           resourceRelationType="subjectOf"
                           xlink:href="FRAN_IR_018730"
                           xlink:type="simple">
            <relationEntry localType="archival">Premier ministre ; Direction générale de l'administration et de la Fonction publique ; Institut International des administrations publiques (1958-1968)</relationEntry>
         </resourceRelation>
         <resourceRelation xmlns:xlink="http://www.w3.org/1999/xlink"
                           resourceRelationType="subjectOf"
                           xlink:href="FRAN_IR_023870"
                           xlink:type="simple">
            <relationEntry localType="archival">Premier ministre ; Direction Générale de l'Administration et de la Fonction publique ; institut international des administrations publiques (1959-1974)</relationEntry>
         </resourceRelation>
         <resourceRelation xmlns:xlink="http://www.w3.org/1999/xlink"
                           resourceRelationType="subjectOf"
                           xlink:href="FRAN_IR_026489"
                           xlink:type="simple">
            <relationEntry localType="archival">Premier ministre ; Direction Générale de l'Administration et de la Fonction publique ; institut international des administrations publiques (1959-2004)</relationEntry>
         </resourceRelation>
         <resourceRelation xmlns:xlink="http://www.w3.org/1999/xlink"
                           resourceRelationType="subjectOf"
                           xlink:href="FRAN_IR_019581"
                           xlink:type="simple">
            <relationEntry localType="archival">Premier ministre ; Direction Générale de l'Administration et de la Fonction publique ; institut international des administrations publiques (1985-2002)</relationEntry>
         </resourceRelation>
         <resourceRelation xmlns:xlink="http://www.w3.org/1999/xlink"
                           resourceRelationType="subjectOf"
                           xlink:href="FRAN_IR_016276"
                           xlink:type="simple">
            <relationEntry localType="archival">Premier ministre ; Direction Générale de l'Administration et de la Fonction publique ; institut international des administrations publiques (1967-1984)</relationEntry>
         </resourceRelation>
         <resourceRelation xmlns:xlink="http://www.w3.org/1999/xlink"
                           resourceRelationType="subjectOf"
                           xlink:href="FRAN_IR_019622"
                           xlink:type="simple">
            <relationEntry localType="archival">Premier ministre ; Direction générale de l'administration et de la Fonction publique ; Institut International des administrations publiques (1959-1992)</relationEntry>
         </resourceRelation>
      </relations>
   </cpfDescription>
</eac-cpf>
