<eac-cpf xmlns="urn:isbn:1-931666-33-4"
         xmlns:xsi="http://www.w3.org/2001/XMLSchema-instance"
         xsi:schemaLocation="urn:isbn:1-931666-33-4 cpf.xsd">
   <control>
      <recordId>FRAN_NP_000367</recordId>
      <maintenanceStatus>derived</maintenanceStatus>
      <maintenanceAgency>
         <agencyName>Archives nationales de France</agencyName>
      </maintenanceAgency>
      <languageDeclaration>
         <language languageCode="fre">Français</language>
         <script scriptCode="Latn"/>
      </languageDeclaration>
      <conventionDeclaration>
         <citation>Notice établie conformément à la norme ICA-ISAAR (CPF) 2004, aux normes ISO 8601 pour le système de normalisation des dates utilisé, ainsi que AFNOR NF Z 44-061, juin 1986. Catalogage : forme et structure des vedettes noms de personne, des vedettes titres, des rubriques de classement et des titres forgés.</citation>
      </conventionDeclaration>
      <localControl localType="niveau_de_detail">
         <term>Moyenne</term>
      </localControl>
      <maintenanceHistory>
         <maintenanceEvent>
            <eventType>derived</eventType>
            <eventDateTime>2013-04-23</eventDateTime>
            <agentType>machine</agentType>
            <agent>Import_SIA</agent>
         </maintenanceEvent>
      </maintenanceHistory>
   </control>
   <cpfDescription>
      <identity>
         <entityType>corporateBody</entityType>
         <nameEntry localType="autorisée" scriptCode="Latn" xml:lang="fre">
            <part>Service d'information du Gouvernement</part>
         </nameEntry>
         <nameEntry>
            <part>SIG</part>
         </nameEntry>
      </identity>
      <description>
         <existDates>
            <dateRange>
               <fromDate standardDate="2000-01-01">2000</fromDate>
            </dateRange>
         </existDates>
         <legalStatuses>
            <legalStatus>
               <term vocabularySource="d5blonaxbw--1mt8t42bokzts">service d'administration centrale</term>
            </legalStatus>
         </legalStatuses>
      </description>
      <relations>
         <cpfRelation xmlns:xlink="http://www.w3.org/1999/xlink"
                      cpfRelationType="hierarchical-parent"
                      xlink:href="FRAN_NP_000002"
                      xlink:type="simple">
            <relationEntry>Premier ministre</relationEntry>
            <dateRange>
               <fromDate standardDate="2000-01-01">2000</fromDate>
               <toDate/>
            </dateRange>
         </cpfRelation>
         <cpfRelation xmlns:xlink="http://www.w3.org/1999/xlink"
                      cpfRelationType="associative"
                      xlink:href="FRAN_NP_051318"
                      xlink:type="simple">
            <relationEntry>France. Secrétariat général des ministères chargés de l'écologie, du développement durable, de l'énergie, du logement, de l'égalité des territoires et de la ruralité. Direction de la communication (2008-....)</relationEntry>
            <dateRange>
               <fromDate standardDate="2008-01-01">2008</fromDate>
            </dateRange>
            <descriptiveNote>
               <p>
     La DICOM, interlocuteur du SIG pour la coordination de la politique gouvernementale
    </p>
            </descriptiveNote>
         </cpfRelation>
         <cpfRelation xmlns:xlink="http://www.w3.org/1999/xlink"
                      cpfRelationType="associative"
                      xlink:href="FRAN_NP_051990"
                      xlink:type="simple">
            <relationEntry>Gravel, Christian (1973-....)</relationEntry>
            <dateRange>
               <fromDate standardDate="2014-04-30">30 avril 2014</fromDate>
               <toDate standardDate="2017-02-15">15 février 2017</toDate>
            </dateRange>
            <descriptiveNote>
               <p>
     Directeur du Service d'information du Gouvernement
    </p>
            </descriptiveNote>
         </cpfRelation>
         <cpfRelation xmlns:xlink="http://www.w3.org/1999/xlink"
                      cpfRelationType="associative"
                      xlink:href="FRAN_NP_000221"
                      xlink:type="simple">
            <relationEntry>Secrétariat général du Gouvernement</relationEntry>
            <dateRange>
               <fromDate standardDate="2000-01-01">2000</fromDate>
               <toDate/>
            </dateRange>
         </cpfRelation>
         <cpfRelation xmlns:xlink="http://www.w3.org/1999/xlink"
                      cpfRelationType="temporal-earlier"
                      xlink:href="FRAN_NP_000196"
                      xlink:type="simple">
            <relationEntry>Service d'information et de diffusion (Premier ministre)</relationEntry>
            <dateRange>
               <fromDate standardDate="2000-01-01">2000</fromDate>
            </dateRange>
         </cpfRelation>
      </relations>
   </cpfDescription>
</eac-cpf>
