<eac-cpf xmlns="urn:isbn:1-931666-33-4"
         xmlns:xsi="http://www.w3.org/2001/XMLSchema-instance"
         xsi:schemaLocation="urn:isbn:1-931666-33-4 cpf.xsd">
   <control>
      <recordId>FRAN_NP_000231</recordId>
      <otherRecordId localType="Ancien_identifiant">1207</otherRecordId>
      <maintenanceStatus>derived</maintenanceStatus>
      <maintenanceAgency>
         <agencyName>Archives nationales de France</agencyName>
      </maintenanceAgency>
      <languageDeclaration>
         <language languageCode="fre">Français</language>
         <script scriptCode="Latn"/>
      </languageDeclaration>
      <conventionDeclaration>
         <citation>Notice établie conformément à la norme ICA-ISAAR (CPF) 2004, aux normes ISO 8601 pour le système de normalisation des dates utilisé, ainsi que AFNOR NF Z 44-061, juin 1986. Catalogage : forme et structure des vedettes noms de personne, des vedettes titres, des rubriques de classement et des titres forgés.</citation>
      </conventionDeclaration>
      <localControl localType="niveau_de_detail">
         <term>Moyenne</term>
      </localControl>
      <maintenanceHistory>
         <maintenanceEvent>
            <eventType>derived</eventType>
            <eventDateTime>2013-04-23</eventDateTime>
            <agentType>machine</agentType>
            <agent>Import_SIA</agent>
         </maintenanceEvent>
      </maintenanceHistory>
   </control>
   <cpfDescription>
      <identity>
         <entityType>corporateBody</entityType>
         <nameEntry scriptCode="Latn" localType="autorisée" xml:lang="fre">
            <part>Secrétariat général des affaires européennes</part>
         </nameEntry>
         <nameEntry>
            <part>SGAE</part>
         </nameEntry>
      </identity>
      <description>
         <existDates>
            <dateRange>
               <fromDate standardDate="2005-01-01">2005</fromDate>
            </dateRange>
         </existDates>
         <legalStatuses>
            <legalStatus>
               <term vocabularySource="d5blonaxbw--1mt8t42bokzts">service d'administration centrale</term>
            </legalStatus>
         </legalStatuses>
      </description>
      <relations>
         <cpfRelation xmlns:xlink="http://www.w3.org/1999/xlink"
                      cpfRelationType="hierarchical-parent"
                      xlink:href="FRAN_NP_000002"
                      xlink:type="simple">
            <relationEntry>Premier ministre</relationEntry>
            <dateRange>
               <fromDate standardDate="2005-01-01">2005</fromDate>
               <toDate/>
            </dateRange>
         </cpfRelation>
         <cpfRelation xmlns:xlink="http://www.w3.org/1999/xlink"
                      cpfRelationType="hierarchical-child"
                      xlink:href="FRAN_NP_000222"
                      xlink:type="simple">
            <relationEntry>Service de documentation (secrétariat général des affaires européennes)</relationEntry>
            <dateRange>
               <fromDate standardDate="2005-10-17">17 octobre 2005</fromDate>
            </dateRange>
         </cpfRelation>
         <cpfRelation xmlns:xlink="http://www.w3.org/1999/xlink"
                      cpfRelationType="associative"
                      xlink:href="FRAN_NP_007913"
                      xlink:type="simple">
            <relationEntry>Comité interministériel de l'agriculture et de l'alimentation</relationEntry>
            <dateRange>
               <fromDate standardDate="2005-01-01">2005</fromDate>
            </dateRange>
         </cpfRelation>
         <cpfRelation xmlns:xlink="http://www.w3.org/1999/xlink"
                      cpfRelationType="associative"
                      xlink:href="FRAN_NP_000338"
                      xlink:type="simple">
            <relationEntry>Secrétariat général de la présidence française de l'Union européenne</relationEntry>
            <dateRange>
               <fromDate standardDate="2007-01-01">2007</fromDate>
               <toDate standardDate="2008-12-31">2008</toDate>
            </dateRange>
         </cpfRelation>
         <cpfRelation xmlns:xlink="http://www.w3.org/1999/xlink"
                      cpfRelationType="temporal-earlier"
                      xlink:href="FRAN_NP_000230"
                      xlink:type="simple">
            <relationEntry>Secrétariat général du Comité interministériel pour les questions de coopération économique européenne</relationEntry>
            <dateRange>
               <fromDate standardDate="2005-01-01">2005</fromDate>
            </dateRange>
         </cpfRelation>
         <resourceRelation xmlns:xlink="http://www.w3.org/1999/xlink"
                           resourceRelationType="subjectOf"
                           xlink:href="FRAN_IR_011875"
                           xlink:type="simple">
            <relationEntry localType="archival">Premier ministre ; Comité interministériel pour les questions de coopération économique européenne (SGCI) - Secrétariat général des affaires européennes (SGAE) (1956-1978)</relationEntry>
         </resourceRelation>
         <resourceRelation xmlns:xlink="http://www.w3.org/1999/xlink"
                           resourceRelationType="subjectOf"
                           xlink:href="FRAN_IR_014830"
                           xlink:type="simple">
            <relationEntry localType="archival">Premier ministre ; Comité interministériel pour les questions de coopération économique européenne (SGCI) - Secrétariat général des affaires européennes (SGAE) (1958-1983)</relationEntry>
         </resourceRelation>
         <resourceRelation xmlns:xlink="http://www.w3.org/1999/xlink"
                           resourceRelationType="subjectOf"
                           xlink:href="FRAN_IR_014835"
                           xlink:type="simple">
            <relationEntry localType="archival">Premier ministre ; Comité interministériel pour les questions de coopération économique européenne (SGCI) - Secrétariat général des affaires européennes (SGAE) (1959-1977)</relationEntry>
         </resourceRelation>
         <resourceRelation xmlns:xlink="http://www.w3.org/1999/xlink"
                           resourceRelationType="subjectOf"
                           xlink:href="FRAN_IR_014888"
                           xlink:type="simple">
            <relationEntry localType="archival">Premier ministre ; Comité interministériel pour les questions de coopération économique européenne (SGCI) - Secrétariat général des affaires européennes (SGAE) (1975-1980)</relationEntry>
         </resourceRelation>
         <resourceRelation xmlns:xlink="http://www.w3.org/1999/xlink"
                           resourceRelationType="subjectOf"
                           xlink:href="FRAN_IR_014889"
                           xlink:type="simple">
            <relationEntry localType="archival">Premier ministre ; Comité interministériel pour les questions de coopération économique européenne (SGCI) - Secrétariat général des affaires européennes (SGAE) (1951-1982)</relationEntry>
         </resourceRelation>
         <resourceRelation xmlns:xlink="http://www.w3.org/1999/xlink"
                           resourceRelationType="subjectOf"
                           xlink:href="FRAN_IR_015064"
                           xlink:type="simple">
            <relationEntry localType="archival">Premier ministre ; Comité interministériel pour les questions de coopération économique européenne (SGCI) - Secrétariat général des affaires européennes (SGAE) (1980-1980)</relationEntry>
         </resourceRelation>
         <resourceRelation xmlns:xlink="http://www.w3.org/1999/xlink"
                           resourceRelationType="subjectOf"
                           xlink:href="FRAN_IR_015102"
                           xlink:type="simple">
            <relationEntry localType="archival">Premier ministre ; Comité interministériel pour les questions de coopération économique européenne (SGCI) ; Secrétariat général des affaires européennes (SGAE) (1957-1981)</relationEntry>
         </resourceRelation>
         <resourceRelation xmlns:xlink="http://www.w3.org/1999/xlink"
                           resourceRelationType="subjectOf"
                           xlink:href="FRAN_IR_015101"
                           xlink:type="simple">
            <relationEntry localType="archival">Premier ministre ; Comité interministériel pour les questions de coopération économique européenne (SGCI) - Secrétariat général des affaires européennes (SGAE) (1967-1976)</relationEntry>
         </resourceRelation>
         <resourceRelation xmlns:xlink="http://www.w3.org/1999/xlink"
                           resourceRelationType="subjectOf"
                           xlink:href="FRAN_IR_022274"
                           xlink:type="simple">
            <relationEntry localType="archival">Premier ministre ; Comité interministériel pour les questions de coopération économique européenne (SGCI) ; Secrétariat général des affaires européennes (SGAE) (1973-1992)</relationEntry>
         </resourceRelation>
         <resourceRelation xmlns:xlink="http://www.w3.org/1999/xlink"
                           resourceRelationType="subjectOf"
                           xlink:href="FRAN_IR_022275"
                           xlink:type="simple">
            <relationEntry localType="archival">Premier ministre ; Comité interministériel pour les questions de coopération économique européenne (SGCI) ; Secrétariat général des affaires européennes (SGAE) (1970-1991)</relationEntry>
         </resourceRelation>
         <resourceRelation xmlns:xlink="http://www.w3.org/1999/xlink"
                           resourceRelationType="subjectOf"
                           xlink:href="FRAN_IR_017608"
                           xlink:type="simple">
            <relationEntry localType="archival">Premier ministre ; SGCI, Comité Interministériel pour les questions de coopération économique européenne (SGCI) - Secrétariat général des affaires européennes (SGAE) (1957-1972)</relationEntry>
         </resourceRelation>
         <resourceRelation xmlns:xlink="http://www.w3.org/1999/xlink"
                           resourceRelationType="subjectOf"
                           xlink:href="FRAN_IR_023146"
                           xlink:type="simple">
            <relationEntry localType="archival">Premier ministre ; SGCI, Comité Interministériel pour les questions de coopération économique européenne (SGCI) - Secrétariat général des affaires européennes (SGAE) (1958-1994)</relationEntry>
         </resourceRelation>
         <resourceRelation xmlns:xlink="http://www.w3.org/1999/xlink"
                           resourceRelationType="subjectOf"
                           xlink:href="FRAN_IR_023511"
                           xlink:type="simple">
            <relationEntry localType="archival">Premier ministre ; SGCI, Comité Interministériel pour les questions de coopération économique européenne (SGCI) - Secrétariat général des affaires européennes (SGAE) (2004-2004)</relationEntry>
         </resourceRelation>
         <resourceRelation xmlns:xlink="http://www.w3.org/1999/xlink"
                           resourceRelationType="subjectOf"
                           xlink:href="FRAN_IR_017607"
                           xlink:type="simple">
            <relationEntry localType="archival">Premier ministre ; SGCI, comité interministériel pour les questions de coopération économique européenne - SGAE, Secrétariat général des affaires européennes (1953-1971)</relationEntry>
         </resourceRelation>
         <resourceRelation xmlns:xlink="http://www.w3.org/1999/xlink"
                           resourceRelationType="subjectOf"
                           xlink:href="FRAN_IR_014961"
                           xlink:type="simple">
            <relationEntry localType="archival">Premier ministre ; Comité interministériel pour les questions de coopération économique européenne (SGCI) - Secrétariat général des affaires européennes (SGAE) (1958-1986)</relationEntry>
         </resourceRelation>
         <resourceRelation xmlns:xlink="http://www.w3.org/1999/xlink"
                           resourceRelationType="subjectOf"
                           xlink:href="FRAN_IR_015157"
                           xlink:type="simple">
            <relationEntry localType="archival">Premier ministre ; Comité interministériel pour les questions de coopération économique européenne (SGCI) - Secrétariat général des affaires européennes (SGAE) (1960-1982)</relationEntry>
         </resourceRelation>
         <resourceRelation xmlns:xlink="http://www.w3.org/1999/xlink"
                           resourceRelationType="subjectOf"
                           xlink:href="FRAN_IR_017609"
                           xlink:type="simple">
            <relationEntry localType="archival">Premier ministre ; SGCI, comité interministériel pour les questions de coopération économique européenne - SGAE, Secrétariat général des affaires européennes (1958-1973)</relationEntry>
         </resourceRelation>
         <resourceRelation xmlns:xlink="http://www.w3.org/1999/xlink"
                           resourceRelationType="subjectOf"
                           xlink:href="FRAN_IR_017611"
                           xlink:type="simple">
            <relationEntry localType="archival">Premier ministre ; SGCI, comité interministériel pour les questions de coopération économique européenne - SGAE, Secrétariat général des affaires européennes (1955-1973)</relationEntry>
         </resourceRelation>
         <resourceRelation xmlns:xlink="http://www.w3.org/1999/xlink"
                           resourceRelationType="subjectOf"
                           xlink:href="FRAN_IR_017613"
                           xlink:type="simple">
            <relationEntry localType="archival">Premier ministre ; Comité interministériel pour les questions de coopération économique européenne (SGCI) - Secrétariat général des affaires européennes (SGAE) (1956-1974)</relationEntry>
         </resourceRelation>
         <resourceRelation xmlns:xlink="http://www.w3.org/1999/xlink"
                           resourceRelationType="subjectOf"
                           xlink:href="FRAN_IR_017614"
                           xlink:type="simple">
            <relationEntry localType="archival">Premier ministre ; SGCI, comité interministériel pour les questions de coopération économique européenne - SGAE, Secrétariat général des affaires européennes (1949-1975)</relationEntry>
         </resourceRelation>
      </relations>
   </cpfDescription>
</eac-cpf>
