<eac-cpf xmlns="urn:isbn:1-931666-33-4"
         xmlns:xsi="http://www.w3.org/2001/XMLSchema-instance"
         xsi:schemaLocation="urn:isbn:1-931666-33-4 cpf.xsd">
   <control>
      <recordId>FRAN_NP_000514</recordId>
      <otherRecordId localType="Ancien_identifiant">2105/H2</otherRecordId>
      <maintenanceStatus>derived</maintenanceStatus>
      <maintenanceAgency>
         <agencyName>Archives nationales de France</agencyName>
      </maintenanceAgency>
      <languageDeclaration>
         <language languageCode="fre">Français</language>
         <script scriptCode="Latn"/>
      </languageDeclaration>
      <conventionDeclaration>
         <citation>Notice établie conformément à la norme ICA-ISAAR (CPF) 2004, aux normes ISO 8601 pour le système de normalisation des dates utilisé, ainsi que AFNOR NF Z 44-061, juin 1986. Catalogage : forme et structure des vedettes noms de personne, des vedettes titres, des rubriques de classement et des titres forgés.</citation>
      </conventionDeclaration>
      <localControl localType="niveau_de_detail">
         <term>Moyenne</term>
      </localControl>
      <maintenanceHistory>
         <maintenanceEvent>
            <eventType>derived</eventType>
            <eventDateTime>2013-04-23</eventDateTime>
            <agentType>machine</agentType>
            <agent>Import_SIA</agent>
         </maintenanceEvent>
      </maintenanceHistory>
   </control>
   <cpfDescription>
      <identity>
         <entityType>corporateBody</entityType>
         <nameEntry scriptCode="Latn" localType="autorisée" xml:lang="fre">
            <part>Bureau du recrutement et de la formation (direction de l'administration pénitentiaire)</part>
         </nameEntry>
         <nameEntry>
            <part>Bureau du recrutement, de la formation et du perfectionnement des personnels</part>
            <useDates>
               <dateRange>
                  <fromDate standardDate="1979-01-01">1979</fromDate>
                  <toDate standardDate="1984-12-31">1984</toDate>
               </dateRange>
            </useDates>
         </nameEntry>
      </identity>
      <description>
         <existDates>
            <dateRange>
               <fromDate standardDate="1979-01-01">1979</fromDate>
               <toDate standardDate="1990-12-31">1990</toDate>
            </dateRange>
         </existDates>
         <legalStatuses>
            <legalStatus>
               <term vocabularySource="d5blonaxbw--1mt8t42bokzts">service d'administration centrale</term>
            </legalStatus>
         </legalStatuses>
      </description>
      <relations>
         <cpfRelation xmlns:xlink="http://www.w3.org/1999/xlink"
                      cpfRelationType="temporal-later"
                      xlink:href="FRAN_NP_000531"
                      xlink:type="simple">
            <relationEntry>Bureau de la gestion des personnels et de l'encadrement (direction de l'administration pénitentiaire)</relationEntry>
            <dateRange>
               <fromDate standardDate="1990-01-01">1990</fromDate>
            </dateRange>
         </cpfRelation>
         <cpfRelation xmlns:xlink="http://www.w3.org/1999/xlink"
                      cpfRelationType="temporal-later"
                      xlink:href="FRAN_NP_000795"
                      xlink:type="simple">
            <relationEntry>Bureau de la formation et de l'emploi des ressources humaines (direction de l'administration pénitentiaire)</relationEntry>
            <dateRange>
               <fromDate standardDate="1990-01-01">1990</fromDate>
            </dateRange>
         </cpfRelation>
         <cpfRelation xmlns:xlink="http://www.w3.org/1999/xlink"
                      cpfRelationType="hierarchical-parent"
                      xlink:href="FRAN_NP_000517"
                      xlink:type="simple">
            <relationEntry>Sous-direction du personnel et des affaires administratives (direction de l'administration pénitentiaire)</relationEntry>
            <dateRange>
               <fromDate standardDate="1979-01-01">1979</fromDate>
               <toDate standardDate="1990-12-31">1990</toDate>
            </dateRange>
         </cpfRelation>
      </relations>
   </cpfDescription>
</eac-cpf>
