<eac-cpf xmlns="urn:isbn:1-931666-33-4"
         xmlns:xsi="http://www.w3.org/2001/XMLSchema-instance"
         xsi:schemaLocation="urn:isbn:1-931666-33-4 cpf.xsd">
   <control>
      <recordId>FRAN_NP_000032</recordId>
      <otherRecordId localType="Ancien_identifiant">1279/CADA</otherRecordId>
      <maintenanceStatus>derived</maintenanceStatus>
      <maintenanceAgency>
         <agencyName>Archives nationales de France</agencyName>
      </maintenanceAgency>
      <languageDeclaration>
         <language languageCode="fre">Français</language>
         <script scriptCode="Latn"/>
      </languageDeclaration>
      <conventionDeclaration>
         <citation>Notice établie conformément à la norme ICA-ISAAR (CPF) 2004, aux normes ISO 8601 pour le système de normalisation des dates utilisé, ainsi que AFNOR NF Z 44-061, juin 1986. Catalogage : forme et structure des vedettes noms de personne, des vedettes titres, des rubriques de classement et des titres forgés.</citation>
      </conventionDeclaration>
      <localControl localType="niveau_de_detail">
         <term>Élémentaire</term>
      </localControl>
      <maintenanceHistory>
         <maintenanceEvent>
            <eventType>derived</eventType>
            <eventDateTime>2013-04-23</eventDateTime>
            <agentType>machine</agentType>
            <agent>Import_SIA</agent>
         </maintenanceEvent>
      </maintenanceHistory>
   </control>
   <cpfDescription>
      <identity>
         <entityType>corporateBody</entityType>
         <nameEntry localType="autorisée" scriptCode="Latn" xml:lang="fre">
            <part>Commission d'accès aux documents administratifs</part>
         </nameEntry>
         <nameEntry>
            <part>CADA</part>
         </nameEntry>
      </identity>
      <description>
         <existDates>
            <dateRange>
               <fromDate standardDate="1978-01-01">1978</fromDate>
            </dateRange>
         </existDates>
         <legalStatuses>
            <legalStatus>
               <term vocabularySource="d5bloo28po-1bei6cefdzkj">autorité indépendante</term>
            </legalStatus>
         </legalStatuses>
      </description>
      <relations>
         <resourceRelation xmlns:xlink="http://www.w3.org/1999/xlink"
                           resourceRelationType="subjectOf"
                           xlink:href="FRAN_IR_009865"
                           xlink:type="simple">
            <relationEntry localType="archival">Premier ministre ; Organismes rattachés directement ; Commission d'accès aux documents administratifs (CADA) (1971-1992)</relationEntry>
         </resourceRelation>
         <resourceRelation xmlns:xlink="http://www.w3.org/1999/xlink"
                           resourceRelationType="creatorOf"
                           xlink:href="FRAN_IR_016083"
                           xlink:type="simple">
            <relationEntry localType="archival">Premier ministre ; Organismes rattachés directement ; Commission d'accès aux documents administratifs (CADA) (1979-1988)</relationEntry>
         </resourceRelation>
      </relations>
   </cpfDescription>
</eac-cpf>
