<eac-cpf xmlns="urn:isbn:1-931666-33-4"
         xmlns:xsi="http://www.w3.org/2001/XMLSchema-instance"
         xsi:schemaLocation="urn:isbn:1-931666-33-4 cpf.xsd">
   <control>
      <recordId>FRAN_NP_000030</recordId>
      <otherRecordId localType="Ancien_identifiant">1509</otherRecordId>
      <maintenanceStatus>derived</maintenanceStatus>
      <maintenanceAgency>
         <agencyName>Archives nationales de France</agencyName>
      </maintenanceAgency>
      <languageDeclaration>
         <language languageCode="fre">Français</language>
         <script scriptCode="Latn"/>
      </languageDeclaration>
      <conventionDeclaration>
         <citation>Notice établie conformément à la norme ICA-ISAAR (CPF) 2004, aux normes ISO 8601 pour le système de normalisation des dates utilisé, ainsi que AFNOR NF Z 44-061, juin 1986. Catalogage : forme et structure des vedettes noms de personne, des vedettes titres, des rubriques de classement et des titres forgés.</citation>
      </conventionDeclaration>
      <localControl localType="niveau_de_detail">
         <term>Élémentaire</term>
      </localControl>
      <maintenanceHistory>
         <maintenanceEvent>
            <eventType>derived</eventType>
            <eventDateTime>2013-04-23</eventDateTime>
            <agentType>machine</agentType>
            <agent>Import_SIA</agent>
         </maintenanceEvent>
      </maintenanceHistory>
   </control>
   <cpfDescription>
      <identity>
         <entityType>corporateBody</entityType>
         <nameEntry scriptCode="Latn" localType="autorisée" xml:lang="fre">
            <part>Autorité de régulation des communications électroniques et des postes</part>
         </nameEntry>
         <nameEntry>
            <part>ARCEP</part>
            <useDates>
               <dateRange>
                  <fromDate standardDate="2005-01-01">2005</fromDate>
                  <toDate/>
               </dateRange>
            </useDates>
         </nameEntry>
         <nameEntry>
            <part>Autorité de régulation des télécommunications</part>
            <useDates>
               <dateRange>
                  <fromDate standardDate="1997-01-01">1997</fromDate>
                  <toDate standardDate="2005-12-31">2005</toDate>
               </dateRange>
            </useDates>
         </nameEntry>
      </identity>
      <description>
         <existDates>
            <dateRange>
               <fromDate standardDate="1997-01-01">1997</fromDate>
            </dateRange>
         </existDates>
         <legalStatuses>
            <legalStatus>
               <term vocabularySource="d5bloo28po-1bei6cefdzkj">autorité indépendante</term>
            </legalStatus>
         </legalStatuses>
      </description>
      <relations>
         <cpfRelation xmlns:xlink="http://www.w3.org/1999/xlink"
                      cpfRelationType="associative"
                      xlink:href="FRAN_NP_050826"
                      xlink:type="simple">
            <relationEntry>Comité stratégique pour le numérique (France)</relationEntry>
            <dateRange>
               <fromDate standardDate="2006-05-03">3 mai 2006</fromDate>
               <toDate standardDate="2013-02-08">8 février 2013</toDate>
            </dateRange>
         </cpfRelation>
         <resourceRelation xmlns:xlink="http://www.w3.org/1999/xlink"
                           resourceRelationType="subjectOf"
                           xlink:href="FRAN_IR_019281"
                           xlink:type="simple">
            <relationEntry localType="archival">Autorités administratives indépendantes ; autorité de régulation des télécommunications (1974-1983)</relationEntry>
         </resourceRelation>
      </relations>
   </cpfDescription>
</eac-cpf>
