<eac-cpf xmlns="urn:isbn:1-931666-33-4"
         xmlns:xsi="http://www.w3.org/2001/XMLSchema-instance"
         xsi:schemaLocation="urn:isbn:1-931666-33-4 cpf.xsd">
   <control>
      <recordId>FRAN_NP_000219</recordId>
      <otherRecordId localType="Ancien_identifiant">1205/SAF</otherRecordId>
      <maintenanceStatus>derived</maintenanceStatus>
      <maintenanceAgency>
         <agencyName>Archives nationales de France</agencyName>
      </maintenanceAgency>
      <languageDeclaration>
         <language languageCode="fre">Français</language>
         <script scriptCode="Latn"/>
      </languageDeclaration>
      <conventionDeclaration>
         <citation>Notice établie conformément à la norme ICA-ISAAR (CPF) 2004, aux normes ISO 8601 pour le système de normalisation des dates utilisé, ainsi que AFNOR NF Z 44-061, juin 1986. Catalogage : forme et structure des vedettes noms de personne, des vedettes titres, des rubriques de classement et des titres forgés.</citation>
      </conventionDeclaration>
      <localControl localType="niveau_de_detail">
         <term>Moyenne</term>
      </localControl>
      <maintenanceHistory>
         <maintenanceEvent>
            <eventType>derived</eventType>
            <eventDateTime>2013-04-23</eventDateTime>
            <agentType>machine</agentType>
            <agent>Import_SIA</agent>
         </maintenanceEvent>
      </maintenanceHistory>
   </control>
   <cpfDescription>
      <identity>
         <entityType>corporateBody</entityType>
         <nameEntry scriptCode="Latn" localType="autorisée" xml:lang="fre">
            <part>Direction des services administratifs et financiers du Premier ministre</part>
         </nameEntry>
         <nameEntry>
            <part>Direction des services administratifs et financiers des services du Premier ministre</part>
            <useDates>
               <dateRange>
                  <fromDate standardDate="1973-01-01">1973</fromDate>
                  <toDate standardDate="2000-12-31">2000</toDate>
               </dateRange>
            </useDates>
         </nameEntry>
      </identity>
      <description>
         <existDates>
            <dateRange>
               <fromDate standardDate="1973-01-01">1973</fromDate>
            </dateRange>
         </existDates>
         <legalStatuses>
            <legalStatus>
               <term vocabularySource="d5blonaxbw--1mt8t42bokzts">service d'administration centrale</term>
            </legalStatus>
         </legalStatuses>
      </description>
      <relations>
         <cpfRelation xmlns:xlink="http://www.w3.org/1999/xlink"
                      cpfRelationType="hierarchical-child"
                      xlink:href="FRAN_NP_000218"
                      xlink:type="simple">
            <relationEntry>Sous-direction des ressources humaines (direction des services administratifs et financiers du Premier ministre)</relationEntry>
            <dateRange>
               <fromDate standardDate="1976-01-01">1976</fromDate>
            </dateRange>
         </cpfRelation>
         <cpfRelation xmlns:xlink="http://www.w3.org/1999/xlink"
                      cpfRelationType="hierarchical-child"
                      xlink:href="FRAN_NP_009700"
                      xlink:type="simple">
            <relationEntry>Sous-direction du pilotage des services déconcentrés (direction des services administratifs et financiers du Premier ministre)</relationEntry>
            <dateRange>
               <fromDate standardDate="2012-01-01">2012</fromDate>
            </dateRange>
         </cpfRelation>
         <cpfRelation xmlns:xlink="http://www.w3.org/1999/xlink"
                      cpfRelationType="hierarchical-child"
                      xlink:href="FRAN_NP_009687"
                      xlink:type="simple">
            <relationEntry>Division des systèmes d'information (direction des services administratifs et financiers du Premier ministre)</relationEntry>
            <dateRange>
               <fromDate standardDate="2005-01-01">2005</fromDate>
            </dateRange>
         </cpfRelation>
         <cpfRelation xmlns:xlink="http://www.w3.org/1999/xlink"
                      cpfRelationType="hierarchical-child"
                      xlink:href="FRAN_NP_009681"
                      xlink:type="simple">
            <relationEntry>Bureau des affaires générales (direction des services administratifs et financiers du Premier ministre)</relationEntry>
            <dateRange>
               <fromDate standardDate="1995-01-01">1995</fromDate>
            </dateRange>
         </cpfRelation>
         <cpfRelation xmlns:xlink="http://www.w3.org/1999/xlink"
                      cpfRelationType="hierarchical-child"
                      xlink:href="FRAN_NP_009696"
                      xlink:type="simple">
            <relationEntry>Mission de la qualité de service (direction des services administratifs et financiers du Premier ministre)</relationEntry>
            <dateRange>
               <fromDate standardDate="2011-01-01">2011</fromDate>
            </dateRange>
         </cpfRelation>
         <cpfRelation xmlns:xlink="http://www.w3.org/1999/xlink"
                      cpfRelationType="hierarchical-child"
                      xlink:href="FRAN_NP_009695"
                      xlink:type="simple">
            <relationEntry>Mission de gestion des emplois déconcentrés de l'État (direction des services administratifs et financiers du Premier ministre)</relationEntry>
            <dateRange>
               <fromDate standardDate="2011-01-01">2011</fromDate>
               <toDate standardDate="2012-12-31">2012</toDate>
            </dateRange>
         </cpfRelation>
         <cpfRelation xmlns:xlink="http://www.w3.org/1999/xlink"
                      cpfRelationType="hierarchical-child"
                      xlink:href="FRAN_NP_009697"
                      xlink:type="simple">
            <relationEntry>Centre de services partagés financiers (direction des services administratifs et financiers du Premier ministre)</relationEntry>
            <dateRange>
               <fromDate standardDate="2011-01-01">2011</fromDate>
            </dateRange>
         </cpfRelation>
         <cpfRelation xmlns:xlink="http://www.w3.org/1999/xlink"
                      cpfRelationType="hierarchical-child"
                      xlink:href="FRAN_NP_009686"
                      xlink:type="simple">
            <relationEntry>Division du patrimoine et de la logistique (direction des services administratifs et financiers du Premier ministre)</relationEntry>
            <dateRange>
               <fromDate standardDate="2005-01-01">2005</fromDate>
            </dateRange>
         </cpfRelation>
         <cpfRelation xmlns:xlink="http://www.w3.org/1999/xlink"
                      cpfRelationType="hierarchical-child"
                      xlink:href="FRAN_NP_009685"
                      xlink:type="simple">
            <relationEntry>Sous-direction de la programmation et des affaires financières (direction des services administratifs et financiers du Premier ministre)</relationEntry>
            <dateRange>
               <fromDate standardDate="2005-01-01">2005</fromDate>
            </dateRange>
         </cpfRelation>
         <cpfRelation xmlns:xlink="http://www.w3.org/1999/xlink"
                      cpfRelationType="hierarchical-child"
                      xlink:href="FRAN_NP_000215"
                      xlink:type="simple">
            <relationEntry>Sous-direction des affaires financières et de l'informatique (direction des services administratifs et financiers du Premier ministre)</relationEntry>
            <dateRange>
               <fromDate standardDate="1976-01-01">1976</fromDate>
               <toDate standardDate="2005-12-31">2005</toDate>
            </dateRange>
         </cpfRelation>
         <cpfRelation xmlns:xlink="http://www.w3.org/1999/xlink"
                      cpfRelationType="hierarchical-parent"
                      xlink:href="FRAN_NP_000002"
                      xlink:type="simple">
            <relationEntry>Premier ministre</relationEntry>
            <dateRange>
               <fromDate standardDate="1973-01-01">1973</fromDate>
               <toDate/>
            </dateRange>
         </cpfRelation>
         <resourceRelation xmlns:xlink="http://www.w3.org/1999/xlink"
                           resourceRelationType="subjectOf"
                           xlink:href="FRAN_IR_017974"
                           xlink:type="simple">
            <relationEntry localType="archival">Premier ministre ; Secrétariat général du Gouvernement ; Direction services administratifs et financiers (1972-1981)</relationEntry>
         </resourceRelation>
         <resourceRelation xmlns:xlink="http://www.w3.org/1999/xlink"
                           resourceRelationType="subjectOf"
                           xlink:href="FRAN_IR_020784"
                           xlink:type="simple">
            <relationEntry localType="archival">Premier ministre ; Secrétariat général du gouvernement ; Direction Services administratifs et financiers (1939-1979)</relationEntry>
         </resourceRelation>
      </relations>
   </cpfDescription>
</eac-cpf>
