<eac-cpf xmlns="urn:isbn:1-931666-33-4"
         xmlns:xsi="http://www.w3.org/2001/XMLSchema-instance"
         xsi:schemaLocation="urn:isbn:1-931666-33-4 cpf.xsd">
   <control>
      <recordId>FRAN_NP_000033</recordId>
      <otherRecordId localType="Ancien_identifiant">1400/CEPR</otherRecordId>
      <maintenanceStatus>revised</maintenanceStatus>
      <maintenanceAgency>
         <agencyName>Archives nationales de France</agencyName>
      </maintenanceAgency>
      <languageDeclaration>
         <language languageCode="fre">Français</language>
         <script scriptCode="Latn"/>
      </languageDeclaration>
      <conventionDeclaration>
         <citation>Notice établie conformément à la norme ICA-ISAAR (CPF) 2004, aux normes ISO 8601 pour le système de normalisation des dates utilisé, ainsi que AFNOR NF Z 44-061, juin 1986. Catalogage : forme et structure des vedettes noms de personne, des vedettes titres, des rubriques de classement et des titres forgés.</citation>
      </conventionDeclaration>
      <localControl localType="niveau_de_detail">
         <term>Complète</term>
      </localControl>
      <maintenanceHistory>
         <maintenanceEvent>
            <eventType>derived</eventType>
            <eventDateTime>2015-09-30</eventDateTime>
            <agentType>machine</agentType>
            <agent>Import_SIA</agent>
         </maintenanceEvent>
         <maintenanceEvent>
            <eventType>revised</eventType>
            <eventDateTime>2017-12-15</eventDateTime>
            <agentType>human</agentType>
            <agent>Arnaud ROMONT</agent>
            <eventDescription>Arnaud Romont : rédaction de la notice le 15 décembre 2017.</eventDescription>
         </maintenanceEvent>
         <maintenanceEvent>
            <eventType>updated</eventType>
            <eventDateTime>2018-01-05</eventDateTime>
            <agentType>human</agentType>
            <agent>Samuel GIBIAT</agent>
            <eventDescription>Notice relue et validée par Samuel Gibiat le 5 janvier 2018</eventDescription>
         </maintenanceEvent>
         <maintenanceEvent>
            <eventType>updated</eventType>
            <eventDateTime>2018-02-13</eventDateTime>
            <agentType>human</agentType>
            <agent>Mission.referentiels MISSION.REFERENTIELS</agent>
            <eventDescription>F. Clavaud, 16 janvier 2018 : ajouté autre forme du nom</eventDescription>
         </maintenanceEvent>
      </maintenanceHistory>
      <sources>
         <source>
            <sourceEntry>ROCHECORBON (G.), « Le « contrôle » de la campagne électorale » Revue française de science politique, 1966, n° 2, p. 255-271.</sourceEntry>
         </source>
         <source>
            <sourceEntry>VALENS (Jean-Pierre), « Rôle et fonctionnement de la Commission nationale de contrôle de la campagne présidentielle de 1974 », Études et Documents, 1976, n° 27, p. 43-100.</sourceEntry>
         </source>
         <source>
            <sourceEntry>DESFOUGÈRES (Éric), Le contrôle des campagnes électorales par les autorités administratives indépendantes, Clermont-Ferrand : Université de Clermont I, 1997.</sourceEntry>
         </source>
         <source>
            <sourceEntry>ARLETTAZ (Jordane), NICOT (Séverine) (dir), Le cadre juridique de la campagne présidentielle : actes du colloque organisé à Grenoble le 10 février 2012 dans le cadre des journées décentralisées de l'association française de droit constitutionnel relatives aux élections présidentielles, Paris : l'Harmattan, 2012, 168p.</sourceEntry>
         </source>
         <source>
            <sourceEntry>La Commission nationale de contrôle de la campagne en vue de l’élection du président de la République ne possède pas de numéro ISNI.</sourceEntry>
         </source>
         <source>
            <sourceEntry>Notice Wikipedia : https://fr.wikipedia.org/wiki/Commission_nationale_de_contr%C3%B4le_de_la_campagne_%C3%A9lectorale_relative_%C3%A0_l%27%C3%A9lection_du_pr%C3%A9sident_de_la_R%C3%A9publique</sourceEntry>
         </source>
      </sources>
   </control>
   <cpfDescription>
      <identity>
         <entityType>corporateBody</entityType>
         <nameEntry localType="autorisée" scriptCode="Latn" xml:lang="fre">
            <part>France. Commission nationale de contrôle de la campagne en vue de l’élection du président de la République (1964-....)</part>
         </nameEntry>
         <nameEntry>
            <part>CNCCEP</part>
         </nameEntry>
      </identity>
      <description>
         <existDates>
            <dateRange>
               <fromDate standardDate="1964-03-14">14 mars 1964</fromDate>
            </dateRange>
         </existDates>
         <places>
            <place>
               <placeRole>Lieu de Paris</placeRole>
               <placeEntry localType="nomLieu">Palais-Royal</placeEntry>
               <placeEntry localType="edifice" vocabularySource="d5bknx4v7j-1wqddent61siy">Palais Royal</placeEntry>
               <dateRange>
                  <fromDate standardDate="1965-01-01">1965</fromDate>
               </dateRange>
            </place>
         </places>
         <legalStatuses>
            <legalStatus>
               <term vocabularySource="d5bloo28po-1bei6cefdzkj">autorité indépendante</term>
            </legalStatus>
         </legalStatuses>
         <mandates>
            <mandate>
               <descriptiveNote>
                  <p>- Loi n° 62-1292 du 6 novembre 1962 relative à l'élection du président de la République au suffrage universel.</p>
                  <p>- Décret n° 64-231 du 14 mars 1964 portant règlement d'administration publique pour l'application de la loi n° 62-1292, relative à l'élection du président de la République au suffrage universel.</p>
                  <p>- Décret n° 88-22 du 6 janvier 1988 modifiant les décrets n° 64-231 du 14 mars 1964 et n° 80-213 du 11 mars 1980 pris pour l'application de la loi n° 62-1292 du 6 novembre 1962 relative à l’élection du président de la République au suffrage universel.</p>
                  <p>- Décret n° 94-672 du 8 août 1994 modifiant le décret n° 64-231 du 14 mars 1964 pris pour l'application de la loi n° 62-1292 du 6 novembre 1962 relative à l'élection du président de la République au suffrage universel.</p>
                  <p>- Décret n° 2001-213 du 8 mars 2001 portant application de la loi n° 62-1292 du 6 novembre 1962 relative à l'élection du président de la République au suffrage universel.</p>
               </descriptiveNote>
            </mandate>
         </mandates>
         <structureOrGenealogy>
            <p>La Commission nationale de contrôle (CNCCEP) est composée de trois membres de droit - le vice-président du Conseil d’État, président de la commission, le premier président de la Cour de cassation et le premier président de la Cour des comptes - et de quatre membres cooptés, dont deux suppléants. Pour l’aider dans ses missions, des rapporteurs sont nommés parmi les membres du Conseil d’État, de la Cour de cassation ou de la Cour des comptes. Ils ont notamment pour mission de vérifier que le matériel de propagande électorale des candidats est conforme au code électoral, et font ensuite un rapport pour les membres de la CNCCEP. De par sa composition, la Commission se veut impartiale et indépendante. La Commission siège habituellement dans les locaux du Conseil d’État. La campagne de 2002 fait néanmoins exception : si les séances avaient lieu en salle de la section des Finances au Palais-Royal, le secrétariat était installé dans les locaux de la Commission de régulation de l'électricité à Paris.</p>
            <p/>
            <p>La mission de contrôle de la CNCCEP ne s’exerce pas par des sanctions. Selon les termes de Renaud Denoix de Saint Marc, vice-président du Conseil d’État entre 1995 et 2006, dans son discours lors de la séance d'installation en 1988, elle exerce une « magistrature morale », passant surtout par des échanges avec les candidats et leurs mandataires. Si cela s’avère nécessaire, la Commission peut intervenir auprès des autorités compétentes pour les avertir d'une irrégularité dans la campagne. Par exemple, si un média annonce les résultats avant la fermeture des bureaux de vote, il risque une amende de 75 000 euros. La CNCCEP ne condamne pas elle-même le média fautif, mais transmet si nécessaire l'information au CSA. En 2002, lorsque cette situation s'était présentée, la Commission avait simplement envoyé des courriers aux médias concernés.</p>
            <p/>
            <p>La CNCCEP se réunit en séances : le calendrier prévoit en général une séance chaque semaine. À la fin de sa période de fonctionnement, la CNCCEP rédige un rapport, publié au Journal officiel de la République française, récapitulant ses actions et le déroulé de la campagne. C'est aussi l'occasion pour elle de faire des préconisations pour l'organisation des futures campagnes électorales.</p>
            <p/>
            <p>La Commission nationale est aidée dans son action par des commissions locales de contrôle (CLC), régies par les articles R. 32 à R. 35 du code électoral. Relais départementaux de l’instance nationale, elles ont notamment pour mission de veiller au respect des règles en matière d'affichage électoral sur les panneaux officiels. De plus, ce sont les CLC qui sont chargées de la mise sous pli et de l’envoi des déclarations des candidats à l’ensemble des électeurs du département.</p>
            <p/>
            <p>Ces CLC sont composées de 3 membres :</p>
            <p>- un président, magistrat désigné par le premier président de la cour d'appel</p>
            <p>- un fonctionnaire désigné par le préfet</p>
            <p>- un représentant de l'opérateur chargé de l'envoi des déclarations et des bulletins de vote (la Poste ou une entreprise privée)</p>
            <p>Le préfet désigne en outre un fonctionnaire chargé du secrétariat. Le siège de la CLC est choisi par son président, en accord avec le préfet. Les candidats ou leurs représentants locaux peuvent prendre part aux réunions de la CLC, leur avis n’ayant qu’une valeur consultative. </p>
            <p/>
            <p>Des représentants ou délégués de la CNCCEP sont envoyés dans les départements et territoires d'outre-mer. Leur rôle n’est pas de participer à la CLC, mais de suivre localement le déroulement de la campagne. Ces représentants peuvent être choisis conjointement avec le Conseil constitutionnel, et ainsi veiller à la conformité des opérations électorales.</p>
         </structureOrGenealogy>
         <biogHist>
            <p>La loi n° 62-1292 du 6 novembre 1962 relative à l’élection du président de la République au suffrage universel dispose, dans son article 3-IV, que “tous les candidats bénéficient de la part de l’État des mêmes facilités pour la campagne en vue de l’élection présidentielle”. C’est afin de veiller au respect de ces dispositions à valeur organique que la Commission nationale de contrôle de la campagne en vue de l’élection du président de la République (CNCCEP) est instituée par l’article 10 du décret n° 64-231, datant du 14 mars 1964, portant application de la loi de 1962. Ayant connu d'infimes modifications depuis 1964, ce décret est abrogé et remplacé par le décret n° 2001-213 du 8 mars 2001, portant application de la loi n° 62-1292. Depuis, au cours de l'année précédant chaque élection, un décret modifie ou précise l'organisation du scrutin à venir. Les modifications les plus importantes concernant la Commission sont dues aux décrets n° 88-22 du 6 janvier 1988 et n° 94-672 du 8 août 1994, confiant successivement le contrôle de la campagne audiovisuelle à la Commission nationale de la communication et des libertés (CNCL), puis au Conseil supérieur de l'audiovisuel (CSA). Malgré ce transfert de compétence, la CNCCEP reste chargée de veiller à l’égalité des candidats, notamment en travaillant en collaboration avec les instances chargées du contrôle de l’audiovisuel. La Commission a pour fonction principale de vérifier le matériel de propagande électorale constitué des affiches et professions de foi des candidats, qu'elle doit avoir validée avant toute diffusion. Cela inclut aussi le contrôle des traductions proposées en Polynésie, en Alsace et en Moselle, le texte des déclarations et des affiches devant être uniforme sur l'ensemble du territoire. Enfin, depuis le décret n° 2001-213 du 8 mars 2001, la Commission nationale de contrôle doit transmettre au Conseil constitutionnel toute irrégularité pouvant influer sur les comptes de campagne.</p>
            <p/>
            <p>La Commission doit être installée au plus tard 48h avant le début de la campagne officielle. Son activité prend fin le soir du dernier jour de scrutin. Les dates d'activité de la Commission lors des campagnes successives sont les suivantes : </p>
            <list>
               <item>1965 : du 29 octobre au 19 décembre</item>
               <item>1969 : du mois d'avril au 15 juin</item>
               <item>1974 : du 9 avril au 19 mai</item>
               <item>1981 : du 19 mars au 10 mai </item>
               <item>1988 : 17 mars - 8 mai 1988</item>
               <item>1995 : 6 mars – 7 mai 1995</item>
               <item>2002 : 18 mars – 5 mai 2002</item>
            </list>
         </biogHist>
      </description>
      <relations>
         <cpfRelation xmlns:xlink="http://www.w3.org/1999/xlink"
                      cpfRelationType="associative"
                      xlink:href="FRAN_NP_000080"
                      xlink:type="simple">
            <relationEntry>France. Conseil d'État (1799-....)</relationEntry>
            <dateRange>
               <fromDate standardDate="1964-03-14">14 mars 1964</fromDate>
            </dateRange>
            <descriptiveNote>
               <p>La Commission nationale de contrôle de la campagne en vue de l’élection présidentielle siège dans les locaux du Conseil d'État.</p>
            </descriptiveNote>
         </cpfRelation>
         <resourceRelation xmlns:xlink="http://www.w3.org/1999/xlink"
                           resourceRelationType="creatorOf"
                           xlink:href="FRAN_IR_022564"
                           xlink:type="simple">
            <relationEntry localType="archival">Élections présidentielles de 1965, 1969 et 1974. Archives de la Commission
     nationale de contrôle de la campagne en vue de l’élection du président de la République
     (1965-1974).</relationEntry>
         </resourceRelation>
         <resourceRelation xmlns:xlink="http://www.w3.org/1999/xlink"
                           resourceRelationType="creatorOf"
                           xlink:href="FRAN_IR_015737"
                           xlink:type="simple">
            <relationEntry localType="archival">Élections présidentielles de 1981. Archives de la Commission nationale de contrôle
     de la campagne en vue de l’élection du président de la République (1981).</relationEntry>
         </resourceRelation>
         <resourceRelation xmlns:xlink="http://www.w3.org/1999/xlink"
                           resourceRelationType="creatorOf"
                           xlink:href="FRAN_IR_056815"
                           xlink:type="simple">
            <relationEntry localType="archival">Élections présidentielles de 1965 à 1981. Reliquat d'archives de la Commission nationale de contrôle de la campagne en vue de l’élection du président de la République (1965-1981).</relationEntry>
         </resourceRelation>
         <resourceRelation xmlns:xlink="http://www.w3.org/1999/xlink"
                           resourceRelationType="creatorOf"
                           xlink:href="FRAN_IR_057105"
                           xlink:type="simple">
            <relationEntry localType="archival">Élections présidentielles de 1988, 1995 et 2002. Archives de la Commission nationale de contrôle de la campagne en vue de l’élection du président de la République (1988-2002).</relationEntry>
         </resourceRelation>
      </relations>
   </cpfDescription>
</eac-cpf>
