<eac-cpf xmlns="urn:isbn:1-931666-33-4"
         xmlns:xsi="http://www.w3.org/2001/XMLSchema-instance"
         xsi:schemaLocation="urn:isbn:1-931666-33-4 cpf.xsd">
   <control>
      <recordId>FRAN_NP_000165</recordId>
      <otherRecordId localType="Ancien_identifiant">1202/ENA</otherRecordId>
      <maintenanceStatus>revised</maintenanceStatus>
      <maintenanceAgency>
         <agencyName>Archives nationales de France</agencyName>
      </maintenanceAgency>
      <languageDeclaration>
         <language languageCode="fre">Français</language>
         <script scriptCode="Latn"/>
      </languageDeclaration>
      <conventionDeclaration>
         <citation>Notice établie conformément à la norme ICA-ISAAR (CPF) 2004, aux normes ISO 8601 pour le système de normalisation des dates utilisé, ainsi que AFNOR NF Z 44-061, juin 1986. Catalogage : forme et structure des vedettes noms de personne, des vedettes titres, des rubriques de classement et des titres forgés.</citation>
      </conventionDeclaration>
      <localControl localType="niveau_de_detail">
         <term>Moyenne</term>
      </localControl>
      <maintenanceHistory>
         <maintenanceEvent>
            <eventType>derived</eventType>
            <eventDateTime>2015-12-04</eventDateTime>
            <agentType>machine</agentType>
            <agent>Import_SIA</agent>
         </maintenanceEvent>
         <maintenanceEvent>
            <eventType>revised</eventType>
            <eventDateTime>2018-02-19</eventDateTime>
            <agentType>human</agentType>
            <agent>Samuel GIBIAT</agent>
         </maintenanceEvent>
         <maintenanceEvent>
            <eventType>updated</eventType>
            <eventDateTime>2018-02-19</eventDateTime>
            <agentType>human</agentType>
            <agent>Samuel GIBIAT</agent>
            <eventDescription>Demande de republication de la notice ENA après révision.</eventDescription>
         </maintenanceEvent>
         <maintenanceEvent>
            <eventType>updated</eventType>
            <eventDateTime>2018-02-23</eventDateTime>
            <agentType>human</agentType>
            <agent>Mission.referentiels MISSION.REFERENTIELS</agent>
            <eventDescription>P. Charbonnier, 23/02/2018 : ajout lien d'identité BnF, Wikipédia et ajout identifiant ISNI</eventDescription>
         </maintenanceEvent>
         <maintenanceEvent>
            <eventType>updated</eventType>
            <eventDateTime>2018-03-02</eventDateTime>
            <agentType>human</agentType>
            <agent>Mission.referentiels MISSION.REFERENTIELS</agent>
         </maintenanceEvent>
      </maintenanceHistory>
   </control>
   <cpfDescription>
      <identity>
         <entityId>ISNI 0000 0001 2243 4588</entityId>
         <entityType>corporateBody</entityType>
         <nameEntry localType="autorisée" scriptCode="Latn" xml:lang="fre">
            <part>École nationale d'administration</part>
         </nameEntry>
         <nameEntry>
            <part>ENA</part>
         </nameEntry>
      </identity>
      <description>
         <existDates>
            <dateRange>
               <fromDate standardDate="1945-01-01">1945</fromDate>
            </dateRange>
         </existDates>
         <legalStatuses>
            <legalStatus>
               <term vocabularySource="d5blonb3ky--u69ytier8ih6">établissement public à caractère administratif</term>
            </legalStatus>
         </legalStatuses>
      </description>
      <relations>
         <cpfRelation xmlns:xlink="http://www.w3.org/1999/xlink"
                      cpfRelationType="hierarchical-parent"
                      xlink:href="FRAN_NP_000002"
                      xlink:type="simple">
            <relationEntry>Premier ministre</relationEntry>
            <dateRange>
               <fromDate standardDate="1959-01-08">8 janvier 1959</fromDate>
               <toDate/>
            </dateRange>
         </cpfRelation>
         <cpfRelation xmlns:xlink="http://www.w3.org/1999/xlink"
                      cpfRelationType="hierarchical-child"
                      xlink:href="FRAN_NP_000158"
                      xlink:type="simple">
            <relationEntry>École nationale d'administration, secrétariat général</relationEntry>
            <dateRange>
               <fromDate standardDate="1945-01-01">1945</fromDate>
            </dateRange>
         </cpfRelation>
         <cpfRelation xmlns:xlink="http://www.w3.org/1999/xlink"
                      cpfRelationType="hierarchical-child"
                      xlink:href="FRAN_NP_000159"
                      xlink:type="simple">
            <relationEntry>École nationale d'administration, centre de documentation</relationEntry>
            <dateRange>
               <fromDate standardDate="1963-01-01">1963</fromDate>
            </dateRange>
         </cpfRelation>
         <cpfRelation xmlns:xlink="http://www.w3.org/1999/xlink"
                      cpfRelationType="hierarchical-child"
                      xlink:href="FRAN_NP_000160"
                      xlink:type="simple">
            <relationEntry>École nationale d'administration, bureau des concours</relationEntry>
            <dateRange>
               <fromDate standardDate="1945-01-01">1945</fromDate>
            </dateRange>
         </cpfRelation>
         <cpfRelation xmlns:xlink="http://www.w3.org/1999/xlink"
                      cpfRelationType="hierarchical-child"
                      xlink:href="FRAN_NP_000162"
                      xlink:type="simple">
            <relationEntry>École nationale d'administration, bureau des études</relationEntry>
            <dateRange>
               <fromDate standardDate="1945-01-01">1945</fromDate>
            </dateRange>
         </cpfRelation>
         <cpfRelation xmlns:xlink="http://www.w3.org/1999/xlink"
                      cpfRelationType="associative"
                      xlink:href="FRAN_NP_009211"
                      xlink:type="simple">
            <relationEntry>Educ'ENA</relationEntry>
            <dateRange>
               <fromDate standardDate="1959-01-01">1959</fromDate>
            </dateRange>
         </cpfRelation>
         <cpfRelation xmlns:xlink="http://www.w3.org/1999/xlink"
                      cpfRelationType="associative"
                      xlink:href="FRAN_NP_050961"
                      xlink:type="simple">
            <relationEntry>Donnedieu de Vabres, Renaud (1954-....)</relationEntry>
            <dateRange>
               <fromDate standardDate="1978-01-01">1978</fromDate>
               <toDate standardDate="1980-12-31">1980</toDate>
            </dateRange>
            <descriptiveNote>
               <p> A été élève à </p>
            </descriptiveNote>
         </cpfRelation>
         <cpfRelation xmlns:xlink="http://www.w3.org/1999/xlink"
                      cpfRelationType="associative"
                      xlink:href="FRAN_NP_050926"
                      xlink:type="simple">
            <relationEntry>Marek, Yves (1963-....)</relationEntry>
            <dateRange>
               <fromDate standardDate="1984-01-01">1984</fromDate>
               <toDate standardDate="1987-12-31">1987</toDate>
            </dateRange>
            <descriptiveNote>
               <p> Promotion Fernand Braudel </p>
            </descriptiveNote>
         </cpfRelation>
         <cpfRelation xmlns:xlink="http://www.w3.org/1999/xlink"
                      cpfRelationType="associative"
                      xlink:href="FRAN_NP_051136"
                      xlink:type="simple">
            <relationEntry>Goudineau, Daniel (1949-....)</relationEntry>
            <dateRange>
               <fromDate standardDate="1949-01-01">1949</fromDate>
            </dateRange>
            <descriptiveNote>
               <p> Daniel Goudineau fut élève à l'ENA. </p>
            </descriptiveNote>
         </cpfRelation>
         <cpfRelation xmlns:xlink="http://www.w3.org/1999/xlink"
                      cpfRelationType="associative"
                      xlink:href="FRAN_NP_051135"
                      xlink:type="simple">
            <relationEntry>Pré, Jean-Wilfrid (1949-....)</relationEntry>
            <dateRange>
               <fromDate standardDate="1972-01-01">1972</fromDate>
            </dateRange>
            <descriptiveNote>
               <p> Jean-Wilfrid Pré a été élève de l'ENA (promotion Léon Blum 1975) </p>
            </descriptiveNote>
         </cpfRelation>
         <cpfRelation xmlns:xlink="http://www.w3.org/1999/xlink"
                      cpfRelationType="associative"
                      xlink:href="FRAN_NP_051133"
                      xlink:type="simple">
            <relationEntry>Colonna, Catherine (1956-....)</relationEntry>
            <dateRange>
               <fromDate standardDate="1956-01-01">1956</fromDate>
            </dateRange>
            <descriptiveNote>
               <p> Catherine Colonna est diplômée de l'ENA. </p>
            </descriptiveNote>
         </cpfRelation>
         <cpfRelation xmlns:xlink="http://www.w3.org/1999/xlink"
                      cpfRelationType="associative"
                      xlink:href="FRAN_NP_051131"
                      xlink:type="simple">
            <relationEntry>Hoss, Jean-Pierre (1946-....)</relationEntry>
            <dateRange>
               <fromDate standardDate="1967-01-01">1967</fromDate>
            </dateRange>
            <descriptiveNote>
               <p> Jean-Pierre Hoss fut élève à l'ENA. </p>
            </descriptiveNote>
         </cpfRelation>
         <cpfRelation xmlns:xlink="http://www.w3.org/1999/xlink"
                      cpfRelationType="associative"
                      xlink:href="FRAN_NP_051137"
                      xlink:type="simple">
            <relationEntry>Barbaroux, Monique (1952-....)</relationEntry>
            <dateRange>
               <fromDate standardDate="1974-01-01">1974</fromDate>
            </dateRange>
            <descriptiveNote>
               <p> Monique Barbaroux est diplômée de l'ENA (promotion 1977). </p>
            </descriptiveNote>
         </cpfRelation>
         <cpfRelation xmlns:xlink="http://www.w3.org/1999/xlink"
                      cpfRelationType="associative"
                      xlink:href="FRAN_NP_051129"
                      xlink:type="simple">
            <relationEntry>Viot, Pierre (1925-....)</relationEntry>
            <dateRange>
               <fromDate standardDate="1945-01-01">1945</fromDate>
            </dateRange>
            <descriptiveNote>
               <p> Pierre Viot fut élève à l'ENA. </p>
            </descriptiveNote>
         </cpfRelation>
         <cpfRelation xmlns:xlink="http://www.w3.org/1999/xlink"
                      cpfRelationType="associative"
                      xlink:href="FRAN_NP_051281"
                      xlink:type="simple">
            <relationEntry>Uri, Pierre (1911-1992)</relationEntry>
            <dateRange>
               <fromDate standardDate="1947-01-01">1947</fromDate>
               <toDate standardDate="1957-12-31">1957</toDate>
            </dateRange>
            <descriptiveNote>
               <p> Pierre Uri, professeur (finances publiques) à l'ENA </p>
            </descriptiveNote>
         </cpfRelation>
         <cpfRelation xmlns:xlink="http://www.w3.org/1999/xlink"
                      cpfRelationType="associative"
                      xlink:href="FRAN_NP_051358"
                      xlink:type="simple">
            <relationEntry>Barbéris, Jean-Jacques (1980-....)</relationEntry>
            <dateRange>
               <fromDate standardDate="2006-01-01">2006</fromDate>
               <toDate standardDate="2008-12-31">2008</toDate>
            </dateRange>
            <descriptiveNote>
               <p> Promotion Aristide Briand </p>
            </descriptiveNote>
         </cpfRelation>
         <cpfRelation xmlns:xlink="http://www.w3.org/1999/xlink"
                      cpfRelationType="associative"
                      xlink:href="FRAN_NP_051359"
                      xlink:type="simple">
            <relationEntry>Boone, Laurence (1969-....)</relationEntry>
            <dateRange>
               <fromDate standardDate="2002-01-01">2002</fromDate>
               <toDate standardDate="2004-12-31">2004</toDate>
            </dateRange>
            <descriptiveNote>
               <p> Promotion Léopold Sédar Senghor </p>
            </descriptiveNote>
         </cpfRelation>
         <cpfRelation xmlns:xlink="http://www.w3.org/1999/xlink"
                      cpfRelationType="associative"
                      xlink:href="FRAN_NP_051360"
                      xlink:type="simple">
            <relationEntry>Macron, Emmanuel (1977-....)</relationEntry>
            <dateRange>
               <fromDate standardDate="2002-01-01">2002</fromDate>
               <toDate standardDate="2004-12-31">2004</toDate>
            </dateRange>
            <descriptiveNote>
               <p> Promotion Léopold Sédar Senghor </p>
            </descriptiveNote>
         </cpfRelation>
         <cpfRelation xmlns:xlink="http://www.w3.org/1999/xlink"
                      cpfRelationType="associative"
                      xlink:href="FRAN_NP_051368"
                      xlink:type="simple">
            <relationEntry>Clavreul, Gilles (1973-....)</relationEntry>
            <dateRange>
               <fromDate standardDate="1999-01-01">1999</fromDate>
               <toDate standardDate="2000-12-31">2000</toDate>
            </dateRange>
         </cpfRelation>
         <cpfRelation xmlns:xlink="http://www.w3.org/1999/xlink"
                      cpfRelationType="associative"
                      xlink:href="FRAN_NP_051370"
                      xlink:type="simple">
            <relationEntry>Lataste, Thierry (1954-....)</relationEntry>
            <dateRange>
               <fromDate standardDate="1981-01-01">1981</fromDate>
               <toDate standardDate="1982-12-31">1982</toDate>
            </dateRange>
         </cpfRelation>
         <cpfRelation xmlns:xlink="http://www.w3.org/1999/xlink"
                      cpfRelationType="associative"
                      xlink:href="FRAN_NP_051947"
                      xlink:type="simple">
            <relationEntry>Lemas, Pierre-René (1951-....)</relationEntry>
            <dateRange>
               <fromDate standardDate="1978-01-01">1978</fromDate>
               <toDate standardDate="1980-12-31">1980</toDate>
            </dateRange>
            <descriptiveNote>
               <p>
     P.-R. Lemas, élève de l'ENA (promotion Voltaire)
    </p>
            </descriptiveNote>
         </cpfRelation>
         <cpfRelation xmlns:xlink="http://www.w3.org/1999/xlink"
                      cpfRelationType="associative"
                      xlink:href="FRAN_NP_051991"
                      xlink:type="simple">
            <relationEntry>Rivière, Constance (1980-....)</relationEntry>
            <dateRange>
               <fromDate standardDate="2006-01-01">2006</fromDate>
               <toDate standardDate="2008-12-31">2008</toDate>
            </dateRange>
            <descriptiveNote>
               <p>
     Constance Rivière est élève de l'Ecole nationale d'administration (promotion Aristide Briand)
    </p>
            </descriptiveNote>
         </cpfRelation>
         <cpfRelation xmlns:xlink="http://www.w3.org/1999/xlink"
                      cpfRelationType="associative"
                      xlink:href="FRAN_NP_052035"
                      xlink:type="simple">
            <relationEntry>Brotons, Adrienne (1986-....)</relationEntry>
            <dateRange>
               <fromDate standardDate="2012-01-01">janvier 2012</fromDate>
               <toDate standardDate="2015-02-28">février 2015</toDate>
            </dateRange>
         </cpfRelation>
         <cpfRelation xmlns:xlink="http://www.w3.org/1999/xlink"
                      cpfRelationType="associative"
                      xlink:href="FRAN_NP_052041"
                      xlink:type="simple">
            <relationEntry>Oseredczuk, Arnaud (1971-....)</relationEntry>
            <dateRange>
               <fromDate standardDate="1998-01-01">1998</fromDate>
               <toDate standardDate="2000-12-31">2000</toDate>
            </dateRange>
            <descriptiveNote>
               <p>
     Ancien élève de l'Ecole nationale d'adminsitration (promotion Averroès, 1998)
    </p>
            </descriptiveNote>
         </cpfRelation>
         <cpfRelation xmlns:xlink="http://www.w3.org/1999/xlink"
                      cpfRelationType="associative"
                      xlink:href="FRAN_NP_052037"
                      xlink:type="simple">
            <relationEntry>Courrèges, Anne (1976-....)</relationEntry>
            <dateRange>
               <fromDate standardDate="2000-01-01">2000</fromDate>
               <toDate standardDate="2002-12-31">2002</toDate>
            </dateRange>
            <descriptiveNote>
               <p>
     Elève de l'Ecole nationale d'administration (promotion Copernic)
    </p>
            </descriptiveNote>
         </cpfRelation>
         <cpfRelation xmlns:xlink="http://www.w3.org/1999/xlink"
                      cpfRelationType="associative"
                      xlink:href="FRAN_NP_052057"
                      xlink:type="simple">
            <relationEntry>Preschez, Philippe (1939-...)</relationEntry>
            <dateRange>
               <fromDate standardDate="1964-01-01">1964</fromDate>
               <toDate standardDate="1966-12-31">1966</toDate>
            </dateRange>
            <descriptiveNote>
               <p>
     Philippe Preschez est un ancien élève de l'ENA (promotion Montesquieu).
    </p>
            </descriptiveNote>
         </cpfRelation>
         <cpfRelation xmlns:xlink="http://www.w3.org/1999/xlink"
                      cpfRelationType="associative"
                      xlink:href="FRAN_NP_052062"
                      xlink:type="simple">
            <relationEntry>Yahiel, Michel (1957-....)</relationEntry>
            <dateRange>
               <fromDate standardDate="1980-01-01">1980</fromDate>
               <toDate standardDate="1982-12-31">1982</toDate>
            </dateRange>
            <descriptiveNote>
               <p>
     Michel Yahiel est un ancien élève de l'ENA, promotion «Henri-François d'Aguesseau».
    </p>
            </descriptiveNote>
         </cpfRelation>
         <cpfRelation xmlns:xlink="http://www.w3.org/1999/xlink"
                      cpfRelationType="associative"
                      xlink:href="FRAN_NP_052064"
                      xlink:type="simple">
            <relationEntry>Bocquet, Pierre-Yves (1973-....)</relationEntry>
            <dateRange>
               <fromDate standardDate="1994-01-01">1994</fromDate>
               <toDate standardDate="1996-12-31">1996</toDate>
            </dateRange>
            <descriptiveNote>
               <p>
     Pierre-Yves Bocquet est un ancien élève de l’ENA, promotion «Victor Schoelcher».
    </p>
            </descriptiveNote>
         </cpfRelation>
         <cpfRelation xmlns:xlink="http://www.w3.org/1999/xlink"
                      cpfRelationType="associative"
                      xlink:href="FRAN_NP_051373"
                      xlink:type="simple">
            <relationEntry>Zabulon, Alain (1955-....)</relationEntry>
            <dateRange>
               <fromDate standardDate="1987-01-01">1987</fromDate>
               <toDate standardDate="1988-12-31">1988</toDate>
            </dateRange>
         </cpfRelation>
         <cpfRelation xmlns:xlink="http://www.w3.org/1999/xlink"
                      cpfRelationType="associative"
                      xlink:href="FRAN_NP_051372"
                      xlink:type="simple">
            <relationEntry>Naerhuysen, Hervé (1971-....)</relationEntry>
            <dateRange>
               <fromDate standardDate="2006-01-01">2006</fromDate>
               <toDate standardDate="2007-12-31">2007</toDate>
            </dateRange>
         </cpfRelation>
         <cpfRelation xmlns:xlink="http://www.w3.org/1999/xlink"
                      cpfRelationType="associative"
                      xlink:href="FRAN_NP_051404"
                      xlink:type="simple">
            <relationEntry>Gueydan, Geneviève (1963-….)</relationEntry>
            <dateRange>
               <fromDate standardDate="1991-01-01">1991</fromDate>
            </dateRange>
            <descriptiveNote>
               <p> ancien élève </p>
            </descriptiveNote>
         </cpfRelation>
         <cpfRelation xmlns:xlink="http://www.w3.org/1999/xlink"
                      cpfRelationType="associative"
                      xlink:href="FRAN_NP_051397"
                      xlink:type="simple">
            <relationEntry>Montpezat, Jean (1937-....)</relationEntry>
            <dateRange>
               <fromDate standardDate="1963-01-01">1963</fromDate>
               <toDate standardDate="1965-12-31">1965</toDate>
            </dateRange>
            <descriptiveNote>
               <p> Elève de l'ENA. Diplômé de la promotion Stendhal (1965) </p>
            </descriptiveNote>
         </cpfRelation>
         <cpfRelation xmlns:xlink="http://www.w3.org/1999/xlink"
                      cpfRelationType="associative"
                      xlink:href="FRAN_NP_051409"
                      xlink:type="simple">
            <relationEntry>Ducamin, Bernard (1928-2012)</relationEntry>
            <dateRange>
               <fromDate standardDate="1951-01-01">janvier 1951</fromDate>
               <toDate standardDate="1953-09-30">septembre 1953</toDate>
            </dateRange>
            <descriptiveNote>
               <p> Élève dans la promotion "Paul Cambon". </p>
            </descriptiveNote>
         </cpfRelation>
         <cpfRelation xmlns:xlink="http://www.w3.org/1999/xlink"
                      cpfRelationType="associative"
                      xlink:href="FRAN_NP_051488"
                      xlink:type="simple">
            <relationEntry>Bianco, Jean-Louis (1943-....)</relationEntry>
            <dateRange>
               <fromDate standardDate="1969-01-01">1969</fromDate>
               <toDate standardDate="1971-12-31">1971</toDate>
            </dateRange>
            <descriptiveNote>
               <p> J.-L. Bianco, élève de l'ENA (promotion Thomas More) </p>
            </descriptiveNote>
         </cpfRelation>
         <cpfRelation xmlns:xlink="http://www.w3.org/1999/xlink"
                      cpfRelationType="associative"
                      xlink:href="FRAN_NP_051487"
                      xlink:type="simple">
            <relationEntry>Védrine, Hubert (1947-....)</relationEntry>
            <dateRange>
               <fromDate standardDate="1971-01-01">1971</fromDate>
               <toDate standardDate="1974-12-31">1974</toDate>
            </dateRange>
            <descriptiveNote>
               <p> H. Védrine, élève de l'ENA </p>
            </descriptiveNote>
         </cpfRelation>
         <cpfRelation xmlns:xlink="http://www.w3.org/1999/xlink"
                      cpfRelationType="associative"
                      xlink:href="FRAN_NP_051533"
                      xlink:type="simple">
            <relationEntry>Jouyet, Jean-Pierre (1954-....)</relationEntry>
            <dateRange>
               <fromDate standardDate="1973-01-01">vers 1978</fromDate>
            </dateRange>
            <descriptiveNote>
               <p> J.-P. Jouyet, élève de l'ENA (promotion Voltaire) puis maître de conférences à l'ENA (1982 ; 2006-2007) </p>
            </descriptiveNote>
         </cpfRelation>
         <cpfRelation xmlns:xlink="http://www.w3.org/1999/xlink"
                      cpfRelationType="associative"
                      xlink:href="FRAN_NP_051532"
                      xlink:type="simple">
            <relationEntry>Hugues, Jean-Pierre (1951-....)</relationEntry>
            <dateRange>
               <fromDate standardDate="1978-01-01">1978</fromDate>
               <toDate standardDate="1980-12-31">1980</toDate>
            </dateRange>
            <descriptiveNote>
               <p> J-P. Hugues, élève de l'ENA (promotion Voltaire) </p>
            </descriptiveNote>
         </cpfRelation>
         <cpfRelation xmlns:xlink="http://www.w3.org/1999/xlink"
                      cpfRelationType="associative"
                      xlink:href="FRAN_NP_051191"
                      xlink:type="simple">
            <relationEntry>Sauzay, Philippe (1936-....)</relationEntry>
            <dateRange>
               <fromDate standardDate="1961-01-01">1961</fromDate>
               <toDate standardDate="1963-12-31">1963</toDate>
            </dateRange>
            <descriptiveNote>
               <p> Élève </p>
            </descriptiveNote>
         </cpfRelation>
         <cpfRelation xmlns:xlink="http://www.w3.org/1999/xlink"
                      cpfRelationType="associative"
                      xlink:href="FRAN_NP_051478"
                      xlink:type="simple">
            <relationEntry>Errera, Roger (1933-2014)</relationEntry>
            <dateRange>
               <fromDate standardDate="1957-01-01">janvier 1957</fromDate>
               <toDate standardDate="1959-07-31">juillet 1959</toDate>
            </dateRange>
            <descriptiveNote>
               <p> Élève </p>
            </descriptiveNote>
         </cpfRelation>
         <cpfRelation xmlns:xlink="http://www.w3.org/1999/xlink"
                      cpfRelationType="associative"
                      xlink:href="FRAN_NP_051943"
                      xlink:type="simple">
            <relationEntry>Vallaud, Boris (1975-....)</relationEntry>
            <dateRange>
               <fromDate standardDate="2002-01-01">2002</fromDate>
               <toDate standardDate="2004-12-31">2004</toDate>
            </dateRange>
         </cpfRelation>
         <cpfRelation xmlns:xlink="http://www.w3.org/1999/xlink"
                      cpfRelationType="hierarchical-child"
                      xlink:href="FRAN_NP_000163"
                      xlink:type="simple">
            <relationEntry>École nationale d'administration, direction de la formation permanente</relationEntry>
            <dateRange>
               <fromDate standardDate="1982-01-01">1982</fromDate>
            </dateRange>
         </cpfRelation>
         <cpfRelation xmlns:xlink="http://www.w3.org/1999/xlink"
                      cpfRelationType="hierarchical-child"
                      xlink:href="FRAN_NP_000161"
                      xlink:type="simple">
            <relationEntry>École nationale d'administration, directeur</relationEntry>
            <dateRange>
               <fromDate standardDate="1945-01-01">1945</fromDate>
            </dateRange>
         </cpfRelation>
         <cpfRelation xmlns:xlink="http://www.w3.org/1999/xlink"
                      cpfRelationType="hierarchical-child"
                      xlink:href="FRAN_NP_000164"
                      xlink:type="simple">
            <relationEntry>École nationale d'administration, service des stages</relationEntry>
            <dateRange>
               <fromDate standardDate="1945-01-01">1945</fromDate>
            </dateRange>
         </cpfRelation>
         <cpfRelation xmlns:xlink="http://www.w3.org/1999/xlink"
                      cpfRelationType="hierarchical-child"
                      xlink:href="FRAN_NP_000179"
                      xlink:type="simple">
            <relationEntry>École nationale d'administration, direction des relations internationales</relationEntry>
            <dateRange>
               <fromDate standardDate="2002-01-01">2002</fromDate>
            </dateRange>
         </cpfRelation>
         <cpfRelation xmlns:xlink="http://www.w3.org/1999/xlink"
                      cpfRelationType="associative"
                      xlink:href="FRAN_NP_000181"
                      xlink:type="simple">
            <relationEntry>Direction générale de l'administration et de la fonction publique</relationEntry>
            <dateRange>
               <fromDate standardDate="1945-01-01">1945</fromDate>
               <toDate/>
            </dateRange>
         </cpfRelation>
         <cpfRelation xmlns:xlink="http://www.w3.org/1999/xlink"
                      cpfRelationType="temporal-earlier"
                      xlink:href="FRAN_NP_000176"
                      xlink:type="simple">
            <relationEntry>Institut international d'administration publique</relationEntry>
            <dateRange>
               <fromDate standardDate="2002-01-01">2002</fromDate>
            </dateRange>
         </cpfRelation>
         <cpfRelation xmlns:xlink="http://www.w3.org/1999/xlink"
                      cpfRelationType="identity"
                      xlink:href="http://catalogue.bnf.fr/ark:/12148/cb118634640"
                      xlink:type="simple">
            <relationEntry>École nationale d'administration (Paris / Strasbourg) </relationEntry>
            <dateRange>
               <fromDate standardDate="1945-01-01">1945</fromDate>
            </dateRange>
            <descriptiveNote>
               <p>Notice BnF</p>
            </descriptiveNote>
         </cpfRelation>
         <cpfRelation xmlns:xlink="http://www.w3.org/1999/xlink"
                      cpfRelationType="identity"
                      xlink:href="https://fr.wikipedia.org/wiki/%C3%89cole_nationale_d'administration_%28France%29"
                      xlink:type="simple">
            <relationEntry>École nationale d'administration (France)</relationEntry>
            <dateRange>
               <fromDate standardDate="1945-01-01">1945</fromDate>
            </dateRange>
            <descriptiveNote>
               <p>Notice Wikipédia</p>
            </descriptiveNote>
         </cpfRelation>
         <resourceRelation xmlns:xlink="http://www.w3.org/1999/xlink"
                           resourceRelationType="subjectOf"
                           xlink:href="FRAN_IR_007566"
                           xlink:type="simple">
            <relationEntry localType="archival">Premier ministre ; École nationale d'administration (ENA) (1945-1985)</relationEntry>
         </resourceRelation>
         <resourceRelation xmlns:xlink="http://www.w3.org/1999/xlink"
                           resourceRelationType="subjectOf"
                           xlink:href="FRAN_IR_009542"
                           xlink:type="simple">
            <relationEntry localType="archival">Premier ministre ; Ecole nationale d'administration (ENA) (1946-1990)</relationEntry>
         </resourceRelation>
         <resourceRelation xmlns:xlink="http://www.w3.org/1999/xlink"
                           resourceRelationType="subjectOf"
                           xlink:href="FRAN_IR_009543"
                           xlink:type="simple">
            <relationEntry localType="archival">Premier ministre ; Ecole nationale d'administration (ENA) (1951-1993)</relationEntry>
         </resourceRelation>
         <resourceRelation xmlns:xlink="http://www.w3.org/1999/xlink"
                           resourceRelationType="subjectOf"
                           xlink:href="FRAN_IR_010424"
                           xlink:type="simple">
            <relationEntry localType="archival">Premier ministre ; Ecole nationale d'administration (ENA) (1962-1998)</relationEntry>
         </resourceRelation>
         <resourceRelation xmlns:xlink="http://www.w3.org/1999/xlink"
                           resourceRelationType="subjectOf"
                           xlink:href="FRAN_IR_014401"
                           xlink:type="simple">
            <relationEntry localType="archival">Premier ministre ; École nationale d'administration (ENA) (1985-1986)</relationEntry>
         </resourceRelation>
         <resourceRelation xmlns:xlink="http://www.w3.org/1999/xlink"
                           resourceRelationType="subjectOf"
                           xlink:href="FRAN_IR_015150"
                           xlink:type="simple">
            <relationEntry localType="archival">Premier ministre ; École nationale d'administration (ENA) (1973-1988)</relationEntry>
         </resourceRelation>
         <resourceRelation xmlns:xlink="http://www.w3.org/1999/xlink"
                           resourceRelationType="subjectOf"
                           xlink:href="FRAN_IR_015801"
                           xlink:type="simple">
            <relationEntry localType="archival">Premier ministre ; Ecole nationale d'administration (ENA) (1946-1990)</relationEntry>
         </resourceRelation>
         <resourceRelation xmlns:xlink="http://www.w3.org/1999/xlink"
                           resourceRelationType="subjectOf"
                           xlink:href="FRAN_IR_015803"
                           xlink:type="simple">
            <relationEntry localType="archival">Premier ministre ; Ecole nationale d'administration (ENA) (1968-1969)</relationEntry>
         </resourceRelation>
         <resourceRelation xmlns:xlink="http://www.w3.org/1999/xlink"
                           resourceRelationType="subjectOf"
                           xlink:href="FRAN_IR_006037"
                           xlink:type="simple">
            <relationEntry localType="archival">Premier ministre ; Ecole nationale d'administration (ENA) (1945-1979)</relationEntry>
         </resourceRelation>
         <resourceRelation xmlns:xlink="http://www.w3.org/1999/xlink"
                           resourceRelationType="subjectOf"
                           xlink:href="FRAN_IR_018623"
                           xlink:type="simple">
            <relationEntry localType="archival">Premier ministre ; Ecole nationale d'administration (ENA) (1946-1990)</relationEntry>
         </resourceRelation>
         <resourceRelation xmlns:xlink="http://www.w3.org/1999/xlink"
                           resourceRelationType="subjectOf"
                           xlink:href="FRAN_IR_018708"
                           xlink:type="simple">
            <relationEntry localType="archival">Premier ministre ; Ecole nationale d'administration (ENA) (1962-1988)</relationEntry>
         </resourceRelation>
         <resourceRelation xmlns:xlink="http://www.w3.org/1999/xlink"
                           resourceRelationType="subjectOf"
                           xlink:href="FRAN_IR_018709"
                           xlink:type="simple">
            <relationEntry localType="archival">Premier ministre ; Ecole nationale d'administration (ENA) (1979-1987)</relationEntry>
         </resourceRelation>
         <resourceRelation xmlns:xlink="http://www.w3.org/1999/xlink"
                           resourceRelationType="subjectOf"
                           xlink:href="FRAN_IR_019882"
                           xlink:type="simple">
            <relationEntry localType="archival">Premier ministre ; Ecole nationale d'administration (ENA) (1946-1965)</relationEntry>
         </resourceRelation>
         <resourceRelation xmlns:xlink="http://www.w3.org/1999/xlink"
                           resourceRelationType="subjectOf"
                           xlink:href="FRAN_IR_023342"
                           xlink:type="simple">
            <relationEntry localType="archival">Premier ministre ; Ecole nationale d'administration (ENA) (1956-2000)</relationEntry>
         </resourceRelation>
         <resourceRelation xmlns:xlink="http://www.w3.org/1999/xlink"
                           resourceRelationType="subjectOf"
                           xlink:href="FRAN_IR_023503"
                           xlink:type="simple">
            <relationEntry localType="archival">Premier ministre ; Ecole nationale d'administration (ENA) (1994-2000)</relationEntry>
         </resourceRelation>
         <resourceRelation xmlns:xlink="http://www.w3.org/1999/xlink"
                           resourceRelationType="subjectOf"
                           xlink:href="FRAN_IR_008193"
                           xlink:type="simple">
            <relationEntry localType="archival">Premier ministre ; Ecole nationale d'administration (ENA) (1981-1985)</relationEntry>
         </resourceRelation>
         <resourceRelation xmlns:xlink="http://www.w3.org/1999/xlink"
                           resourceRelationType="subjectOf"
                           xlink:href="FRAN_IR_009544"
                           xlink:type="simple">
            <relationEntry localType="archival">Premier ministre ; Ecole nationale d'administration (ENA) (1963-1991)</relationEntry>
         </resourceRelation>
         <resourceRelation xmlns:xlink="http://www.w3.org/1999/xlink"
                           resourceRelationType="subjectOf"
                           xlink:href="FRAN_IR_009545"
                           xlink:type="simple">
            <relationEntry localType="archival">Premier ministre ; Ecole nationale d'administration (ENA) (1984-1995)</relationEntry>
         </resourceRelation>
         <resourceRelation xmlns:xlink="http://www.w3.org/1999/xlink"
                           resourceRelationType="subjectOf"
                           xlink:href="FRAN_IR_015063"
                           xlink:type="simple">
            <relationEntry localType="archival">Premier ministre ; Ecole nationale d'administration (ENA) (1977-1982)</relationEntry>
         </resourceRelation>
         <resourceRelation xmlns:xlink="http://www.w3.org/1999/xlink"
                           resourceRelationType="subjectOf"
                           xlink:href="FRAN_IR_015802"
                           xlink:type="simple">
            <relationEntry localType="archival">Premier ministre ; Ecole nationale d'administration (ENA) (1946-1993)</relationEntry>
         </resourceRelation>
         <resourceRelation xmlns:xlink="http://www.w3.org/1999/xlink"
                           resourceRelationType="subjectOf"
                           xlink:href="FRAN_IR_019709"
                           xlink:type="simple">
            <relationEntry localType="archival">Premier ministre ; Ecole nationale d'administration (ENA) (1982-2000)</relationEntry>
         </resourceRelation>
         <resourceRelation xmlns:xlink="http://www.w3.org/1999/xlink"
                           resourceRelationType="subjectOf"
                           xlink:href="FRAN_IR_021515"
                           xlink:type="simple">
            <relationEntry localType="archival">Premier ministre ; Ecole nationale d'administration (ENA) (1915-1978)</relationEntry>
         </resourceRelation>
         <resourceRelation xmlns:xlink="http://www.w3.org/1999/xlink"
                           resourceRelationType="subjectOf"
                           xlink:href="FRAN_IR_023504"
                           xlink:type="simple">
            <relationEntry localType="archival">Premier ministre ; Ecole nationale d'administration (ENA) (1995-2002)</relationEntry>
         </resourceRelation>
         <resourceRelation xmlns:xlink="http://www.w3.org/1999/xlink"
                           resourceRelationType="subjectOf"
                           xlink:href="FRAN_IR_009310"
                           xlink:type="simple">
            <relationEntry localType="archival">Premier ministre ; Ecole Nationale d'Administration ( ENA) (1945-1987)</relationEntry>
         </resourceRelation>
         <resourceRelation xmlns:xlink="http://www.w3.org/1999/xlink"
                           resourceRelationType="subjectOf"
                           xlink:href="FRAN_IR_015828"
                           xlink:type="simple">
            <relationEntry localType="archival">Premier ministre ; Ecole Nationale d'Administration ( ENA) (1945-1987)</relationEntry>
         </resourceRelation>
         <resourceRelation xmlns:xlink="http://www.w3.org/1999/xlink"
                           resourceRelationType="subjectOf"
                           xlink:href="FRAN_IR_019770"
                           xlink:type="simple">
            <relationEntry localType="archival">Premier ministre ; Ecole Nationale d'Administration ( ENA) (1959-1969)</relationEntry>
         </resourceRelation>
         <resourceRelation xmlns:xlink="http://www.w3.org/1999/xlink"
                           resourceRelationType="subjectOf"
                           xlink:href="FRAN_IR_023663"
                           xlink:type="simple">
            <relationEntry localType="archival">Premier ministre ; Ecole Nationale d'Administration ( ENA) (1945-2000)</relationEntry>
         </resourceRelation>
         <resourceRelation xmlns:xlink="http://www.w3.org/1999/xlink"
                           resourceRelationType="subjectOf"
                           xlink:href="FRAN_IR_008044"
                           xlink:type="simple">
            <relationEntry localType="archival">Premier ministre ; Ecole nationale d'administration (ENA) (1947-1990)</relationEntry>
         </resourceRelation>
         <resourceRelation xmlns:xlink="http://www.w3.org/1999/xlink"
                           resourceRelationType="subjectOf"
                           xlink:href="FRAN_IR_006733"
                           xlink:type="simple">
            <relationEntry localType="archival">Premier ministre ; Ecole nationale d'administration (ENA) (1906-1956)</relationEntry>
         </resourceRelation>
         <resourceRelation xmlns:xlink="http://www.w3.org/1999/xlink"
                           resourceRelationType="subjectOf"
                           xlink:href="FRAN_IR_006888"
                           xlink:type="simple">
            <relationEntry localType="archival">Premier ministre ; Ecole nationale d'administration (ENA) (1964-1981)</relationEntry>
         </resourceRelation>
         <resourceRelation xmlns:xlink="http://www.w3.org/1999/xlink"
                           resourceRelationType="subjectOf"
                           xlink:href="FRAN_IR_020972"
                           xlink:type="simple">
            <relationEntry localType="archival">Premier ministre ; Ecole nationale d'administration (ENA) (1979-1983)</relationEntry>
         </resourceRelation>
         <resourceRelation xmlns:xlink="http://www.w3.org/1999/xlink"
                           resourceRelationType="subjectOf"
                           xlink:href="FRAN_IR_023664"
                           xlink:type="simple">
            <relationEntry localType="archival">Premier ministre ; Ecole Nationale d'Administration ( ENA) (1986-2005)</relationEntry>
         </resourceRelation>
         <resourceRelation xmlns:xlink="http://www.w3.org/1999/xlink"
                           resourceRelationType="subjectOf"
                           xlink:href="FRAN_IR_023750"
                           xlink:type="simple">
            <relationEntry localType="archival">Premier ministre ; Ecole Nationale d'Administration ( ENA) (1988-2004)</relationEntry>
         </resourceRelation>
         <resourceRelation xmlns:xlink="http://www.w3.org/1999/xlink"
                           resourceRelationType="subjectOf"
                           xlink:href="FRAN_IR_011643"
                           xlink:type="simple">
            <relationEntry localType="archival">Premier ministre ; Ecole nationale d'administration (ENA) (1945-1979)</relationEntry>
         </resourceRelation>
         <resourceRelation xmlns:xlink="http://www.w3.org/1999/xlink"
                           resourceRelationType="subjectOf"
                           xlink:href="FRAN_IR_016473"
                           xlink:type="simple">
            <relationEntry localType="archival">Premier ministre ; Ecole nationale d'administration (ENA) (1946-1949)</relationEntry>
         </resourceRelation>
         <resourceRelation xmlns:xlink="http://www.w3.org/1999/xlink"
                           resourceRelationType="subjectOf"
                           xlink:href="FRAN_IR_018541"
                           xlink:type="simple">
            <relationEntry localType="archival">Premier ministre ; Ecole nationale d'administration (ENA) (1981-1991)</relationEntry>
         </resourceRelation>
         <resourceRelation xmlns:xlink="http://www.w3.org/1999/xlink"
                           resourceRelationType="subjectOf"
                           xlink:href="FRAN_IR_018572"
                           xlink:type="simple">
            <relationEntry localType="archival">Premier ministre ; Ecole nationale d'administration (ENA) (1995-1995)</relationEntry>
         </resourceRelation>
      </relations>
   </cpfDescription>
</eac-cpf>
