<eac-cpf xmlns="urn:isbn:1-931666-33-4"
         xmlns:xsi="http://www.w3.org/2001/XMLSchema-instance"
         xsi:schemaLocation="urn:isbn:1-931666-33-4 cpf.xsd">
   <control>
      <recordId>FRAN_NP_000128</recordId>
      <otherRecordId localType="Ancien_identifiant">1200</otherRecordId>
      <maintenanceStatus>derived</maintenanceStatus>
      <maintenanceAgency>
         <agencyName>Archives nationales de France</agencyName>
      </maintenanceAgency>
      <languageDeclaration>
         <language languageCode="fre">Français</language>
         <script scriptCode="Latn"/>
      </languageDeclaration>
      <conventionDeclaration>
         <citation>Notice établie conformément à la norme ICA-ISAAR (CPF) 2004, aux normes ISO 8601 pour le système de normalisation des dates utilisé, ainsi que AFNOR NF Z 44-061, juin 1986. Catalogage : forme et structure des vedettes noms de personne, des vedettes titres, des rubriques de classement et des titres forgés.</citation>
      </conventionDeclaration>
      <localControl localType="niveau_de_detail">
         <term>Moyenne</term>
      </localControl>
      <maintenanceHistory>
         <maintenanceEvent>
            <eventType>derived</eventType>
            <eventDateTime>2013-04-23</eventDateTime>
            <agentType>machine</agentType>
            <agent>Import_SIA</agent>
         </maintenanceEvent>
      </maintenanceHistory>
   </control>
   <cpfDescription>
      <identity>
         <entityType>corporateBody</entityType>
         <nameEntry scriptCode="Latn" localType="autorisée" xml:lang="fre">
            <part>Cabinets des ministres délégués et secrétaires d'État auprès du Premier ministre</part>
         </nameEntry>
      </identity>
      <description>
         <existDates>
            <dateRange>
               <fromDate standardDate="1959-01-08">8 janvier 1959</fromDate>
            </dateRange>
         </existDates>
         <legalStatuses>
            <legalStatus>
               <term vocabularySource="d5blonb04s-1nqrprwwl75h0">cabinet ministériel</term>
            </legalStatus>
         </legalStatuses>
      </description>
      <relations>
         <cpfRelation xmlns:xlink="http://www.w3.org/1999/xlink"
                      cpfRelationType="hierarchical-child"
                      xlink:href="FRAN_NP_000109"
                      xlink:type="simple">
            <relationEntry>Cabinet de Nafissa Sid Cara, secrétaire d'État chargé auprès du Premier ministre</relationEntry>
            <dateRange>
               <fromDate standardDate="1959-01-08">8 janvier 1959</fromDate>
               <toDate standardDate="1962-04-14">14 avril 1962</toDate>
            </dateRange>
         </cpfRelation>
         <cpfRelation xmlns:xlink="http://www.w3.org/1999/xlink"
                      cpfRelationType="hierarchical-child"
                      xlink:href="FRAN_NP_000111"
                      xlink:type="simple">
            <relationEntry>Cabinet de Claude Malhuret, secrétaire d'État chargé des Droits de l'homme</relationEntry>
            <dateRange>
               <fromDate standardDate="1986-03-20">20 mars 1986</fromDate>
               <toDate standardDate="1988-05-10">10 mai 1988</toDate>
            </dateRange>
         </cpfRelation>
         <cpfRelation xmlns:xlink="http://www.w3.org/1999/xlink"
                      cpfRelationType="hierarchical-child"
                      xlink:href="FRAN_NP_000112"
                      xlink:type="simple">
            <relationEntry>Cabinet de Jean Gatel, secrétaire d'État chargé de l'Économie sociale</relationEntry>
            <dateRange>
               <fromDate standardDate="1984-07-23">23 juillet 1984</fromDate>
               <toDate standardDate="1986-03-20">20 mars 1986</toDate>
            </dateRange>
         </cpfRelation>
         <cpfRelation xmlns:xlink="http://www.w3.org/1999/xlink"
                      cpfRelationType="hierarchical-child"
                      xlink:href="FRAN_NP_000113"
                      xlink:type="simple">
            <relationEntry>Cabinet d'Azouz Begag, ministre délégué à la promotion de l'égalité des chances</relationEntry>
            <dateRange>
               <fromDate standardDate="2005-06-02">2 juin 2005</fromDate>
               <toDate standardDate="2007-04-05">5 avril 2007</toDate>
            </dateRange>
         </cpfRelation>
         <cpfRelation xmlns:xlink="http://www.w3.org/1999/xlink"
                      cpfRelationType="hierarchical-child"
                      xlink:href="FRAN_NP_000115"
                      xlink:type="simple">
            <relationEntry>Cabinet de Lucette Michaux-Chevry, secrétaire d'État chargé de la Francophonie</relationEntry>
            <dateRange>
               <fromDate standardDate="1986-03-20">20 mars 1986</fromDate>
               <toDate standardDate="1988-05-10">10 mai 1988</toDate>
            </dateRange>
         </cpfRelation>
         <cpfRelation xmlns:xlink="http://www.w3.org/1999/xlink"
                      cpfRelationType="hierarchical-child"
                      xlink:href="FRAN_NP_000118"
                      xlink:type="simple">
            <relationEntry>Cabinet de Jean Le Garrec, secrétaire d'État chargé de l'extension du secteur public</relationEntry>
            <dateRange>
               <fromDate standardDate="1981-06-23">23 juin 1981</fromDate>
               <toDate standardDate="1982-06-29">29 juin 1982</toDate>
            </dateRange>
         </cpfRelation>
         <cpfRelation xmlns:xlink="http://www.w3.org/1999/xlink"
                      cpfRelationType="hierarchical-child"
                      xlink:href="FRAN_NP_000122"
                      xlink:type="simple">
            <relationEntry>Cabinet d'Éric Besson, secrétaire d'État chargé de la Prospective, de l'Évaluation des politiques publiques et du Développement de l'économie numérique</relationEntry>
            <dateRange>
               <fromDate standardDate="2007-05-18">18 mai 2007</fromDate>
               <toDate standardDate="2009-01-15">15 janvier 2009</toDate>
            </dateRange>
         </cpfRelation>
         <cpfRelation xmlns:xlink="http://www.w3.org/1999/xlink"
                      cpfRelationType="hierarchical-child"
                      xlink:href="FRAN_NP_005037"
                      xlink:type="simple">
            <relationEntry>Cabinet d'Émile Biasini, secrétaire d'État aux Grands Travaux</relationEntry>
            <dateRange>
               <fromDate standardDate="1992-04-04">4 avril 1992</fromDate>
               <toDate standardDate="1993-03-29">29 mars 1993</toDate>
            </dateRange>
         </cpfRelation>
         <cpfRelation xmlns:xlink="http://www.w3.org/1999/xlink"
                      cpfRelationType="hierarchical-child"
                      xlink:href="FRAN_NP_009727"
                      xlink:type="simple">
            <relationEntry>Cabinet de Patrick Devedjian, ministre chargé de la Mise en œuvre du plan de relance</relationEntry>
            <dateRange>
               <fromDate standardDate="2008-12-05">5 décembre 2008</fromDate>
               <toDate standardDate="2010-11-13">13 novembre 2010</toDate>
            </dateRange>
         </cpfRelation>
         <cpfRelation xmlns:xlink="http://www.w3.org/1999/xlink"
                      cpfRelationType="hierarchical-child"
                      xlink:href="FRAN_NP_009725"
                      xlink:type="simple">
            <relationEntry>Cabinet de Laurent Wauquiez, secrétaire d'État auprès du Premier ministre, porte-parole du Gouvernement</relationEntry>
            <dateRange>
               <fromDate standardDate="2007-06-19">19 juin 2007</fromDate>
               <toDate standardDate="2008-03-18">18 mars 2008</toDate>
            </dateRange>
         </cpfRelation>
         <cpfRelation xmlns:xlink="http://www.w3.org/1999/xlink"
                      cpfRelationType="hierarchical-child"
                      xlink:href="FRAN_NP_009663"
                      xlink:type="simple">
            <relationEntry>Cabinet de Françoise Giroud, secrétaire d'État auprès du Premier ministre (Condition féminine)</relationEntry>
            <dateRange>
               <fromDate standardDate="1974-07-16">16 juillet 1974</fromDate>
               <toDate standardDate="1976-08-25">25 août 1976</toDate>
            </dateRange>
         </cpfRelation>
         <cpfRelation xmlns:xlink="http://www.w3.org/1999/xlink"
                      cpfRelationType="hierarchical-child"
                      xlink:href="FRAN_NP_004977"
                      xlink:type="simple">
            <relationEntry>Cabinet de Monique Pelletier, ministre délégué chargé de la Famille et de la Condition féminine</relationEntry>
            <dateRange>
               <fromDate standardDate="1978-09-11">11 septembre 1978</fromDate>
               <toDate standardDate="1981-03-04">4 mars 1981</toDate>
            </dateRange>
         </cpfRelation>
         <cpfRelation xmlns:xlink="http://www.w3.org/1999/xlink"
                      cpfRelationType="hierarchical-child"
                      xlink:href="FRAN_NP_009605"
                      xlink:type="simple">
            <relationEntry>Cabinet d'Haroun Tazieff, secrétaire d'État chargé de la Prévention des risques naturels et technologiques majeurs</relationEntry>
            <dateRange>
               <fromDate standardDate="1984-07-23">23 juillet 1984</fromDate>
               <toDate standardDate="1986-03-20">20 mars 1986</toDate>
            </dateRange>
         </cpfRelation>
         <cpfRelation xmlns:xlink="http://www.w3.org/1999/xlink"
                      cpfRelationType="hierarchical-child"
                      xlink:href="FRAN_NP_009726"
                      xlink:type="simple">
            <relationEntry>Cabinet de Christian Blanc, secrétaire d'État chargé du Développement de la région capitale</relationEntry>
            <dateRange>
               <fromDate standardDate="2009-06-23">23 juin 2009</fromDate>
               <toDate standardDate="2010-07-04">4 juillet 2010</toDate>
            </dateRange>
         </cpfRelation>
         <cpfRelation xmlns:xlink="http://www.w3.org/1999/xlink"
                      cpfRelationType="hierarchical-child"
                      xlink:href="FRAN_NP_009724"
                      xlink:type="simple">
            <relationEntry>Cabinet de Nathalie Kosciusko-Morizet, secrétaire d'État chargée de la Prospective et du Développement de l'économie numérique</relationEntry>
            <dateRange>
               <fromDate standardDate="2009-01-15">15 janvier 2009</fromDate>
               <toDate standardDate="2010-11-13">13 novembre 2010</toDate>
            </dateRange>
         </cpfRelation>
         <cpfRelation xmlns:xlink="http://www.w3.org/1999/xlink"
                      cpfRelationType="hierarchical-child"
                      xlink:href="FRAN_NP_009989"
                      xlink:type="simple">
            <relationEntry>Cabinet de Martin Hirsch, haut commissaire aux solidarités actives contre la pauvreté, haut-commissaire à la jeunesse</relationEntry>
            <dateRange>
               <fromDate standardDate="2007-05-18">18 mai 2007</fromDate>
               <toDate standardDate="2010-03-22">22 mars 2010</toDate>
            </dateRange>
         </cpfRelation>
         <cpfRelation xmlns:xlink="http://www.w3.org/1999/xlink"
                      cpfRelationType="hierarchical-child"
                      xlink:href="FRAN_NP_000123"
                      xlink:type="simple">
            <relationEntry>Cabinet de Jean-François Deniau, ministre délégué chargé des Réformes administratives</relationEntry>
            <dateRange>
               <fromDate standardDate="1980-10-02">2 octobre 1980</fromDate>
               <toDate standardDate="1981-03-04">4 mars 1981</toDate>
            </dateRange>
         </cpfRelation>
         <cpfRelation xmlns:xlink="http://www.w3.org/1999/xlink"
                      cpfRelationType="hierarchical-child"
                      xlink:href="FRAN_NP_000354"
                      xlink:type="simple">
            <relationEntry>Cabinet de Pascal Clément, ministre délégué aux Relations avec l'Assemblée nationale</relationEntry>
            <dateRange>
               <fromDate standardDate="1993-03-30">30 mars 1993</fromDate>
               <toDate standardDate="1995-05-11">11 mai 1995</toDate>
            </dateRange>
         </cpfRelation>
         <cpfRelation xmlns:xlink="http://www.w3.org/1999/xlink"
                      cpfRelationType="hierarchical-child"
                      xlink:href="FRAN_NP_000356"
                      xlink:type="simple">
            <relationEntry>Cabinet de Lionel Stoléru, secrétaire d'État chargé du Plan</relationEntry>
            <dateRange>
               <fromDate standardDate="1988-05-13">13 mai 1988</fromDate>
               <toDate standardDate="1991-05-15">15 mai 1991</toDate>
            </dateRange>
         </cpfRelation>
         <cpfRelation xmlns:xlink="http://www.w3.org/1999/xlink"
                      cpfRelationType="hierarchical-child"
                      xlink:href="FRAN_NP_000358"
                      xlink:type="simple">
            <relationEntry>Cabinet de Camille Cabana, ministre délégué chargé des Rapatriés et de la Réforme administrative</relationEntry>
            <dateRange>
               <fromDate standardDate="1986-08-19">19 août 1986</fromDate>
               <toDate standardDate="1988-05-10">10 mai 1988</toDate>
            </dateRange>
         </cpfRelation>
         <cpfRelation xmlns:xlink="http://www.w3.org/1999/xlink"
                      cpfRelationType="hierarchical-child"
                      xlink:href="FRAN_NP_000362"
                      xlink:type="simple">
            <relationEntry>Cabinet de Roger Romani, ministre délégué aux Relations avec le Sénat, chargé des Rapatriés</relationEntry>
            <dateRange>
               <fromDate standardDate="1993-03-30">30 mars 1993</fromDate>
               <toDate standardDate="1995-05-11">11 mai 1995</toDate>
            </dateRange>
         </cpfRelation>
         <cpfRelation xmlns:xlink="http://www.w3.org/1999/xlink"
                      cpfRelationType="hierarchical-child"
                      xlink:href="FRAN_NP_000382"
                      xlink:type="simple">
            <relationEntry>Cabinet de Xavier Emmanuelli, secrétaire d'État à l'Action humanitaire d'urgence</relationEntry>
            <dateRange>
               <fromDate standardDate="1995-05-18">18 mai 1995</fromDate>
               <toDate standardDate="1997-06-02">2 juin 1997</toDate>
            </dateRange>
         </cpfRelation>
         <cpfRelation xmlns:xlink="http://www.w3.org/1999/xlink"
                      cpfRelationType="hierarchical-parent"
                      xlink:href="FRAN_NP_000002"
                      xlink:type="simple">
            <relationEntry>Premier ministre</relationEntry>
            <dateRange>
               <fromDate standardDate="1959-01-08">8 janvier 1959</fromDate>
               <toDate/>
            </dateRange>
         </cpfRelation>
         <resourceRelation xmlns:xlink="http://www.w3.org/1999/xlink"
                           resourceRelationType="subjectOf"
                           xlink:href="FRAN_IR_008210"
                           xlink:type="simple">
            <relationEntry localType="archival">Premier ministre ; Ministres et Secrétaires d'Etat délégués (1984-1986)</relationEntry>
         </resourceRelation>
         <resourceRelation xmlns:xlink="http://www.w3.org/1999/xlink"
                           resourceRelationType="subjectOf"
                           xlink:href="FRAN_IR_022483"
                           xlink:type="simple">
            <relationEntry localType="archival">Premier ministre ; Ministres et secrétaires d'Etat délégués (1981-1984)</relationEntry>
         </resourceRelation>
      </relations>
   </cpfDescription>
</eac-cpf>
