<eac-cpf xmlns="urn:isbn:1-931666-33-4"
         xmlns:xsi="http://www.w3.org/2001/XMLSchema-instance"
         xsi:schemaLocation="urn:isbn:1-931666-33-4 cpf.xsd">
   <control>
      <recordId>FRAN_NP_000442</recordId>
      <otherRecordId localType="Ancien_identifiant">2103/C3</otherRecordId>
      <maintenanceStatus>derived</maintenanceStatus>
      <maintenanceAgency>
         <agencyName>Archives nationales de France</agencyName>
      </maintenanceAgency>
      <languageDeclaration>
         <language languageCode="fre">Français</language>
         <script scriptCode="Latn"/>
      </languageDeclaration>
      <conventionDeclaration>
         <citation>Notice établie conformément à la norme ICA-ISAAR (CPF) 2004, aux normes ISO 8601 pour le système de normalisation des dates utilisé, ainsi que AFNOR NF Z 44-061, juin 1986. Catalogage : forme et structure des vedettes noms de personne, des vedettes titres, des rubriques de classement et des titres forgés.</citation>
      </conventionDeclaration>
      <localControl localType="niveau_de_detail">
         <term>Moyenne</term>
      </localControl>
      <maintenanceHistory>
         <maintenanceEvent>
            <eventType>derived</eventType>
            <eventDateTime>2013-04-23</eventDateTime>
            <agentType>machine</agentType>
            <agent>Import_SIA</agent>
         </maintenanceEvent>
      </maintenanceHistory>
   </control>
   <cpfDescription>
      <identity>
         <entityType>corporateBody</entityType>
         <nameEntry localType="autorisée" scriptCode="Latn" xml:lang="fre">
            <part>Bureau du droit processuel et du droit social (direction des affaires civiles et du sceau)</part>
         </nameEntry>
         <nameEntry>
            <part>Bureau de la procédure, du droit public et du droit social</part>
         </nameEntry>
         <nameEntry>
            <part>Bureau de la procédure, du droit public et social</part>
            <useDates>
               <dateRange>
                  <fromDate standardDate="1994-01-01">1994</fromDate>
                  <toDate standardDate="1996-12-31">1996</toDate>
               </dateRange>
            </useDates>
         </nameEntry>
         <nameEntry>
            <part>Bureau de la procédure et du droit public et social</part>
            <useDates>
               <dateRange>
                  <fromDate standardDate="1964-01-01">1964</fromDate>
                  <toDate standardDate="1994-12-31">1994</toDate>
               </dateRange>
            </useDates>
         </nameEntry>
      </identity>
      <description>
         <existDates>
            <dateRange>
               <fromDate standardDate="1964-01-01">1964</fromDate>
            </dateRange>
         </existDates>
         <legalStatuses>
            <legalStatus>
               <term vocabularySource="d5blonaxbw--1mt8t42bokzts">service d'administration centrale</term>
            </legalStatus>
         </legalStatuses>
      </description>
      <relations>
         <cpfRelation xmlns:xlink="http://www.w3.org/1999/xlink"
                      cpfRelationType="hierarchical-parent"
                      xlink:href="FRAN_NP_000446"
                      xlink:type="simple">
            <relationEntry>Sous-direction du droit civil (direction des affaires civiles et du sceau)</relationEntry>
            <dateRange>
               <fromDate standardDate="1994-01-01">1994</fromDate>
               <toDate/>
            </dateRange>
         </cpfRelation>
         <resourceRelation xmlns:xlink="http://www.w3.org/1999/xlink"
                           resourceRelationType="subjectOf"
                           xlink:href="FRAN_IR_009552"
                           xlink:type="simple">
            <relationEntry localType="archival">Justice ; Direction des affaires civiles et du sceau ; Sous-direction du droit civil ; Bureau de la procédure et du droit public ; Bureau de la procédure, du droit public et du droit social - Bureau du droit processuel et du droit social (1964-1990)</relationEntry>
         </resourceRelation>
         <resourceRelation xmlns:xlink="http://www.w3.org/1999/xlink"
                           resourceRelationType="subjectOf"
                           xlink:href="FRAN_IR_023894"
                           xlink:type="simple">
            <relationEntry localType="archival">Justice ; Direction des affaires civiles et du sceau ; Sous-direction du droit civil ; Bureau de la procédure et du droit public ; Bureau de la procédure, du droit public et du droit social - Bureau du droit processuel et du droit social (1945-2002)</relationEntry>
         </resourceRelation>
         <resourceRelation xmlns:xlink="http://www.w3.org/1999/xlink"
                           resourceRelationType="subjectOf"
                           xlink:href="FRAN_IR_008885"
                           xlink:type="simple">
            <relationEntry localType="archival">Justice ; Direction des affaires civiles et du sceau ; Sous-direction du droit civil ; Bureau de la procédure et du droit public - Bureau de la procédure, du droit public et du droit social - Bureau du droit processuel et du droit social (1913-1982)</relationEntry>
         </resourceRelation>
         <resourceRelation xmlns:xlink="http://www.w3.org/1999/xlink"
                           resourceRelationType="subjectOf"
                           xlink:href="FRAN_IR_009869"
                           xlink:type="simple">
            <relationEntry localType="archival">Justice ; Direction des affaires civiles et du sceau ; Sous-direction du droit civil ; Bureau de la procédure et du droit public - Bureau de la procédure, du droit public et du droit social - Bureau du droit processuel et du droit social (1921-1981)</relationEntry>
         </resourceRelation>
         <resourceRelation xmlns:xlink="http://www.w3.org/1999/xlink"
                           resourceRelationType="subjectOf"
                           xlink:href="FRAN_IR_010108"
                           xlink:type="simple">
            <relationEntry localType="archival">Justice ; Direction des affaires civiles et du sceau ; Sous-direction du droit civil ; Bureau de la procédure et du droit public - Bureau de la procédure, du droit public et du droit social - Bureau du droit processuel et du droit social (1943-1999)</relationEntry>
         </resourceRelation>
         <resourceRelation xmlns:xlink="http://www.w3.org/1999/xlink"
                           resourceRelationType="subjectOf"
                           xlink:href="FRAN_IR_016126"
                           xlink:type="simple">
            <relationEntry localType="archival">Justice ; Direction des affaires civiles et du sceau ; Sous-direction du droit civil ; Bureau de la procédure et du droit public - Bureau de la procédure, du droit public et du droit social - Bureau du droit processuel et du droit social (1906-1996)</relationEntry>
         </resourceRelation>
         <resourceRelation xmlns:xlink="http://www.w3.org/1999/xlink"
                           resourceRelationType="subjectOf"
                           xlink:href="FRAN_IR_019374"
                           xlink:type="simple">
            <relationEntry localType="archival">Justice ; Direction des affaires civiles et du sceau ; Sous-direction du droit civil ; Bureau de la procédure et du droit public - Bureau de la procédure, du droit public et du droit social - Bureau du droit processuel et du droit social (1990-1990)</relationEntry>
         </resourceRelation>
         <resourceRelation xmlns:xlink="http://www.w3.org/1999/xlink"
                           resourceRelationType="subjectOf"
                           xlink:href="FRAN_IR_019434"
                           xlink:type="simple">
            <relationEntry localType="archival">Justice ; Direction des affaires civiles et du sceau ; Sous-direction du droit civil ; Bureau de la procédure et du droit public - Bureau de la procédure, du droit public et du droit social - Bureau du droit processuel et du droit social (1919-2000)</relationEntry>
         </resourceRelation>
         <resourceRelation xmlns:xlink="http://www.w3.org/1999/xlink"
                           resourceRelationType="subjectOf"
                           xlink:href="FRAN_IR_024009"
                           xlink:type="simple">
            <relationEntry localType="archival">Justice ; Direction des affaires civiles et du sceau ; Sous-direction du droit civil ; Bureau de la procédure et du droit public - Bureau de la procédure, du droit public et du droit social - Bureau du droit processuel et du droit social (1965-2000)</relationEntry>
         </resourceRelation>
         <resourceRelation xmlns:xlink="http://www.w3.org/1999/xlink"
                           resourceRelationType="creatorOf"
                           xlink:href="FRAN_IR_055445"
                           xlink:type="simple">
            <relationEntry localType="archival">bureau du droit processuel et du droit social dossiers de principe (1947-2004)</relationEntry>
         </resourceRelation>
      </relations>
   </cpfDescription>
</eac-cpf>
