<eac-cpf xmlns="urn:isbn:1-931666-33-4"
         xmlns:xsi="http://www.w3.org/2001/XMLSchema-instance"
         xsi:schemaLocation="urn:isbn:1-931666-33-4 cpf.xsd">
   <control>
      <recordId>FRAN_NP_000227</recordId>
      <otherRecordId localType="Ancien_identifiant">1207/C</otherRecordId>
      <maintenanceStatus>derived</maintenanceStatus>
      <maintenanceAgency>
         <agencyName>Archives nationales de France</agencyName>
      </maintenanceAgency>
      <languageDeclaration>
         <language languageCode="fre">Français</language>
         <script scriptCode="Latn"/>
      </languageDeclaration>
      <conventionDeclaration>
         <citation>Notice établie conformément à la norme ICA-ISAAR (CPF) 2004, aux normes ISO 8601 pour le système de normalisation des dates utilisé, ainsi que AFNOR NF Z 44-061, juin 1986. Catalogage : forme et structure des vedettes noms de personne, des vedettes titres, des rubriques de classement et des titres forgés.</citation>
      </conventionDeclaration>
      <localControl localType="niveau_de_detail">
         <term>Moyenne</term>
      </localControl>
      <maintenanceHistory>
         <maintenanceEvent>
            <eventType>derived</eventType>
            <eventDateTime>2013-04-23</eventDateTime>
            <agentType>machine</agentType>
            <agent>Import_SIA</agent>
         </maintenanceEvent>
      </maintenanceHistory>
   </control>
   <cpfDescription>
      <identity>
         <entityType>corporateBody</entityType>
         <nameEntry scriptCode="Latn" localType="autorisée" xml:lang="fre">
            <part>Secrétariat général du Comité interministériel pour les questions de coopération économique européenne, questions relatives aux Communautés européennes</part>
         </nameEntry>
      </identity>
      <description>
         <existDates>
            <dateRange>
               <fromDate standardDate="1950-01-01">1950</fromDate>
               <toDate standardDate="2005-12-31">2005</toDate>
            </dateRange>
         </existDates>
         <legalStatuses>
            <legalStatus>
               <term vocabularySource="d5blonaxbw--1mt8t42bokzts">service d'administration centrale</term>
            </legalStatus>
         </legalStatuses>
      </description>
      <relations>
         <cpfRelation xmlns:xlink="http://www.w3.org/1999/xlink"
                      cpfRelationType="hierarchical-child"
                      xlink:href="FRAN_NP_000226"
                      xlink:type="simple">
            <relationEntry>Secrétariat général du Comité interministériel pour les questions de coopération économique européenne, recherche, Euratom, entraves techniques et produits de base</relationEntry>
            <dateRange>
               <fromDate standardDate="1964-01-01">1964</fromDate>
               <toDate standardDate="2005-12-31">2005</toDate>
            </dateRange>
         </cpfRelation>
         <cpfRelation xmlns:xlink="http://www.w3.org/1999/xlink"
                      cpfRelationType="hierarchical-child"
                      xlink:href="FRAN_NP_000224"
                      xlink:type="simple">
            <relationEntry>Secrétariat général du Comité interministériel pour les questions de coopération économique européenne, questions financières, monétaires et économiques, budgétaires et fiscales et administration interne des Communautés</relationEntry>
            <dateRange>
               <fromDate standardDate="1959-01-01">1959</fromDate>
               <toDate standardDate="1973-12-31">1973</toDate>
            </dateRange>
         </cpfRelation>
         <cpfRelation xmlns:xlink="http://www.w3.org/1999/xlink"
                      cpfRelationType="hierarchical-child"
                      xlink:href="FRAN_NP_000225"
                      xlink:type="simple">
            <relationEntry>Secrétariat général du Comité interministériel pour les questions de coopération économique européenne, union douanière, politique commerciale, GATT, relations avec les pays tiers développes et les pays de l'Est</relationEntry>
            <dateRange>
               <fromDate standardDate="1950-01-01">1950</fromDate>
               <toDate standardDate="1979-12-31">1979</toDate>
            </dateRange>
         </cpfRelation>
         <cpfRelation xmlns:xlink="http://www.w3.org/1999/xlink"
                      cpfRelationType="hierarchical-parent"
                      xlink:href="FRAN_NP_000230"
                      xlink:type="simple">
            <relationEntry>Secrétariat général du Comité interministériel pour les questions de coopération économique européenne</relationEntry>
            <dateRange>
               <fromDate standardDate="1950-01-01">1950</fromDate>
               <toDate standardDate="2005-12-31">2005</toDate>
            </dateRange>
         </cpfRelation>
      </relations>
   </cpfDescription>
</eac-cpf>
