<eac-cpf xmlns="urn:isbn:1-931666-33-4"
         xmlns:xsi="http://www.w3.org/2001/XMLSchema-instance"
         xsi:schemaLocation="urn:isbn:1-931666-33-4 cpf.xsd">
   <control>
      <recordId>FRAN_NP_000180</recordId>
      <otherRecordId localType="Ancien_identifiant">1202/STA</otherRecordId>
      <maintenanceStatus>revised</maintenanceStatus>
      <maintenanceAgency>
         <agencyName>Archives nationales de France</agencyName>
      </maintenanceAgency>
      <languageDeclaration>
         <language languageCode="fre">Français</language>
         <script scriptCode="Latn"/>
      </languageDeclaration>
      <conventionDeclaration>
         <citation>Notice établie conformément à la norme ICA-ISAAR (CPF) 2004, aux normes ISO 8601 pour le système de normalisation des dates utilisé, ainsi que AFNOR NF Z 44-061, juin 1986. Catalogage : forme et structure des vedettes noms de personne, des vedettes titres, des rubriques de classement et des titres forgés.</citation>
      </conventionDeclaration>
      <localControl localType="niveau_de_detail">
         <term>Moyenne</term>
      </localControl>
      <maintenanceHistory>
         <maintenanceEvent>
            <eventType>derived</eventType>
            <eventDateTime>2013-04-23</eventDateTime>
            <agentType>machine</agentType>
            <agent>Import_SIA</agent>
         </maintenanceEvent>
         <maintenanceEvent>
            <eventType>revised</eventType>
            <eventDateTime>2013-08-06</eventDateTime>
            <agentType>human</agentType>
            <agent>Blandine WAGNER</agent>
            <eventDescription>Anciens identifiants : 1202/STA, 1202/FP9</eventDescription>
         </maintenanceEvent>
      </maintenanceHistory>
   </control>
   <cpfDescription>
      <identity>
         <entityType>corporateBody</entityType>
         <nameEntry localType="autorisée" scriptCode="Latn" xml:lang="fre">
            <part>Bureau des statistiques, des études et de l'évaluation (direction générale de l'administration et de la fonction publique)</part>
         </nameEntry>
         <nameEntry>
            <part>Bureau B3</part>
            <useDates>
               <dateRange>
                  <fromDate standardDate="2007-01-01">2007</fromDate>
                  <toDate standardDate="2012-12-31">2012</toDate>
               </dateRange>
            </useDates>
         </nameEntry>
         <nameEntry>
            <part>Bureau FP9</part>
            <useDates>
               <dateRange>
                  <fromDate standardDate="1990-01-01">1990</fromDate>
                  <toDate standardDate="2007-12-31">2007</toDate>
               </dateRange>
            </useDates>
         </nameEntry>
         <nameEntry>
            <part>Bureau des statistiques</part>
            <useDates>
               <dateRange>
                  <fromDate standardDate="1982-01-01">1982</fromDate>
                  <toDate standardDate="1990-12-31">1990</toDate>
               </dateRange>
            </useDates>
         </nameEntry>
      </identity>
      <description>
         <existDates>
            <dateRange>
               <fromDate standardDate="1982-01-01">1982</fromDate>
               <toDate standardDate="2012-12-31">2012</toDate>
            </dateRange>
         </existDates>
         <legalStatuses>
            <legalStatus>
               <term vocabularySource="d5blonaxbw--1mt8t42bokzts">service d'administration centrale</term>
            </legalStatus>
         </legalStatuses>
      </description>
      <relations>
         <cpfRelation xmlns:xlink="http://www.w3.org/1999/xlink"
                      cpfRelationType="hierarchical-parent"
                      xlink:href="FRAN_NP_000372"
                      xlink:type="simple">
            <relationEntry>Sous-direction de l'information et de la légistique (direction générale de l'administration et de la fonction publique)</relationEntry>
            <dateRange>
               <fromDate standardDate="2007-01-16">16 janvier 2007</fromDate>
               <toDate standardDate="2012-12-31">2012</toDate>
            </dateRange>
         </cpfRelation>
         <resourceRelation xmlns:xlink="http://www.w3.org/1999/xlink"
                           resourceRelationType="subjectOf"
                           xlink:href="FRAN_IR_014086"
                           xlink:type="simple">
            <relationEntry localType="archival">Premier ministre ; Direction générale de l'administration et de la Fonction publique ; Bureau statistiques (1948-1982)</relationEntry>
         </resourceRelation>
         <resourceRelation xmlns:xlink="http://www.w3.org/1999/xlink"
                           resourceRelationType="subjectOf"
                           xlink:href="FRAN_IR_014412"
                           xlink:type="simple">
            <relationEntry localType="archival">Premier ministre ; Direction générale de l'administration et de la Fonction publique ; Bureau statistiques (1948-1969)</relationEntry>
         </resourceRelation>
         <resourceRelation xmlns:xlink="http://www.w3.org/1999/xlink"
                           resourceRelationType="subjectOf"
                           xlink:href="FRAN_IR_022735"
                           xlink:type="simple">
            <relationEntry localType="archival">Premier ministre ; Direction générale de l'administration et de la Fonction publique ; Bureau Statistiques (1974-1989)</relationEntry>
         </resourceRelation>
      </relations>
   </cpfDescription>
</eac-cpf>
