<eac-cpf xmlns="urn:isbn:1-931666-33-4"
         xmlns:xsi="http://www.w3.org/2001/XMLSchema-instance"
         xsi:schemaLocation="urn:isbn:1-931666-33-4 cpf.xsd">
   <control>
      <recordId>FRAN_NP_000076</recordId>
      <otherRecordId localType="Ancien_identifiant">1401/CSCDG</otherRecordId>
      <maintenanceStatus>derived</maintenanceStatus>
      <maintenanceAgency>
         <agencyName>Archives nationales de France</agencyName>
      </maintenanceAgency>
      <languageDeclaration>
         <language languageCode="fre">Français</language>
         <script scriptCode="Latn"/>
      </languageDeclaration>
      <conventionDeclaration>
         <citation>Notice établie conformément à la norme ICA-ISAAR (CPF) 2004, aux normes ISO 8601 pour le système de normalisation des dates utilisé, ainsi que AFNOR NF Z 44-061, juin 1986. Catalogage : forme et structure des vedettes noms de personne, des vedettes titres, des rubriques de classement et des titres forgés.</citation>
      </conventionDeclaration>
      <localControl localType="niveau_de_detail">
         <term>Élémentaire</term>
      </localControl>
      <maintenanceHistory>
         <maintenanceEvent>
            <eventType>derived</eventType>
            <eventDateTime>2015-09-30</eventDateTime>
            <agentType>machine</agentType>
            <agent>Import_SIA</agent>
         </maintenanceEvent>
      </maintenanceHistory>
   </control>
   <cpfDescription>
      <identity>
         <entityType>corporateBody</entityType>
         <nameEntry localType="autorisée" scriptCode="Latn" xml:lang="fre">
            <part>Commission supérieure de cassation des dommages de guerre</part>
         </nameEntry>
      </identity>
      <description>
         <existDates>
            <dateRange>
               <fromDate standardDate="1946-01-01">1946</fromDate>
               <toDate standardDate="1963-12-31">1963</toDate>
            </dateRange>
         </existDates>
         <legalStatuses>
            <legalStatus>
               <term vocabularySource="d5bloo2lv1--65p8cc56ah9l">juridiction</term>
            </legalStatus>
         </legalStatuses>
      </description>
      <relations>
         <cpfRelation xmlns:xlink="http://www.w3.org/1999/xlink"
                      cpfRelationType="temporal-later"
                      xlink:href="FRAN_NP_000080"
                      xlink:type="simple">
            <relationEntry>Conseil d'État</relationEntry>
            <dateRange>
               <fromDate standardDate="1963-01-01">1963</fromDate>
            </dateRange>
         </cpfRelation>
         <resourceRelation xmlns:xlink="http://www.w3.org/1999/xlink"
                           resourceRelationType="creatorOf"
                           xlink:href="FRAN_IR_012364"
                           xlink:type="simple">
            <relationEntry localType="archival">Archives de la Commission supérieure de cassation des dommages de guerre. Dossiers
     de procédure (1948-1963).</relationEntry>
         </resourceRelation>
         <resourceRelation xmlns:xlink="http://www.w3.org/1999/xlink"
                           resourceRelationType="creatorOf"
                           xlink:href="FRAN_IR_019921"
                           xlink:type="simple">
            <relationEntry localType="archival">Archives de la Commission supérieure de cassation des dommages de guerre
     (1947-1963)</relationEntry>
         </resourceRelation>
         <resourceRelation xmlns:xlink="http://www.w3.org/1999/xlink"
                           resourceRelationType="creatorOf"
                           xlink:href="FRAN_IR_055105"
                           xlink:type="simple">
            <relationEntry localType="archival">Archives de la Commission supérieure de cassation des dommages de guerre. Procès-verbaux des séances (1953-1956).</relationEntry>
         </resourceRelation>
         <resourceRelation xmlns:xlink="http://www.w3.org/1999/xlink"
                           resourceRelationType="creatorOf"
                           xlink:href="FRAN_IR_055106"
                           xlink:type="simple">
            <relationEntry localType="archival">Archives de la Commission supérieure de cassation des dommages de guerre. Procès-verbaux des séances (1953-1956).</relationEntry>
         </resourceRelation>
         <resourceRelation xmlns:xlink="http://www.w3.org/1999/xlink"
                           resourceRelationType="creatorOf"
                           xlink:href="FRAN_IR_055155"
                           xlink:type="simple">
            <relationEntry localType="archival">Archives de la Commission supérieure de cassation des dommages de guerre. Procès-verbaux des séances (1953-1956).</relationEntry>
         </resourceRelation>
      </relations>
   </cpfDescription>
</eac-cpf>
