<eac-cpf xmlns="urn:isbn:1-931666-33-4"
         xmlns:xsi="http://www.w3.org/2001/XMLSchema-instance"
         xsi:schemaLocation="urn:isbn:1-931666-33-4 cpf.xsd">
   <control>
      <recordId>FRAN_NP_000094</recordId>
      <otherRecordId localType="Ancien_identifiant">1404</otherRecordId>
      <maintenanceStatus>derived</maintenanceStatus>
      <maintenanceAgency>
         <agencyName>Archives nationales de France</agencyName>
      </maintenanceAgency>
      <languageDeclaration>
         <language languageCode="fre">Français</language>
         <script scriptCode="Latn"/>
      </languageDeclaration>
      <conventionDeclaration>
         <citation>Notice établie conformément à la norme ICA-ISAAR (CPF) 2004, aux normes ISO 8601 pour le système de normalisation des dates utilisé, ainsi que AFNOR NF Z 44-061, juin 1986. Catalogage : forme et structure des vedettes noms de personne, des vedettes titres, des rubriques de classement et des titres forgés.</citation>
      </conventionDeclaration>
      <localControl localType="niveau_de_detail">
         <term>Élémentaire</term>
      </localControl>
      <maintenanceHistory>
         <maintenanceEvent>
            <eventType>derived</eventType>
            <eventDateTime>2013-04-23</eventDateTime>
            <agentType>machine</agentType>
            <agent>Import_SIA</agent>
         </maintenanceEvent>
      </maintenanceHistory>
   </control>
   <cpfDescription>
      <identity>
         <entityType>corporateBody</entityType>
         <nameEntry localType="autorisée" scriptCode="Latn" xml:lang="fre">
            <part>Conseil économique, social et environnemental</part>
         </nameEntry>
         <nameEntry>
            <part>Conseil économique et social</part>
            <useDates>
               <dateRange>
                  <fromDate standardDate="1958-01-01">1958</fromDate>
                  <toDate standardDate="2008-12-31">2008</toDate>
               </dateRange>
            </useDates>
         </nameEntry>
         <nameEntry>
            <part>Conseil économique</part>
            <useDates>
               <dateRange>
                  <fromDate standardDate="1946-01-01">1946</fromDate>
                  <toDate standardDate="1958-12-31">1958</toDate>
               </dateRange>
            </useDates>
         </nameEntry>
      </identity>
      <description>
         <existDates>
            <dateRange>
               <fromDate standardDate="1946-01-01">1946</fromDate>
            </dateRange>
         </existDates>
         <legalStatuses>
            <legalStatus>
               <term vocabularySource="d5bloo28po-1bei6cefdzkj">autorité indépendante</term>
            </legalStatus>
         </legalStatuses>
      </description>
      <relations>
         <cpfRelation xmlns:xlink="http://www.w3.org/1999/xlink"
                      cpfRelationType="associative"
                      xlink:href="FRAN_NP_051000"
                      xlink:type="simple">
            <relationEntry>Sauvy, Alfred (1898-1990)</relationEntry>
            <dateRange>
               <fromDate standardDate="1947-01-01">1947</fromDate>
               <toDate standardDate="1974-12-31">1974</toDate>
            </dateRange>
            <descriptiveNote>
               <p>
     A. Sauvy, membre du Conseil économique et social de 1947 à 1974
    </p>
            </descriptiveNote>
         </cpfRelation>
         <cpfRelation xmlns:xlink="http://www.w3.org/1999/xlink"
                      cpfRelationType="associative"
                      xlink:href="FRAN_NP_050993"
                      xlink:type="simple">
            <relationEntry>Pasqua, Charles (1927-....)</relationEntry>
            <dateRange>
               <fromDate standardDate="1965-01-01">1965</fromDate>
               <toDate standardDate="1966-12-31">1966</toDate>
            </dateRange>
            <descriptiveNote>
               <p>
     Ch. Pasqua, membre du Conseil économique et social, section de la recherche technique et de l'information économique (1965-1966)
    </p>
            </descriptiveNote>
         </cpfRelation>
         <cpfRelation xmlns:xlink="http://www.w3.org/1999/xlink"
                      cpfRelationType="associative"
                      xlink:href="FRAN_NP_051281"
                      xlink:type="simple">
            <relationEntry>Uri, Pierre (1911-1992)</relationEntry>
            <dateRange>
               <fromDate standardDate="1974-01-01">1974</fromDate>
               <toDate standardDate="1992-07-21">21 juillet 1992</toDate>
            </dateRange>
            <descriptiveNote>
               <p>
     Pierre Uri, membre du Conseil économique et social
    </p>
            </descriptiveNote>
         </cpfRelation>
         <cpfRelation xmlns:xlink="http://www.w3.org/1999/xlink"
                      cpfRelationType="associative"
                      xlink:href="FRAN_NP_051435"
                      xlink:type="simple">
            <relationEntry>Kayser, Jacques (1900-1963)</relationEntry>
            <dateRange>
               <fromDate standardDate="1946-01-01">1946</fromDate>
               <toDate standardDate="1963-01-15">15 janvier 1963</toDate>
            </dateRange>
            <descriptiveNote>
               <p>
     J. Kayeser, membre du Conseil économique et social
    </p>
            </descriptiveNote>
         </cpfRelation>
         <cpfRelation xmlns:xlink="http://www.w3.org/1999/xlink"
                      cpfRelationType="associative"
                      xlink:href="FRAN_NP_050836"
                      xlink:type="simple">
            <relationEntry>Jaujard, Jacques (1895-1967)</relationEntry>
            <dateRange>
               <fromDate standardDate="1964-09-01">septembre 1964</fromDate>
               <toDate standardDate="1967-06-21">21 juin 1967</toDate>
            </dateRange>
            <descriptiveNote>
               <p>
     J. Jaujard, membre du Conseil économique et social / @isMemberOf@
    </p>
            </descriptiveNote>
         </cpfRelation>
         <cpfRelation xmlns:xlink="http://www.w3.org/1999/xlink"
                      cpfRelationType="associative"
                      xlink:href="FRAN_NP_050163"
                      xlink:type="simple">
            <relationEntry>Creton, Michel (1942-....)</relationEntry>
            <dateRange>
               <fromDate standardDate="1990-01-01">1990</fromDate>
               <toDate standardDate="1999-12-31">1999</toDate>
            </dateRange>
         </cpfRelation>
         <resourceRelation xmlns:xlink="http://www.w3.org/1999/xlink"
                           resourceRelationType="subjectOf"
                           xlink:href="FRAN_IR_022227"
                           xlink:type="simple">
            <relationEntry localType="archival">Grands Corps de l’État ; Conseil économique et social (1978-1979)</relationEntry>
         </resourceRelation>
         <resourceRelation xmlns:xlink="http://www.w3.org/1999/xlink"
                           resourceRelationType="creatorOf"
                           xlink:href="FRAN_IR_019989"
                           xlink:type="simple">
            <relationEntry localType="archival">Archives du Conseil économique et social. Service archives et distribution : avis,
     rapports et études (1998-2004)</relationEntry>
         </resourceRelation>
         <resourceRelation xmlns:xlink="http://www.w3.org/1999/xlink"
                           resourceRelationType="creatorOf"
                           xlink:href="FRAN_IR_056855"
                           xlink:type="simple">
            <relationEntry localType="archival">Fonds Raymond Février (1946-2010)</relationEntry>
         </resourceRelation>
         <resourceRelation xmlns:xlink="http://www.w3.org/1999/xlink"
                           resourceRelationType="creatorOf"
                           xlink:href="FRAN_IR_013534"
                           xlink:type="simple">
            <relationEntry localType="archival">Archives du Conseil économique et social. Service archives et distribution : avis,
     rapports et études (1988-1997)</relationEntry>
         </resourceRelation>
         <resourceRelation xmlns:xlink="http://www.w3.org/1999/xlink"
                           resourceRelationType="creatorOf"
                           xlink:href="FRAN_IR_057383"
                           xlink:type="simple">
            <relationEntry localType="archival">Archives du Conseil économique et social. Sections : dossiers d’élaboration des avis, rapports et études (1984-1991)</relationEntry>
         </resourceRelation>
         <resourceRelation xmlns:xlink="http://www.w3.org/1999/xlink"
                           resourceRelationType="creatorOf"
                           xlink:href="FRAN_IR_009409"
                           xlink:type="simple">
            <relationEntry localType="archival">Archives du Conseil économique et social. Service archives et distribution : avis,
          rapports et études (1976-1987)</relationEntry>
         </resourceRelation>
         <resourceRelation xmlns:xlink="http://www.w3.org/1999/xlink"
                           resourceRelationType="creatorOf"
                           xlink:href="FRAN_IR_057453"
                           xlink:type="simple">
            <relationEntry localType="archival">Archives du Conseil économique et social. Service archives et distribution : rapports et études (1959-1976)</relationEntry>
         </resourceRelation>
         <resourceRelation xmlns:xlink="http://www.w3.org/1999/xlink"
                           resourceRelationType="creatorOf"
                           xlink:href="FRAN_IR_057479"
                           xlink:type="simple">
            <relationEntry localType="archival">Archives du Conseil économique et social. Section du Travail et de l'Emploi (1999-2010)</relationEntry>
         </resourceRelation>
         <resourceRelation xmlns:xlink="http://www.w3.org/1999/xlink"
                           resourceRelationType="creatorOf"
                           xlink:href="FRAN_IR_057490"
                           xlink:type="simple">
            <relationEntry localType="archival">Archives du Conseil économique et social. Séances du bureau (1959-1990)</relationEntry>
         </resourceRelation>
         <resourceRelation xmlns:xlink="http://www.w3.org/1999/xlink"
                           resourceRelationType="creatorOf"
                           xlink:href="FRAN_IR_057491"
                           xlink:type="simple">
            <relationEntry localType="archival">Archives du Conseil économique et social. Séances plénières (1959-1992)</relationEntry>
         </resourceRelation>
         <resourceRelation xmlns:xlink="http://www.w3.org/1999/xlink"
                           resourceRelationType="creatorOf"
                           xlink:href="FRAN_IR_057492"
                           xlink:type="simple">
            <relationEntry localType="archival">Archives du Conseil économique et social. Secrétariat général et services rattachés : correspondance au départ (1960-1990)</relationEntry>
         </resourceRelation>
         <resourceRelation xmlns:xlink="http://www.w3.org/1999/xlink"
                           resourceRelationType="creatorOf"
                           xlink:href="FRAN_IR_057462"
                           xlink:type="simple">
            <relationEntry localType="archival">Archives du Conseil économique et social. Service Archives et distribution et service Presse (1959-2010)</relationEntry>
         </resourceRelation>
         <resourceRelation xmlns:xlink="http://www.w3.org/1999/xlink"
                           resourceRelationType="creatorOf"
                           xlink:href="FRAN_IR_057548"
                           xlink:type="simple">
            <relationEntry localType="archival">Archives du Conseil économique et social. Relations avec les autres conseils économiques et sociaux et institutions similaires (1989-2006)</relationEntry>
         </resourceRelation>
         <resourceRelation xmlns:xlink="http://www.w3.org/1999/xlink"
                           resourceRelationType="creatorOf"
                           xlink:href="FRAN_IR_057493"
                           xlink:type="simple">
            <relationEntry localType="archival">Archives du Conseil économique et social. Présidence et secrétariat général (1947-2008)</relationEntry>
         </resourceRelation>
         <resourceRelation xmlns:xlink="http://www.w3.org/1999/xlink"
                           resourceRelationType="creatorOf"
                           xlink:href="FRAN_IR_057494"
                           xlink:type="simple">
            <relationEntry localType="archival">Archives du Conseil économique et social. Sections et commissions (1952-2003)</relationEntry>
         </resourceRelation>
         <resourceRelation xmlns:xlink="http://www.w3.org/1999/xlink"
                           resourceRelationType="creatorOf"
                           xlink:href="FRAN_IR_057478"
                           xlink:type="simple">
            <relationEntry localType="archival">Archives du Conseil économique et social. Relations extérieures (1954-2013)</relationEntry>
         </resourceRelation>
      </relations>
   </cpfDescription>
</eac-cpf>
