<eac-cpf xmlns="urn:isbn:1-931666-33-4"
         xmlns:xsi="http://www.w3.org/2001/XMLSchema-instance"
         xsi:schemaLocation="urn:isbn:1-931666-33-4 cpf.xsd">
   <control>
      <recordId>FRAN_NP_000050</recordId>
      <otherRecordId localType="Ancien_identifiant">8180</otherRecordId>
      <maintenanceStatus>derived</maintenanceStatus>
      <maintenanceAgency>
         <agencyName>Archives nationales de France</agencyName>
      </maintenanceAgency>
      <languageDeclaration>
         <language languageCode="fre">Français</language>
         <script scriptCode="Latn"/>
      </languageDeclaration>
      <conventionDeclaration>
         <citation>Notice établie conformément à la norme ICA-ISAAR (CPF) 2004, aux normes ISO 8601 pour le système de normalisation des dates utilisé, ainsi que AFNOR NF Z 44-061, juin 1986. Catalogage : forme et structure des vedettes noms de personne, des vedettes titres, des rubriques de classement et des titres forgés.</citation>
      </conventionDeclaration>
      <localControl localType="niveau_de_detail">
         <term>Moyenne</term>
      </localControl>
      <maintenanceHistory>
         <maintenanceEvent>
            <eventType>derived</eventType>
            <eventDateTime>2015-12-08</eventDateTime>
            <agentType>machine</agentType>
            <agent>Import_SIA</agent>
         </maintenanceEvent>
      </maintenanceHistory>
   </control>
   <cpfDescription>
      <identity>
         <entityType>corporateBody</entityType>
         <nameEntry localType="autorisée" scriptCode="Latn" xml:lang="fre">
            <part>Délégation interministérielle à l'aménagement du territoire et à l'attractivité régionale</part>
         </nameEntry>
         <nameEntry>
            <part>DATAR</part>
            <useDates>
               <dateRange>
                  <fromDate standardDate="2009-01-01">2009</fromDate>
                  <toDate/>
               </dateRange>
            </useDates>
         </nameEntry>
         <nameEntry>
            <part>Délégation interministérielle à l'aménagement et à la compétitivité des territoires (DIACT)</part>
            <useDates>
               <dateRange>
                  <fromDate standardDate="2006-01-01">2006</fromDate>
                  <toDate standardDate="2009-12-31">2009</toDate>
               </dateRange>
            </useDates>
         </nameEntry>
         <nameEntry>
            <part>Délégation à l'aménagement du territoire et à l'action régionale (DATAR)</part>
            <useDates>
               <dateRange>
                  <fromDate standardDate="1963-01-01">1963</fromDate>
                  <toDate standardDate="2005-12-31">2005</toDate>
               </dateRange>
            </useDates>
         </nameEntry>
      </identity>
      <description>
         <existDates>
            <dateRange>
               <fromDate standardDate="1963-01-01">1963</fromDate>
            </dateRange>
         </existDates>
         <legalStatuses>
            <legalStatus>
               <term vocabularySource="d5blonaxbw--1mt8t42bokzts">service d'administration centrale</term>
            </legalStatus>
         </legalStatuses>
      </description>
      <relations>
         <cpfRelation xmlns:xlink="http://www.w3.org/1999/xlink"
                      cpfRelationType="hierarchical-parent"
                      xlink:href="FRAN_NP_000002"
                      xlink:type="simple">
            <relationEntry>Premier ministre</relationEntry>
            <dateRange>
               <fromDate standardDate="1963-01-01">1963</fromDate>
               <toDate/>
            </dateRange>
         </cpfRelation>
         <cpfRelation xmlns:xlink="http://www.w3.org/1999/xlink"
                      cpfRelationType="associative"
                      xlink:href="FRAN_NP_000282"
                      xlink:type="simple">
            <relationEntry>Commissariat général du Plan</relationEntry>
            <dateRange>
               <fromDate standardDate="1963-01-01">1963</fromDate>
               <toDate standardDate="2005-12-31">2005</toDate>
            </dateRange>
         </cpfRelation>
         <cpfRelation xmlns:xlink="http://www.w3.org/1999/xlink"
                      cpfRelationType="hierarchical-child"
                      xlink:href="FRAN_NP_006644"
                      xlink:type="simple">
            <relationEntry>Groupe interministériel pour la restructuration des zones minières</relationEntry>
            <dateRange>
               <fromDate standardDate="1972-01-01">1972</fromDate>
               <toDate standardDate="1994-12-31">1994</toDate>
            </dateRange>
         </cpfRelation>
         <cpfRelation xmlns:xlink="http://www.w3.org/1999/xlink"
                      cpfRelationType="hierarchical-child"
                      xlink:href="FRAN_NP_006642"
                      xlink:type="simple">
            <relationEntry>Délégation à l'aménagement du territoire et à l'action régionale, équipe Urbanisme et infrastructures</relationEntry>
            <dateRange>
               <fromDate standardDate="1976-01-01">1976</fromDate>
            </dateRange>
         </cpfRelation>
         <cpfRelation xmlns:xlink="http://www.w3.org/1999/xlink"
                      cpfRelationType="hierarchical-child"
                      xlink:href="FRAN_NP_006647"
                      xlink:type="simple">
            <relationEntry>Mission interministérielle pour l'aménagement du plateau de Valbonne</relationEntry>
            <dateRange>
               <fromDate standardDate="1972-01-01">1972</fromDate>
               <toDate standardDate="1983-12-31">1983</toDate>
            </dateRange>
         </cpfRelation>
         <cpfRelation xmlns:xlink="http://www.w3.org/1999/xlink"
                      cpfRelationType="hierarchical-child"
                      xlink:href="FRAN_NP_006645"
                      xlink:type="simple">
            <relationEntry>Mission interministérielle pour l'aménagement et l'équipement de la Corse</relationEntry>
            <dateRange>
               <fromDate standardDate="1966-01-01">1966</fromDate>
               <toDate standardDate="1983-12-31">1983</toDate>
            </dateRange>
         </cpfRelation>
         <cpfRelation xmlns:xlink="http://www.w3.org/1999/xlink"
                      cpfRelationType="associative"
                      xlink:href="FRAN_NP_006626"
                      xlink:type="simple">
            <relationEntry>Comité interministériel d'aménagement et de développement du territoire</relationEntry>
            <dateRange>
               <fromDate standardDate="1963-01-01">1963</fromDate>
            </dateRange>
         </cpfRelation>
         <cpfRelation xmlns:xlink="http://www.w3.org/1999/xlink"
                      cpfRelationType="hierarchical-child"
                      xlink:href="FRAN_NP_006624"
                      xlink:type="simple">
            <relationEntry>Cabinet du délégué interministériel à l'aménagement du territoire</relationEntry>
            <dateRange>
               <fromDate standardDate="1963-01-01">1963</fromDate>
            </dateRange>
         </cpfRelation>
         <cpfRelation xmlns:xlink="http://www.w3.org/1999/xlink"
                      cpfRelationType="hierarchical-child"
                      xlink:href="FRAN_NP_006628"
                      xlink:type="simple">
            <relationEntry>Délégation à l'aménagement du territoire et à l'action régionale, accueil et information des entreprises</relationEntry>
            <dateRange>
               <fromDate standardDate="1976-01-01">1976</fromDate>
            </dateRange>
         </cpfRelation>
         <cpfRelation xmlns:xlink="http://www.w3.org/1999/xlink"
                      cpfRelationType="hierarchical-child"
                      xlink:href="FRAN_NP_006637"
                      xlink:type="simple">
            <relationEntry>Délégation à l'aménagement du territoire et à l'action régionale, localisation et développement des activités industrielles et tertiaires</relationEntry>
            <dateRange>
               <fromDate standardDate="1982-01-01">1982</fromDate>
            </dateRange>
         </cpfRelation>
         <cpfRelation xmlns:xlink="http://www.w3.org/1999/xlink"
                      cpfRelationType="hierarchical-child"
                      xlink:href="FRAN_NP_006639"
                      xlink:type="simple">
            <relationEntry>Directeur et services rattachés (délégation interministérielle à l'aménagement du territoire et à l'attractivité régionale)</relationEntry>
            <dateRange>
               <fromDate standardDate="1986-01-01">1986</fromDate>
            </dateRange>
         </cpfRelation>
         <cpfRelation xmlns:xlink="http://www.w3.org/1999/xlink"
                      cpfRelationType="hierarchical-child"
                      xlink:href="FRAN_NP_006630"
                      xlink:type="simple">
            <relationEntry>Bureau du courrier (délégation interministérielle à l'aménagement du territoire et à l'attractivité régionale)</relationEntry>
            <dateRange>
               <fromDate standardDate="1976-01-01">1976</fromDate>
            </dateRange>
         </cpfRelation>
         <cpfRelation xmlns:xlink="http://www.w3.org/1999/xlink"
                      cpfRelationType="hierarchical-child"
                      xlink:href="FRAN_NP_006632"
                      xlink:type="simple">
            <relationEntry>Délégation à l'aménagement du territoire et à l'action régionale, espaces sensibles</relationEntry>
            <dateRange>
               <fromDate standardDate="1976-01-01">1976</fromDate>
            </dateRange>
         </cpfRelation>
         <cpfRelation xmlns:xlink="http://www.w3.org/1999/xlink"
                      cpfRelationType="temporal-later"
                      xlink:href="FRAN_NP_050806"
                      xlink:type="simple">
            <relationEntry>Commissariat général à l'égalité des territoires</relationEntry>
            <dateRange>
               <fromDate standardDate="2014-03-31">31 mars 2014</fromDate>
            </dateRange>
         </cpfRelation>
         <cpfRelation xmlns:xlink="http://www.w3.org/1999/xlink"
                      cpfRelationType="associative"
                      xlink:href="FRAN_NP_051813"
                      xlink:type="simple">
            <relationEntry>Camous, Paul (1922-2017)</relationEntry>
            <dateRange>
               <fromDate standardDate="1963-01-01">1963</fromDate>
               <toDate standardDate="1963-12-31">1963</toDate>
            </dateRange>
         </cpfRelation>
         <cpfRelation xmlns:xlink="http://www.w3.org/1999/xlink"
                      cpfRelationType="hierarchical-child"
                      xlink:href="FRAN_NP_006633"
                      xlink:type="simple">
            <relationEntry>Délégation à l'aménagement du territoire et à l'action régionale, affaires européennes et internationales</relationEntry>
            <dateRange>
               <fromDate standardDate="1976-01-01">1976</fromDate>
            </dateRange>
         </cpfRelation>
         <cpfRelation xmlns:xlink="http://www.w3.org/1999/xlink"
                      cpfRelationType="hierarchical-child"
                      xlink:href="FRAN_NP_006638"
                      xlink:type="simple">
            <relationEntry>Délégation à l'aménagement du territoire et à l'action régionale, réseaux et infrastructures</relationEntry>
            <dateRange>
               <fromDate standardDate="1976-01-01">1976</fromDate>
            </dateRange>
         </cpfRelation>
         <cpfRelation xmlns:xlink="http://www.w3.org/1999/xlink"
                      cpfRelationType="hierarchical-child"
                      xlink:href="FRAN_NP_006636"
                      xlink:type="simple">
            <relationEntry>Centre interministériel d'information pour les opérations d'adaptation et de décentralisation industrielles</relationEntry>
            <dateRange>
               <fromDate standardDate="1963-02-14">14 février 1963</fromDate>
            </dateRange>
         </cpfRelation>
         <cpfRelation xmlns:xlink="http://www.w3.org/1999/xlink"
                      cpfRelationType="hierarchical-child"
                      xlink:href="FRAN_NP_006634"
                      xlink:type="simple">
            <relationEntry>Comité de gestion du Fonds interministériel de développement et d'aménagement rural</relationEntry>
            <dateRange>
               <fromDate standardDate="1979-01-01">1979</fromDate>
               <toDate standardDate="1994-12-31">1994</toDate>
            </dateRange>
         </cpfRelation>
         <cpfRelation xmlns:xlink="http://www.w3.org/1999/xlink"
                      cpfRelationType="hierarchical-child"
                      xlink:href="FRAN_NP_006627"
                      xlink:type="simple">
            <relationEntry>Commissaires à l'aménagement, au développement et à la protection des massifs</relationEntry>
            <dateRange>
               <fromDate standardDate="2004-01-01">2004</fromDate>
            </dateRange>
         </cpfRelation>
         <cpfRelation xmlns:xlink="http://www.w3.org/1999/xlink"
                      cpfRelationType="hierarchical-child"
                      xlink:href="FRAN_NP_006629"
                      xlink:type="simple">
            <relationEntry>Chargé de mission (délégation interministérielle à l'aménagement du territoire et à l'attractivité régionale)</relationEntry>
            <dateRange>
               <fromDate standardDate="1976-01-01">1976</fromDate>
            </dateRange>
         </cpfRelation>
         <cpfRelation xmlns:xlink="http://www.w3.org/1999/xlink"
                      cpfRelationType="hierarchical-child"
                      xlink:href="FRAN_NP_006625"
                      xlink:type="simple">
            <relationEntry>Commissariat à l'aménagement du Massif central</relationEntry>
            <dateRange>
               <fromDate standardDate="1974-01-01">1974</fromDate>
            </dateRange>
         </cpfRelation>
         <cpfRelation xmlns:xlink="http://www.w3.org/1999/xlink"
                      cpfRelationType="hierarchical-child"
                      xlink:href="FRAN_NP_006646"
                      xlink:type="simple">
            <relationEntry>Mission interministérielle pour la protection et l'aménagement de l'espace naturel méditerranéen</relationEntry>
            <dateRange>
               <fromDate standardDate="1972-01-01">1972</fromDate>
               <toDate standardDate="1985-12-31">1985</toDate>
            </dateRange>
         </cpfRelation>
         <cpfRelation xmlns:xlink="http://www.w3.org/1999/xlink"
                      cpfRelationType="hierarchical-child"
                      xlink:href="FRAN_NP_006648"
                      xlink:type="simple">
            <relationEntry>Délégation à l'aménagement du territoire et à l'action régionale, politique territoriale et développement durable</relationEntry>
            <dateRange>
               <fromDate standardDate="1976-01-01">1976</fromDate>
            </dateRange>
         </cpfRelation>
         <cpfRelation xmlns:xlink="http://www.w3.org/1999/xlink"
                      cpfRelationType="hierarchical-child"
                      xlink:href="FRAN_NP_006640"
                      xlink:type="simple">
            <relationEntry>Délégation à l'aménagement du territoire et à l'action régionale, développement économique et attractivité</relationEntry>
            <dateRange>
               <fromDate standardDate="1976-01-01">1976</fromDate>
            </dateRange>
         </cpfRelation>
         <cpfRelation xmlns:xlink="http://www.w3.org/1999/xlink"
                      cpfRelationType="hierarchical-child"
                      xlink:href="FRAN_NP_006641"
                      xlink:type="simple">
            <relationEntry>Délégation à l'aménagement du territoire et à l'action régionale, équipe Prospective</relationEntry>
            <dateRange>
               <fromDate standardDate="1976-01-01">1976</fromDate>
            </dateRange>
         </cpfRelation>
         <cpfRelation xmlns:xlink="http://www.w3.org/1999/xlink"
                      cpfRelationType="hierarchical-child"
                      xlink:href="FRAN_NP_006643"
                      xlink:type="simple">
            <relationEntry>Service de documentation (délégation interministérielle à l'aménagement du territoire et à l'attractivité régionale)</relationEntry>
            <dateRange>
               <fromDate standardDate="1976-01-01">1976</fromDate>
            </dateRange>
         </cpfRelation>
         <cpfRelation xmlns:xlink="http://www.w3.org/1999/xlink"
                      cpfRelationType="temporal-earlier"
                      xlink:href="FRAN_NP_006349"
                      xlink:type="simple">
            <relationEntry>Direction de l'aménagement du territoire</relationEntry>
            <dateRange>
               <fromDate standardDate="1963-01-01">1963</fromDate>
            </dateRange>
         </cpfRelation>
         <cpfRelation xmlns:xlink="http://www.w3.org/1999/xlink"
                      cpfRelationType="temporal-earlier"
                      xlink:href="FRAN_NP_007056"
                      xlink:type="simple">
            <relationEntry>Mission interministérielle sur les mutations économiques</relationEntry>
            <dateRange>
               <fromDate standardDate="2006-01-01">2006</fromDate>
            </dateRange>
         </cpfRelation>
         <resourceRelation xmlns:xlink="http://www.w3.org/1999/xlink"
                           resourceRelationType="subjectOf"
                           xlink:href="FRAN_IR_007377"
                           xlink:type="simple">
            <relationEntry localType="archival">Premier ministre ; Délégation à l'aménagement du territoire et à l'action régionale (DATAR) - Délégation interministérielle à l'aménagement et à la compétitivité du territoire (DIACT) (1960-1983)</relationEntry>
         </resourceRelation>
         <resourceRelation xmlns:xlink="http://www.w3.org/1999/xlink"
                           resourceRelationType="subjectOf"
                           xlink:href="FRAN_IR_008026"
                           xlink:type="simple">
            <relationEntry localType="archival">Premier ministre ; Délégation à l'aménagement du territoire et à l'action régionale (DATAR) - Délégation interministérielle à l'aménagement et à la compétitivité du territoire (DIACT) (1976-1988)</relationEntry>
         </resourceRelation>
         <resourceRelation xmlns:xlink="http://www.w3.org/1999/xlink"
                           resourceRelationType="subjectOf"
                           xlink:href="FRAN_IR_007622"
                           xlink:type="simple">
            <relationEntry localType="archival">Premier ministre ; Délégation à l'aménagement du territoire et à l'action régionale (DATAR) - Délégation interministérielle à l'aménagement et à la compétitivité du territoire (DIACT) (1970-1978)</relationEntry>
         </resourceRelation>
         <resourceRelation xmlns:xlink="http://www.w3.org/1999/xlink"
                           resourceRelationType="subjectOf"
                           xlink:href="FRAN_IR_007829"
                           xlink:type="simple">
            <relationEntry localType="archival">Premier ministre ; Délégation à l'aménagement du territoire et à l'action régionale (DATAR) - Délégation interministérielle à l'aménagement et à la compétitivité du territoire (DIACT) (1971-1985)</relationEntry>
         </resourceRelation>
         <resourceRelation xmlns:xlink="http://www.w3.org/1999/xlink"
                           resourceRelationType="subjectOf"
                           xlink:href="FRAN_IR_008025"
                           xlink:type="simple">
            <relationEntry localType="archival">Premier ministre ; Délégation à l'aménagement du territoire et à l'action régionale (DATAR) - Délégation interministérielle à l'aménagement et à la compétitivité du territoire (DIACT) (1982-1988)</relationEntry>
         </resourceRelation>
         <resourceRelation xmlns:xlink="http://www.w3.org/1999/xlink"
                           resourceRelationType="subjectOf"
                           xlink:href="FRAN_IR_008871"
                           xlink:type="simple">
            <relationEntry localType="archival">Premier ministre ; Délégation à l'aménagement du territoire et à l'action régionale (DATAR) - Délégation interministérielle à l'aménagement et à la compétitivité du territoire (DIACT) (1974-1991)</relationEntry>
         </resourceRelation>
         <resourceRelation xmlns:xlink="http://www.w3.org/1999/xlink"
                           resourceRelationType="subjectOf"
                           xlink:href="FRAN_IR_009483"
                           xlink:type="simple">
            <relationEntry localType="archival">Premier ministre ; Délégation à l'aménagement du territoire et à l'action régionale (DATAR) - Délégation interministérielle à l'aménagement et à la compétitivité du territoire (DIACT) (1993-1995)</relationEntry>
         </resourceRelation>
         <resourceRelation xmlns:xlink="http://www.w3.org/1999/xlink"
                           resourceRelationType="subjectOf"
                           xlink:href="FRAN_IR_010281"
                           xlink:type="simple">
            <relationEntry localType="archival">Premier ministre ; Délégation à l'aménagement du territoire et à l'action régionale (DATAR) - Délégation interministérielle à l'aménagement et à la compétitivité du territoire (DIACT) (1990-1996)</relationEntry>
         </resourceRelation>
         <resourceRelation xmlns:xlink="http://www.w3.org/1999/xlink"
                           resourceRelationType="subjectOf"
                           xlink:href="FRAN_IR_010405"
                           xlink:type="simple">
            <relationEntry localType="archival">Premier ministre ; Délégation à l'aménagement du territoire et à l'action régionale (DATAR) - Délégation interministérielle à l'aménagement et à la compétitivité du territoire (DIACT) (1986-1993)</relationEntry>
         </resourceRelation>
         <resourceRelation xmlns:xlink="http://www.w3.org/1999/xlink"
                           resourceRelationType="subjectOf"
                           xlink:href="FRAN_IR_010409"
                           xlink:type="simple">
            <relationEntry localType="archival">Premier ministre ; Délégation à l'aménagement du territoire et à l'action régionale (DATAR) - Délégation interministérielle à l'aménagement et à la compétitivité du territoire (DIACT) (1991-1993)</relationEntry>
         </resourceRelation>
         <resourceRelation xmlns:xlink="http://www.w3.org/1999/xlink"
                           resourceRelationType="subjectOf"
                           xlink:href="FRAN_IR_010406"
                           xlink:type="simple">
            <relationEntry localType="archival">Premier ministre ; Délégation à l'aménagement du territoire et à l'action régionale (DATAR) - Délégation interministérielle à l'aménagement et à la compétitivité du territoire (DIACT) (1983-2003)</relationEntry>
         </resourceRelation>
         <resourceRelation xmlns:xlink="http://www.w3.org/1999/xlink"
                           resourceRelationType="subjectOf"
                           xlink:href="FRAN_IR_012830"
                           xlink:type="simple">
            <relationEntry localType="archival">Premier ministre ; Délégation à l'aménagement du territoire et à l'action régionale (DATAR) - Délégation interministérielle à l'aménagement et à la compétitivité du territoire (DIACT) (1972-1984)</relationEntry>
         </resourceRelation>
         <resourceRelation xmlns:xlink="http://www.w3.org/1999/xlink"
                           resourceRelationType="subjectOf"
                           xlink:href="FRAN_IR_013370"
                           xlink:type="simple">
            <relationEntry localType="archival">Premier ministre ; Délégation à l'aménagement du territoire et à l'action régionale (DATAR) - Délégation interministérielle à l'aménagement et à la compétitivité du territoire (DIACT) (1988-1993)</relationEntry>
         </resourceRelation>
         <resourceRelation xmlns:xlink="http://www.w3.org/1999/xlink"
                           resourceRelationType="subjectOf"
                           xlink:href="FRAN_IR_013818"
                           xlink:type="simple">
            <relationEntry localType="archival">Premier ministre ; Délégation à l'aménagement du territoire et à l'action régionale (DATAR) - Délégation interministérielle à l'aménagement et à la compétitivité du territoire (DIACT) (1978-1991)</relationEntry>
         </resourceRelation>
         <resourceRelation xmlns:xlink="http://www.w3.org/1999/xlink"
                           resourceRelationType="subjectOf"
                           xlink:href="FRAN_IR_014054"
                           xlink:type="simple">
            <relationEntry localType="archival">Premier ministre ; Délégation à l'aménagement du territoire et à l'action régionale (DATAR) - Délégation interministérielle à l'aménagement et à la compétitivité du territoire (DIACT) (1961-1983)</relationEntry>
         </resourceRelation>
         <resourceRelation xmlns:xlink="http://www.w3.org/1999/xlink"
                           resourceRelationType="subjectOf"
                           xlink:href="FRAN_IR_014232"
                           xlink:type="simple">
            <relationEntry localType="archival">Premier ministre ; Délégation à l'aménagement du territoire et à l'action régionale (DATAR) - Délégation interministérielle à l'aménagement et à la compétitivité du territoire (DIACT) (1964-1980)</relationEntry>
         </resourceRelation>
         <resourceRelation xmlns:xlink="http://www.w3.org/1999/xlink"
                           resourceRelationType="subjectOf"
                           xlink:href="FRAN_IR_014274"
                           xlink:type="simple">
            <relationEntry localType="archival">Premier ministre ; Délégation à l'aménagement du territoire et à l'action régionale (DATAR) - Délégation interministérielle à l'aménagement et à la compétitivité du territoire (DIACT) (1963-1986)</relationEntry>
         </resourceRelation>
         <resourceRelation xmlns:xlink="http://www.w3.org/1999/xlink"
                           resourceRelationType="subjectOf"
                           xlink:href="FRAN_IR_014343"
                           xlink:type="simple">
            <relationEntry localType="archival">Premier ministre ; Délégation à l'aménagement du territoire et à l'action régionale (DATAR) - Délégation interministérielle à l'aménagement et à la compétitivité du territoire (DIACT) (1963-1973)</relationEntry>
         </resourceRelation>
         <resourceRelation xmlns:xlink="http://www.w3.org/1999/xlink"
                           resourceRelationType="subjectOf"
                           xlink:href="FRAN_IR_014387"
                           xlink:type="simple">
            <relationEntry localType="archival">Premier ministre ; Délégation à l'aménagement du territoire et à l'action régionale (DATAR) - Délégation interministérielle à l'aménagement et à la compétitivité du territoire (DIACT) (1945-1985)</relationEntry>
         </resourceRelation>
         <resourceRelation xmlns:xlink="http://www.w3.org/1999/xlink"
                           resourceRelationType="subjectOf"
                           xlink:href="FRAN_IR_014834"
                           xlink:type="simple">
            <relationEntry localType="archival">Premier ministre ; Délégation à l'aménagement du territoire et à l'action régionale (DATAR) - Délégation interministérielle à l'aménagement et à la compétitivité du territoire (DIACT) (1974-1983)</relationEntry>
         </resourceRelation>
         <resourceRelation xmlns:xlink="http://www.w3.org/1999/xlink"
                           resourceRelationType="subjectOf"
                           xlink:href="FRAN_IR_014890"
                           xlink:type="simple">
            <relationEntry localType="archival">Premier ministre ; Délégation à l'aménagement du territoire et à l'action régionale (DATAR) - Délégation interministérielle à l'aménagement et à la compétitivité du territoire (DIACT) (1963-1983)</relationEntry>
         </resourceRelation>
         <resourceRelation xmlns:xlink="http://www.w3.org/1999/xlink"
                           resourceRelationType="subjectOf"
                           xlink:href="FRAN_IR_015104"
                           xlink:type="simple">
            <relationEntry localType="archival">Premier ministre ; Délégation à l'aménagement du territoire et à l'action régionale (DATAR) - Délégation interministérielle à l'aménagement et à la compétitivité du territoire (DIACT) (1983-1987)</relationEntry>
         </resourceRelation>
         <resourceRelation xmlns:xlink="http://www.w3.org/1999/xlink"
                           resourceRelationType="subjectOf"
                           xlink:href="FRAN_IR_015199"
                           xlink:type="simple">
            <relationEntry localType="archival">Premier ministre ; Délégation à l'aménagement du territoire et à l'action régionale (DATAR) - Délégation interministérielle à l'aménagement et à la compétitivité du territoire (DIACT) (1963-1967)</relationEntry>
         </resourceRelation>
         <resourceRelation xmlns:xlink="http://www.w3.org/1999/xlink"
                           resourceRelationType="subjectOf"
                           xlink:href="FRAN_IR_015402"
                           xlink:type="simple">
            <relationEntry localType="archival">Premier ministre ; Délégation à l'aménagement du territoire et à l'action régionale (DATAR) - Délégation interministérielle à l'aménagement et à la compétitivité du territoire (DIACT) (1990-1991)</relationEntry>
         </resourceRelation>
         <resourceRelation xmlns:xlink="http://www.w3.org/1999/xlink"
                           resourceRelationType="subjectOf"
                           xlink:href="FRAN_IR_015732"
                           xlink:type="simple">
            <relationEntry localType="archival">Premier ministre ; Délégation à l'aménagement du territoire et à l'action régionale (DATAR) - Délégation interministérielle à l'aménagement et à la compétitivité du territoire (DIACT) (1993-1994)</relationEntry>
         </resourceRelation>
         <resourceRelation xmlns:xlink="http://www.w3.org/1999/xlink"
                           resourceRelationType="subjectOf"
                           xlink:href="FRAN_IR_016087"
                           xlink:type="simple">
            <relationEntry localType="archival">Premier ministre ; Délégation à l'aménagement du territoire et à l'action régionale (DATAR) - Délégation interministérielle à l'aménagement et à la compétitivité du territoire (DIACT) (1988-1996)</relationEntry>
         </resourceRelation>
         <resourceRelation xmlns:xlink="http://www.w3.org/1999/xlink"
                           resourceRelationType="subjectOf"
                           xlink:href="FRAN_IR_014833"
                           xlink:type="simple">
            <relationEntry localType="archival">Premier ministre ; Délégation à l'aménagement du territoire et à l'action régionale (DATAR) - Délégation interministérielle à l'aménagement et à la compétitivité du territoire (DIACT) (1982-1987)</relationEntry>
         </resourceRelation>
         <resourceRelation xmlns:xlink="http://www.w3.org/1999/xlink"
                           resourceRelationType="subjectOf"
                           xlink:href="FRAN_IR_015105"
                           xlink:type="simple">
            <relationEntry localType="archival">Premier ministre ; Délégation à l'aménagement du territoire et à l'action régionale (DATAR) - Délégation interministérielle à l'aménagement et à la compétitivité du territoire (DIACT) (1981-1986)</relationEntry>
         </resourceRelation>
         <resourceRelation xmlns:xlink="http://www.w3.org/1999/xlink"
                           resourceRelationType="subjectOf"
                           xlink:href="FRAN_IR_015368"
                           xlink:type="simple">
            <relationEntry localType="archival">Premier ministre ; Délégation à l'aménagement du territoire et à l'action régionale (DATAR) - Délégation interministérielle à l'aménagement et à la compétitivité du territoire (DIACT) (1963-1993)</relationEntry>
         </resourceRelation>
         <resourceRelation xmlns:xlink="http://www.w3.org/1999/xlink"
                           resourceRelationType="subjectOf"
                           xlink:href="FRAN_IR_015515"
                           xlink:type="simple">
            <relationEntry localType="archival">Premier ministre ; Délégation à l'aménagement du territoire et à l'action régionale (DATAR) - Délégation interministérielle à l'aménagement et à la compétitivité du territoire (DIACT) (1989-1993)</relationEntry>
         </resourceRelation>
         <resourceRelation xmlns:xlink="http://www.w3.org/1999/xlink"
                           resourceRelationType="subjectOf"
                           xlink:href="FRAN_IR_018043"
                           xlink:type="simple">
            <relationEntry localType="archival">Premier ministre ; Délégation à l'aménagement du territoire et à l'action régionale (DATAR) - Délégation interministérielle à l'aménagement et à la compétitivité du territoire (DIACT) (1986-1987)</relationEntry>
         </resourceRelation>
         <resourceRelation xmlns:xlink="http://www.w3.org/1999/xlink"
                           resourceRelationType="subjectOf"
                           xlink:href="FRAN_IR_018113"
                           xlink:type="simple">
            <relationEntry localType="archival">Premier ministre ; Délégation à l'aménagement du territoire et à l'action régionale (DATAR) - Délégation interministérielle à l'aménagement et à la compétitivité du territoire (DIACT) (1984-1988)</relationEntry>
         </resourceRelation>
         <resourceRelation xmlns:xlink="http://www.w3.org/1999/xlink"
                           resourceRelationType="subjectOf"
                           xlink:href="FRAN_IR_018125"
                           xlink:type="simple">
            <relationEntry localType="archival">Premier ministre ; Délégation à l'aménagement du territoire et à l'action régionale (DATAR) - Délégation interministérielle à l'aménagement et à la compétitivité du territoire (DIACT) (1963-1981)</relationEntry>
         </resourceRelation>
         <resourceRelation xmlns:xlink="http://www.w3.org/1999/xlink"
                           resourceRelationType="subjectOf"
                           xlink:href="FRAN_IR_018150"
                           xlink:type="simple">
            <relationEntry localType="archival">Premier ministre ; Délégation à l'aménagement du territoire et à l'action régionale (DATAR) - Délégation interministérielle à l'aménagement et à la compétitivité du territoire (DIACT) (1975-1990)</relationEntry>
         </resourceRelation>
         <resourceRelation xmlns:xlink="http://www.w3.org/1999/xlink"
                           resourceRelationType="subjectOf"
                           xlink:href="FRAN_IR_018263"
                           xlink:type="simple">
            <relationEntry localType="archival">Premier ministre ; Délégation à l'aménagement du territoire et à l'action régionale (DATAR) - Délégation interministérielle à l'aménagement et à la compétitivité du territoire (DIACT) (1984-1988)</relationEntry>
         </resourceRelation>
         <resourceRelation xmlns:xlink="http://www.w3.org/1999/xlink"
                           resourceRelationType="subjectOf"
                           xlink:href="FRAN_IR_018294"
                           xlink:type="simple">
            <relationEntry localType="archival">Premier ministre ; Délégation à l'aménagement du territoire et à l'action régionale (DATAR) - Délégation interministérielle à l'aménagement et à la compétitivité du territoire (DIACT) (1983-1990)</relationEntry>
         </resourceRelation>
         <resourceRelation xmlns:xlink="http://www.w3.org/1999/xlink"
                           resourceRelationType="subjectOf"
                           xlink:href="FRAN_IR_019593"
                           xlink:type="simple">
            <relationEntry localType="archival">Premier ministre ; Délégation à l'aménagement du territoire et à l'action régionale (DATAR) - Délégation interministérielle à l'aménagement et à la compétitivité du territoire (DIACT) (1965-1985)</relationEntry>
         </resourceRelation>
         <resourceRelation xmlns:xlink="http://www.w3.org/1999/xlink"
                           resourceRelationType="subjectOf"
                           xlink:href="FRAN_IR_021565"
                           xlink:type="simple">
            <relationEntry localType="archival">Premier ministre ; Délégation à l'aménagement du territoire et à l'action régionale (DATAR) - Délégation interministérielle à l'aménagement et à la compétitivité du territoire (DIACT) (1970-1981)</relationEntry>
         </resourceRelation>
         <resourceRelation xmlns:xlink="http://www.w3.org/1999/xlink"
                           resourceRelationType="subjectOf"
                           xlink:href="FRAN_IR_021739"
                           xlink:type="simple">
            <relationEntry localType="archival">Premier ministre ; Délégation à l'aménagement du territoire et à l'action régionale (DATAR) - Délégation interministérielle à l'aménagement et à la compétitivité du territoire (DIACT) (1981-1984)</relationEntry>
         </resourceRelation>
         <resourceRelation xmlns:xlink="http://www.w3.org/1999/xlink"
                           resourceRelationType="subjectOf"
                           xlink:href="FRAN_IR_021737"
                           xlink:type="simple">
            <relationEntry localType="archival">Premier ministre ; Délégation à l'aménagement du territoire et à l'action régionale (DATAR) - Délégation interministérielle à l'aménagement et à la compétitivité du territoire (DIACT) (1979-1986)</relationEntry>
         </resourceRelation>
         <resourceRelation xmlns:xlink="http://www.w3.org/1999/xlink"
                           resourceRelationType="subjectOf"
                           xlink:href="FRAN_IR_021738"
                           xlink:type="simple">
            <relationEntry localType="archival">Premier ministre ; Délégation à l'aménagement du territoire et à l'action régionale (DATAR) - Délégation interministérielle à l'aménagement et à la compétitivité du territoire (DIACT) (1980-1986)</relationEntry>
         </resourceRelation>
         <resourceRelation xmlns:xlink="http://www.w3.org/1999/xlink"
                           resourceRelationType="subjectOf"
                           xlink:href="FRAN_IR_021812"
                           xlink:type="simple">
            <relationEntry localType="archival">Premier ministre ; Délégation à l'aménagement du territoire et à l'action régionale (DATAR) - Délégation interministérielle à l'aménagement et à la compétitivité du territoire (DIACT) (1981-1987)</relationEntry>
         </resourceRelation>
         <resourceRelation xmlns:xlink="http://www.w3.org/1999/xlink"
                           resourceRelationType="subjectOf"
                           xlink:href="FRAN_IR_021814"
                           xlink:type="simple">
            <relationEntry localType="archival">Premier ministre ; Délégation à l'aménagement du territoire et à l'action régionale (DATAR) - Délégation interministérielle à l'aménagement et à la compétitivité du territoire (DIACT) (1977-1986)</relationEntry>
         </resourceRelation>
         <resourceRelation xmlns:xlink="http://www.w3.org/1999/xlink"
                           resourceRelationType="subjectOf"
                           xlink:href="FRAN_IR_022045"
                           xlink:type="simple">
            <relationEntry localType="archival">Premier ministre ; Délégation à l'aménagement du territoire et à l'action régionale (DATAR) - Délégation interministérielle à l'aménagement et à la compétitivité du territoire (DIACT) (1974-1985)</relationEntry>
         </resourceRelation>
         <resourceRelation xmlns:xlink="http://www.w3.org/1999/xlink"
                           resourceRelationType="subjectOf"
                           xlink:href="FRAN_IR_022098"
                           xlink:type="simple">
            <relationEntry localType="archival">Premier ministre ; Délégation à l'aménagement du territoire et à l'action régionale (DATAR) - Délégation interministérielle à l'aménagement et à la compétitivité du territoire (DIACT) (1978-1985)</relationEntry>
         </resourceRelation>
         <resourceRelation xmlns:xlink="http://www.w3.org/1999/xlink"
                           resourceRelationType="subjectOf"
                           xlink:href="FRAN_IR_022100"
                           xlink:type="simple">
            <relationEntry localType="archival">Premier ministre ; Délégation à l'aménagement du territoire et à l'action régionale (DATAR) - Délégation interministérielle à l'aménagement et à la compétitivité du territoire (DIACT) (1968-1987)</relationEntry>
         </resourceRelation>
         <resourceRelation xmlns:xlink="http://www.w3.org/1999/xlink"
                           resourceRelationType="subjectOf"
                           xlink:href="FRAN_IR_022306"
                           xlink:type="simple">
            <relationEntry localType="archival">Premier ministre ; Délégation à l'aménagement du territoire et à l'action régionale (DATAR) - Délégation interministérielle à l'aménagement et à la compétitivité du territoire (DIACT) (1983-1990)</relationEntry>
         </resourceRelation>
         <resourceRelation xmlns:xlink="http://www.w3.org/1999/xlink"
                           resourceRelationType="subjectOf"
                           xlink:href="FRAN_IR_022492"
                           xlink:type="simple">
            <relationEntry localType="archival">Premier ministre ; Délégation à l'aménagement du territoire et à l'action régionale (DATAR) - Délégation interministérielle à l'aménagement et à la compétitivité du territoire (DIACT) (1971-1989)</relationEntry>
         </resourceRelation>
         <resourceRelation xmlns:xlink="http://www.w3.org/1999/xlink"
                           resourceRelationType="subjectOf"
                           xlink:href="FRAN_IR_022491"
                           xlink:type="simple">
            <relationEntry localType="archival">Premier ministre ; Délégation à l'aménagement du territoire et à l'action régionale (DATAR) - Délégation interministérielle à l'aménagement et à la compétitivité du territoire (DIACT) (1981-1990)</relationEntry>
         </resourceRelation>
         <resourceRelation xmlns:xlink="http://www.w3.org/1999/xlink"
                           resourceRelationType="subjectOf"
                           xlink:href="FRAN_IR_022544"
                           xlink:type="simple">
            <relationEntry localType="archival">Premier ministre ; Délégation à l'aménagement du territoire et à l'action régionale (DATAR) - Délégation interministérielle à l'aménagement et à la compétitivité du territoire (DIACT) (1974-1989)</relationEntry>
         </resourceRelation>
         <resourceRelation xmlns:xlink="http://www.w3.org/1999/xlink"
                           resourceRelationType="subjectOf"
                           xlink:href="FRAN_IR_022602"
                           xlink:type="simple">
            <relationEntry localType="archival">Premier ministre ; Délégation à l'aménagement du territoire et à l'action régionale (DATAR) - Délégation interministérielle à l'aménagement et à la compétitivité du territoire (DIACT) (1987-1991)</relationEntry>
         </resourceRelation>
         <resourceRelation xmlns:xlink="http://www.w3.org/1999/xlink"
                           resourceRelationType="subjectOf"
                           xlink:href="FRAN_IR_022603"
                           xlink:type="simple">
            <relationEntry localType="archival">Premier ministre ; Délégation à l'aménagement du territoire et à l'action régionale (DATAR) - Délégation interministérielle à l'aménagement et à la compétitivité du territoire (DIACT) (1980-1990)</relationEntry>
         </resourceRelation>
         <resourceRelation xmlns:xlink="http://www.w3.org/1999/xlink"
                           resourceRelationType="subjectOf"
                           xlink:href="FRAN_IR_022604"
                           xlink:type="simple">
            <relationEntry localType="archival">Premier ministre ; Délégation à l'aménagement du territoire et à l'action régionale (DATAR) - Délégation interministérielle à l'aménagement et à la compétitivité du territoire (DIACT) (1989-1991)</relationEntry>
         </resourceRelation>
         <resourceRelation xmlns:xlink="http://www.w3.org/1999/xlink"
                           resourceRelationType="subjectOf"
                           xlink:href="FRAN_IR_022700"
                           xlink:type="simple">
            <relationEntry localType="archival">Premier ministre ; Délégation à l'aménagement du territoire et à l'action régionale (DATAR) - Délégation interministérielle à l'aménagement et à la compétitivité du territoire (DIACT) (1968-1989)</relationEntry>
         </resourceRelation>
         <resourceRelation xmlns:xlink="http://www.w3.org/1999/xlink"
                           resourceRelationType="subjectOf"
                           xlink:href="FRAN_IR_023872"
                           xlink:type="simple">
            <relationEntry localType="archival">Premier ministre ; Délégation à l'aménagement du territoire et à l'action régionale (DATAR) - Délégation interministérielle à l'aménagement et à la compétitivité du territoire (DIACT) (1993-1995)</relationEntry>
         </resourceRelation>
         <resourceRelation xmlns:xlink="http://www.w3.org/1999/xlink"
                           resourceRelationType="subjectOf"
                           xlink:href="FRAN_IR_024073"
                           xlink:type="simple">
            <relationEntry localType="archival">Premier ministre ; Délégation à l'aménagement du territoire et à l'action régionale (DATAR) - Délégation interministérielle à l'aménagement et à la compétitivité du territoire (DIACT) (1968-1987)</relationEntry>
         </resourceRelation>
         <resourceRelation xmlns:xlink="http://www.w3.org/1999/xlink"
                           resourceRelationType="subjectOf"
                           xlink:href="FRAN_IR_026054"
                           xlink:type="simple">
            <relationEntry localType="archival">Premier ministre ; Délégation à l'aménagement du territoire et à l'action régionale (DATAR) - Délégation interministérielle à l'aménagement et à la compétitivité du territoire (DIACT) (1965-1987)</relationEntry>
         </resourceRelation>
         <resourceRelation xmlns:xlink="http://www.w3.org/1999/xlink"
                           resourceRelationType="subjectOf"
                           xlink:href="FRAN_IR_026063"
                           xlink:type="simple">
            <relationEntry localType="archival">Premier ministre ; Délégation à l'aménagement du territoire et à l'action régionale (DATAR) - Délégation interministérielle à l'aménagement et à la compétitivité du territoire (DIACT) (1979-1984)</relationEntry>
         </resourceRelation>
         <resourceRelation xmlns:xlink="http://www.w3.org/1999/xlink"
                           resourceRelationType="subjectOf"
                           xlink:href="FRAN_IR_008295"
                           xlink:type="simple">
            <relationEntry localType="archival">Premier ministre ; Délégation à l'aménagement du territoire et à l'action régionale (DATAR) - Délégation interministérielle à l'aménagement et à la compétitivité du territoire (DIACT) (1973-1988)</relationEntry>
         </resourceRelation>
         <resourceRelation xmlns:xlink="http://www.w3.org/1999/xlink"
                           resourceRelationType="subjectOf"
                           xlink:href="FRAN_IR_019345"
                           xlink:type="simple">
            <relationEntry localType="archival">Premier ministre ; Délégation à l'aménagement du territoire et à l'action régionale (DATAR) - Délégation interministérielle à l'aménagement et à la compétitivité du territoire (DIACT) (1989-1997)</relationEntry>
         </resourceRelation>
         <resourceRelation xmlns:xlink="http://www.w3.org/1999/xlink"
                           resourceRelationType="subjectOf"
                           xlink:href="FRAN_IR_019511"
                           xlink:type="simple">
            <relationEntry localType="archival">Premier ministre ; Délégation à l'aménagement du territoire et à l'action régionale (DATAR) - Délégation interministérielle à l'aménagement et à la compétitivité du territoire (DIACT) (1971-1992)</relationEntry>
         </resourceRelation>
         <resourceRelation xmlns:xlink="http://www.w3.org/1999/xlink"
                           resourceRelationType="subjectOf"
                           xlink:href="FRAN_IR_021375"
                           xlink:type="simple">
            <relationEntry localType="archival">Premier ministre ; Délégation à l'aménagement du territoire et à l'action régionale (DATAR) - Délégation interministérielle à l'aménagement et à la compétitivité du territoire (DIACT) (1975-1981)</relationEntry>
         </resourceRelation>
         <resourceRelation xmlns:xlink="http://www.w3.org/1999/xlink"
                           resourceRelationType="subjectOf"
                           xlink:href="FRAN_IR_014233"
                           xlink:type="simple">
            <relationEntry localType="archival">Premier ministre ; Délégation à l'aménagement du territoire et à l'action régionale (DATAR) - Délégation interministérielle à l'aménagement et à la compétitivité du territoire (DIACT) (1969-1982)</relationEntry>
         </resourceRelation>
         <resourceRelation xmlns:xlink="http://www.w3.org/1999/xlink"
                           resourceRelationType="subjectOf"
                           xlink:href="FRAN_IR_019598"
                           xlink:type="simple">
            <relationEntry localType="archival">Premier ministre ; Délégation à l'aménagement du territoire et à l'action régionale (DATAR) - Délégation interministérielle à l'aménagement et à la compétitivité du territoire (DIACT) (2002-2004)</relationEntry>
         </resourceRelation>
         <resourceRelation xmlns:xlink="http://www.w3.org/1999/xlink"
                           resourceRelationType="subjectOf"
                           xlink:href="FRAN_IR_019599"
                           xlink:type="simple">
            <relationEntry localType="archival">Premier ministre ; Délégation à l'aménagement du territoire et à l'action régionale (DATAR) - Délégation interministérielle à l'aménagement et à la compétitivité du territoire (DIACT) (1963-1988)</relationEntry>
         </resourceRelation>
         <resourceRelation xmlns:xlink="http://www.w3.org/1999/xlink"
                           resourceRelationType="subjectOf"
                           xlink:href="FRAN_IR_023659"
                           xlink:type="simple">
            <relationEntry localType="archival">Premier ministre ; Délégation à l'aménagement du territoire et à l'action régionale (DATAR) - Délégation interministérielle à l'aménagement et à la compétitivité du territoire (DIACT) (1995-1997)</relationEntry>
         </resourceRelation>
         <resourceRelation xmlns:xlink="http://www.w3.org/1999/xlink"
                           resourceRelationType="subjectOf"
                           xlink:href="FRAN_IR_023660"
                           xlink:type="simple">
            <relationEntry localType="archival">Premier ministre ; Délégation à l'aménagement du territoire et à l'action régionale (DATAR) - Délégation interministérielle à l'aménagement et à la compétitivité du territoire (DIACT) (1979-1987)</relationEntry>
         </resourceRelation>
         <resourceRelation xmlns:xlink="http://www.w3.org/1999/xlink"
                           resourceRelationType="subjectOf"
                           xlink:href="FRAN_IR_023662"
                           xlink:type="simple">
            <relationEntry localType="archival">Premier ministre ; Délégation à l'aménagement du territoire et à l'action régionale (DATAR) - Délégation interministérielle à l'aménagement et à la compétitivité du territoire (DIACT) (1982-2000)</relationEntry>
         </resourceRelation>
         <resourceRelation xmlns:xlink="http://www.w3.org/1999/xlink"
                           resourceRelationType="subjectOf"
                           xlink:href="FRAN_IR_023661"
                           xlink:type="simple">
            <relationEntry localType="archival">Premier ministre ; Délégation à l'aménagement du territoire et à l'action régionale (DATAR) - Délégation interministérielle à l'aménagement et à la compétitivité du territoire (DIACT) (1994-1997)</relationEntry>
         </resourceRelation>
         <resourceRelation xmlns:xlink="http://www.w3.org/1999/xlink"
                           resourceRelationType="subjectOf"
                           xlink:href="FRAN_IR_023805"
                           xlink:type="simple">
            <relationEntry localType="archival">Premier ministre ; Délégation à l'aménagement du territoire et à l'action régionale (DATAR) - Délégation interministérielle à l'aménagement et à la compétitivité du territoire (DIACT) (1995-1996)</relationEntry>
         </resourceRelation>
         <resourceRelation xmlns:xlink="http://www.w3.org/1999/xlink"
                           resourceRelationType="subjectOf"
                           xlink:href="FRAN_IR_023842"
                           xlink:type="simple">
            <relationEntry localType="archival">Premier ministre ; Délégation à l'aménagement du territoire et à l'action régionale (DATAR) - Délégation interministérielle à l'aménagement et à la compétitivité du territoire (DIACT) (1992-2004)</relationEntry>
         </resourceRelation>
         <resourceRelation xmlns:xlink="http://www.w3.org/1999/xlink"
                           resourceRelationType="subjectOf"
                           xlink:href="FRAN_IR_023843"
                           xlink:type="simple">
            <relationEntry localType="archival">Premier ministre ; Délégation à l'aménagement du territoire et à l'action régionale (DATAR) - Délégation interministérielle à l'aménagement et à la compétitivité du territoire (DIACT) (1987-1997)</relationEntry>
         </resourceRelation>
         <resourceRelation xmlns:xlink="http://www.w3.org/1999/xlink"
                           resourceRelationType="subjectOf"
                           xlink:href="FRAN_IR_023871"
                           xlink:type="simple">
            <relationEntry localType="archival">Premier ministre ; Délégation à l'aménagement du territoire et à l'action régionale (DATAR) - Délégation interministérielle à l'aménagement et à la compétitivité du territoire (DIACT) (1971-1981)</relationEntry>
         </resourceRelation>
         <resourceRelation xmlns:xlink="http://www.w3.org/1999/xlink"
                           resourceRelationType="subjectOf"
                           xlink:href="FRAN_IR_023992"
                           xlink:type="simple">
            <relationEntry localType="archival">Premier ministre ; Délégation à l'aménagement du territoire et à l'action régionale (DATAR) - Délégation interministérielle à l'aménagement et à la compétitivité du territoire (DIACT) (1984-2002)</relationEntry>
         </resourceRelation>
         <resourceRelation xmlns:xlink="http://www.w3.org/1999/xlink"
                           resourceRelationType="subjectOf"
                           xlink:href="FRAN_IR_023993"
                           xlink:type="simple">
            <relationEntry localType="archival">Premier ministre ; Délégation à l'aménagement du territoire et à l'action régionale (DATAR) - Délégation interministérielle à l'aménagement et à la compétitivité du territoire (DIACT) (1983-1992)</relationEntry>
         </resourceRelation>
         <resourceRelation xmlns:xlink="http://www.w3.org/1999/xlink"
                           resourceRelationType="subjectOf"
                           xlink:href="FRAN_IR_023996"
                           xlink:type="simple">
            <relationEntry localType="archival">Premier ministre ; Délégation à l'aménagement du territoire et à l'action régionale (DATAR) - Délégation interministérielle à l'aménagement et à la compétitivité du territoire (DIACT) (1995-2003)</relationEntry>
         </resourceRelation>
         <resourceRelation xmlns:xlink="http://www.w3.org/1999/xlink"
                           resourceRelationType="subjectOf"
                           xlink:href="FRAN_IR_023994"
                           xlink:type="simple">
            <relationEntry localType="archival">Premier ministre ; Délégation à l'aménagement du territoire et à l'action régionale (DATAR) - Délégation interministérielle à l'aménagement et à la compétitivité du territoire (DIACT) (1996-2005)</relationEntry>
         </resourceRelation>
         <resourceRelation xmlns:xlink="http://www.w3.org/1999/xlink"
                           resourceRelationType="subjectOf"
                           xlink:href="FRAN_IR_023997"
                           xlink:type="simple">
            <relationEntry localType="archival">Premier ministre ; Délégation à l'aménagement du territoire et à l'action régionale (DATAR) - Délégation interministérielle à l'aménagement et à la compétitivité du territoire (DIACT) (1975-1996)</relationEntry>
         </resourceRelation>
         <resourceRelation xmlns:xlink="http://www.w3.org/1999/xlink"
                           resourceRelationType="subjectOf"
                           xlink:href="FRAN_IR_026218"
                           xlink:type="simple">
            <relationEntry localType="archival">Premier ministre ; Délégation à l'aménagement du territoire et à l'action régionale (DATAR) - Délégation interministérielle à l'aménagement et à la compétitivité du territoire (DIACT) (1998-2000)</relationEntry>
         </resourceRelation>
         <resourceRelation xmlns:xlink="http://www.w3.org/1999/xlink"
                           resourceRelationType="subjectOf"
                           xlink:href="FRAN_IR_023998"
                           xlink:type="simple">
            <relationEntry localType="archival">Premier ministre ; Délégation à l'aménagement du territoire et à l'action régionale (DATAR) - Délégation interministérielle à l'aménagement et à la compétitivité du territoire (DIACT) (1989-1997)</relationEntry>
         </resourceRelation>
         <resourceRelation xmlns:xlink="http://www.w3.org/1999/xlink"
                           resourceRelationType="subjectOf"
                           xlink:href="FRAN_IR_023995"
                           xlink:type="simple">
            <relationEntry localType="archival">Premier ministre ; Délégation à l'aménagement du territoire et à l'action régionale (DATAR) (1984-2003)</relationEntry>
         </resourceRelation>
         <resourceRelation xmlns:xlink="http://www.w3.org/1999/xlink"
                           resourceRelationType="subjectOf"
                           xlink:href="FRAN_IR_014389"
                           xlink:type="simple">
            <relationEntry localType="archival">Premier ministre ; Délégation à l'aménagement du territoire et à l'action régionale (DATAR) - Délégation interministérielle à l'aménagement et à la compétitivité du territoire (DIACT) (1982-1985)</relationEntry>
         </resourceRelation>
         <resourceRelation xmlns:xlink="http://www.w3.org/1999/xlink"
                           resourceRelationType="subjectOf"
                           xlink:href="FRAN_IR_021302"
                           xlink:type="simple">
            <relationEntry localType="archival">Premier ministre ; Délégation à l'aménagement du territoire et à l'action régionale (DATAR) - Délégation interministérielle à l'aménagement et à la compétitivité du territoire (DIACT) (1974-1981)</relationEntry>
         </resourceRelation>
         <resourceRelation xmlns:xlink="http://www.w3.org/1999/xlink"
                           resourceRelationType="subjectOf"
                           xlink:href="FRAN_IR_010263"
                           xlink:type="simple">
            <relationEntry localType="archival">Premier ministre ; Délégation à l'aménagement du territoire et à l'action régionale (DATAR) - Délégation interministérielle à l'aménagement et à la compétitivité du territoire (DIACT) (1964-1984)</relationEntry>
         </resourceRelation>
         <resourceRelation xmlns:xlink="http://www.w3.org/1999/xlink"
                           resourceRelationType="subjectOf"
                           xlink:href="FRAN_IR_015733"
                           xlink:type="simple">
            <relationEntry localType="archival">Premier ministre ; Délégation à l'aménagement du territoire et à l'action régionale (DATAR) - Délégation interministérielle à l'aménagement et à la compétitivité du territoire (DIACT) (1993-1995)</relationEntry>
         </resourceRelation>
         <resourceRelation xmlns:xlink="http://www.w3.org/1999/xlink"
                           resourceRelationType="subjectOf"
                           xlink:href="FRAN_IR_018111"
                           xlink:type="simple">
            <relationEntry localType="archival">Premier ministre ; Délégation à l'aménagement du territoire et à l'action régionale (DATAR) - Délégation interministérielle à l'aménagement et à la compétitivité du territoire (DIACT) (1984-1986)</relationEntry>
         </resourceRelation>
         <resourceRelation xmlns:xlink="http://www.w3.org/1999/xlink"
                           resourceRelationType="subjectOf"
                           xlink:href="FRAN_IR_023499"
                           xlink:type="simple">
            <relationEntry localType="archival">Premier ministre ; Délégation à l'aménagement du territoire et à l'action régionale (DATAR) - Délégation interministérielle à l'aménagement et à la compétitivité du territoire (DIACT) (1985-1986)</relationEntry>
         </resourceRelation>
         <resourceRelation xmlns:xlink="http://www.w3.org/1999/xlink"
                           resourceRelationType="subjectOf"
                           xlink:href="FRAN_IR_018041"
                           xlink:type="simple">
            <relationEntry localType="archival">Premier ministre ; Délégation à l'aménagement du territoire et à l'action régionale (DATAR) - Délégation interministérielle à l'aménagement et à la compétitivité du territoire (DIACT) (1975-1985)</relationEntry>
         </resourceRelation>
         <resourceRelation xmlns:xlink="http://www.w3.org/1999/xlink"
                           resourceRelationType="creatorOf"
                           xlink:href="FRAN_IR_009223"
                           xlink:type="simple">
            <relationEntry localType="archival">Ministères chargé de l'Environnement. Dossiers relatifs au Comité national de l'eau
     (1965-1980).</relationEntry>
         </resourceRelation>
         <resourceRelation xmlns:xlink="http://www.w3.org/1999/xlink"
                           resourceRelationType="creatorOf"
                           xlink:href="FRAN_IR_009217"
                           xlink:type="simple">
            <relationEntry localType="archival">Ministère chargé de l'Environnement ; Mission de l'environnement rural et urbain.
     Politique des parcs naturels régionaux (1964-1980).</relationEntry>
         </resourceRelation>
      </relations>
   </cpfDescription>
</eac-cpf>
