<eac-cpf xmlns="urn:isbn:1-931666-33-4"
         xmlns:xsi="http://www.w3.org/2001/XMLSchema-instance"
         xsi:schemaLocation="urn:isbn:1-931666-33-4 cpf.xsd">
   <control>
      <recordId>FRAN_NP_000516</recordId>
      <otherRecordId localType="Ancien_identifiant">2105/H4</otherRecordId>
      <maintenanceStatus>derived</maintenanceStatus>
      <maintenanceAgency>
         <agencyName>Archives nationales de France</agencyName>
      </maintenanceAgency>
      <languageDeclaration>
         <language languageCode="fre">Français</language>
         <script scriptCode="Latn"/>
      </languageDeclaration>
      <conventionDeclaration>
         <citation>Notice établie conformément à la norme ICA-ISAAR (CPF) 2004, aux normes ISO 8601 pour le système de normalisation des dates utilisé, ainsi que AFNOR NF Z 44-061, juin 1986. Catalogage : forme et structure des vedettes noms de personne, des vedettes titres, des rubriques de classement et des titres forgés.</citation>
      </conventionDeclaration>
      <localControl localType="niveau_de_detail">
         <term>Moyenne</term>
      </localControl>
      <maintenanceHistory>
         <maintenanceEvent>
            <eventType>derived</eventType>
            <eventDateTime>2013-04-23</eventDateTime>
            <agentType>machine</agentType>
            <agent>Import_SIA</agent>
         </maintenanceEvent>
      </maintenanceHistory>
   </control>
   <cpfDescription>
      <identity>
         <entityType>corporateBody</entityType>
         <nameEntry scriptCode="Latn" localType="autorisée" xml:lang="fre">
            <part>Bureau de la programmation, des équipements et des techniques de sécurité (direction de l'administration pénitentiaire)</part>
         </nameEntry>
      </identity>
      <description>
         <existDates>
            <dateRange>
               <fromDate standardDate="1984-01-01">1984</fromDate>
               <toDate standardDate="1990-12-31">1990</toDate>
            </dateRange>
         </existDates>
         <legalStatuses>
            <legalStatus>
               <term vocabularySource="d5blonaxbw--1mt8t42bokzts">service d'administration centrale</term>
            </legalStatus>
         </legalStatuses>
      </description>
      <relations>
         <cpfRelation xmlns:xlink="http://www.w3.org/1999/xlink"
                      cpfRelationType="hierarchical-parent"
                      xlink:href="FRAN_NP_000517"
                      xlink:type="simple">
            <relationEntry>Sous-direction du personnel et des affaires administratives (direction de l'administration pénitentiaire)</relationEntry>
            <dateRange>
               <fromDate standardDate="1984-01-01">1984</fromDate>
               <toDate standardDate="1990-12-31">1990</toDate>
            </dateRange>
         </cpfRelation>
         <resourceRelation xmlns:xlink="http://www.w3.org/1999/xlink"
                           resourceRelationType="subjectOf"
                           xlink:href="FRAN_IR_013593"
                           xlink:type="simple">
            <relationEntry localType="archival">Justice ; Direction de l'administration pénitentiaire ; Sous-direction du personnel et des affaires administratives ; Bureau de la programmation des équipements et des techniques de sécurité (1985-1991)</relationEntry>
         </resourceRelation>
         <resourceRelation xmlns:xlink="http://www.w3.org/1999/xlink"
                           resourceRelationType="subjectOf"
                           xlink:href="FRAN_IR_016128"
                           xlink:type="simple">
            <relationEntry localType="archival">Justice ; Direction de l'administration pénitentiaire ; Sous-direction du personnel et des affaires administratives ; Bureau de la programmation des équipements et des techniques de sécurité (1967-1993)</relationEntry>
         </resourceRelation>
      </relations>
   </cpfDescription>
</eac-cpf>
