<eac-cpf xmlns="urn:isbn:1-931666-33-4"
         xmlns:xsi="http://www.w3.org/2001/XMLSchema-instance"
         xsi:schemaLocation="urn:isbn:1-931666-33-4 cpf.xsd">
   <control>
      <recordId>FRAN_NP_000070</recordId>
      <otherRecordId localType="Ancien_identifiant">1401/BAJ</otherRecordId>
      <maintenanceStatus>revised</maintenanceStatus>
      <maintenanceAgency>
         <agencyName>Archives nationales de France</agencyName>
      </maintenanceAgency>
      <languageDeclaration>
         <language languageCode="fre">Français</language>
         <script scriptCode="Latn"/>
      </languageDeclaration>
      <conventionDeclaration>
         <citation>Notice établie conformément à la norme ICA-ISAAR (CPF) 2004, aux normes ISO 8601 pour le système de normalisation des dates utilisé, ainsi que AFNOR NF Z 44-061, juin 1986. Catalogage : forme et structure des vedettes noms de personne, des vedettes titres, des rubriques de classement et des titres forgés.</citation>
      </conventionDeclaration>
      <localControl localType="niveau_de_detail">
         <term>Moyenne</term>
      </localControl>
      <maintenanceHistory>
         <maintenanceEvent>
            <eventType>derived</eventType>
            <eventDateTime>2013-04-23</eventDateTime>
            <agentType>machine</agentType>
            <agent>Import_SIA</agent>
         </maintenanceEvent>
         <maintenanceEvent>
            <eventType>revised</eventType>
            <eventDateTime>2015-09-30</eventDateTime>
            <agentType>human</agentType>
            <agent>Florence CLAVAUD</agent>
            <eventDescription>F. Clavaud, 3 juillet 2014 : changé nom, revu liens IR et lien hiérarchique</eventDescription>
         </maintenanceEvent>
      </maintenanceHistory>
   </control>
   <cpfDescription>
      <identity>
         <entityType>corporateBody</entityType>
         <nameEntry localType="autorisée" scriptCode="Latn" xml:lang="fre">
            <part>Conseil d'État (1799-....). Bureau d'aide juridictionnelle</part>
         </nameEntry>
      </identity>
      <description>
         <existDates>
            <dateRange>
               <fromDate standardDate="1976-01-01">1976</fromDate>
            </dateRange>
         </existDates>
         <legalStatuses>
            <legalStatus>
               <term vocabularySource="d5bloo28po-1bei6cefdzkj">autorité indépendante</term>
            </legalStatus>
         </legalStatuses>
      </description>
      <relations>
         <cpfRelation xmlns:xlink="http://www.w3.org/1999/xlink"
                      cpfRelationType="hierarchical-parent"
                      xlink:href="FRAN_NP_000080"
                      xlink:type="simple">
            <relationEntry>Conseil d'État (1799-....)</relationEntry>
            <dateRange>
               <fromDate standardDate="1976-01-01">1976</fromDate>
            </dateRange>
         </cpfRelation>
      </relations>
   </cpfDescription>
</eac-cpf>
