<eac-cpf xmlns="urn:isbn:1-931666-33-4"
         xmlns:xsi="http://www.w3.org/2001/XMLSchema-instance"
         xsi:schemaLocation="urn:isbn:1-931666-33-4 cpf.xsd">
   <control>
      <recordId>FRAN_NP_000009</recordId>
      <otherRecordId localType="Ancien_identifiant">21</otherRecordId>
      <maintenanceStatus>derived</maintenanceStatus>
      <maintenanceAgency>
         <agencyName>Archives nationales de France</agencyName>
      </maintenanceAgency>
      <languageDeclaration>
         <language languageCode="fre">Français</language>
         <script scriptCode="Latn"/>
      </languageDeclaration>
      <conventionDeclaration>
         <citation>Notice établie conformément à la norme ICA-ISAAR (CPF) 2004, aux normes ISO 8601 pour le système de normalisation des dates utilisé, ainsi que AFNOR NF Z 44-061, juin 1986. Catalogage : forme et structure des vedettes noms de personne, des vedettes titres, des rubriques de classement et des titres forgés.</citation>
      </conventionDeclaration>
      <localControl localType="niveau_de_detail">
         <term>Élémentaire</term>
      </localControl>
      <maintenanceHistory>
         <maintenanceEvent>
            <eventType>derived</eventType>
            <eventDateTime>2015-12-04</eventDateTime>
            <agentType>machine</agentType>
            <agent>Import_SIA</agent>
         </maintenanceEvent>
      </maintenanceHistory>
   </control>
   <cpfDescription>
      <identity>
         <entityType>corporateBody</entityType>
         <nameEntry localType="autorisée" scriptCode="Latn" xml:lang="fre">
            <part>Ministère de la Justice</part>
         </nameEntry>
         <nameEntry>
            <part>Ministère de la Justice et des Libertés</part>
            <useDates>
               <dateRange>
                  <fromDate standardDate="2009-06-23">23 juin 2009</fromDate>
                  <toDate standardDate="2012-05-10">10 mai 2012</toDate>
               </dateRange>
            </useDates>
         </nameEntry>
         <nameEntry>
            <part>Ministère de la Justice</part>
            <useDates>
               <dateRange>
                  <fromDate standardDate="1790-11-21">21 novembre 1790</fromDate>
                  <toDate standardDate="2009-06-23">23 juin 2009</toDate>
               </dateRange>
            </useDates>
         </nameEntry>
      </identity>
      <description>
         <existDates>
            <dateRange>
               <fromDate standardDate="1790-11-21">21 novembre 1790</fromDate>
            </dateRange>
         </existDates>
         <legalStatuses>
            <legalStatus>
               <term vocabularySource="d5bloo2gwk-sgl3fc00gzgl">ministère</term>
            </legalStatus>
         </legalStatuses>
      </description>
      <relations>
         <cpfRelation xmlns:xlink="http://www.w3.org/1999/xlink"
                      cpfRelationType="hierarchical-child"
                      xlink:href="FRAN_NP_000390"
                      xlink:type="simple">
            <relationEntry>Cabinets des secrétaires d'État auprès du ministre de la Justice</relationEntry>
            <dateRange>
               <fromDate standardDate="2002-06-17">17 juin 2002</fromDate>
            </dateRange>
         </cpfRelation>
         <cpfRelation xmlns:xlink="http://www.w3.org/1999/xlink"
                      cpfRelationType="hierarchical-child"
                      xlink:href="FRAN_NP_000391"
                      xlink:type="simple">
            <relationEntry>Bureau du cabinet (ministère de la Justice)</relationEntry>
            <dateRange>
               <fromDate standardDate="1964-01-01">1964</fromDate>
            </dateRange>
         </cpfRelation>
         <cpfRelation xmlns:xlink="http://www.w3.org/1999/xlink"
                      cpfRelationType="hierarchical-child"
                      xlink:href="FRAN_NP_000392"
                      xlink:type="simple">
            <relationEntry>Bureau des décorations (ministère de la Justice)</relationEntry>
            <dateRange>
               <fromDate standardDate="1964-01-01">1964</fromDate>
            </dateRange>
         </cpfRelation>
         <cpfRelation xmlns:xlink="http://www.w3.org/1999/xlink"
                      cpfRelationType="hierarchical-child"
                      xlink:href="FRAN_NP_000393"
                      xlink:type="simple">
            <relationEntry>Cabinet du garde des Sceaux, ministre de la Justice</relationEntry>
            <dateRange>
               <fromDate standardDate="1947-01-01">1947</fromDate>
            </dateRange>
         </cpfRelation>
         <cpfRelation xmlns:xlink="http://www.w3.org/1999/xlink"
                      cpfRelationType="hierarchical-child"
                      xlink:href="FRAN_NP_000394"
                      xlink:type="simple">
            <relationEntry>Commission de l'informatique du ministère de la Justice</relationEntry>
            <dateRange>
               <fromDate standardDate="1987-01-01">1987</fromDate>
               <toDate standardDate="1996-12-31">1996</toDate>
            </dateRange>
         </cpfRelation>
         <cpfRelation xmlns:xlink="http://www.w3.org/1999/xlink"
                      cpfRelationType="associative"
                      xlink:href="FRAN_NP_000045"
                      xlink:type="simple">
            <relationEntry>Haut Conseil du commissariat aux comptes</relationEntry>
            <dateRange>
               <fromDate standardDate="2003-01-01">2003</fromDate>
            </dateRange>
         </cpfRelation>
         <cpfRelation xmlns:xlink="http://www.w3.org/1999/xlink"
                      cpfRelationType="associative"
                      xlink:href="FRAN_NP_009908"
                      xlink:type="simple">
            <relationEntry>Auriol, Vincent</relationEntry>
            <dateRange>
               <fromDate standardDate="1937-06-22">22 juin 1937</fromDate>
               <toDate standardDate="1938-01-18">18 janvier 1938</toDate>
            </dateRange>
         </cpfRelation>
         <cpfRelation xmlns:xlink="http://www.w3.org/1999/xlink"
                      cpfRelationType="hierarchical-child"
                      xlink:href="FRAN_NP_000747"
                      xlink:type="simple">
            <relationEntry>École nationale d'administration pénitentiaire</relationEntry>
            <dateRange>
               <fromDate standardDate="1965-01-01">1965</fromDate>
            </dateRange>
         </cpfRelation>
         <cpfRelation xmlns:xlink="http://www.w3.org/1999/xlink"
                      cpfRelationType="associative"
                      xlink:href="FRAN_NP_000749"
                      xlink:type="simple">
            <relationEntry>Mission de recherche Droit et Justice</relationEntry>
            <dateRange>
               <fromDate standardDate="1994-01-01">1994</fromDate>
            </dateRange>
         </cpfRelation>
         <cpfRelation xmlns:xlink="http://www.w3.org/1999/xlink"
                      cpfRelationType="associative"
                      xlink:href="FRAN_NP_000737"
                      xlink:type="simple">
            <relationEntry>Centre de recherches sociologiques sur le droit et les institutions pénales</relationEntry>
            <dateRange>
               <fromDate standardDate="1983-01-01">1983</fromDate>
            </dateRange>
         </cpfRelation>
         <cpfRelation xmlns:xlink="http://www.w3.org/1999/xlink"
                      cpfRelationType="hierarchical-child"
                      xlink:href="FRAN_NP_000735"
                      xlink:type="simple">
            <relationEntry>Commission de l'informatique, des réseaux et de la communication électronique du ministère de la Justice</relationEntry>
            <dateRange>
               <fromDate standardDate="1996-01-01">1996</fromDate>
               <toDate standardDate="2008-12-31">2008</toDate>
            </dateRange>
         </cpfRelation>
         <cpfRelation xmlns:xlink="http://www.w3.org/1999/xlink"
                      cpfRelationType="hierarchical-child"
                      xlink:href="FRAN_NP_000741"
                      xlink:type="simple">
            <relationEntry>Organismes rattachés directement (ministère de la Justice)</relationEntry>
            <dateRange>
               <fromDate standardDate="1976-01-01">1976</fromDate>
            </dateRange>
         </cpfRelation>
         <cpfRelation xmlns:xlink="http://www.w3.org/1999/xlink"
                      cpfRelationType="hierarchical-child"
                      xlink:href="FRAN_NP_000732"
                      xlink:type="simple">
            <relationEntry>Secrétariat général (ministère de la Justice)</relationEntry>
            <dateRange>
               <fromDate standardDate="2005-01-01">2005</fromDate>
            </dateRange>
         </cpfRelation>
         <cpfRelation xmlns:xlink="http://www.w3.org/1999/xlink"
                      cpfRelationType="hierarchical-child"
                      xlink:href="FRAN_NP_000646"
                      xlink:type="simple">
            <relationEntry>Service central de l'information et de la communication (ministère de la Justice)</relationEntry>
            <dateRange>
               <fromDate standardDate="1994-01-01">1994</fromDate>
               <toDate standardDate="2008-12-31">2008</toDate>
            </dateRange>
         </cpfRelation>
         <cpfRelation xmlns:xlink="http://www.w3.org/1999/xlink"
                      cpfRelationType="hierarchical-child"
                      xlink:href="FRAN_NP_000633"
                      xlink:type="simple">
            <relationEntry>Délégation générale au programme pluriannuel d'équipement (ministère de la Justice)</relationEntry>
            <dateRange>
               <fromDate standardDate="1991-01-01">1991</fromDate>
               <toDate standardDate="2001-12-31">2001</toDate>
            </dateRange>
         </cpfRelation>
         <cpfRelation xmlns:xlink="http://www.w3.org/1999/xlink"
                      cpfRelationType="hierarchical-child"
                      xlink:href="FRAN_NP_000432"
                      xlink:type="simple">
            <relationEntry>Inspection générale des services judiciaires</relationEntry>
            <dateRange>
               <fromDate standardDate="1964-01-01">1964</fromDate>
            </dateRange>
         </cpfRelation>
         <cpfRelation xmlns:xlink="http://www.w3.org/1999/xlink"
                      cpfRelationType="hierarchical-child"
                      xlink:href="FRAN_NP_050967"
                      xlink:type="simple">
            <relationEntry>Centre de formation et de recherches de l'Éducation surveillée (1958-1983)</relationEntry>
            <dateRange>
               <fromDate standardDate="1958-01-01">1958</fromDate>
               <toDate standardDate="1983-12-31">1983</toDate>
            </dateRange>
            <descriptiveNote>
               <p>
     Le CFRES est sous la tutelle du ministère de la justice
    </p>
            </descriptiveNote>
         </cpfRelation>
         <cpfRelation xmlns:xlink="http://www.w3.org/1999/xlink"
                      cpfRelationType="associative"
                      xlink:href="FRAN_NP_050926"
                      xlink:type="simple">
            <relationEntry>Marek, Yves (1963-....)</relationEntry>
            <dateRange>
               <fromDate standardDate="1995-11-01">Novembre 1995</fromDate>
               <toDate standardDate="1996-03-31">Mars 1996</toDate>
            </dateRange>
            <descriptiveNote>
               <p>
     Conseiller technique chargé de la francophonie, des industries culturelles et de l'exception culturelle auprès de Jacques Toubon
    </p>
            </descriptiveNote>
         </cpfRelation>
         <cpfRelation xmlns:xlink="http://www.w3.org/1999/xlink"
                      cpfRelationType="associative"
                      xlink:href="FRAN_NP_050187"
                      xlink:type="simple">
            <relationEntry>Pleven, René (1901-1993)</relationEntry>
            <dateRange>
               <fromDate standardDate="1969-01-01">1969</fromDate>
               <toDate standardDate="1973-03-31">mars 1973</toDate>
            </dateRange>
            <descriptiveNote>
               <p>
     René Pleven, ministre de la Justice
    </p>
            </descriptiveNote>
         </cpfRelation>
         <cpfRelation xmlns:xlink="http://www.w3.org/1999/xlink"
                      cpfRelationType="associative"
                      xlink:href="FRAN_NP_050180"
                      xlink:type="simple">
            <relationEntry>Holleaux, André (1921-1997)</relationEntry>
            <dateRange>
               <fromDate standardDate="1959-01-01">1959</fromDate>
               <toDate standardDate="1961-12-31">1961</toDate>
            </dateRange>
            <descriptiveNote>
               <p>
     A. Holleaux, directeur de cabinet d'Edmond Michelet, ministre de la Justice
    </p>
            </descriptiveNote>
         </cpfRelation>
         <cpfRelation xmlns:xlink="http://www.w3.org/1999/xlink"
                      cpfRelationType="hierarchical-child"
                      xlink:href="FRAN_NP_050987"
                      xlink:type="simple">
            <relationEntry>France. Bureau des Émigrés (1792-1805)</relationEntry>
            <dateRange>
               <fromDate standardDate="1799-01-01">1799</fromDate>
               <toDate standardDate="1805-12-31">1805</toDate>
            </dateRange>
         </cpfRelation>
         <cpfRelation xmlns:xlink="http://www.w3.org/1999/xlink"
                      cpfRelationType="associative"
                      xlink:href="FRAN_NP_051410"
                      xlink:type="simple">
            <relationEntry>Chardenet, Pierre (1865-1921)</relationEntry>
            <dateRange>
               <fromDate standardDate="1896-01-01">1896</fromDate>
               <toDate standardDate="1897-12-31">1897</toDate>
            </dateRange>
            <descriptiveNote>
               <p>
     Directeur adjoint, puis directeur du cabinet du garde des Sceaux, ministre de la Justice Jean-Baptiste Darlan.
    </p>
            </descriptiveNote>
         </cpfRelation>
         <cpfRelation xmlns:xlink="http://www.w3.org/1999/xlink"
                      cpfRelationType="associative"
                      xlink:href="FRAN_NP_051340"
                      xlink:type="simple">
            <relationEntry>Rousselet, André (1922-2016)</relationEntry>
            <dateRange>
               <fromDate standardDate="1956-02-01">février 1956</fromDate>
               <toDate standardDate="1958-12-31">1958</toDate>
            </dateRange>
            <descriptiveNote>
               <p>
     A. Rousselet, directeur de cabinet de F. Mitterrand, ministre de la Justice
    </p>
            </descriptiveNote>
         </cpfRelation>
         <cpfRelation xmlns:xlink="http://www.w3.org/1999/xlink"
                      cpfRelationType="associative"
                      xlink:href="FRAN_NP_009941"
                      xlink:type="simple">
            <relationEntry>Veil, Simone (1927-2017)</relationEntry>
            <dateRange>
               <fromDate standardDate="1956-01-01">1956</fromDate>
               <toDate standardDate="1971-12-31">1971</toDate>
            </dateRange>
         </cpfRelation>
         <cpfRelation xmlns:xlink="http://www.w3.org/1999/xlink"
                      cpfRelationType="associative"
                      xlink:href="FRAN_NP_010083"
                      xlink:type="simple">
            <relationEntry>Bayrou, François (1951-....)</relationEntry>
            <dateRange>
               <fromDate standardDate="2017-05-17">17 mai 2017</fromDate>
               <toDate standardDate="2017-06-19">19 juin 2017</toDate>
            </dateRange>
         </cpfRelation>
         <cpfRelation xmlns:xlink="http://www.w3.org/1999/xlink"
                      cpfRelationType="associative"
                      xlink:href="FRAN_NP_051653"
                      xlink:type="simple">
            <relationEntry>Chenot, Bernard (1909-1995)</relationEntry>
            <dateRange>
               <fromDate standardDate="1961-01-01">1961</fromDate>
               <toDate standardDate="1962-12-31">1962</toDate>
            </dateRange>
         </cpfRelation>
         <cpfRelation xmlns:xlink="http://www.w3.org/1999/xlink"
                      cpfRelationType="associative"
                      xlink:href="FRAN_NP_051858"
                      xlink:type="simple">
            <relationEntry>Girod de l'Ain, Amédée (1781-1847)</relationEntry>
            <dateRange>
               <fromDate standardDate="1839-03-31">31 mars 1839</fromDate>
               <toDate standardDate="1839-05-12">12 mai 1839</toDate>
            </dateRange>
            <descriptiveNote>
               <p>
     Garde des Sceaux, ministre de la Justice et des cultes, président du Conseil d'État.
    </p>
            </descriptiveNote>
         </cpfRelation>
         <cpfRelation xmlns:xlink="http://www.w3.org/1999/xlink"
                      cpfRelationType="associative"
                      xlink:href="FRAN_NP_009213"
                      xlink:type="simple">
            <relationEntry>Peyrefitte, Alain (1925-1999)</relationEntry>
            <dateRange>
               <fromDate standardDate="1977-03-30">30 mars 1977</fromDate>
               <toDate standardDate="1981-05-13">13 mai 1981</toDate>
            </dateRange>
         </cpfRelation>
         <cpfRelation xmlns:xlink="http://www.w3.org/1999/xlink"
                      cpfRelationType="hierarchical-child"
                      xlink:href="FRAN_NP_000664"
                      xlink:type="simple">
            <relationEntry>Service des affaires européennes et internationales (ministère de la Justice) (1991-2006)</relationEntry>
            <dateRange>
               <fromDate standardDate="1991-01-01">1991</fromDate>
               <toDate standardDate="2006-12-31">2006</toDate>
            </dateRange>
         </cpfRelation>
         <cpfRelation xmlns:xlink="http://www.w3.org/1999/xlink"
                      cpfRelationType="hierarchical-child"
                      xlink:href="FRAN_NP_000632"
                      xlink:type="simple">
            <relationEntry>Direction de l'administration générale et de l'équipement (ministère de la Justice)</relationEntry>
            <dateRange>
               <fromDate standardDate="1964-01-01">1964</fromDate>
               <toDate standardDate="2008-12-31">2008</toDate>
            </dateRange>
         </cpfRelation>
         <cpfRelation xmlns:xlink="http://www.w3.org/1999/xlink"
                      cpfRelationType="hierarchical-child"
                      xlink:href="FRAN_NP_000668"
                      xlink:type="simple">
            <relationEntry>Service de l'accès au droit et à la justice et de la politique de la ville (ministère de la Justice)</relationEntry>
            <dateRange>
               <fromDate standardDate="2002-01-01">2002</fromDate>
               <toDate standardDate="2006-12-31">2006</toDate>
            </dateRange>
         </cpfRelation>
         <cpfRelation xmlns:xlink="http://www.w3.org/1999/xlink"
                      cpfRelationType="hierarchical-child"
                      xlink:href="FRAN_NP_000581"
                      xlink:type="simple">
            <relationEntry>Direction de la protection judiciaire de la jeunesse</relationEntry>
            <dateRange>
               <fromDate standardDate="1945-01-01">1945</fromDate>
            </dateRange>
         </cpfRelation>
         <cpfRelation xmlns:xlink="http://www.w3.org/1999/xlink"
                      cpfRelationType="hierarchical-child"
                      xlink:href="FRAN_NP_000734"
                      xlink:type="simple">
            <relationEntry>Contrôle financier (ministère de la Justice)</relationEntry>
            <dateRange>
               <fromDate standardDate="1964-01-01">1964</fromDate>
               <toDate standardDate="2008-12-31">2008</toDate>
            </dateRange>
         </cpfRelation>
         <cpfRelation xmlns:xlink="http://www.w3.org/1999/xlink"
                      cpfRelationType="hierarchical-child"
                      xlink:href="FRAN_NP_000740"
                      xlink:type="simple">
            <relationEntry>Service central de prévention de la corruption</relationEntry>
            <dateRange>
               <fromDate standardDate="1993-01-01">1993</fromDate>
            </dateRange>
         </cpfRelation>
         <cpfRelation xmlns:xlink="http://www.w3.org/1999/xlink"
                      cpfRelationType="hierarchical-child"
                      xlink:href="FRAN_NP_000736"
                      xlink:type="simple">
            <relationEntry>Centre de recherche interdisciplinaire de Vaucresson (ministère de la Justice)</relationEntry>
            <dateRange>
               <fromDate standardDate="1983-01-01">1983</fromDate>
               <toDate standardDate="1995-12-31">1995</toDate>
            </dateRange>
         </cpfRelation>
         <cpfRelation xmlns:xlink="http://www.w3.org/1999/xlink"
                      cpfRelationType="hierarchical-child"
                      xlink:href="FRAN_NP_000748"
                      xlink:type="simple">
            <relationEntry>Agence publique pour l'immobilier de la Justice</relationEntry>
            <dateRange>
               <fromDate standardDate="2002-01-01">2002</fromDate>
            </dateRange>
         </cpfRelation>
         <cpfRelation xmlns:xlink="http://www.w3.org/1999/xlink"
                      cpfRelationType="hierarchical-child"
                      xlink:href="FRAN_NP_000746"
                      xlink:type="simple">
            <relationEntry>École nationale de la magistrature</relationEntry>
            <dateRange>
               <fromDate standardDate="1958-01-01">1958</fromDate>
            </dateRange>
         </cpfRelation>
         <cpfRelation xmlns:xlink="http://www.w3.org/1999/xlink"
                      cpfRelationType="hierarchical-child"
                      xlink:href="FRAN_NP_000830"
                      xlink:type="simple">
            <relationEntry>Délégué pour la réalisation d'établissements pénitentiaires (ministère de la Justice)</relationEntry>
            <dateRange>
               <fromDate standardDate="1987-01-01">1987</fromDate>
               <toDate standardDate="1991-12-31">1991</toDate>
            </dateRange>
         </cpfRelation>
         <cpfRelation xmlns:xlink="http://www.w3.org/1999/xlink"
                      cpfRelationType="associative"
                      xlink:href="FRAN_NP_000042"
                      xlink:type="simple">
            <relationEntry>Conseil supérieur de la magistrature</relationEntry>
            <dateRange>
               <fromDate standardDate="1883-01-01">1883</fromDate>
            </dateRange>
         </cpfRelation>
         <cpfRelation xmlns:xlink="http://www.w3.org/1999/xlink"
                      cpfRelationType="hierarchical-child"
                      xlink:href="FRAN_NP_000396"
                      xlink:type="simple">
            <relationEntry>Cabinet et services rattachés au ministre de la Justice</relationEntry>
            <dateRange>
               <fromDate standardDate="1981-01-01">1981</fromDate>
            </dateRange>
         </cpfRelation>
         <cpfRelation xmlns:xlink="http://www.w3.org/1999/xlink"
                      cpfRelationType="hierarchical-child"
                      xlink:href="FRAN_NP_000439"
                      xlink:type="simple">
            <relationEntry>Direction des services judiciaires</relationEntry>
            <dateRange>
               <fromDate standardDate="1964-01-01">1964</fromDate>
            </dateRange>
         </cpfRelation>
         <cpfRelation xmlns:xlink="http://www.w3.org/1999/xlink"
                      cpfRelationType="hierarchical-child"
                      xlink:href="FRAN_NP_000468"
                      xlink:type="simple">
            <relationEntry>Direction des affaires civiles et du sceau</relationEntry>
            <dateRange>
               <fromDate standardDate="1795-01-01">1795</fromDate>
            </dateRange>
         </cpfRelation>
         <cpfRelation xmlns:xlink="http://www.w3.org/1999/xlink"
                      cpfRelationType="hierarchical-child"
                      xlink:href="FRAN_NP_000495"
                      xlink:type="simple">
            <relationEntry>Direction des affaires criminelles et des grâces</relationEntry>
            <dateRange>
               <fromDate standardDate="1795-01-01">1795</fromDate>
            </dateRange>
         </cpfRelation>
         <cpfRelation xmlns:xlink="http://www.w3.org/1999/xlink"
                      cpfRelationType="hierarchical-child"
                      xlink:href="FRAN_NP_000545"
                      xlink:type="simple">
            <relationEntry>Direction de l'administration pénitentiaire</relationEntry>
            <dateRange>
               <fromDate standardDate="1911-01-01">1911</fromDate>
            </dateRange>
         </cpfRelation>
         <cpfRelation xmlns:xlink="http://www.w3.org/1999/xlink"
                      cpfRelationType="hierarchical-child"
                      xlink:href="FRAN_NP_009863"
                      xlink:type="simple">
            <relationEntry>Cabinet de Delphine Batho, ministre déléguée auprès de la garde des sceaux, ministre de la Justice</relationEntry>
            <dateRange>
               <fromDate standardDate="2012-05-16">16 mai 2012</fromDate>
               <toDate standardDate="2012-06-18">18 juin 2012</toDate>
            </dateRange>
         </cpfRelation>
      </relations>
   </cpfDescription>
</eac-cpf>
