<eac-cpf xmlns="urn:isbn:1-931666-33-4"
         xmlns:xsi="http://www.w3.org/2001/XMLSchema-instance"
         xsi:schemaLocation="urn:isbn:1-931666-33-4 cpf.xsd">
   <control>
      <recordId>FRAN_NP_000006</recordId>
      <maintenanceStatus>derived</maintenanceStatus>
      <maintenanceAgency>
         <agencyName>Archives nationales de France</agencyName>
      </maintenanceAgency>
      <languageDeclaration>
         <language languageCode="fre">Français</language>
         <script scriptCode="Latn"/>
      </languageDeclaration>
      <conventionDeclaration>
         <citation>Notice établie conformément à la norme ICA-ISAAR (CPF) 2004, aux normes ISO 8601 pour le système de normalisation des dates utilisé, ainsi que AFNOR NF Z 44-061, juin 1986. Catalogage : forme et structure des vedettes noms de personne, des vedettes titres, des rubriques de classement et des titres forgés.</citation>
      </conventionDeclaration>
      <localControl localType="niveau_de_detail">
         <term>Moyenne</term>
      </localControl>
      <maintenanceHistory>
         <maintenanceEvent>
            <eventType>derived</eventType>
            <eventDateTime>2013-04-23</eventDateTime>
            <agentType>machine</agentType>
            <agent>Import_SIA</agent>
         </maintenanceEvent>
      </maintenanceHistory>
   </control>
   <cpfDescription>
      <identity>
         <entityType>corporateBody</entityType>
         <nameEntry localType="autorisée" scriptCode="Latn" xml:lang="fre">
            <part>Ministère de l'Écologie et du Développement durable</part>
         </nameEntry>
         <nameEntry>
            <part>Ministère de l'Écologie, du Développement durable et de l'Énergie</part>
            <useDates>
               <dateRange>
                  <fromDate standardDate="2012-05-16">16 mai 2012</fromDate>
                  <toDate/>
               </dateRange>
            </useDates>
         </nameEntry>
         <nameEntry>
            <part>Ministère de l'Écologie, du Développement durable, des Transports et du Logement</part>
            <useDates>
               <dateRange>
                  <fromDate standardDate="2010-11-14">14 novembre 2010</fromDate>
                  <toDate standardDate="2012-05-10">10 mai 2012</toDate>
               </dateRange>
            </useDates>
         </nameEntry>
         <nameEntry>
            <part>Ministère de l'Écologie, de l'Énergie, du Développement durable et de la Mer, en charge des Technologies vertes et des Négociations sur le climat</part>
            <useDates>
               <dateRange>
                  <fromDate standardDate="2009-06-23">23 juin 2009</fromDate>
                  <toDate standardDate="2010-11-13">13 novembre 2010</toDate>
               </dateRange>
            </useDates>
         </nameEntry>
         <nameEntry>
            <part>Ministère de l'Écologie, de l'Énergie, du Développement durable et de l'Aménagement du territoire</part>
            <useDates>
               <dateRange>
                  <fromDate standardDate="2008-03-18">18 mars 2008</fromDate>
                  <toDate standardDate="2009-06-23">23 juin 2009</toDate>
               </dateRange>
            </useDates>
         </nameEntry>
         <nameEntry>
            <part>Ministère de l'Écologie, du Développement et de l'Aménagement durables</part>
            <useDates>
               <dateRange>
                  <fromDate standardDate="2007-05-18">18 mai 2007</fromDate>
                  <toDate standardDate="2008-03-18">18 mars 2008</toDate>
               </dateRange>
            </useDates>
         </nameEntry>
      </identity>
      <description>
         <existDates>
            <dateRange>
               <fromDate standardDate="2007-05-18">18 mai 2007</fromDate>
            </dateRange>
         </existDates>
         <legalStatuses>
            <legalStatus>
               <term vocabularySource="d5bloo2gwk-sgl3fc00gzgl">ministère</term>
            </legalStatus>
         </legalStatuses>
      </description>
      <relations>
         <cpfRelation xmlns:xlink="http://www.w3.org/1999/xlink"
                      cpfRelationType="temporal-earlier"
                      xlink:href="FRAN_NP_005997"
                      xlink:type="simple">
            <relationEntry>Ministère de l'Environnement</relationEntry>
            <dateRange>
               <fromDate standardDate="2007-05-18">18 mai 2007</fromDate>
            </dateRange>
         </cpfRelation>
         <cpfRelation xmlns:xlink="http://www.w3.org/1999/xlink"
                      cpfRelationType="associative"
                      xlink:href="FRAN_NP_004413"
                      xlink:type="simple">
            <relationEntry>Direction générale de l'action sociale</relationEntry>
            <dateRange>
               <fromDate standardDate="2009-06-23">23 juin 2009</fromDate>
               <toDate standardDate="2010-12-31">2010</toDate>
            </dateRange>
         </cpfRelation>
         <cpfRelation xmlns:xlink="http://www.w3.org/1999/xlink"
                      cpfRelationType="hierarchical-child"
                      xlink:href="FRAN_NP_007445"
                      xlink:type="simple">
            <relationEntry>Direction générale de l'énergie et des matières premières</relationEntry>
            <dateRange>
               <fromDate standardDate="2007-05-18">18 mai 2007</fromDate>
               <toDate standardDate="2008-12-31">2008</toDate>
            </dateRange>
         </cpfRelation>
         <cpfRelation xmlns:xlink="http://www.w3.org/1999/xlink"
                      cpfRelationType="associative"
                      xlink:href="FRAN_NP_007474"
                      xlink:type="simple">
            <relationEntry>Direction régionale de l'industrie, de la recherche et de l'environnement d'Île-de-France</relationEntry>
            <dateRange>
               <fromDate standardDate="2007-05-18">18 mai 2007</fromDate>
               <toDate standardDate="2010-12-31">2010</toDate>
            </dateRange>
         </cpfRelation>
         <cpfRelation xmlns:xlink="http://www.w3.org/1999/xlink"
                      cpfRelationType="hierarchical-child"
                      xlink:href="FRAN_NP_006900"
                      xlink:type="simple">
            <relationEntry>Inspection générale des services des affaires maritimes</relationEntry>
            <dateRange>
               <fromDate standardDate="2007-05-18">18 mai 2007</fromDate>
               <toDate standardDate="2008-12-31">2008</toDate>
            </dateRange>
         </cpfRelation>
         <cpfRelation xmlns:xlink="http://www.w3.org/1999/xlink"
                      cpfRelationType="hierarchical-child"
                      xlink:href="FRAN_NP_009956"
                      xlink:type="simple">
            <relationEntry>Conseil supérieur du service public ferroviaire</relationEntry>
            <dateRange>
               <fromDate standardDate="2007-05-18">18 mai 2007</fromDate>
               <toDate standardDate="2009-12-31">2009</toDate>
            </dateRange>
         </cpfRelation>
         <cpfRelation xmlns:xlink="http://www.w3.org/1999/xlink"
                      cpfRelationType="hierarchical-child"
                      xlink:href="FRAN_NP_009994"
                      xlink:type="simple">
            <relationEntry>Agence de l'environnement et de la maîtrise de l'énergie</relationEntry>
            <dateRange>
               <fromDate standardDate="2007-05-18">18 mai 2007</fromDate>
            </dateRange>
         </cpfRelation>
         <cpfRelation xmlns:xlink="http://www.w3.org/1999/xlink"
                      cpfRelationType="associative"
                      xlink:href="FRAN_NP_009946"
                      xlink:type="simple">
            <relationEntry>Comité pour l'implantation territoriale des emplois publics</relationEntry>
            <dateRange>
               <fromDate standardDate="2007-05-18">18 mai 2007</fromDate>
               <toDate standardDate="2007-12-31">2007</toDate>
            </dateRange>
         </cpfRelation>
         <cpfRelation xmlns:xlink="http://www.w3.org/1999/xlink"
                      cpfRelationType="hierarchical-child"
                      xlink:href="FRAN_NP_006823"
                      xlink:type="simple">
            <relationEntry>Délégation à la sécurité et à la circulation routières</relationEntry>
            <dateRange>
               <fromDate standardDate="2007-05-18">18 mai 2007</fromDate>
            </dateRange>
         </cpfRelation>
         <cpfRelation xmlns:xlink="http://www.w3.org/1999/xlink"
                      cpfRelationType="hierarchical-child"
                      xlink:href="FRAN_NP_006896"
                      xlink:type="simple">
            <relationEntry>Conseil supérieur de la marine marchande</relationEntry>
            <dateRange>
               <fromDate standardDate="2007-05-18">18 mai 2007</fromDate>
            </dateRange>
         </cpfRelation>
         <cpfRelation xmlns:xlink="http://www.w3.org/1999/xlink"
                      cpfRelationType="hierarchical-child"
                      xlink:href="FRAN_NP_006659"
                      xlink:type="simple">
            <relationEntry>Inspection générale du travail des transports</relationEntry>
            <dateRange>
               <fromDate standardDate="2007-05-18">18 mai 2007</fromDate>
               <toDate standardDate="2008-12-31">2008</toDate>
            </dateRange>
         </cpfRelation>
         <cpfRelation xmlns:xlink="http://www.w3.org/1999/xlink"
                      cpfRelationType="hierarchical-child"
                      xlink:href="FRAN_NP_006621"
                      xlink:type="simple">
            <relationEntry>Direction générale de l'urbanisme, de l'habitat et de la construction</relationEntry>
            <dateRange>
               <fromDate standardDate="2007-05-18">18 mai 2007</fromDate>
               <toDate standardDate="2008-12-31">2008</toDate>
            </dateRange>
         </cpfRelation>
         <cpfRelation xmlns:xlink="http://www.w3.org/1999/xlink"
                      cpfRelationType="hierarchical-child"
                      xlink:href="FRAN_NP_009784"
                      xlink:type="simple">
            <relationEntry>Cabinet du ministre chargé de l'Écologie et du Développement durable</relationEntry>
            <dateRange>
               <fromDate standardDate="2007-05-18">18 mai 2007</fromDate>
            </dateRange>
         </cpfRelation>
         <cpfRelation xmlns:xlink="http://www.w3.org/1999/xlink"
                      cpfRelationType="hierarchical-child"
                      xlink:href="FRAN_NP_009053"
                      xlink:type="simple">
            <relationEntry>Conseil supérieur de l'infrastructure et de la navigation aériennes</relationEntry>
            <dateRange>
               <fromDate standardDate="2007-05-18">18 mai 2007</fromDate>
               <toDate standardDate="2011-12-31">2011</toDate>
            </dateRange>
         </cpfRelation>
         <cpfRelation xmlns:xlink="http://www.w3.org/1999/xlink"
                      cpfRelationType="associative"
                      xlink:href="FRAN_NP_009033"
                      xlink:type="simple">
            <relationEntry>Agence nationale de sécurité sanitaire de l'alimentation, de l'environnement et du travail</relationEntry>
            <dateRange>
               <fromDate standardDate="2010-01-01">2010</fromDate>
            </dateRange>
         </cpfRelation>
         <cpfRelation xmlns:xlink="http://www.w3.org/1999/xlink"
                      cpfRelationType="hierarchical-child"
                      xlink:href="FRAN_NP_006120"
                      xlink:type="simple">
            <relationEntry>Comité national de l'eau</relationEntry>
            <dateRange>
               <fromDate standardDate="2007-05-18">18 mai 2007</fromDate>
            </dateRange>
         </cpfRelation>
         <cpfRelation xmlns:xlink="http://www.w3.org/1999/xlink"
                      cpfRelationType="hierarchical-child"
                      xlink:href="FRAN_NP_006188"
                      xlink:type="simple">
            <relationEntry>Conseil général des ponts et chaussées</relationEntry>
            <dateRange>
               <fromDate standardDate="2007-05-18">18 mai 2007</fromDate>
               <toDate standardDate="2008-12-31">2008</toDate>
            </dateRange>
         </cpfRelation>
         <cpfRelation xmlns:xlink="http://www.w3.org/1999/xlink"
                      cpfRelationType="hierarchical-child"
                      xlink:href="FRAN_NP_006183"
                      xlink:type="simple">
            <relationEntry>Conservatoire de l'espace littoral et des rivages lacustres</relationEntry>
            <dateRange>
               <fromDate standardDate="2007-05-18">18 mai 2007</fromDate>
            </dateRange>
         </cpfRelation>
         <cpfRelation xmlns:xlink="http://www.w3.org/1999/xlink"
                      cpfRelationType="hierarchical-child"
                      xlink:href="FRAN_NP_006169"
                      xlink:type="simple">
            <relationEntry>Direction des études économiques et de l'évaluation environnementale (ministère chargé de l'environnement)</relationEntry>
            <dateRange>
               <fromDate standardDate="2007-05-18">18 mai 2007</fromDate>
               <toDate standardDate="2008-12-31">2008</toDate>
            </dateRange>
         </cpfRelation>
         <cpfRelation xmlns:xlink="http://www.w3.org/1999/xlink"
                      cpfRelationType="hierarchical-child"
                      xlink:href="FRAN_NP_006080"
                      xlink:type="simple">
            <relationEntry>Direction générale de la prévention des risques</relationEntry>
            <dateRange>
               <fromDate standardDate="2007-05-18">18 mai 2007</fromDate>
            </dateRange>
         </cpfRelation>
         <cpfRelation xmlns:xlink="http://www.w3.org/1999/xlink"
                      cpfRelationType="hierarchical-child"
                      xlink:href="FRAN_NP_007015"
                      xlink:type="simple">
            <relationEntry>Établissement national des invalides de la marine</relationEntry>
            <dateRange>
               <fromDate standardDate="2007-05-18">18 mai 2007</fromDate>
            </dateRange>
         </cpfRelation>
         <cpfRelation xmlns:xlink="http://www.w3.org/1999/xlink"
                      cpfRelationType="hierarchical-child"
                      xlink:href="FRAN_NP_007027"
                      xlink:type="simple">
            <relationEntry>Direction générale de l'aménagement, du logement et de la nature</relationEntry>
            <dateRange>
               <fromDate standardDate="2008-01-01">2008</fromDate>
            </dateRange>
         </cpfRelation>
         <cpfRelation xmlns:xlink="http://www.w3.org/1999/xlink"
                      cpfRelationType="hierarchical-child"
                      xlink:href="FRAN_NP_007029"
                      xlink:type="simple">
            <relationEntry>Direction générale du personnel et de l'administration (ministère de l'Équipement)</relationEntry>
            <dateRange>
               <fromDate standardDate="2007-05-18">18 mai 2007</fromDate>
               <toDate standardDate="2008-12-31">2008</toDate>
            </dateRange>
         </cpfRelation>
         <cpfRelation xmlns:xlink="http://www.w3.org/1999/xlink"
                      cpfRelationType="hierarchical-child"
                      xlink:href="FRAN_NP_007025"
                      xlink:type="simple">
            <relationEntry>Direction générale de l'énergie et du climat</relationEntry>
            <dateRange>
               <fromDate standardDate="2008-01-01">2008</fromDate>
            </dateRange>
         </cpfRelation>
         <cpfRelation xmlns:xlink="http://www.w3.org/1999/xlink"
                      cpfRelationType="hierarchical-child"
                      xlink:href="FRAN_NP_007030"
                      xlink:type="simple">
            <relationEntry>Direction générale de la mer et des transports</relationEntry>
            <dateRange>
               <fromDate standardDate="2007-05-18">18 mai 2007</fromDate>
               <toDate standardDate="2008-12-31">2008</toDate>
            </dateRange>
         </cpfRelation>
         <cpfRelation xmlns:xlink="http://www.w3.org/1999/xlink"
                      cpfRelationType="hierarchical-child"
                      xlink:href="FRAN_NP_007033"
                      xlink:type="simple">
            <relationEntry>Commissariat général aux transports</relationEntry>
            <dateRange>
               <fromDate standardDate="2007-05-18">18 mai 2007</fromDate>
               <toDate standardDate="2009-12-31">2009</toDate>
            </dateRange>
         </cpfRelation>
         <cpfRelation xmlns:xlink="http://www.w3.org/1999/xlink"
                      cpfRelationType="hierarchical-child"
                      xlink:href="FRAN_NP_007051"
                      xlink:type="simple">
            <relationEntry>Inspection générale des affaires maritimes</relationEntry>
            <dateRange>
               <fromDate standardDate="2008-01-01">2008</fromDate>
            </dateRange>
         </cpfRelation>
         <cpfRelation xmlns:xlink="http://www.w3.org/1999/xlink"
                      cpfRelationType="hierarchical-child"
                      xlink:href="FRAN_NP_051316"
                      xlink:type="simple">
            <relationEntry>France. Secrétariat général des ministères chargés de l'écologie, du développement durable, de l'énergie, du logement, de l'égalité des territoires et de la ruralité (2008-....)</relationEntry>
            <dateRange>
               <fromDate standardDate="2008-01-01">2008</fromDate>
            </dateRange>
         </cpfRelation>
         <cpfRelation xmlns:xlink="http://www.w3.org/1999/xlink"
                      cpfRelationType="hierarchical-child"
                      xlink:href="FRAN_NP_051328"
                      xlink:type="simple">
            <relationEntry>France. Ministère de l'Écologie, du Développpement durable et de l'Énergie. Cabinet d'Alain Vidalies, secrétaire d’État, chargé des Transports, de la Mer et de la Pêche (2014-....)</relationEntry>
            <dateRange>
               <fromDate standardDate="2014-08-26">26 août 2014</fromDate>
            </dateRange>
         </cpfRelation>
         <cpfRelation xmlns:xlink="http://www.w3.org/1999/xlink"
                      cpfRelationType="associative"
                      xlink:href="FRAN_NP_051396"
                      xlink:type="simple">
            <relationEntry>France. Conseil supérieur de la navigation de plaisance et des sports nautiques (1967-....)</relationEntry>
            <dateRange>
               <fromDate standardDate="2007-05-18">18 mai 2007</fromDate>
            </dateRange>
         </cpfRelation>
         <cpfRelation xmlns:xlink="http://www.w3.org/1999/xlink"
                      cpfRelationType="hierarchical-child"
                      xlink:href="FRAN_NP_051433"
                      xlink:type="simple">
            <relationEntry>France. Ministère de l'Ecologie, du Développement durable et de l'Energie. Secrétariat général du débat national sur la transition énergétique (2012-2013)</relationEntry>
            <dateRange>
               <fromDate standardDate="2012-01-01">2012</fromDate>
               <toDate standardDate="2013-12-31">2013</toDate>
            </dateRange>
         </cpfRelation>
         <cpfRelation xmlns:xlink="http://www.w3.org/1999/xlink"
                      cpfRelationType="associative"
                      xlink:href="FRAN_NP_051488"
                      xlink:type="simple">
            <relationEntry>Bianco, Jean-Louis (1943-....)</relationEntry>
            <dateRange>
               <fromDate standardDate="2014-01-01">2014</fromDate>
               <toDate standardDate="2017-05-31">mai 2017</toDate>
            </dateRange>
            <descriptiveNote>
               <p>
     J.-L. Bianco, conseiller spécial au cabinet de S. Royal, ministre de l'Ecologie
    </p>
            </descriptiveNote>
         </cpfRelation>
         <cpfRelation xmlns:xlink="http://www.w3.org/1999/xlink"
                      cpfRelationType="associative"
                      xlink:href="FRAN_NP_009246"
                      xlink:type="simple">
            <relationEntry>Fédération des parcs naturels régionaux de France</relationEntry>
            <dateRange>
               <fromDate standardDate="2007-05-18">18 mai 2007</fromDate>
            </dateRange>
         </cpfRelation>
         <cpfRelation xmlns:xlink="http://www.w3.org/1999/xlink"
                      cpfRelationType="hierarchical-child"
                      xlink:href="FRAN_NP_007034"
                      xlink:type="simple">
            <relationEntry>Conseil général de l'environnement et du développement durable</relationEntry>
            <dateRange>
               <fromDate standardDate="2008-01-01">2008</fromDate>
            </dateRange>
         </cpfRelation>
         <cpfRelation xmlns:xlink="http://www.w3.org/1999/xlink"
                      cpfRelationType="hierarchical-child"
                      xlink:href="FRAN_NP_007035"
                      xlink:type="simple">
            <relationEntry>Conseil national des transports</relationEntry>
            <dateRange>
               <fromDate standardDate="2007-05-18">18 mai 2007</fromDate>
            </dateRange>
         </cpfRelation>
         <cpfRelation xmlns:xlink="http://www.w3.org/1999/xlink"
                      cpfRelationType="hierarchical-child"
                      xlink:href="FRAN_NP_007032"
                      xlink:type="simple">
            <relationEntry>Commissariat aux transports et aux travaux publics et de bâtiment</relationEntry>
            <dateRange>
               <fromDate standardDate="2009-01-01">2009</fromDate>
            </dateRange>
         </cpfRelation>
         <cpfRelation xmlns:xlink="http://www.w3.org/1999/xlink"
                      cpfRelationType="hierarchical-child"
                      xlink:href="FRAN_NP_007024"
                      xlink:type="simple">
            <relationEntry>Commissariat général au développement durable</relationEntry>
            <dateRange>
               <fromDate standardDate="2008-01-01">2008</fromDate>
            </dateRange>
         </cpfRelation>
         <cpfRelation xmlns:xlink="http://www.w3.org/1999/xlink"
                      cpfRelationType="hierarchical-child"
                      xlink:href="FRAN_NP_007028"
                      xlink:type="simple">
            <relationEntry>Secrétariat général (ministère de l'Équipement)</relationEntry>
            <dateRange>
               <fromDate standardDate="2007-05-18">18 mai 2007</fromDate>
               <toDate standardDate="2008-12-31">2008</toDate>
            </dateRange>
         </cpfRelation>
         <cpfRelation xmlns:xlink="http://www.w3.org/1999/xlink"
                      cpfRelationType="hierarchical-child"
                      xlink:href="FRAN_NP_007026"
                      xlink:type="simple">
            <relationEntry>Direction générale des infrastructures, des transports et de la mer</relationEntry>
            <dateRange>
               <fromDate standardDate="2008-01-01">2008</fromDate>
            </dateRange>
         </cpfRelation>
         <cpfRelation xmlns:xlink="http://www.w3.org/1999/xlink"
                      cpfRelationType="associative"
                      xlink:href="FRAN_NP_007018"
                      xlink:type="simple">
            <relationEntry>Institut français de recherche pour l'exploitation de la mer</relationEntry>
            <dateRange>
               <fromDate standardDate="2007-05-18">18 mai 2007</fromDate>
            </dateRange>
         </cpfRelation>
         <cpfRelation xmlns:xlink="http://www.w3.org/1999/xlink"
                      cpfRelationType="hierarchical-child"
                      xlink:href="FRAN_NP_006057"
                      xlink:type="simple">
            <relationEntry>Direction générale de l'administration (ministère chargé de l'environnement)</relationEntry>
            <dateRange>
               <fromDate standardDate="2007-05-18">18 mai 2007</fromDate>
               <toDate standardDate="2008-12-31">2008</toDate>
            </dateRange>
         </cpfRelation>
         <cpfRelation xmlns:xlink="http://www.w3.org/1999/xlink"
                      cpfRelationType="hierarchical-child"
                      xlink:href="FRAN_NP_006182"
                      xlink:type="simple">
            <relationEntry>Secrétaire général du ministère chargé de l'environnement</relationEntry>
            <dateRange>
               <fromDate standardDate="2007-05-18">18 mai 2007</fromDate>
               <toDate standardDate="2008-12-31">2008</toDate>
            </dateRange>
         </cpfRelation>
         <cpfRelation xmlns:xlink="http://www.w3.org/1999/xlink"
                      cpfRelationType="hierarchical-child"
                      xlink:href="FRAN_NP_006184"
                      xlink:type="simple">
            <relationEntry>Agence nationale pour la gestion des déchets radioactifs</relationEntry>
            <dateRange>
               <fromDate standardDate="2007-05-18">18 mai 2007</fromDate>
            </dateRange>
         </cpfRelation>
         <cpfRelation xmlns:xlink="http://www.w3.org/1999/xlink"
                      cpfRelationType="hierarchical-child"
                      xlink:href="FRAN_NP_006122"
                      xlink:type="simple">
            <relationEntry>Direction de l'eau</relationEntry>
            <dateRange>
               <fromDate standardDate="2007-05-18">18 mai 2007</fromDate>
               <toDate standardDate="2008-12-31">2008</toDate>
            </dateRange>
         </cpfRelation>
         <cpfRelation xmlns:xlink="http://www.w3.org/1999/xlink"
                      cpfRelationType="hierarchical-child"
                      xlink:href="FRAN_NP_006141"
                      xlink:type="simple">
            <relationEntry>Direction de la nature et des paysages</relationEntry>
            <dateRange>
               <fromDate standardDate="2007-05-18">18 mai 2007</fromDate>
               <toDate standardDate="2008-12-31">2008</toDate>
            </dateRange>
         </cpfRelation>
         <cpfRelation xmlns:xlink="http://www.w3.org/1999/xlink"
                      cpfRelationType="associative"
                      xlink:href="FRAN_NP_009034"
                      xlink:type="simple">
            <relationEntry>Agence française pour le développement et la promotion de l'agriculture biologique</relationEntry>
            <dateRange>
               <fromDate standardDate="2007-05-18">18 mai 2007</fromDate>
            </dateRange>
         </cpfRelation>
         <cpfRelation xmlns:xlink="http://www.w3.org/1999/xlink"
                      cpfRelationType="hierarchical-child"
                      xlink:href="FRAN_NP_009788"
                      xlink:type="simple">
            <relationEntry>Cabinets des ministres délégués et secrétaires d'État auprès du ministre chargé de l'Écologie et du Développement durable</relationEntry>
            <dateRange>
               <fromDate standardDate="2007-05-18">18 mai 2007</fromDate>
            </dateRange>
         </cpfRelation>
         <cpfRelation xmlns:xlink="http://www.w3.org/1999/xlink"
                      cpfRelationType="hierarchical-child"
                      xlink:href="FRAN_NP_006543"
                      xlink:type="simple">
            <relationEntry>Commissariat aux entreprises de travaux publics et de bâtiment</relationEntry>
            <dateRange>
               <fromDate standardDate="2007-05-18">18 mai 2007</fromDate>
               <toDate standardDate="2009-12-31">2009</toDate>
            </dateRange>
         </cpfRelation>
         <cpfRelation xmlns:xlink="http://www.w3.org/1999/xlink"
                      cpfRelationType="hierarchical-child"
                      xlink:href="FRAN_NP_004566"
                      xlink:type="simple">
            <relationEntry>Agence française de sécurité sanitaire de l'environnement et du travail</relationEntry>
            <dateRange>
               <fromDate standardDate="2007-05-18">18 mai 2007</fromDate>
               <toDate standardDate="2010-12-31">2010</toDate>
            </dateRange>
         </cpfRelation>
         <cpfRelation xmlns:xlink="http://www.w3.org/1999/xlink"
                      cpfRelationType="hierarchical-child"
                      xlink:href="FRAN_NP_006899"
                      xlink:type="simple">
            <relationEntry>Inspection générale de l'enseignement maritime</relationEntry>
            <dateRange>
               <fromDate standardDate="2007-05-18">18 mai 2007</fromDate>
               <toDate standardDate="2008-12-31">2008</toDate>
            </dateRange>
         </cpfRelation>
         <cpfRelation xmlns:xlink="http://www.w3.org/1999/xlink"
                      cpfRelationType="hierarchical-child"
                      xlink:href="FRAN_NP_006862"
                      xlink:type="simple">
            <relationEntry>Direction générale des routes</relationEntry>
            <dateRange>
               <fromDate standardDate="2007-05-18">18 mai 2007</fromDate>
               <toDate standardDate="2008-12-31">2008</toDate>
            </dateRange>
         </cpfRelation>
         <cpfRelation xmlns:xlink="http://www.w3.org/1999/xlink"
                      cpfRelationType="associative"
                      xlink:href="FRAN_NP_008969"
                      xlink:type="simple">
            <relationEntry>Office national des forêts</relationEntry>
            <dateRange>
               <fromDate standardDate="2007-05-18">18 mai 2007</fromDate>
            </dateRange>
         </cpfRelation>
         <cpfRelation xmlns:xlink="http://www.w3.org/1999/xlink"
                      cpfRelationType="hierarchical-child"
                      xlink:href="FRAN_NP_006988"
                      xlink:type="simple">
            <relationEntry>Commission centrale de sécurité (ministère chargé de la mer)</relationEntry>
            <dateRange>
               <fromDate standardDate="2007-05-18">18 mai 2007</fromDate>
            </dateRange>
         </cpfRelation>
         <cpfRelation xmlns:xlink="http://www.w3.org/1999/xlink"
                      cpfRelationType="associative"
                      xlink:href="FRAN_NP_009957"
                      xlink:type="simple">
            <relationEntry>Muséum national d'histoire naturelle</relationEntry>
            <dateRange>
               <fromDate standardDate="2007-05-18">18 mai 2007</fromDate>
            </dateRange>
         </cpfRelation>
         <cpfRelation xmlns:xlink="http://www.w3.org/1999/xlink"
                      cpfRelationType="hierarchical-child"
                      xlink:href="FRAN_NP_009964"
                      xlink:type="simple">
            <relationEntry>Conseil national de l'information géographique</relationEntry>
            <dateRange>
               <fromDate standardDate="2007-05-18">18 mai 2007</fromDate>
            </dateRange>
         </cpfRelation>
         <cpfRelation xmlns:xlink="http://www.w3.org/1999/xlink"
                      cpfRelationType="hierarchical-child"
                      xlink:href="FRAN_NP_000052"
                      xlink:type="simple">
            <relationEntry>Direction générale de l'aviation civile</relationEntry>
            <dateRange>
               <fromDate standardDate="2007-05-18">18 mai 2007</fromDate>
            </dateRange>
         </cpfRelation>
         <cpfRelation xmlns:xlink="http://www.w3.org/1999/xlink"
                      cpfRelationType="associative"
                      xlink:href="FRAN_NP_007475"
                      xlink:type="simple">
            <relationEntry>BRGM</relationEntry>
            <dateRange>
               <fromDate standardDate="2010-11-14">14 novembre 2010</fromDate>
            </dateRange>
         </cpfRelation>
         <cpfRelation xmlns:xlink="http://www.w3.org/1999/xlink"
                      cpfRelationType="hierarchical-child"
                      xlink:href="FRAN_NP_008690"
                      xlink:type="simple">
            <relationEntry>Direction des pêches maritimes et de l'aquaculture</relationEntry>
            <dateRange>
               <fromDate standardDate="2012-05-16">16 mai 2012</fromDate>
            </dateRange>
         </cpfRelation>
         <cpfRelation xmlns:xlink="http://www.w3.org/1999/xlink"
                      cpfRelationType="temporal-earlier"
                      xlink:href="FRAN_NP_006651"
                      xlink:type="simple">
            <relationEntry>Ministère de l'Équipement</relationEntry>
            <dateRange>
               <fromDate standardDate="2007-05-18">18 mai 2007</fromDate>
            </dateRange>
         </cpfRelation>
         <cpfRelation xmlns:xlink="http://www.w3.org/1999/xlink"
                      cpfRelationType="temporal-earlier"
                      xlink:href="FRAN_NP_009767"
                      xlink:type="simple">
            <relationEntry>Ministère du Logement</relationEntry>
            <dateRange>
               <fromDate standardDate="2009-06-23">23 juin 2009</fromDate>
            </dateRange>
         </cpfRelation>
      </relations>
   </cpfDescription>
</eac-cpf>
