<eac-cpf xmlns="urn:isbn:1-931666-33-4"
         xmlns:xsi="http://www.w3.org/2001/XMLSchema-instance"
         xsi:schemaLocation="urn:isbn:1-931666-33-4 cpf.xsd">
   <control>
      <recordId>FRAN_NP_000035</recordId>
      <otherRecordId localType="Ancien_identifiant">1508</otherRecordId>
      <maintenanceStatus>derived</maintenanceStatus>
      <maintenanceAgency>
         <agencyName>Archives nationales de France</agencyName>
      </maintenanceAgency>
      <languageDeclaration>
         <language languageCode="fre">Français</language>
         <script scriptCode="Latn"/>
      </languageDeclaration>
      <conventionDeclaration>
         <citation>Notice établie conformément à la norme ICA-ISAAR (CPF) 2004, aux normes ISO 8601 pour le système de normalisation des dates utilisé, ainsi que AFNOR NF Z 44-061, juin 1986. Catalogage : forme et structure des vedettes noms de personne, des vedettes titres, des rubriques de classement et des titres forgés.</citation>
      </conventionDeclaration>
      <localControl localType="niveau_de_detail">
         <term>Élémentaire</term>
      </localControl>
      <maintenanceHistory>
         <maintenanceEvent>
            <eventType>derived</eventType>
            <eventDateTime>2013-04-23</eventDateTime>
            <agentType>machine</agentType>
            <agent>Import_SIA</agent>
         </maintenanceEvent>
      </maintenanceHistory>
   </control>
   <cpfDescription>
      <identity>
         <entityType>corporateBody</entityType>
         <nameEntry localType="autorisée" scriptCode="Latn" xml:lang="fre">
            <part>Commission nationale des comptes de campagne et des financements politiques</part>
         </nameEntry>
         <nameEntry>
            <part>CNCCFP</part>
         </nameEntry>
      </identity>
      <description>
         <existDates>
            <dateRange>
               <fromDate standardDate="1990-01-01">1990</fromDate>
            </dateRange>
         </existDates>
         <legalStatuses>
            <legalStatus>
               <term vocabularySource="d5bloo28po-1bei6cefdzkj">autorité indépendante</term>
            </legalStatus>
         </legalStatuses>
      </description>
      <relations>
         <resourceRelation xmlns:xlink="http://www.w3.org/1999/xlink"
                           resourceRelationType="subjectOf"
                           xlink:href="FRAN_IR_010054"
                           xlink:type="simple">
            <relationEntry localType="archival">Autorités administratives indépendantes ; Commission nationale des comptes de campagnes et des financements politiques (1998-1998)</relationEntry>
         </resourceRelation>
         <resourceRelation xmlns:xlink="http://www.w3.org/1999/xlink"
                           resourceRelationType="subjectOf"
                           xlink:href="FRAN_IR_010057"
                           xlink:type="simple">
            <relationEntry localType="archival">Autorités administratives indépendantes ; Commission nationale des comptes de campagnes et des financements politiques (1998-1998)</relationEntry>
         </resourceRelation>
         <resourceRelation xmlns:xlink="http://www.w3.org/1999/xlink"
                           resourceRelationType="subjectOf"
                           xlink:href="FRAN_IR_010055"
                           xlink:type="simple">
            <relationEntry localType="archival">Autorités administratives indépendantes ; Commission nationale des comptes de campagnes et des financements politiques (1998-1998)</relationEntry>
         </resourceRelation>
         <resourceRelation xmlns:xlink="http://www.w3.org/1999/xlink"
                           resourceRelationType="subjectOf"
                           xlink:href="FRAN_IR_015805"
                           xlink:type="simple">
            <relationEntry localType="archival">Autorités administratives indépendantes ; Commission nationale des comptes de campagnes et des Financements politiques (1993-1993)</relationEntry>
         </resourceRelation>
         <resourceRelation xmlns:xlink="http://www.w3.org/1999/xlink"
                           resourceRelationType="subjectOf"
                           xlink:href="FRAN_IR_015806"
                           xlink:type="simple">
            <relationEntry localType="archival">Autorités administratives indépendantes ; Commission nationale des comptes de campagnes et des financements politiques (1993-1993)</relationEntry>
         </resourceRelation>
         <resourceRelation xmlns:xlink="http://www.w3.org/1999/xlink"
                           resourceRelationType="subjectOf"
                           xlink:href="FRAN_IR_018894"
                           xlink:type="simple">
            <relationEntry localType="archival">Autorités administratives indépendantes ; Commission nationale des comptes de campagnes et des financements politiques (1992-1992)</relationEntry>
         </resourceRelation>
         <resourceRelation xmlns:xlink="http://www.w3.org/1999/xlink"
                           resourceRelationType="subjectOf"
                           xlink:href="FRAN_IR_018895"
                           xlink:type="simple">
            <relationEntry localType="archival">Autorités administratives indépendantes ; Commission nationale des comptes de campagnes et des financements politiques (1990-1993)</relationEntry>
         </resourceRelation>
         <resourceRelation xmlns:xlink="http://www.w3.org/1999/xlink"
                           resourceRelationType="subjectOf"
                           xlink:href="FRAN_IR_018896"
                           xlink:type="simple">
            <relationEntry localType="archival">Autorités administratives indépendantes ; Commission nationale des comptes de campagnes et des financements politiques (1992-1993)</relationEntry>
         </resourceRelation>
         <resourceRelation xmlns:xlink="http://www.w3.org/1999/xlink"
                           resourceRelationType="subjectOf"
                           xlink:href="FRAN_IR_022912"
                           xlink:type="simple">
            <relationEntry localType="archival">Autorités administratives indépendantes ; Commission nationale des comptes de campagnes et des financements politiques (1995-1995)</relationEntry>
         </resourceRelation>
         <resourceRelation xmlns:xlink="http://www.w3.org/1999/xlink"
                           resourceRelationType="subjectOf"
                           xlink:href="FRAN_IR_022913"
                           xlink:type="simple">
            <relationEntry localType="archival">Autorités administratives indépendantes ; Commission nationale des comptes de campagnes et des financements politiques (1995-1995)</relationEntry>
         </resourceRelation>
         <resourceRelation xmlns:xlink="http://www.w3.org/1999/xlink"
                           resourceRelationType="subjectOf"
                           xlink:href="FRAN_IR_022914"
                           xlink:type="simple">
            <relationEntry localType="archival">Autorités administratives indépendantes ; Commission nationale des comptes de campagnes et des financements politiques (1995-1995)</relationEntry>
         </resourceRelation>
         <resourceRelation xmlns:xlink="http://www.w3.org/1999/xlink"
                           resourceRelationType="subjectOf"
                           xlink:href="FRAN_IR_022911"
                           xlink:type="simple">
            <relationEntry localType="archival">Autorités administratives indépendantes ; Commission nationale des comptes de campagnes et des financements politiques (1995-1995)</relationEntry>
         </resourceRelation>
         <resourceRelation xmlns:xlink="http://www.w3.org/1999/xlink"
                           resourceRelationType="subjectOf"
                           xlink:href="FRAN_IR_023230"
                           xlink:type="simple">
            <relationEntry localType="archival">Autorités administratives indépendantes ; Commission nationale des comptes de campagnes et des financements politiques (1994-1994)</relationEntry>
         </resourceRelation>
         <resourceRelation xmlns:xlink="http://www.w3.org/1999/xlink"
                           resourceRelationType="subjectOf"
                           xlink:href="FRAN_IR_023231"
                           xlink:type="simple">
            <relationEntry localType="archival">Autorités administratives indépendantes ; Commission nationale des comptes de campagnes et des financements politiques (1996-1996)</relationEntry>
         </resourceRelation>
         <resourceRelation xmlns:xlink="http://www.w3.org/1999/xlink"
                           resourceRelationType="subjectOf"
                           xlink:href="FRAN_IR_023232"
                           xlink:type="simple">
            <relationEntry localType="archival">Autorités administratives indépendantes ; Commission nationale des comptes de campagnes et des financements politiques (1996-1996)</relationEntry>
         </resourceRelation>
         <resourceRelation xmlns:xlink="http://www.w3.org/1999/xlink"
                           resourceRelationType="subjectOf"
                           xlink:href="FRAN_IR_023614"
                           xlink:type="simple">
            <relationEntry localType="archival">Autorités administratives indépendantes ; Commission nationale des comptes de campagnes et des financements politiques (2001-2001)</relationEntry>
         </resourceRelation>
         <resourceRelation xmlns:xlink="http://www.w3.org/1999/xlink"
                           resourceRelationType="subjectOf"
                           xlink:href="FRAN_IR_023613"
                           xlink:type="simple">
            <relationEntry localType="archival">Autorités administratives indépendantes ; Commission nationale des comptes de campagnes et des financements politiques (2001-2001)</relationEntry>
         </resourceRelation>
         <resourceRelation xmlns:xlink="http://www.w3.org/1999/xlink"
                           resourceRelationType="subjectOf"
                           xlink:href="FRAN_IR_023615"
                           xlink:type="simple">
            <relationEntry localType="archival">Autorités administratives indépendantes ; Commission nationale des comptes de campagnes et des financements politiques (2001-2001)</relationEntry>
         </resourceRelation>
         <resourceRelation xmlns:xlink="http://www.w3.org/1999/xlink"
                           resourceRelationType="subjectOf"
                           xlink:href="FRAN_IR_023938"
                           xlink:type="simple">
            <relationEntry localType="archival">Autorités administratives indépendantes ; Commission nationale des comptes de campagnes et des financements politiques (2002-2002)</relationEntry>
         </resourceRelation>
         <resourceRelation xmlns:xlink="http://www.w3.org/1999/xlink"
                           resourceRelationType="subjectOf"
                           xlink:href="FRAN_IR_023939"
                           xlink:type="simple">
            <relationEntry localType="archival">Autorités administratives indépendantes ; Commission nationale des comptes de campagnes et des financements politiques (2001-2001)</relationEntry>
         </resourceRelation>
         <resourceRelation xmlns:xlink="http://www.w3.org/1999/xlink"
                           resourceRelationType="subjectOf"
                           xlink:href="FRAN_IR_023940"
                           xlink:type="simple">
            <relationEntry localType="archival">Autorités administratives indépendantes ; Commission nationale des comptes de campagnes et des financements politiques (2001-2001)</relationEntry>
         </resourceRelation>
         <resourceRelation xmlns:xlink="http://www.w3.org/1999/xlink"
                           resourceRelationType="subjectOf"
                           xlink:href="FRAN_IR_023941"
                           xlink:type="simple">
            <relationEntry localType="archival">Autorités administratives indépendantes ; Commission nationale des comptes de campagnes et des financements politiques (2002-2002)</relationEntry>
         </resourceRelation>
         <resourceRelation xmlns:xlink="http://www.w3.org/1999/xlink"
                           resourceRelationType="subjectOf"
                           xlink:href="FRAN_IR_023942"
                           xlink:type="simple">
            <relationEntry localType="archival">Autorités administratives indépendantes ; Commission nationale des comptes de campagnes et des financements politiques (2002-2002)</relationEntry>
         </resourceRelation>
         <resourceRelation xmlns:xlink="http://www.w3.org/1999/xlink"
                           resourceRelationType="subjectOf"
                           xlink:href="FRAN_IR_010052"
                           xlink:type="simple">
            <relationEntry localType="archival">Autorités administratives indépendantes ; Commission nationale des comptes de campagnes et des financements politiques (1998-1998)</relationEntry>
         </resourceRelation>
         <resourceRelation xmlns:xlink="http://www.w3.org/1999/xlink"
                           resourceRelationType="subjectOf"
                           xlink:href="FRAN_IR_010053"
                           xlink:type="simple">
            <relationEntry localType="archival">Autorités administratives indépendantes ; Commission nationale des comptes de campagnes et des financements politiques (1998-1998)</relationEntry>
         </resourceRelation>
         <resourceRelation xmlns:xlink="http://www.w3.org/1999/xlink"
                           resourceRelationType="subjectOf"
                           xlink:href="FRAN_IR_010056"
                           xlink:type="simple">
            <relationEntry localType="archival">Autorités administratives indépendantes ; Commission nationale des comptes de campagnes et des financements politiques (1998-1998)</relationEntry>
         </resourceRelation>
         <resourceRelation xmlns:xlink="http://www.w3.org/1999/xlink"
                           resourceRelationType="subjectOf"
                           xlink:href="FRAN_IR_013460"
                           xlink:type="simple">
            <relationEntry localType="archival">Autorités administratives indépendantes ; Commission nationale des comptes de campagnes et des financements politiques (1997-1997)</relationEntry>
         </resourceRelation>
         <resourceRelation xmlns:xlink="http://www.w3.org/1999/xlink"
                           resourceRelationType="subjectOf"
                           xlink:href="FRAN_IR_013458"
                           xlink:type="simple">
            <relationEntry localType="archival">Autorités administratives indépendantes ; Commission nationale des comptes de campagnes et des financements politiques (1997-1997)</relationEntry>
         </resourceRelation>
         <resourceRelation xmlns:xlink="http://www.w3.org/1999/xlink"
                           resourceRelationType="subjectOf"
                           xlink:href="FRAN_IR_013459"
                           xlink:type="simple">
            <relationEntry localType="archival">Autorités administratives indépendantes ; Commission nationale des comptes de campagnes et des financements politiques (1997-1997)</relationEntry>
         </resourceRelation>
         <resourceRelation xmlns:xlink="http://www.w3.org/1999/xlink"
                           resourceRelationType="subjectOf"
                           xlink:href="FRAN_IR_013461"
                           xlink:type="simple">
            <relationEntry localType="archival">Autorités administratives indépendantes ; Commission nationale des comptes de campagnes et des financements politiques (1997-1997)</relationEntry>
         </resourceRelation>
         <resourceRelation xmlns:xlink="http://www.w3.org/1999/xlink"
                           resourceRelationType="subjectOf"
                           xlink:href="FRAN_IR_018891"
                           xlink:type="simple">
            <relationEntry localType="archival">Autorités administratives indépendantes ; Commission nationale des comptes de campagnes et des financements politiques (1992-1992)</relationEntry>
         </resourceRelation>
         <resourceRelation xmlns:xlink="http://www.w3.org/1999/xlink"
                           resourceRelationType="subjectOf"
                           xlink:href="FRAN_IR_018892"
                           xlink:type="simple">
            <relationEntry localType="archival">Autorités administratives indépendantes ; Commission nationale des comptes de campagnes et des financements politiques (1992-1992)</relationEntry>
         </resourceRelation>
         <resourceRelation xmlns:xlink="http://www.w3.org/1999/xlink"
                           resourceRelationType="subjectOf"
                           xlink:href="FRAN_IR_018893"
                           xlink:type="simple">
            <relationEntry localType="archival">Autorités administratives indépendantes ; Commission nationale des comptes de campagnes et des financements politiques (1992-1992)</relationEntry>
         </resourceRelation>
         <resourceRelation xmlns:xlink="http://www.w3.org/1999/xlink"
                           resourceRelationType="subjectOf"
                           xlink:href="FRAN_IR_019156"
                           xlink:type="simple">
            <relationEntry localType="archival">Autorités administratives indépendantes ; Commission nationale des comptes de campagnes et des financements politiques (1994-1994)</relationEntry>
         </resourceRelation>
         <resourceRelation xmlns:xlink="http://www.w3.org/1999/xlink"
                           resourceRelationType="subjectOf"
                           xlink:href="FRAN_IR_019158"
                           xlink:type="simple">
            <relationEntry localType="archival">Autorités administratives indépendantes ; Commission nationale des comptes de campagnes et des financements politiques (1994-1994)</relationEntry>
         </resourceRelation>
         <resourceRelation xmlns:xlink="http://www.w3.org/1999/xlink"
                           resourceRelationType="subjectOf"
                           xlink:href="FRAN_IR_026686"
                           xlink:type="simple">
            <relationEntry localType="archival">Autorités administratives indépendantes ; Commission nationale des comptes de campagnes et des financements politiques (2002-2002)</relationEntry>
         </resourceRelation>
         <resourceRelation xmlns:xlink="http://www.w3.org/1999/xlink"
                           resourceRelationType="subjectOf"
                           xlink:href="FRAN_IR_053037"
                           xlink:type="simple">
            <relationEntry localType="archival">Comptes de campagne (élections législatives partielles de 2004)</relationEntry>
         </resourceRelation>
         <resourceRelation xmlns:xlink="http://www.w3.org/1999/xlink"
                           resourceRelationType="subjectOf"
                           xlink:href="FRAN_IR_053366"
                           xlink:type="simple">
            <relationEntry localType="archival">Élections européennes (13 juin 1999)</relationEntry>
         </resourceRelation>
         <resourceRelation xmlns:xlink="http://www.w3.org/1999/xlink"
                           resourceRelationType="subjectOf"
                           xlink:href="FRAN_IR_053369"
                           xlink:type="simple">
            <relationEntry localType="archival">Élections cantonales et municipales partielles (2006)</relationEntry>
         </resourceRelation>
         <resourceRelation xmlns:xlink="http://www.w3.org/1999/xlink"
                           resourceRelationType="subjectOf"
                           xlink:href="FRAN_IR_053393"
                           xlink:type="simple">
            <relationEntry localType="archival">Élections européennes (juin 2004)</relationEntry>
         </resourceRelation>
         <resourceRelation xmlns:xlink="http://www.w3.org/1999/xlink"
                           resourceRelationType="subjectOf"
                           xlink:href="FRAN_IR_053394"
                           xlink:type="simple">
            <relationEntry localType="archival">Élections européennes (juin 2004)</relationEntry>
         </resourceRelation>
         <resourceRelation xmlns:xlink="http://www.w3.org/1999/xlink"
                           resourceRelationType="creatorOf"
                           xlink:href="FRAN_IR_023616"
                           xlink:type="simple">
            <relationEntry localType="archival">Autorités administratives indépendantes ; Commission nationale des comptes de campagnes et des financements politiques (2001-2001)</relationEntry>
         </resourceRelation>
         <resourceRelation xmlns:xlink="http://www.w3.org/1999/xlink"
                           resourceRelationType="creatorOf"
                           xlink:href="FRAN_IR_055403"
                           xlink:type="simple">
            <relationEntry localType="archival">Elections partielles de 2002</relationEntry>
         </resourceRelation>
         <resourceRelation xmlns:xlink="http://www.w3.org/1999/xlink"
                           resourceRelationType="creatorOf"
                           xlink:href="FRAN_IR_055418"
                           xlink:type="simple">
            <relationEntry localType="archival">Elections partielles de 1999</relationEntry>
         </resourceRelation>
         <resourceRelation xmlns:xlink="http://www.w3.org/1999/xlink"
                           resourceRelationType="creatorOf"
                           xlink:href="FRAN_IR_055404"
                           xlink:type="simple">
            <relationEntry localType="archival">Elections partielles de 2003</relationEntry>
         </resourceRelation>
         <resourceRelation xmlns:xlink="http://www.w3.org/1999/xlink"
                           resourceRelationType="creatorOf"
                           xlink:href="FRAN_IR_055401"
                           xlink:type="simple">
            <relationEntry localType="archival">Élections cantonales générales (2004)</relationEntry>
         </resourceRelation>
         <resourceRelation xmlns:xlink="http://www.w3.org/1999/xlink"
                           resourceRelationType="creatorOf"
                           xlink:href="FRAN_IR_055425"
                           xlink:type="simple">
            <relationEntry localType="archival">Elections cantonales générales (2004)</relationEntry>
         </resourceRelation>
         <resourceRelation xmlns:xlink="http://www.w3.org/1999/xlink"
                           resourceRelationType="creatorOf"
                           xlink:href="FRAN_IR_055609"
                           xlink:type="simple">
            <relationEntry localType="archival">Elections cantonales partielles (2004)</relationEntry>
         </resourceRelation>
         <resourceRelation xmlns:xlink="http://www.w3.org/1999/xlink"
                           resourceRelationType="creatorOf"
                           xlink:href="FRAN_IR_055610"
                           xlink:type="simple">
            <relationEntry localType="archival">Elections cantonales partielles (2004)</relationEntry>
         </resourceRelation>
         <resourceRelation xmlns:xlink="http://www.w3.org/1999/xlink"
                           resourceRelationType="creatorOf"
                           xlink:href="FRAN_IR_055400"
                           xlink:type="simple">
            <relationEntry localType="archival">Elections partielles  de 2000</relationEntry>
         </resourceRelation>
         <resourceRelation xmlns:xlink="http://www.w3.org/1999/xlink"
                           resourceRelationType="creatorOf"
                           xlink:href="FRAN_IR_019157"
                           xlink:type="simple">
            <relationEntry localType="archival">Archives de la Commission nationale des comptes de campagne et des financements
          politiques. Dossiers de synthèse des élections cantonales de 1994 (1994).</relationEntry>
         </resourceRelation>
         <resourceRelation xmlns:xlink="http://www.w3.org/1999/xlink"
                           resourceRelationType="creatorOf"
                           xlink:href="FRAN_IR_019159"
                           xlink:type="simple">
            <relationEntry localType="archival">Archives de la Commission nationale des comptes de campagne et des financements
     politiques. Dossiers de synthèse des élections partielles de 1994 (1994).</relationEntry>
         </resourceRelation>
      </relations>
   </cpfDescription>
</eac-cpf>
