<eac-cpf xmlns="urn:isbn:1-931666-33-4"
         xmlns:xsi="http://www.w3.org/2001/XMLSchema-instance"
         xsi:schemaLocation="urn:isbn:1-931666-33-4 cpf.xsd">
   <control>
      <recordId>FRAN_NP_000446</recordId>
      <otherRecordId localType="Ancien_identifiant">2103/C</otherRecordId>
      <maintenanceStatus>derived</maintenanceStatus>
      <maintenanceAgency>
         <agencyName>Archives nationales de France</agencyName>
      </maintenanceAgency>
      <languageDeclaration>
         <language languageCode="fre">Français</language>
         <script scriptCode="Latn"/>
      </languageDeclaration>
      <conventionDeclaration>
         <citation>Notice établie conformément à la norme ICA-ISAAR (CPF) 2004, aux normes ISO 8601 pour le système de normalisation des dates utilisé, ainsi que AFNOR NF Z 44-061, juin 1986. Catalogage : forme et structure des vedettes noms de personne, des vedettes titres, des rubriques de classement et des titres forgés.</citation>
      </conventionDeclaration>
      <localControl localType="niveau_de_detail">
         <term>Moyenne</term>
      </localControl>
      <maintenanceHistory>
         <maintenanceEvent>
            <eventType>derived</eventType>
            <eventDateTime>2013-04-23</eventDateTime>
            <agentType>machine</agentType>
            <agent>Import_SIA</agent>
         </maintenanceEvent>
      </maintenanceHistory>
   </control>
   <cpfDescription>
      <identity>
         <entityType>corporateBody</entityType>
         <nameEntry scriptCode="Latn" localType="autorisée" xml:lang="fre">
            <part>Sous-direction du droit civil (direction des affaires civiles et du sceau)</part>
         </nameEntry>
         <nameEntry>
            <part>Sous-direction de la législation civil, de la nationalité et de la procédure</part>
            <useDates>
               <dateRange>
                  <fromDate standardDate="1994-01-01">1994</fromDate>
                  <toDate standardDate="2003-12-31">2003</toDate>
               </dateRange>
            </useDates>
         </nameEntry>
      </identity>
      <description>
         <existDates>
            <dateRange>
               <fromDate standardDate="1994-01-01">1994</fromDate>
            </dateRange>
         </existDates>
         <legalStatuses>
            <legalStatus>
               <term vocabularySource="d5blonaxbw--1mt8t42bokzts">service d'administration centrale</term>
            </legalStatus>
         </legalStatuses>
      </description>
      <relations>
         <cpfRelation xmlns:xlink="http://www.w3.org/1999/xlink"
                      cpfRelationType="hierarchical-parent"
                      xlink:href="FRAN_NP_000468"
                      xlink:type="simple">
            <relationEntry>Direction des affaires civiles et du sceau</relationEntry>
            <dateRange>
               <fromDate standardDate="1994-01-01">1994</fromDate>
               <toDate/>
            </dateRange>
         </cpfRelation>
         <cpfRelation xmlns:xlink="http://www.w3.org/1999/xlink"
                      cpfRelationType="hierarchical-child"
                      xlink:href="FRAN_NP_000440"
                      xlink:type="simple">
            <relationEntry>Bureau du droit civil général et section du sceau (direction des affaires civiles et du sceau)</relationEntry>
            <dateRange>
               <fromDate standardDate="1994-01-01">1994</fromDate>
               <toDate standardDate="2003-12-31">2003</toDate>
            </dateRange>
         </cpfRelation>
         <cpfRelation xmlns:xlink="http://www.w3.org/1999/xlink"
                      cpfRelationType="hierarchical-child"
                      xlink:href="FRAN_NP_000442"
                      xlink:type="simple">
            <relationEntry>Bureau du droit processuel et du droit social (direction des affaires civiles et du sceau)</relationEntry>
            <dateRange>
               <fromDate standardDate="1994-01-01">1994</fromDate>
            </dateRange>
         </cpfRelation>
         <cpfRelation xmlns:xlink="http://www.w3.org/1999/xlink"
                      cpfRelationType="hierarchical-child"
                      xlink:href="FRAN_NP_000444"
                      xlink:type="simple">
            <relationEntry>Bureau du droit des personnes et de la famille et section du sceau (direction des affaires civiles et du sceau)</relationEntry>
            <dateRange>
               <fromDate standardDate="2003-01-01">2003</fromDate>
            </dateRange>
         </cpfRelation>
         <cpfRelation xmlns:xlink="http://www.w3.org/1999/xlink"
                      cpfRelationType="hierarchical-child"
                      xlink:href="FRAN_NP_000443"
                      xlink:type="simple">
            <relationEntry>Bureau de la nationalité (direction des affaires civiles et du sceau)</relationEntry>
            <dateRange>
               <fromDate standardDate="1994-01-01">1994</fromDate>
            </dateRange>
         </cpfRelation>
         <cpfRelation xmlns:xlink="http://www.w3.org/1999/xlink"
                      cpfRelationType="hierarchical-child"
                      xlink:href="FRAN_NP_000445"
                      xlink:type="simple">
            <relationEntry>Bureau du droit des obligations (direction des affaires civiles et du sceau)</relationEntry>
            <dateRange>
               <fromDate standardDate="2003-01-01">2003</fromDate>
            </dateRange>
         </cpfRelation>
         <cpfRelation xmlns:xlink="http://www.w3.org/1999/xlink"
                      cpfRelationType="temporal-earlier"
                      xlink:href="FRAN_NP_000770"
                      xlink:type="simple">
            <relationEntry>Sous-direction de la législation civile et de la procédure (direction des affaires civiles et du sceau)</relationEntry>
            <dateRange>
               <fromDate standardDate="1994-01-01">1994</fromDate>
            </dateRange>
         </cpfRelation>
         <cpfRelation xmlns:xlink="http://www.w3.org/1999/xlink"
                      cpfRelationType="temporal-earlier"
                      xlink:href="FRAN_NP_000771"
                      xlink:type="simple">
            <relationEntry>Sous-direction du droit international et commercial, de la nationalité et du sceau (direction des affaires civiles et du sceau)</relationEntry>
            <dateRange>
               <fromDate standardDate="1994-01-01">1994</fromDate>
            </dateRange>
         </cpfRelation>
      </relations>
   </cpfDescription>
</eac-cpf>
