<eac-cpf xmlns="urn:isbn:1-931666-33-4"
         xmlns:xsi="http://www.w3.org/2001/XMLSchema-instance"
         xsi:schemaLocation="urn:isbn:1-931666-33-4 cpf.xsd">
   <control>
      <recordId>FRAN_NP_000135</recordId>
      <otherRecordId localType="Ancien_identifiant">1201/DCC</otherRecordId>
      <maintenanceStatus>revised</maintenanceStatus>
      <maintenanceAgency>
         <agencyName>Archives nationales de France</agencyName>
      </maintenanceAgency>
      <languageDeclaration>
         <language languageCode="fre">Français</language>
         <script scriptCode="Latn"/>
      </languageDeclaration>
      <conventionDeclaration>
         <citation>Notice établie conformément à la norme ICA-ISAAR (CPF) 2004, aux normes ISO 8601 pour le système de normalisation des dates utilisé, ainsi que AFNOR NF Z 44-061, juin 1986. Catalogage : forme et structure des vedettes noms de personne, des vedettes titres, des rubriques de classement et des titres forgés.</citation>
      </conventionDeclaration>
      <localControl localType="niveau_de_detail">
         <term>Moyenne</term>
      </localControl>
      <maintenanceHistory>
         <maintenanceEvent>
            <eventType>derived</eventType>
            <eventDateTime>2013-04-23</eventDateTime>
            <agentType>machine</agentType>
            <agent>Import_SIA</agent>
         </maintenanceEvent>
         <maintenanceEvent>
            <eventType>revised</eventType>
            <eventDateTime>2015-09-30</eventDateTime>
            <agentType>human</agentType>
            <agent>Blandine WAGNER</agent>
            <eventDescription>Anciens identifiants : 1201/DCC, 1201DCC, 1201/DOC</eventDescription>
         </maintenanceEvent>
      </maintenanceHistory>
   </control>
   <cpfDescription>
      <identity>
         <entityType>corporateBody</entityType>
         <nameEntry localType="autorisée" scriptCode="Latn" xml:lang="fre">
            <part>Conseiller au cabinet du Premier ministre</part>
         </nameEntry>
      </identity>
      <description>
         <existDates>
            <dateRange>
               <fromDate standardDate="1981-01-01">1981</fromDate>
            </dateRange>
         </existDates>
         <legalStatuses>
            <legalStatus>
               <term vocabularySource="d5blonb04s-1nqrprwwl75h0">cabinet ministériel</term>
            </legalStatus>
         </legalStatuses>
      </description>
      <relations>
         <cpfRelation xmlns:xlink="http://www.w3.org/1999/xlink"
                      cpfRelationType="hierarchical-parent"
                      xlink:href="FRAN_NP_000144"
                      xlink:type="simple">
            <relationEntry>Cabinet du Premier ministre</relationEntry>
            <dateRange>
               <fromDate standardDate="1981-01-01">1981</fromDate>
            </dateRange>
         </cpfRelation>
         <resourceRelation xmlns:xlink="http://www.w3.org/1999/xlink"
                           resourceRelationType="subjectOf"
                           xlink:href="FRAN_IR_007956"
                           xlink:type="simple">
            <relationEntry localType="archival">Premier ministre ; Cabinet du Premier ministre et services rattachés ; Cabinet ; Conseiller (1986-1988)</relationEntry>
         </resourceRelation>
         <resourceRelation xmlns:xlink="http://www.w3.org/1999/xlink"
                           resourceRelationType="subjectOf"
                           xlink:href="FRAN_IR_008723"
                           xlink:type="simple">
            <relationEntry localType="archival">Premier ministre ; Cabinet du Premier ministre et services rattachés ; Cabinet ; Conseiller (1986-1988)</relationEntry>
         </resourceRelation>
         <resourceRelation xmlns:xlink="http://www.w3.org/1999/xlink"
                           resourceRelationType="subjectOf"
                           xlink:href="FRAN_IR_008846"
                           xlink:type="simple">
            <relationEntry localType="archival">Premier ministre ; Cabinet du Premier ministre et services rattachés ; Cabinet ; Conseiller (1988-1993)</relationEntry>
         </resourceRelation>
         <resourceRelation xmlns:xlink="http://www.w3.org/1999/xlink"
                           resourceRelationType="subjectOf"
                           xlink:href="FRAN_IR_008900"
                           xlink:type="simple">
            <relationEntry localType="archival">Premier ministre ; Cabinet du Premier ministre et services rattachés ; Cabinet ; Conseiller (1991-1992)</relationEntry>
         </resourceRelation>
         <resourceRelation xmlns:xlink="http://www.w3.org/1999/xlink"
                           resourceRelationType="subjectOf"
                           xlink:href="FRAN_IR_009173"
                           xlink:type="simple">
            <relationEntry localType="archival">Premier ministre ; Cabinet du Premier ministre et services rattachés ; Cabinet ; Conseiller (1992-1993)</relationEntry>
         </resourceRelation>
         <resourceRelation xmlns:xlink="http://www.w3.org/1999/xlink"
                           resourceRelationType="subjectOf"
                           xlink:href="FRAN_IR_009174"
                           xlink:type="simple">
            <relationEntry localType="archival">Premier ministre ; Cabinet du Premier ministre et services rattachés ; Cabinet ; Conseiller (1992-1993)</relationEntry>
         </resourceRelation>
         <resourceRelation xmlns:xlink="http://www.w3.org/1999/xlink"
                           resourceRelationType="subjectOf"
                           xlink:href="FRAN_IR_009194"
                           xlink:type="simple">
            <relationEntry localType="archival">Premier ministre ; Cabinet du Premier ministre et services rattachés ; Cabinet ; Conseiller (1992-1993)</relationEntry>
         </resourceRelation>
         <resourceRelation xmlns:xlink="http://www.w3.org/1999/xlink"
                           resourceRelationType="subjectOf"
                           xlink:href="FRAN_IR_009198"
                           xlink:type="simple">
            <relationEntry localType="archival">Premier ministre ; Cabinet du Premier ministre et services rattachés ; Cabinet ; Conseiller (1992-1993)</relationEntry>
         </resourceRelation>
         <resourceRelation xmlns:xlink="http://www.w3.org/1999/xlink"
                           resourceRelationType="subjectOf"
                           xlink:href="FRAN_IR_009259"
                           xlink:type="simple">
            <relationEntry localType="archival">Premier ministre ; Cabinet du Premier ministre et services rattachés ; Cabinet ; Conseiller (1993-1995)</relationEntry>
         </resourceRelation>
         <resourceRelation xmlns:xlink="http://www.w3.org/1999/xlink"
                           resourceRelationType="subjectOf"
                           xlink:href="FRAN_IR_009410"
                           xlink:type="simple">
            <relationEntry localType="archival">Premier ministre ; Cabinet du Premier ministre et services rattachés ; Cabinet ; Conseiller (1994-1994)</relationEntry>
         </resourceRelation>
         <resourceRelation xmlns:xlink="http://www.w3.org/1999/xlink"
                           resourceRelationType="subjectOf"
                           xlink:href="FRAN_IR_010461"
                           xlink:type="simple">
            <relationEntry localType="archival">Premier ministre ; Cabinet du Premier ministre et services rattachés ; Cabinet ; Conseiller (1997-2002)</relationEntry>
         </resourceRelation>
         <resourceRelation xmlns:xlink="http://www.w3.org/1999/xlink"
                           resourceRelationType="subjectOf"
                           xlink:href="FRAN_IR_013995"
                           xlink:type="simple">
            <relationEntry localType="archival">Premier ministre ; Cabinet du Premier Ministre et services rattachés ; Cabinet ; Conseiller (1981-1986)</relationEntry>
         </resourceRelation>
         <resourceRelation xmlns:xlink="http://www.w3.org/1999/xlink"
                           resourceRelationType="subjectOf"
                           xlink:href="FRAN_IR_050025"
                           xlink:type="simple">
            <relationEntry localType="archival">Premier ministre ; Cabinet du Premier Ministre et services rattachés ; Cabinet ; Conseiller (1982-1986)</relationEntry>
         </resourceRelation>
         <resourceRelation xmlns:xlink="http://www.w3.org/1999/xlink"
                           resourceRelationType="subjectOf"
                           xlink:href="FRAN_IR_013998"
                           xlink:type="simple">
            <relationEntry localType="archival">Premier ministre ; Cabinet du Premier Ministre et services rattachés ; Cabinet ; Conseiller (1984-1986)</relationEntry>
         </resourceRelation>
         <resourceRelation xmlns:xlink="http://www.w3.org/1999/xlink"
                           resourceRelationType="subjectOf"
                           xlink:href="FRAN_IR_013997"
                           xlink:type="simple">
            <relationEntry localType="archival">Premier ministre ; Cabinet du Premier Ministre et services rattachés ; Cabinet ; Conseiller (1981-1986)</relationEntry>
         </resourceRelation>
         <resourceRelation xmlns:xlink="http://www.w3.org/1999/xlink"
                           resourceRelationType="subjectOf"
                           xlink:href="FRAN_IR_013999"
                           xlink:type="simple">
            <relationEntry localType="archival">Premier ministre ; Cabinet du Premier Ministre et services rattachés ; Cabinet ; Conseiller (1984-1986)</relationEntry>
         </resourceRelation>
         <resourceRelation xmlns:xlink="http://www.w3.org/1999/xlink"
                           resourceRelationType="subjectOf"
                           xlink:href="FRAN_IR_007369"
                           xlink:type="simple">
            <relationEntry localType="archival">Premier ministre ; Cabinet du Premier ministre et services rattachés ; Cabinet ; Conseiller (1986-1988)</relationEntry>
         </resourceRelation>
         <resourceRelation xmlns:xlink="http://www.w3.org/1999/xlink"
                           resourceRelationType="subjectOf"
                           xlink:href="FRAN_IR_016115"
                           xlink:type="simple">
            <relationEntry localType="archival">Premier ministre ; Cabinet du Premier ministre et services rattachés ; Cabinet ; Conseiller (1995-2001)</relationEntry>
         </resourceRelation>
         <resourceRelation xmlns:xlink="http://www.w3.org/1999/xlink"
                           resourceRelationType="subjectOf"
                           xlink:href="FRAN_IR_018307"
                           xlink:type="simple">
            <relationEntry localType="archival">Premier ministre ; Cabinet du Premier Ministre et services rattachés ; Cabinet ; Conseiller (1988-1991)</relationEntry>
         </resourceRelation>
         <resourceRelation xmlns:xlink="http://www.w3.org/1999/xlink"
                           resourceRelationType="subjectOf"
                           xlink:href="FRAN_IR_018705"
                           xlink:type="simple">
            <relationEntry localType="archival">Premier ministre ; Cabinet du Premier ministre et services rattachés ; Cabinet ; Conseiller (1993-1995)</relationEntry>
         </resourceRelation>
         <resourceRelation xmlns:xlink="http://www.w3.org/1999/xlink"
                           resourceRelationType="subjectOf"
                           xlink:href="FRAN_IR_023100"
                           xlink:type="simple">
            <relationEntry localType="archival">Premier ministre ; Cabinet du Premier ministre et services rattachés ; Cabinet ; Conseiller (1995-1997)</relationEntry>
         </resourceRelation>
         <resourceRelation xmlns:xlink="http://www.w3.org/1999/xlink"
                           resourceRelationType="subjectOf"
                           xlink:href="FRAN_IR_023345"
                           xlink:type="simple">
            <relationEntry localType="archival">Premier ministre ; Cabinet du Premier ministre et services rattachés ; Cabinet ; Conseiller (1995-1997)</relationEntry>
         </resourceRelation>
         <resourceRelation xmlns:xlink="http://www.w3.org/1999/xlink"
                           resourceRelationType="subjectOf"
                           xlink:href="FRAN_IR_023346"
                           xlink:type="simple">
            <relationEntry localType="archival">Premier ministre ; Cabinet du Premier ministre et services rattachés ; Cabinet ; Conseiller (1995-1997)</relationEntry>
         </resourceRelation>
         <resourceRelation xmlns:xlink="http://www.w3.org/1999/xlink"
                           resourceRelationType="subjectOf"
                           xlink:href="FRAN_IR_023413"
                           xlink:type="simple">
            <relationEntry localType="archival">Premier ministre ; Cabinet du Premier ministre et services rattachés ; Cabinet ; Conseiller (1995-1997)</relationEntry>
         </resourceRelation>
         <resourceRelation xmlns:xlink="http://www.w3.org/1999/xlink"
                           resourceRelationType="subjectOf"
                           xlink:href="FRAN_IR_023744"
                           xlink:type="simple">
            <relationEntry localType="archival">Premier ministre ; Cabinet du Premier ministre et services rattachés ; Cabinet ; Conseiller (2001-2002)</relationEntry>
         </resourceRelation>
         <resourceRelation xmlns:xlink="http://www.w3.org/1999/xlink"
                           resourceRelationType="subjectOf"
                           xlink:href="FRAN_IR_023873"
                           xlink:type="simple">
            <relationEntry localType="archival">Premier ministre ; Cabinet du Premier ministre et services rattachés ; Cabinet ; Conseiller (1995-2002)</relationEntry>
         </resourceRelation>
         <resourceRelation xmlns:xlink="http://www.w3.org/1999/xlink"
                           resourceRelationType="subjectOf"
                           xlink:href="FRAN_IR_026355"
                           xlink:type="simple">
            <relationEntry localType="archival">Premier ministre ; Cabinet du Premier ministre et services rattachés ; Cabinet ; Conseiller (1997-2001)</relationEntry>
         </resourceRelation>
         <resourceRelation xmlns:xlink="http://www.w3.org/1999/xlink"
                           resourceRelationType="subjectOf"
                           xlink:href="FRAN_IR_026456"
                           xlink:type="simple">
            <relationEntry localType="archival">Premier ministre ; Cabinet du Premier ministre et services rattachés ; Cabinet ; Conseiller (1997-2002)</relationEntry>
         </resourceRelation>
         <resourceRelation xmlns:xlink="http://www.w3.org/1999/xlink"
                           resourceRelationType="subjectOf"
                           xlink:href="FRAN_IR_050030"
                           xlink:type="simple">
            <relationEntry localType="archival">Premier ministre ; Cabinet du Premier Ministre et services rattachés ; Cabinet ; Conseiller (1982-1986)</relationEntry>
         </resourceRelation>
         <resourceRelation xmlns:xlink="http://www.w3.org/1999/xlink"
                           resourceRelationType="subjectOf"
                           xlink:href="FRAN_IR_016205"
                           xlink:type="simple">
            <relationEntry localType="archival">Premier ministre ; Cabinet du Premier ministre et services rattachés (1994-2002)</relationEntry>
         </resourceRelation>
         <resourceRelation xmlns:xlink="http://www.w3.org/1999/xlink"
                           resourceRelationType="subjectOf"
                           xlink:href="FRAN_IR_009404"
                           xlink:type="simple">
            <relationEntry localType="archival">Premier ministre ; Cabinet du Premier ministre et services rattachés ; Cabinet ; Conseiller (1993-1995)</relationEntry>
         </resourceRelation>
         <resourceRelation xmlns:xlink="http://www.w3.org/1999/xlink"
                           resourceRelationType="subjectOf"
                           xlink:href="FRAN_IR_010009"
                           xlink:type="simple">
            <relationEntry localType="archival">Premier ministre ; Cabinet du Premier ministre et services rattachés ; Cabinet ; Conseiller (1995-1997)</relationEntry>
         </resourceRelation>
         <resourceRelation xmlns:xlink="http://www.w3.org/1999/xlink"
                           resourceRelationType="subjectOf"
                           xlink:href="FRAN_IR_019758"
                           xlink:type="simple">
            <relationEntry localType="archival">Premier ministre ; Cabinet du Premier ministre et services rattachés ; Cabinet ; Conseiller (1995-1996)</relationEntry>
         </resourceRelation>
         <resourceRelation xmlns:xlink="http://www.w3.org/1999/xlink"
                           resourceRelationType="subjectOf"
                           xlink:href="FRAN_IR_023029"
                           xlink:type="simple">
            <relationEntry localType="archival">Premier ministre ; Cabinet du Premier ministre et services rattachés ; Cabinet ; Conseiller (1995-1997)</relationEntry>
         </resourceRelation>
         <resourceRelation xmlns:xlink="http://www.w3.org/1999/xlink"
                           resourceRelationType="creatorOf"
                           xlink:href="FRAN_IR_013996"
                           xlink:type="simple">
            <relationEntry localType="archival">Premier ministre ; Cabinet du Premier Ministre et services rattachés ; Cabinet ; Conseiller (1982-1986)</relationEntry>
         </resourceRelation>
      </relations>
   </cpfDescription>
</eac-cpf>
