<eac-cpf xmlns="urn:isbn:1-931666-33-4"
         xmlns:xsi="http://www.w3.org/2001/XMLSchema-instance"
         xsi:schemaLocation="urn:isbn:1-931666-33-4 cpf.xsd">
   <control>
      <recordId>FRAN_NP_000369</recordId>
      <maintenanceStatus>derived</maintenanceStatus>
      <maintenanceAgency>
         <agencyName>Archives nationales de France</agencyName>
      </maintenanceAgency>
      <languageDeclaration>
         <language languageCode="fre">Français</language>
         <script scriptCode="Latn"/>
      </languageDeclaration>
      <conventionDeclaration>
         <citation>Notice établie conformément à la norme ICA-ISAAR (CPF) 2004, aux normes ISO 8601 pour le système de normalisation des dates utilisé, ainsi que AFNOR NF Z 44-061, juin 1986. Catalogage : forme et structure des vedettes noms de personne, des vedettes titres, des rubriques de classement et des titres forgés.</citation>
      </conventionDeclaration>
      <localControl localType="niveau_de_detail">
         <term>Moyenne</term>
      </localControl>
      <maintenanceHistory>
         <maintenanceEvent>
            <eventType>derived</eventType>
            <eventDateTime>2013-04-23</eventDateTime>
            <agentType>machine</agentType>
            <agent>Import_SIA</agent>
         </maintenanceEvent>
      </maintenanceHistory>
   </control>
   <cpfDescription>
      <identity>
         <entityType>corporateBody</entityType>
         <nameEntry localType="autorisée" scriptCode="Latn" xml:lang="fre">
            <part>Direction du développement des médias</part>
         </nameEntry>
      </identity>
      <description>
         <existDates>
            <dateRange>
               <fromDate standardDate="2000-01-01">2000</fromDate>
               <toDate standardDate="2010-12-31">2010</toDate>
            </dateRange>
         </existDates>
         <legalStatuses>
            <legalStatus>
               <term vocabularySource="d5blonaxbw--1mt8t42bokzts">service d'administration centrale</term>
            </legalStatus>
         </legalStatuses>
      </description>
      <relations>
         <cpfRelation xmlns:xlink="http://www.w3.org/1999/xlink"
                      cpfRelationType="hierarchical-parent"
                      xlink:href="FRAN_NP_000002"
                      xlink:type="simple">
            <relationEntry>Premier ministre</relationEntry>
            <dateRange>
               <fromDate standardDate="2000-01-01">2000</fromDate>
               <toDate standardDate="2010-12-31">2010</toDate>
            </dateRange>
         </cpfRelation>
         <cpfRelation xmlns:xlink="http://www.w3.org/1999/xlink"
                      cpfRelationType="hierarchical-child"
                      xlink:href="FRAN_NP_000253"
                      xlink:type="simple">
            <relationEntry>Sous-direction du développement de la société de l'information</relationEntry>
            <dateRange>
               <fromDate standardDate="2003-01-01">2003</fromDate>
               <toDate standardDate="2010-12-31">2010</toDate>
            </dateRange>
         </cpfRelation>
         <cpfRelation xmlns:xlink="http://www.w3.org/1999/xlink"
                      cpfRelationType="associative"
                      xlink:href="FRAN_NP_050826"
                      xlink:type="simple">
            <relationEntry>Comité stratégique pour le numérique (France)</relationEntry>
            <dateRange>
               <fromDate standardDate="2006-05-03">3 mai 2006</fromDate>
               <toDate standardDate="2010-12-31">2010</toDate>
            </dateRange>
         </cpfRelation>
         <cpfRelation xmlns:xlink="http://www.w3.org/1999/xlink"
                      cpfRelationType="temporal-later"
                      xlink:href="FRAN_NP_005439"
                      xlink:type="simple">
            <relationEntry>France. Ministère de la Culture et de la Communication. Direction générale des Médias et des Industries culturelles (2010-....)</relationEntry>
            <dateRange>
               <fromDate standardDate="2010-01-13">13 janvier 2010</fromDate>
            </dateRange>
         </cpfRelation>
         <cpfRelation xmlns:xlink="http://www.w3.org/1999/xlink"
                      cpfRelationType="associative"
                      xlink:href="FRAN_NP_010085"
                      xlink:type="simple">
            <relationEntry>France Télé Numérique</relationEntry>
            <dateRange>
               <fromDate standardDate="2007-01-01">2007</fromDate>
               <toDate standardDate="2010-01-13">13 janvier 2010</toDate>
            </dateRange>
         </cpfRelation>
         <cpfRelation xmlns:xlink="http://www.w3.org/1999/xlink"
                      cpfRelationType="hierarchical-child"
                      xlink:href="FRAN_NP_000252"
                      xlink:type="simple">
            <relationEntry>Haut fonctionnaire de défense à l'information</relationEntry>
            <dateRange>
               <fromDate standardDate="2000-11-03">3 novembre 2000</fromDate>
               <toDate standardDate="2010-12-31">2010</toDate>
            </dateRange>
         </cpfRelation>
         <cpfRelation xmlns:xlink="http://www.w3.org/1999/xlink"
                      cpfRelationType="associative"
                      xlink:href="FRAN_NP_000221"
                      xlink:type="simple">
            <relationEntry>Secrétariat général du Gouvernement</relationEntry>
            <dateRange>
               <fromDate standardDate="2000-01-01">2000</fromDate>
               <toDate standardDate="2010-12-31">2010</toDate>
            </dateRange>
         </cpfRelation>
         <cpfRelation xmlns:xlink="http://www.w3.org/1999/xlink"
                      cpfRelationType="temporal-earlier"
                      xlink:href="FRAN_NP_000263"
                      xlink:type="simple">
            <relationEntry>Service juridique et technique de l'information et de la communication</relationEntry>
            <dateRange>
               <fromDate standardDate="2000-01-01">2000</fromDate>
            </dateRange>
         </cpfRelation>
         <resourceRelation xmlns:xlink="http://www.w3.org/1999/xlink"
                           resourceRelationType="creatorOf"
                           xlink:href="FRAN_IR_055453"
                           xlink:type="simple">
            <relationEntry localType="archival">Minutier chronologique des courriers des directeurs du Service Juridique et Technique de l'Information (SJTI), du Service juridique et technique de l’information et de la communication (SJTIC), de la Direction du Développement des Médias (DDM) et de la Direction Générale des Médias et Industries Culturelles (DGMIC)</relationEntry>
         </resourceRelation>
      </relations>
   </cpfDescription>
</eac-cpf>
