<eac-cpf xmlns="urn:isbn:1-931666-33-4"
         xmlns:xsi="http://www.w3.org/2001/XMLSchema-instance"
         xsi:schemaLocation="urn:isbn:1-931666-33-4 cpf.xsd">
   <control>
      <recordId>FRAN_NP_000319</recordId>
      <otherRecordId localType="Ancien_identifiant">1279/EIA</otherRecordId>
      <maintenanceStatus>derived</maintenanceStatus>
      <maintenanceAgency>
         <agencyName>Archives nationales de France</agencyName>
      </maintenanceAgency>
      <languageDeclaration>
         <language languageCode="fre">Français</language>
         <script scriptCode="Latn"/>
      </languageDeclaration>
      <conventionDeclaration>
         <citation>Notice établie conformément à la norme ICA-ISAAR (CPF) 2004, aux normes ISO 8601 pour le système de normalisation des dates utilisé, ainsi que AFNOR NF Z 44-061, juin 1986. Catalogage : forme et structure des vedettes noms de personne, des vedettes titres, des rubriques de classement et des titres forgés.</citation>
      </conventionDeclaration>
      <localControl localType="niveau_de_detail">
         <term>Moyenne</term>
      </localControl>
      <maintenanceHistory>
         <maintenanceEvent>
            <eventType>derived</eventType>
            <eventDateTime>2013-04-23</eventDateTime>
            <agentType>machine</agentType>
            <agent>Import_SIA</agent>
         </maintenanceEvent>
      </maintenanceHistory>
   </control>
   <cpfDescription>
      <identity>
         <entityType>corporateBody</entityType>
         <nameEntry localType="autorisée" scriptCode="Latn" xml:lang="fre">
            <part>Haut Comité d'études et d'information sur l'alcoolisme</part>
         </nameEntry>
      </identity>
      <description>
         <existDates>
            <dateRange>
               <fromDate standardDate="1954-01-01">1954</fromDate>
               <toDate standardDate="1991-12-31">1991</toDate>
            </dateRange>
         </existDates>
         <legalStatuses>
            <legalStatus>
               <term vocabularySource="d5blomrbsy--d2dm41z2xnq2">organisme consultatif</term>
            </legalStatus>
         </legalStatuses>
      </description>
      <relations>
         <cpfRelation xmlns:xlink="http://www.w3.org/1999/xlink"
                      cpfRelationType="hierarchical-parent"
                      xlink:href="FRAN_NP_000002"
                      xlink:type="simple">
            <relationEntry>Premier ministre</relationEntry>
            <dateRange>
               <fromDate standardDate="1959-01-08">8 janvier 1959</fromDate>
               <toDate standardDate="1991-12-31">1991</toDate>
            </dateRange>
         </cpfRelation>
         <resourceRelation xmlns:xlink="http://www.w3.org/1999/xlink"
                           resourceRelationType="subjectOf"
                           xlink:href="FRAN_IR_014979"
                           xlink:type="simple">
            <relationEntry localType="archival">Premier ministre ; Organismes rattachés directement ; Haut comité d'étude et d'information sur l'alcoolisme (1971-1987)</relationEntry>
         </resourceRelation>
         <resourceRelation xmlns:xlink="http://www.w3.org/1999/xlink"
                           resourceRelationType="subjectOf"
                           xlink:href="FRAN_IR_015201"
                           xlink:type="simple">
            <relationEntry localType="archival">Premier ministre ; Organismes rattachés directement ; Haut Comité d'étude et d'Information sur l'alcoolisme (1955-1991)</relationEntry>
         </resourceRelation>
         <resourceRelation xmlns:xlink="http://www.w3.org/1999/xlink"
                           resourceRelationType="subjectOf"
                           xlink:href="FRAN_IR_014531"
                           xlink:type="simple">
            <relationEntry localType="archival">Premier ministre ; Organismes rattachés directement ; Haut comité d'étude et d'information sur l'alcoolisme (1955-1985)</relationEntry>
         </resourceRelation>
         <resourceRelation xmlns:xlink="http://www.w3.org/1999/xlink"
                           resourceRelationType="subjectOf"
                           xlink:href="FRAN_IR_014686"
                           xlink:type="simple">
            <relationEntry localType="archival">Premier ministre ; Organismes rattachés directement ; Haut comité d'étude et d'information sur l'alcoolisme (1960-1987)</relationEntry>
         </resourceRelation>
         <resourceRelation xmlns:xlink="http://www.w3.org/1999/xlink"
                           resourceRelationType="subjectOf"
                           xlink:href="FRAN_IR_019662"
                           xlink:type="simple">
            <relationEntry localType="archival">Premier ministre ; Organismes rattachés directement ; Haut Comité d'étude et d'Information sur l'Alcoolisme (1955-1985)</relationEntry>
         </resourceRelation>
         <resourceRelation xmlns:xlink="http://www.w3.org/1999/xlink"
                           resourceRelationType="subjectOf"
                           xlink:href="FRAN_IR_019670"
                           xlink:type="simple">
            <relationEntry localType="archival">Premier ministre ; Organismes rattachés directement ; Haut Comité d'étude et d'Information sur l'Alcoolisme (1955-1985)</relationEntry>
         </resourceRelation>
         <resourceRelation xmlns:xlink="http://www.w3.org/1999/xlink"
                           resourceRelationType="subjectOf"
                           xlink:href="FRAN_IR_019678"
                           xlink:type="simple">
            <relationEntry localType="archival">Premier ministre ; Organismes rattachés directement ; Haut Comité d'étude et d'Information sur l'Alcoolisme (1955-1985)</relationEntry>
         </resourceRelation>
         <resourceRelation xmlns:xlink="http://www.w3.org/1999/xlink"
                           resourceRelationType="subjectOf"
                           xlink:href="FRAN_IR_019686"
                           xlink:type="simple">
            <relationEntry localType="archival">Premier ministre ; Organismes rattachés directement ; Haut Comité d'étude et d'Information sur l'Alcoolisme (1955-1985)</relationEntry>
         </resourceRelation>
         <resourceRelation xmlns:xlink="http://www.w3.org/1999/xlink"
                           resourceRelationType="subjectOf"
                           xlink:href="FRAN_IR_019731"
                           xlink:type="simple">
            <relationEntry localType="archival">Premier ministre ; Organismes rattachés directement ; Haut Comité d'étude et d'Information sur l'Alcoolisme (1980-1988)</relationEntry>
         </resourceRelation>
         <resourceRelation xmlns:xlink="http://www.w3.org/1999/xlink"
                           resourceRelationType="subjectOf"
                           xlink:href="FRAN_IR_019738"
                           xlink:type="simple">
            <relationEntry localType="archival">Premier ministre ; Organismes rattachés directement ; Haut Comité d'étude et d'Information sur l'Alcoolisme (1980-1988)</relationEntry>
         </resourceRelation>
         <resourceRelation xmlns:xlink="http://www.w3.org/1999/xlink"
                           resourceRelationType="subjectOf"
                           xlink:href="FRAN_IR_019745"
                           xlink:type="simple">
            <relationEntry localType="archival">Premier ministre ; Organismes rattachés directement ; Haut Comité d'étude et d'Information sur l'Alcoolisme (1980-1988)</relationEntry>
         </resourceRelation>
         <resourceRelation xmlns:xlink="http://www.w3.org/1999/xlink"
                           resourceRelationType="subjectOf"
                           xlink:href="FRAN_IR_026473"
                           xlink:type="simple">
            <relationEntry localType="archival">Premier ministre ; Organismes rattachés directement ; Haut Comité d'étude et d'Information sur l'Alcoolisme (1980-1988)</relationEntry>
         </resourceRelation>
         <resourceRelation xmlns:xlink="http://www.w3.org/1999/xlink"
                           resourceRelationType="creatorOf"
                           xlink:href="FRAN_IR_014536"
                           xlink:type="simple">
            <relationEntry localType="archival">Premier ministre, Haut comité d'étude et d'information sur l'alcoolisme
     (1974-1984)</relationEntry>
         </resourceRelation>
      </relations>
   </cpfDescription>
</eac-cpf>
