<eac-cpf xmlns="urn:isbn:1-931666-33-4"
         xmlns:xsi="http://www.w3.org/2001/XMLSchema-instance"
         xsi:schemaLocation="urn:isbn:1-931666-33-4 cpf.xsd">
   <control>
      <recordId>FRAN_NP_000218</recordId>
      <otherRecordId localType="Ancien_identifiant">1205/SAFP</otherRecordId>
      <maintenanceStatus>derived</maintenanceStatus>
      <maintenanceAgency>
         <agencyName>Archives nationales de France</agencyName>
      </maintenanceAgency>
      <languageDeclaration>
         <language languageCode="fre">Français</language>
         <script scriptCode="Latn"/>
      </languageDeclaration>
      <conventionDeclaration>
         <citation>Notice établie conformément à la norme ICA-ISAAR (CPF) 2004, aux normes ISO 8601 pour le système de normalisation des dates utilisé, ainsi que AFNOR NF Z 44-061, juin 1986. Catalogage : forme et structure des vedettes noms de personne, des vedettes titres, des rubriques de classement et des titres forgés.</citation>
      </conventionDeclaration>
      <localControl localType="niveau_de_detail">
         <term>Moyenne</term>
      </localControl>
      <maintenanceHistory>
         <maintenanceEvent>
            <eventType>derived</eventType>
            <eventDateTime>2013-04-23</eventDateTime>
            <agentType>machine</agentType>
            <agent>Import_SIA</agent>
         </maintenanceEvent>
      </maintenanceHistory>
   </control>
   <cpfDescription>
      <identity>
         <entityType>corporateBody</entityType>
         <nameEntry scriptCode="Latn" localType="autorisée" xml:lang="fre">
            <part>Sous-direction des ressources humaines (direction des services administratifs et financiers du Premier ministre)</part>
         </nameEntry>
         <nameEntry>
            <part>Sous-direction du personnel</part>
            <useDates>
               <dateRange>
                  <fromDate standardDate="1999-01-01">1999</fromDate>
                  <toDate standardDate="2005-12-31">2005</toDate>
               </dateRange>
            </useDates>
         </nameEntry>
         <nameEntry>
            <part>Sous-direction du personnel et de l'administration générale</part>
            <useDates>
               <dateRange>
                  <fromDate standardDate="1989-01-01">1989</fromDate>
                  <toDate standardDate="1999-12-31">1999</toDate>
               </dateRange>
            </useDates>
         </nameEntry>
         <nameEntry>
            <part>Sous-direction du personnel et du matériel</part>
            <useDates>
               <dateRange>
                  <fromDate standardDate="1976-01-01">1976</fromDate>
                  <toDate standardDate="1989-12-31">1989</toDate>
               </dateRange>
            </useDates>
         </nameEntry>
      </identity>
      <description>
         <existDates>
            <dateRange>
               <fromDate standardDate="1976-01-01">1976</fromDate>
            </dateRange>
         </existDates>
         <legalStatuses>
            <legalStatus>
               <term vocabularySource="d5blonaxbw--1mt8t42bokzts">service d'administration centrale</term>
            </legalStatus>
         </legalStatuses>
      </description>
      <relations>
         <cpfRelation xmlns:xlink="http://www.w3.org/1999/xlink"
                      cpfRelationType="hierarchical-child"
                      xlink:href="FRAN_NP_000217"
                      xlink:type="simple">
            <relationEntry>Bureau de l'action sociale et des rémunérations (direction des services administratifs et financiers du Premier ministre)</relationEntry>
            <dateRange>
               <fromDate standardDate="1976-01-01">1976</fromDate>
               <toDate standardDate="2005-12-31">2005</toDate>
            </dateRange>
         </cpfRelation>
         <cpfRelation xmlns:xlink="http://www.w3.org/1999/xlink"
                      cpfRelationType="hierarchical-child"
                      xlink:href="FRAN_NP_009674"
                      xlink:type="simple">
            <relationEntry>Bureau des affaires juridiques et contentieuses et des personnels de l'ancienne administration d'outre-mer (direction des services administratifs et financiers du Premier ministre)</relationEntry>
            <dateRange>
               <fromDate standardDate="1989-01-01">1989</fromDate>
               <toDate standardDate="2005-12-31">2005</toDate>
            </dateRange>
         </cpfRelation>
         <cpfRelation xmlns:xlink="http://www.w3.org/1999/xlink"
                      cpfRelationType="hierarchical-child"
                      xlink:href="FRAN_NP_009671"
                      xlink:type="simple">
            <relationEntry>Bureau de la gestion des personnels et de la réglementation (direction des services administratifs et financiers des services du Premier ministre)</relationEntry>
            <dateRange>
               <fromDate standardDate="1989-01-01">1989</fromDate>
               <toDate standardDate="1999-12-31">1999</toDate>
            </dateRange>
         </cpfRelation>
         <cpfRelation xmlns:xlink="http://www.w3.org/1999/xlink"
                      cpfRelationType="hierarchical-child"
                      xlink:href="FRAN_NP_009689"
                      xlink:type="simple">
            <relationEntry>Bureau de la formation et de l'action sociale (direction des services administratifs et financiers du Premier ministre)</relationEntry>
            <dateRange>
               <fromDate standardDate="2005-01-01">2005</fromDate>
            </dateRange>
         </cpfRelation>
         <cpfRelation xmlns:xlink="http://www.w3.org/1999/xlink"
                      cpfRelationType="hierarchical-child"
                      xlink:href="FRAN_NP_009682"
                      xlink:type="simple">
            <relationEntry>Bureau de la gestion des ressources humaines (direction des services administratifs et financiers du Premier ministre)</relationEntry>
            <dateRange>
               <fromDate standardDate="1999-01-01">1999</fromDate>
            </dateRange>
         </cpfRelation>
         <cpfRelation xmlns:xlink="http://www.w3.org/1999/xlink"
                      cpfRelationType="hierarchical-child"
                      xlink:href="FRAN_NP_009690"
                      xlink:type="simple">
            <relationEntry>Bureau des affaires contentieuses (direction des services administratifs et financiers du Premier ministre)</relationEntry>
            <dateRange>
               <fromDate standardDate="2005-01-01">2005</fromDate>
            </dateRange>
         </cpfRelation>
         <cpfRelation xmlns:xlink="http://www.w3.org/1999/xlink"
                      cpfRelationType="hierarchical-child"
                      xlink:href="FRAN_NP_009683"
                      xlink:type="simple">
            <relationEntry>Bureau de l'administration des personnels et des relations sociales (direction des services administratifs et financiers du Premier ministre)</relationEntry>
            <dateRange>
               <fromDate standardDate="1999-01-01">1999</fromDate>
               <toDate standardDate="2005-12-31">2005</toDate>
            </dateRange>
         </cpfRelation>
         <cpfRelation xmlns:xlink="http://www.w3.org/1999/xlink"
                      cpfRelationType="hierarchical-child"
                      xlink:href="FRAN_NP_009688"
                      xlink:type="simple">
            <relationEntry>Bureau de la gestion administrative et de la paie des personnels (direction des services administratifs et financiers du Premier ministre)</relationEntry>
            <dateRange>
               <fromDate standardDate="2005-01-01">2005</fromDate>
            </dateRange>
         </cpfRelation>
         <cpfRelation xmlns:xlink="http://www.w3.org/1999/xlink"
                      cpfRelationType="hierarchical-child"
                      xlink:href="FRAN_NP_009672"
                      xlink:type="simple">
            <relationEntry>Bureau du recrutement et des affectations (direction des services administratifs et financiers du Premier ministre)</relationEntry>
            <dateRange>
               <fromDate standardDate="1989-01-01">1989</fromDate>
               <toDate standardDate="2002-12-31">2002</toDate>
            </dateRange>
         </cpfRelation>
         <cpfRelation xmlns:xlink="http://www.w3.org/1999/xlink"
                      cpfRelationType="hierarchical-child"
                      xlink:href="FRAN_NP_009673"
                      xlink:type="simple">
            <relationEntry>Bureau de la formation et de la communication (direction des services administratifs et financiers des services du Premier ministre)</relationEntry>
            <dateRange>
               <fromDate standardDate="1989-01-01">1989</fromDate>
               <toDate standardDate="1999-12-31">1999</toDate>
            </dateRange>
         </cpfRelation>
         <cpfRelation xmlns:xlink="http://www.w3.org/1999/xlink"
                      cpfRelationType="hierarchical-child"
                      xlink:href="FRAN_NP_009675"
                      xlink:type="simple">
            <relationEntry>Bureau des organismes consultatifs centraux (CTP-CHS) et des personnels des services rattachés (direction des services administratifs et financiers des services du Premier ministre)</relationEntry>
            <dateRange>
               <fromDate standardDate="1989-01-01">1989</fromDate>
               <toDate standardDate="1999-12-31">1999</toDate>
            </dateRange>
         </cpfRelation>
         <cpfRelation xmlns:xlink="http://www.w3.org/1999/xlink"
                      cpfRelationType="hierarchical-parent"
                      xlink:href="FRAN_NP_000219"
                      xlink:type="simple">
            <relationEntry>Direction des services administratifs et financiers du Premier ministre</relationEntry>
            <dateRange>
               <fromDate standardDate="1976-01-01">1976</fromDate>
               <toDate/>
            </dateRange>
         </cpfRelation>
         <resourceRelation xmlns:xlink="http://www.w3.org/1999/xlink"
                           resourceRelationType="subjectOf"
                           xlink:href="FRAN_IR_010012"
                           xlink:type="simple">
            <relationEntry localType="archival">Premier ministre ; Secrétariat général du Gouvernement ; Direction services administratifs et financiers ; Sous-Direction personnel, matériel (1968-1986)</relationEntry>
         </resourceRelation>
         <resourceRelation xmlns:xlink="http://www.w3.org/1999/xlink"
                           resourceRelationType="subjectOf"
                           xlink:href="FRAN_IR_010013"
                           xlink:type="simple">
            <relationEntry localType="archival">Premier ministre ; Secrétariat général du Gouvernement ; Direction services administratifs et financiers ; Sous-Direction personnel, matériel (1966-1989)</relationEntry>
         </resourceRelation>
         <resourceRelation xmlns:xlink="http://www.w3.org/1999/xlink"
                           resourceRelationType="subjectOf"
                           xlink:href="FRAN_IR_006698"
                           xlink:type="simple">
            <relationEntry localType="archival">Premier ministre ; Secrétariat général du gouvernement ; Direction services administratifs et financiers ; Sous-direction personnel, matériel (1966-1980)</relationEntry>
         </resourceRelation>
      </relations>
   </cpfDescription>
</eac-cpf>
