<eac-cpf xmlns="urn:isbn:1-931666-33-4"
         xmlns:xsi="http://www.w3.org/2001/XMLSchema-instance"
         xsi:schemaLocation="urn:isbn:1-931666-33-4 cpf.xsd">
   <control>
      <recordId>FRAN_NP_000201</recordId>
      <otherRecordId localType="Ancien_identifiant">1205/JO</otherRecordId>
      <maintenanceStatus>derived</maintenanceStatus>
      <maintenanceAgency>
         <agencyName>Archives nationales de France</agencyName>
      </maintenanceAgency>
      <languageDeclaration>
         <language languageCode="fre">Français</language>
         <script scriptCode="Latn"/>
      </languageDeclaration>
      <conventionDeclaration>
         <citation>Notice établie conformément à la norme ICA-ISAAR (CPF) 2004, aux normes ISO 8601 pour le système de normalisation des dates utilisé, ainsi que AFNOR NF Z 44-061, juin 1986. Catalogage : forme et structure des vedettes noms de personne, des vedettes titres, des rubriques de classement et des titres forgés.</citation>
      </conventionDeclaration>
      <localControl localType="niveau_de_detail">
         <term>Moyenne</term>
      </localControl>
      <maintenanceHistory>
         <maintenanceEvent>
            <eventType>derived</eventType>
            <eventDateTime>2013-04-23</eventDateTime>
            <agentType>machine</agentType>
            <agent>Import_SIA</agent>
         </maintenanceEvent>
      </maintenanceHistory>
   </control>
   <cpfDescription>
      <identity>
         <entityType>corporateBody</entityType>
         <nameEntry localType="autorisée" scriptCode="Latn" xml:lang="fre">
            <part>Direction des Journaux officiels</part>
         </nameEntry>
      </identity>
      <description>
         <existDates>
            <dateRange>
               <fromDate standardDate="1881-01-01">1881</fromDate>
               <toDate standardDate="2010-12-31">2010</toDate>
            </dateRange>
         </existDates>
         <legalStatuses>
            <legalStatus>
               <term vocabularySource="d5blonaxbw--1mt8t42bokzts">service d'administration centrale</term>
            </legalStatus>
         </legalStatuses>
      </description>
      <relations>
         <cpfRelation xmlns:xlink="http://www.w3.org/1999/xlink"
                      cpfRelationType="hierarchical-parent"
                      xlink:href="FRAN_NP_000002"
                      xlink:type="simple">
            <relationEntry>Premier ministre</relationEntry>
            <dateRange>
               <fromDate standardDate="1959-01-08">8 janvier 1959</fromDate>
               <toDate standardDate="2010-12-31">2010</toDate>
            </dateRange>
         </cpfRelation>
         <cpfRelation xmlns:xlink="http://www.w3.org/1999/xlink"
                      cpfRelationType="hierarchical-child"
                      xlink:href="FRAN_NP_000199"
                      xlink:type="simple">
            <relationEntry>Bureau de la documentation et des publications (direction des Journaux officiels)</relationEntry>
            <dateRange>
               <fromDate standardDate="1976-01-01">1976</fromDate>
               <toDate standardDate="2010-12-31">2010</toDate>
            </dateRange>
         </cpfRelation>
         <cpfRelation xmlns:xlink="http://www.w3.org/1999/xlink"
                      cpfRelationType="temporal-later"
                      xlink:href="FRAN_NP_009924"
                      xlink:type="simple">
            <relationEntry>Direction de l'information légale et administrative</relationEntry>
            <dateRange>
               <fromDate standardDate="2010-01-01">2010</fromDate>
            </dateRange>
         </cpfRelation>
         <cpfRelation xmlns:xlink="http://www.w3.org/1999/xlink"
                      cpfRelationType="associative"
                      xlink:href="FRAN_NP_051947"
                      xlink:type="simple">
            <relationEntry>Lemas, Pierre-René (1951-....)</relationEntry>
            <dateRange>
               <fromDate standardDate="2007-01-01">2007</fromDate>
               <toDate standardDate="2008-12-31">2008</toDate>
            </dateRange>
            <descriptiveNote>
               <p>
     directeur des Journaux officiels
    </p>
            </descriptiveNote>
         </cpfRelation>
         <cpfRelation xmlns:xlink="http://www.w3.org/1999/xlink"
                      cpfRelationType="hierarchical-child"
                      xlink:href="FRAN_NP_000198"
                      xlink:type="simple">
            <relationEntry>Bureau des affaires financières et comptables (direction des Journaux officiels)</relationEntry>
            <dateRange>
               <fromDate standardDate="1976-01-01">1976</fromDate>
               <toDate standardDate="2010-12-31">2010</toDate>
            </dateRange>
         </cpfRelation>
         <cpfRelation xmlns:xlink="http://www.w3.org/1999/xlink"
                      cpfRelationType="hierarchical-child"
                      xlink:href="FRAN_NP_000200"
                      xlink:type="simple">
            <relationEntry>Bureau de la vente et des abonnements (direction des Journaux officiels)</relationEntry>
            <dateRange>
               <fromDate standardDate="1976-01-01">1976</fromDate>
               <toDate standardDate="2010-12-31">2010</toDate>
            </dateRange>
         </cpfRelation>
         <cpfRelation xmlns:xlink="http://www.w3.org/1999/xlink"
                      cpfRelationType="associative"
                      xlink:href="FRAN_NP_000221"
                      xlink:type="simple">
            <relationEntry>Secrétariat général du Gouvernement</relationEntry>
            <dateRange>
               <fromDate standardDate="1935-01-01">1935</fromDate>
               <toDate standardDate="2010-12-31">2010</toDate>
            </dateRange>
         </cpfRelation>
         <resourceRelation xmlns:xlink="http://www.w3.org/1999/xlink"
                           resourceRelationType="subjectOf"
                           xlink:href="FRAN_IR_014025"
                           xlink:type="simple">
            <relationEntry localType="archival">Premier ministre ; Secrétariat général du Gouvernement ; Direction des Journaux officiels (1881-1979)</relationEntry>
         </resourceRelation>
         <resourceRelation xmlns:xlink="http://www.w3.org/1999/xlink"
                           resourceRelationType="subjectOf"
                           xlink:href="FRAN_IR_014978"
                           xlink:type="simple">
            <relationEntry localType="archival">Premier ministre ; Secrétariat général du Gouvernement ; Direction des Journaux officiels (1884-1984)</relationEntry>
         </resourceRelation>
         <resourceRelation xmlns:xlink="http://www.w3.org/1999/xlink"
                           resourceRelationType="subjectOf"
                           xlink:href="FRAN_IR_006299"
                           xlink:type="simple">
            <relationEntry localType="archival">Premier ministre ; Secrétariat général du gouvernement ; Direction des Journaux Officiels (1879-1976)</relationEntry>
         </resourceRelation>
      </relations>
   </cpfDescription>
</eac-cpf>
