<eac-cpf xmlns="urn:isbn:1-931666-33-4"
         xmlns:xsi="http://www.w3.org/2001/XMLSchema-instance"
         xsi:schemaLocation="urn:isbn:1-931666-33-4 cpf.xsd">
   <control>
      <recordId>FRAN_NP_000004</recordId>
      <otherRecordId localType="Ancien_identifiant">63</otherRecordId>
      <maintenanceStatus>derived</maintenanceStatus>
      <maintenanceAgency>
         <agencyName>Archives nationales de France</agencyName>
      </maintenanceAgency>
      <languageDeclaration>
         <language languageCode="fre">Français</language>
         <script scriptCode="Latn"/>
      </languageDeclaration>
      <conventionDeclaration>
         <citation>Notice établie conformément à la norme ICA-ISAAR (CPF) 2004, aux normes ISO 8601 pour le système de normalisation des dates utilisé, ainsi que AFNOR NF Z 44-061, juin 1986. Catalogage : forme et structure des vedettes noms de personne, des vedettes titres, des rubriques de classement et des titres forgés.</citation>
      </conventionDeclaration>
      <localControl localType="niveau_de_detail">
         <term>Moyenne</term>
      </localControl>
      <maintenanceHistory>
         <maintenanceEvent>
            <eventType>derived</eventType>
            <eventDateTime>2015-12-04</eventDateTime>
            <agentType>machine</agentType>
            <agent>Import_SIA</agent>
         </maintenanceEvent>
      </maintenanceHistory>
   </control>
   <cpfDescription>
      <identity>
         <entityType>corporateBody</entityType>
         <nameEntry localType="autorisée" scriptCode="Latn" xml:lang="fre">
            <part>Ministère de l'Agriculture</part>
         </nameEntry>
         <nameEntry>
            <part>Ministère de l'Agriculture, de l'Agroalimentaire et de la Forêt</part>
            <useDates>
               <dateRange>
                  <fromDate standardDate="2012-06-21">21 juin 2012</fromDate>
                  <toDate/>
               </dateRange>
            </useDates>
         </nameEntry>
         <nameEntry>
            <part>Ministère de l'Agriculture et de l'Agroalimentaire</part>
            <useDates>
               <dateRange>
                  <fromDate standardDate="2012-05-16">16 mai 2012</fromDate>
                  <toDate standardDate="2012-06-18">18 juin 2012</toDate>
               </dateRange>
            </useDates>
         </nameEntry>
         <nameEntry>
            <part>Ministère de l'Agriculture, de l'Alimentation, de la Pêche, de la Ruralité et de l'Aménagement du territoire</part>
            <useDates>
               <dateRange>
                  <fromDate standardDate="2010-11-14">14 novembre 2010</fromDate>
                  <toDate standardDate="2012-05-10">10 mai 2012</toDate>
               </dateRange>
            </useDates>
         </nameEntry>
         <nameEntry>
            <part>Ministère de l'Alimentation, de l'Agriculture et de la Pêche</part>
            <useDates>
               <dateRange>
                  <fromDate standardDate="2009-06-23">23 juin 2009</fromDate>
                  <toDate standardDate="2010-11-13">13 novembre 2010</toDate>
               </dateRange>
            </useDates>
         </nameEntry>
         <nameEntry>
            <part>Ministère de l'Agriculture et de la Pêche</part>
            <useDates>
               <dateRange>
                  <fromDate standardDate="2005-06-02">2 juin 2005</fromDate>
                  <toDate standardDate="2009-06-23">23 juin 2009</toDate>
               </dateRange>
            </useDates>
         </nameEntry>
         <nameEntry>
            <part>Ministère de l'Agriculture, de l'Alimentation, de la Pêche et de la Ruralité</part>
            <useDates>
               <dateRange>
                  <fromDate standardDate="2004-11-29">29 novembre 2004</fromDate>
                  <toDate standardDate="2005-05-31">31 mai 2005</toDate>
               </dateRange>
            </useDates>
         </nameEntry>
         <nameEntry>
            <part>Ministère de l'Agriculture, de l'Alimentation, de la Pêche et des Affaires rurales</part>
            <useDates>
               <dateRange>
                  <fromDate standardDate="2002-05-07">7 mai 2002</fromDate>
                  <toDate standardDate="2004-11-29">29 novembre 2004</toDate>
               </dateRange>
            </useDates>
         </nameEntry>
         <nameEntry>
            <part>Ministère de l'Agriculture et de la Pêche</part>
            <useDates>
               <dateRange>
                  <fromDate standardDate="1997-06-04">4 juin 1997</fromDate>
                  <toDate standardDate="2002-05-06">6 mai 2002</toDate>
               </dateRange>
            </useDates>
         </nameEntry>
         <nameEntry>
            <part>Ministère de l'Agriculture, de la Pêche et de l'Alimentation</part>
            <useDates>
               <dateRange>
                  <fromDate standardDate="1995-05-20">20 mai 1995</fromDate>
                  <toDate standardDate="1997-06-02">2 juin 1997</toDate>
               </dateRange>
            </useDates>
         </nameEntry>
      </identity>
      <description>
         <existDates>
            <dateRange>
               <fromDate standardDate="1881-11-14">14 novembre 1881</fromDate>
            </dateRange>
         </existDates>
         <legalStatuses>
            <legalStatus>
               <term vocabularySource="d5bloo2gwk-sgl3fc00gzgl">ministère</term>
            </legalStatus>
         </legalStatuses>
      </description>
      <relations>
         <cpfRelation xmlns:xlink="http://www.w3.org/1999/xlink"
                      cpfRelationType="hierarchical-child"
                      xlink:href="FRAN_NP_008567"
                      xlink:type="simple">
            <relationEntry>Direction générale de l'alimentation</relationEntry>
            <dateRange>
               <fromDate standardDate="1987-01-01">1987</fromDate>
            </dateRange>
         </cpfRelation>
         <cpfRelation xmlns:xlink="http://www.w3.org/1999/xlink"
                      cpfRelationType="hierarchical-child"
                      xlink:href="FRAN_NP_008610"
                      xlink:type="simple">
            <relationEntry>Direction de l'aménagement (ministère de l'Agriculture)</relationEntry>
            <dateRange>
               <fromDate standardDate="1968-03-06">6 mars 1968</fromDate>
               <toDate standardDate="1987-12-31">1987</toDate>
            </dateRange>
         </cpfRelation>
         <cpfRelation xmlns:xlink="http://www.w3.org/1999/xlink"
                      cpfRelationType="hierarchical-child"
                      xlink:href="FRAN_NP_008621"
                      xlink:type="simple">
            <relationEntry>Direction des industries agricoles et alimentaires</relationEntry>
            <dateRange>
               <fromDate standardDate="1968-01-01">1968</fromDate>
               <toDate standardDate="1987-12-31">1987</toDate>
            </dateRange>
         </cpfRelation>
         <cpfRelation xmlns:xlink="http://www.w3.org/1999/xlink"
                      cpfRelationType="hierarchical-child"
                      xlink:href="FRAN_NP_008642"
                      xlink:type="simple">
            <relationEntry>Direction des forêts</relationEntry>
            <dateRange>
               <fromDate standardDate="1976-01-01">1976</fromDate>
               <toDate standardDate="1987-12-31">1987</toDate>
            </dateRange>
         </cpfRelation>
         <cpfRelation xmlns:xlink="http://www.w3.org/1999/xlink"
                      cpfRelationType="hierarchical-child"
                      xlink:href="FRAN_NP_008650"
                      xlink:type="simple">
            <relationEntry>Service des haras, des courses et de l'équitation</relationEntry>
            <dateRange>
               <fromDate standardDate="1976-01-01">1976</fromDate>
               <toDate standardDate="1999-12-31">1999</toDate>
            </dateRange>
         </cpfRelation>
         <cpfRelation xmlns:xlink="http://www.w3.org/1999/xlink"
                      cpfRelationType="hierarchical-child"
                      xlink:href="FRAN_NP_008969"
                      xlink:type="simple">
            <relationEntry>Office national des forêts</relationEntry>
            <dateRange>
               <fromDate standardDate="1966-01-01">1966</fromDate>
            </dateRange>
         </cpfRelation>
         <cpfRelation xmlns:xlink="http://www.w3.org/1999/xlink"
                      cpfRelationType="hierarchical-child"
                      xlink:href="FRAN_NP_008944"
                      xlink:type="simple">
            <relationEntry>Direction générale des politiques agricole, agroalimentaire et des territoires</relationEntry>
            <dateRange>
               <fromDate standardDate="2008-01-01">2008</fromDate>
            </dateRange>
         </cpfRelation>
         <cpfRelation xmlns:xlink="http://www.w3.org/1999/xlink"
                      cpfRelationType="hierarchical-child"
                      xlink:href="FRAN_NP_008988"
                      xlink:type="simple">
            <relationEntry>Office national interprofessionnel des céréales</relationEntry>
            <dateRange>
               <fromDate standardDate="1936-01-01">1936</fromDate>
               <toDate standardDate="2006-12-31">2006</toDate>
            </dateRange>
         </cpfRelation>
         <cpfRelation xmlns:xlink="http://www.w3.org/1999/xlink"
                      cpfRelationType="hierarchical-child"
                      xlink:href="FRAN_NP_008996"
                      xlink:type="simple">
            <relationEntry>Institut national agronomique Paris-Grignon</relationEntry>
            <dateRange>
               <fromDate standardDate="1972-01-01">1972</fromDate>
               <toDate standardDate="2007-12-31">2007</toDate>
            </dateRange>
         </cpfRelation>
         <cpfRelation xmlns:xlink="http://www.w3.org/1999/xlink"
                      cpfRelationType="hierarchical-child"
                      xlink:href="FRAN_NP_007905"
                      xlink:type="simple">
            <relationEntry>Conseil général de l'agronomie</relationEntry>
            <dateRange>
               <fromDate standardDate="1978-01-01">1978</fromDate>
               <toDate standardDate="2002-12-31">2002</toDate>
            </dateRange>
         </cpfRelation>
         <cpfRelation xmlns:xlink="http://www.w3.org/1999/xlink"
                      cpfRelationType="hierarchical-child"
                      xlink:href="FRAN_NP_007922"
                      xlink:type="simple">
            <relationEntry>Mission de liaison et de coordination pour les Dom-Tom (ministère de l'Agriculture)</relationEntry>
            <dateRange>
               <fromDate standardDate="1976-01-01">1976</fromDate>
            </dateRange>
         </cpfRelation>
         <cpfRelation xmlns:xlink="http://www.w3.org/1999/xlink"
                      cpfRelationType="hierarchical-child"
                      xlink:href="FRAN_NP_007924"
                      xlink:type="simple">
            <relationEntry>Haut fonctionnaire de défense et de sécurité (ministère de l'Agriculture)</relationEntry>
            <dateRange>
               <fromDate standardDate="1976-01-01">1976</fromDate>
            </dateRange>
         </cpfRelation>
         <cpfRelation xmlns:xlink="http://www.w3.org/1999/xlink"
                      cpfRelationType="hierarchical-child"
                      xlink:href="FRAN_NP_007925"
                      xlink:type="simple">
            <relationEntry>Inspection générale de l'agriculture</relationEntry>
            <dateRange>
               <fromDate standardDate="1976-01-01">1976</fromDate>
               <toDate standardDate="2006-12-31">2006</toDate>
            </dateRange>
         </cpfRelation>
         <cpfRelation xmlns:xlink="http://www.w3.org/1999/xlink"
                      cpfRelationType="hierarchical-child"
                      xlink:href="FRAN_NP_007918"
                      xlink:type="simple">
            <relationEntry>Commission des systèmes d'information pour la société de l'information (ministère de l'Agriculture</relationEntry>
            <dateRange>
               <fromDate standardDate="2002-01-01">2002</fromDate>
               <toDate standardDate="2004-12-31">2004</toDate>
            </dateRange>
         </cpfRelation>
         <cpfRelation xmlns:xlink="http://www.w3.org/1999/xlink"
                      cpfRelationType="hierarchical-child"
                      xlink:href="FRAN_NP_007910"
                      xlink:type="simple">
            <relationEntry>Contrôle financier (ministère de l'Agriculture)</relationEntry>
            <dateRange>
               <fromDate standardDate="1976-01-01">1976</fromDate>
               <toDate standardDate="2006-12-31">2006</toDate>
            </dateRange>
         </cpfRelation>
         <cpfRelation xmlns:xlink="http://www.w3.org/1999/xlink"
                      cpfRelationType="hierarchical-child"
                      xlink:href="FRAN_NP_007916"
                      xlink:type="simple">
            <relationEntry>Comité permanent de coordination des inspections (ministère de l'Agriculture)</relationEntry>
            <dateRange>
               <fromDate standardDate="1984-01-01">1984</fromDate>
               <toDate standardDate="2006-12-31">2006</toDate>
            </dateRange>
         </cpfRelation>
         <cpfRelation xmlns:xlink="http://www.w3.org/1999/xlink"
                      cpfRelationType="hierarchical-child"
                      xlink:href="FRAN_NP_007914"
                      xlink:type="simple">
            <relationEntry>Coordinateur interministériel pour la valorisation de la biomasse</relationEntry>
            <dateRange>
               <fromDate standardDate="2005-01-01">2005</fromDate>
            </dateRange>
         </cpfRelation>
         <cpfRelation xmlns:xlink="http://www.w3.org/1999/xlink"
                      cpfRelationType="hierarchical-child"
                      xlink:href="FRAN_NP_007908"
                      xlink:type="simple">
            <relationEntry>Contrôle budgétaire et comptable ministériel (ministère de l'Agriculture)</relationEntry>
            <dateRange>
               <fromDate standardDate="2006-01-01">2006</fromDate>
            </dateRange>
         </cpfRelation>
         <cpfRelation xmlns:xlink="http://www.w3.org/1999/xlink"
                      cpfRelationType="hierarchical-child"
                      xlink:href="FRAN_NP_007930"
                      xlink:type="simple">
            <relationEntry>Observatoire des missions et des métiers (ministère de l'Agriculture) (2000-2005)</relationEntry>
            <dateRange>
               <fromDate standardDate="2000-01-01">2000</fromDate>
               <toDate standardDate="2005-12-31">2005</toDate>
            </dateRange>
         </cpfRelation>
         <cpfRelation xmlns:xlink="http://www.w3.org/1999/xlink"
                      cpfRelationType="hierarchical-child"
                      xlink:href="FRAN_NP_007960"
                      xlink:type="simple">
            <relationEntry>Direction des affaires sociales (ministère de l'Agriculture)</relationEntry>
            <dateRange>
               <fromDate standardDate="1970-01-01">1970</fromDate>
               <toDate standardDate="1987-12-31">1987</toDate>
            </dateRange>
         </cpfRelation>
         <cpfRelation xmlns:xlink="http://www.w3.org/1999/xlink"
                      cpfRelationType="hierarchical-child"
                      xlink:href="FRAN_NP_010115"
                      xlink:type="simple">
            <relationEntry>Centre national d'études et d'expérimentation du machinisme agricole</relationEntry>
            <dateRange>
               <fromDate standardDate="1956-01-01">1956</fromDate>
               <toDate standardDate="1980-12-31">1980</toDate>
            </dateRange>
         </cpfRelation>
         <cpfRelation xmlns:xlink="http://www.w3.org/1999/xlink"
                      cpfRelationType="associative"
                      xlink:href="FRAN_NP_010089"
                      xlink:type="simple">
            <relationEntry>Rocard, Michel</relationEntry>
            <dateRange>
               <fromDate standardDate="1983-03-22">22 mars 1983</fromDate>
               <toDate standardDate="1985-04-04">4 avril 1985</toDate>
            </dateRange>
         </cpfRelation>
         <cpfRelation xmlns:xlink="http://www.w3.org/1999/xlink"
                      cpfRelationType="hierarchical-child"
                      xlink:href="FRAN_NP_009455"
                      xlink:type="simple">
            <relationEntry>FranceAgriMer</relationEntry>
            <dateRange>
               <fromDate standardDate="2009-01-01">2009</fromDate>
            </dateRange>
         </cpfRelation>
         <cpfRelation xmlns:xlink="http://www.w3.org/1999/xlink"
                      cpfRelationType="hierarchical-child"
                      xlink:href="FRAN_NP_009458"
                      xlink:type="simple">
            <relationEntry>Office national interprofessionnel de l'élevage et de ses productions</relationEntry>
            <dateRange>
               <fromDate standardDate="2006-01-01">2006</fromDate>
               <toDate standardDate="2009-12-31">2009</toDate>
            </dateRange>
         </cpfRelation>
         <cpfRelation xmlns:xlink="http://www.w3.org/1999/xlink"
                      cpfRelationType="hierarchical-child"
                      xlink:href="FRAN_NP_009460"
                      xlink:type="simple">
            <relationEntry>Office national interprofessionnel des produits de la mer et de l'aquaculture</relationEntry>
            <dateRange>
               <fromDate standardDate="1999-01-01">1999</fromDate>
               <toDate standardDate="2009-12-31">2009</toDate>
            </dateRange>
         </cpfRelation>
         <cpfRelation xmlns:xlink="http://www.w3.org/1999/xlink"
                      cpfRelationType="hierarchical-child"
                      xlink:href="FRAN_NP_008429"
                      xlink:type="simple">
            <relationEntry>Direction générale des politiques économique, européenne et internationale (ministère de l'Agriculture)</relationEntry>
            <dateRange>
               <fromDate standardDate="1970-01-01">1970</fromDate>
               <toDate standardDate="2008-12-31">2008</toDate>
            </dateRange>
         </cpfRelation>
         <cpfRelation xmlns:xlink="http://www.w3.org/1999/xlink"
                      cpfRelationType="associative"
                      xlink:href="FRAN_NP_009034"
                      xlink:type="simple">
            <relationEntry>Agence française pour le développement et la promotion de l'agriculture biologique</relationEntry>
            <dateRange>
               <fromDate standardDate="2001-01-01">2001</fromDate>
            </dateRange>
         </cpfRelation>
         <cpfRelation xmlns:xlink="http://www.w3.org/1999/xlink"
                      cpfRelationType="hierarchical-child"
                      xlink:href="FRAN_NP_008350"
                      xlink:type="simple">
            <relationEntry>Direction de l'espace rural et de la forêt</relationEntry>
            <dateRange>
               <fromDate standardDate="1987-01-01">1987</fromDate>
               <toDate standardDate="2003-12-31">2003</toDate>
            </dateRange>
         </cpfRelation>
         <cpfRelation xmlns:xlink="http://www.w3.org/1999/xlink"
                      cpfRelationType="hierarchical-child"
                      xlink:href="FRAN_NP_009007"
                      xlink:type="simple">
            <relationEntry>Fonds d'intervention et de régularisation du marché du sucre</relationEntry>
            <dateRange>
               <fromDate standardDate="1968-01-01">1968</fromDate>
               <toDate standardDate="2006-12-31">2006</toDate>
            </dateRange>
         </cpfRelation>
         <cpfRelation xmlns:xlink="http://www.w3.org/1999/xlink"
                      cpfRelationType="hierarchical-child"
                      xlink:href="FRAN_NP_009009"
                      xlink:type="simple">
            <relationEntry>Institut national de l'origine et de la qualité</relationEntry>
            <dateRange>
               <fromDate standardDate="1935-01-01">1935</fromDate>
            </dateRange>
         </cpfRelation>
         <cpfRelation xmlns:xlink="http://www.w3.org/1999/xlink"
                      cpfRelationType="hierarchical-child"
                      xlink:href="FRAN_NP_009005"
                      xlink:type="simple">
            <relationEntry>Agence centrale des organismes d'intervention dans le secteur agricole</relationEntry>
            <dateRange>
               <fromDate standardDate="1983-01-01">1983</fromDate>
               <toDate standardDate="2006-12-31">2006</toDate>
            </dateRange>
         </cpfRelation>
         <cpfRelation xmlns:xlink="http://www.w3.org/1999/xlink"
                      cpfRelationType="hierarchical-child"
                      xlink:href="FRAN_NP_009020"
                      xlink:type="simple">
            <relationEntry>Agence française de sécurité sanitaire des aliments</relationEntry>
            <dateRange>
               <fromDate standardDate="1999-01-01">1999</fromDate>
               <toDate standardDate="2010-12-31">2010</toDate>
            </dateRange>
         </cpfRelation>
         <cpfRelation xmlns:xlink="http://www.w3.org/1999/xlink"
                      cpfRelationType="hierarchical-child"
                      xlink:href="FRAN_NP_009022"
                      xlink:type="simple">
            <relationEntry>Assemblée permanente des chambres d'agriculture</relationEntry>
            <dateRange>
               <fromDate standardDate="1935-01-01">1935</fromDate>
            </dateRange>
         </cpfRelation>
         <cpfRelation xmlns:xlink="http://www.w3.org/1999/xlink"
                      cpfRelationType="associative"
                      xlink:href="FRAN_NP_009025"
                      xlink:type="simple">
            <relationEntry>Association nationale de migration et d'établissements ruraux</relationEntry>
            <dateRange>
               <fromDate standardDate="1953-01-01">1953</fromDate>
               <toDate standardDate="1966-12-31">1966</toDate>
            </dateRange>
         </cpfRelation>
         <cpfRelation xmlns:xlink="http://www.w3.org/1999/xlink"
                      cpfRelationType="hierarchical-child"
                      xlink:href="FRAN_NP_009027"
                      xlink:type="simple">
            <relationEntry>École nationale supérieure agronomique de Grignon</relationEntry>
            <dateRange>
               <fromDate standardDate="1881-11-14">14 novembre 1881</fromDate>
               <toDate standardDate="1971-12-31">1971</toDate>
            </dateRange>
         </cpfRelation>
         <cpfRelation xmlns:xlink="http://www.w3.org/1999/xlink"
                      cpfRelationType="hierarchical-child"
                      xlink:href="FRAN_NP_009029"
                      xlink:type="simple">
            <relationEntry>Office national interprofessionnel du bétail et des viandes</relationEntry>
            <dateRange>
               <fromDate standardDate="1972-01-01">1972</fromDate>
               <toDate standardDate="1983-12-31">1983</toDate>
            </dateRange>
         </cpfRelation>
         <cpfRelation xmlns:xlink="http://www.w3.org/1999/xlink"
                      cpfRelationType="hierarchical-child"
                      xlink:href="FRAN_NP_009011"
                      xlink:type="simple">
            <relationEntry>Office national interprofessionnel des fruits, des légumes et de l'horticulture</relationEntry>
            <dateRange>
               <fromDate standardDate="1983-01-01">1983</fromDate>
               <toDate standardDate="2005-12-31">2005</toDate>
            </dateRange>
         </cpfRelation>
         <cpfRelation xmlns:xlink="http://www.w3.org/1999/xlink"
                      cpfRelationType="hierarchical-child"
                      xlink:href="FRAN_NP_009010"
                      xlink:type="simple">
            <relationEntry>Office national interprofessionnel des viandes, de l'élevage et de l'aviculture</relationEntry>
            <dateRange>
               <fromDate standardDate="1983-01-01">1983</fromDate>
               <toDate standardDate="2005-12-31">2005</toDate>
            </dateRange>
         </cpfRelation>
         <cpfRelation xmlns:xlink="http://www.w3.org/1999/xlink"
                      cpfRelationType="associative"
                      xlink:href="FRAN_NP_009015"
                      xlink:type="simple">
            <relationEntry>Société interprofessionnelle des oléagineux, protéagineux et cultures textiles</relationEntry>
            <dateRange>
               <fromDate standardDate="1954-01-01">1954</fromDate>
               <toDate standardDate="1999-12-31">1999</toDate>
            </dateRange>
         </cpfRelation>
         <cpfRelation xmlns:xlink="http://www.w3.org/1999/xlink"
                      cpfRelationType="hierarchical-child"
                      xlink:href="FRAN_NP_009013"
                      xlink:type="simple">
            <relationEntry>Office national interprofessionnel des oléagineux, protéagineux et cultures textiles</relationEntry>
            <dateRange>
               <fromDate standardDate="1999-01-01">1999</fromDate>
               <toDate standardDate="2006-12-31">2006</toDate>
            </dateRange>
         </cpfRelation>
         <cpfRelation xmlns:xlink="http://www.w3.org/1999/xlink"
                      cpfRelationType="hierarchical-child"
                      xlink:href="FRAN_NP_009017"
                      xlink:type="simple">
            <relationEntry>École nationale du génie rural, des eaux et des forêts</relationEntry>
            <dateRange>
               <fromDate standardDate="1965-01-01">1965</fromDate>
               <toDate standardDate="2006-12-31">2006</toDate>
            </dateRange>
         </cpfRelation>
         <cpfRelation xmlns:xlink="http://www.w3.org/1999/xlink"
                      cpfRelationType="hierarchical-child"
                      xlink:href="FRAN_NP_008237"
                      xlink:type="simple">
            <relationEntry>Direction générale de l'administration (ministère de l'Agriculture)</relationEntry>
            <dateRange>
               <fromDate standardDate="1983-01-01">1983</fromDate>
               <toDate standardDate="2005-12-31">2005</toDate>
            </dateRange>
         </cpfRelation>
         <cpfRelation xmlns:xlink="http://www.w3.org/1999/xlink"
                      cpfRelationType="hierarchical-child"
                      xlink:href="FRAN_NP_008106"
                      xlink:type="simple">
            <relationEntry>Direction de la qualité (ministère de l'Agriculture)</relationEntry>
            <dateRange>
               <fromDate standardDate="1976-01-01">1976</fromDate>
               <toDate standardDate="1987-12-31">1987</toDate>
            </dateRange>
         </cpfRelation>
         <cpfRelation xmlns:xlink="http://www.w3.org/1999/xlink"
                      cpfRelationType="associative"
                      xlink:href="FRAN_NP_009184"
                      xlink:type="simple">
            <relationEntry>Ministère de l'Agriculture (fonds de Moscou)</relationEntry>
            <dateRange>
               <fromDate standardDate="1918-01-01">1918</fromDate>
               <toDate standardDate="1940-12-31">1940</toDate>
            </dateRange>
         </cpfRelation>
         <cpfRelation xmlns:xlink="http://www.w3.org/1999/xlink"
                      cpfRelationType="hierarchical-child"
                      xlink:href="FRAN_NP_008086"
                      xlink:type="simple">
            <relationEntry>Direction générale de l'enseignement et de la recherche (ministère de l'Agriculture)</relationEntry>
            <dateRange>
               <fromDate standardDate="1970-01-01">1970</fromDate>
            </dateRange>
         </cpfRelation>
         <cpfRelation xmlns:xlink="http://www.w3.org/1999/xlink"
                      cpfRelationType="associative"
                      xlink:href="FRAN_NP_050160"
                      xlink:type="simple">
            <relationEntry>Délégué interministériel à la lutte contre la grippe aviaire</relationEntry>
            <dateRange>
               <fromDate standardDate="2005-08-30">30 août 2005</fromDate>
               <toDate standardDate="2012-03-05">5 mars 2012</toDate>
            </dateRange>
         </cpfRelation>
         <cpfRelation xmlns:xlink="http://www.w3.org/1999/xlink"
                      cpfRelationType="hierarchical-child"
                      xlink:href="FRAN_NP_009032"
                      xlink:type="simple">
            <relationEntry>Centre national d'études vétérinaires et alimentaires (France)</relationEntry>
            <dateRange>
               <fromDate standardDate="1988-04-29">29 avril 1988</fromDate>
               <toDate standardDate="1999-03-26">26 mars 1999</toDate>
            </dateRange>
         </cpfRelation>
         <cpfRelation xmlns:xlink="http://www.w3.org/1999/xlink"
                      cpfRelationType="associative"
                      xlink:href="FRAN_NP_051143"
                      xlink:type="simple">
            <relationEntry>Cointat, Michel (1921-2013)</relationEntry>
            <dateRange>
               <fromDate standardDate="1971-01-01">janvier 1971</fromDate>
               <toDate standardDate="1972-07-31">juillet 1972</toDate>
            </dateRange>
            <descriptiveNote>
               <p>
     M. Cointat, ministre de l'Agriculture
    </p>
            </descriptiveNote>
         </cpfRelation>
         <cpfRelation xmlns:xlink="http://www.w3.org/1999/xlink"
                      cpfRelationType="hierarchical-child"
                      xlink:href="FRAN_NP_051258"
                      xlink:type="simple">
            <relationEntry>France. Ministère de l'Agriculture. Direction générale des eaux et forêts (1909-1976)</relationEntry>
            <dateRange>
               <fromDate standardDate="1909-01-01">1909</fromDate>
               <toDate standardDate="1976-12-31">1976</toDate>
            </dateRange>
         </cpfRelation>
         <cpfRelation xmlns:xlink="http://www.w3.org/1999/xlink"
                      cpfRelationType="hierarchical-child"
                      xlink:href="FRAN_NP_051257"
                      xlink:type="simple">
            <relationEntry>France. Ministère de l'Agriculture. Direction des forêts (1882-1909)</relationEntry>
            <dateRange>
               <fromDate standardDate="1882-02-18">18 février 1882</fromDate>
               <toDate standardDate="1909-05-12">12 mai 1909</toDate>
            </dateRange>
         </cpfRelation>
         <cpfRelation xmlns:xlink="http://www.w3.org/1999/xlink"
                      cpfRelationType="associative"
                      xlink:href="FRAN_NP_051459"
                      xlink:type="simple">
            <relationEntry>Fosseyeux, Jean (1938-....)</relationEntry>
            <dateRange>
               <fromDate standardDate="1970-01-01">1970</fromDate>
               <toDate standardDate="1973-12-31">1973</toDate>
            </dateRange>
            <descriptiveNote>
               <p>
     @isEmployeeOf@
    </p>
            </descriptiveNote>
         </cpfRelation>
         <cpfRelation xmlns:xlink="http://www.w3.org/1999/xlink"
                      cpfRelationType="hierarchical-child"
                      xlink:href="FRAN_NP_009894"
                      xlink:type="simple">
            <relationEntry>France. Ministère de l'Agriculture. Cabinet de Guillaume Garot, ministre délégué chargé de l'Agroalimentaire (2012-2014)</relationEntry>
            <dateRange>
               <fromDate standardDate="2012-06-21">21 juin 2012</fromDate>
               <toDate standardDate="2014-03-31">31 mars 2014</toDate>
            </dateRange>
         </cpfRelation>
         <cpfRelation xmlns:xlink="http://www.w3.org/1999/xlink"
                      cpfRelationType="hierarchical-child"
                      xlink:href="FRAN_NP_007903"
                      xlink:type="simple">
            <relationEntry>France. Ministère de l'Agriculture. Bureau du cabinet</relationEntry>
            <dateRange>
               <fromDate standardDate="1881-11-14">14 novembre 1881</fromDate>
            </dateRange>
         </cpfRelation>
         <cpfRelation xmlns:xlink="http://www.w3.org/1999/xlink"
                      cpfRelationType="hierarchical-child"
                      xlink:href="FRAN_NP_008947"
                      xlink:type="simple">
            <relationEntry>Cabinet du ministre de l'Agriculture</relationEntry>
            <dateRange>
               <fromDate standardDate="1947-01-01">1947</fromDate>
            </dateRange>
         </cpfRelation>
         <cpfRelation xmlns:xlink="http://www.w3.org/1999/xlink"
                      cpfRelationType="associative"
                      xlink:href="FRAN_NP_009190"
                      xlink:type="simple">
            <relationEntry>Association pour le développement des échanges internationaux de produits et techniques agro-alimentaires</relationEntry>
            <dateRange>
               <fromDate standardDate="1977-01-01">1977</fromDate>
               <toDate standardDate="1990-12-31">1990</toDate>
            </dateRange>
         </cpfRelation>
         <cpfRelation xmlns:xlink="http://www.w3.org/1999/xlink"
                      cpfRelationType="associative"
                      xlink:href="FRAN_NP_007018"
                      xlink:type="simple">
            <relationEntry>Institut français de recherche pour l'exploitation de la mer</relationEntry>
            <dateRange>
               <fromDate standardDate="1993-03-30">30 mars 1993</fromDate>
            </dateRange>
         </cpfRelation>
         <cpfRelation xmlns:xlink="http://www.w3.org/1999/xlink"
                      cpfRelationType="hierarchical-child"
                      xlink:href="FRAN_NP_008150"
                      xlink:type="simple">
            <relationEntry>Direction générale de l'administration et du financement (ministère de l'Agriculture)</relationEntry>
            <dateRange>
               <fromDate standardDate="1970-01-01">1970</fromDate>
               <toDate standardDate="1983-12-31">1983</toDate>
            </dateRange>
         </cpfRelation>
         <cpfRelation xmlns:xlink="http://www.w3.org/1999/xlink"
                      cpfRelationType="hierarchical-child"
                      xlink:href="FRAN_NP_008286"
                      xlink:type="simple">
            <relationEntry>Direction des affaires financières (ministère de l'Agriculture)</relationEntry>
            <dateRange>
               <fromDate standardDate="1983-01-01">1983</fromDate>
               <toDate standardDate="2005-12-31">2005</toDate>
            </dateRange>
         </cpfRelation>
         <cpfRelation xmlns:xlink="http://www.w3.org/1999/xlink"
                      cpfRelationType="hierarchical-child"
                      xlink:href="FRAN_NP_009018"
                      xlink:type="simple">
            <relationEntry>École nationale supérieure des industries agricoles et alimentaires</relationEntry>
            <dateRange>
               <fromDate standardDate="1893-01-01">1893</fromDate>
               <toDate standardDate="2006-12-31">2006</toDate>
            </dateRange>
         </cpfRelation>
         <cpfRelation xmlns:xlink="http://www.w3.org/1999/xlink"
                      cpfRelationType="hierarchical-child"
                      xlink:href="FRAN_NP_009016"
                      xlink:type="simple">
            <relationEntry>Organismes d'intervention agricole</relationEntry>
            <dateRange>
               <fromDate standardDate="1935-01-01">1935</fromDate>
            </dateRange>
         </cpfRelation>
         <cpfRelation xmlns:xlink="http://www.w3.org/1999/xlink"
                      cpfRelationType="hierarchical-child"
                      xlink:href="FRAN_NP_009012"
                      xlink:type="simple">
            <relationEntry>Office national interprofessionnel du lait et des produits laitiers</relationEntry>
            <dateRange>
               <fromDate standardDate="1983-01-01">1983</fromDate>
               <toDate standardDate="2005-12-31">2005</toDate>
            </dateRange>
         </cpfRelation>
         <cpfRelation xmlns:xlink="http://www.w3.org/1999/xlink"
                      cpfRelationType="hierarchical-child"
                      xlink:href="FRAN_NP_009028"
                      xlink:type="simple">
            <relationEntry>Office national interprofessionnel des vins de table</relationEntry>
            <dateRange>
               <fromDate standardDate="1954-01-01">1954</fromDate>
               <toDate standardDate="1983-12-31">1983</toDate>
            </dateRange>
         </cpfRelation>
         <cpfRelation xmlns:xlink="http://www.w3.org/1999/xlink"
                      cpfRelationType="hierarchical-child"
                      xlink:href="FRAN_NP_009026"
                      xlink:type="simple">
            <relationEntry>Institut national agronomique</relationEntry>
            <dateRange>
               <fromDate standardDate="1881-11-14">14 novembre 1881</fromDate>
               <toDate standardDate="1971-12-31">1971</toDate>
            </dateRange>
         </cpfRelation>
         <cpfRelation xmlns:xlink="http://www.w3.org/1999/xlink"
                      cpfRelationType="associative"
                      xlink:href="FRAN_NP_009024"
                      xlink:type="simple">
            <relationEntry>Association nationale pour les mutations professionnelles en agriculture</relationEntry>
            <dateRange>
               <fromDate standardDate="1953-01-01">1953</fromDate>
               <toDate standardDate="1966-12-31">1966</toDate>
            </dateRange>
         </cpfRelation>
         <cpfRelation xmlns:xlink="http://www.w3.org/1999/xlink"
                      cpfRelationType="associative"
                      xlink:href="FRAN_NP_009023"
                      xlink:type="simple">
            <relationEntry>Centre de développement des certifications des qualités agricoles et alimentaires</relationEntry>
            <dateRange>
               <fromDate standardDate="1965-01-01">1965</fromDate>
               <toDate standardDate="2007-12-31">2007</toDate>
            </dateRange>
         </cpfRelation>
         <cpfRelation xmlns:xlink="http://www.w3.org/1999/xlink"
                      cpfRelationType="hierarchical-child"
                      xlink:href="FRAN_NP_009021"
                      xlink:type="simple">
            <relationEntry>Agence de développement agricole et rural</relationEntry>
            <dateRange>
               <fromDate standardDate="2003-01-01">2003</fromDate>
               <toDate standardDate="2005-12-31">2005</toDate>
            </dateRange>
         </cpfRelation>
         <cpfRelation xmlns:xlink="http://www.w3.org/1999/xlink"
                      cpfRelationType="hierarchical-child"
                      xlink:href="FRAN_NP_009004"
                      xlink:type="simple">
            <relationEntry>Institut national de la recherche agronomique</relationEntry>
            <dateRange>
               <fromDate standardDate="1946-01-01">1946</fromDate>
            </dateRange>
         </cpfRelation>
         <cpfRelation xmlns:xlink="http://www.w3.org/1999/xlink"
                      cpfRelationType="hierarchical-child"
                      xlink:href="FRAN_NP_009008"
                      xlink:type="simple">
            <relationEntry>Fonds d'orientation et de régularisation des marchés agricoles</relationEntry>
            <dateRange>
               <fromDate standardDate="1961-01-01">1961</fromDate>
               <toDate standardDate="1985-12-31">1985</toDate>
            </dateRange>
         </cpfRelation>
         <cpfRelation xmlns:xlink="http://www.w3.org/1999/xlink"
                      cpfRelationType="hierarchical-child"
                      xlink:href="FRAN_NP_009006"
                      xlink:type="simple">
            <relationEntry>Office de développement de l'économie agricole d'outre-mer</relationEntry>
            <dateRange>
               <fromDate standardDate="1984-01-01">1984</fromDate>
            </dateRange>
         </cpfRelation>
         <cpfRelation xmlns:xlink="http://www.w3.org/1999/xlink"
                      cpfRelationType="hierarchical-child"
                      xlink:href="FRAN_NP_008316"
                      xlink:type="simple">
            <relationEntry>Direction des exploitations, de la politique sociale et de l'emploi (ministère de l'Agriculture)</relationEntry>
            <dateRange>
               <fromDate standardDate="1987-01-01">1987</fromDate>
               <toDate standardDate="2003-12-31">2003</toDate>
            </dateRange>
         </cpfRelation>
         <cpfRelation xmlns:xlink="http://www.w3.org/1999/xlink"
                      cpfRelationType="hierarchical-child"
                      xlink:href="FRAN_NP_009033"
                      xlink:type="simple">
            <relationEntry>Agence nationale de sécurité sanitaire de l'alimentation, de l'environnement et du travail</relationEntry>
            <dateRange>
               <fromDate standardDate="2010-01-01">2010</fromDate>
            </dateRange>
         </cpfRelation>
         <cpfRelation xmlns:xlink="http://www.w3.org/1999/xlink"
                      cpfRelationType="hierarchical-child"
                      xlink:href="FRAN_NP_009031"
                      xlink:type="simple">
            <relationEntry>École nationale des eaux et forêts</relationEntry>
            <dateRange>
               <fromDate standardDate="1881-11-14">14 novembre 1881</fromDate>
               <toDate standardDate="1965-12-31">1965</toDate>
            </dateRange>
         </cpfRelation>
         <cpfRelation xmlns:xlink="http://www.w3.org/1999/xlink"
                      cpfRelationType="hierarchical-child"
                      xlink:href="FRAN_NP_009030"
                      xlink:type="simple">
            <relationEntry>École nationale du génie rural</relationEntry>
            <dateRange>
               <fromDate standardDate="1919-01-01">1919</fromDate>
               <toDate standardDate="1965-12-31">1965</toDate>
            </dateRange>
         </cpfRelation>
         <cpfRelation xmlns:xlink="http://www.w3.org/1999/xlink"
                      cpfRelationType="associative"
                      xlink:href="FRAN_NP_009035"
                      xlink:type="simple">
            <relationEntry>Association nationale pour le développement agricole</relationEntry>
            <dateRange>
               <fromDate standardDate="1966-01-01">1966</fromDate>
               <toDate standardDate="2003-12-31">2003</toDate>
            </dateRange>
         </cpfRelation>
         <cpfRelation xmlns:xlink="http://www.w3.org/1999/xlink"
                      cpfRelationType="hierarchical-child"
                      xlink:href="FRAN_NP_009457"
                      xlink:type="simple">
            <relationEntry>Office national interprofessionnel des grandes cultures</relationEntry>
            <dateRange>
               <fromDate standardDate="2006-01-01">2006</fromDate>
               <toDate standardDate="2009-12-31">2009</toDate>
            </dateRange>
         </cpfRelation>
         <cpfRelation xmlns:xlink="http://www.w3.org/1999/xlink"
                      cpfRelationType="hierarchical-child"
                      xlink:href="FRAN_NP_009459"
                      xlink:type="simple">
            <relationEntry>Office national interprofessionnel des plantes à parfum, aromatiques et médicinales</relationEntry>
            <dateRange>
               <fromDate standardDate="1983-01-01">1983</fromDate>
               <toDate standardDate="2009-12-31">2009</toDate>
            </dateRange>
         </cpfRelation>
         <cpfRelation xmlns:xlink="http://www.w3.org/1999/xlink"
                      cpfRelationType="hierarchical-child"
                      xlink:href="FRAN_NP_009456"
                      xlink:type="simple">
            <relationEntry>Office national interprofessionnel des fruits, des légumes, des vins et de l'horticulture</relationEntry>
            <dateRange>
               <fromDate standardDate="2006-01-01">2006</fromDate>
               <toDate standardDate="2009-12-31">2009</toDate>
            </dateRange>
         </cpfRelation>
         <cpfRelation xmlns:xlink="http://www.w3.org/1999/xlink"
                      cpfRelationType="hierarchical-child"
                      xlink:href="FRAN_NP_010091"
                      xlink:type="simple">
            <relationEntry>Établissement de gestion du fonds de financement des prestations sociales des non-salariés agricoles</relationEntry>
            <dateRange>
               <fromDate standardDate="2004-01-01">2004</fromDate>
               <toDate standardDate="2008-12-31">2008</toDate>
            </dateRange>
         </cpfRelation>
         <cpfRelation xmlns:xlink="http://www.w3.org/1999/xlink"
                      cpfRelationType="hierarchical-child"
                      xlink:href="FRAN_NP_010116"
                      xlink:type="simple">
            <relationEntry>Institut national de recherche en sciences et technologies pour l'environnement et l'agriculture</relationEntry>
            <dateRange>
               <fromDate standardDate="1981-01-01">1981</fromDate>
            </dateRange>
         </cpfRelation>
         <cpfRelation xmlns:xlink="http://www.w3.org/1999/xlink"
                      cpfRelationType="hierarchical-child"
                      xlink:href="FRAN_NP_007932"
                      xlink:type="simple">
            <relationEntry>Cabinet et services rattachés au ministre de l'Agriculture</relationEntry>
            <dateRange>
               <fromDate standardDate="1945-01-01">1945</fromDate>
            </dateRange>
         </cpfRelation>
         <cpfRelation xmlns:xlink="http://www.w3.org/1999/xlink"
                      cpfRelationType="hierarchical-child"
                      xlink:href="FRAN_NP_007929"
                      xlink:type="simple">
            <relationEntry>Sous-direction de l'information (ministère de l'Agriculture)</relationEntry>
            <dateRange>
               <fromDate standardDate="1976-01-01">1976</fromDate>
               <toDate standardDate="1987-12-31">1987</toDate>
            </dateRange>
         </cpfRelation>
         <cpfRelation xmlns:xlink="http://www.w3.org/1999/xlink"
                      cpfRelationType="hierarchical-child"
                      xlink:href="FRAN_NP_007909"
                      xlink:type="simple">
            <relationEntry>Centre d'évaluation et de prospective (ministère de l'Agriculture)</relationEntry>
            <dateRange>
               <fromDate standardDate="1979-01-01">1979</fromDate>
               <toDate standardDate="1981-12-31">1981</toDate>
            </dateRange>
         </cpfRelation>
         <cpfRelation xmlns:xlink="http://www.w3.org/1999/xlink"
                      cpfRelationType="hierarchical-child"
                      xlink:href="FRAN_NP_007915"
                      xlink:type="simple">
            <relationEntry>Conseil de prospective européenne et internationale pour l'agriculture et l'alimentation</relationEntry>
            <dateRange>
               <fromDate standardDate="2002-01-01">2002</fromDate>
               <toDate standardDate="2008-12-31">2008</toDate>
            </dateRange>
         </cpfRelation>
         <cpfRelation xmlns:xlink="http://www.w3.org/1999/xlink"
                      cpfRelationType="hierarchical-child"
                      xlink:href="FRAN_NP_007917"
                      xlink:type="simple">
            <relationEntry>Conseil stratégique de l'agriculture et de l'agro-industrie durables</relationEntry>
            <dateRange>
               <fromDate standardDate="2008-01-01">2008</fromDate>
            </dateRange>
         </cpfRelation>
         <cpfRelation xmlns:xlink="http://www.w3.org/1999/xlink"
                      cpfRelationType="hierarchical-child"
                      xlink:href="FRAN_NP_007911"
                      xlink:type="simple">
            <relationEntry>Conseil général de l'alimentation, de l'agriculture et des espaces ruraux</relationEntry>
            <dateRange>
               <fromDate standardDate="2006-01-01">2006</fromDate>
            </dateRange>
         </cpfRelation>
         <cpfRelation xmlns:xlink="http://www.w3.org/1999/xlink"
                      cpfRelationType="hierarchical-child"
                      xlink:href="FRAN_NP_007919"
                      xlink:type="simple">
            <relationEntry>Conseil général vétérinaire</relationEntry>
            <dateRange>
               <fromDate standardDate="1986-01-01">1986</fromDate>
               <toDate standardDate="2006-12-31">2006</toDate>
            </dateRange>
         </cpfRelation>
         <cpfRelation xmlns:xlink="http://www.w3.org/1999/xlink"
                      cpfRelationType="hierarchical-child"
                      xlink:href="FRAN_NP_007920"
                      xlink:type="simple">
            <relationEntry>Mission de défense (ministère de l'Agriculture)</relationEntry>
            <dateRange>
               <fromDate standardDate="1959-01-01">1959</fromDate>
            </dateRange>
         </cpfRelation>
         <cpfRelation xmlns:xlink="http://www.w3.org/1999/xlink"
                      cpfRelationType="hierarchical-child"
                      xlink:href="FRAN_NP_007923"
                      xlink:type="simple">
            <relationEntry>Conseil général du génie rural, des eaux et forêts</relationEntry>
            <dateRange>
               <fromDate standardDate="1966-01-01">1966</fromDate>
               <toDate standardDate="2006-12-31">2006</toDate>
            </dateRange>
         </cpfRelation>
         <cpfRelation xmlns:xlink="http://www.w3.org/1999/xlink"
                      cpfRelationType="hierarchical-child"
                      xlink:href="FRAN_NP_007921"
                      xlink:type="simple">
            <relationEntry>Délégué interministériel aux industries agroalimentaires et à l'agro-industrie</relationEntry>
            <dateRange>
               <fromDate standardDate="2005-01-01">2005</fromDate>
            </dateRange>
         </cpfRelation>
         <cpfRelation xmlns:xlink="http://www.w3.org/1999/xlink"
                      cpfRelationType="hierarchical-child"
                      xlink:href="FRAN_NP_007902"
                      xlink:type="simple">
            <relationEntry>Sous-direction administrative du cabinet (ministère de l'Agriculture)</relationEntry>
            <dateRange>
               <fromDate standardDate="1961-01-01">1961</fromDate>
               <toDate standardDate="1987-12-31">1987</toDate>
            </dateRange>
         </cpfRelation>
         <cpfRelation xmlns:xlink="http://www.w3.org/1999/xlink"
                      cpfRelationType="hierarchical-child"
                      xlink:href="FRAN_NP_008999"
                      xlink:type="simple">
            <relationEntry>Office national interprofessionnel des vins</relationEntry>
            <dateRange>
               <fromDate standardDate="1983-01-01">1983</fromDate>
               <toDate standardDate="2005-12-31">2005</toDate>
            </dateRange>
         </cpfRelation>
         <cpfRelation xmlns:xlink="http://www.w3.org/1999/xlink"
                      cpfRelationType="hierarchical-child"
                      xlink:href="FRAN_NP_008995"
                      xlink:type="simple">
            <relationEntry>Centre national pour l'aménagement des structures des exploitations agricoles</relationEntry>
            <dateRange>
               <fromDate standardDate="1967-01-01">1967</fromDate>
               <toDate standardDate="2009-12-31">2009</toDate>
            </dateRange>
         </cpfRelation>
         <cpfRelation xmlns:xlink="http://www.w3.org/1999/xlink"
                      cpfRelationType="hierarchical-child"
                      xlink:href="FRAN_NP_007899"
                      xlink:type="simple">
            <relationEntry>Cabinets du ministre de l'Agriculture et des secrétaires d'État auprès du ministre de l'Agriculture</relationEntry>
            <dateRange>
               <fromDate standardDate="1949-01-01">1949</fromDate>
               <toDate standardDate="1993-03-29">29 mars 1993</toDate>
            </dateRange>
         </cpfRelation>
         <cpfRelation xmlns:xlink="http://www.w3.org/1999/xlink"
                      cpfRelationType="hierarchical-child"
                      xlink:href="FRAN_NP_008945"
                      xlink:type="simple">
            <relationEntry>Secrétariat général (ministère de l'Agriculture)</relationEntry>
            <dateRange>
               <fromDate standardDate="2005-01-01">2005</fromDate>
            </dateRange>
         </cpfRelation>
         <cpfRelation xmlns:xlink="http://www.w3.org/1999/xlink"
                      cpfRelationType="hierarchical-child"
                      xlink:href="FRAN_NP_006953"
                      xlink:type="simple">
            <relationEntry>Direction des pêches maritimes et des cultures marines</relationEntry>
            <dateRange>
               <fromDate standardDate="1993-03-30">30 mars 1993</fromDate>
               <toDate standardDate="1997-12-31">1997</toDate>
            </dateRange>
         </cpfRelation>
         <cpfRelation xmlns:xlink="http://www.w3.org/1999/xlink"
                      cpfRelationType="hierarchical-child"
                      xlink:href="FRAN_NP_008663"
                      xlink:type="simple">
            <relationEntry>Service de la communication (ministère de l'Agriculture)</relationEntry>
            <dateRange>
               <fromDate standardDate="1989-01-01">1989</fromDate>
               <toDate standardDate="2005-12-31">2005</toDate>
            </dateRange>
         </cpfRelation>
         <cpfRelation xmlns:xlink="http://www.w3.org/1999/xlink"
                      cpfRelationType="hierarchical-child"
                      xlink:href="FRAN_NP_008701"
                      xlink:type="simple">
            <relationEntry>Service des affaires juridiques (ministère de l'Agriculture) (1999-2005)</relationEntry>
            <dateRange>
               <fromDate standardDate="1999-01-01">1999</fromDate>
               <toDate standardDate="2005-12-31">2005</toDate>
            </dateRange>
         </cpfRelation>
         <cpfRelation xmlns:xlink="http://www.w3.org/1999/xlink"
                      cpfRelationType="hierarchical-child"
                      xlink:href="FRAN_NP_008736"
                      xlink:type="simple">
            <relationEntry>Direction générale de la forêt et des affaires rurales</relationEntry>
            <dateRange>
               <fromDate standardDate="2003-01-01">2003</fromDate>
               <toDate standardDate="2008-12-31">2008</toDate>
            </dateRange>
         </cpfRelation>
         <cpfRelation xmlns:xlink="http://www.w3.org/1999/xlink"
                      cpfRelationType="temporal-earlier"
                      xlink:href="FRAN_NP_009799"
                      xlink:type="simple">
            <relationEntry>Ministère de l'Espace rural et de l'Aménagement du territoire</relationEntry>
            <dateRange>
               <fromDate standardDate="2010-11-14">14 novembre 2010</fromDate>
            </dateRange>
         </cpfRelation>
         <resourceRelation xmlns:xlink="http://www.w3.org/1999/xlink"
                           resourceRelationType="subjectOf"
                           xlink:href="FRAN_IR_010662"
                           xlink:type="simple">
            <relationEntry localType="archival">Agriculture ; Production et marchés (1957-1965)</relationEntry>
         </resourceRelation>
         <resourceRelation xmlns:xlink="http://www.w3.org/1999/xlink"
                           resourceRelationType="subjectOf"
                           xlink:href="FRAN_IR_010667"
                           xlink:type="simple">
            <relationEntry localType="archival">Agriculture ; Production et marchés (1961-1975)</relationEntry>
         </resourceRelation>
         <resourceRelation xmlns:xlink="http://www.w3.org/1999/xlink"
                           resourceRelationType="subjectOf"
                           xlink:href="FRAN_IR_010668"
                           xlink:type="simple">
            <relationEntry localType="archival">Agriculture ; Production et marchés (1938-1959)</relationEntry>
         </resourceRelation>
         <resourceRelation xmlns:xlink="http://www.w3.org/1999/xlink"
                           resourceRelationType="subjectOf"
                           xlink:href="FRAN_IR_010670"
                           xlink:type="simple">
            <relationEntry localType="archival">Agriculture ; Direction régionale des services agricoles de Paris (1937-1956)</relationEntry>
         </resourceRelation>
         <resourceRelation xmlns:xlink="http://www.w3.org/1999/xlink"
                           resourceRelationType="subjectOf"
                           xlink:href="FRAN_IR_010671"
                           xlink:type="simple">
            <relationEntry localType="archival">Agriculture ; Production et marchés (1951-1957)</relationEntry>
         </resourceRelation>
         <resourceRelation xmlns:xlink="http://www.w3.org/1999/xlink"
                           resourceRelationType="subjectOf"
                           xlink:href="FRAN_IR_010672"
                           xlink:type="simple">
            <relationEntry localType="archival">Agriculture ; Production et marchés (1952-1957)</relationEntry>
         </resourceRelation>
         <resourceRelation xmlns:xlink="http://www.w3.org/1999/xlink"
                           resourceRelationType="subjectOf"
                           xlink:href="FRAN_IR_010673"
                           xlink:type="simple">
            <relationEntry localType="archival">Agriculture ; Enseignement et vulgarisation (1960-1961)</relationEntry>
         </resourceRelation>
         <resourceRelation xmlns:xlink="http://www.w3.org/1999/xlink"
                           resourceRelationType="subjectOf"
                           xlink:href="FRAN_IR_050479"
                           xlink:type="simple">
            <relationEntry localType="archival">Agriculture, cabinet d'Édith Cresson, réunions des membres du cabinet, courrier de M. Didier Minot</relationEntry>
         </resourceRelation>
         <resourceRelation xmlns:xlink="http://www.w3.org/1999/xlink"
                           resourceRelationType="subjectOf"
                           xlink:href="FRAN_IR_050489"
                           xlink:type="simple">
            <relationEntry localType="archival">Agriculture, cabinet du ministre ou du secrétaire d'État, archives de M. Basset, conseiller technique du ministre de l'agriculture (1976-1985)</relationEntry>
         </resourceRelation>
         <resourceRelation xmlns:xlink="http://www.w3.org/1999/xlink"
                           resourceRelationType="creatorOf"
                           xlink:href="FRAN_IR_010205"
                           xlink:type="simple">
            <relationEntry localType="archival">Circulaires et notes de service du ministère de l’Agriculture et de la Pêche
          (2001).</relationEntry>
         </resourceRelation>
         <resourceRelation xmlns:xlink="http://www.w3.org/1999/xlink"
                           resourceRelationType="creatorOf"
                           xlink:href="FRAN_IR_051056"
                           xlink:type="simple">
            <relationEntry localType="archival">Ministère de l'Agriculture, Direction générale de l'alimentation, Service de la qualité alimentaire et des actions vétérinaires et phytosanitaires, Sous-direction de la protection des végétaux, Bureau Expérimentation, études et méthodologie</relationEntry>
         </resourceRelation>
         <resourceRelation xmlns:xlink="http://www.w3.org/1999/xlink"
                           resourceRelationType="creatorOf"
                           xlink:href="FRAN_IR_050982"
                           xlink:type="simple">
            <relationEntry localType="archival">Ministère de l'agriculture, Direction générale des politiques économique, européenne et internationale, Mission de liaison et de coordination pour l'outre-mer</relationEntry>
         </resourceRelation>
         <resourceRelation xmlns:xlink="http://www.w3.org/1999/xlink"
                           resourceRelationType="creatorOf"
                           xlink:href="FRAN_IR_050983"
                           xlink:type="simple">
            <relationEntry localType="archival">Ministère de l'agriculture, Inspection générale de l'agriculture</relationEntry>
         </resourceRelation>
         <resourceRelation xmlns:xlink="http://www.w3.org/1999/xlink"
                           resourceRelationType="creatorOf"
                           xlink:href="FRAN_IR_050984"
                           xlink:type="simple">
            <relationEntry localType="archival">Ministère de l'agriculture, Inspection générale de l'agriculture</relationEntry>
         </resourceRelation>
         <resourceRelation xmlns:xlink="http://www.w3.org/1999/xlink"
                           resourceRelationType="creatorOf"
                           xlink:href="FRAN_IR_050985"
                           xlink:type="simple">
            <relationEntry localType="archival">Ministère de l'agriculture, Conseil général de l'alimentation, de l'agriculture et des espaces ruraux</relationEntry>
         </resourceRelation>
         <resourceRelation xmlns:xlink="http://www.w3.org/1999/xlink"
                           resourceRelationType="creatorOf"
                           xlink:href="FRAN_IR_050986"
                           xlink:type="simple">
            <relationEntry localType="archival">Ministère de l'agriculture, Direction générale de l'enseignement et de la recherche, Bureau de la coopération internationale</relationEntry>
         </resourceRelation>
         <resourceRelation xmlns:xlink="http://www.w3.org/1999/xlink"
                           resourceRelationType="creatorOf"
                           xlink:href="FRAN_IR_050987"
                           xlink:type="simple">
            <relationEntry localType="archival">Ministère de l'agriculture, Conseil général de l'alimentation, de l'agriculture et des espaces ruraux</relationEntry>
         </resourceRelation>
         <resourceRelation xmlns:xlink="http://www.w3.org/1999/xlink"
                           resourceRelationType="creatorOf"
                           xlink:href="FRAN_IR_050988"
                           xlink:type="simple">
            <relationEntry localType="archival">Ministère de l'agriculture, Conseil général de l'alimentation, de l'agriculture et des espaces ruraux</relationEntry>
         </resourceRelation>
         <resourceRelation xmlns:xlink="http://www.w3.org/1999/xlink"
                           resourceRelationType="creatorOf"
                           xlink:href="FRAN_IR_050995"
                           xlink:type="simple">
            <relationEntry localType="archival">Ministère de l'agriculture, Conseil général de l'alimentation, de l'agriculture et des espaces ruraux</relationEntry>
         </resourceRelation>
         <resourceRelation xmlns:xlink="http://www.w3.org/1999/xlink"
                           resourceRelationType="creatorOf"
                           xlink:href="FRAN_IR_051003"
                           xlink:type="simple">
            <relationEntry localType="archival">Agriculture, Établissement de gestion du fonds de financement des prestations sociales des non-salariés agricoles</relationEntry>
         </resourceRelation>
         <resourceRelation xmlns:xlink="http://www.w3.org/1999/xlink"
                           resourceRelationType="creatorOf"
                           xlink:href="FRAN_IR_051005"
                           xlink:type="simple">
            <relationEntry localType="archival">Ministère de l'agriculture, Conseil général de l'alimentation, de l'agriculture et des espaces ruraux</relationEntry>
         </resourceRelation>
         <resourceRelation xmlns:xlink="http://www.w3.org/1999/xlink"
                           resourceRelationType="creatorOf"
                           xlink:href="FRAN_IR_051009"
                           xlink:type="simple">
            <relationEntry localType="archival">Ministère de l'Agriculture, Centre national d'études et d'expérimentation du machinisme agricole</relationEntry>
         </resourceRelation>
         <resourceRelation xmlns:xlink="http://www.w3.org/1999/xlink"
                           resourceRelationType="creatorOf"
                           xlink:href="FRAN_IR_051010"
                           xlink:type="simple">
            <relationEntry localType="archival">Ministère de l'Agriculture, Institut national de la recherche agronomique</relationEntry>
         </resourceRelation>
         <resourceRelation xmlns:xlink="http://www.w3.org/1999/xlink"
                           resourceRelationType="creatorOf"
                           xlink:href="FRAN_IR_051012"
                           xlink:type="simple">
            <relationEntry localType="archival">Ministère de l'agriculture, Direction de l'espace rural et de la forêt, Sous-direction de la forêt Bureau de l'espace forestier</relationEntry>
         </resourceRelation>
         <resourceRelation xmlns:xlink="http://www.w3.org/1999/xlink"
                           resourceRelationType="creatorOf"
                           xlink:href="FRAN_IR_051044"
                           xlink:type="simple">
            <relationEntry localType="archival">Ministère de l'agriculture, Conseil général de l'alimentation, de l'agriculture et des espaces ruraux</relationEntry>
         </resourceRelation>
         <resourceRelation xmlns:xlink="http://www.w3.org/1999/xlink"
                           resourceRelationType="creatorOf"
                           xlink:href="FRAN_IR_051045"
                           xlink:type="simple">
            <relationEntry localType="archival">Ministère de l'agriculture, Conseil général de l'alimentation, de l'agriculture et des espaces ruraux</relationEntry>
         </resourceRelation>
         <resourceRelation xmlns:xlink="http://www.w3.org/1999/xlink"
                           resourceRelationType="creatorOf"
                           xlink:href="FRAN_IR_051046"
                           xlink:type="simple">
            <relationEntry localType="archival">Ministère de l'agriculture, Conseil général de l'alimentation, de l'agriculture et des espaces ruraux</relationEntry>
         </resourceRelation>
         <resourceRelation xmlns:xlink="http://www.w3.org/1999/xlink"
                           resourceRelationType="creatorOf"
                           xlink:href="FRAN_IR_051047"
                           xlink:type="simple">
            <relationEntry localType="archival">Ministère de l'agriculture, Conseil général de l'alimentation, de l'agriculture et des espaces ruraux</relationEntry>
         </resourceRelation>
         <resourceRelation xmlns:xlink="http://www.w3.org/1999/xlink"
                           resourceRelationType="creatorOf"
                           xlink:href="FRAN_IR_051049"
                           xlink:type="simple">
            <relationEntry localType="archival">Ministère de l'agriculture, Direction générale de la forêt et des affaires rurales, Sous-direction de la forêt et du bois, Bureau du développement économique</relationEntry>
         </resourceRelation>
         <resourceRelation xmlns:xlink="http://www.w3.org/1999/xlink"
                           resourceRelationType="creatorOf"
                           xlink:href="FRAN_IR_051050"
                           xlink:type="simple">
            <relationEntry localType="archival">Ministère de l'agriculture, Direction générale de l'alimentation, Mission des urgences sanitaires</relationEntry>
         </resourceRelation>
         <resourceRelation xmlns:xlink="http://www.w3.org/1999/xlink"
                           resourceRelationType="creatorOf"
                           xlink:href="FRAN_IR_051054"
                           xlink:type="simple">
            <relationEntry localType="archival">Ministère de l'Agriculture, Direction générale de l'administration et du financement, Centre technique du génie rural, des eaux et des forêts</relationEntry>
         </resourceRelation>
         <resourceRelation xmlns:xlink="http://www.w3.org/1999/xlink"
                           resourceRelationType="creatorOf"
                           xlink:href="FRAN_IR_051140"
                           xlink:type="simple">
            <relationEntry localType="archival">Ministère de l'agriculture, Conseil général de l'alimentation, de l'agriculture et des espaces ruraux</relationEntry>
         </resourceRelation>
         <resourceRelation xmlns:xlink="http://www.w3.org/1999/xlink"
                           resourceRelationType="creatorOf"
                           xlink:href="FRAN_IR_051141"
                           xlink:type="simple">
            <relationEntry localType="archival">Ministère de l'agriculture, Conseil général de l'alimentation, de l'agriculture et des espaces ruraux</relationEntry>
         </resourceRelation>
         <resourceRelation xmlns:xlink="http://www.w3.org/1999/xlink"
                           resourceRelationType="creatorOf"
                           xlink:href="FRAN_IR_050967"
                           xlink:type="simple">
            <relationEntry localType="archival">Ministère de l'agriculture, Direction de l'espace rural et de la forêt, Département de la santé des forêts</relationEntry>
         </resourceRelation>
         <resourceRelation xmlns:xlink="http://www.w3.org/1999/xlink"
                           resourceRelationType="creatorOf"
                           xlink:href="FRAN_IR_050964"
                           xlink:type="simple">
            <relationEntry localType="archival">Ministère de l'Agriculture, Direction générale de la forêt et des affaires rurales, Sous-direction du cheval, Bureau de l'élevage et des activités équestres</relationEntry>
         </resourceRelation>
         <resourceRelation xmlns:xlink="http://www.w3.org/1999/xlink"
                           resourceRelationType="creatorOf"
                           xlink:href="FRAN_IR_050966"
                           xlink:type="simple">
            <relationEntry localType="archival">Ministère de l'agriculture, Bureau des courses et du pari mutuel</relationEntry>
         </resourceRelation>
         <resourceRelation xmlns:xlink="http://www.w3.org/1999/xlink"
                           resourceRelationType="creatorOf"
                           xlink:href="FRAN_IR_050973"
                           xlink:type="simple">
            <relationEntry localType="archival">Ministère de l'agriculture, Mission de liaison et de coordination pour les Dom-Tom</relationEntry>
         </resourceRelation>
         <resourceRelation xmlns:xlink="http://www.w3.org/1999/xlink"
                           resourceRelationType="creatorOf"
                           xlink:href="FRAN_IR_050978"
                           xlink:type="simple">
            <relationEntry localType="archival">Ministère de l'agriculture, Conseil général de l'alimentation, de l'agriculture et des espaces ruraux</relationEntry>
         </resourceRelation>
         <resourceRelation xmlns:xlink="http://www.w3.org/1999/xlink"
                           resourceRelationType="creatorOf"
                           xlink:href="FRAN_IR_050979"
                           xlink:type="simple">
            <relationEntry localType="archival">Ministère de l'agriculture, Direction générale des politiques économique, européenne et internationale, Mission de liaison et de coordination pour l'outre-mer</relationEntry>
         </resourceRelation>
         <resourceRelation xmlns:xlink="http://www.w3.org/1999/xlink"
                           resourceRelationType="creatorOf"
                           xlink:href="FRAN_IR_050974"
                           xlink:type="simple">
            <relationEntry localType="archival">Ministère de l'agriculture, Direction générale de l'alimentation, Sous-direction de la santé et de la protection animales, Bureau de la protection animale</relationEntry>
         </resourceRelation>
         <resourceRelation xmlns:xlink="http://www.w3.org/1999/xlink"
                           resourceRelationType="creatorOf"
                           xlink:href="FRAN_IR_051000"
                           xlink:type="simple">
            <relationEntry localType="archival">Ministère de l'Agriculture, Direction générale des politiques économique, européenne et internationale, Service de la production et des marchés, Sous-direction de l'orientation et de l'organisation économique, Bureau des groupements de producteurs</relationEntry>
         </resourceRelation>
         <resourceRelation xmlns:xlink="http://www.w3.org/1999/xlink"
                           resourceRelationType="creatorOf"
                           xlink:href="FRAN_IR_050969"
                           xlink:type="simple">
            <relationEntry localType="archival">Ministère de l'Agriculture, Direction générale de la forêt et des affaires rurales, Sous-direction de la forêt et du bois, Bureau du développement économique</relationEntry>
         </resourceRelation>
         <resourceRelation xmlns:xlink="http://www.w3.org/1999/xlink"
                           resourceRelationType="creatorOf"
                           xlink:href="FRAN_IR_003663"
                           xlink:type="simple">
            <relationEntry localType="archival">Fonds Edgard Pisani (1945-2013)</relationEntry>
         </resourceRelation>
      </relations>
   </cpfDescription>
</eac-cpf>
