<eac-cpf xmlns="urn:isbn:1-931666-33-4"
         xmlns:xsi="http://www.w3.org/2001/XMLSchema-instance"
         xsi:schemaLocation="urn:isbn:1-931666-33-4 cpf.xsd">
   <control>
      <recordId>FRAN_NP_000020</recordId>
      <otherRecordId localType="Ancien_identifiant">52</otherRecordId>
      <maintenanceStatus>revised</maintenanceStatus>
      <maintenanceAgency>
         <agencyName>Archives nationales de France</agencyName>
      </maintenanceAgency>
      <languageDeclaration>
         <language languageCode="fre">Français</language>
         <script scriptCode="Latn"/>
      </languageDeclaration>
      <conventionDeclaration>
         <citation>Notice établie conformément à la norme ICA-ISAAR (CPF) 2004, aux normes ISO 8601 pour le système de normalisation des dates utilisé, ainsi que AFNOR NF Z 44-061, juin 1986. Catalogage : forme et structure des vedettes noms de personne, des vedettes titres, des rubriques de classement et des titres forgés.</citation>
      </conventionDeclaration>
      <localControl localType="niveau_de_detail">
         <term>Élémentaire</term>
      </localControl>
      <maintenanceHistory>
         <maintenanceEvent>
            <eventType>derived</eventType>
            <eventDateTime>2013-04-23</eventDateTime>
            <agentType>machine</agentType>
            <agent>Import_SIA</agent>
         </maintenanceEvent>
         <maintenanceEvent>
            <eventType>revised</eventType>
            <eventDateTime>2015-12-04</eventDateTime>
            <agentType>human</agentType>
            <agent>Blandine WAGNER</agent>
            <eventDescription>Anciens identifiants : 52, 5200</eventDescription>
         </maintenanceEvent>
      </maintenanceHistory>
   </control>
   <cpfDescription>
      <identity>
         <entityType>corporateBody</entityType>
         <nameEntry localType="autorisée" scriptCode="Latn" xml:lang="fre">
            <part>Ministère de la Jeunesse et des Sports</part>
         </nameEntry>
         <nameEntry>
            <part>Ministère de la Jeunesse, des Sports et de la Vie associative</part>
            <useDates>
               <dateRange>
                  <fromDate standardDate="2004-03-31">31 mars 2004</fromDate>
                  <toDate standardDate="2007-05-15">15 mai 2007</toDate>
               </dateRange>
            </useDates>
         </nameEntry>
         <nameEntry>
            <part>Ministère de la Jeunesse et des Sports</part>
            <useDates>
               <dateRange>
                  <fromDate standardDate="1991-05-16">16 mai 1991</fromDate>
                  <toDate standardDate="2002-05-06">6 mai 2002</toDate>
               </dateRange>
            </useDates>
         </nameEntry>
         <nameEntry>
            <part>Ministère de la Jeunesse et des Sports</part>
            <useDates>
               <dateRange>
                  <fromDate standardDate="1984-07-23">23 juillet 1984</fromDate>
                  <toDate standardDate="1986-03-20">20 mars 1986</toDate>
               </dateRange>
            </useDates>
         </nameEntry>
         <nameEntry>
            <part>Ministère du Temps libre, de la Jeunesse et des Sports</part>
            <useDates>
               <dateRange>
                  <fromDate standardDate="1978-04-05">5 avril 1978</fromDate>
                  <toDate standardDate="1981-05-13">13 mai 1981</toDate>
               </dateRange>
            </useDates>
         </nameEntry>
         <nameEntry>
            <part>Ministère de la Jeunesse, des Sports et des Loisirs</part>
            <useDates>
               <dateRange>
                  <fromDate standardDate="1983-03-24">24 mars 1983</fromDate>
                  <toDate standardDate="1984-07-17">17 juillet 1984</toDate>
               </dateRange>
            </useDates>
         </nameEntry>
         <nameEntry>
            <part>Secrétariat d'État à la Jeunesse et aux Sports</part>
            <useDates>
               <dateRange>
                  <fromDate standardDate="1977-04-01">1er avril 1977</fromDate>
                  <toDate standardDate="1978-03-31">31 mars 1978</toDate>
               </dateRange>
            </useDates>
         </nameEntry>
         <nameEntry>
            <part>Ministère de la Jeunesse et des Sports</part>
            <useDates>
               <dateRange>
                  <fromDate standardDate="1966-01-08">8 janvier 1966</fromDate>
                  <toDate standardDate="1968-07-10">10 juillet 1968</toDate>
               </dateRange>
            </useDates>
         </nameEntry>
      </identity>
      <description>
         <existDates>
            <dateRange>
               <fromDate standardDate="1966-01-08">8 janvier 1966</fromDate>
               <toDate standardDate="2007-05-15">15 mai 2007</toDate>
            </dateRange>
         </existDates>
         <legalStatuses>
            <legalStatus>
               <term vocabularySource="d5bloo2gwk-sgl3fc00gzgl">ministère</term>
            </legalStatus>
         </legalStatuses>
      </description>
      <relations>
         <cpfRelation xmlns:xlink="http://www.w3.org/1999/xlink"
                      cpfRelationType="hierarchical-child"
                      xlink:href="FRAN_NP_005800"
                      xlink:type="simple">
            <relationEntry>Cabinet et services rattachés au ministre (ministère chargé de la jeunesse, des sports et de la vie associative)</relationEntry>
            <dateRange>
               <fromDate standardDate="1966-01-08">8 janvier 1966</fromDate>
               <toDate standardDate="2007-05-15">15 mai 2007</toDate>
            </dateRange>
         </cpfRelation>
         <cpfRelation xmlns:xlink="http://www.w3.org/1999/xlink"
                      cpfRelationType="hierarchical-child"
                      xlink:href="FRAN_NP_005811"
                      xlink:type="simple">
            <relationEntry>Conseil de la jeunesse, de l'éducation populaire et des sports</relationEntry>
            <dateRange>
               <fromDate standardDate="1966-01-08">8 janvier 1966</fromDate>
               <toDate standardDate="1990-12-31">1990</toDate>
            </dateRange>
         </cpfRelation>
         <cpfRelation xmlns:xlink="http://www.w3.org/1999/xlink"
                      cpfRelationType="hierarchical-child"
                      xlink:href="FRAN_NP_005912"
                      xlink:type="simple">
            <relationEntry>Service de l'équipement (ministère chargé de la jeunesse et des sports)</relationEntry>
            <dateRange>
               <fromDate standardDate="1983-08-22">22 août 1983</fromDate>
               <toDate standardDate="1986-12-31">1986</toDate>
            </dateRange>
         </cpfRelation>
         <cpfRelation xmlns:xlink="http://www.w3.org/1999/xlink"
                      cpfRelationType="associative"
                      xlink:href="FRAN_NP_005434"
                      xlink:type="simple">
            <relationEntry>Comité national des Jeux de la Francophonie</relationEntry>
            <dateRange>
               <fromDate standardDate="1993-01-01">1993</fromDate>
               <toDate standardDate="1995-12-31">1995</toDate>
            </dateRange>
         </cpfRelation>
         <cpfRelation xmlns:xlink="http://www.w3.org/1999/xlink"
                      cpfRelationType="hierarchical-child"
                      xlink:href="FRAN_NP_005798"
                      xlink:type="simple">
            <relationEntry>Inspection générale (ministères chargés de la jeunesse, des sports et de la vie associative)</relationEntry>
            <dateRange>
               <fromDate standardDate="1976-01-01">1976</fromDate>
               <toDate standardDate="2007-05-15">15 mai 2007</toDate>
            </dateRange>
         </cpfRelation>
         <cpfRelation xmlns:xlink="http://www.w3.org/1999/xlink"
                      cpfRelationType="hierarchical-child"
                      xlink:href="FRAN_NP_005797"
                      xlink:type="simple">
            <relationEntry>Haut Comité de la jeunesse, des sports et des loisirs</relationEntry>
            <dateRange>
               <fromDate standardDate="1970-01-01">1970</fromDate>
               <toDate standardDate="1986-12-31">1986</toDate>
            </dateRange>
         </cpfRelation>
         <cpfRelation xmlns:xlink="http://www.w3.org/1999/xlink"
                      cpfRelationType="hierarchical-child"
                      xlink:href="FRAN_NP_005793"
                      xlink:type="simple">
            <relationEntry>Service de presse (ministère chargé de la jeunesse, des sports et de la vie associative)</relationEntry>
            <dateRange>
               <fromDate standardDate="1976-01-01">1976</fromDate>
               <toDate standardDate="2007-05-15">15 mai 2007</toDate>
            </dateRange>
         </cpfRelation>
         <cpfRelation xmlns:xlink="http://www.w3.org/1999/xlink"
                      cpfRelationType="hierarchical-child"
                      xlink:href="FRAN_NP_005789"
                      xlink:type="simple">
            <relationEntry>Bureau du cabinet (ministère chargé de la jeunesse, des sports et de la vie associative)</relationEntry>
            <dateRange>
               <fromDate standardDate="1966-01-08">8 janvier 1966</fromDate>
               <toDate standardDate="2007-05-15">15 mai 2007</toDate>
            </dateRange>
         </cpfRelation>
         <cpfRelation xmlns:xlink="http://www.w3.org/1999/xlink"
                      cpfRelationType="associative"
                      xlink:href="FRAN_NP_002531"
                      xlink:type="simple">
            <relationEntry>Direction de l'administration générale et des affaires sociales (ministère de l'Éducation nationale)</relationEntry>
            <dateRange>
               <fromDate standardDate="1974-06-08">8 juin 1974</fromDate>
               <toDate standardDate="1975-07-22">22 juillet 1975</toDate>
            </dateRange>
         </cpfRelation>
         <cpfRelation xmlns:xlink="http://www.w3.org/1999/xlink"
                      cpfRelationType="temporal-later"
                      xlink:href="FRAN_NP_009650"
                      xlink:type="simple">
            <relationEntry>Ministère de la Santé et des Sports</relationEntry>
            <dateRange>
               <fromDate standardDate="2007-05-18">18 mai 2007</fromDate>
            </dateRange>
         </cpfRelation>
         <cpfRelation xmlns:xlink="http://www.w3.org/1999/xlink"
                      cpfRelationType="hierarchical-child"
                      xlink:href="FRAN_NP_007106"
                      xlink:type="simple">
            <relationEntry>Direction de l'aménagement et des professions touristiques</relationEntry>
            <dateRange>
               <fromDate standardDate="1978-04-05">5 avril 1978</fromDate>
               <toDate standardDate="1978-12-31">1978</toDate>
            </dateRange>
         </cpfRelation>
         <cpfRelation xmlns:xlink="http://www.w3.org/1999/xlink"
                      cpfRelationType="associative"
                      xlink:href="FRAN_NP_009237"
                      xlink:type="simple">
            <relationEntry>Association de cogestion pour les déplacements à but éducatif des jeunes</relationEntry>
            <dateRange>
               <fromDate standardDate="1966-01-08">8 janvier 1966</fromDate>
               <toDate standardDate="1983-12-31">1983</toDate>
            </dateRange>
         </cpfRelation>
         <cpfRelation xmlns:xlink="http://www.w3.org/1999/xlink"
                      cpfRelationType="associative"
                      xlink:href="FRAN_NP_051136"
                      xlink:type="simple">
            <relationEntry>Goudineau, Daniel (1949-....)</relationEntry>
            <dateRange>
               <fromDate standardDate="1977-01-01">1977</fromDate>
               <toDate standardDate="2007-05-15">15 mai 2007</toDate>
            </dateRange>
         </cpfRelation>
         <cpfRelation xmlns:xlink="http://www.w3.org/1999/xlink"
                      cpfRelationType="associative"
                      xlink:href="FRAN_NP_051396"
                      xlink:type="simple">
            <relationEntry>France. Conseil supérieur de la navigation de plaisance et des sports nautiques (1967-....)</relationEntry>
            <dateRange>
               <fromDate standardDate="1967-03-31">31 mars 1967</fromDate>
               <toDate standardDate="2007-05-15">15 mai 2007</toDate>
            </dateRange>
         </cpfRelation>
         <cpfRelation xmlns:xlink="http://www.w3.org/1999/xlink"
                      cpfRelationType="associative"
                      xlink:href="FRAN_NP_009236"
                      xlink:type="simple">
            <relationEntry>Association Carte Jeunes</relationEntry>
            <dateRange>
               <fromDate standardDate="1985-01-01">1985</fromDate>
               <toDate standardDate="1994-12-31">1994</toDate>
            </dateRange>
         </cpfRelation>
         <cpfRelation xmlns:xlink="http://www.w3.org/1999/xlink"
                      cpfRelationType="hierarchical-child"
                      xlink:href="FRAN_NP_007110"
                      xlink:type="simple">
            <relationEntry>Service de l'action touristique et des relations internationales (ministère chargé du tourisme)</relationEntry>
            <dateRange>
               <fromDate standardDate="1978-04-05">5 avril 1978</fromDate>
               <toDate standardDate="1978-12-31">1978</toDate>
            </dateRange>
         </cpfRelation>
         <cpfRelation xmlns:xlink="http://www.w3.org/1999/xlink"
                      cpfRelationType="associative"
                      xlink:href="FRAN_NP_005262"
                      xlink:type="simple">
            <relationEntry>Mission pour le développement de l'éducation artistique (ministère de l'Éducation nationale)</relationEntry>
            <dateRange>
               <fromDate standardDate="1993-01-01">1993</fromDate>
               <toDate standardDate="1997-12-31">1997</toDate>
            </dateRange>
         </cpfRelation>
         <cpfRelation xmlns:xlink="http://www.w3.org/1999/xlink"
                      cpfRelationType="associative"
                      xlink:href="FRAN_NP_006884"
                      xlink:type="simple">
            <relationEntry>Association technique interministérielle des transports</relationEntry>
            <dateRange>
               <fromDate standardDate="1966-01-08">8 janvier 1966</fromDate>
               <toDate standardDate="1977-12-31">1977</toDate>
            </dateRange>
         </cpfRelation>
         <cpfRelation xmlns:xlink="http://www.w3.org/1999/xlink"
                      cpfRelationType="hierarchical-child"
                      xlink:href="FRAN_NP_005792"
                      xlink:type="simple">
            <relationEntry>Mission technique de l'équipement (ministère chargé de la jeunesse et des sports)</relationEntry>
            <dateRange>
               <fromDate standardDate="1986-01-01">1986</fromDate>
               <toDate standardDate="1992-12-31">1992</toDate>
            </dateRange>
         </cpfRelation>
         <cpfRelation xmlns:xlink="http://www.w3.org/1999/xlink"
                      cpfRelationType="hierarchical-child"
                      xlink:href="FRAN_NP_005796"
                      xlink:type="simple">
            <relationEntry>Contrôle financier (ministère chargé de la jeunesse, des sports et de la vie associative)</relationEntry>
            <dateRange>
               <fromDate standardDate="1976-01-01">1976</fromDate>
               <toDate standardDate="2007-05-15">15 mai 2007</toDate>
            </dateRange>
         </cpfRelation>
         <cpfRelation xmlns:xlink="http://www.w3.org/1999/xlink"
                      cpfRelationType="hierarchical-child"
                      xlink:href="FRAN_NP_005795"
                      xlink:type="simple">
            <relationEntry>Cabinet du ministre ou du secrétaire d'État chargé de la Jeunesse et des Sports</relationEntry>
            <dateRange>
               <fromDate standardDate="1966-01-08">8 janvier 1966</fromDate>
               <toDate standardDate="2007-05-15">15 mai 2007</toDate>
            </dateRange>
         </cpfRelation>
         <cpfRelation xmlns:xlink="http://www.w3.org/1999/xlink"
                      cpfRelationType="hierarchical-child"
                      xlink:href="FRAN_NP_005799"
                      xlink:type="simple">
            <relationEntry>Offre publique de réflexion sur l'avenir de l'éducation populaire</relationEntry>
            <dateRange>
               <fromDate standardDate="1998-01-01">1998</fromDate>
               <toDate standardDate="2001-12-31">2001</toDate>
            </dateRange>
         </cpfRelation>
         <cpfRelation xmlns:xlink="http://www.w3.org/1999/xlink"
                      cpfRelationType="hierarchical-child"
                      xlink:href="FRAN_NP_005925"
                      xlink:type="simple">
            <relationEntry>Direction du temps libre et de l'éducation populaire</relationEntry>
            <dateRange>
               <fromDate standardDate="1983-01-01">1983</fromDate>
               <toDate standardDate="1986-12-31">1986</toDate>
            </dateRange>
         </cpfRelation>
         <cpfRelation xmlns:xlink="http://www.w3.org/1999/xlink"
                      cpfRelationType="hierarchical-child"
                      xlink:href="FRAN_NP_005930"
                      xlink:type="simple">
            <relationEntry>Direction de l'administration (ministère chargé de la jeunesse et des sports)</relationEntry>
            <dateRange>
               <fromDate standardDate="1966-01-08">8 janvier 1966</fromDate>
               <toDate standardDate="1974-05-27">27 mai 1974</toDate>
            </dateRange>
         </cpfRelation>
         <cpfRelation xmlns:xlink="http://www.w3.org/1999/xlink"
                      cpfRelationType="hierarchical-child"
                      xlink:href="FRAN_NP_005970"
                      xlink:type="simple">
            <relationEntry>Délégation à l'emploi et aux formations (ministères chargés de la jeunesse et des sports)</relationEntry>
            <dateRange>
               <fromDate standardDate="1999-01-01">1999</fromDate>
               <toDate standardDate="2005-12-31">2005</toDate>
            </dateRange>
         </cpfRelation>
         <cpfRelation xmlns:xlink="http://www.w3.org/1999/xlink"
                      cpfRelationType="hierarchical-child"
                      xlink:href="FRAN_NP_005988"
                      xlink:type="simple">
            <relationEntry>Délégation aux formations (ministère chargé de la jeunesse et des sports)</relationEntry>
            <dateRange>
               <fromDate standardDate="1993-01-01">1993</fromDate>
               <toDate standardDate="1999-12-31">1999</toDate>
            </dateRange>
         </cpfRelation>
         <resourceRelation xmlns:xlink="http://www.w3.org/1999/xlink"
                           resourceRelationType="subjectOf"
                           xlink:href="FRAN_IR_007397"
                           xlink:type="simple">
            <relationEntry localType="archival">Jeunesse et sports (1936-1981)</relationEntry>
         </resourceRelation>
         <resourceRelation xmlns:xlink="http://www.w3.org/1999/xlink"
                           resourceRelationType="subjectOf"
                           xlink:href="FRAN_IR_015047"
                           xlink:type="simple">
            <relationEntry localType="archival">Jeunesse et sports (1945-1978)</relationEntry>
         </resourceRelation>
         <resourceRelation xmlns:xlink="http://www.w3.org/1999/xlink"
                           resourceRelationType="subjectOf"
                           xlink:href="FRAN_IR_021071"
                           xlink:type="simple">
            <relationEntry localType="archival">Jeunesse et sports (1959-1980)</relationEntry>
         </resourceRelation>
         <resourceRelation xmlns:xlink="http://www.w3.org/1999/xlink"
                           resourceRelationType="subjectOf"
                           xlink:href="FRAN_IR_021072"
                           xlink:type="simple">
            <relationEntry localType="archival">Jeunesse et sports (1970-1982)</relationEntry>
         </resourceRelation>
         <resourceRelation xmlns:xlink="http://www.w3.org/1999/xlink"
                           resourceRelationType="subjectOf"
                           xlink:href="FRAN_IR_021075"
                           xlink:type="simple">
            <relationEntry localType="archival">Jeunesse et sports (1976-1978)</relationEntry>
         </resourceRelation>
         <resourceRelation xmlns:xlink="http://www.w3.org/1999/xlink"
                           resourceRelationType="subjectOf"
                           xlink:href="FRAN_IR_021076"
                           xlink:type="simple">
            <relationEntry localType="archival">Jeunesse et sports (1979-1981)</relationEntry>
         </resourceRelation>
         <resourceRelation xmlns:xlink="http://www.w3.org/1999/xlink"
                           resourceRelationType="subjectOf"
                           xlink:href="FRAN_IR_021077"
                           xlink:type="simple">
            <relationEntry localType="archival">Jeunesse et sports (1961-1980)</relationEntry>
         </resourceRelation>
         <resourceRelation xmlns:xlink="http://www.w3.org/1999/xlink"
                           resourceRelationType="subjectOf"
                           xlink:href="FRAN_IR_021081"
                           xlink:type="simple">
            <relationEntry localType="archival">Jeunesse et sports (1975-1982)</relationEntry>
         </resourceRelation>
         <resourceRelation xmlns:xlink="http://www.w3.org/1999/xlink"
                           resourceRelationType="subjectOf"
                           xlink:href="FRAN_IR_021079"
                           xlink:type="simple">
            <relationEntry localType="archival">Jeunesse et sports (1953-1981)</relationEntry>
         </resourceRelation>
         <resourceRelation xmlns:xlink="http://www.w3.org/1999/xlink"
                           resourceRelationType="subjectOf"
                           xlink:href="FRAN_IR_021082"
                           xlink:type="simple">
            <relationEntry localType="archival">Jeunesse et sports (1959-1980)</relationEntry>
         </resourceRelation>
         <resourceRelation xmlns:xlink="http://www.w3.org/1999/xlink"
                           resourceRelationType="subjectOf"
                           xlink:href="FRAN_IR_021086"
                           xlink:type="simple">
            <relationEntry localType="archival">Jeunesse et sports (1963-1982)</relationEntry>
         </resourceRelation>
         <resourceRelation xmlns:xlink="http://www.w3.org/1999/xlink"
                           resourceRelationType="subjectOf"
                           xlink:href="FRAN_IR_021087"
                           xlink:type="simple">
            <relationEntry localType="archival">Jeunesse et sports (1965-1975)</relationEntry>
         </resourceRelation>
         <resourceRelation xmlns:xlink="http://www.w3.org/1999/xlink"
                           resourceRelationType="subjectOf"
                           xlink:href="FRAN_IR_021088"
                           xlink:type="simple">
            <relationEntry localType="archival">Jeunesse et sports (1970-1982)</relationEntry>
         </resourceRelation>
         <resourceRelation xmlns:xlink="http://www.w3.org/1999/xlink"
                           resourceRelationType="subjectOf"
                           xlink:href="FRAN_IR_021089"
                           xlink:type="simple">
            <relationEntry localType="archival">Jeunesse et sports (1966-1980)</relationEntry>
         </resourceRelation>
         <resourceRelation xmlns:xlink="http://www.w3.org/1999/xlink"
                           resourceRelationType="subjectOf"
                           xlink:href="FRAN_IR_021090"
                           xlink:type="simple">
            <relationEntry localType="archival">Jeunesse et sports (1972-1978)</relationEntry>
         </resourceRelation>
         <resourceRelation xmlns:xlink="http://www.w3.org/1999/xlink"
                           resourceRelationType="subjectOf"
                           xlink:href="FRAN_IR_021091"
                           xlink:type="simple">
            <relationEntry localType="archival">Jeunesse et sports (1949-1980)</relationEntry>
         </resourceRelation>
         <resourceRelation xmlns:xlink="http://www.w3.org/1999/xlink"
                           resourceRelationType="subjectOf"
                           xlink:href="FRAN_IR_021093"
                           xlink:type="simple">
            <relationEntry localType="archival">Jeunesse et sports (1977-1980)</relationEntry>
         </resourceRelation>
         <resourceRelation xmlns:xlink="http://www.w3.org/1999/xlink"
                           resourceRelationType="subjectOf"
                           xlink:href="FRAN_IR_021092"
                           xlink:type="simple">
            <relationEntry localType="archival">Jeunesse et sports (1980-1984)</relationEntry>
         </resourceRelation>
         <resourceRelation xmlns:xlink="http://www.w3.org/1999/xlink"
                           resourceRelationType="subjectOf"
                           xlink:href="FRAN_IR_021094"
                           xlink:type="simple">
            <relationEntry localType="archival">Jeunesse et sports (1982-1984)</relationEntry>
         </resourceRelation>
         <resourceRelation xmlns:xlink="http://www.w3.org/1999/xlink"
                           resourceRelationType="subjectOf"
                           xlink:href="FRAN_IR_021095"
                           xlink:type="simple">
            <relationEntry localType="archival">Jeunesse et sports (1981-1984)</relationEntry>
         </resourceRelation>
         <resourceRelation xmlns:xlink="http://www.w3.org/1999/xlink"
                           resourceRelationType="subjectOf"
                           xlink:href="FRAN_IR_021097"
                           xlink:type="simple">
            <relationEntry localType="archival">Jeunesse et sports (1975-1978)</relationEntry>
         </resourceRelation>
         <resourceRelation xmlns:xlink="http://www.w3.org/1999/xlink"
                           resourceRelationType="subjectOf"
                           xlink:href="FRAN_IR_021098"
                           xlink:type="simple">
            <relationEntry localType="archival">Jeunesse et sports (1960-1980)</relationEntry>
         </resourceRelation>
         <resourceRelation xmlns:xlink="http://www.w3.org/1999/xlink"
                           resourceRelationType="subjectOf"
                           xlink:href="FRAN_IR_021100"
                           xlink:type="simple">
            <relationEntry localType="archival">Jeunesse et sports (1957-1977)</relationEntry>
         </resourceRelation>
         <resourceRelation xmlns:xlink="http://www.w3.org/1999/xlink"
                           resourceRelationType="subjectOf"
                           xlink:href="FRAN_IR_021101"
                           xlink:type="simple">
            <relationEntry localType="archival">Jeunesse et sports (1964-1974)</relationEntry>
         </resourceRelation>
         <resourceRelation xmlns:xlink="http://www.w3.org/1999/xlink"
                           resourceRelationType="subjectOf"
                           xlink:href="FRAN_IR_021102"
                           xlink:type="simple">
            <relationEntry localType="archival">Jeunesse et sports (1965-1982)</relationEntry>
         </resourceRelation>
         <resourceRelation xmlns:xlink="http://www.w3.org/1999/xlink"
                           resourceRelationType="subjectOf"
                           xlink:href="FRAN_IR_021355"
                           xlink:type="simple">
            <relationEntry localType="archival">Jeunesse et sports (1961-1981)</relationEntry>
         </resourceRelation>
         <resourceRelation xmlns:xlink="http://www.w3.org/1999/xlink"
                           resourceRelationType="subjectOf"
                           xlink:href="FRAN_IR_021356"
                           xlink:type="simple">
            <relationEntry localType="archival">Jeunesse et sports (1970-1980)</relationEntry>
         </resourceRelation>
         <resourceRelation xmlns:xlink="http://www.w3.org/1999/xlink"
                           resourceRelationType="subjectOf"
                           xlink:href="FRAN_IR_021359"
                           xlink:type="simple">
            <relationEntry localType="archival">Jeunesse et sports (1966-1980)</relationEntry>
         </resourceRelation>
         <resourceRelation xmlns:xlink="http://www.w3.org/1999/xlink"
                           resourceRelationType="subjectOf"
                           xlink:href="FRAN_IR_021360"
                           xlink:type="simple">
            <relationEntry localType="archival">Jeunesse et sports (1965-1982)</relationEntry>
         </resourceRelation>
         <resourceRelation xmlns:xlink="http://www.w3.org/1999/xlink"
                           resourceRelationType="subjectOf"
                           xlink:href="FRAN_IR_021363"
                           xlink:type="simple">
            <relationEntry localType="archival">Jeunesse et sports (1964-1978)</relationEntry>
         </resourceRelation>
         <resourceRelation xmlns:xlink="http://www.w3.org/1999/xlink"
                           resourceRelationType="subjectOf"
                           xlink:href="FRAN_IR_021361"
                           xlink:type="simple">
            <relationEntry localType="archival">Jeunesse et sports (1982-1984)</relationEntry>
         </resourceRelation>
         <resourceRelation xmlns:xlink="http://www.w3.org/1999/xlink"
                           resourceRelationType="subjectOf"
                           xlink:href="FRAN_IR_021365"
                           xlink:type="simple">
            <relationEntry localType="archival">Jeunesse et sports (1973-1979)</relationEntry>
         </resourceRelation>
         <resourceRelation xmlns:xlink="http://www.w3.org/1999/xlink"
                           resourceRelationType="subjectOf"
                           xlink:href="FRAN_IR_021364"
                           xlink:type="simple">
            <relationEntry localType="archival">Jeunesse et sports (1968-1980)</relationEntry>
         </resourceRelation>
         <resourceRelation xmlns:xlink="http://www.w3.org/1999/xlink"
                           resourceRelationType="subjectOf"
                           xlink:href="FRAN_IR_021366"
                           xlink:type="simple">
            <relationEntry localType="archival">Jeunesse et sports (1970-1982)</relationEntry>
         </resourceRelation>
         <resourceRelation xmlns:xlink="http://www.w3.org/1999/xlink"
                           resourceRelationType="subjectOf"
                           xlink:href="FRAN_IR_021454"
                           xlink:type="simple">
            <relationEntry localType="archival">Jeunesse et sports (1979-1982)</relationEntry>
         </resourceRelation>
         <resourceRelation xmlns:xlink="http://www.w3.org/1999/xlink"
                           resourceRelationType="subjectOf"
                           xlink:href="FRAN_IR_021456"
                           xlink:type="simple">
            <relationEntry localType="archival">Jeunesse et sports (1968-1983)</relationEntry>
         </resourceRelation>
         <resourceRelation xmlns:xlink="http://www.w3.org/1999/xlink"
                           resourceRelationType="subjectOf"
                           xlink:href="FRAN_IR_021457"
                           xlink:type="simple">
            <relationEntry localType="archival">Jeunesse et sports (1971-1981)</relationEntry>
         </resourceRelation>
         <resourceRelation xmlns:xlink="http://www.w3.org/1999/xlink"
                           resourceRelationType="subjectOf"
                           xlink:href="FRAN_IR_021459"
                           xlink:type="simple">
            <relationEntry localType="archival">Jeunesse et sports (1964-1983)</relationEntry>
         </resourceRelation>
         <resourceRelation xmlns:xlink="http://www.w3.org/1999/xlink"
                           resourceRelationType="subjectOf"
                           xlink:href="FRAN_IR_021460"
                           xlink:type="simple">
            <relationEntry localType="archival">Jeunesse et sports (1977-1982)</relationEntry>
         </resourceRelation>
         <resourceRelation xmlns:xlink="http://www.w3.org/1999/xlink"
                           resourceRelationType="subjectOf"
                           xlink:href="FRAN_IR_021461"
                           xlink:type="simple">
            <relationEntry localType="archival">Jeunesse et sports (1973-1983)</relationEntry>
         </resourceRelation>
         <resourceRelation xmlns:xlink="http://www.w3.org/1999/xlink"
                           resourceRelationType="subjectOf"
                           xlink:href="FRAN_IR_021462"
                           xlink:type="simple">
            <relationEntry localType="archival">Jeunesse et sports (1964-1976)</relationEntry>
         </resourceRelation>
         <resourceRelation xmlns:xlink="http://www.w3.org/1999/xlink"
                           resourceRelationType="subjectOf"
                           xlink:href="FRAN_IR_021463"
                           xlink:type="simple">
            <relationEntry localType="archival">Jeunesse et sports (1957-1974)</relationEntry>
         </resourceRelation>
         <resourceRelation xmlns:xlink="http://www.w3.org/1999/xlink"
                           resourceRelationType="subjectOf"
                           xlink:href="FRAN_IR_021464"
                           xlink:type="simple">
            <relationEntry localType="archival">Jeunesse et sports (1962-1982)</relationEntry>
         </resourceRelation>
         <resourceRelation xmlns:xlink="http://www.w3.org/1999/xlink"
                           resourceRelationType="subjectOf"
                           xlink:href="FRAN_IR_021465"
                           xlink:type="simple">
            <relationEntry localType="archival">Jeunesse et sports (1979-1981)</relationEntry>
         </resourceRelation>
         <resourceRelation xmlns:xlink="http://www.w3.org/1999/xlink"
                           resourceRelationType="subjectOf"
                           xlink:href="FRAN_IR_021466"
                           xlink:type="simple">
            <relationEntry localType="archival">Jeunesse et sports (1968-1981)</relationEntry>
         </resourceRelation>
         <resourceRelation xmlns:xlink="http://www.w3.org/1999/xlink"
                           resourceRelationType="subjectOf"
                           xlink:href="FRAN_IR_021467"
                           xlink:type="simple">
            <relationEntry localType="archival">Jeunesse et sports (1969-1984)</relationEntry>
         </resourceRelation>
         <resourceRelation xmlns:xlink="http://www.w3.org/1999/xlink"
                           resourceRelationType="subjectOf"
                           xlink:href="FRAN_IR_021469"
                           xlink:type="simple">
            <relationEntry localType="archival">Jeunesse et sports (1969-1978)</relationEntry>
         </resourceRelation>
         <resourceRelation xmlns:xlink="http://www.w3.org/1999/xlink"
                           resourceRelationType="subjectOf"
                           xlink:href="FRAN_IR_021468"
                           xlink:type="simple">
            <relationEntry localType="archival">Jeunesse et sports (1974-1980)</relationEntry>
         </resourceRelation>
         <resourceRelation xmlns:xlink="http://www.w3.org/1999/xlink"
                           resourceRelationType="subjectOf"
                           xlink:href="FRAN_IR_021470"
                           xlink:type="simple">
            <relationEntry localType="archival">Jeunesse et sports (1958-1974)</relationEntry>
         </resourceRelation>
         <resourceRelation xmlns:xlink="http://www.w3.org/1999/xlink"
                           resourceRelationType="subjectOf"
                           xlink:href="FRAN_IR_021471"
                           xlink:type="simple">
            <relationEntry localType="archival">Jeunesse et sports (1973-1983)</relationEntry>
         </resourceRelation>
         <resourceRelation xmlns:xlink="http://www.w3.org/1999/xlink"
                           resourceRelationType="subjectOf"
                           xlink:href="FRAN_IR_021640"
                           xlink:type="simple">
            <relationEntry localType="archival">Jeunesse et sports (1977-1981)</relationEntry>
         </resourceRelation>
         <resourceRelation xmlns:xlink="http://www.w3.org/1999/xlink"
                           resourceRelationType="subjectOf"
                           xlink:href="FRAN_IR_021641"
                           xlink:type="simple">
            <relationEntry localType="archival">Jeunesse et sports (1980-1982)</relationEntry>
         </resourceRelation>
         <resourceRelation xmlns:xlink="http://www.w3.org/1999/xlink"
                           resourceRelationType="subjectOf"
                           xlink:href="FRAN_IR_021096"
                           xlink:type="simple">
            <relationEntry localType="archival">Jeunesse et sports (1971-1981)</relationEntry>
         </resourceRelation>
         <resourceRelation xmlns:xlink="http://www.w3.org/1999/xlink"
                           resourceRelationType="subjectOf"
                           xlink:href="FRAN_IR_021083"
                           xlink:type="simple">
            <relationEntry localType="archival">Jeunesse et sports (1982)</relationEntry>
         </resourceRelation>
         <resourceRelation xmlns:xlink="http://www.w3.org/1999/xlink"
                           resourceRelationType="subjectOf"
                           xlink:href="FRAN_IR_021639"
                           xlink:type="simple">
            <relationEntry localType="archival">Jeunesse et sports (1979-1980)</relationEntry>
         </resourceRelation>
      </relations>
   </cpfDescription>
</eac-cpf>
