<eac-cpf xmlns="urn:isbn:1-931666-33-4"
         xmlns:xsi="http://www.w3.org/2001/XMLSchema-instance"
         xsi:schemaLocation="urn:isbn:1-931666-33-4 cpf.xsd">
   <control>
      <recordId>FRAN_NP_000202</recordId>
      <otherRecordId localType="Ancien_identifiant">1205/ML</otherRecordId>
      <maintenanceStatus>derived</maintenanceStatus>
      <maintenanceAgency>
         <agencyName>Archives nationales de France</agencyName>
      </maintenanceAgency>
      <languageDeclaration>
         <language languageCode="fre">Français</language>
         <script scriptCode="Latn"/>
      </languageDeclaration>
      <conventionDeclaration>
         <citation>Notice établie conformément à la norme ICA-ISAAR (CPF) 2004, aux normes ISO 8601 pour le système de normalisation des dates utilisé, ainsi que AFNOR NF Z 44-061, juin 1986. Catalogage : forme et structure des vedettes noms de personne, des vedettes titres, des rubriques de classement et des titres forgés.</citation>
      </conventionDeclaration>
      <localControl localType="niveau_de_detail">
         <term>Moyenne</term>
      </localControl>
      <maintenanceHistory>
         <maintenanceEvent>
            <eventType>derived</eventType>
            <eventDateTime>2015-12-04</eventDateTime>
            <agentType>machine</agentType>
            <agent>Import_SIA</agent>
         </maintenanceEvent>
      </maintenanceHistory>
   </control>
   <cpfDescription>
      <identity>
         <entityType>person</entityType>
         <nameEntry localType="autorisée" scriptCode="Latn" xml:lang="fre">
            <part>Long, Marceau</part>
         </nameEntry>
      </identity>
      <description>
         <existDates>
            <dateRange>
               <fromDate standardDate="1926-01-01">1926</fromDate>
            </dateRange>
         </existDates>
      </description>
      <relations>
         <cpfRelation xmlns:xlink="http://www.w3.org/1999/xlink"
                      cpfRelationType="associative"
                      xlink:href="FRAN_NP_050258"
                      xlink:type="simple">
            <relationEntry>Jougla, Yvonne (1921-2002)</relationEntry>
            <dateRange>
               <fromDate standardDate="1973-01-01">1973</fromDate>
               <toDate standardDate="1974-12-31">1974</toDate>
            </dateRange>
            <descriptiveNote>
               <p>
     Conseiller technique auprès de M. Long
    </p>
            </descriptiveNote>
         </cpfRelation>
         <cpfRelation xmlns:xlink="http://www.w3.org/1999/xlink"
                      cpfRelationType="associative"
                      xlink:href="FRAN_NP_000221"
                      xlink:type="simple">
            <relationEntry>Secrétariat général du Gouvernement</relationEntry>
            <dateRange>
               <fromDate standardDate="1975-02-13">13 février 1975</fromDate>
               <toDate standardDate="1982-07-10">10 juillet 1982</toDate>
            </dateRange>
         </cpfRelation>
         <resourceRelation xmlns:xlink="http://www.w3.org/1999/xlink"
                           resourceRelationType="subjectOf"
                           xlink:href="FRAN_IR_013040"
                           xlink:type="simple">
            <relationEntry localType="archival">Premier ministre ; Secrétariat général du Gouvernement ; Fonds Marceau Long (1965-1981)</relationEntry>
         </resourceRelation>
         <resourceRelation xmlns:xlink="http://www.w3.org/1999/xlink"
                           resourceRelationType="subjectOf"
                           xlink:href="FRAN_IR_014276"
                           xlink:type="simple">
            <relationEntry localType="archival">Premier ministre ; Secrétariat général du Gouvernement ; Fonds Marceau Long (1959-1986)</relationEntry>
         </resourceRelation>
         <resourceRelation xmlns:xlink="http://www.w3.org/1999/xlink"
                           resourceRelationType="subjectOf"
                           xlink:href="FRAN_IR_006159"
                           xlink:type="simple">
            <relationEntry localType="archival">Premier ministre ; Secrétariat général du gouvernement ; Fonds Marceau Long (1970-1974)</relationEntry>
         </resourceRelation>
         <resourceRelation xmlns:xlink="http://www.w3.org/1999/xlink"
                           resourceRelationType="subjectOf"
                           xlink:href="FRAN_IR_006846"
                           xlink:type="simple">
            <relationEntry localType="archival">Premier ministre ; Secrétariat général du gouvernement ; Fonds Marceau Long (1975-1982)</relationEntry>
         </resourceRelation>
         <resourceRelation xmlns:xlink="http://www.w3.org/1999/xlink"
                           resourceRelationType="subjectOf"
                           xlink:href="FRAN_IR_019986"
                           xlink:type="simple">
            <relationEntry localType="archival">Premier ministre ; Secrétariat général du gouvernement ; Fonds Marceau Long (1982-1996)</relationEntry>
         </resourceRelation>
         <resourceRelation xmlns:xlink="http://www.w3.org/1999/xlink"
                           resourceRelationType="subjectOf"
                           xlink:href="FRAN_IR_006157"
                           xlink:type="simple">
            <relationEntry localType="archival">Premier ministre ; Secrétariat général du gouvernement ; Fonds Marceau Long (1975-1981)</relationEntry>
         </resourceRelation>
         <resourceRelation xmlns:xlink="http://www.w3.org/1999/xlink"
                           resourceRelationType="subjectOf"
                           xlink:href="FRAN_IR_006158"
                           xlink:type="simple">
            <relationEntry localType="archival">Premier ministre ; Secrétariat général du gouvernement ; Fonds Marceau Long (1975-1981)</relationEntry>
         </resourceRelation>
         <resourceRelation xmlns:xlink="http://www.w3.org/1999/xlink"
                           resourceRelationType="subjectOf"
                           xlink:href="FRAN_IR_019985"
                           xlink:type="simple">
            <relationEntry localType="archival">Premier ministre ; Secrétariat général du gouvernement ; Fonds Marceau Long (1985-1996)</relationEntry>
         </resourceRelation>
         <resourceRelation xmlns:xlink="http://www.w3.org/1999/xlink"
                           resourceRelationType="creatorOf"
                           xlink:href="FRAN_IR_013032"
                           xlink:type="simple">
            <relationEntry localType="archival">Office de Radiodiffusion Télévision Française (ORTF) : entretiens de Marceau Long
     (1974-1980)</relationEntry>
         </resourceRelation>
         <resourceRelation xmlns:xlink="http://www.w3.org/1999/xlink"
                           resourceRelationType="creatorOf"
                           xlink:href="FRAN_IR_054532"
                           xlink:type="simple">
            <relationEntry localType="archival">Archives des vice-présidents du Conseil d'État (1971-1995)</relationEntry>
         </resourceRelation>
      </relations>
   </cpfDescription>
</eac-cpf>
