<eac-cpf xmlns="urn:isbn:1-931666-33-4"
         xmlns:xsi="http://www.w3.org/2001/XMLSchema-instance"
         xsi:schemaLocation="urn:isbn:1-931666-33-4 cpf.xsd">
   <control>
      <recordId>FRAN_NP_000504</recordId>
      <otherRecordId localType="Ancien_identifiant">2105/G1</otherRecordId>
      <maintenanceStatus>derived</maintenanceStatus>
      <maintenanceAgency>
         <agencyName>Archives nationales de France</agencyName>
      </maintenanceAgency>
      <languageDeclaration>
         <language languageCode="fre">Français</language>
         <script scriptCode="Latn"/>
      </languageDeclaration>
      <conventionDeclaration>
         <citation>Notice établie conformément à la norme ICA-ISAAR (CPF) 2004, aux normes ISO 8601 pour le système de normalisation des dates utilisé, ainsi que AFNOR NF Z 44-061, juin 1986. Catalogage : forme et structure des vedettes noms de personne, des vedettes titres, des rubriques de classement et des titres forgés.</citation>
      </conventionDeclaration>
      <localControl localType="niveau_de_detail">
         <term>Moyenne</term>
      </localControl>
      <maintenanceHistory>
         <maintenanceEvent>
            <eventType>derived</eventType>
            <eventDateTime>2013-04-23</eventDateTime>
            <agentType>machine</agentType>
            <agent>Import_SIA</agent>
         </maintenanceEvent>
      </maintenanceHistory>
   </control>
   <cpfDescription>
      <identity>
         <entityType>corporateBody</entityType>
         <nameEntry localType="autorisée" scriptCode="Latn" xml:lang="fre">
            <part>Bureau de l'individualisation et des régimes de détention (sous-direction de l'exécution des décisions judiciaires, direction de l'administration pénitentiaire)</part>
         </nameEntry>
         <nameEntry>
            <part>Bureau de l'individualisation des régimes de détention</part>
            <useDates>
               <dateRange>
                  <fromDate standardDate="1975-01-01">1975</fromDate>
                  <toDate standardDate="1984-12-31">1984</toDate>
               </dateRange>
            </useDates>
         </nameEntry>
      </identity>
      <description>
         <existDates>
            <dateRange>
               <fromDate standardDate="1975-01-01">1975</fromDate>
               <toDate standardDate="1998-12-31">1998</toDate>
            </dateRange>
         </existDates>
         <legalStatuses>
            <legalStatus>
               <term vocabularySource="d5blonaxbw--1mt8t42bokzts">service d'administration centrale</term>
            </legalStatus>
         </legalStatuses>
      </description>
      <relations>
         <cpfRelation xmlns:xlink="http://www.w3.org/1999/xlink"
                      cpfRelationType="temporal-later"
                      xlink:href="FRAN_NP_000509"
                      xlink:type="simple">
            <relationEntry>Bureau de l'action juridique et du droit pénitentiaire (sous-direction des personnes placées sous main de justice, direction de l'administration pénitentiaire)</relationEntry>
            <dateRange>
               <fromDate standardDate="1998-01-01">1998</fromDate>
            </dateRange>
         </cpfRelation>
         <cpfRelation xmlns:xlink="http://www.w3.org/1999/xlink"
                      cpfRelationType="hierarchical-parent"
                      xlink:href="FRAN_NP_000511"
                      xlink:type="simple">
            <relationEntry>Sous-direction de l'exécution des décisions judiciaires (direction de l'administration pénitentiaire)</relationEntry>
            <dateRange>
               <fromDate standardDate="1990-01-01">1990</fromDate>
               <toDate standardDate="1998-12-31">1998</toDate>
            </dateRange>
         </cpfRelation>
         <resourceRelation xmlns:xlink="http://www.w3.org/1999/xlink"
                           resourceRelationType="subjectOf"
                           xlink:href="FRAN_IR_009477"
                           xlink:type="simple">
            <relationEntry localType="archival">Justice ; Direction de l'administration pénitentiaire ; Sous-direction des personnes placées sous main de justice ; Bureau de l'individualisation et des régimes de détention (1954-1982)</relationEntry>
         </resourceRelation>
         <resourceRelation xmlns:xlink="http://www.w3.org/1999/xlink"
                           resourceRelationType="subjectOf"
                           xlink:href="FRAN_IR_018543"
                           xlink:type="simple">
            <relationEntry localType="archival">Justice ; Direction de l'administration pénitentiaire ; Sous-direction des personnes placées sous main de justice ; Bureau de l'individualisation et des régimes de détention (1945-1984)</relationEntry>
         </resourceRelation>
         <resourceRelation xmlns:xlink="http://www.w3.org/1999/xlink"
                           resourceRelationType="subjectOf"
                           xlink:href="FRAN_IR_018666"
                           xlink:type="simple">
            <relationEntry localType="archival">Justice ; Direction de l'administration pénitentiaire ; Sous-direction des personnes placées sous main de justice ; Bureau de l'individualisation et des régimes de détention (1949-1979)</relationEntry>
         </resourceRelation>
         <resourceRelation xmlns:xlink="http://www.w3.org/1999/xlink"
                           resourceRelationType="subjectOf"
                           xlink:href="FRAN_IR_018918"
                           xlink:type="simple">
            <relationEntry localType="archival">Justice ; Direction de l'administration pénitentiaire ; Sous-direction des personnes placées sous main de justice ; Bureau de l'individualisation et des régimes de détention (1950-1993)</relationEntry>
         </resourceRelation>
         <resourceRelation xmlns:xlink="http://www.w3.org/1999/xlink"
                           resourceRelationType="subjectOf"
                           xlink:href="FRAN_IR_009803"
                           xlink:type="simple">
            <relationEntry localType="archival">Justice ; Direction de l'administration pénitentiaire ; Sous-direction des personnes placées sous main de justice ; Bureau de l'individualisation et des régimes de détention (1986-1992)</relationEntry>
         </resourceRelation>
         <resourceRelation xmlns:xlink="http://www.w3.org/1999/xlink"
                           resourceRelationType="subjectOf"
                           xlink:href="FRAN_IR_015848"
                           xlink:type="simple">
            <relationEntry localType="archival">Justice ; Direction de l'administration pénitentiaire ; Sous-direction des personnes placées sous main de justice ; Bureau de l'individualisation et des régimes de détention (1986-1994)</relationEntry>
         </resourceRelation>
         <resourceRelation xmlns:xlink="http://www.w3.org/1999/xlink"
                           resourceRelationType="subjectOf"
                           xlink:href="FRAN_IR_013592"
                           xlink:type="simple">
            <relationEntry localType="archival">Justice ; Direction de l'administration pénitentiaire ; Sous-direction des personnes placées sous main de justice ; Bureau de l'individualisation et des régimes de détention (1970-1994)</relationEntry>
         </resourceRelation>
         <resourceRelation xmlns:xlink="http://www.w3.org/1999/xlink"
                           resourceRelationType="subjectOf"
                           xlink:href="FRAN_IR_010159"
                           xlink:type="simple">
            <relationEntry localType="archival">Justice ; Direction de l'administration pénitentiaire ; Sous-direction des personnes placées sous main de justice ; Bureau de l'individualisation et des régimes de détention (1944-1988)</relationEntry>
         </resourceRelation>
         <resourceRelation xmlns:xlink="http://www.w3.org/1999/xlink"
                           resourceRelationType="subjectOf"
                           xlink:href="FRAN_IR_022974"
                           xlink:type="simple">
            <relationEntry localType="archival">Justice ; Direction de l'administration pénitentiaire ; Sous-direction des personnes placées sous main de justice ; Bureau de l'individualisation et des régimes de détention (1975-1985)</relationEntry>
         </resourceRelation>
      </relations>
   </cpfDescription>
</eac-cpf>
