<eac-cpf xmlns="urn:isbn:1-931666-33-4"
         xmlns:xsi="http://www.w3.org/2001/XMLSchema-instance"
         xsi:schemaLocation="urn:isbn:1-931666-33-4 cpf.xsd">
   <control>
      <recordId>FRAN_NP_000247</recordId>
      <otherRecordId localType="Ancien_identifiant">1210/AVTI</otherRecordId>
      <maintenanceStatus>derived</maintenanceStatus>
      <maintenanceAgency>
         <agencyName>Archives nationales de France</agencyName>
      </maintenanceAgency>
      <languageDeclaration>
         <language languageCode="fre">Français</language>
         <script scriptCode="Latn"/>
      </languageDeclaration>
      <conventionDeclaration>
         <citation>Notice établie conformément à la norme ICA-ISAAR (CPF) 2004, aux normes ISO 8601 pour le système de normalisation des dates utilisé, ainsi que AFNOR NF Z 44-061, juin 1986. Catalogage : forme et structure des vedettes noms de personne, des vedettes titres, des rubriques de classement et des titres forgés.</citation>
      </conventionDeclaration>
      <localControl localType="niveau_de_detail">
         <term>Moyenne</term>
      </localControl>
      <maintenanceHistory>
         <maintenanceEvent>
            <eventType>derived</eventType>
            <eventDateTime>2013-04-23</eventDateTime>
            <agentType>machine</agentType>
            <agent>Import_SIA</agent>
         </maintenanceEvent>
      </maintenanceHistory>
   </control>
   <cpfDescription>
      <identity>
         <entityType>corporateBody</entityType>
         <nameEntry scriptCode="Latn" localType="autorisée" xml:lang="fre">
            <part>Département des affaires technologiques (sous-direction de l'audiovisuel et de l'action extérieure, service juridique et technique de l'information)</part>
         </nameEntry>
         <nameEntry>
            <part>Département de l'évolution technologique et des affaires techniques et immobilières</part>
            <useDates>
               <dateRange>
                  <fromDate standardDate="1982-01-01">1982</fromDate>
                  <toDate standardDate="1988-12-31">1988</toDate>
               </dateRange>
            </useDates>
         </nameEntry>
      </identity>
      <description>
         <existDates>
            <dateRange>
               <fromDate standardDate="1982-01-01">1982</fromDate>
               <toDate standardDate="1995-12-31">1995</toDate>
            </dateRange>
         </existDates>
         <legalStatuses>
            <legalStatus>
               <term vocabularySource="d5blonaxbw--1mt8t42bokzts">service d'administration centrale</term>
            </legalStatus>
         </legalStatuses>
      </description>
      <relations>
         <cpfRelation xmlns:xlink="http://www.w3.org/1999/xlink"
                      cpfRelationType="hierarchical-parent"
                      xlink:href="FRAN_NP_000248"
                      xlink:type="simple">
            <relationEntry>Sous-direction de l'audiovisuel et de l'action extérieure (service juridique et technique de l'information)</relationEntry>
            <dateRange>
               <fromDate standardDate="1982-01-01">1982</fromDate>
               <toDate standardDate="1995-12-31">1995</toDate>
            </dateRange>
         </cpfRelation>
         <resourceRelation xmlns:xlink="http://www.w3.org/1999/xlink"
                           resourceRelationType="subjectOf"
                           xlink:href="FRAN_IR_012679"
                           xlink:type="simple">
            <relationEntry localType="archival">Premier ministre ; Service juridique et technique de l'information ; Sous-direction de l'audiovisuel ; Département évolution technologique, affaires techniques et immobilières (1982-1988) ; Département affaires technologiques (1989-) (1977-1985)</relationEntry>
         </resourceRelation>
         <resourceRelation xmlns:xlink="http://www.w3.org/1999/xlink"
                           resourceRelationType="subjectOf"
                           xlink:href="FRAN_IR_012824"
                           xlink:type="simple">
            <relationEntry localType="archival">Premier ministre ; Service juridique et technique de l'information ; Sous-direction de l'audiovisuel ; Département Évolution technologique, affaires techniques et immobilières (1982-1988) - Département affaires technologiques (1989-) (1978-1982)</relationEntry>
         </resourceRelation>
         <resourceRelation xmlns:xlink="http://www.w3.org/1999/xlink"
                           resourceRelationType="subjectOf"
                           xlink:href="FRAN_IR_014177"
                           xlink:type="simple">
            <relationEntry localType="archival">Premier ministre ; Service juridique et technique de l'information ; Sous-direction de l'audiovisuel ; Département Évolution technologique, affaires techniques et immobilières (1982-1988) - Département affaires technologiques (1989-) (1975-1981)</relationEntry>
         </resourceRelation>
         <resourceRelation xmlns:xlink="http://www.w3.org/1999/xlink"
                           resourceRelationType="subjectOf"
                           xlink:href="FRAN_IR_014974"
                           xlink:type="simple">
            <relationEntry localType="archival">Premier ministre ; Service juridique et technique de l'information ; Sous-direction de l'audiovisuel ; Département Évolution technologique, affaires techniques et immobilières (1982-1988) - Département affaires technologiques (1989-) (1975-1987)</relationEntry>
         </resourceRelation>
         <resourceRelation xmlns:xlink="http://www.w3.org/1999/xlink"
                           resourceRelationType="subjectOf"
                           xlink:href="FRAN_IR_007227"
                           xlink:type="simple">
            <relationEntry localType="archival">Premier ministre ; Service juridique et technique de l'information ; Sous-direction de l'audiovisuel ; Département évolution technologique, affaires techniques et immobilières (1982-1988) - Département affaires technologiques (1989-) (1969-1985)</relationEntry>
         </resourceRelation>
         <resourceRelation xmlns:xlink="http://www.w3.org/1999/xlink"
                           resourceRelationType="subjectOf"
                           xlink:href="FRAN_IR_021491"
                           xlink:type="simple">
            <relationEntry localType="archival">Premier ministre ; Service juridique et technique de l'information ; Sous-direction de l'audiovisuel ; Département évolution technologique, affaires techniques et immobilières (1982-1988) - Département affaires technologiques (1989-) (1970-1983)</relationEntry>
         </resourceRelation>
      </relations>
   </cpfDescription>
</eac-cpf>
