<eac-cpf xmlns="urn:isbn:1-931666-33-4"
         xmlns:xsi="http://www.w3.org/2001/XMLSchema-instance"
         xsi:schemaLocation="urn:isbn:1-931666-33-4 cpf.xsd">
   <control>
      <recordId>FRAN_NP_000345</recordId>
      <otherRecordId localType="Ancien_identifiant">1280/RP</otherRecordId>
      <maintenanceStatus>derived</maintenanceStatus>
      <maintenanceAgency>
         <agencyName>Archives nationales de France</agencyName>
      </maintenanceAgency>
      <languageDeclaration>
         <language languageCode="fre">Français</language>
         <script scriptCode="Latn"/>
      </languageDeclaration>
      <conventionDeclaration>
         <citation>Notice établie conformément à la norme ICA-ISAAR (CPF) 2004, aux normes ISO 8601 pour le système de normalisation des dates utilisé, ainsi que AFNOR NF Z 44-061, juin 1986. Catalogage : forme et structure des vedettes noms de personne, des vedettes titres, des rubriques de classement et des titres forgés.</citation>
      </conventionDeclaration>
      <localControl localType="niveau_de_detail">
         <term>Moyenne</term>
      </localControl>
      <maintenanceHistory>
         <maintenanceEvent>
            <eventType>derived</eventType>
            <eventDateTime>2013-04-23</eventDateTime>
            <agentType>machine</agentType>
            <agent>Import_SIA</agent>
         </maintenanceEvent>
      </maintenanceHistory>
   </control>
   <cpfDescription>
      <identity>
         <entityType>corporateBody</entityType>
         <nameEntry localType="autorisée" scriptCode="Latn" xml:lang="fre">
            <part>Office de radiodiffusion-télévision française, direction de la radiodiffusion, sous-direction de la production artistique</part>
         </nameEntry>
      </identity>
      <description>
         <existDates>
            <dateRange>
               <fromDate standardDate="1949-01-01">1949</fromDate>
               <toDate standardDate="1974-12-31">1974</toDate>
            </dateRange>
         </existDates>
         <legalStatuses>
            <legalStatus>
               <term vocabularySource="d5blokqfd8--191myac7ayrnr">établissement public à caractère industriel et commercial</term>
            </legalStatus>
         </legalStatuses>
      </description>
      <relations>
         <cpfRelation xmlns:xlink="http://www.w3.org/1999/xlink"
                      cpfRelationType="hierarchical-child"
                      xlink:href="FRAN_NP_000344"
                      xlink:type="simple">
            <relationEntry>Office de radiodiffusion-télévision française, direction de la radiodiffusion, service de production des émissions musicales</relationEntry>
            <dateRange>
               <fromDate standardDate="1949-01-01">1949</fromDate>
               <toDate standardDate="1974-12-31">1974</toDate>
            </dateRange>
         </cpfRelation>
         <cpfRelation xmlns:xlink="http://www.w3.org/1999/xlink"
                      cpfRelationType="hierarchical-child"
                      xlink:href="FRAN_NP_051116"
                      xlink:type="simple">
            <relationEntry>Office de radiodiffusion-télévision française. Direction de la Radiodiffusion. Service de production des émissions artistiques parlées (1943-1974)</relationEntry>
            <dateRange>
               <fromDate standardDate="1949-01-01">1949</fromDate>
               <toDate standardDate="1974-12-31">1974</toDate>
            </dateRange>
            <descriptiveNote>
               <p>
     Au sein de la direction de la Radiodiffusion, le service des émissions éducatives et culturelles est rattaché à la sous-direction de la production artistique.
    </p>
            </descriptiveNote>
         </cpfRelation>
         <cpfRelation xmlns:xlink="http://www.w3.org/1999/xlink"
                      cpfRelationType="hierarchical-parent"
                      xlink:href="FRAN_NP_000346"
                      xlink:type="simple">
            <relationEntry>Office de radiodiffusion-télévision française, direction de la radiodiffusion</relationEntry>
            <dateRange>
               <fromDate standardDate="1949-01-01">1949</fromDate>
               <toDate standardDate="1974-12-31">1974</toDate>
            </dateRange>
         </cpfRelation>
      </relations>
   </cpfDescription>
</eac-cpf>
