<eac-cpf xmlns="urn:isbn:1-931666-33-4"
         xmlns:xsi="http://www.w3.org/2001/XMLSchema-instance"
         xsi:schemaLocation="urn:isbn:1-931666-33-4 cpf.xsd">
   <control>
      <recordId>FRAN_NP_000114</recordId>
      <otherRecordId localType="Ancien_identifiant">1200/FPC</otherRecordId>
      <maintenanceStatus>derived</maintenanceStatus>
      <maintenanceAgency>
         <agencyName>Archives nationales de France</agencyName>
      </maintenanceAgency>
      <languageDeclaration>
         <language languageCode="fre">Français</language>
         <script scriptCode="Latn"/>
      </languageDeclaration>
      <conventionDeclaration>
         <citation>Notice établie conformément à la norme ICA-ISAAR (CPF) 2004, aux normes ISO 8601 pour le système de normalisation des dates utilisé, ainsi que AFNOR NF Z 44-061, juin 1986. Catalogage : forme et structure des vedettes noms de personne, des vedettes titres, des rubriques de classement et des titres forgés.</citation>
      </conventionDeclaration>
      <localControl localType="niveau_de_detail">
         <term>Élémentaire</term>
      </localControl>
      <maintenanceHistory>
         <maintenanceEvent>
            <eventType>derived</eventType>
            <eventDateTime>2015-12-04</eventDateTime>
            <agentType>machine</agentType>
            <agent>Import_SIA</agent>
         </maintenanceEvent>
      </maintenanceHistory>
   </control>
   <cpfDescription>
      <identity>
         <entityType>corporateBody</entityType>
         <nameEntry localType="autorisée" scriptCode="Latn" xml:lang="fre">
            <part>Ministère de la Fonction publique</part>
         </nameEntry>
         <nameEntry>
            <part>Ministère de la Réforme de l'État, de la Décentralisation et de la Fonction publique</part>
            <useDates>
               <dateRange>
                  <fromDate standardDate="2012-05-16">16 mai 2012</fromDate>
                  <toDate/>
               </dateRange>
            </useDates>
         </nameEntry>
         <nameEntry>
            <part>Ministère de la Fonction publique</part>
            <useDates>
               <dateRange>
                  <fromDate standardDate="2011-06-29">29 juin 2011</fromDate>
                  <toDate standardDate="2012-05-10">10 mai 2012</toDate>
               </dateRange>
            </useDates>
         </nameEntry>
         <nameEntry>
            <part>Ministère de la Fonction publique</part>
            <useDates>
               <dateRange>
                  <fromDate standardDate="2005-06-02">2 juin 2005</fromDate>
                  <toDate standardDate="2007-05-15">15 mai 2007</toDate>
               </dateRange>
            </useDates>
         </nameEntry>
         <nameEntry>
            <part>Ministère de la Fonction publique et de la Réforme de l'État</part>
            <useDates>
               <dateRange>
                  <fromDate standardDate="2004-03-31">31 mars 2004</fromDate>
                  <toDate standardDate="2005-05-31">31 mai 2005</toDate>
               </dateRange>
            </useDates>
         </nameEntry>
         <nameEntry>
            <part>Ministère de la Fonction publique, de la Réforme de l'État et de l'Aménagement du territoire</part>
            <useDates>
               <dateRange>
                  <fromDate standardDate="2002-05-07">7 mai 2002</fromDate>
                  <toDate standardDate="2004-03-30">30 mars 2004</toDate>
               </dateRange>
            </useDates>
         </nameEntry>
         <nameEntry>
            <part>Ministère de la Fonction publique et de la Réforme de l'État</part>
            <useDates>
               <dateRange>
                  <fromDate standardDate="2000-03-27">27 mars 2000</fromDate>
                  <toDate standardDate="2002-05-06">6 mai 2002</toDate>
               </dateRange>
            </useDates>
         </nameEntry>
         <nameEntry>
            <part>Ministère de la Fonction publique, de la Réforme de l'État et de la Décentralisation</part>
            <useDates>
               <dateRange>
                  <fromDate standardDate="1995-11-07">7 novembre 1995</fromDate>
                  <toDate standardDate="2000-03-27">27 mars 2000</toDate>
               </dateRange>
            </useDates>
         </nameEntry>
         <nameEntry>
            <part>Ministère de la Fonction publique</part>
            <useDates>
               <dateRange>
                  <fromDate standardDate="1993-03-30">30 mars 1993</fromDate>
                  <toDate standardDate="1995-11-07">7 novembre 1995</toDate>
               </dateRange>
            </useDates>
         </nameEntry>
         <nameEntry>
            <part>Ministère de la Fonction publique et des Réformes administratives</part>
            <useDates>
               <dateRange>
                  <fromDate standardDate="1992-04-02">2 avril 1992</fromDate>
                  <toDate standardDate="1993-03-29">29 mars 1993</toDate>
               </dateRange>
            </useDates>
         </nameEntry>
      </identity>
      <description>
         <existDates>
            <dateRange>
               <fromDate standardDate="1967-04-07">7 avril 1967</fromDate>
            </dateRange>
         </existDates>
         <legalStatuses>
            <legalStatus>
               <term vocabularySource="d5bloo2gwk-sgl3fc00gzgl">ministère</term>
            </legalStatus>
         </legalStatuses>
      </description>
      <relations>
         <cpfRelation xmlns:xlink="http://www.w3.org/1999/xlink"
                      cpfRelationType="hierarchical-child"
                      xlink:href="FRAN_NP_009891"
                      xlink:type="simple">
            <relationEntry>Cabinets de la ministre déléguée et du secrétaire d'État auprès du ministre chargé de la Fonction publique</relationEntry>
            <dateRange>
               <fromDate standardDate="2004-03-31">31 mars 2004</fromDate>
            </dateRange>
         </cpfRelation>
         <cpfRelation xmlns:xlink="http://www.w3.org/1999/xlink"
                      cpfRelationType="associative"
                      xlink:href="FRAN_NP_051135"
                      xlink:type="simple">
            <relationEntry>Pré, Jean-Wilfrid (1949-....)</relationEntry>
            <dateRange>
               <fromDate standardDate="1991-01-01">1991</fromDate>
               <toDate standardDate="1992-12-31">1992</toDate>
            </dateRange>
         </cpfRelation>
         <cpfRelation xmlns:xlink="http://www.w3.org/1999/xlink"
                      cpfRelationType="hierarchical-child"
                      xlink:href="FRAN_NP_000018"
                      xlink:type="simple">
            <relationEntry>Cabinet du ministre chargé de la Fonction publique</relationEntry>
            <dateRange>
               <fromDate standardDate="1967-04-07">7 avril 1967</fromDate>
            </dateRange>
         </cpfRelation>
         <cpfRelation xmlns:xlink="http://www.w3.org/1999/xlink"
                      cpfRelationType="associative"
                      xlink:href="FRAN_NP_000304"
                      xlink:type="simple">
            <relationEntry>Commissariat à la réforme de l'État</relationEntry>
            <dateRange>
               <fromDate standardDate="1995-01-01">1995</fromDate>
               <toDate standardDate="1998-12-31">1998</toDate>
            </dateRange>
         </cpfRelation>
      </relations>
   </cpfDescription>
</eac-cpf>
