<eac-cpf xmlns="urn:isbn:1-931666-33-4"
         xmlns:xsi="http://www.w3.org/2001/XMLSchema-instance"
         xsi:schemaLocation="urn:isbn:1-931666-33-4 cpf.xsd">
   <control>
      <recordId>FRAN_NP_000230</recordId>
      <otherRecordId localType="Ancien_identifiant">1207/SGCI</otherRecordId>
      <maintenanceStatus>derived</maintenanceStatus>
      <maintenanceAgency>
         <agencyName>Archives nationales de France</agencyName>
      </maintenanceAgency>
      <languageDeclaration>
         <language languageCode="fre">Français</language>
         <script scriptCode="Latn"/>
      </languageDeclaration>
      <conventionDeclaration>
         <citation>Notice établie conformément à la norme ICA-ISAAR (CPF) 2004, aux normes ISO 8601 pour le système de normalisation des dates utilisé, ainsi que AFNOR NF Z 44-061, juin 1986. Catalogage : forme et structure des vedettes noms de personne, des vedettes titres, des rubriques de classement et des titres forgés.</citation>
      </conventionDeclaration>
      <localControl localType="niveau_de_detail">
         <term>Moyenne</term>
      </localControl>
      <maintenanceHistory>
         <maintenanceEvent>
            <eventType>derived</eventType>
            <eventDateTime>2013-04-23</eventDateTime>
            <agentType>machine</agentType>
            <agent>Import_SIA</agent>
         </maintenanceEvent>
      </maintenanceHistory>
   </control>
   <cpfDescription>
      <identity>
         <entityType>corporateBody</entityType>
         <nameEntry scriptCode="Latn" localType="autorisée" xml:lang="fre">
            <part>Secrétariat général du Comité interministériel pour les questions de coopération économique européenne</part>
         </nameEntry>
         <nameEntry>
            <part>SGCI</part>
         </nameEntry>
      </identity>
      <description>
         <existDates>
            <dateRange>
               <fromDate standardDate="1948-01-01">1948</fromDate>
               <toDate standardDate="2005-12-31">2005</toDate>
            </dateRange>
         </existDates>
         <legalStatuses>
            <legalStatus>
               <term vocabularySource="d5blonaxbw--1mt8t42bokzts">service d'administration centrale</term>
            </legalStatus>
         </legalStatuses>
      </description>
      <relations>
         <cpfRelation xmlns:xlink="http://www.w3.org/1999/xlink"
                      cpfRelationType="temporal-later"
                      xlink:href="FRAN_NP_000231"
                      xlink:type="simple">
            <relationEntry>Secrétariat général des affaires européennes</relationEntry>
            <dateRange>
               <fromDate standardDate="2005-01-01">2005</fromDate>
            </dateRange>
         </cpfRelation>
         <cpfRelation xmlns:xlink="http://www.w3.org/1999/xlink"
                      cpfRelationType="hierarchical-child"
                      xlink:href="FRAN_NP_000228"
                      xlink:type="simple">
            <relationEntry>Secrétariat général du Comité interministériel pour les questions de coopération économique européenne, relations avec le Parlement Européen et avec le Comité économique et social des Communautés</relationEntry>
            <dateRange>
               <fromDate standardDate="1958-01-01">1958</fromDate>
               <toDate standardDate="1981-12-31">1981</toDate>
            </dateRange>
         </cpfRelation>
         <cpfRelation xmlns:xlink="http://www.w3.org/1999/xlink"
                      cpfRelationType="hierarchical-child"
                      xlink:href="FRAN_NP_000223"
                      xlink:type="simple">
            <relationEntry>Secrétariat général du Comité interministériel pour les questions de coopération économique européenne, coordination générale et administration</relationEntry>
            <dateRange>
               <fromDate standardDate="1948-01-01">1948</fromDate>
               <toDate standardDate="2005-12-31">2005</toDate>
            </dateRange>
         </cpfRelation>
         <cpfRelation xmlns:xlink="http://www.w3.org/1999/xlink"
                      cpfRelationType="hierarchical-child"
                      xlink:href="FRAN_NP_000227"
                      xlink:type="simple">
            <relationEntry>Secrétariat général du Comité interministériel pour les questions de coopération économique européenne, questions relatives aux Communautés européennes</relationEntry>
            <dateRange>
               <fromDate standardDate="1950-01-01">1950</fromDate>
               <toDate standardDate="2005-12-31">2005</toDate>
            </dateRange>
         </cpfRelation>
         <cpfRelation xmlns:xlink="http://www.w3.org/1999/xlink"
                      cpfRelationType="hierarchical-child"
                      xlink:href="FRAN_NP_000229"
                      xlink:type="simple">
            <relationEntry>Secrétariat général du Comité interministériel pour les questions de coopération économique européenne, questions économiques</relationEntry>
            <dateRange>
               <fromDate standardDate="1955-01-01">1955</fromDate>
               <toDate standardDate="1985-12-31">1985</toDate>
            </dateRange>
         </cpfRelation>
         <cpfRelation xmlns:xlink="http://www.w3.org/1999/xlink"
                      cpfRelationType="hierarchical-parent"
                      xlink:href="FRAN_NP_000002"
                      xlink:type="simple">
            <relationEntry>Premier ministre</relationEntry>
            <dateRange>
               <fromDate standardDate="1959-01-08">8 janvier 1959</fromDate>
               <toDate standardDate="2005-12-31">2005</toDate>
            </dateRange>
         </cpfRelation>
         <resourceRelation xmlns:xlink="http://www.w3.org/1999/xlink"
                           resourceRelationType="subjectOf"
                           xlink:href="FRAN_IR_014716"
                           xlink:type="simple">
            <relationEntry localType="archival">Premier ministre ; Comité interministériel pour les questions de coopération économique européenne ; Secrétariat général (1958-1985)</relationEntry>
         </resourceRelation>
      </relations>
   </cpfDescription>
</eac-cpf>
