<eac-cpf xmlns="urn:isbn:1-931666-33-4"
         xmlns:xsi="http://www.w3.org/2001/XMLSchema-instance"
         xsi:schemaLocation="urn:isbn:1-931666-33-4 cpf.xsd">
   <control>
      <recordId>FRAN_NP_000372</recordId>
      <maintenanceStatus>derived</maintenanceStatus>
      <maintenanceAgency>
         <agencyName>Archives nationales de France</agencyName>
      </maintenanceAgency>
      <languageDeclaration>
         <language languageCode="fre">Français</language>
         <script scriptCode="Latn"/>
      </languageDeclaration>
      <conventionDeclaration>
         <citation>Notice établie conformément à la norme ICA-ISAAR (CPF) 2004, aux normes ISO 8601 pour le système de normalisation des dates utilisé, ainsi que AFNOR NF Z 44-061, juin 1986. Catalogage : forme et structure des vedettes noms de personne, des vedettes titres, des rubriques de classement et des titres forgés.</citation>
      </conventionDeclaration>
      <localControl localType="niveau_de_detail">
         <term>Moyenne</term>
      </localControl>
      <maintenanceHistory>
         <maintenanceEvent>
            <eventType>derived</eventType>
            <eventDateTime>2013-04-23</eventDateTime>
            <agentType>machine</agentType>
            <agent>Import_SIA</agent>
         </maintenanceEvent>
      </maintenanceHistory>
   </control>
   <cpfDescription>
      <identity>
         <entityType>corporateBody</entityType>
         <nameEntry scriptCode="Latn" localType="autorisée" xml:lang="fre">
            <part>Sous-direction de l'information et de la légistique (direction générale de l'administration et de la fonction publique)</part>
         </nameEntry>
      </identity>
      <description>
         <existDates>
            <dateRange>
               <fromDate standardDate="2007-01-01">2007</fromDate>
               <toDate standardDate="2012-12-31">2012</toDate>
            </dateRange>
         </existDates>
         <legalStatuses>
            <legalStatus>
               <term vocabularySource="d5blonaxbw--1mt8t42bokzts">service d'administration centrale</term>
            </legalStatus>
         </legalStatuses>
      </description>
      <relations>
         <cpfRelation xmlns:xlink="http://www.w3.org/1999/xlink"
                      cpfRelationType="hierarchical-parent"
                      xlink:href="FRAN_NP_000181"
                      xlink:type="simple">
            <relationEntry>Direction générale de l'administration et de la fonction publique</relationEntry>
            <dateRange>
               <fromDate standardDate="2007-01-01">2007</fromDate>
               <toDate standardDate="2012-12-31">2012</toDate>
            </dateRange>
         </cpfRelation>
         <cpfRelation xmlns:xlink="http://www.w3.org/1999/xlink"
                      cpfRelationType="hierarchical-child"
                      xlink:href="FRAN_NP_000180"
                      xlink:type="simple">
            <relationEntry>Bureau des statistiques, des études et de l'évaluation (direction générale de l'administration et de la fonction publique)</relationEntry>
            <dateRange>
               <fromDate standardDate="2007-01-16">16 janvier 2007</fromDate>
               <toDate standardDate="2012-12-31">2012</toDate>
            </dateRange>
         </cpfRelation>
         <cpfRelation xmlns:xlink="http://www.w3.org/1999/xlink"
                      cpfRelationType="hierarchical-child"
                      xlink:href="FRAN_NP_000175"
                      xlink:type="simple">
            <relationEntry>Bureau de la prospective et des affaires internationales (direction générale de l'administration et de la fonction publique)</relationEntry>
            <dateRange>
               <fromDate standardDate="2007-01-01">2007</fromDate>
               <toDate standardDate="2012-12-31">2012</toDate>
            </dateRange>
         </cpfRelation>
         <cpfRelation xmlns:xlink="http://www.w3.org/1999/xlink"
                      cpfRelationType="hierarchical-child"
                      xlink:href="FRAN_NP_000156"
                      xlink:type="simple">
            <relationEntry>Pôle «  communication » (direction générale de l'administration et de la fonction publique)</relationEntry>
            <dateRange>
               <fromDate standardDate="2007-01-16">16 janvier 2007</fromDate>
               <toDate standardDate="2009-12-31">2009</toDate>
            </dateRange>
         </cpfRelation>
         <cpfRelation xmlns:xlink="http://www.w3.org/1999/xlink"
                      cpfRelationType="temporal-earlier"
                      xlink:href="FRAN_NP_009491"
                      xlink:type="simple">
            <relationEntry>Secrétariat général (direction générale de l'administration et de la fonction publique)</relationEntry>
            <dateRange>
               <fromDate standardDate="2007-01-01">2007</fromDate>
            </dateRange>
         </cpfRelation>
      </relations>
   </cpfDescription>
</eac-cpf>
