<eac-cpf xmlns="urn:isbn:1-931666-33-4"
         xmlns:xsi="http://www.w3.org/2001/XMLSchema-instance"
         xsi:schemaLocation="urn:isbn:1-931666-33-4 cpf.xsd">
   <control>
      <recordId>FRAN_NP_000134</recordId>
      <otherRecordId localType="Ancien_identifiant">1201/DCCT</otherRecordId>
      <maintenanceStatus>revised</maintenanceStatus>
      <maintenanceAgency>
         <agencyName>Archives nationales de France</agencyName>
      </maintenanceAgency>
      <languageDeclaration>
         <language languageCode="fre">Français</language>
         <script scriptCode="Latn"/>
      </languageDeclaration>
      <conventionDeclaration>
         <citation>Notice établie conformément à la norme ICA-ISAAR (CPF) 2004, aux normes ISO 8601 pour le système de normalisation des dates utilisé, ainsi que AFNOR NF Z 44-061, juin 1986. Catalogage : forme et structure des vedettes noms de personne, des vedettes titres, des rubriques de classement et des titres forgés.</citation>
      </conventionDeclaration>
      <localControl localType="niveau_de_detail">
         <term>Moyenne</term>
      </localControl>
      <maintenanceHistory>
         <maintenanceEvent>
            <eventType>derived</eventType>
            <eventDateTime>2013-04-23</eventDateTime>
            <agentType>machine</agentType>
            <agent>Import_SIA</agent>
         </maintenanceEvent>
         <maintenanceEvent>
            <eventType>revised</eventType>
            <eventDateTime>2013-07-24</eventDateTime>
            <agentType>human</agentType>
            <agent>Blandine WAGNER</agent>
         </maintenanceEvent>
      </maintenanceHistory>
   </control>
   <cpfDescription>
      <identity>
         <entityType>corporateBody</entityType>
         <nameEntry localType="autorisée" scriptCode="Latn" xml:lang="fre">
            <part>Conseiller technique au cabinet du Premier ministre</part>
         </nameEntry>
      </identity>
      <description>
         <existDates>
            <dateRange>
               <fromDate standardDate="1981-01-01">1981</fromDate>
            </dateRange>
         </existDates>
         <legalStatuses>
            <legalStatus>
               <term vocabularySource="d5blonb04s-1nqrprwwl75h0">cabinet ministériel</term>
            </legalStatus>
         </legalStatuses>
      </description>
      <relations>
         <resourceRelation xmlns:xlink="http://www.w3.org/1999/xlink"
                           resourceRelationType="subjectOf"
                           xlink:href="FRAN_IR_030001"
                           xlink:type="simple">
            <relationEntry localType="archival">direction générale de l'ADMINISTRATION ET DE LA FONCTION PUBLIQUE Bureau dU STATUT GENERAL ET DU DIALOGUE SOCIAL</relationEntry>
         </resourceRelation>
         <resourceRelation xmlns:xlink="http://www.w3.org/1999/xlink"
                           resourceRelationType="subjectOf"
                           xlink:href="FRAN_IR_007916"
                           xlink:type="simple">
            <relationEntry localType="archival">Premier ministre ; Cabinet du Premier Ministre et services rattachés ; Cabinet ; Conseiller technique (1986-1988)</relationEntry>
         </resourceRelation>
         <resourceRelation xmlns:xlink="http://www.w3.org/1999/xlink"
                           resourceRelationType="subjectOf"
                           xlink:href="FRAN_IR_007952"
                           xlink:type="simple">
            <relationEntry localType="archival">Premier ministre ; Cabinet du Premier ministre et services rattachés ; Cabinet ; Conseiller technique (1986-1988)</relationEntry>
         </resourceRelation>
         <resourceRelation xmlns:xlink="http://www.w3.org/1999/xlink"
                           resourceRelationType="subjectOf"
                           xlink:href="FRAN_IR_008294"
                           xlink:type="simple">
            <relationEntry localType="archival">Premier ministre ; Cabinet du Premier Ministre et services rattachés ; Cabinet ; Conseiller technique (1986-1988)</relationEntry>
         </resourceRelation>
         <resourceRelation xmlns:xlink="http://www.w3.org/1999/xlink"
                           resourceRelationType="subjectOf"
                           xlink:href="FRAN_IR_008443"
                           xlink:type="simple">
            <relationEntry localType="archival">Premier ministre ; Cabinet du Premier ministre et services rattachés ; Cabinet ; Conseiller technique (1986-1988)</relationEntry>
         </resourceRelation>
         <resourceRelation xmlns:xlink="http://www.w3.org/1999/xlink"
                           resourceRelationType="subjectOf"
                           xlink:href="FRAN_IR_008571"
                           xlink:type="simple">
            <relationEntry localType="archival">Premier ministre ; Cabinet du Premier ministre et services rattachés ; Cabinet ; Conseiller technique (1986-1988)</relationEntry>
         </resourceRelation>
         <resourceRelation xmlns:xlink="http://www.w3.org/1999/xlink"
                           resourceRelationType="subjectOf"
                           xlink:href="FRAN_IR_008643"
                           xlink:type="simple">
            <relationEntry localType="archival">Premier ministre ; Cabinet du Premier ministre et services rattachés ; Cabinet ; Conseiller technique (1986-1988)</relationEntry>
         </resourceRelation>
         <resourceRelation xmlns:xlink="http://www.w3.org/1999/xlink"
                           resourceRelationType="subjectOf"
                           xlink:href="FRAN_IR_008743"
                           xlink:type="simple">
            <relationEntry localType="archival">Premier ministre ; Cabinet du Premier ministre et services rattachés ; Cabinet ; conseiller technique (1990-1993)</relationEntry>
         </resourceRelation>
         <resourceRelation xmlns:xlink="http://www.w3.org/1999/xlink"
                           resourceRelationType="subjectOf"
                           xlink:href="FRAN_IR_008764"
                           xlink:type="simple">
            <relationEntry localType="archival">Premier ministre ; Cabinet du Premier ministre et services rattachés ; Cabinet ; conseiller technique (1991-1992)</relationEntry>
         </resourceRelation>
         <resourceRelation xmlns:xlink="http://www.w3.org/1999/xlink"
                           resourceRelationType="subjectOf"
                           xlink:href="FRAN_IR_008766"
                           xlink:type="simple">
            <relationEntry localType="archival">Premier ministre ; Cabinet du Premier ministre et services rattachés ; Cabinet ; conseiller technique (1992-1993)</relationEntry>
         </resourceRelation>
         <resourceRelation xmlns:xlink="http://www.w3.org/1999/xlink"
                           resourceRelationType="subjectOf"
                           xlink:href="FRAN_IR_008836"
                           xlink:type="simple">
            <relationEntry localType="archival">Premier ministre ; Cabinet du Premier ministre et services rattachés ; Cabinet ; conseiller technique (1991-1993)</relationEntry>
         </resourceRelation>
         <resourceRelation xmlns:xlink="http://www.w3.org/1999/xlink"
                           resourceRelationType="subjectOf"
                           xlink:href="FRAN_IR_008845"
                           xlink:type="simple">
            <relationEntry localType="archival">Premier ministre ; Cabinet du Premier ministre et services rattachés ; Cabinet ; conseiller technique (1991-1993)</relationEntry>
         </resourceRelation>
         <resourceRelation xmlns:xlink="http://www.w3.org/1999/xlink"
                           resourceRelationType="subjectOf"
                           xlink:href="FRAN_IR_008959"
                           xlink:type="simple">
            <relationEntry localType="archival">Premier ministre ; Cabinet du Premier ministre et services rattachés ; Cabinet ; conseiller technique (1990-1992)</relationEntry>
         </resourceRelation>
         <resourceRelation xmlns:xlink="http://www.w3.org/1999/xlink"
                           resourceRelationType="subjectOf"
                           xlink:href="FRAN_IR_008958"
                           xlink:type="simple">
            <relationEntry localType="archival">Premier ministre ; Cabinet du Premier ministre et services rattachés ; Cabinet ; conseiller technique (1991-1992)</relationEntry>
         </resourceRelation>
         <resourceRelation xmlns:xlink="http://www.w3.org/1999/xlink"
                           resourceRelationType="subjectOf"
                           xlink:href="FRAN_IR_008962"
                           xlink:type="simple">
            <relationEntry localType="archival">Premier ministre ; Cabinet du Premier ministre et services rattachés ; Cabinet ; conseiller technique (1991-1993)</relationEntry>
         </resourceRelation>
         <resourceRelation xmlns:xlink="http://www.w3.org/1999/xlink"
                           resourceRelationType="subjectOf"
                           xlink:href="FRAN_IR_009017"
                           xlink:type="simple">
            <relationEntry localType="archival">Premier ministre ; Cabinet du Premier ministre et services rattachés ; Cabinet ; conseiller technique (1992-1993)</relationEntry>
         </resourceRelation>
         <resourceRelation xmlns:xlink="http://www.w3.org/1999/xlink"
                           resourceRelationType="subjectOf"
                           xlink:href="FRAN_IR_009175"
                           xlink:type="simple">
            <relationEntry localType="archival">Premier ministre ; Cabinet du Premier ministre et services rattachés ; Cabinet ; conseiller technique (1992-1993)</relationEntry>
         </resourceRelation>
         <resourceRelation xmlns:xlink="http://www.w3.org/1999/xlink"
                           resourceRelationType="subjectOf"
                           xlink:href="FRAN_IR_009189"
                           xlink:type="simple">
            <relationEntry localType="archival">Premier ministre ; Cabinet du Premier ministre et services rattachés ; Cabinet ; conseiller technique (1990-1993)</relationEntry>
         </resourceRelation>
         <resourceRelation xmlns:xlink="http://www.w3.org/1999/xlink"
                           resourceRelationType="subjectOf"
                           xlink:href="FRAN_IR_009192"
                           xlink:type="simple">
            <relationEntry localType="archival">Premier ministre ; Cabinet du Premier ministre et services rattachés ; Cabinet ; conseiller technique (1992-1993)</relationEntry>
         </resourceRelation>
         <resourceRelation xmlns:xlink="http://www.w3.org/1999/xlink"
                           resourceRelationType="subjectOf"
                           xlink:href="FRAN_IR_009195"
                           xlink:type="simple">
            <relationEntry localType="archival">Premier ministre ; Cabinet du Premier ministre et services rattachés ; Cabinet ; conseiller technique (1991-1993)</relationEntry>
         </resourceRelation>
         <resourceRelation xmlns:xlink="http://www.w3.org/1999/xlink"
                           resourceRelationType="subjectOf"
                           xlink:href="FRAN_IR_009196"
                           xlink:type="simple">
            <relationEntry localType="archival">Premier ministre ; Cabinet du Premier ministre et services rattachés ; Cabinet ; conseiller technique (1992-1993)</relationEntry>
         </resourceRelation>
         <resourceRelation xmlns:xlink="http://www.w3.org/1999/xlink"
                           resourceRelationType="subjectOf"
                           xlink:href="FRAN_IR_009197"
                           xlink:type="simple">
            <relationEntry localType="archival">Premier ministre ; Cabinet du Premier ministre et services rattachés ; Cabinet ; conseiller technique (1992-1993)</relationEntry>
         </resourceRelation>
         <resourceRelation xmlns:xlink="http://www.w3.org/1999/xlink"
                           resourceRelationType="subjectOf"
                           xlink:href="FRAN_IR_009232"
                           xlink:type="simple">
            <relationEntry localType="archival">Premier ministre ; Cabinet du Premier ministre et services rattachés ; Cabinet ; conseiller technique (1993-1995)</relationEntry>
         </resourceRelation>
         <resourceRelation xmlns:xlink="http://www.w3.org/1999/xlink"
                           resourceRelationType="subjectOf"
                           xlink:href="FRAN_IR_009239"
                           xlink:type="simple">
            <relationEntry localType="archival">Premier ministre ; Cabinet du Premier ministre et services rattachés ; Cabinet ; conseiller technique (1993-1995)</relationEntry>
         </resourceRelation>
         <resourceRelation xmlns:xlink="http://www.w3.org/1999/xlink"
                           resourceRelationType="subjectOf"
                           xlink:href="FRAN_IR_009245"
                           xlink:type="simple">
            <relationEntry localType="archival">Premier ministre ; Cabinet du Premier ministre et services rattachés ; Cabinet ; conseiller technique (1993-1995)</relationEntry>
         </resourceRelation>
         <resourceRelation xmlns:xlink="http://www.w3.org/1999/xlink"
                           resourceRelationType="subjectOf"
                           xlink:href="FRAN_IR_009357"
                           xlink:type="simple">
            <relationEntry localType="archival">Premier ministre ; Cabinet du Premier ministre et services rattachés ; Cabinet ; conseiller technique (1993-1995)</relationEntry>
         </resourceRelation>
         <resourceRelation xmlns:xlink="http://www.w3.org/1999/xlink"
                           resourceRelationType="subjectOf"
                           xlink:href="FRAN_IR_009366"
                           xlink:type="simple">
            <relationEntry localType="archival">Premier ministre ; Cabinet du Premier ministre et services rattachés ; Cabinet ; conseiller technique (1993-1995)</relationEntry>
         </resourceRelation>
         <resourceRelation xmlns:xlink="http://www.w3.org/1999/xlink"
                           resourceRelationType="subjectOf"
                           xlink:href="FRAN_IR_009399"
                           xlink:type="simple">
            <relationEntry localType="archival">Premier ministre ; Cabinet du Premier ministre et services rattachés ; Cabinet ; conseiller technique (1993-1995)</relationEntry>
         </resourceRelation>
         <resourceRelation xmlns:xlink="http://www.w3.org/1999/xlink"
                           resourceRelationType="subjectOf"
                           xlink:href="FRAN_IR_009403"
                           xlink:type="simple">
            <relationEntry localType="archival">Premier ministre ; Cabinet du Premier ministre et services rattachés ; Cabinet ; conseiller technique (1993-1995)</relationEntry>
         </resourceRelation>
         <resourceRelation xmlns:xlink="http://www.w3.org/1999/xlink"
                           resourceRelationType="subjectOf"
                           xlink:href="FRAN_IR_009405"
                           xlink:type="simple">
            <relationEntry localType="archival">Premier ministre ; Cabinet du Premier ministre et services rattachés ; Cabinet ; conseiller technique (1994-1995)</relationEntry>
         </resourceRelation>
         <resourceRelation xmlns:xlink="http://www.w3.org/1999/xlink"
                           resourceRelationType="subjectOf"
                           xlink:href="FRAN_IR_009519"
                           xlink:type="simple">
            <relationEntry localType="archival">Premier ministre ; Cabinet du Premier ministre et services rattachés ; Cabinet ; conseiller technique (1986-1995)</relationEntry>
         </resourceRelation>
         <resourceRelation xmlns:xlink="http://www.w3.org/1999/xlink"
                           resourceRelationType="subjectOf"
                           xlink:href="FRAN_IR_009645"
                           xlink:type="simple">
            <relationEntry localType="archival">Premier ministre ; Cabinet du Premier ministre et services rattachés ; Cabinet ; conseiller technique (1993-1995)</relationEntry>
         </resourceRelation>
         <resourceRelation xmlns:xlink="http://www.w3.org/1999/xlink"
                           resourceRelationType="subjectOf"
                           xlink:href="FRAN_IR_009646"
                           xlink:type="simple">
            <relationEntry localType="archival">Premier ministre ; Cabinet du Premier ministre et services rattachés ; Cabinet ; conseiller technique (1993-1995)</relationEntry>
         </resourceRelation>
         <resourceRelation xmlns:xlink="http://www.w3.org/1999/xlink"
                           resourceRelationType="subjectOf"
                           xlink:href="FRAN_IR_009674"
                           xlink:type="simple">
            <relationEntry localType="archival">Premier ministre ; Cabinet du Premier ministre et services rattachés ; Cabinet ; conseiller technique (1959-1995)</relationEntry>
         </resourceRelation>
         <resourceRelation xmlns:xlink="http://www.w3.org/1999/xlink"
                           resourceRelationType="subjectOf"
                           xlink:href="FRAN_IR_009736"
                           xlink:type="simple">
            <relationEntry localType="archival">Premier ministre ; Cabinet du Premier ministre et services rattachés ; Cabinet ; conseiller technique (1993-1995)</relationEntry>
         </resourceRelation>
         <resourceRelation xmlns:xlink="http://www.w3.org/1999/xlink"
                           resourceRelationType="subjectOf"
                           xlink:href="FRAN_IR_013367"
                           xlink:type="simple">
            <relationEntry localType="archival">Premier ministre ; Cabinet du Premier ministre et services rattachés ; Cabinet ; conseiller technique (1988-1991)</relationEntry>
         </resourceRelation>
         <resourceRelation xmlns:xlink="http://www.w3.org/1999/xlink"
                           resourceRelationType="subjectOf"
                           xlink:href="FRAN_IR_013372"
                           xlink:type="simple">
            <relationEntry localType="archival">Premier ministre ; Cabinet du Premier ministre et services rattachés ; Cabinet ; conseiller technique (1988-1989)</relationEntry>
         </resourceRelation>
         <resourceRelation xmlns:xlink="http://www.w3.org/1999/xlink"
                           resourceRelationType="subjectOf"
                           xlink:href="FRAN_IR_013369"
                           xlink:type="simple">
            <relationEntry localType="archival">Premier ministre ; Cabinet du Premier ministre et services rattachés ; Cabinet ; conseiller technique (1991-1992)</relationEntry>
         </resourceRelation>
         <resourceRelation xmlns:xlink="http://www.w3.org/1999/xlink"
                           resourceRelationType="subjectOf"
                           xlink:href="FRAN_IR_013368"
                           xlink:type="simple">
            <relationEntry localType="archival">Premier ministre ; Cabinet du Premier ministre et services rattachés ; Cabinet ; conseiller technique (1988-1991)</relationEntry>
         </resourceRelation>
         <resourceRelation xmlns:xlink="http://www.w3.org/1999/xlink"
                           resourceRelationType="subjectOf"
                           xlink:href="FRAN_IR_013422"
                           xlink:type="simple">
            <relationEntry localType="archival">Premier ministre ; Cabinet du Premier ministre et services rattachés ; Cabinet ; conseiller technique (1995-1997)</relationEntry>
         </resourceRelation>
         <resourceRelation xmlns:xlink="http://www.w3.org/1999/xlink"
                           resourceRelationType="subjectOf"
                           xlink:href="FRAN_IR_013563"
                           xlink:type="simple">
            <relationEntry localType="archival">Premier ministre ; Cabinet du Premier ministre et services rattachés ; Cabinet ; conseiller technique (1995-1997)</relationEntry>
         </resourceRelation>
         <resourceRelation xmlns:xlink="http://www.w3.org/1999/xlink"
                           resourceRelationType="subjectOf"
                           xlink:href="FRAN_IR_013628"
                           xlink:type="simple">
            <relationEntry localType="archival">Premier ministre ; Cabinet du Premier ministre et services rattachés ; Cabinet ; conseiller technique (1995-1997)</relationEntry>
         </resourceRelation>
         <resourceRelation xmlns:xlink="http://www.w3.org/1999/xlink"
                           resourceRelationType="subjectOf"
                           xlink:href="FRAN_IR_014346"
                           xlink:type="simple">
            <relationEntry localType="archival">Premier ministre ; Cabinet du Premier Ministre et services rattachés ; Cabinet ; Conseiller technique (1984-1986)</relationEntry>
         </resourceRelation>
         <resourceRelation xmlns:xlink="http://www.w3.org/1999/xlink"
                           resourceRelationType="subjectOf"
                           xlink:href="FRAN_IR_014684"
                           xlink:type="simple">
            <relationEntry localType="archival">Premier ministre ; Cabinet du Premier Ministre et services rattachés ; Cabinet ; Conseiller technique (1981-1986)</relationEntry>
         </resourceRelation>
         <resourceRelation xmlns:xlink="http://www.w3.org/1999/xlink"
                           resourceRelationType="subjectOf"
                           xlink:href="FRAN_IR_014668"
                           xlink:type="simple">
            <relationEntry localType="archival">Premier ministre ; Cabinet du Premier Ministre et services rattachés ; Cabinet ; Conseiller technique (1981-1986)</relationEntry>
         </resourceRelation>
         <resourceRelation xmlns:xlink="http://www.w3.org/1999/xlink"
                           resourceRelationType="subjectOf"
                           xlink:href="FRAN_IR_014975"
                           xlink:type="simple">
            <relationEntry localType="archival">Premier ministre ; Cabinet du Premier Ministre et services rattachés ; Cabinet ; Conseiller technique (1981-1986)</relationEntry>
         </resourceRelation>
         <resourceRelation xmlns:xlink="http://www.w3.org/1999/xlink"
                           resourceRelationType="subjectOf"
                           xlink:href="FRAN_IR_014977"
                           xlink:type="simple">
            <relationEntry localType="archival">Premier ministre ; Cabinet du Premier Ministre et services rattachés ; Cabinet ; Conseiller technique (1980-1986)</relationEntry>
         </resourceRelation>
         <resourceRelation xmlns:xlink="http://www.w3.org/1999/xlink"
                           resourceRelationType="subjectOf"
                           xlink:href="FRAN_IR_015202"
                           xlink:type="simple">
            <relationEntry localType="archival">Premier ministre ; Cabinet du Premier ministre et services rattachés ; Cabinet ; conseiller technique (1988-1991)</relationEntry>
         </resourceRelation>
         <resourceRelation xmlns:xlink="http://www.w3.org/1999/xlink"
                           resourceRelationType="subjectOf"
                           xlink:href="FRAN_IR_015268"
                           xlink:type="simple">
            <relationEntry localType="archival">Premier ministre ; Cabinet du Premier ministre et services rattachés ; Cabinet ; conseiller technique (1989-1991)</relationEntry>
         </resourceRelation>
         <resourceRelation xmlns:xlink="http://www.w3.org/1999/xlink"
                           resourceRelationType="subjectOf"
                           xlink:href="FRAN_IR_015269"
                           xlink:type="simple">
            <relationEntry localType="archival">Premier ministre ; Cabinet du Premier ministre et services rattachés ; Cabinet ; conseiller technique (1987-1992)</relationEntry>
         </resourceRelation>
         <resourceRelation xmlns:xlink="http://www.w3.org/1999/xlink"
                           resourceRelationType="subjectOf"
                           xlink:href="FRAN_IR_015270"
                           xlink:type="simple">
            <relationEntry localType="archival">Premier ministre ; Cabinet du Premier ministre et services rattachés ; Cabinet ; conseiller technique (1988-1991)</relationEntry>
         </resourceRelation>
         <resourceRelation xmlns:xlink="http://www.w3.org/1999/xlink"
                           resourceRelationType="subjectOf"
                           xlink:href="FRAN_IR_015512"
                           xlink:type="simple">
            <relationEntry localType="archival">Premier ministre ; Cabinet du Premier ministre et services rattachés ; Cabinet ; conseiller technique (1988-1993)</relationEntry>
         </resourceRelation>
         <resourceRelation xmlns:xlink="http://www.w3.org/1999/xlink"
                           resourceRelationType="subjectOf"
                           xlink:href="FRAN_IR_015567"
                           xlink:type="simple">
            <relationEntry localType="archival">Premier ministre ; Cabinet du Premier ministre et services rattachés ; Cabinet ; conseiller technique (1991-1993)</relationEntry>
         </resourceRelation>
         <resourceRelation xmlns:xlink="http://www.w3.org/1999/xlink"
                           resourceRelationType="subjectOf"
                           xlink:href="FRAN_IR_015628"
                           xlink:type="simple">
            <relationEntry localType="archival">Premier ministre ; Cabinet du Premier ministre et services rattachés ; Cabinet ; conseiller technique (1991-1992)</relationEntry>
         </resourceRelation>
         <resourceRelation xmlns:xlink="http://www.w3.org/1999/xlink"
                           resourceRelationType="subjectOf"
                           xlink:href="FRAN_IR_007457"
                           xlink:type="simple">
            <relationEntry localType="archival">Premier ministre ; Cabinet du Premier Ministre et services rattachés ; Cabinet ; Conseiller technique (1986-1988)</relationEntry>
         </resourceRelation>
         <resourceRelation xmlns:xlink="http://www.w3.org/1999/xlink"
                           resourceRelationType="subjectOf"
                           xlink:href="FRAN_IR_007459"
                           xlink:type="simple">
            <relationEntry localType="archival">Premier ministre ; Cabinet du Premier Ministre et services rattachés ; Cabinet ; Conseiller technique (1986-1988)</relationEntry>
         </resourceRelation>
         <resourceRelation xmlns:xlink="http://www.w3.org/1999/xlink"
                           resourceRelationType="subjectOf"
                           xlink:href="FRAN_IR_016114"
                           xlink:type="simple">
            <relationEntry localType="archival">Premier ministre ; Cabinet du Premier ministre et services rattachés ; Cabinet ; conseiller technique (1995-2001)</relationEntry>
         </resourceRelation>
         <resourceRelation xmlns:xlink="http://www.w3.org/1999/xlink"
                           resourceRelationType="subjectOf"
                           xlink:href="FRAN_IR_017760"
                           xlink:type="simple">
            <relationEntry localType="archival">Premier ministre ; Cabinet du Premier Ministre et services rattachés ; Cabinet ; Conseiller technique (1986-1988)</relationEntry>
         </resourceRelation>
         <resourceRelation xmlns:xlink="http://www.w3.org/1999/xlink"
                           resourceRelationType="subjectOf"
                           xlink:href="FRAN_IR_018308"
                           xlink:type="simple">
            <relationEntry localType="archival">Premier ministre ; Cabinet du Premier Ministre et services rattachés ; Cabinet ; Conseiller technique (1988-1991)</relationEntry>
         </resourceRelation>
         <resourceRelation xmlns:xlink="http://www.w3.org/1999/xlink"
                           resourceRelationType="subjectOf"
                           xlink:href="FRAN_IR_018309"
                           xlink:type="simple">
            <relationEntry localType="archival">Premier ministre ; Cabinet du Premier Ministre et services rattachés ; Cabinet ; Conseiller technique (1988-1991)</relationEntry>
         </resourceRelation>
         <resourceRelation xmlns:xlink="http://www.w3.org/1999/xlink"
                           resourceRelationType="subjectOf"
                           xlink:href="FRAN_IR_018431"
                           xlink:type="simple">
            <relationEntry localType="archival">Premier ministre ; Cabinet du Premier ministre et services rattachés ; Cabinet ; conseiller technique (1988-1991)</relationEntry>
         </resourceRelation>
         <resourceRelation xmlns:xlink="http://www.w3.org/1999/xlink"
                           resourceRelationType="subjectOf"
                           xlink:href="FRAN_IR_018432"
                           xlink:type="simple">
            <relationEntry localType="archival">Premier ministre ; Cabinet du Premier ministre et services rattachés ; Cabinet ; conseiller technique (1982-1992)</relationEntry>
         </resourceRelation>
         <resourceRelation xmlns:xlink="http://www.w3.org/1999/xlink"
                           resourceRelationType="subjectOf"
                           xlink:href="FRAN_IR_018496"
                           xlink:type="simple">
            <relationEntry localType="archival">Premier ministre ; Cabinet du Premier ministre et services rattachés ; Cabinet ; conseiller technique (1988-1991)</relationEntry>
         </resourceRelation>
         <resourceRelation xmlns:xlink="http://www.w3.org/1999/xlink"
                           resourceRelationType="subjectOf"
                           xlink:href="FRAN_IR_018702"
                           xlink:type="simple">
            <relationEntry localType="archival">Premier ministre ; Cabinet du Premier ministre et services rattachés ; Cabinet ; conseiller technique (1993-1995)</relationEntry>
         </resourceRelation>
         <resourceRelation xmlns:xlink="http://www.w3.org/1999/xlink"
                           resourceRelationType="subjectOf"
                           xlink:href="FRAN_IR_018703"
                           xlink:type="simple">
            <relationEntry localType="archival">Premier ministre ; Cabinet du Premier ministre et services rattachés ; Cabinet ; conseiller technique (1993-1995)</relationEntry>
         </resourceRelation>
         <resourceRelation xmlns:xlink="http://www.w3.org/1999/xlink"
                           resourceRelationType="subjectOf"
                           xlink:href="FRAN_IR_018780"
                           xlink:type="simple">
            <relationEntry localType="archival">Premier ministre ; Cabinet du Premier ministre et services rattachés ; Cabinet ; conseiller technique (1993-1995)</relationEntry>
         </resourceRelation>
         <resourceRelation xmlns:xlink="http://www.w3.org/1999/xlink"
                           resourceRelationType="subjectOf"
                           xlink:href="FRAN_IR_018778"
                           xlink:type="simple">
            <relationEntry localType="archival">Premier ministre ; Cabinet du Premier ministre et services rattachés ; Cabinet ; conseiller technique (1993-1995)</relationEntry>
         </resourceRelation>
         <resourceRelation xmlns:xlink="http://www.w3.org/1999/xlink"
                           resourceRelationType="subjectOf"
                           xlink:href="FRAN_IR_018852"
                           xlink:type="simple">
            <relationEntry localType="archival">Premier ministre ; Cabinet du Premier ministre et services rattachés ; Cabinet ; conseiller technique (1993-1995)</relationEntry>
         </resourceRelation>
         <resourceRelation xmlns:xlink="http://www.w3.org/1999/xlink"
                           resourceRelationType="subjectOf"
                           xlink:href="FRAN_IR_019295"
                           xlink:type="simple">
            <relationEntry localType="archival">Premier ministre ; Cabinet du Premier ministre et services rattachés ; Cabinet ; conseiller technique (1995-1997)</relationEntry>
         </resourceRelation>
         <resourceRelation xmlns:xlink="http://www.w3.org/1999/xlink"
                           resourceRelationType="subjectOf"
                           xlink:href="FRAN_IR_019602"
                           xlink:type="simple">
            <relationEntry localType="archival">Premier ministre ; Cabinet du Premier ministre et services rattachés ; Cabinet ; conseiller technique (1997-2002)</relationEntry>
         </resourceRelation>
         <resourceRelation xmlns:xlink="http://www.w3.org/1999/xlink"
                           resourceRelationType="subjectOf"
                           xlink:href="FRAN_IR_019601"
                           xlink:type="simple">
            <relationEntry localType="archival">Premier ministre ; Cabinet du Premier ministre et services rattachés ; Cabinet ; conseiller technique (1984-2002)</relationEntry>
         </resourceRelation>
         <resourceRelation xmlns:xlink="http://www.w3.org/1999/xlink"
                           resourceRelationType="subjectOf"
                           xlink:href="FRAN_IR_019728"
                           xlink:type="simple">
            <relationEntry localType="archival">Premier ministre ; Cabinet du Premier ministre et services rattachés ; Cabinet ; conseiller technique (1997-2002)</relationEntry>
         </resourceRelation>
         <resourceRelation xmlns:xlink="http://www.w3.org/1999/xlink"
                           resourceRelationType="subjectOf"
                           xlink:href="FRAN_IR_019761"
                           xlink:type="simple">
            <relationEntry localType="archival">Premier ministre ; Cabinet du Premier ministre et services rattachés ; Cabinet ; conseiller technique (2001-2002)</relationEntry>
         </resourceRelation>
         <resourceRelation xmlns:xlink="http://www.w3.org/1999/xlink"
                           resourceRelationType="subjectOf"
                           xlink:href="FRAN_IR_019869"
                           xlink:type="simple">
            <relationEntry localType="archival">Premier ministre ; Cabinet du Premier ministre et services rattachés ; Cabinet ; conseiller technique (1996-2000)</relationEntry>
         </resourceRelation>
         <resourceRelation xmlns:xlink="http://www.w3.org/1999/xlink"
                           resourceRelationType="subjectOf"
                           xlink:href="FRAN_IR_019887"
                           xlink:type="simple">
            <relationEntry localType="archival">Premier ministre ; Cabinet du Premier ministre et services rattachés ; Cabinet ; conseiller technique (1997-2002)</relationEntry>
         </resourceRelation>
         <resourceRelation xmlns:xlink="http://www.w3.org/1999/xlink"
                           resourceRelationType="subjectOf"
                           xlink:href="FRAN_IR_020215"
                           xlink:type="simple">
            <relationEntry localType="archival">Premier ministre ; Cabinet du Premier ministre et services rattachés ; Cabinet ; conseiller technique (1994-2002)</relationEntry>
         </resourceRelation>
         <resourceRelation xmlns:xlink="http://www.w3.org/1999/xlink"
                           resourceRelationType="subjectOf"
                           xlink:href="FRAN_IR_020216"
                           xlink:type="simple">
            <relationEntry localType="archival">Premier ministre ; Cabinet du Premier ministre et services rattachés ; Cabinet ; conseiller technique (1984-1992)</relationEntry>
         </resourceRelation>
         <resourceRelation xmlns:xlink="http://www.w3.org/1999/xlink"
                           resourceRelationType="subjectOf"
                           xlink:href="FRAN_IR_021815"
                           xlink:type="simple">
            <relationEntry localType="archival">Premier ministre ; Cabinet du Premier Ministre et services rattachés ; Cabinet ; Conseiller technique (1981-1986)</relationEntry>
         </resourceRelation>
         <resourceRelation xmlns:xlink="http://www.w3.org/1999/xlink"
                           resourceRelationType="subjectOf"
                           xlink:href="FRAN_IR_022044"
                           xlink:type="simple">
            <relationEntry localType="archival">Premier ministre ; Cabinet du Premier Ministre et services rattachés ; Cabinet ; Conseiller technique (1981-1986)</relationEntry>
         </resourceRelation>
         <resourceRelation xmlns:xlink="http://www.w3.org/1999/xlink"
                           resourceRelationType="subjectOf"
                           xlink:href="FRAN_IR_022377"
                           xlink:type="simple">
            <relationEntry localType="archival">Premier ministre ; Cabinet du Premier ministre et services rattachés ; Cabinet ; conseiller technique (1988-1991)</relationEntry>
         </resourceRelation>
         <resourceRelation xmlns:xlink="http://www.w3.org/1999/xlink"
                           resourceRelationType="subjectOf"
                           xlink:href="FRAN_IR_022427"
                           xlink:type="simple">
            <relationEntry localType="archival">Premier ministre ; Cabinet du Premier ministre et services rattachés ; Cabinet ; conseiller technique (1988-1991)</relationEntry>
         </resourceRelation>
         <resourceRelation xmlns:xlink="http://www.w3.org/1999/xlink"
                           resourceRelationType="subjectOf"
                           xlink:href="FRAN_IR_022490"
                           xlink:type="simple">
            <relationEntry localType="archival">Premier ministre ; Cabinet du Premier ministre et services rattachés ; Cabinet ; conseiller technique (1988-1992)</relationEntry>
         </resourceRelation>
         <resourceRelation xmlns:xlink="http://www.w3.org/1999/xlink"
                           resourceRelationType="subjectOf"
                           xlink:href="FRAN_IR_022605"
                           xlink:type="simple">
            <relationEntry localType="archival">Premier ministre ; Cabinet du Premier ministre et services rattachés ; Cabinet ; conseiller technique (1988-1989)</relationEntry>
         </resourceRelation>
         <resourceRelation xmlns:xlink="http://www.w3.org/1999/xlink"
                           resourceRelationType="subjectOf"
                           xlink:href="FRAN_IR_022968"
                           xlink:type="simple">
            <relationEntry localType="archival">Premier ministre ; Cabinet du Premier ministre et services rattachés ; Cabinet ; conseiller technique (1995-1997)</relationEntry>
         </resourceRelation>
         <resourceRelation xmlns:xlink="http://www.w3.org/1999/xlink"
                           resourceRelationType="subjectOf"
                           xlink:href="FRAN_IR_023026"
                           xlink:type="simple">
            <relationEntry localType="archival">Premier ministre ; Cabinet du Premier ministre et services rattachés ; Cabinet ; conseiller technique (1995-1997)</relationEntry>
         </resourceRelation>
         <resourceRelation xmlns:xlink="http://www.w3.org/1999/xlink"
                           resourceRelationType="subjectOf"
                           xlink:href="FRAN_IR_023098"
                           xlink:type="simple">
            <relationEntry localType="archival">Premier ministre ; Cabinet du Premier ministre et services rattachés ; Cabinet ; conseiller technique (1994-1997)</relationEntry>
         </resourceRelation>
         <resourceRelation xmlns:xlink="http://www.w3.org/1999/xlink"
                           resourceRelationType="subjectOf"
                           xlink:href="FRAN_IR_023099"
                           xlink:type="simple">
            <relationEntry localType="archival">Premier ministre ; Cabinet du Premier ministre et services rattachés ; Cabinet ; conseiller technique (1995-1997)</relationEntry>
         </resourceRelation>
         <resourceRelation xmlns:xlink="http://www.w3.org/1999/xlink"
                           resourceRelationType="subjectOf"
                           xlink:href="FRAN_IR_023119"
                           xlink:type="simple">
            <relationEntry localType="archival">Premier ministre ; Cabinet du Premier ministre et services rattachés ; Cabinet ; conseiller technique (1994-1997)</relationEntry>
         </resourceRelation>
         <resourceRelation xmlns:xlink="http://www.w3.org/1999/xlink"
                           resourceRelationType="subjectOf"
                           xlink:href="FRAN_IR_023120"
                           xlink:type="simple">
            <relationEntry localType="archival">Premier ministre ; Cabinet du Premier ministre et services rattachés ; Cabinet ; conseiller technique (1993-1997)</relationEntry>
         </resourceRelation>
         <resourceRelation xmlns:xlink="http://www.w3.org/1999/xlink"
                           resourceRelationType="subjectOf"
                           xlink:href="FRAN_IR_023164"
                           xlink:type="simple">
            <relationEntry localType="archival">Premier ministre ; Cabinet du Premier ministre et services rattachés ; Cabinet ; conseiller technique (1963-1997)</relationEntry>
         </resourceRelation>
         <resourceRelation xmlns:xlink="http://www.w3.org/1999/xlink"
                           resourceRelationType="subjectOf"
                           xlink:href="FRAN_IR_023166"
                           xlink:type="simple">
            <relationEntry localType="archival">Premier ministre ; Cabinet du Premier ministre et services rattachés ; Cabinet ; conseiller technique (1963-1997)</relationEntry>
         </resourceRelation>
         <resourceRelation xmlns:xlink="http://www.w3.org/1999/xlink"
                           resourceRelationType="subjectOf"
                           xlink:href="FRAN_IR_023167"
                           xlink:type="simple">
            <relationEntry localType="archival">Premier ministre ; Cabinet du Premier ministre et services rattachés ; Cabinet ; conseiller technique (1995-1997)</relationEntry>
         </resourceRelation>
         <resourceRelation xmlns:xlink="http://www.w3.org/1999/xlink"
                           resourceRelationType="subjectOf"
                           xlink:href="FRAN_IR_023291"
                           xlink:type="simple">
            <relationEntry localType="archival">Premier ministre ; Cabinet du Premier ministre et services rattachés ; Cabinet ; conseiller technique (1992-1997)</relationEntry>
         </resourceRelation>
         <resourceRelation xmlns:xlink="http://www.w3.org/1999/xlink"
                           resourceRelationType="subjectOf"
                           xlink:href="FRAN_IR_023411"
                           xlink:type="simple">
            <relationEntry localType="archival">Premier ministre ; Cabinet du Premier ministre et services rattachés ; Cabinet ; conseiller technique (1995-1997)</relationEntry>
         </resourceRelation>
         <resourceRelation xmlns:xlink="http://www.w3.org/1999/xlink"
                           resourceRelationType="subjectOf"
                           xlink:href="FRAN_IR_023412"
                           xlink:type="simple">
            <relationEntry localType="archival">Premier ministre ; Cabinet du Premier ministre et services rattachés ; Cabinet ; conseiller technique (1996-1997)</relationEntry>
         </resourceRelation>
         <resourceRelation xmlns:xlink="http://www.w3.org/1999/xlink"
                           resourceRelationType="subjectOf"
                           xlink:href="FRAN_IR_023501"
                           xlink:type="simple">
            <relationEntry localType="archival">Premier ministre ; Cabinet du Premier ministre et services rattachés ; Cabinet ; conseiller technique (1987-2000)</relationEntry>
         </resourceRelation>
         <resourceRelation xmlns:xlink="http://www.w3.org/1999/xlink"
                           resourceRelationType="subjectOf"
                           xlink:href="FRAN_IR_023745"
                           xlink:type="simple">
            <relationEntry localType="archival">Premier ministre ; Cabinet du Premier ministre et services rattachés ; Cabinet ; conseiller technique (1997-2002)</relationEntry>
         </resourceRelation>
         <resourceRelation xmlns:xlink="http://www.w3.org/1999/xlink"
                           resourceRelationType="subjectOf"
                           xlink:href="FRAN_IR_023747"
                           xlink:type="simple">
            <relationEntry localType="archival">Premier ministre ; Cabinet du Premier ministre et services rattachés ; Cabinet ; conseiller technique (1999-2002)</relationEntry>
         </resourceRelation>
         <resourceRelation xmlns:xlink="http://www.w3.org/1999/xlink"
                           resourceRelationType="subjectOf"
                           xlink:href="FRAN_IR_023786"
                           xlink:type="simple">
            <relationEntry localType="archival">Premier ministre ; Cabinet du Premier ministre et services rattachés ; Cabinet ; conseiller technique (1997-2002)</relationEntry>
         </resourceRelation>
         <resourceRelation xmlns:xlink="http://www.w3.org/1999/xlink"
                           resourceRelationType="subjectOf"
                           xlink:href="FRAN_IR_023868"
                           xlink:type="simple">
            <relationEntry localType="archival">Premier ministre ; Cabinet du Premier ministre et services rattachés ; Cabinet ; conseiller technique (1997-2002)</relationEntry>
         </resourceRelation>
         <resourceRelation xmlns:xlink="http://www.w3.org/1999/xlink"
                           resourceRelationType="subjectOf"
                           xlink:href="FRAN_IR_026053"
                           xlink:type="simple">
            <relationEntry localType="archival">Premier ministre ; Cabinet du Premier Ministre et services rattachés ; Cabinet ; Conseiller technique (1986-1988)</relationEntry>
         </resourceRelation>
         <resourceRelation xmlns:xlink="http://www.w3.org/1999/xlink"
                           resourceRelationType="subjectOf"
                           xlink:href="FRAN_IR_010105"
                           xlink:type="simple">
            <relationEntry localType="archival">Premier ministre ; Cabinet du Premier ministre et services rattachés ; Cabinet ; conseiller technique (1995-1997)</relationEntry>
         </resourceRelation>
         <resourceRelation xmlns:xlink="http://www.w3.org/1999/xlink"
                           resourceRelationType="subjectOf"
                           xlink:href="FRAN_IR_009406"
                           xlink:type="simple">
            <relationEntry localType="archival">Premier ministre ; Cabinet du Premier ministre et services rattachés ; Cabinet ; conseiller technique (1994-1994)</relationEntry>
         </resourceRelation>
         <resourceRelation xmlns:xlink="http://www.w3.org/1999/xlink"
                           resourceRelationType="subjectOf"
                           xlink:href="FRAN_IR_007458"
                           xlink:type="simple">
            <relationEntry localType="archival">Premier ministre ; Cabinet du Premier Ministre et services rattachés ; Cabinet ; Conseiller technique (1986-1988)</relationEntry>
         </resourceRelation>
         <resourceRelation xmlns:xlink="http://www.w3.org/1999/xlink"
                           resourceRelationType="subjectOf"
                           xlink:href="FRAN_IR_014976"
                           xlink:type="simple">
            <relationEntry localType="archival">Premier ministre ; Cabinet du Premier Ministre et services rattachés ; Cabinet ; Conseiller technique (1984-1986)</relationEntry>
         </resourceRelation>
         <resourceRelation xmlns:xlink="http://www.w3.org/1999/xlink"
                           resourceRelationType="subjectOf"
                           xlink:href="FRAN_IR_015629"
                           xlink:type="simple">
            <relationEntry localType="archival">Premier ministre ; Cabinet du Premier ministre et services rattachés ; Cabinet ; conseiller technique (1991-1992)</relationEntry>
         </resourceRelation>
         <resourceRelation xmlns:xlink="http://www.w3.org/1999/xlink"
                           resourceRelationType="subjectOf"
                           xlink:href="FRAN_IR_017759"
                           xlink:type="simple">
            <relationEntry localType="archival">Premier ministre ; Cabinet du Premier Ministre et services rattachés ; Cabinet ; Conseiller technique (1986-1988)</relationEntry>
         </resourceRelation>
         <resourceRelation xmlns:xlink="http://www.w3.org/1999/xlink"
                           resourceRelationType="subjectOf"
                           xlink:href="FRAN_IR_018704"
                           xlink:type="simple">
            <relationEntry localType="archival">Premier ministre ; Cabinet du Premier ministre et services rattachés ; Cabinet ; conseiller technique (1994-1995)</relationEntry>
         </resourceRelation>
         <resourceRelation xmlns:xlink="http://www.w3.org/1999/xlink"
                           resourceRelationType="subjectOf"
                           xlink:href="FRAN_IR_023165"
                           xlink:type="simple">
            <relationEntry localType="archival">Premier ministre ; Cabinet du Premier ministre et services rattachés ; Cabinet ; conseiller technique (1996-1996)</relationEntry>
         </resourceRelation>
         <resourceRelation xmlns:xlink="http://www.w3.org/1999/xlink"
                           resourceRelationType="subjectOf"
                           xlink:href="FRAN_IR_023785"
                           xlink:type="simple">
            <relationEntry localType="archival">Premier ministre ; Cabinet du Premier ministre et services rattachés ; Cabinet ; conseiller technique (1993-1996)</relationEntry>
         </resourceRelation>
         <resourceRelation xmlns:xlink="http://www.w3.org/1999/xlink"
                           resourceRelationType="subjectOf"
                           xlink:href="FRAN_IR_026344"
                           xlink:type="simple">
            <relationEntry localType="archival">Premier ministre ; Cabinet du Premier ministre et services rattachés ; Cabinet ; conseiller technique (1979-2002)</relationEntry>
         </resourceRelation>
         <resourceRelation xmlns:xlink="http://www.w3.org/1999/xlink"
                           resourceRelationType="subjectOf"
                           xlink:href="FRAN_IR_026357"
                           xlink:type="simple">
            <relationEntry localType="archival">Premier ministre ; Cabinet du Premier ministre et services rattachés ; Cabinet ; conseiller technique (1993-2000)</relationEntry>
         </resourceRelation>
         <resourceRelation xmlns:xlink="http://www.w3.org/1999/xlink"
                           resourceRelationType="creatorOf"
                           xlink:href="FRAN_IR_054787"
                           xlink:type="simple">
            <relationEntry localType="archival">Premier ministre, Cabinet de François Fillon, dossiers bureautiques de Ferdinand Tomarchio, Conseiller technique pour l'industrie, les services et la compétitivité de Février à Mai 2012</relationEntry>
         </resourceRelation>
      </relations>
   </cpfDescription>
</eac-cpf>
