<eac-cpf xmlns="urn:isbn:1-931666-33-4"
         xmlns:xsi="http://www.w3.org/2001/XMLSchema-instance"
         xsi:schemaLocation="urn:isbn:1-931666-33-4 cpf.xsd">
   <control>
      <recordId>FRAN_NP_000222</recordId>
      <otherRecordId localType="Ancien_identifiant">1207/ADOC</otherRecordId>
      <maintenanceStatus>derived</maintenanceStatus>
      <maintenanceAgency>
         <agencyName>Archives nationales de France</agencyName>
      </maintenanceAgency>
      <languageDeclaration>
         <language languageCode="fre">Français</language>
         <script scriptCode="Latn"/>
      </languageDeclaration>
      <conventionDeclaration>
         <citation>Notice établie conformément à la norme ICA-ISAAR (CPF) 2004, aux normes ISO 8601 pour le système de normalisation des dates utilisé, ainsi que AFNOR NF Z 44-061, juin 1986. Catalogage : forme et structure des vedettes noms de personne, des vedettes titres, des rubriques de classement et des titres forgés.</citation>
      </conventionDeclaration>
      <localControl localType="niveau_de_detail">
         <term>Moyenne</term>
      </localControl>
      <maintenanceHistory>
         <maintenanceEvent>
            <eventType>derived</eventType>
            <eventDateTime>2013-04-23</eventDateTime>
            <agentType>machine</agentType>
            <agent>Import_SIA</agent>
         </maintenanceEvent>
      </maintenanceHistory>
   </control>
   <cpfDescription>
      <identity>
         <entityType>corporateBody</entityType>
         <nameEntry scriptCode="Latn" localType="autorisée" xml:lang="fre">
            <part>Service de documentation (secrétariat général des affaires européennes)</part>
         </nameEntry>
      </identity>
      <description>
         <existDates>
            <dateRange>
               <fromDate standardDate="1948-01-01">1948</fromDate>
            </dateRange>
         </existDates>
         <legalStatuses>
            <legalStatus>
               <term vocabularySource="d5blonaxbw--1mt8t42bokzts">service d'administration centrale</term>
            </legalStatus>
         </legalStatuses>
      </description>
      <relations>
         <cpfRelation xmlns:xlink="http://www.w3.org/1999/xlink"
                      cpfRelationType="hierarchical-parent"
                      xlink:href="FRAN_NP_000231"
                      xlink:type="simple">
            <relationEntry>Secrétariat général des affaires européennes</relationEntry>
            <dateRange>
               <fromDate standardDate="2005-10-17">17 octobre 2005</fromDate>
               <toDate/>
            </dateRange>
         </cpfRelation>
         <resourceRelation xmlns:xlink="http://www.w3.org/1999/xlink"
                           resourceRelationType="subjectOf"
                           xlink:href="FRAN_IR_007697"
                           xlink:type="simple">
            <relationEntry localType="archival">Premier ministre ; Comité interministériel pour les questions de coopération économique européenne (SGCI) ; Coordination générale, administration ; documentation (1973-1989)</relationEntry>
         </resourceRelation>
         <resourceRelation xmlns:xlink="http://www.w3.org/1999/xlink"
                           resourceRelationType="subjectOf"
                           xlink:href="FRAN_IR_007708"
                           xlink:type="simple">
            <relationEntry localType="archival">Premier ministre ; Comité interministériel pour les questions de coopération économique européenne (SGCI) ; Coordination générale, administration ; documentation (1985-1985)</relationEntry>
         </resourceRelation>
         <resourceRelation xmlns:xlink="http://www.w3.org/1999/xlink"
                           resourceRelationType="subjectOf"
                           xlink:href="FRAN_IR_007729"
                           xlink:type="simple">
            <relationEntry localType="archival">Premier ministre ; Comité interministériel pour les questions de coopération économique européenne (SGCI) ; Coordination générale, administration ; documentation (1961-1989)</relationEntry>
         </resourceRelation>
         <resourceRelation xmlns:xlink="http://www.w3.org/1999/xlink"
                           resourceRelationType="subjectOf"
                           xlink:href="FRAN_IR_007728"
                           xlink:type="simple">
            <relationEntry localType="archival">Premier ministre ; Comité interministériel pour les questions de coopération économique européenne (SGCI) ; Coordination générale, administration ; documentation (1969-1990)</relationEntry>
         </resourceRelation>
         <resourceRelation xmlns:xlink="http://www.w3.org/1999/xlink"
                           resourceRelationType="subjectOf"
                           xlink:href="FRAN_IR_007730"
                           xlink:type="simple">
            <relationEntry localType="archival">Premier ministre ; Comité interministériel pour les questions de coopération économique européenne (SGCI) ; Coordination générale, administration ; documentation (1957-1988)</relationEntry>
         </resourceRelation>
         <resourceRelation xmlns:xlink="http://www.w3.org/1999/xlink"
                           resourceRelationType="subjectOf"
                           xlink:href="FRAN_IR_007731"
                           xlink:type="simple">
            <relationEntry localType="archival">Premier ministre ; Comité interministériel pour les questions de coopération économique européenne (SGCI) ; Coordination générale, administration ; documentation (1959-1989)</relationEntry>
         </resourceRelation>
         <resourceRelation xmlns:xlink="http://www.w3.org/1999/xlink"
                           resourceRelationType="subjectOf"
                           xlink:href="FRAN_IR_007765"
                           xlink:type="simple">
            <relationEntry localType="archival">Premier ministre ; Comité interministériel pour les questions de coopération économique européenne (SGCI) ; Coordination générale, administration ; documentation (1958-1988)</relationEntry>
         </resourceRelation>
         <resourceRelation xmlns:xlink="http://www.w3.org/1999/xlink"
                           resourceRelationType="subjectOf"
                           xlink:href="FRAN_IR_007764"
                           xlink:type="simple">
            <relationEntry localType="archival">Premier ministre ; Comité interministériel pour les questions de coopération économique européenne (SGCI) ; Coordination générale, administration ; documentation (1973-1986)</relationEntry>
         </resourceRelation>
         <resourceRelation xmlns:xlink="http://www.w3.org/1999/xlink"
                           resourceRelationType="subjectOf"
                           xlink:href="FRAN_IR_007766"
                           xlink:type="simple">
            <relationEntry localType="archival">Premier ministre ; Comité interministériel pour les questions de coopération économique européenne (SGCI) ; Coordination générale, administration ; documentation (1955-1988)</relationEntry>
         </resourceRelation>
         <resourceRelation xmlns:xlink="http://www.w3.org/1999/xlink"
                           resourceRelationType="subjectOf"
                           xlink:href="FRAN_IR_007732"
                           xlink:type="simple">
            <relationEntry localType="archival">Premier ministre ; Comité interministériel pour les questions de coopération économique européenne (SGCI) ; Coordination générale, administration ; documentation (1953-1989)</relationEntry>
         </resourceRelation>
         <resourceRelation xmlns:xlink="http://www.w3.org/1999/xlink"
                           resourceRelationType="subjectOf"
                           xlink:href="FRAN_IR_007769"
                           xlink:type="simple">
            <relationEntry localType="archival">Premier ministre ; Comité interministériel pour les questions de coopération économique européenne (SGCI) ; Coordination générale, administration ; documentation (1957-1987)</relationEntry>
         </resourceRelation>
         <resourceRelation xmlns:xlink="http://www.w3.org/1999/xlink"
                           resourceRelationType="subjectOf"
                           xlink:href="FRAN_IR_007768"
                           xlink:type="simple">
            <relationEntry localType="archival">Premier ministre ; Comité interministériel pour les questions de coopération économique européenne (SGCI) ; Coordination générale, administration ; documentation (1958-1988)</relationEntry>
         </resourceRelation>
         <resourceRelation xmlns:xlink="http://www.w3.org/1999/xlink"
                           resourceRelationType="subjectOf"
                           xlink:href="FRAN_IR_007830"
                           xlink:type="simple">
            <relationEntry localType="archival">Premier ministre ; Comité interministériel pour les questions de coopération économique européenne (SGCI) ; Coordination générale, administration ; documentation (1969-1989)</relationEntry>
         </resourceRelation>
         <resourceRelation xmlns:xlink="http://www.w3.org/1999/xlink"
                           resourceRelationType="subjectOf"
                           xlink:href="FRAN_IR_007832"
                           xlink:type="simple">
            <relationEntry localType="archival">Premier ministre ; Comité interministériel pour les questions de coopération économique européenne (SGCI) ; Coordination générale, administration ; documentation (1962-1989)</relationEntry>
         </resourceRelation>
         <resourceRelation xmlns:xlink="http://www.w3.org/1999/xlink"
                           resourceRelationType="subjectOf"
                           xlink:href="FRAN_IR_007840"
                           xlink:type="simple">
            <relationEntry localType="archival">Premier ministre ; Comité interministériel pour les questions de coopération économique européenne (SGCI) ; Coordination générale, administration ; documentation (1965-1988)</relationEntry>
         </resourceRelation>
         <resourceRelation xmlns:xlink="http://www.w3.org/1999/xlink"
                           resourceRelationType="subjectOf"
                           xlink:href="FRAN_IR_007833"
                           xlink:type="simple">
            <relationEntry localType="archival">Premier ministre ; Comité interministériel pour les questions de coopération économique européenne (SGCI) ; Coordination générale, administration ; documentation (1961-1989)</relationEntry>
         </resourceRelation>
         <resourceRelation xmlns:xlink="http://www.w3.org/1999/xlink"
                           resourceRelationType="subjectOf"
                           xlink:href="FRAN_IR_007834"
                           xlink:type="simple">
            <relationEntry localType="archival">Premier ministre ; Comité interministériel pour les questions de coopération économique européenne (SGCI) ; Coordination générale, administration ; documentation (1958-1987)</relationEntry>
         </resourceRelation>
         <resourceRelation xmlns:xlink="http://www.w3.org/1999/xlink"
                           resourceRelationType="subjectOf"
                           xlink:href="FRAN_IR_007841"
                           xlink:type="simple">
            <relationEntry localType="archival">Premier ministre ; Comité interministériel pour les questions de coopération économique européenne (SGCI) ; Coordination générale, administration ; documentation (1958-1984)</relationEntry>
         </resourceRelation>
         <resourceRelation xmlns:xlink="http://www.w3.org/1999/xlink"
                           resourceRelationType="subjectOf"
                           xlink:href="FRAN_IR_007843"
                           xlink:type="simple">
            <relationEntry localType="archival">Premier ministre ; Comité interministériel pour les questions de coopération économique européenne (SGCI) ; Coordination générale, administration ; documentation (1958-1986)</relationEntry>
         </resourceRelation>
         <resourceRelation xmlns:xlink="http://www.w3.org/1999/xlink"
                           resourceRelationType="subjectOf"
                           xlink:href="FRAN_IR_007844"
                           xlink:type="simple">
            <relationEntry localType="archival">Premier ministre ; Comité interministériel pour les questions de coopération économique européenne (SGCI) ; Coordination générale, administration ; documentation (1959-1988)</relationEntry>
         </resourceRelation>
         <resourceRelation xmlns:xlink="http://www.w3.org/1999/xlink"
                           resourceRelationType="subjectOf"
                           xlink:href="FRAN_IR_007845"
                           xlink:type="simple">
            <relationEntry localType="archival">Premier ministre ; Comité interministériel pour les questions de coopération économique européenne (SGCI) ; Coordination générale, administration ; documentation (1959-1988)</relationEntry>
         </resourceRelation>
         <resourceRelation xmlns:xlink="http://www.w3.org/1999/xlink"
                           resourceRelationType="subjectOf"
                           xlink:href="FRAN_IR_007870"
                           xlink:type="simple">
            <relationEntry localType="archival">Premier ministre ; Comité interministériel pour les questions de coopération économique européenne (SGCI) ; Coordination générale, administration ; documentation (1958-1989)</relationEntry>
         </resourceRelation>
         <resourceRelation xmlns:xlink="http://www.w3.org/1999/xlink"
                           resourceRelationType="subjectOf"
                           xlink:href="FRAN_IR_007871"
                           xlink:type="simple">
            <relationEntry localType="archival">Premier ministre ; Comité interministériel pour les questions de coopération économique européenne (SGCI) ; Coordination générale, administration ; documentation (1971-1987)</relationEntry>
         </resourceRelation>
         <resourceRelation xmlns:xlink="http://www.w3.org/1999/xlink"
                           resourceRelationType="subjectOf"
                           xlink:href="FRAN_IR_007872"
                           xlink:type="simple">
            <relationEntry localType="archival">Premier ministre ; Comité interministériel pour les questions de coopération économique européenne (SGCI) ; Coordination générale, administration ; documentation (1974-1988)</relationEntry>
         </resourceRelation>
         <resourceRelation xmlns:xlink="http://www.w3.org/1999/xlink"
                           resourceRelationType="subjectOf"
                           xlink:href="FRAN_IR_007895"
                           xlink:type="simple">
            <relationEntry localType="archival">Premier ministre ; Comité interministériel pour les questions de coopération économique européenne (SGCI) ; Coordination générale, administration ; documentation (1969-1990)</relationEntry>
         </resourceRelation>
         <resourceRelation xmlns:xlink="http://www.w3.org/1999/xlink"
                           resourceRelationType="subjectOf"
                           xlink:href="FRAN_IR_007897"
                           xlink:type="simple">
            <relationEntry localType="archival">Premier ministre ; Comité interministériel pour les questions de coopération économique européenne (SGCI) ; Coordination générale, administration ; documentation (1967-1989)</relationEntry>
         </resourceRelation>
         <resourceRelation xmlns:xlink="http://www.w3.org/1999/xlink"
                           resourceRelationType="subjectOf"
                           xlink:href="FRAN_IR_007896"
                           xlink:type="simple">
            <relationEntry localType="archival">Premier ministre ; Comité interministériel pour les questions de coopération économique européenne (SGCI) ; Coordination générale, administration ; documentation (1958-1990)</relationEntry>
         </resourceRelation>
         <resourceRelation xmlns:xlink="http://www.w3.org/1999/xlink"
                           resourceRelationType="subjectOf"
                           xlink:href="FRAN_IR_007898"
                           xlink:type="simple">
            <relationEntry localType="archival">Premier ministre ; Comité interministériel pour les questions de coopération économique européenne (SGCI) ; Coordination générale, administration ; documentation (1950-1989)</relationEntry>
         </resourceRelation>
         <resourceRelation xmlns:xlink="http://www.w3.org/1999/xlink"
                           resourceRelationType="subjectOf"
                           xlink:href="FRAN_IR_007899"
                           xlink:type="simple">
            <relationEntry localType="archival">Premier ministre ; Comité interministériel pour les questions de coopération économique européenne (SGCI) ; Coordination générale, administration ; documentation (1952-1989)</relationEntry>
         </resourceRelation>
         <resourceRelation xmlns:xlink="http://www.w3.org/1999/xlink"
                           resourceRelationType="subjectOf"
                           xlink:href="FRAN_IR_007900"
                           xlink:type="simple">
            <relationEntry localType="archival">Premier ministre ; Comité interministériel pour les questions de coopération économique européenne (SGCI) ; Coordination générale, administration ; documentation (1952-1988)</relationEntry>
         </resourceRelation>
         <resourceRelation xmlns:xlink="http://www.w3.org/1999/xlink"
                           resourceRelationType="subjectOf"
                           xlink:href="FRAN_IR_007901"
                           xlink:type="simple">
            <relationEntry localType="archival">Premier ministre ; Comité interministériel pour les questions de coopération économique européenne (SGCI) ; Coordination générale, administration ; documentation (1956-1990)</relationEntry>
         </resourceRelation>
         <resourceRelation xmlns:xlink="http://www.w3.org/1999/xlink"
                           resourceRelationType="subjectOf"
                           xlink:href="FRAN_IR_007902"
                           xlink:type="simple">
            <relationEntry localType="archival">Premier ministre ; Comité interministériel pour les questions de coopération économique européenne (SGCI) ; Coordination générale, administration ; documentation (1953-1989)</relationEntry>
         </resourceRelation>
         <resourceRelation xmlns:xlink="http://www.w3.org/1999/xlink"
                           resourceRelationType="subjectOf"
                           xlink:href="FRAN_IR_007903"
                           xlink:type="simple">
            <relationEntry localType="archival">Premier ministre ; Comité interministériel pour les questions de coopération économique européenne (SGCI) ; Coordination générale, administration ; documentation (1951-1989)</relationEntry>
         </resourceRelation>
         <resourceRelation xmlns:xlink="http://www.w3.org/1999/xlink"
                           resourceRelationType="subjectOf"
                           xlink:href="FRAN_IR_007904"
                           xlink:type="simple">
            <relationEntry localType="archival">Premier ministre ; Comité interministériel pour les questions de coopération économique européenne (SGCI) ; Coordination générale, administration ; documentation (1947-1987)</relationEntry>
         </resourceRelation>
         <resourceRelation xmlns:xlink="http://www.w3.org/1999/xlink"
                           resourceRelationType="subjectOf"
                           xlink:href="FRAN_IR_007905"
                           xlink:type="simple">
            <relationEntry localType="archival">Premier ministre ; Comité interministériel pour les questions de coopération économique européenne (SGCI) ; Coordination générale, administration ; documentation (1958-1988)</relationEntry>
         </resourceRelation>
         <resourceRelation xmlns:xlink="http://www.w3.org/1999/xlink"
                           resourceRelationType="subjectOf"
                           xlink:href="FRAN_IR_007907"
                           xlink:type="simple">
            <relationEntry localType="archival">Premier ministre ; Comité interministériel pour les questions de coopération économique européenne (SGCI) ; Coordination générale, administration ; documentation (1948-1989)</relationEntry>
         </resourceRelation>
         <resourceRelation xmlns:xlink="http://www.w3.org/1999/xlink"
                           resourceRelationType="subjectOf"
                           xlink:href="FRAN_IR_007906"
                           xlink:type="simple">
            <relationEntry localType="archival">Premier ministre ; Comité interministériel pour les questions de coopération économique européenne (SGCI) ; Coordination générale, administration ; documentation (1928-1989)</relationEntry>
         </resourceRelation>
         <resourceRelation xmlns:xlink="http://www.w3.org/1999/xlink"
                           resourceRelationType="subjectOf"
                           xlink:href="FRAN_IR_007908"
                           xlink:type="simple">
            <relationEntry localType="archival">Premier ministre ; Comité interministériel pour les questions de coopération économique européenne (SGCI) ; Coordination générale, administration ; documentation (1965-1987)</relationEntry>
         </resourceRelation>
         <resourceRelation xmlns:xlink="http://www.w3.org/1999/xlink"
                           resourceRelationType="subjectOf"
                           xlink:href="FRAN_IR_007909"
                           xlink:type="simple">
            <relationEntry localType="archival">Premier ministre ; Comité interministériel pour les questions de coopération économique européenne (SGCI) ; Coordination générale, administration ; documentation (1951-1963)</relationEntry>
         </resourceRelation>
         <resourceRelation xmlns:xlink="http://www.w3.org/1999/xlink"
                           resourceRelationType="subjectOf"
                           xlink:href="FRAN_IR_007910"
                           xlink:type="simple">
            <relationEntry localType="archival">Premier ministre ; Comité interministériel pour les questions de coopération économique européenne (SGCI) ; Coordination générale, administration ; documentation (1969-1973)</relationEntry>
         </resourceRelation>
         <resourceRelation xmlns:xlink="http://www.w3.org/1999/xlink"
                           resourceRelationType="subjectOf"
                           xlink:href="FRAN_IR_007911"
                           xlink:type="simple">
            <relationEntry localType="archival">Premier ministre ; Comité interministériel pour les questions de coopération économique européenne (SGCI) ; Coordination générale, administration ; documentation (1954-1989)</relationEntry>
         </resourceRelation>
         <resourceRelation xmlns:xlink="http://www.w3.org/1999/xlink"
                           resourceRelationType="subjectOf"
                           xlink:href="FRAN_IR_007912"
                           xlink:type="simple">
            <relationEntry localType="archival">Premier ministre ; Comité interministériel pour les questions de coopération économique européenne (SGCI) ; Coordination générale, administration ; documentation (1971-1990)</relationEntry>
         </resourceRelation>
         <resourceRelation xmlns:xlink="http://www.w3.org/1999/xlink"
                           resourceRelationType="subjectOf"
                           xlink:href="FRAN_IR_007951"
                           xlink:type="simple">
            <relationEntry localType="archival">Premier ministre ; Comité interministériel pour les questions de coopération économique européenne (SGCI) ; Coordination générale, administration ; documentation (1947-1968)</relationEntry>
         </resourceRelation>
         <resourceRelation xmlns:xlink="http://www.w3.org/1999/xlink"
                           resourceRelationType="subjectOf"
                           xlink:href="FRAN_IR_008293"
                           xlink:type="simple">
            <relationEntry localType="archival">Premier ministre ; Comité interministériel pour les questions de coopération économique européenne (SGCI) ; Coordination générale, administration ; documentation (1968-1990)</relationEntry>
         </resourceRelation>
         <resourceRelation xmlns:xlink="http://www.w3.org/1999/xlink"
                           resourceRelationType="subjectOf"
                           xlink:href="FRAN_IR_008592"
                           xlink:type="simple">
            <relationEntry localType="archival">Premier ministre ; Comité interministériel pour les questions de coopération économique européenne (SGCI) ; Coordination générale, administration ; Documentation (1965-1991)</relationEntry>
         </resourceRelation>
         <resourceRelation xmlns:xlink="http://www.w3.org/1999/xlink"
                           resourceRelationType="subjectOf"
                           xlink:href="FRAN_IR_008593"
                           xlink:type="simple">
            <relationEntry localType="archival">Premier ministre ; Comité interministériel pour les questions de coopération économique européenne (SGCI) ; Coordination générale, administration ; documentation (1988-1988)</relationEntry>
         </resourceRelation>
         <resourceRelation xmlns:xlink="http://www.w3.org/1999/xlink"
                           resourceRelationType="subjectOf"
                           xlink:href="FRAN_IR_008594"
                           xlink:type="simple">
            <relationEntry localType="archival">Premier ministre ; Comité interministériel pour les questions de coopération économique européenne (SGCI) ; Coordination générale, administration ; Documentation (1955-1991)</relationEntry>
         </resourceRelation>
         <resourceRelation xmlns:xlink="http://www.w3.org/1999/xlink"
                           resourceRelationType="subjectOf"
                           xlink:href="FRAN_IR_008644"
                           xlink:type="simple">
            <relationEntry localType="archival">Premier ministre ; Comité interministériel pour les questions de coopération économique européenne (SGCI) ; Coordination générale, administration ; documentation (1962-1990)</relationEntry>
         </resourceRelation>
         <resourceRelation xmlns:xlink="http://www.w3.org/1999/xlink"
                           resourceRelationType="subjectOf"
                           xlink:href="FRAN_IR_008724"
                           xlink:type="simple">
            <relationEntry localType="archival">Premier ministre ; Comité interministériel pour les questions de coopération économique européenne (SGCI) ; Coordination générale, administration ; documentation (1970-1991)</relationEntry>
         </resourceRelation>
         <resourceRelation xmlns:xlink="http://www.w3.org/1999/xlink"
                           resourceRelationType="subjectOf"
                           xlink:href="FRAN_IR_015261"
                           xlink:type="simple">
            <relationEntry localType="archival">Premier ministre ; Comité interministériel pour les questions de coopération économique européenne (SGCI) ; Coordination générale, administration ; Documentation (1988-1988)</relationEntry>
         </resourceRelation>
         <resourceRelation xmlns:xlink="http://www.w3.org/1999/xlink"
                           resourceRelationType="subjectOf"
                           xlink:href="FRAN_IR_014394"
                           xlink:type="simple">
            <relationEntry localType="archival">Premier ministre ; Comité interministériel pour les questions de coopération économique européenne (SGCI) ; Coordination générale, administration ; documentation (1962-1985)</relationEntry>
         </resourceRelation>
         <resourceRelation xmlns:xlink="http://www.w3.org/1999/xlink"
                           resourceRelationType="subjectOf"
                           xlink:href="FRAN_IR_014499"
                           xlink:type="simple">
            <relationEntry localType="archival">Premier ministre ; Comité interministériel pour les questions de coopération économique européenne (SGCI) ; Coordination générale, administration ; documentation (1952-1967)</relationEntry>
         </resourceRelation>
         <resourceRelation xmlns:xlink="http://www.w3.org/1999/xlink"
                           resourceRelationType="subjectOf"
                           xlink:href="FRAN_IR_014530"
                           xlink:type="simple">
            <relationEntry localType="archival">Premier ministre ; Comité interministériel pour les questions de coopération économique européenne (SGCI) ; Coordination générale, administration ; documentation (1958-1967)</relationEntry>
         </resourceRelation>
         <resourceRelation xmlns:xlink="http://www.w3.org/1999/xlink"
                           resourceRelationType="subjectOf"
                           xlink:href="FRAN_IR_014604"
                           xlink:type="simple">
            <relationEntry localType="archival">Premier ministre ; Comité interministériel pour les questions de coopération économique européenne (SGCI) ; Coordination générale, administration ; documentation (1953-1967)</relationEntry>
         </resourceRelation>
         <resourceRelation xmlns:xlink="http://www.w3.org/1999/xlink"
                           resourceRelationType="subjectOf"
                           xlink:href="FRAN_IR_007480"
                           xlink:type="simple">
            <relationEntry localType="archival">Premier ministre ; Comité interministériel pour les questions de coopération économique européenne (SGCI) ; Coordination générale, administration ; documentation (1981-1984)</relationEntry>
         </resourceRelation>
         <resourceRelation xmlns:xlink="http://www.w3.org/1999/xlink"
                           resourceRelationType="subjectOf"
                           xlink:href="FRAN_IR_007500"
                           xlink:type="simple">
            <relationEntry localType="archival">Premier ministre ; Comité interministériel pour les questions de coopération économique européenne (SGCI) ; Coordination générale, administration ; documentation (1958-1985)</relationEntry>
         </resourceRelation>
         <resourceRelation xmlns:xlink="http://www.w3.org/1999/xlink"
                           resourceRelationType="subjectOf"
                           xlink:href="FRAN_IR_017758"
                           xlink:type="simple">
            <relationEntry localType="archival">Premier ministre ; Comité interministériel pour les questions de coopération économique européenne (SGCI) ; Coordination générale, administration ; documentation (1962-1990)</relationEntry>
         </resourceRelation>
         <resourceRelation xmlns:xlink="http://www.w3.org/1999/xlink"
                           resourceRelationType="subjectOf"
                           xlink:href="FRAN_IR_017940"
                           xlink:type="simple">
            <relationEntry localType="archival">Premier ministre ; Comité interministériel pour les questions de coopération économique européenne (SGCI) ; Coordination générale, administration ; documentation (1986-1986)</relationEntry>
         </resourceRelation>
         <resourceRelation xmlns:xlink="http://www.w3.org/1999/xlink"
                           resourceRelationType="subjectOf"
                           xlink:href="FRAN_IR_018293"
                           xlink:type="simple">
            <relationEntry localType="archival">Premier ministre ; Comité interministériel pour les questions de coopération économique européenne (SGCI) ; Coordination générale, administration ; documentation (1972-1992)</relationEntry>
         </resourceRelation>
         <resourceRelation xmlns:xlink="http://www.w3.org/1999/xlink"
                           resourceRelationType="subjectOf"
                           xlink:href="FRAN_IR_018436"
                           xlink:type="simple">
            <relationEntry localType="archival">Premier ministre ; Comité interministériel pour les questions de coopération économique européenne (SGCI) ; Coordination générale, administration ; Documentation (1959-1992)</relationEntry>
         </resourceRelation>
         <resourceRelation xmlns:xlink="http://www.w3.org/1999/xlink"
                           resourceRelationType="subjectOf"
                           xlink:href="FRAN_IR_019754"
                           xlink:type="simple">
            <relationEntry localType="archival">Premier ministre ; Comité interministériel pour les questions de coopération économique européenne (SGCI) ; Coordination générale, administration ; Documentation (1987-1995)</relationEntry>
         </resourceRelation>
         <resourceRelation xmlns:xlink="http://www.w3.org/1999/xlink"
                           resourceRelationType="subjectOf"
                           xlink:href="FRAN_IR_022020"
                           xlink:type="simple">
            <relationEntry localType="archival">Premier ministre ; Comité interministériel pour les questions de coopération économique européenne (SGCI) ; Coordination générale, administration ; documentation (1958-1985)</relationEntry>
         </resourceRelation>
         <resourceRelation xmlns:xlink="http://www.w3.org/1999/xlink"
                           resourceRelationType="subjectOf"
                           xlink:href="FRAN_IR_022046"
                           xlink:type="simple">
            <relationEntry localType="archival">Premier ministre ; Comité interministériel pour les questions de coopération économique européenne (SGCI) ; Coordination générale, administration ; documentation (1957-1989)</relationEntry>
         </resourceRelation>
         <resourceRelation xmlns:xlink="http://www.w3.org/1999/xlink"
                           resourceRelationType="subjectOf"
                           xlink:href="FRAN_IR_022178"
                           xlink:type="simple">
            <relationEntry localType="archival">Premier ministre ; Comité interministériel pour les questions de coopération économique européenne (SGCI) ; Coordination générale, administration ; documentation (1958-1979)</relationEntry>
         </resourceRelation>
         <resourceRelation xmlns:xlink="http://www.w3.org/1999/xlink"
                           resourceRelationType="subjectOf"
                           xlink:href="FRAN_IR_022302"
                           xlink:type="simple">
            <relationEntry localType="archival">Premier ministre ; Comité interministériel pour les questions de coopération économique européenne (SGCI) ; Coordination générale, administration ; Documentation (1969-1990)</relationEntry>
         </resourceRelation>
         <resourceRelation xmlns:xlink="http://www.w3.org/1999/xlink"
                           resourceRelationType="subjectOf"
                           xlink:href="FRAN_IR_022303"
                           xlink:type="simple">
            <relationEntry localType="archival">Premier ministre ; Comité interministériel pour les questions de coopération économique européenne (SGCI) ; Coordination générale, administration ; Documentation (1985-1991)</relationEntry>
         </resourceRelation>
         <resourceRelation xmlns:xlink="http://www.w3.org/1999/xlink"
                           resourceRelationType="subjectOf"
                           xlink:href="FRAN_IR_022304"
                           xlink:type="simple">
            <relationEntry localType="archival">Premier ministre ; Comité interministériel pour les questions de coopération économique européenne (SGCI) ; Coordination générale, administration ; Documentation (1989-1989)</relationEntry>
         </resourceRelation>
         <resourceRelation xmlns:xlink="http://www.w3.org/1999/xlink"
                           resourceRelationType="subjectOf"
                           xlink:href="FRAN_IR_022305"
                           xlink:type="simple">
            <relationEntry localType="archival">Premier ministre ; Comité interministériel pour les questions de coopération économique européenne (SGCI) ; Coordination générale, administration ; Documentation (1987-1987)</relationEntry>
         </resourceRelation>
         <resourceRelation xmlns:xlink="http://www.w3.org/1999/xlink"
                           resourceRelationType="subjectOf"
                           xlink:href="FRAN_IR_022431"
                           xlink:type="simple">
            <relationEntry localType="archival">Premier ministre ; Comité interministériel pour les questions de coopération économique européenne (SGCI) ; Coordination générale, administration ; Documentation (1958-1989)</relationEntry>
         </resourceRelation>
         <resourceRelation xmlns:xlink="http://www.w3.org/1999/xlink"
                           resourceRelationType="subjectOf"
                           xlink:href="FRAN_IR_022540"
                           xlink:type="simple">
            <relationEntry localType="archival">Premier ministre ; Comité interministériel pour les questions de coopération économique européenne (SGCI) ; Coordination générale, administration ; Documentation (1959-1989)</relationEntry>
         </resourceRelation>
         <resourceRelation xmlns:xlink="http://www.w3.org/1999/xlink"
                           resourceRelationType="subjectOf"
                           xlink:href="FRAN_IR_022541"
                           xlink:type="simple">
            <relationEntry localType="archival">Premier ministre ; Comité interministériel pour les questions de coopération économique européenne (SGCI) ; Coordination générale, administration ; Documentation (1969-1992)</relationEntry>
         </resourceRelation>
         <resourceRelation xmlns:xlink="http://www.w3.org/1999/xlink"
                           resourceRelationType="subjectOf"
                           xlink:href="FRAN_IR_022582"
                           xlink:type="simple">
            <relationEntry localType="archival">Premier ministre ; Comité interministériel pour les questions de coopération économique européenne (SGCI) ; Coordination générale, administration ; Documentation (1974-1991)</relationEntry>
         </resourceRelation>
         <resourceRelation xmlns:xlink="http://www.w3.org/1999/xlink"
                           resourceRelationType="subjectOf"
                           xlink:href="FRAN_IR_022779"
                           xlink:type="simple">
            <relationEntry localType="archival">Premier ministre ; Comité interministériel pour les questions de coopération économique européenne (SGCI) ; Coordination générale, administration ; Documentation (1968-1990)</relationEntry>
         </resourceRelation>
         <resourceRelation xmlns:xlink="http://www.w3.org/1999/xlink"
                           resourceRelationType="subjectOf"
                           xlink:href="FRAN_IR_022780"
                           xlink:type="simple">
            <relationEntry localType="archival">Premier ministre ; Comité interministériel pour les questions de coopération économique européenne (SGCI) ; Coordination générale, administration ; Documentation (1975-1991)</relationEntry>
         </resourceRelation>
         <resourceRelation xmlns:xlink="http://www.w3.org/1999/xlink"
                           resourceRelationType="subjectOf"
                           xlink:href="FRAN_IR_023142"
                           xlink:type="simple">
            <relationEntry localType="archival">Premier ministre ; Comité interministériel pour les questions de coopération économique européenne (SGCI) ; Coordination générale, administration ; Documentation (1970-1996)</relationEntry>
         </resourceRelation>
         <resourceRelation xmlns:xlink="http://www.w3.org/1999/xlink"
                           resourceRelationType="subjectOf"
                           xlink:href="FRAN_IR_023144"
                           xlink:type="simple">
            <relationEntry localType="archival">Premier ministre ; Comité interministériel pour les questions de coopération économique européenne (SGCI) ; Coordination générale, administration ; Documentation (1962-1993)</relationEntry>
         </resourceRelation>
         <resourceRelation xmlns:xlink="http://www.w3.org/1999/xlink"
                           resourceRelationType="subjectOf"
                           xlink:href="FRAN_IR_023143"
                           xlink:type="simple">
            <relationEntry localType="archival">Premier ministre ; Comité interministériel pour les questions de coopération économique européenne (SGCI) ; Coordination générale, administration ; Documentation (1959-1989)</relationEntry>
         </resourceRelation>
         <resourceRelation xmlns:xlink="http://www.w3.org/1999/xlink"
                           resourceRelationType="subjectOf"
                           xlink:href="FRAN_IR_023147"
                           xlink:type="simple">
            <relationEntry localType="archival">Premier ministre ; Comité interministériel pour les questions de coopération économique européenne (SGCI) ; Coordination générale, administration ; Documentation (1959-1994)</relationEntry>
         </resourceRelation>
         <resourceRelation xmlns:xlink="http://www.w3.org/1999/xlink"
                           resourceRelationType="subjectOf"
                           xlink:href="FRAN_IR_023148"
                           xlink:type="simple">
            <relationEntry localType="archival">Premier ministre ; Comité interministériel pour les questions de coopération économique européenne (SGCI) ; Coordination générale, administration ; Documentation (1965-1989)</relationEntry>
         </resourceRelation>
         <resourceRelation xmlns:xlink="http://www.w3.org/1999/xlink"
                           resourceRelationType="subjectOf"
                           xlink:href="FRAN_IR_023149"
                           xlink:type="simple">
            <relationEntry localType="archival">Premier ministre ; Comité interministériel pour les questions de coopération économique européenne (SGCI) ; Coordination générale, administration ; Documentation (1957-1992)</relationEntry>
         </resourceRelation>
         <resourceRelation xmlns:xlink="http://www.w3.org/1999/xlink"
                           resourceRelationType="subjectOf"
                           xlink:href="FRAN_IR_023150"
                           xlink:type="simple">
            <relationEntry localType="archival">Premier ministre ; Comité interministériel pour les questions de coopération économique européenne (SGCI) ; Coordination générale, administration ; Documentation (1968-1997)</relationEntry>
         </resourceRelation>
         <resourceRelation xmlns:xlink="http://www.w3.org/1999/xlink"
                           resourceRelationType="subjectOf"
                           xlink:href="FRAN_IR_023153"
                           xlink:type="simple">
            <relationEntry localType="archival">Premier ministre ; Comité interministériel pour les questions de coopération économique européenne (SGCI) ; Coordination générale, administration ; Documentation (1960-1998)</relationEntry>
         </resourceRelation>
         <resourceRelation xmlns:xlink="http://www.w3.org/1999/xlink"
                           resourceRelationType="subjectOf"
                           xlink:href="FRAN_IR_023152"
                           xlink:type="simple">
            <relationEntry localType="archival">Premier ministre ; Comité interministériel pour les questions de coopération économique européenne (SGCI) ; Coordination générale, administration ; Documentation (1960-1996)</relationEntry>
         </resourceRelation>
         <resourceRelation xmlns:xlink="http://www.w3.org/1999/xlink"
                           resourceRelationType="subjectOf"
                           xlink:href="FRAN_IR_023154"
                           xlink:type="simple">
            <relationEntry localType="archival">Premier ministre ; Comité interministériel pour les questions de coopération économique européenne (SGCI) ; Coordination générale, administration ; Documentation (1959-1996)</relationEntry>
         </resourceRelation>
         <resourceRelation xmlns:xlink="http://www.w3.org/1999/xlink"
                           resourceRelationType="subjectOf"
                           xlink:href="FRAN_IR_026076"
                           xlink:type="simple">
            <relationEntry localType="archival">Premier ministre ; Comité interministériel pour les questions de coopération économique européenne (SGCI) ; Coordination générale, administration ; documentation (1958-1987)</relationEntry>
         </resourceRelation>
         <resourceRelation xmlns:xlink="http://www.w3.org/1999/xlink"
                           resourceRelationType="subjectOf"
                           xlink:href="FRAN_IR_016294"
                           xlink:type="simple">
            <relationEntry localType="archival">Premier ministre ; SGCI, Comité Interministériel pour les questions de coopération économique européenne (SGCI) ; Coordination générale, administration ; Documentation (1978-1991)</relationEntry>
         </resourceRelation>
         <resourceRelation xmlns:xlink="http://www.w3.org/1999/xlink"
                           resourceRelationType="subjectOf"
                           xlink:href="FRAN_IR_016297"
                           xlink:type="simple">
            <relationEntry localType="archival">Premier ministre ; SGCI, Comité Interministériel pour les questions de coopération économique européenne (SGCI) ; Coordination générale, administration ; Documentation (1974-1976)</relationEntry>
         </resourceRelation>
         <resourceRelation xmlns:xlink="http://www.w3.org/1999/xlink"
                           resourceRelationType="subjectOf"
                           xlink:href="FRAN_IR_016295"
                           xlink:type="simple">
            <relationEntry localType="archival">Premier ministre ; SGCI, Comité Interministériel pour les questions de coopération économique européenne (SGCI) ; Coordination générale, administration ; Documentation (1992-1997)</relationEntry>
         </resourceRelation>
         <resourceRelation xmlns:xlink="http://www.w3.org/1999/xlink"
                           resourceRelationType="subjectOf"
                           xlink:href="FRAN_IR_016299"
                           xlink:type="simple">
            <relationEntry localType="archival">Premier ministre ; SGCI, Comité Interministériel pour les questions de coopération économique européenne (SGCI) ; Coordination générale, administration ; Documentation (1952-2004)</relationEntry>
         </resourceRelation>
         <resourceRelation xmlns:xlink="http://www.w3.org/1999/xlink"
                           resourceRelationType="subjectOf"
                           xlink:href="FRAN_IR_019755"
                           xlink:type="simple">
            <relationEntry localType="archival">Premier ministre ; SGCI, Comité Interministériel pour les questions de coopération économique européenne (SGCI) ; Coordination générale, administration ; Documentation (1981-1996)</relationEntry>
         </resourceRelation>
         <resourceRelation xmlns:xlink="http://www.w3.org/1999/xlink"
                           resourceRelationType="subjectOf"
                           xlink:href="FRAN_IR_019756"
                           xlink:type="simple">
            <relationEntry localType="archival">Premier ministre ; SGCI, Comité Interministériel pour les questions de coopération économique européenne (SGCI) ; Coordination générale, administration ; Documentation (1983-1996)</relationEntry>
         </resourceRelation>
         <resourceRelation xmlns:xlink="http://www.w3.org/1999/xlink"
                           resourceRelationType="subjectOf"
                           xlink:href="FRAN_IR_019757"
                           xlink:type="simple">
            <relationEntry localType="archival">Premier ministre ; SGCI, Comité Interministériel pour les questions de coopération économique européenne (SGCI) ; Coordination générale, administration ; Documentation (1975-1998)</relationEntry>
         </resourceRelation>
         <resourceRelation xmlns:xlink="http://www.w3.org/1999/xlink"
                           resourceRelationType="subjectOf"
                           xlink:href="FRAN_IR_019906"
                           xlink:type="simple">
            <relationEntry localType="archival">Premier ministre ; SGCI, Comité Interministériel pour les questions de coopération économique européenne (SGCI) ; Coordination générale, administration ; Documentation (1961-1996)</relationEntry>
         </resourceRelation>
         <resourceRelation xmlns:xlink="http://www.w3.org/1999/xlink"
                           resourceRelationType="subjectOf"
                           xlink:href="FRAN_IR_019907"
                           xlink:type="simple">
            <relationEntry localType="archival">Premier ministre ; SGCI, Comité Interministériel pour les questions de coopération économique européenne (SGCI) ; Coordination générale, administration ; Documentation (1969-1995)</relationEntry>
         </resourceRelation>
         <resourceRelation xmlns:xlink="http://www.w3.org/1999/xlink"
                           resourceRelationType="subjectOf"
                           xlink:href="FRAN_IR_019908"
                           xlink:type="simple">
            <relationEntry localType="archival">Premier ministre ; SGCI, Comité Interministériel pour les questions de coopération économique européenne (SGCI) ; Coordination générale, administration ; Documentation (1974-1995)</relationEntry>
         </resourceRelation>
         <resourceRelation xmlns:xlink="http://www.w3.org/1999/xlink"
                           resourceRelationType="subjectOf"
                           xlink:href="FRAN_IR_019909"
                           xlink:type="simple">
            <relationEntry localType="archival">Premier ministre ; SGCI, Comité Interministériel pour les questions de coopération économique européenne (SGCI) ; Coordination générale, administration ; Documentation (1995-1995)</relationEntry>
         </resourceRelation>
         <resourceRelation xmlns:xlink="http://www.w3.org/1999/xlink"
                           resourceRelationType="subjectOf"
                           xlink:href="FRAN_IR_019910"
                           xlink:type="simple">
            <relationEntry localType="archival">Premier ministre ; SGCI, Comité Interministériel pour les questions de coopération économique européenne (SGCI) ; Coordination générale, administration ; Documentation (1969-1995)</relationEntry>
         </resourceRelation>
         <resourceRelation xmlns:xlink="http://www.w3.org/1999/xlink"
                           resourceRelationType="subjectOf"
                           xlink:href="FRAN_IR_023145"
                           xlink:type="simple">
            <relationEntry localType="archival">Premier ministre ; SGCI, Comité Interministériel pour les questions de coopération économique européenne (SGCI) ; Coordination générale, administration ; Documentation (1953-1997)</relationEntry>
         </resourceRelation>
         <resourceRelation xmlns:xlink="http://www.w3.org/1999/xlink"
                           resourceRelationType="subjectOf"
                           xlink:href="FRAN_IR_023513"
                           xlink:type="simple">
            <relationEntry localType="archival">Premier ministre ; SGCI, Comité Interministériel pour les questions de coopération économique européenne (SGCI) ; Coordination générale, administration ; Documentation (1966-1994)</relationEntry>
         </resourceRelation>
         <resourceRelation xmlns:xlink="http://www.w3.org/1999/xlink"
                           resourceRelationType="subjectOf"
                           xlink:href="FRAN_IR_023512"
                           xlink:type="simple">
            <relationEntry localType="archival">Premier ministre ; SGCI, Comité Interministériel pour les questions de coopération économique européenne (SGCI) ; Coordination générale, administration ; Documentation (1961-1994)</relationEntry>
         </resourceRelation>
         <resourceRelation xmlns:xlink="http://www.w3.org/1999/xlink"
                           resourceRelationType="subjectOf"
                           xlink:href="FRAN_IR_023514"
                           xlink:type="simple">
            <relationEntry localType="archival">Premier ministre ; SGCI, Comité Interministériel pour les questions de coopération économique européenne (SGCI) ; Coordination générale, administration ; Documentation (1990-1994)</relationEntry>
         </resourceRelation>
         <resourceRelation xmlns:xlink="http://www.w3.org/1999/xlink"
                           resourceRelationType="subjectOf"
                           xlink:href="FRAN_IR_023515"
                           xlink:type="simple">
            <relationEntry localType="archival">Premier ministre ; SGCI, Comité Interministériel pour les questions de coopération économique européenne (SGCI) ; Coordination générale, administration ; Documentation (1978-1994)</relationEntry>
         </resourceRelation>
         <resourceRelation xmlns:xlink="http://www.w3.org/1999/xlink"
                           resourceRelationType="subjectOf"
                           xlink:href="FRAN_IR_023516"
                           xlink:type="simple">
            <relationEntry localType="archival">Premier ministre ; SGCI, Comité Interministériel pour les questions de coopération économique européenne (SGCI) ; Coordination générale, administration ; Documentation (1979-1993)</relationEntry>
         </resourceRelation>
         <resourceRelation xmlns:xlink="http://www.w3.org/1999/xlink"
                           resourceRelationType="subjectOf"
                           xlink:href="FRAN_IR_023517"
                           xlink:type="simple">
            <relationEntry localType="archival">Premier ministre ; SGCI, Comité Interministériel pour les questions de coopération économique européenne (SGCI) ; Coordination générale, administration ; Documentation (1975-1994)</relationEntry>
         </resourceRelation>
         <resourceRelation xmlns:xlink="http://www.w3.org/1999/xlink"
                           resourceRelationType="subjectOf"
                           xlink:href="FRAN_IR_023521"
                           xlink:type="simple">
            <relationEntry localType="archival">Premier ministre ; SGCI, Comité Interministériel pour les questions de coopération économique européenne (SGCI) ; Coordination générale, administration ; Documentation (1968-1993)</relationEntry>
         </resourceRelation>
         <resourceRelation xmlns:xlink="http://www.w3.org/1999/xlink"
                           resourceRelationType="subjectOf"
                           xlink:href="FRAN_IR_023518"
                           xlink:type="simple">
            <relationEntry localType="archival">Premier ministre ; SGCI, Comité Interministériel pour les questions de coopération économique européenne (SGCI) ; Coordination générale, administration ; Documentation (1946-1994)</relationEntry>
         </resourceRelation>
         <resourceRelation xmlns:xlink="http://www.w3.org/1999/xlink"
                           resourceRelationType="subjectOf"
                           xlink:href="FRAN_IR_023943"
                           xlink:type="simple">
            <relationEntry localType="archival">Premier ministre ; SGCI, Comité Interministériel pour les questions de coopération économique européenne (SGCI) ; Coordination générale, administration ; Documentation (1993-1995)</relationEntry>
         </resourceRelation>
         <resourceRelation xmlns:xlink="http://www.w3.org/1999/xlink"
                           resourceRelationType="subjectOf"
                           xlink:href="FRAN_IR_023944"
                           xlink:type="simple">
            <relationEntry localType="archival">Premier ministre ; SGCI, Comité Interministériel pour les questions de coopération économique européenne (SGCI) ; Coordination générale, administration ; Documentation (1972-1994)</relationEntry>
         </resourceRelation>
         <resourceRelation xmlns:xlink="http://www.w3.org/1999/xlink"
                           resourceRelationType="subjectOf"
                           xlink:href="FRAN_IR_023947"
                           xlink:type="simple">
            <relationEntry localType="archival">Premier ministre ; SGCI, Comité Interministériel pour les questions de coopération économique européenne (SGCI) ; Coordination générale, administration ; Documentation (1947-1995)</relationEntry>
         </resourceRelation>
         <resourceRelation xmlns:xlink="http://www.w3.org/1999/xlink"
                           resourceRelationType="subjectOf"
                           xlink:href="FRAN_IR_023946"
                           xlink:type="simple">
            <relationEntry localType="archival">Premier ministre ; SGCI, Comité Interministériel pour les questions de coopération économique européenne (SGCI) ; Coordination générale, administration ; Documentation (1970-1995)</relationEntry>
         </resourceRelation>
         <resourceRelation xmlns:xlink="http://www.w3.org/1999/xlink"
                           resourceRelationType="subjectOf"
                           xlink:href="FRAN_IR_023948"
                           xlink:type="simple">
            <relationEntry localType="archival">Premier ministre ; SGCI, Comité Interministériel pour les questions de coopération économique européenne (SGCI) ; Coordination générale, administration ; Documentation (1995-1995)</relationEntry>
         </resourceRelation>
         <resourceRelation xmlns:xlink="http://www.w3.org/1999/xlink"
                           resourceRelationType="subjectOf"
                           xlink:href="FRAN_IR_023949"
                           xlink:type="simple">
            <relationEntry localType="archival">Premier ministre ; SGCI, Comité Interministériel pour les questions de coopération économique européenne (SGCI) ; Coordination générale, administration ; Documentation (1962-1995)</relationEntry>
         </resourceRelation>
         <resourceRelation xmlns:xlink="http://www.w3.org/1999/xlink"
                           resourceRelationType="subjectOf"
                           xlink:href="FRAN_IR_023945"
                           xlink:type="simple">
            <relationEntry localType="archival">Premier ministre ; SGCI, Comité Interministériel pour les questions de coopération économique européenne (SGCI) ; Coordination générale, administration ; Documentation (1982-1994)</relationEntry>
         </resourceRelation>
         <resourceRelation xmlns:xlink="http://www.w3.org/1999/xlink"
                           resourceRelationType="subjectOf"
                           xlink:href="FRAN_IR_026205"
                           xlink:type="simple">
            <relationEntry localType="archival">Premier ministre ; SGCI, Comité Interministériel pour les questions de coopération économique européenne (SGCI) ; Coordination générale, administration ; Documentation (1981-1996)</relationEntry>
         </resourceRelation>
         <resourceRelation xmlns:xlink="http://www.w3.org/1999/xlink"
                           resourceRelationType="subjectOf"
                           xlink:href="FRAN_IR_007953"
                           xlink:type="simple">
            <relationEntry localType="archival">Premier ministre ; Comité interministériel pour les questions de coopération économique européenne (SGCI) ; Coordination générale, administration ; documentation (1952-1962)</relationEntry>
         </resourceRelation>
         <resourceRelation xmlns:xlink="http://www.w3.org/1999/xlink"
                           resourceRelationType="subjectOf"
                           xlink:href="FRAN_IR_007831"
                           xlink:type="simple">
            <relationEntry localType="archival">Premier ministre ; Comité interministériel pour les questions de coopération économique européenne (SGCI) ; Coordination générale, administration ; documentation (1958-1989)</relationEntry>
         </resourceRelation>
         <resourceRelation xmlns:xlink="http://www.w3.org/1999/xlink"
                           resourceRelationType="subjectOf"
                           xlink:href="FRAN_IR_014308"
                           xlink:type="simple">
            <relationEntry localType="archival">Premier ministre ; Comité interministériel pour les questions de coopération économique européenne (SGCI) ; Coordination générale, administration ; documentation (1968-1978)</relationEntry>
         </resourceRelation>
         <resourceRelation xmlns:xlink="http://www.w3.org/1999/xlink"
                           resourceRelationType="subjectOf"
                           xlink:href="FRAN_IR_022438"
                           xlink:type="simple">
            <relationEntry localType="archival">Premier ministre ; Comité interministériel pour les questions de coopération économique européenne (SGCI) ; Coordination générale, administration ; Documentation (1971-1990)</relationEntry>
         </resourceRelation>
         <resourceRelation xmlns:xlink="http://www.w3.org/1999/xlink"
                           resourceRelationType="subjectOf"
                           xlink:href="FRAN_IR_022432"
                           xlink:type="simple">
            <relationEntry localType="archival">Premier ministre ; Comité interministériel pour les questions de coopération économique européenne (SGCI) ; Coordination générale, administration ; Documentation (1975-1991)</relationEntry>
         </resourceRelation>
         <resourceRelation xmlns:xlink="http://www.w3.org/1999/xlink"
                           resourceRelationType="subjectOf"
                           xlink:href="FRAN_IR_022487"
                           xlink:type="simple">
            <relationEntry localType="archival">Premier ministre ; Comité interministériel pour les questions de coopération économique européenne (SGCI) ; Coordination générale, administration ; Documentation (1963-1983)</relationEntry>
         </resourceRelation>
         <resourceRelation xmlns:xlink="http://www.w3.org/1999/xlink"
                           resourceRelationType="subjectOf"
                           xlink:href="FRAN_IR_023151"
                           xlink:type="simple">
            <relationEntry localType="archival">Premier ministre ; Comité interministériel pour les questions de coopération économique européenne (SGCI) ; Coordination générale, administration ; Documentation (1959-1993)</relationEntry>
         </resourceRelation>
      </relations>
   </cpfDescription>
</eac-cpf>
