<eac-cpf xmlns="urn:isbn:1-931666-33-4"
         xmlns:xsi="http://www.w3.org/2001/XMLSchema-instance"
         xsi:schemaLocation="urn:isbn:1-931666-33-4 cpf.xsd">
   <control>
      <recordId>FRAN_NP_000133</recordId>
      <otherRecordId localType="Ancien_identifiant">1201/DCCTM</otherRecordId>
      <maintenanceStatus>revised</maintenanceStatus>
      <maintenanceAgency>
         <agencyName>Archives nationales de France</agencyName>
      </maintenanceAgency>
      <languageDeclaration>
         <language languageCode="fre">Français</language>
         <script scriptCode="Latn"/>
      </languageDeclaration>
      <conventionDeclaration>
         <citation>Notice établie conformément à la norme ICA-ISAAR (CPF) 2004, aux normes ISO 8601 pour le système de normalisation des dates utilisé, ainsi que AFNOR NF Z 44-061, juin 1986. Catalogage : forme et structure des vedettes noms de personne, des vedettes titres, des rubriques de classement et des titres forgés.</citation>
      </conventionDeclaration>
      <localControl localType="niveau_de_detail">
         <term>Moyenne</term>
      </localControl>
      <maintenanceHistory>
         <maintenanceEvent>
            <eventType>derived</eventType>
            <eventDateTime>2013-04-23</eventDateTime>
            <agentType>machine</agentType>
            <agent>Import_SIA</agent>
         </maintenanceEvent>
         <maintenanceEvent>
            <eventType>revised</eventType>
            <eventDateTime>2013-07-24</eventDateTime>
            <agentType>human</agentType>
            <agent>Blandine WAGNER</agent>
         </maintenanceEvent>
      </maintenanceHistory>
   </control>
   <cpfDescription>
      <identity>
         <entityType>corporateBody</entityType>
         <nameEntry localType="autorisée" scriptCode="Latn" xml:lang="fre">
            <part>Chargé de mission au cabinet du Premier ministre</part>
         </nameEntry>
      </identity>
      <description>
         <existDates>
            <dateRange>
               <fromDate standardDate="1974-01-01">1974</fromDate>
            </dateRange>
         </existDates>
         <legalStatuses>
            <legalStatus>
               <term vocabularySource="d5blonb04s-1nqrprwwl75h0">cabinet ministériel</term>
            </legalStatus>
         </legalStatuses>
      </description>
      <relations>
         <cpfRelation xmlns:xlink="http://www.w3.org/1999/xlink"
                      cpfRelationType="hierarchical-parent"
                      xlink:type="simple"
                      xlink:href="FRAN_NP_000144">
            <relationEntry>Cabinet du Premier ministre</relationEntry>
            <dateRange>
               <fromDate standardDate="1974-01-01">1974</fromDate>
            </dateRange>
         </cpfRelation>
         <resourceRelation xmlns:xlink="http://www.w3.org/1999/xlink"
                           resourceRelationType="subjectOf"
                           xlink:href="FRAN_IR_007955"
                           xlink:type="simple">
            <relationEntry localType="archival">Premier ministre ; Cabinet du Premier ministre et services rattachés ; Cabinet ; Chargé de mission (1986-1988)</relationEntry>
         </resourceRelation>
         <resourceRelation xmlns:xlink="http://www.w3.org/1999/xlink"
                           resourceRelationType="subjectOf"
                           xlink:href="FRAN_IR_008444"
                           xlink:type="simple">
            <relationEntry localType="archival">Premier ministre ; Cabinet du Premier ministre et services rattachés ; Cabinet ; Chargé de mission (1986-1988)</relationEntry>
         </resourceRelation>
         <resourceRelation xmlns:xlink="http://www.w3.org/1999/xlink"
                           resourceRelationType="subjectOf"
                           xlink:href="FRAN_IR_008726"
                           xlink:type="simple">
            <relationEntry localType="archival">Premier ministre ; Cabinet du Premier ministre et services rattachés ; Cabinet ; Chargé de mission (1986-1988)</relationEntry>
         </resourceRelation>
         <resourceRelation xmlns:xlink="http://www.w3.org/1999/xlink"
                           resourceRelationType="subjectOf"
                           xlink:href="FRAN_IR_008844"
                           xlink:type="simple">
            <relationEntry localType="archival">Premier ministre ; Cabinet du Premier ministre et services rattachés ; Cabinet ; Chargé de mission (1989-1991)</relationEntry>
         </resourceRelation>
         <resourceRelation xmlns:xlink="http://www.w3.org/1999/xlink"
                           resourceRelationType="subjectOf"
                           xlink:href="FRAN_IR_008899"
                           xlink:type="simple">
            <relationEntry localType="archival">Premier ministre ; Cabinet du Premier ministre et services rattachés ; Cabinet ; Chargé de mission (1991-1992)</relationEntry>
         </resourceRelation>
         <resourceRelation xmlns:xlink="http://www.w3.org/1999/xlink"
                           resourceRelationType="subjectOf"
                           xlink:href="FRAN_IR_008960"
                           xlink:type="simple">
            <relationEntry localType="archival">Premier ministre ; Cabinet du Premier ministre et services rattachés ; Cabinet ; Chargé de mission (1991-1992)</relationEntry>
         </resourceRelation>
         <resourceRelation xmlns:xlink="http://www.w3.org/1999/xlink"
                           resourceRelationType="subjectOf"
                           xlink:href="FRAN_IR_008961"
                           xlink:type="simple">
            <relationEntry localType="archival">Premier ministre ; Cabinet du Premier ministre et services rattachés ; Cabinet ; Chargé de mission (1991-1992)</relationEntry>
         </resourceRelation>
         <resourceRelation xmlns:xlink="http://www.w3.org/1999/xlink"
                           resourceRelationType="subjectOf"
                           xlink:href="FRAN_IR_009193"
                           xlink:type="simple">
            <relationEntry localType="archival">Premier ministre ; Cabinet du Premier ministre et services rattachés ; Cabinet ; Chargé de mission (1992-1993)</relationEntry>
         </resourceRelation>
         <resourceRelation xmlns:xlink="http://www.w3.org/1999/xlink"
                           resourceRelationType="subjectOf"
                           xlink:href="FRAN_IR_010459"
                           xlink:type="simple">
            <relationEntry localType="archival">Premier ministre ; Cabinet du Premier ministre et services rattachés ; Cabinet ; Chargé de mission (2000-2002)</relationEntry>
         </resourceRelation>
         <resourceRelation xmlns:xlink="http://www.w3.org/1999/xlink"
                           resourceRelationType="subjectOf"
                           xlink:href="FRAN_IR_013373"
                           xlink:type="simple">
            <relationEntry localType="archival">Premier ministre ; Cabinet du Premier ministre et services rattachés ; Cabinet ; Chargé de mission (1990-1991)</relationEntry>
         </resourceRelation>
         <resourceRelation xmlns:xlink="http://www.w3.org/1999/xlink"
                           resourceRelationType="subjectOf"
                           xlink:href="FRAN_IR_006073"
                           xlink:type="simple">
            <relationEntry localType="archival">Premier ministre ; Cabinet du Premier ministre et services rattachés ; Cabinet ; Chargé de mission (1976-1978)</relationEntry>
         </resourceRelation>
         <resourceRelation xmlns:xlink="http://www.w3.org/1999/xlink"
                           resourceRelationType="subjectOf"
                           xlink:href="FRAN_IR_018856"
                           xlink:type="simple">
            <relationEntry localType="archival">Premier ministre ; Cabinet du Premier ministre et services rattachés ; Cabinet ; Chargé de mission (1993-1995)</relationEntry>
         </resourceRelation>
         <resourceRelation xmlns:xlink="http://www.w3.org/1999/xlink"
                           resourceRelationType="subjectOf"
                           xlink:href="FRAN_IR_021694"
                           xlink:type="simple">
            <relationEntry localType="archival">Premier ministre ; Cabinet du Premier Ministre et services rattachés ; Cabinet ; Chargé de mission (1981-1985)</relationEntry>
         </resourceRelation>
         <resourceRelation xmlns:xlink="http://www.w3.org/1999/xlink"
                           resourceRelationType="subjectOf"
                           xlink:href="FRAN_IR_021771"
                           xlink:type="simple">
            <relationEntry localType="archival">Premier ministre ; Cabinet du Premier ministre et services rattachés ; Cabinet ; Chargé de mission (1984-1986)</relationEntry>
         </resourceRelation>
         <resourceRelation xmlns:xlink="http://www.w3.org/1999/xlink"
                           resourceRelationType="subjectOf"
                           xlink:href="FRAN_IR_022969"
                           xlink:type="simple">
            <relationEntry localType="archival">Premier ministre ; Cabinet du Premier ministre et services rattachés ; Cabinet ; Chargé de mission (1995-1997)</relationEntry>
         </resourceRelation>
         <resourceRelation xmlns:xlink="http://www.w3.org/1999/xlink"
                           resourceRelationType="subjectOf"
                           xlink:href="FRAN_IR_022971"
                           xlink:type="simple">
            <relationEntry localType="archival">Premier ministre ; Cabinet du Premier ministre et services rattachés ; Cabinet ; Chargé de mission (1986-1997)</relationEntry>
         </resourceRelation>
         <resourceRelation xmlns:xlink="http://www.w3.org/1999/xlink"
                           resourceRelationType="subjectOf"
                           xlink:href="FRAN_IR_023156"
                           xlink:type="simple">
            <relationEntry localType="archival">Premier ministre ; Cabinet du Premier ministre et services rattachés ; Cabinet ; Chargé de mission (1995-1997)</relationEntry>
         </resourceRelation>
         <resourceRelation xmlns:xlink="http://www.w3.org/1999/xlink"
                           resourceRelationType="subjectOf"
                           xlink:href="FRAN_IR_019858"
                           xlink:type="simple">
            <relationEntry localType="archival">Premier ministre ; Cabinet du Premier ministre et services rattachés ; Cabinet ; Chargé de mission (1972-1976)</relationEntry>
         </resourceRelation>
         <resourceRelation xmlns:xlink="http://www.w3.org/1999/xlink"
                           resourceRelationType="subjectOf"
                           xlink:href="FRAN_IR_007460"
                           xlink:type="simple">
            <relationEntry localType="archival">Premier ministre ; Cabinet du Premier Ministre et services rattachés ; Cabinet ; Chargé de mission (1986-1988)</relationEntry>
         </resourceRelation>
         <resourceRelation xmlns:xlink="http://www.w3.org/1999/xlink"
                           resourceRelationType="subjectOf"
                           xlink:href="FRAN_IR_010460"
                           xlink:type="simple">
            <relationEntry localType="archival">Premier ministre ; Cabinet du Premier ministre et services rattachés ; Cabinet ; Chargé de mission (2000-2002)</relationEntry>
         </resourceRelation>
         <resourceRelation xmlns:xlink="http://www.w3.org/1999/xlink"
                           resourceRelationType="subjectOf"
                           xlink:href="FRAN_IR_012884"
                           xlink:type="simple">
            <relationEntry localType="archival">Premier ministre ; Cabinet du Premier Ministre et services rattachés ; Cabinet ; Chargé de mission (1981-1982)</relationEntry>
         </resourceRelation>
         <resourceRelation xmlns:xlink="http://www.w3.org/1999/xlink"
                           resourceRelationType="subjectOf"
                           xlink:href="FRAN_IR_021695"
                           xlink:type="simple">
            <relationEntry localType="archival">Premier ministre ; Cabinet du Premier Ministre et services rattachés ; Cabinet ; Chargé de mission (1978-1986)</relationEntry>
         </resourceRelation>
      </relations>
   </cpfDescription>
</eac-cpf>
