<eac-cpf xmlns="urn:isbn:1-931666-33-4"
         xmlns:xsi="http://www.w3.org/2001/XMLSchema-instance"
         xsi:schemaLocation="urn:isbn:1-931666-33-4 cpf.xsd">
   <control>
      <recordId>FRAN_NP_000080</recordId>
      <otherRecordId localType="Ancien_identifiant">1401</otherRecordId>
      <maintenanceStatus>revised</maintenanceStatus>
      <maintenanceAgency>
         <agencyName>Archives nationales de France</agencyName>
      </maintenanceAgency>
      <languageDeclaration>
         <language languageCode="fre">Français</language>
         <script scriptCode="Latn"/>
      </languageDeclaration>
      <conventionDeclaration>
         <citation>Notice établie conformément à la norme ICA-ISAAR (CPF) 2004, aux normes ISO 8601 pour le système de normalisation des dates utilisé, ainsi que AFNOR NF Z 44-061, juin 1986. Catalogage : forme et structure des vedettes noms de personne, des vedettes titres, des rubriques de classement et des titres forgés.</citation>
      </conventionDeclaration>
      <localControl localType="niveau_de_detail">
         <term>Moyenne</term>
      </localControl>
      <maintenanceHistory>
         <maintenanceEvent>
            <eventType>derived</eventType>
            <eventDateTime>2013-04-23</eventDateTime>
            <agentType>machine</agentType>
            <agent>Import_SIA</agent>
         </maintenanceEvent>
         <maintenanceEvent>
            <eventType>revised</eventType>
            <eventDateTime>2013-10-07</eventDateTime>
            <agentType>human</agentType>
            <agent>Arnaud ROMONT</agent>
         </maintenanceEvent>
      </maintenanceHistory>
   </control>
   <cpfDescription>
      <identity>
         <entityType>corporateBody</entityType>
         <nameEntry localType="autorisée" scriptCode="Latn" xml:lang="fre">
            <part>Conseil d'État</part>
         </nameEntry>
      </identity>
      <description>
         <existDates>
            <dateRange>
               <fromDate standardDate="1799-12-13">13/12/1799</fromDate>
            </dateRange>
            <descriptiveNote>
               <p>Le Conseil d'État a été créé par la constitution du 22 frimaire an VIII.</p>
            </descriptiveNote>
         </existDates>
         <legalStatuses>
            <legalStatus>
               <term vocabularySource="d5bloo28po-1bei6cefdzkj">autorité indépendante</term>
            </legalStatus>
         </legalStatuses>
         <mandates>
            <mandate>
               <descriptiveNote>
                  <p>
                     <span style="italic">Le Conseil d'État, son histoire à travers les documents d'époque, 1799-1974</span>, sous la direction de L. Fougère, Paris, CNRS, 1974. 
      </p>
                  <p/>
                  <p>Ségolène de Dainville-Barbiche, 
       <span style="italic">De la justice de la Nation à la justice de la République, 1789-1940. Guide des fonds judiciaires conservés au Centre historique des Archives nationales</span>. Paris, Centre historique des Archives nationales, 2004, in-8°, 323 p. 
      </p>
               </descriptiveNote>
            </mandate>
         </mandates>
         <biogHist>
            <p>Grand corps de l'État, le Conseil d'État a été créé par la constitution du 22 frimaire an VIII (13 décembre 1799), afin “ de rédiger les projets de lois et les règlements d'administration publique, et de résoudre les difficultés qui s'élèvent en matière administrative ”, sous la direction des consuls (article 52). Dès le 4 nivôse an VIII, il fut divisé en sections administratives (notamment celles des finances, de l'intérieur, de la législation). Sa compétence initiale s'élargit les années suivantes au contentieux.</p>
            <p/>
            <p>En matière administrative, le Conseil d'État donne des avis sur les propositions et projets de lois, sur les projets de décrets, sur certains types d'affaires (comme les changements de noms), qui lui sont renvoyés.</p>
            <p/>
            <p>En matière contentieuse, le Conseil d'État est juge de droit commun des litiges entre personnes publiques et privées comme tribunal administratif au premier degré ou d'appel des conseils de préfecture (devenus tribunaux administratifs régionaux depuis 1953). En application des articles organiques ajoutés au Concordat de 1801, le Conseil d'État était compétent pour les recours en cas d'abus commis de la part des ecclésiastiques ou dans l'exercice des cultes.</p>
            <p/>
            <p>Dès la création du Conseil d'État, le recrutement des membres du conseil s'effectua par un double recrutement interne et extérieur. L'auditorat fut créé dès l'an XI ; supprimé par la Restauration, il fut rétabli dès 1824. À partir de 1872, un concours de l'auditorat fut créé (sur le modèle du concours créé en 1849 mais supprimé dès 1852), destiné aux meilleurs des étudiants sortis des grandes écoles (École normale supérieure, École polytechnique, Sciences-Po). La création de l'École nationale d'administration en 1945 ne changea le système que sur un point : il n'y a plus de concours propre, mais les élèves reçus à l'ENA peuvent entrer suivant leur rang de sortie au Conseil d'État. Le tour extérieur a par ailleurs toujours représenté une part importante du recrutement des conseillers et des maîtres des requêtes.</p>
         </biogHist>
      </description>
      <relations>
         <cpfRelation xmlns:xlink="http://www.w3.org/1999/xlink"
                      cpfRelationType="temporal-earlier"
                      xlink:href="FRAN_NP_000071"
                      xlink:type="simple">
            <relationEntry>Commission spéciale de cassation des pensions</relationEntry>
            <dateRange>
               <fromDate standardDate="2002-01-01">2002</fromDate>
            </dateRange>
         </cpfRelation>
         <cpfRelation xmlns:xlink="http://www.w3.org/1999/xlink"
                      cpfRelationType="hierarchical-child"
                      xlink:href="FRAN_NP_000077"
                      xlink:type="simple">
            <relationEntry>Conseil d'État, formations administratives</relationEntry>
            <dateRange>
               <fromDate standardDate="1872-01-01">1872</fromDate>
            </dateRange>
         </cpfRelation>
         <cpfRelation xmlns:xlink="http://www.w3.org/1999/xlink"
                      cpfRelationType="associative"
                      xlink:href="FRAN_NP_000078"
                      xlink:type="simple">
            <relationEntry>Tribunal des conflits</relationEntry>
            <dateRange>
               <fromDate standardDate="1872-01-01">1872</fromDate>
            </dateRange>
         </cpfRelation>
         <cpfRelation xmlns:xlink="http://www.w3.org/1999/xlink"
                      cpfRelationType="associative"
                      xlink:href="FRAN_NP_009504"
                      xlink:type="simple">
            <relationEntry>Braibant, Guy</relationEntry>
            <dateRange>
               <fromDate standardDate="1927-09-05">5 septembre 1927</fromDate>
               <toDate standardDate="2008-05-25">25 mai 2008</toDate>
            </dateRange>
         </cpfRelation>
         <cpfRelation xmlns:xlink="http://www.w3.org/1999/xlink"
                      cpfRelationType="associative"
                      xlink:href="FRAN_NP_000745"
                      xlink:type="simple">
            <relationEntry>Cour nationale du droit d'asile</relationEntry>
            <dateRange>
               <fromDate standardDate="1952-01-01">1952</fromDate>
            </dateRange>
         </cpfRelation>
         <cpfRelation xmlns:xlink="http://www.w3.org/1999/xlink"
                      cpfRelationType="associative"
                      xlink:href="FRAN_NP_009199"
                      xlink:type="simple">
            <relationEntry>Laroque, Pierre</relationEntry>
            <dateRange>
               <fromDate standardDate="1907-11-02">2 novembre 1907</fromDate>
               <toDate standardDate="1997-01-21">21 janvier 1997</toDate>
            </dateRange>
         </cpfRelation>
         <cpfRelation xmlns:xlink="http://www.w3.org/1999/xlink"
                      cpfRelationType="hierarchical-child"
                      xlink:href="FRAN_NP_050670"
                      xlink:type="simple">
            <relationEntry>Conseil d'État (1799-....). Centre de coordination et de documentation (1953-....)</relationEntry>
            <dateRange>
               <fromDate standardDate="1953-04-23">23 avril 1953</fromDate>
            </dateRange>
         </cpfRelation>
         <cpfRelation xmlns:xlink="http://www.w3.org/1999/xlink"
                      cpfRelationType="hierarchical-child"
                      xlink:href="FRAN_NP_050645"
                      xlink:type="simple">
            <relationEntry>Conseil d'État (1799-....). Section spéciale du contentieux (1910-1934)</relationEntry>
            <dateRange>
               <fromDate standardDate="1910-04-06">6 avril 1910</fromDate>
               <toDate standardDate="1934-05-05">5 mai 1934</toDate>
            </dateRange>
         </cpfRelation>
         <cpfRelation xmlns:xlink="http://www.w3.org/1999/xlink"
                      cpfRelationType="hierarchical-child"
                      xlink:href="FRAN_NP_050814"
                      xlink:type="simple">
            <relationEntry>Conseil d'État (1799-....). Section sociale (1880-....)</relationEntry>
            <dateRange>
               <fromDate standardDate="1880-01-01">1880</fromDate>
            </dateRange>
         </cpfRelation>
         <cpfRelation xmlns:xlink="http://www.w3.org/1999/xlink"
                      cpfRelationType="hierarchical-child"
                      xlink:href="FRAN_NP_050813"
                      xlink:type="simple">
            <relationEntry>Conseil d'État (1799-....). Section des finances (1872-....)</relationEntry>
            <dateRange>
               <fromDate standardDate="1872-05-24">24 mai 1872</fromDate>
            </dateRange>
         </cpfRelation>
         <cpfRelation xmlns:xlink="http://www.w3.org/1999/xlink"
                      cpfRelationType="associative"
                      xlink:href="FRAN_NP_050990"
                      xlink:type="simple">
            <relationEntry>Portalis, Jean-Étienne-Marie (1746-1807)</relationEntry>
            <dateRange>
               <fromDate standardDate="1800-01-01">1800</fromDate>
               <toDate standardDate="1807-08-25">25 août 1807</toDate>
            </dateRange>
         </cpfRelation>
         <cpfRelation xmlns:xlink="http://www.w3.org/1999/xlink"
                      cpfRelationType="associative"
                      xlink:href="FRAN_NP_050996"
                      xlink:type="simple">
            <relationEntry>France. Cour supérieure d'arbitrage (1938-....)</relationEntry>
            <dateRange>
               <fromDate standardDate="1938-03-04">4 mars 1938</fromDate>
            </dateRange>
         </cpfRelation>
         <cpfRelation xmlns:xlink="http://www.w3.org/1999/xlink"
                      cpfRelationType="associative"
                      xlink:href="FRAN_NP_051132"
                      xlink:type="simple">
            <relationEntry>Kessler, David (1959-....)</relationEntry>
            <dateRange>
               <fromDate standardDate="1989-01-01">1989</fromDate>
            </dateRange>
            <descriptiveNote>
               <p>
     David Kessler fut membre du Conseil d'Etat.
    </p>
            </descriptiveNote>
         </cpfRelation>
         <cpfRelation xmlns:xlink="http://www.w3.org/1999/xlink"
                      cpfRelationType="associative"
                      xlink:href="FRAN_NP_051131"
                      xlink:type="simple">
            <relationEntry>Hoss, Jean-Pierre (1946-....)</relationEntry>
            <dateRange>
               <fromDate standardDate="1970-01-01">1970</fromDate>
            </dateRange>
            <descriptiveNote>
               <p>
     Jean-Pierre Hoss fut auditeur au Conseil d'Etat.
    </p>
            </descriptiveNote>
         </cpfRelation>
         <cpfRelation xmlns:xlink="http://www.w3.org/1999/xlink"
                      cpfRelationType="hierarchical-child"
                      xlink:href="FRAN_NP_051184"
                      xlink:type="simple">
            <relationEntry>France. Conseil d'État (1799-....). Secrétariat général (1799-....)</relationEntry>
            <dateRange>
               <fromDate standardDate="1799-12-25">25 décembre 1799</fromDate>
            </dateRange>
         </cpfRelation>
         <cpfRelation xmlns:xlink="http://www.w3.org/1999/xlink"
                      cpfRelationType="hierarchical-child"
                      xlink:href="FRAN_NP_000073"
                      xlink:type="simple">
            <relationEntry>France. Conseil d'Etat (1799-....). Section du contentieux (1872-....)</relationEntry>
            <dateRange>
               <fromDate standardDate="1872-01-01">1872</fromDate>
            </dateRange>
         </cpfRelation>
         <cpfRelation xmlns:xlink="http://www.w3.org/1999/xlink"
                      cpfRelationType="associative"
                      xlink:href="FRAN_NP_050180"
                      xlink:type="simple">
            <relationEntry>Holleaux, André (1921-1997)</relationEntry>
            <dateRange>
               <fromDate standardDate="1946-01-01">1946</fromDate>
               <toDate standardDate="1997-12-31">1997</toDate>
            </dateRange>
            <descriptiveNote>
               <p>
     A. Holleaux, conseiller d'Etat
    </p>
            </descriptiveNote>
         </cpfRelation>
         <cpfRelation xmlns:xlink="http://www.w3.org/1999/xlink"
                      cpfRelationType="associative"
                      xlink:href="FRAN_NP_050200"
                      xlink:type="simple">
            <relationEntry>Blum, Léon (1872-1950)</relationEntry>
            <dateRange>
               <fromDate standardDate="1895-01-01">1895</fromDate>
               <toDate standardDate="1919-12-31">1919</toDate>
            </dateRange>
            <descriptiveNote>
               <p>
     Léon Blum, conseiller d'Etat
    </p>
            </descriptiveNote>
         </cpfRelation>
         <cpfRelation xmlns:xlink="http://www.w3.org/1999/xlink"
                      cpfRelationType="associative"
                      xlink:href="FRAN_NP_051411"
                      xlink:type="simple">
            <relationEntry>Boulatignier, Sébastien-Joseph (1805-1895)</relationEntry>
            <dateRange>
               <fromDate standardDate="1849-01-01">1849</fromDate>
               <toDate standardDate="1870-12-31">1870</toDate>
            </dateRange>
         </cpfRelation>
         <cpfRelation xmlns:xlink="http://www.w3.org/1999/xlink"
                      cpfRelationType="associative"
                      xlink:href="FRAN_NP_051409"
                      xlink:type="simple">
            <relationEntry>Ducamin, Bernard (1928-2012)</relationEntry>
            <dateRange>
               <fromDate standardDate="1970-10-12">12 octobre 1970</fromDate>
               <toDate standardDate="1979-09-30">septembre 1979</toDate>
            </dateRange>
            <descriptiveNote>
               <p>
     Bernard Ducamin, secrétaire général du Conseil d'État du 12 octobre 1970 à septembre 1979.
    </p>
            </descriptiveNote>
         </cpfRelation>
         <cpfRelation xmlns:xlink="http://www.w3.org/1999/xlink"
                      cpfRelationType="associative"
                      xlink:href="FRAN_NP_051430"
                      xlink:type="simple">
            <relationEntry>France. Ministère de l'Intérieur. Jury d'honneur (1945-1957)</relationEntry>
            <dateRange>
               <fromDate standardDate="1945-04-06">6 avril 1945</fromDate>
               <toDate standardDate="1957-12-31">1957</toDate>
            </dateRange>
            <descriptiveNote>
               <p>
     Le Jury d'honneur siège au Conseil d'État.
    </p>
            </descriptiveNote>
         </cpfRelation>
         <cpfRelation xmlns:xlink="http://www.w3.org/1999/xlink"
                      cpfRelationType="associative"
                      xlink:href="FRAN_NP_051474"
                      xlink:type="simple">
            <relationEntry>Albanel, Christine (1955-....)</relationEntry>
            <dateRange>
               <fromDate standardDate="2000-01-01">2000</fromDate>
               <toDate standardDate="2003-12-31">2003</toDate>
            </dateRange>
            <descriptiveNote>
               <p>
     @isMemberOf@
    </p>
            </descriptiveNote>
         </cpfRelation>
         <cpfRelation xmlns:xlink="http://www.w3.org/1999/xlink"
                      cpfRelationType="associative"
                      xlink:href="FRAN_NP_051488"
                      xlink:type="simple">
            <relationEntry>Bianco, Jean-Louis (1943-....)</relationEntry>
            <dateRange>
               <fromDate standardDate="1971-01-01">1971</fromDate>
            </dateRange>
            <descriptiveNote>
               <p>
     J.-L. Bianco, auditeur du Conseil d'Etat en 1971, maître des requêtes en 1978, conseiller d'Etat en 1994
    </p>
            </descriptiveNote>
         </cpfRelation>
         <cpfRelation xmlns:xlink="http://www.w3.org/1999/xlink"
                      cpfRelationType="associative"
                      xlink:href="FRAN_NP_051487"
                      xlink:type="simple">
            <relationEntry>Védrine, Hubert (1947-....)</relationEntry>
            <dateRange>
               <fromDate standardDate="1986-01-01">janvier 1986</fromDate>
            </dateRange>
            <descriptiveNote>
               <p>
     H. Védrine, maître des requêtes au Conseil d'Etat (1986-1988) ; revient au Conseil d'Etat en 1995
    </p>
            </descriptiveNote>
         </cpfRelation>
         <cpfRelation xmlns:xlink="http://www.w3.org/1999/xlink"
                      cpfRelationType="associative"
                      xlink:href="FRAN_NP_051191"
                      xlink:type="simple">
            <relationEntry>Sauzay, Philippe (1936-....)</relationEntry>
            <dateRange>
               <fromDate standardDate="1986-01-01">1986</fromDate>
               <toDate standardDate="2004-12-31">2004</toDate>
            </dateRange>
            <descriptiveNote>
               <p>
     @isMemberOf@
    </p>
            </descriptiveNote>
         </cpfRelation>
         <cpfRelation xmlns:xlink="http://www.w3.org/1999/xlink"
                      cpfRelationType="associative"
                      xlink:href="FRAN_NP_000075"
                      xlink:type="simple">
            <relationEntry>France. Conseil des prises (1800-1965)</relationEntry>
            <dateRange>
               <fromDate standardDate="1800-03-27">27 mars 1800</fromDate>
               <toDate standardDate="1965-12-31">1965</toDate>
            </dateRange>
         </cpfRelation>
         <cpfRelation xmlns:xlink="http://www.w3.org/1999/xlink"
                      cpfRelationType="hierarchical-child"
                      xlink:href="FRAN_NP_000071"
                      xlink:type="simple">
            <relationEntry>France. Conseil d'État (1799-....). Commission spéciale de cassation des pensions (1935-2002)</relationEntry>
            <dateRange>
               <fromDate standardDate="1935-01-01">1935</fromDate>
               <toDate standardDate="2002-12-31">2002</toDate>
            </dateRange>
            <descriptiveNote>
               <p>
     La Commission spéciale de cassation des pensions est considérée comme une formation de jugement spécialisée du Conseil d'État.
    </p>
            </descriptiveNote>
         </cpfRelation>
         <cpfRelation xmlns:xlink="http://www.w3.org/1999/xlink"
                      cpfRelationType="associative"
                      xlink:href="FRAN_NP_051628"
                      xlink:type="simple">
            <relationEntry>Cassin, René (1887-1976)</relationEntry>
            <dateRange>
               <fromDate standardDate="1944-01-01">1944</fromDate>
               <toDate standardDate="1960-12-31">1960</toDate>
            </dateRange>
         </cpfRelation>
         <cpfRelation xmlns:xlink="http://www.w3.org/1999/xlink"
                      cpfRelationType="associative"
                      xlink:href="FRAN_NP_051478"
                      xlink:type="simple">
            <relationEntry>Errera, Roger (1933-2014)</relationEntry>
            <dateRange>
               <fromDate standardDate="1959-08-01">1er août 1959</fromDate>
               <toDate standardDate="2001-12-04">4 décembre 2001</toDate>
            </dateRange>
            <descriptiveNote>
               <p>
     Membre
    </p>
            </descriptiveNote>
         </cpfRelation>
         <cpfRelation xmlns:xlink="http://www.w3.org/1999/xlink"
                      cpfRelationType="associative"
                      xlink:href="FRAN_NP_051661"
                      xlink:type="simple">
            <relationEntry>Mounier, Édouard (1784-1843)</relationEntry>
            <dateRange>
               <fromDate standardDate="1806-01-01">1806</fromDate>
               <toDate standardDate="1843-05-11">11 mai 1843</toDate>
            </dateRange>
         </cpfRelation>
         <cpfRelation xmlns:xlink="http://www.w3.org/1999/xlink"
                      cpfRelationType="associative"
                      xlink:href="FRAN_NP_051653"
                      xlink:type="simple">
            <relationEntry>Chenot, Bernard (1909-1995)</relationEntry>
            <dateRange>
               <fromDate standardDate="1932-01-01">1932</fromDate>
               <toDate standardDate="1978-12-31">1978</toDate>
            </dateRange>
         </cpfRelation>
         <cpfRelation xmlns:xlink="http://www.w3.org/1999/xlink"
                      cpfRelationType="associative"
                      xlink:href="FRAN_NP_050766"
                      xlink:type="simple">
            <relationEntry>Boissy d'Anglas, François-Antoine de (1756-1826)</relationEntry>
            <dateRange>
               <fromDate standardDate="1814-01-01">1814</fromDate>
               <toDate standardDate="1826-10-20">20 octobre 1826</toDate>
            </dateRange>
         </cpfRelation>
         <cpfRelation xmlns:xlink="http://www.w3.org/1999/xlink"
                      cpfRelationType="associative"
                      xlink:href="FRAN_NP_051858"
                      xlink:type="simple">
            <relationEntry>Girod de l'Ain, Amédée (1781-1847)</relationEntry>
            <dateRange>
               <fromDate standardDate="1810-08-01">1er août 1810</fromDate>
               <toDate standardDate="1814-06-29">29 juin 1814</toDate>
            </dateRange>
            <descriptiveNote>
               <p>
     Auditeur en service extraordinaire
    </p>
            </descriptiveNote>
         </cpfRelation>
         <cpfRelation xmlns:xlink="http://www.w3.org/1999/xlink"
                      cpfRelationType="associative"
                      xlink:href="FRAN_NP_051858"
                      xlink:type="simple">
            <relationEntry>Girod de l'Ain, Amédée (1781-1847)</relationEntry>
            <dateRange>
               <fromDate standardDate="1830-08-20">20 août 1830</fromDate>
               <toDate standardDate="1847-12-27">27 décembre 1847</toDate>
            </dateRange>
            <descriptiveNote>
               <p>
     Nommé conseiller d'État en service extraordinaire le 20 août 1830, participant aux travaux du comité de l'Intérieur et du commerce. Nommé conseiller d’État en service ordinaire le 7 novembre 1830, rattaché au comité de législation et de justice administrative dont il fut nommé vice-président le 1er août 1831. Nommé président du comité de législation et de justice administrative du Conseil d’État, le 11 octobre 1832, puis président du Contentieux. Nommé vice-président du Conseil d'État le 11 octobre 1839.
    </p>
            </descriptiveNote>
         </cpfRelation>
         <cpfRelation xmlns:xlink="http://www.w3.org/1999/xlink"
                      cpfRelationType="associative"
                      xlink:href="FRAN_NP_051859"
                      xlink:type="simple">
            <relationEntry>France. Commission d'organisation du Conseil d'État (1830-1831)</relationEntry>
            <dateRange>
               <fromDate standardDate="1830-08-20">20 août 1830</fromDate>
               <toDate standardDate="1831-12-16">16 décembre 1831</toDate>
            </dateRange>
            <descriptiveNote>
               <p>
     Commission chargée de réorganiser le Conseil d'État.
    </p>
            </descriptiveNote>
         </cpfRelation>
         <cpfRelation xmlns:xlink="http://www.w3.org/1999/xlink"
                      cpfRelationType="associative"
                      xlink:href="FRAN_NP_051467"
                      xlink:type="simple">
            <relationEntry>France. Commission provisoire chargée de remplacer le Conseil d'État (1870-1872)</relationEntry>
            <dateRange>
               <fromDate standardDate="1870-09-15">15 septembre 1870</fromDate>
               <toDate standardDate="1872-08-21">21 août 1872</toDate>
            </dateRange>
         </cpfRelation>
         <cpfRelation xmlns:xlink="http://www.w3.org/1999/xlink"
                      cpfRelationType="associative"
                      xlink:href="FRAN_NP_000033"
                      xlink:type="simple">
            <relationEntry>France. Commission nationale de contrôle de la campagne en vue de l’élection du président de la République (1964-....)</relationEntry>
            <dateRange>
               <fromDate standardDate="1964-03-14">14 mars 1964</fromDate>
            </dateRange>
            <descriptiveNote>
               <p>
     La Commission nationale de contrôle de la campagne en vue de l’élection présidentielle siège dans les locaux du Conseil d'État.
    </p>
            </descriptiveNote>
         </cpfRelation>
         <cpfRelation xmlns:xlink="http://www.w3.org/1999/xlink"
                      cpfRelationType="associative"
                      xlink:href="FRAN_NP_051991"
                      xlink:type="simple">
            <relationEntry>Rivière, Constance (1980-....)</relationEntry>
            <dateRange>
               <fromDate standardDate="2008-01-01">2008</fromDate>
            </dateRange>
            <descriptiveNote>
               <p>
     Auditrice (2008) puis maître des requêtes au Conseil d'Etat (2011)
    </p>
            </descriptiveNote>
         </cpfRelation>
         <cpfRelation xmlns:xlink="http://www.w3.org/1999/xlink"
                      cpfRelationType="associative"
                      xlink:href="FRAN_NP_052037"
                      xlink:type="simple">
            <relationEntry>Courrèges, Anne (1976-....)</relationEntry>
            <dateRange>
               <fromDate standardDate="2002-01-01">2002</fromDate>
            </dateRange>
            <descriptiveNote>
               <p>
     Auditeur (2002-2005) puis maître des requêtes (depuis 2005) au Conseil d'Etat
    </p>
            </descriptiveNote>
         </cpfRelation>
         <cpfRelation xmlns:xlink="http://www.w3.org/1999/xlink"
                      cpfRelationType="associative"
                      xlink:href="FRAN_NP_050494"
                      xlink:type="simple">
            <relationEntry>Roederer, Pierre-Louis (1754-1835)</relationEntry>
            <dateRange>
               <fromDate standardDate="1799-12-13">13 décembre 1799</fromDate>
               <toDate standardDate="1800-12-31">1800</toDate>
            </dateRange>
         </cpfRelation>
         <cpfRelation xmlns:xlink="http://www.w3.org/1999/xlink"
                      cpfRelationType="associative"
                      xlink:href="FRAN_NP_052120"
                      xlink:type="simple">
            <relationEntry>Tomé, Françoise (1957-….)</relationEntry>
            <dateRange>
               <fromDate standardDate="2017-01-01">2017</fromDate>
            </dateRange>
            <descriptiveNote>
               <p>
     Françoise Tomé a été nommée conseillère d'État en 2017.
    </p>
            </descriptiveNote>
         </cpfRelation>
         <cpfRelation xmlns:xlink="http://www.w3.org/1999/xlink"
                      cpfRelationType="associative"
                      xlink:href="FRAN_NP_051263"
                      xlink:type="simple">
            <relationEntry>Hubac, Sylvie (1956-....)</relationEntry>
            <dateRange>
               <fromDate standardDate="1980-01-01">1980</fromDate>
               <toDate standardDate="1988-12-31">1988</toDate>
            </dateRange>
            <descriptiveNote>
               <p>
     S. Hubac, auditeur puis maître des requêtes au Conseil d'État
    </p>
            </descriptiveNote>
         </cpfRelation>
         <cpfRelation xmlns:xlink="http://www.w3.org/1999/xlink"
                      cpfRelationType="hierarchical-child"
                      xlink:href="FRAN_NP_050815"
                      xlink:type="simple">
            <relationEntry>Conseil d'État (1799-....). Section de l'administration (2008-....)</relationEntry>
            <dateRange>
               <fromDate standardDate="2008-03-06">6 mars 2008</fromDate>
            </dateRange>
         </cpfRelation>
         <cpfRelation xmlns:xlink="http://www.w3.org/1999/xlink"
                      cpfRelationType="hierarchical-child"
                      xlink:href="FRAN_NP_050811"
                      xlink:type="simple">
            <relationEntry>Conseil d'État (1799-....). Section des travaux publics</relationEntry>
            <dateRange>
               <fromDate standardDate="1872-05-24">24 mai 1872</fromDate>
            </dateRange>
         </cpfRelation>
         <cpfRelation xmlns:xlink="http://www.w3.org/1999/xlink"
                      cpfRelationType="hierarchical-child"
                      xlink:href="FRAN_NP_050812"
                      xlink:type="simple">
            <relationEntry>Conseil d'Etat (1799-....). Section de l'intérieur (1872-....)</relationEntry>
            <dateRange>
               <fromDate standardDate="1872-05-24">24 mai 1872</fromDate>
            </dateRange>
         </cpfRelation>
         <cpfRelation xmlns:xlink="http://www.w3.org/1999/xlink"
                      cpfRelationType="hierarchical-child"
                      xlink:href="FRAN_NP_000074"
                      xlink:type="simple">
            <relationEntry>Conseil d'État. Commission permanente</relationEntry>
            <dateRange>
               <fromDate standardDate="1945-08-02">02/08/1945</fromDate>
            </dateRange>
         </cpfRelation>
         <cpfRelation xmlns:xlink="http://www.w3.org/1999/xlink"
                      cpfRelationType="associative"
                      xlink:href="FRAN_NP_009198"
                      xlink:type="simple">
            <relationEntry>Guillaume, Michel</relationEntry>
            <dateRange>
               <fromDate standardDate="1929-12-22">22 décembre 1929</fromDate>
            </dateRange>
         </cpfRelation>
         <cpfRelation xmlns:xlink="http://www.w3.org/1999/xlink"
                      cpfRelationType="associative"
                      xlink:href="FRAN_NP_009282"
                      xlink:type="simple">
            <relationEntry>Join-Lambert, Pierre</relationEntry>
            <dateRange>
               <fromDate standardDate="1906-01-01">1906</fromDate>
               <toDate standardDate="1983-12-31">1983</toDate>
            </dateRange>
         </cpfRelation>
         <cpfRelation xmlns:xlink="http://www.w3.org/1999/xlink"
                      cpfRelationType="associative"
                      xlink:href="FRAN_NP_000079"
                      xlink:type="simple">
            <relationEntry>Tribunal des prises</relationEntry>
            <dateRange>
               <fromDate standardDate="1976-01-01">1976</fromDate>
            </dateRange>
         </cpfRelation>
         <cpfRelation xmlns:xlink="http://www.w3.org/1999/xlink"
                      cpfRelationType="hierarchical-child"
                      xlink:href="FRAN_NP_000070"
                      xlink:type="simple">
            <relationEntry>Conseil d'État, bureau d'aide juridictionnelle</relationEntry>
            <dateRange>
               <fromDate standardDate="1976-01-01">1976</fromDate>
            </dateRange>
         </cpfRelation>
         <cpfRelation xmlns:xlink="http://www.w3.org/1999/xlink"
                      cpfRelationType="temporal-earlier"
                      xlink:href="FRAN_NP_000076"
                      xlink:type="simple">
            <relationEntry>Commission supérieure de cassation des dommages de guerre</relationEntry>
            <dateRange>
               <fromDate standardDate="1963-01-01">1963</fromDate>
            </dateRange>
         </cpfRelation>
         <resourceRelation xmlns:xlink="http://www.w3.org/1999/xlink"
                           resourceRelationType="subjectOf"
                           xlink:href="FRAN_IR_008849"
                           xlink:type="simple">
            <relationEntry localType="archival">Grands corps de l'Etat ; Conseil d'Etat (1990-1990)</relationEntry>
         </resourceRelation>
         <resourceRelation xmlns:xlink="http://www.w3.org/1999/xlink"
                           resourceRelationType="creatorOf"
                           xlink:href="FRAN_IR_053813"
                           xlink:type="simple">
            <relationEntry localType="archival">Archives de Jean-Étienne-Marie Portalis et de Joseph-Marie Portalis, conseillers d'État (an VIII-1812)</relationEntry>
         </resourceRelation>
         <resourceRelation xmlns:xlink="http://www.w3.org/1999/xlink"
                           resourceRelationType="creatorOf"
                           xlink:href="FRAN_IR_027976"
                           xlink:type="simple">
            <relationEntry localType="archival">Archives du Conseil d'État. Fichiers d'enregistrement et de recherche des sections
     administratives (1871-1939).</relationEntry>
         </resourceRelation>
         <resourceRelation xmlns:xlink="http://www.w3.org/1999/xlink"
                           resourceRelationType="creatorOf"
                           xlink:href="FRAN_IR_054532"
                           xlink:type="simple">
            <relationEntry localType="archival">Archives des vice-présidents du Conseil d'État (1971-1995)</relationEntry>
         </resourceRelation>
         <resourceRelation xmlns:xlink="http://www.w3.org/1999/xlink"
                           resourceRelationType="creatorOf"
                           xlink:href="FRAN_IR_055006"
                           xlink:type="simple">
            <relationEntry localType="archival">Archives du Conseil d'État. Dossiers d'affaires administratives (1972-1974).</relationEntry>
         </resourceRelation>
      </relations>
   </cpfDescription>
</eac-cpf>
