<eac-cpf xmlns="urn:isbn:1-931666-33-4"
         xmlns:xsi="http://www.w3.org/2001/XMLSchema-instance"
         xsi:schemaLocation="urn:isbn:1-931666-33-4 cpf.xsd">
   <control>
      <recordId>FRAN_NP_000283</recordId>
      <otherRecordId localType="Ancien_identifiant">1279/1789</otherRecordId>
      <maintenanceStatus>derived</maintenanceStatus>
      <maintenanceAgency>
         <agencyName>Archives nationales de France</agencyName>
      </maintenanceAgency>
      <languageDeclaration>
         <language languageCode="fre">Français</language>
         <script scriptCode="Latn"/>
      </languageDeclaration>
      <conventionDeclaration>
         <citation>Notice établie conformément à la norme ICA-ISAAR (CPF) 2004, aux normes ISO 8601 pour le système de normalisation des dates utilisé, ainsi que AFNOR NF Z 44-061, juin 1986. Catalogage : forme et structure des vedettes noms de personne, des vedettes titres, des rubriques de classement et des titres forgés.</citation>
      </conventionDeclaration>
      <localControl localType="niveau_de_detail">
         <term>Moyenne</term>
      </localControl>
      <maintenanceHistory>
         <maintenanceEvent>
            <eventType>derived</eventType>
            <eventDateTime>2015-12-04</eventDateTime>
            <agentType>machine</agentType>
            <agent>Import_SIA</agent>
         </maintenanceEvent>
      </maintenanceHistory>
   </control>
   <cpfDescription>
      <identity>
         <entityType>corporateBody</entityType>
         <nameEntry localType="autorisée" scriptCode="Latn" xml:lang="fre">
            <part>Mission de commémoration du bicentenaire de la Révolution française et de la Déclaration des droits de l'homme et du citoyen</part>
         </nameEntry>
      </identity>
      <description>
         <existDates>
            <dateRange>
               <fromDate standardDate="1986-01-01">1986</fromDate>
               <toDate standardDate="1989-12-31">1989</toDate>
            </dateRange>
         </existDates>
      </description>
      <relations>
         <cpfRelation xmlns:xlink="http://www.w3.org/1999/xlink"
                      cpfRelationType="associative"
                      xlink:href="FRAN_NP_050926"
                      xlink:type="simple">
            <relationEntry>Marek, Yves (1963-....)</relationEntry>
            <dateRange>
               <fromDate standardDate="1988-01-01">1988</fromDate>
               <toDate standardDate="1989-12-31">1989</toDate>
            </dateRange>
            <descriptiveNote>
               <p>
     Directeur de cabinet d'Edgar Faure
    </p>
            </descriptiveNote>
         </cpfRelation>
         <cpfRelation xmlns:xlink="http://www.w3.org/1999/xlink"
                      cpfRelationType="associative"
                      xlink:href="FRAN_NP_050789"
                      xlink:type="simple">
            <relationEntry>Jeanneney, Jean-Noël (1942-....)</relationEntry>
            <dateRange>
               <fromDate standardDate="1988-01-01">1988</fromDate>
               <toDate standardDate="1989-12-31">1989</toDate>
            </dateRange>
            <descriptiveNote>
               <p>
     Jean-Noël Jeanneney a été président de la Mission du Bicentenaire.
    </p>
            </descriptiveNote>
         </cpfRelation>
         <cpfRelation xmlns:xlink="http://www.w3.org/1999/xlink"
                      cpfRelationType="hierarchical-parent"
                      xlink:href="FRAN_NP_000002"
                      xlink:type="simple">
            <relationEntry>Premier ministre</relationEntry>
            <dateRange>
               <fromDate standardDate="1986-01-01">1986</fromDate>
               <toDate standardDate="1989-12-31">1989</toDate>
            </dateRange>
         </cpfRelation>
         <resourceRelation xmlns:xlink="http://www.w3.org/1999/xlink"
                           resourceRelationType="subjectOf"
                           xlink:href="FRAN_IR_007792"
                           xlink:type="simple">
            <relationEntry localType="archival">Premier ministre ; Organismes rattachés directement ; Mission du bicentenaire de la Révolution française et de la Déclaration des droits de l'Homme et du citoyen (1987-1989)</relationEntry>
         </resourceRelation>
         <resourceRelation xmlns:xlink="http://www.w3.org/1999/xlink"
                           resourceRelationType="subjectOf"
                           xlink:href="FRAN_IR_007795"
                           xlink:type="simple">
            <relationEntry localType="archival">Premier ministre ; Organismes rattachés directement ; Mission du bicentenaire de la Révolution française et de la Déclaration des droits de l'Homme et du citoyen (1987-1989)</relationEntry>
         </resourceRelation>
         <resourceRelation xmlns:xlink="http://www.w3.org/1999/xlink"
                           resourceRelationType="subjectOf"
                           xlink:href="FRAN_IR_007949"
                           xlink:type="simple">
            <relationEntry localType="archival">Premier ministre ; Organismes rattachés directement ; Mission du bicentenaire de la Révolution française et de la Déclaration des droits de l'Homme et du citoyen (1987-1990)</relationEntry>
         </resourceRelation>
         <resourceRelation xmlns:xlink="http://www.w3.org/1999/xlink"
                           resourceRelationType="subjectOf"
                           xlink:href="FRAN_IR_007794"
                           xlink:type="simple">
            <relationEntry localType="archival">Premier ministre ; Organismes rattachés directement ; Mission du bicentenaire de la Révolution française et de la Déclaration des droits de l'Homme et du Citoyen (1987-1990)</relationEntry>
         </resourceRelation>
         <resourceRelation xmlns:xlink="http://www.w3.org/1999/xlink"
                           resourceRelationType="subjectOf"
                           xlink:href="FRAN_IR_022453"
                           xlink:type="simple">
            <relationEntry localType="archival">Premier Ministre ; Organismes rattachés directement ; Mission du Bicentenaire de la Revolution Française et de la Déclaration des Droits de l'homme et du Citoyen (1988-1989)</relationEntry>
         </resourceRelation>
         <resourceRelation xmlns:xlink="http://www.w3.org/1999/xlink"
                           resourceRelationType="subjectOf"
                           xlink:href="FRAN_IR_023545"
                           xlink:type="simple">
            <relationEntry localType="archival">Premier ministre ; Organismes rattachés directement ; Mission du Bicentenaire de la Revolution Française et de la Déclaration des Droits de l'homme et du Citoyen (1987-1989)</relationEntry>
         </resourceRelation>
         <resourceRelation xmlns:xlink="http://www.w3.org/1999/xlink"
                           resourceRelationType="subjectOf"
                           xlink:href="FRAN_IR_023682"
                           xlink:type="simple">
            <relationEntry localType="archival">Premier ministre ; Organismes rattachés directement ; Mission du Bicentenaire de la Revolution Française et de la Déclaration des Droits de l'homme et du Citoyen (1987-1989)</relationEntry>
         </resourceRelation>
         <resourceRelation xmlns:xlink="http://www.w3.org/1999/xlink"
                           resourceRelationType="subjectOf"
                           xlink:href="FRAN_IR_007793"
                           xlink:type="simple">
            <relationEntry localType="archival">Premier ministre ; Organismes rattachés directement ; Mission du bicentenaire de la Révolution française et de la Déclaration des droits de l'Homme et du citoyen (1987-1990)</relationEntry>
         </resourceRelation>
         <resourceRelation xmlns:xlink="http://www.w3.org/1999/xlink"
                           resourceRelationType="subjectOf"
                           xlink:href="FRAN_IR_015719"
                           xlink:type="simple">
            <relationEntry localType="archival">Premier ministre ; Organismes rattachés directement ; Mission du bicentenaire de la Révolution Française et de la Déclaration des Droits de l'Homme et du Citoyen (1990-1995)</relationEntry>
         </resourceRelation>
         <resourceRelation xmlns:xlink="http://www.w3.org/1999/xlink"
                           resourceRelationType="subjectOf"
                           xlink:href="FRAN_IR_022247"
                           xlink:type="simple">
            <relationEntry localType="archival">Premier ministre ; Organismes rattachés directement ; Mission du bicentenaire de la Révolution Française et de la Déclaration des Droits de l'Homme et du Citoyen (1986-1987)</relationEntry>
         </resourceRelation>
         <resourceRelation xmlns:xlink="http://www.w3.org/1999/xlink"
                           resourceRelationType="subjectOf"
                           xlink:href="FRAN_IR_026135"
                           xlink:type="simple">
            <relationEntry localType="archival">Premier ministre ; Organismes rattachés directement ; Mission du bicentenaire de la Révolution Française et de la Déclaration des Droits de l'Homme et du Citoyen (1988-1989)</relationEntry>
         </resourceRelation>
      </relations>
   </cpfDescription>
</eac-cpf>
