<eac-cpf xmlns="urn:isbn:1-931666-33-4"
         xmlns:xsi="http://www.w3.org/2001/XMLSchema-instance"
         xsi:schemaLocation="urn:isbn:1-931666-33-4 cpf.xsd">
   <control>
      <recordId>FRAN_NP_000214</recordId>
      <otherRecordId localType="Ancien_identifiant">1205/SAFBM</otherRecordId>
      <maintenanceStatus>derived</maintenanceStatus>
      <maintenanceAgency>
         <agencyName>Archives nationales de France</agencyName>
      </maintenanceAgency>
      <languageDeclaration>
         <language languageCode="fre">Français</language>
         <script scriptCode="Latn"/>
      </languageDeclaration>
      <conventionDeclaration>
         <citation>Notice établie conformément à la norme ICA-ISAAR (CPF) 2004, aux normes ISO 8601 pour le système de normalisation des dates utilisé, ainsi que AFNOR NF Z 44-061, juin 1986. Catalogage : forme et structure des vedettes noms de personne, des vedettes titres, des rubriques de classement et des titres forgés.</citation>
      </conventionDeclaration>
      <localControl localType="niveau_de_detail">
         <term>Moyenne</term>
      </localControl>
      <maintenanceHistory>
         <maintenanceEvent>
            <eventType>derived</eventType>
            <eventDateTime>2013-04-23</eventDateTime>
            <agentType>machine</agentType>
            <agent>Import_SIA</agent>
         </maintenanceEvent>
      </maintenanceHistory>
   </control>
   <cpfDescription>
      <identity>
         <entityType>corporateBody</entityType>
         <nameEntry scriptCode="Latn" localType="autorisée" xml:lang="fre">
            <part>Bureau des achats ministériels (direction des services administratifs et financiers du Premier ministre)</part>
         </nameEntry>
         <nameEntry>
            <part>Bureau de la commande publique</part>
            <useDates>
               <dateRange>
                  <fromDate standardDate="2005-01-01">2005</fromDate>
                  <toDate standardDate="2011-12-31">2011</toDate>
               </dateRange>
            </useDates>
         </nameEntry>
         <nameEntry>
            <part>Bureau des contrats et marchés publics</part>
            <useDates>
               <dateRange>
                  <fromDate standardDate="1989-01-01">1989</fromDate>
                  <toDate standardDate="2005-12-31">2005</toDate>
               </dateRange>
            </useDates>
         </nameEntry>
         <nameEntry>
            <part>Bureau des marchés</part>
            <useDates>
               <dateRange>
                  <fromDate standardDate="1976-01-01">1976</fromDate>
                  <toDate standardDate="1989-12-31">1989</toDate>
               </dateRange>
            </useDates>
         </nameEntry>
      </identity>
      <description>
         <existDates>
            <dateRange>
               <fromDate standardDate="1976-01-01">1976</fromDate>
            </dateRange>
         </existDates>
         <legalStatuses>
            <legalStatus>
               <term vocabularySource="d5blonaxbw--1mt8t42bokzts">service d'administration centrale</term>
            </legalStatus>
         </legalStatuses>
      </description>
      <relations>
         <cpfRelation xmlns:xlink="http://www.w3.org/1999/xlink"
                      cpfRelationType="hierarchical-parent"
                      xlink:href="FRAN_NP_009685"
                      xlink:type="simple">
            <relationEntry>Sous-direction de la programmation et des affaires financières (direction des services administratifs et financiers du Premier ministre)</relationEntry>
            <dateRange>
               <fromDate standardDate="2005-09-07">7 septembre 2005</fromDate>
               <toDate/>
            </dateRange>
         </cpfRelation>
         <resourceRelation xmlns:xlink="http://www.w3.org/1999/xlink"
                           resourceRelationType="subjectOf"
                           xlink:href="FRAN_IR_018700"
                           xlink:type="simple">
            <relationEntry localType="archival">Premier ministre ; Secrétariat général du Gouvernement ; Direction services administratifs et financiers ; Bureau marchés (1974-1990)</relationEntry>
         </resourceRelation>
         <resourceRelation xmlns:xlink="http://www.w3.org/1999/xlink"
                           resourceRelationType="subjectOf"
                           xlink:href="FRAN_IR_019189"
                           xlink:type="simple">
            <relationEntry localType="archival">Premier ministre ; Secrétariat général du Gouvernement ; Direction services administratifs et financiers ; Bureau marchés (1980-1989)</relationEntry>
         </resourceRelation>
         <resourceRelation xmlns:xlink="http://www.w3.org/1999/xlink"
                           resourceRelationType="subjectOf"
                           xlink:href="FRAN_IR_006734"
                           xlink:type="simple">
            <relationEntry localType="archival">Premier ministre ; Secrétariat général du gouvernement ; Direction services administratifs et financiers ; Bureau marchés (1964-1979)</relationEntry>
         </resourceRelation>
      </relations>
   </cpfDescription>
</eac-cpf>
