<eac-cpf xmlns="urn:isbn:1-931666-33-4"
         xmlns:xsi="http://www.w3.org/2001/XMLSchema-instance"
         xsi:schemaLocation="urn:isbn:1-931666-33-4 cpf.xsd">
   <control>
      <recordId>FRAN_NP_000256</recordId>
      <otherRecordId localType="Ancien_identifiant">1210/PBPE</otherRecordId>
      <maintenanceStatus>derived</maintenanceStatus>
      <maintenanceAgency>
         <agencyName>Archives nationales de France</agencyName>
      </maintenanceAgency>
      <languageDeclaration>
         <language languageCode="fre">Français</language>
         <script scriptCode="Latn"/>
      </languageDeclaration>
      <conventionDeclaration>
         <citation>Notice établie conformément à la norme ICA-ISAAR (CPF) 2004, aux normes ISO 8601 pour le système de normalisation des dates utilisé, ainsi que AFNOR NF Z 44-061, juin 1986. Catalogage : forme et structure des vedettes noms de personne, des vedettes titres, des rubriques de classement et des titres forgés.</citation>
      </conventionDeclaration>
      <localControl localType="niveau_de_detail">
         <term>Moyenne</term>
      </localControl>
      <maintenanceHistory>
         <maintenanceEvent>
            <eventType>derived</eventType>
            <eventDateTime>2013-04-23</eventDateTime>
            <agentType>machine</agentType>
            <agent>Import_SIA</agent>
         </maintenanceEvent>
      </maintenanceHistory>
   </control>
   <cpfDescription>
      <identity>
         <entityType>corporateBody</entityType>
         <nameEntry scriptCode="Latn" localType="autorisée" xml:lang="fre">
            <part>Bureau du régime économique de la presse et des métiers de l'information</part>
         </nameEntry>
         <nameEntry>
            <part>Bureau du régime économique de la presse et des aides publiques</part>
            <useDates>
               <dateRange>
                  <fromDate standardDate="2000-01-01">2000</fromDate>
                  <toDate standardDate="2010-12-31">2010</toDate>
               </dateRange>
            </useDates>
         </nameEntry>
      </identity>
      <description>
         <existDates>
            <dateRange>
               <fromDate standardDate="2000-01-01">2000</fromDate>
            </dateRange>
         </existDates>
      </description>
      <relations>
         <cpfRelation xmlns:xlink="http://www.w3.org/1999/xlink"
                      cpfRelationType="hierarchical-parent"
                      xlink:href="FRAN_NP_005634"
                      xlink:type="simple">
            <relationEntry>Sous-direction de la presse écrite et des métiers de l'information</relationEntry>
            <dateRange>
               <fromDate standardDate="2003-02-24">24 février 2003</fromDate>
               <toDate/>
            </dateRange>
         </cpfRelation>
         <cpfRelation xmlns:xlink="http://www.w3.org/1999/xlink"
                      cpfRelationType="temporal-earlier"
                      xlink:href="FRAN_NP_000258"
                      xlink:type="simple">
            <relationEntry>Bureau du régime économique de la presse et des interventions publiques</relationEntry>
            <dateRange>
               <fromDate standardDate="2000-01-01">2000</fromDate>
            </dateRange>
         </cpfRelation>
      </relations>
   </cpfDescription>
</eac-cpf>
