<eac-cpf xmlns="urn:isbn:1-931666-33-4"
         xmlns:xsi="http://www.w3.org/2001/XMLSchema-instance"
         xsi:schemaLocation="urn:isbn:1-931666-33-4 cpf.xsd">
   <control>
      <recordId>FRAN_NP_000470</recordId>
      <otherRecordId localType="Ancien_identifiant">2104/E1E2</otherRecordId>
      <maintenanceStatus>derived</maintenanceStatus>
      <maintenanceAgency>
         <agencyName>Archives nationales de France</agencyName>
      </maintenanceAgency>
      <languageDeclaration>
         <language languageCode="fre">Français</language>
         <script scriptCode="Latn"/>
      </languageDeclaration>
      <conventionDeclaration>
         <citation>Notice établie conformément à la norme ICA-ISAAR (CPF) 2004, aux normes ISO 8601 pour le système de normalisation des dates utilisé, ainsi que AFNOR NF Z 44-061, juin 1986. Catalogage : forme et structure des vedettes noms de personne, des vedettes titres, des rubriques de classement et des titres forgés.</citation>
      </conventionDeclaration>
      <localControl localType="niveau_de_detail">
         <term>Moyenne</term>
      </localControl>
      <maintenanceHistory>
         <maintenanceEvent>
            <eventType>derived</eventType>
            <eventDateTime>2015-09-30</eventDateTime>
            <agentType>machine</agentType>
            <agent>Import_SIA</agent>
         </maintenanceEvent>
      </maintenanceHistory>
   </control>
   <cpfDescription>
      <identity>
         <entityType>corporateBody</entityType>
         <nameEntry localType="autorisée" scriptCode="Latn" xml:lang="fre">
            <part>Bureau de l'action publique (direction des affaires criminelles et des grâces)</part>
         </nameEntry>
      </identity>
      <description>
         <existDates>
            <dateRange>
               <fromDate standardDate="1964-01-01">1964</fromDate>
               <toDate standardDate="1994-12-31">1994</toDate>
            </dateRange>
         </existDates>
         <legalStatuses>
            <legalStatus>
               <term vocabularySource="d5blonaxbw--1mt8t42bokzts">service d'administration centrale</term>
            </legalStatus>
         </legalStatuses>
      </description>
      <relations>
         <cpfRelation xmlns:xlink="http://www.w3.org/1999/xlink"
                      cpfRelationType="temporal-later"
                      xlink:href="FRAN_NP_000779"
                      xlink:type="simple">
            <relationEntry>Bureau de la lutte contre la fraude économique et financière (direction des affaires criminelles et des grâces)</relationEntry>
            <dateRange>
               <fromDate standardDate="1994-01-01">1994</fromDate>
            </dateRange>
         </cpfRelation>
         <cpfRelation xmlns:xlink="http://www.w3.org/1999/xlink"
                      cpfRelationType="temporal-later"
                      xlink:href="FRAN_NP_000774"
                      xlink:type="simple">
            <relationEntry>Bureau de l'action publique pour les affaires générales (direction des affaires criminelles et des grâces)</relationEntry>
            <dateRange>
               <fromDate standardDate="1994-01-01">1994</fromDate>
            </dateRange>
         </cpfRelation>
         <cpfRelation xmlns:xlink="http://www.w3.org/1999/xlink"
                      cpfRelationType="temporal-later"
                      xlink:href="FRAN_NP_000778"
                      xlink:type="simple">
            <relationEntry>Bureau de la lutte contre la criminalité organisée, le trafic de stupéfiants et le blanchiment (direction des affaires criminelles et des grâces)</relationEntry>
            <dateRange>
               <fromDate standardDate="1994-01-01">1994</fromDate>
            </dateRange>
         </cpfRelation>
         <cpfRelation xmlns:xlink="http://www.w3.org/1999/xlink"
                      cpfRelationType="hierarchical-parent"
                      xlink:href="FRAN_NP_000473"
                      xlink:type="simple">
            <relationEntry>Sous-direction de la justice criminelle (direction des affaires criminelles et des grâces)</relationEntry>
            <dateRange>
               <fromDate standardDate="1964-01-01">1964</fromDate>
               <toDate standardDate="1994-12-31">1994</toDate>
            </dateRange>
         </cpfRelation>
         <resourceRelation xmlns:xlink="http://www.w3.org/1999/xlink"
                           resourceRelationType="subjectOf"
                           xlink:href="FRAN_IR_008777"
                           xlink:type="simple">
            <relationEntry localType="archival">Justice ; Direction des affaires criminelles et des grâces ; Sous-direction de la justice criminelle ; Bureau de l'action pubique (1981-1982)</relationEntry>
         </resourceRelation>
         <resourceRelation xmlns:xlink="http://www.w3.org/1999/xlink"
                           resourceRelationType="subjectOf"
                           xlink:href="FRAN_IR_009553"
                           xlink:type="simple">
            <relationEntry localType="archival">Justice ; Direction des affaires criminelles et des grâces ; Sous-direction de la justice criminelle ; Bureau de l'action pubique (1960-1989)</relationEntry>
         </resourceRelation>
         <resourceRelation xmlns:xlink="http://www.w3.org/1999/xlink"
                           resourceRelationType="subjectOf"
                           xlink:href="FRAN_IR_009599"
                           xlink:type="simple">
            <relationEntry localType="archival">Justice ; Direction des affaires criminelles et des grâces ; Sous-direction de la justice criminelle ; Bureau de l'action pubique (1983-1983)</relationEntry>
         </resourceRelation>
         <resourceRelation xmlns:xlink="http://www.w3.org/1999/xlink"
                           resourceRelationType="subjectOf"
                           xlink:href="FRAN_IR_012204"
                           xlink:type="simple">
            <relationEntry localType="archival">Justice ; Direction des affaires criminelles et des grâces ; Sous-direction de la justice criminelle ; Bureau de l'action publique (1964-1964)</relationEntry>
         </resourceRelation>
         <resourceRelation xmlns:xlink="http://www.w3.org/1999/xlink"
                           resourceRelationType="subjectOf"
                           xlink:href="FRAN_IR_012208"
                           xlink:type="simple">
            <relationEntry localType="archival">Justice ; Direction des affaires criminelles et des grâces ; Sous-direction de la justice criminelle ; Bureau de l'action publique (1965-1965)</relationEntry>
         </resourceRelation>
         <resourceRelation xmlns:xlink="http://www.w3.org/1999/xlink"
                           resourceRelationType="subjectOf"
                           xlink:href="FRAN_IR_012209"
                           xlink:type="simple">
            <relationEntry localType="archival">Justice ; Direction des affaires criminelles et des grâces ; Sous-direction de la justice criminelle ; Bureau de l'action publique (1966-1966)</relationEntry>
         </resourceRelation>
         <resourceRelation xmlns:xlink="http://www.w3.org/1999/xlink"
                           resourceRelationType="subjectOf"
                           xlink:href="FRAN_IR_012210"
                           xlink:type="simple">
            <relationEntry localType="archival">Justice ; Direction des affaires criminelles et des grâces ; Sous-direction de la justice criminelle ; Bureau de l'action publique (1967-1967)</relationEntry>
         </resourceRelation>
         <resourceRelation xmlns:xlink="http://www.w3.org/1999/xlink"
                           resourceRelationType="subjectOf"
                           xlink:href="FRAN_IR_012211"
                           xlink:type="simple">
            <relationEntry localType="archival">Justice ; Direction des affaires criminelles et des grâces ; Sous-direction de la justice criminelle ; Bureau de l'action publique (1968-1968)</relationEntry>
         </resourceRelation>
         <resourceRelation xmlns:xlink="http://www.w3.org/1999/xlink"
                           resourceRelationType="subjectOf"
                           xlink:href="FRAN_IR_012212"
                           xlink:type="simple">
            <relationEntry localType="archival">Justice ; Direction des affaires criminelles et des grâces ; Sous-direction de la justice criminelle ; Bureau de l'action publique (1969-1969)</relationEntry>
         </resourceRelation>
         <resourceRelation xmlns:xlink="http://www.w3.org/1999/xlink"
                           resourceRelationType="subjectOf"
                           xlink:href="FRAN_IR_012224"
                           xlink:type="simple">
            <relationEntry localType="archival">Justice ; Direction des affaires criminelles et des grâces ; Sous-direction de la justice criminelle ; Bureau de l'action publique (1970-1971)</relationEntry>
         </resourceRelation>
         <resourceRelation xmlns:xlink="http://www.w3.org/1999/xlink"
                           resourceRelationType="subjectOf"
                           xlink:href="FRAN_IR_012282"
                           xlink:type="simple">
            <relationEntry localType="archival">Justice ; Direction des affaires criminelles et des grâces ; Sous-direction de la justice criminelle ; Bureau de l'action publique (1971-1971)</relationEntry>
         </resourceRelation>
         <resourceRelation xmlns:xlink="http://www.w3.org/1999/xlink"
                           resourceRelationType="subjectOf"
                           xlink:href="FRAN_IR_012357"
                           xlink:type="simple">
            <relationEntry localType="archival">Justice ; Direction des affaires criminelles et des grâces ; Sous-direction de la justice criminelle ; Bureau de l'action publique (1956-1957)</relationEntry>
         </resourceRelation>
         <resourceRelation xmlns:xlink="http://www.w3.org/1999/xlink"
                           resourceRelationType="subjectOf"
                           xlink:href="FRAN_IR_015216"
                           xlink:type="simple">
            <relationEntry localType="archival">Justice ; Direction des affaires criminelles et des grâces ; Sous-direction de la justice criminelle ; Bureau de l'action pubique (1980-1980)</relationEntry>
         </resourceRelation>
         <resourceRelation xmlns:xlink="http://www.w3.org/1999/xlink"
                           resourceRelationType="subjectOf"
                           xlink:href="FRAN_IR_017896"
                           xlink:type="simple">
            <relationEntry localType="archival">Justice ; Direction des affaires criminelles et des grâces ; Sous-direction de la justice criminelle ; Bureau de l'action publique (1976-1977)</relationEntry>
         </resourceRelation>
         <resourceRelation xmlns:xlink="http://www.w3.org/1999/xlink"
                           resourceRelationType="subjectOf"
                           xlink:href="FRAN_IR_018039"
                           xlink:type="simple">
            <relationEntry localType="archival">Justice ; Direction des affaires criminelles et des grâces ; Sous-direction de la justice criminelle ; Bureau de l'action publique (1978-1979)</relationEntry>
         </resourceRelation>
         <resourceRelation xmlns:xlink="http://www.w3.org/1999/xlink"
                           resourceRelationType="subjectOf"
                           xlink:href="FRAN_IR_018866"
                           xlink:type="simple">
            <relationEntry localType="archival">Justice ; Direction des affaires criminelles et des grâces ; Sous-direction de la justice criminelle ; Bureau de l'action pubique (1957-1975)</relationEntry>
         </resourceRelation>
         <resourceRelation xmlns:xlink="http://www.w3.org/1999/xlink"
                           resourceRelationType="subjectOf"
                           xlink:href="FRAN_IR_019108"
                           xlink:type="simple">
            <relationEntry localType="archival">Justice ; Direction des affaires criminelles et des grâces ; Sous-direction de la justice criminelle ; Bureau de l'action pubique (1987-1987)</relationEntry>
         </resourceRelation>
         <resourceRelation xmlns:xlink="http://www.w3.org/1999/xlink"
                           resourceRelationType="subjectOf"
                           xlink:href="FRAN_IR_009597"
                           xlink:type="simple">
            <relationEntry localType="archival">Justice ; Direction des affaires criminelles et des grâces ; Sous-direction de la justice criminelle ; Bureau de l'action pubique (1940-1955)</relationEntry>
         </resourceRelation>
         <resourceRelation xmlns:xlink="http://www.w3.org/1999/xlink"
                           resourceRelationType="subjectOf"
                           xlink:href="FRAN_IR_010112"
                           xlink:type="simple">
            <relationEntry localType="archival">Justice ; Direction des affaires criminelles et des grâces ; Sous-direction de la justice criminelle ; Bureau de l'action publique (1965-1990)</relationEntry>
         </resourceRelation>
         <resourceRelation xmlns:xlink="http://www.w3.org/1999/xlink"
                           resourceRelationType="subjectOf"
                           xlink:href="FRAN_IR_010139"
                           xlink:type="simple">
            <relationEntry localType="archival">Justice ; Direction des affaires criminelles et des grâces ; Sous-direction de la justice criminelle ; Bureau de l'action publique (1948-1991)</relationEntry>
         </resourceRelation>
         <resourceRelation xmlns:xlink="http://www.w3.org/1999/xlink"
                           resourceRelationType="subjectOf"
                           xlink:href="FRAN_IR_010152"
                           xlink:type="simple">
            <relationEntry localType="archival">Justice ; Direction des affaires criminelles et des grâces ; Sous-direction de la justice criminelle ; Bureau de l'action publique (1947-1994)</relationEntry>
         </resourceRelation>
         <resourceRelation xmlns:xlink="http://www.w3.org/1999/xlink"
                           resourceRelationType="subjectOf"
                           xlink:href="FRAN_IR_010170"
                           xlink:type="simple">
            <relationEntry localType="archival">Justice ; Direction des affaires criminelles et des grâces ; Sous-direction de la justice criminelle ; Bureau de l'action publique (1988-1988)</relationEntry>
         </resourceRelation>
         <resourceRelation xmlns:xlink="http://www.w3.org/1999/xlink"
                           resourceRelationType="subjectOf"
                           xlink:href="FRAN_IR_010169"
                           xlink:type="simple">
            <relationEntry localType="archival">Justice ; Direction des affaires criminelles et des grâces ; Sous-direction de la justice criminelle ; Bureau de l'action publique (1987-1987)</relationEntry>
         </resourceRelation>
         <resourceRelation xmlns:xlink="http://www.w3.org/1999/xlink"
                           resourceRelationType="subjectOf"
                           xlink:href="FRAN_IR_010171"
                           xlink:type="simple">
            <relationEntry localType="archival">Justice ; Direction des affaires criminelles et des grâces ; Sous-direction de la justice criminelle ; Bureau de l'action publique (1989-1989)</relationEntry>
         </resourceRelation>
         <resourceRelation xmlns:xlink="http://www.w3.org/1999/xlink"
                           resourceRelationType="subjectOf"
                           xlink:href="FRAN_IR_010172"
                           xlink:type="simple">
            <relationEntry localType="archival">Justice ; Direction des affaires criminelles et des grâces ; Sous-direction de la justice criminelle ; Bureau de l'action publique (1990-1990)</relationEntry>
         </resourceRelation>
         <resourceRelation xmlns:xlink="http://www.w3.org/1999/xlink"
                           resourceRelationType="subjectOf"
                           xlink:href="FRAN_IR_010173"
                           xlink:type="simple">
            <relationEntry localType="archival">Justice ; Direction des affaires criminelles et des grâces ; Sous-direction de la justice criminelle ; Bureau de l'action publique (1991-1991)</relationEntry>
         </resourceRelation>
         <resourceRelation xmlns:xlink="http://www.w3.org/1999/xlink"
                           resourceRelationType="subjectOf"
                           xlink:href="FRAN_IR_010174"
                           xlink:type="simple">
            <relationEntry localType="archival">Justice ; Direction des affaires criminelles et des grâces ; Sous-direction de la justice criminelle ; Bureau de l'action publique (1959-1994)</relationEntry>
         </resourceRelation>
         <resourceRelation xmlns:xlink="http://www.w3.org/1999/xlink"
                           resourceRelationType="subjectOf"
                           xlink:href="FRAN_IR_010175"
                           xlink:type="simple">
            <relationEntry localType="archival">Justice ; Direction des affaires criminelles et des grâces ; Sous-direction de la justice criminelle ; Bureau de l'action publique (1961-1978)</relationEntry>
         </resourceRelation>
         <resourceRelation xmlns:xlink="http://www.w3.org/1999/xlink"
                           resourceRelationType="subjectOf"
                           xlink:href="FRAN_IR_010176"
                           xlink:type="simple">
            <relationEntry localType="archival">Justice ; Direction des affaires criminelles et des grâces ; Sous-direction de la justice criminelle ; Bureau de l'action publique (1946-1985)</relationEntry>
         </resourceRelation>
         <resourceRelation xmlns:xlink="http://www.w3.org/1999/xlink"
                           resourceRelationType="subjectOf"
                           xlink:href="FRAN_IR_010179"
                           xlink:type="simple">
            <relationEntry localType="archival">Justice ; Direction des affaires criminelles et des grâces ; Sous-direction de la justice criminelle ; Bureau de l'action publique (1961-1990)</relationEntry>
         </resourceRelation>
         <resourceRelation xmlns:xlink="http://www.w3.org/1999/xlink"
                           resourceRelationType="subjectOf"
                           xlink:href="FRAN_IR_010198"
                           xlink:type="simple">
            <relationEntry localType="archival">Justice ; Direction des affaires criminelles et des grâces ; Sous-direction de la justice criminelle ; Bureau de l'action publique (1970-1971)</relationEntry>
         </resourceRelation>
         <resourceRelation xmlns:xlink="http://www.w3.org/1999/xlink"
                           resourceRelationType="subjectOf"
                           xlink:href="FRAN_IR_013434"
                           xlink:type="simple">
            <relationEntry localType="archival">Justice ; Direction des affaires criminelles et des grâces ; Sous-direction de la justice criminelle ; Bureau de l'action publique (1989-1989)</relationEntry>
         </resourceRelation>
         <resourceRelation xmlns:xlink="http://www.w3.org/1999/xlink"
                           resourceRelationType="subjectOf"
                           xlink:href="FRAN_IR_022875"
                           xlink:type="simple">
            <relationEntry localType="archival">Justice ; Direction des affaires criminelles et des grâces ; Sous-direction de la justice criminelle ; Bureau de l'action publique (1960-1968)</relationEntry>
         </resourceRelation>
         <resourceRelation xmlns:xlink="http://www.w3.org/1999/xlink"
                           resourceRelationType="subjectOf"
                           xlink:href="FRAN_IR_022879"
                           xlink:type="simple">
            <relationEntry localType="archival">Justice ; Direction des affaires criminelles et des grâces ; Sous-direction de la justice criminelle ; Bureau de l'action publique (1988-1988)</relationEntry>
         </resourceRelation>
         <resourceRelation xmlns:xlink="http://www.w3.org/1999/xlink"
                           resourceRelationType="subjectOf"
                           xlink:href="FRAN_IR_006047"
                           xlink:type="simple">
            <relationEntry localType="archival">Justice ; Direction des affaires criminelles et des grâces ; Sous-direction de la justice criminelle ; Bureau de l'action publique (1956-1972)</relationEntry>
         </resourceRelation>
         <resourceRelation xmlns:xlink="http://www.w3.org/1999/xlink"
                           resourceRelationType="subjectOf"
                           xlink:href="FRAN_IR_009867"
                           xlink:type="simple">
            <relationEntry localType="archival">Justice ; Direction des affaires criminelles et des grâces ; Sous-direction de la justice criminelle ; Bureau de l'action pubique (1984-1984)</relationEntry>
         </resourceRelation>
         <resourceRelation xmlns:xlink="http://www.w3.org/1999/xlink"
                           resourceRelationType="subjectOf"
                           xlink:href="FRAN_IR_012081"
                           xlink:type="simple">
            <relationEntry localType="archival">Justice ; Direction des affaires criminelles et des grâces ; Sous-direction de la justice criminelle ; Bureau de l'action publique (1961-1962)</relationEntry>
         </resourceRelation>
         <resourceRelation xmlns:xlink="http://www.w3.org/1999/xlink"
                           resourceRelationType="subjectOf"
                           xlink:href="FRAN_IR_012344"
                           xlink:type="simple">
            <relationEntry localType="archival">Justice ; Direction des affaires criminelles et des grâces ; Sous-direction de la justice criminelle ; Bureau de l'action publique (1961-1962)</relationEntry>
         </resourceRelation>
         <resourceRelation xmlns:xlink="http://www.w3.org/1999/xlink"
                           resourceRelationType="subjectOf"
                           xlink:href="FRAN_IR_012164"
                           xlink:type="simple">
            <relationEntry localType="archival">Justice ; Direction des affaires criminelles et des grâces ; Sous-direction de la justice criminelle ; Bureau de l'action publique (1958-1963)</relationEntry>
         </resourceRelation>
         <resourceRelation xmlns:xlink="http://www.w3.org/1999/xlink"
                           resourceRelationType="subjectOf"
                           xlink:href="FRAN_IR_018865"
                           xlink:type="simple">
            <relationEntry localType="archival">Justice ; Direction des affaires criminelles et des grâces ; Sous-direction de la justice criminelle ; Bureau de l'action pubique (1963-1984)</relationEntry>
         </resourceRelation>
      </relations>
   </cpfDescription>
</eac-cpf>
