<eac-cpf xmlns="urn:isbn:1-931666-33-4"
         xmlns:xsi="http://www.w3.org/2001/XMLSchema-instance"
         xsi:schemaLocation="urn:isbn:1-931666-33-4 cpf.xsd">
   <control>
      <recordId>FRAN_NP_000388</recordId>
      <otherRecordId localType="Ancien_identifiant">2100/DV</otherRecordId>
      <maintenanceStatus>derived</maintenanceStatus>
      <maintenanceAgency>
         <agencyName>Archives nationales de France</agencyName>
      </maintenanceAgency>
      <languageDeclaration>
         <language languageCode="fre">Français</language>
         <script scriptCode="Latn"/>
      </languageDeclaration>
      <conventionDeclaration>
         <citation>Notice établie conformément à la norme ICA-ISAAR (CPF) 2004, aux normes ISO 8601 pour le système de normalisation des dates utilisé, ainsi que AFNOR NF Z 44-061, juin 1986. Catalogage : forme et structure des vedettes noms de personne, des vedettes titres, des rubriques de classement et des titres forgés.</citation>
      </conventionDeclaration>
      <localControl localType="niveau_de_detail">
         <term>Moyenne</term>
      </localControl>
      <maintenanceHistory>
         <maintenanceEvent>
            <eventType>derived</eventType>
            <eventDateTime>2013-04-23</eventDateTime>
            <agentType>machine</agentType>
            <agent>Import_SIA</agent>
         </maintenanceEvent>
      </maintenanceHistory>
   </control>
   <cpfDescription>
      <identity>
         <entityType>corporateBody</entityType>
         <nameEntry scriptCode="Latn" localType="autorisée" xml:lang="fre">
            <part>Cabinet de Nicole Guedj, secrétaire d'État aux Droits des victimes</part>
         </nameEntry>
      </identity>
      <description>
         <existDates>
            <dateRange>
               <fromDate standardDate="2004-03-31">31 mars 2004</fromDate>
               <toDate standardDate="2005-05-31">31 mai 2005</toDate>
            </dateRange>
         </existDates>
         <legalStatuses>
            <legalStatus>
               <term vocabularySource="d5blonb04s-1nqrprwwl75h0">cabinet ministériel</term>
            </legalStatus>
         </legalStatuses>
      </description>
      <relations>
         <cpfRelation xmlns:xlink="http://www.w3.org/1999/xlink"
                      cpfRelationType="hierarchical-parent"
                      xlink:href="FRAN_NP_000390"
                      xlink:type="simple">
            <relationEntry>Cabinets des secrétaires d'État auprès du ministre de la Justice</relationEntry>
            <dateRange>
               <fromDate standardDate="2004-03-31">31 mars 2004</fromDate>
               <toDate standardDate="2005-05-31">31 mai 2005</toDate>
            </dateRange>
         </cpfRelation>
         <resourceRelation xmlns:xlink="http://www.w3.org/1999/xlink"
                           resourceRelationType="subjectOf"
                           xlink:href="FRAN_IR_024003"
                           xlink:type="simple">
            <relationEntry localType="archival">Justice ; Ministères et secrétariat d'Etat délégués ; Secrétariat d'Etat aux droits des victimes (2004-2005)</relationEntry>
         </resourceRelation>
         <resourceRelation xmlns:xlink="http://www.w3.org/1999/xlink"
                           resourceRelationType="subjectOf"
                           xlink:href="FRAN_IR_024004"
                           xlink:type="simple">
            <relationEntry localType="archival">Justice ; Ministères et secrétariat d'Etat délégués ; Secrétariat d'Etat aux droits des victimes (2004-2005)</relationEntry>
         </resourceRelation>
         <resourceRelation xmlns:xlink="http://www.w3.org/1999/xlink"
                           resourceRelationType="subjectOf"
                           xlink:href="FRAN_IR_024006"
                           xlink:type="simple">
            <relationEntry localType="archival">Justice ; Ministères et secrétariat d'Etat délégués ; Secrétariat d'Etat aux droits des victimes (2004-2005)</relationEntry>
         </resourceRelation>
         <resourceRelation xmlns:xlink="http://www.w3.org/1999/xlink"
                           resourceRelationType="subjectOf"
                           xlink:href="FRAN_IR_024005"
                           xlink:type="simple">
            <relationEntry localType="archival">Justice ; Ministères et secrétariat d'Etat délégués ; Secrétariat d'Etat aux droits des victimes (2004-2004)</relationEntry>
         </resourceRelation>
         <resourceRelation xmlns:xlink="http://www.w3.org/1999/xlink"
                           resourceRelationType="subjectOf"
                           xlink:href="FRAN_IR_024007"
                           xlink:type="simple">
            <relationEntry localType="archival">Justice ; Ministères et secrétariat d'Etat délégués ; Secrétariat d'Etat aux droits des victimes (1992-2005)</relationEntry>
         </resourceRelation>
         <resourceRelation xmlns:xlink="http://www.w3.org/1999/xlink"
                           resourceRelationType="subjectOf"
                           xlink:href="FRAN_IR_026550"
                           xlink:type="simple">
            <relationEntry localType="archival">Justice ; Ministères et secrétariat d'Etat délégués ; Secrétariat d'Etat aux droits des victimes (2001-2005)</relationEntry>
         </resourceRelation>
         <resourceRelation xmlns:xlink="http://www.w3.org/1999/xlink"
                           resourceRelationType="subjectOf"
                           xlink:href="FRAN_IR_026552"
                           xlink:type="simple">
            <relationEntry localType="archival">Justice ; Ministères et secrétariat d'Etat délégués ; Secrétariat d'Etat aux droits des victimes (2004-2005)</relationEntry>
         </resourceRelation>
         <resourceRelation xmlns:xlink="http://www.w3.org/1999/xlink"
                           resourceRelationType="subjectOf"
                           xlink:href="FRAN_IR_026551"
                           xlink:type="simple">
            <relationEntry localType="archival">Justice ; Ministères et secrétariat d'Etat délégués ; Secrétariat d'Etat aux droits des victimes (2002-2005)</relationEntry>
         </resourceRelation>
         <resourceRelation xmlns:xlink="http://www.w3.org/1999/xlink"
                           resourceRelationType="subjectOf"
                           xlink:href="FRAN_IR_026553"
                           xlink:type="simple">
            <relationEntry localType="archival">Justice ; Ministères et secrétariat d'Etat délégués ; Secrétariat d'Etat aux droits des victimes (1991-2005)</relationEntry>
         </resourceRelation>
         <resourceRelation xmlns:xlink="http://www.w3.org/1999/xlink"
                           resourceRelationType="subjectOf"
                           xlink:href="FRAN_IR_026554"
                           xlink:type="simple">
            <relationEntry localType="archival">Justice ; Ministères et secrétariat d'Etat délégués ; Secrétariat d'Etat aux droits des victimes (1996-2005)</relationEntry>
         </resourceRelation>
      </relations>
   </cpfDescription>
</eac-cpf>
