<eac-cpf xmlns="urn:isbn:1-931666-33-4"
         xmlns:xsi="http://www.w3.org/2001/XMLSchema-instance"
         xsi:schemaLocation="urn:isbn:1-931666-33-4 cpf.xsd">
   <control>
      <recordId>FRAN_NP_000003</recordId>
      <otherRecordId localType="Ancien_identifiant">40</otherRecordId>
      <maintenanceStatus>revised</maintenanceStatus>
      <maintenanceAgency>
         <agencyName>Archives nationales de France</agencyName>
      </maintenanceAgency>
      <languageDeclaration>
         <language languageCode="fre">Français</language>
         <script scriptCode="Latn"/>
      </languageDeclaration>
      <conventionDeclaration>
         <citation>Notice établie conformément à la norme ICA-ISAAR (CPF) 2004, aux normes ISO 8601 pour le système de normalisation des dates utilisé, ainsi que AFNOR NF Z 44-061, juin 1986. Catalogage : forme et structure des vedettes noms de personne, des vedettes titres, des rubriques de classement et des titres forgés.</citation>
      </conventionDeclaration>
      <localControl localType="niveau_de_detail">
         <term>Élémentaire</term>
      </localControl>
      <maintenanceHistory>
         <maintenanceEvent>
            <eventType>derived</eventType>
            <eventDateTime>2013-04-23</eventDateTime>
            <agentType>machine</agentType>
            <agent>Import_SIA</agent>
         </maintenanceEvent>
         <maintenanceEvent>
            <eventType>revised</eventType>
            <eventDateTime>2013-08-09</eventDateTime>
            <agentType>human</agentType>
            <agent>Blandine WAGNER</agent>
         </maintenanceEvent>
      </maintenanceHistory>
   </control>
   <cpfDescription>
      <identity>
         <entityType>corporateBody</entityType>
         <nameEntry scriptCode="Latn" localType="autorisée" xml:lang="fre">
            <part>Administration centrale des ministères chargés des affaires sociales</part>
         </nameEntry>
      </identity>
      <description>
         <existDates>
            <dateRange>
               <fromDate standardDate="1969-06-22">22 juin 1969</fromDate>
            </dateRange>
         </existDates>
         <legalStatuses>
            <legalStatus>
               <term vocabularySource="d5blonaxbw--1mt8t42bokzts">service d'administration centrale</term>
            </legalStatus>
         </legalStatuses>
      </description>
      <relations>
         <cpfRelation xmlns:xlink="http://www.w3.org/1999/xlink"
                      cpfRelationType="hierarchical-child"
                      xlink:href="FRAN_NP_000364"
                      xlink:type="simple">
            <relationEntry>Délégation nationale à l'action éducatrice, sociale et culturelle pour les rapatriés</relationEntry>
            <dateRange>
               <fromDate standardDate="1983-03-22">22 mars 1983</fromDate>
               <toDate standardDate="1984-12-31">1984</toDate>
            </dateRange>
         </cpfRelation>
         <cpfRelation xmlns:xlink="http://www.w3.org/1999/xlink"
                      cpfRelationType="hierarchical-child"
                      xlink:href="FRAN_NP_000375"
                      xlink:type="simple">
            <relationEntry>Délégué aux rapatriés</relationEntry>
            <dateRange>
               <fromDate standardDate="1997-06-04">4 juin 1997</fromDate>
               <toDate standardDate="2002-12-31">2002</toDate>
            </dateRange>
         </cpfRelation>
         <cpfRelation xmlns:xlink="http://www.w3.org/1999/xlink"
                      cpfRelationType="hierarchical-child"
                      xlink:href="FRAN_NP_004109"
                      xlink:type="simple">
            <relationEntry>Direction de l'administration générale, du personnel et du budget (ministères chargés des affaires sociales)</relationEntry>
            <dateRange>
               <fromDate standardDate="1969-06-22">22 juin 1969</fromDate>
               <toDate standardDate="1990-12-31">1990</toDate>
            </dateRange>
         </cpfRelation>
         <cpfRelation xmlns:xlink="http://www.w3.org/1999/xlink"
                      cpfRelationType="hierarchical-child"
                      xlink:href="FRAN_NP_004113"
                      xlink:type="simple">
            <relationEntry>Contrôle financier (ministères chargés des affaires sociales)</relationEntry>
            <dateRange>
               <fromDate standardDate="1976-01-01">1976</fromDate>
            </dateRange>
         </cpfRelation>
         <cpfRelation xmlns:xlink="http://www.w3.org/1999/xlink"
                      cpfRelationType="hierarchical-child"
                      xlink:href="FRAN_NP_004117"
                      xlink:type="simple">
            <relationEntry>Division des relations internationales (ministères chargés des affaires sociales)</relationEntry>
            <dateRange>
               <fromDate standardDate="1969-06-22">22 juin 1969</fromDate>
               <toDate standardDate="1997-12-31">1997</toDate>
            </dateRange>
         </cpfRelation>
         <cpfRelation xmlns:xlink="http://www.w3.org/1999/xlink"
                      cpfRelationType="hierarchical-child"
                      xlink:href="FRAN_NP_004126"
                      xlink:type="simple">
            <relationEntry>Service des statistiques, des études et des systèmes d'information (ministères chargés de la santé et de la solidarité)</relationEntry>
            <dateRange>
               <fromDate standardDate="1982-01-01">1982</fromDate>
               <toDate standardDate="1998-12-31">1998</toDate>
            </dateRange>
         </cpfRelation>
         <cpfRelation xmlns:xlink="http://www.w3.org/1999/xlink"
                      cpfRelationType="hierarchical-child"
                      xlink:href="FRAN_NP_004133"
                      xlink:type="simple">
            <relationEntry>Mission d'assistance technique aux hôpitaux</relationEntry>
            <dateRange>
               <fromDate standardDate="1978-01-01">1978</fromDate>
               <toDate standardDate="1981-12-31">1981</toDate>
            </dateRange>
         </cpfRelation>
         <cpfRelation xmlns:xlink="http://www.w3.org/1999/xlink"
                      cpfRelationType="hierarchical-child"
                      xlink:href="FRAN_NP_004229"
                      xlink:type="simple">
            <relationEntry>Direction générale de la santé</relationEntry>
            <dateRange>
               <fromDate standardDate="1969-06-22">22 juin 1969</fromDate>
            </dateRange>
         </cpfRelation>
         <cpfRelation xmlns:xlink="http://www.w3.org/1999/xlink"
                      cpfRelationType="hierarchical-child"
                      xlink:href="FRAN_NP_004327"
                      xlink:type="simple">
            <relationEntry>Direction des hôpitaux</relationEntry>
            <dateRange>
               <fromDate standardDate="1970-01-01">1970</fromDate>
               <toDate standardDate="2000-12-31">2000</toDate>
            </dateRange>
         </cpfRelation>
         <cpfRelation xmlns:xlink="http://www.w3.org/1999/xlink"
                      cpfRelationType="hierarchical-child"
                      xlink:href="FRAN_NP_004357"
                      xlink:type="simple">
            <relationEntry>Direction de la pharmacie et du médicament</relationEntry>
            <dateRange>
               <fromDate standardDate="1970-01-01">1970</fromDate>
               <toDate standardDate="1993-12-31">1993</toDate>
            </dateRange>
         </cpfRelation>
         <cpfRelation xmlns:xlink="http://www.w3.org/1999/xlink"
                      cpfRelationType="hierarchical-child"
                      xlink:href="FRAN_NP_004413"
                      xlink:type="simple">
            <relationEntry>Direction générale de l'action sociale</relationEntry>
            <dateRange>
               <fromDate standardDate="1969-06-22">22 juin 1969</fromDate>
               <toDate standardDate="2010-12-31">2010</toDate>
            </dateRange>
         </cpfRelation>
         <cpfRelation xmlns:xlink="http://www.w3.org/1999/xlink"
                      cpfRelationType="hierarchical-child"
                      xlink:href="FRAN_NP_004840"
                      xlink:type="simple">
            <relationEntry>Direction de l'administration générale et de la modernisation des services (ministères chargés du travail et de l'emploi)</relationEntry>
            <dateRange>
               <fromDate standardDate="1990-01-01">1990</fromDate>
            </dateRange>
         </cpfRelation>
         <cpfRelation xmlns:xlink="http://www.w3.org/1999/xlink"
                      cpfRelationType="hierarchical-child"
                      xlink:href="FRAN_NP_004762"
                      xlink:type="simple">
            <relationEntry>Direction de l'animation de la recherche, des études et des statistiques (ministères chargés du travail et de l'emploi)</relationEntry>
            <dateRange>
               <fromDate standardDate="1975-01-01">1975</fromDate>
            </dateRange>
         </cpfRelation>
         <cpfRelation xmlns:xlink="http://www.w3.org/1999/xlink"
                      cpfRelationType="hierarchical-child"
                      xlink:href="FRAN_NP_004730"
                      xlink:type="simple">
            <relationEntry>Direction générale du travail</relationEntry>
            <dateRange>
               <fromDate standardDate="1975-01-01">1975</fromDate>
            </dateRange>
         </cpfRelation>
         <cpfRelation xmlns:xlink="http://www.w3.org/1999/xlink"
                      cpfRelationType="hierarchical-child"
                      xlink:href="FRAN_NP_004692"
                      xlink:type="simple">
            <relationEntry>Délégation à l'emploi</relationEntry>
            <dateRange>
               <fromDate standardDate="1975-01-01">1975</fromDate>
               <toDate standardDate="1997-12-31">1997</toDate>
            </dateRange>
         </cpfRelation>
         <cpfRelation xmlns:xlink="http://www.w3.org/1999/xlink"
                      cpfRelationType="hierarchical-child"
                      xlink:href="FRAN_NP_004636"
                      xlink:type="simple">
            <relationEntry>Direction de la sécurité sociale</relationEntry>
            <dateRange>
               <fromDate standardDate="1970-01-01">1970</fromDate>
            </dateRange>
         </cpfRelation>
         <cpfRelation xmlns:xlink="http://www.w3.org/1999/xlink"
                      cpfRelationType="hierarchical-child"
                      xlink:href="FRAN_NP_004541"
                      xlink:type="simple">
            <relationEntry>Direction de la recherche, des études, de l'évaluation et des statistiques (ministères chargés de la santé et de la solidarité)</relationEntry>
            <dateRange>
               <fromDate standardDate="1998-01-01">1998</fromDate>
            </dateRange>
         </cpfRelation>
         <cpfRelation xmlns:xlink="http://www.w3.org/1999/xlink"
                      cpfRelationType="hierarchical-child"
                      xlink:href="FRAN_NP_004511"
                      xlink:type="simple">
            <relationEntry>Direction de la population et des migrations (1981-2007)</relationEntry>
            <dateRange>
               <fromDate standardDate="1981-01-01">1981</fromDate>
               <toDate standardDate="2007-12-31">2007</toDate>
            </dateRange>
         </cpfRelation>
         <cpfRelation xmlns:xlink="http://www.w3.org/1999/xlink"
                      cpfRelationType="hierarchical-child"
                      xlink:href="FRAN_NP_004971"
                      xlink:type="simple">
            <relationEntry>Direction générale de la cohésion sociale</relationEntry>
            <dateRange>
               <fromDate standardDate="2010-01-01">2010</fromDate>
            </dateRange>
         </cpfRelation>
         <cpfRelation xmlns:xlink="http://www.w3.org/1999/xlink"
                      cpfRelationType="hierarchical-child"
                      xlink:href="FRAN_NP_004054"
                      xlink:type="simple">
            <relationEntry>Mission des Archives de France (ministères chargés des affaires sociales)</relationEntry>
            <dateRange>
               <fromDate standardDate="1976-01-01">1976</fromDate>
            </dateRange>
         </cpfRelation>
         <cpfRelation xmlns:xlink="http://www.w3.org/1999/xlink"
                      cpfRelationType="hierarchical-child"
                      xlink:href="FRAN_NP_004052"
                      xlink:type="simple">
            <relationEntry>Haut fonctionnaire de défense (ministères chargés des affaires sociales)</relationEntry>
            <dateRange>
               <fromDate standardDate="1976-01-01">1976</fromDate>
            </dateRange>
         </cpfRelation>
         <cpfRelation xmlns:xlink="http://www.w3.org/1999/xlink"
                      cpfRelationType="hierarchical-child"
                      xlink:href="FRAN_NP_004051"
                      xlink:type="simple">
            <relationEntry>Délégation interministérielle à la ville et au développement social urbain</relationEntry>
            <dateRange>
               <fromDate standardDate="1988-01-01">1988</fromDate>
               <toDate standardDate="2009-12-31">2009</toDate>
            </dateRange>
         </cpfRelation>
         <cpfRelation xmlns:xlink="http://www.w3.org/1999/xlink"
                      cpfRelationType="hierarchical-child"
                      xlink:href="FRAN_NP_004048"
                      xlink:type="simple">
            <relationEntry>Bureau du cabinet (ministères chargés des affaires sociales)</relationEntry>
            <dateRange>
               <fromDate standardDate="1969-06-22">22 juin 1969</fromDate>
            </dateRange>
         </cpfRelation>
         <cpfRelation xmlns:xlink="http://www.w3.org/1999/xlink"
                      cpfRelationType="hierarchical-child"
                      xlink:href="FRAN_NP_007056"
                      xlink:type="simple">
            <relationEntry>Mission interministérielle sur les mutations économiques</relationEntry>
            <dateRange>
               <fromDate standardDate="2003-01-01">2003</fromDate>
               <toDate standardDate="2005-12-31">2005</toDate>
            </dateRange>
         </cpfRelation>
         <cpfRelation xmlns:xlink="http://www.w3.org/1999/xlink"
                      cpfRelationType="hierarchical-child"
                      xlink:href="FRAN_NP_009223"
                      xlink:type="simple">
            <relationEntry>Comité d'histoire de la sécurité sociale</relationEntry>
            <dateRange>
               <fromDate standardDate="1973-01-01">1973</fromDate>
            </dateRange>
         </cpfRelation>
         <cpfRelation xmlns:xlink="http://www.w3.org/1999/xlink"
                      cpfRelationType="hierarchical-child"
                      xlink:href="FRAN_NP_009195"
                      xlink:type="simple">
            <relationEntry>Comité d'histoire de la sécurité sociale II</relationEntry>
            <dateRange>
               <fromDate standardDate="1973-01-01">1973</fromDate>
            </dateRange>
         </cpfRelation>
         <cpfRelation xmlns:xlink="http://www.w3.org/1999/xlink"
                      cpfRelationType="hierarchical-child"
                      xlink:href="FRAN_NP_004049"
                      xlink:type="simple">
            <relationEntry>Bureau des relations publiques (ministères chargés des affaires sociales)</relationEntry>
            <dateRange>
               <fromDate standardDate="1969-06-22">22 juin 1969</fromDate>
            </dateRange>
         </cpfRelation>
         <cpfRelation xmlns:xlink="http://www.w3.org/1999/xlink"
                      cpfRelationType="hierarchical-child"
                      xlink:href="FRAN_NP_004053"
                      xlink:type="simple">
            <relationEntry>Inspection générale des affaires sociales</relationEntry>
            <dateRange>
               <fromDate standardDate="1969-06-22">22 juin 1969</fromDate>
            </dateRange>
         </cpfRelation>
         <cpfRelation xmlns:xlink="http://www.w3.org/1999/xlink"
                      cpfRelationType="hierarchical-child"
                      xlink:href="FRAN_NP_004055"
                      xlink:type="simple">
            <relationEntry>Bureau de presse, d'information et des œuvres (ministères chargés des affaires sociales)</relationEntry>
            <dateRange>
               <fromDate standardDate="1976-01-01">1976</fromDate>
            </dateRange>
         </cpfRelation>
         <cpfRelation xmlns:xlink="http://www.w3.org/1999/xlink"
                      cpfRelationType="hierarchical-child"
                      xlink:href="FRAN_NP_004955"
                      xlink:type="simple">
            <relationEntry>Direction générale de l'offre de soins</relationEntry>
            <dateRange>
               <fromDate standardDate="2000-01-01">2000</fromDate>
            </dateRange>
         </cpfRelation>
         <cpfRelation xmlns:xlink="http://www.w3.org/1999/xlink"
                      cpfRelationType="hierarchical-child"
                      xlink:href="FRAN_NP_004987"
                      xlink:type="simple">
            <relationEntry>Délégation à l'information et à la communication (ministères chargés des affaires sociales)</relationEntry>
            <dateRange>
               <fromDate standardDate="2006-01-01">2006</fromDate>
            </dateRange>
         </cpfRelation>
         <cpfRelation xmlns:xlink="http://www.w3.org/1999/xlink"
                      cpfRelationType="hierarchical-child"
                      xlink:href="FRAN_NP_009621"
                      xlink:type="simple">
            <relationEntry>Direction de l'assurance maladie et des caisses de sécurité sociale</relationEntry>
            <dateRange>
               <fromDate standardDate="1969-06-22">22 juin 1969</fromDate>
               <toDate standardDate="1970-12-31">1970</toDate>
            </dateRange>
         </cpfRelation>
         <cpfRelation xmlns:xlink="http://www.w3.org/1999/xlink"
                      cpfRelationType="hierarchical-child"
                      xlink:href="FRAN_NP_004542"
                      xlink:type="simple">
            <relationEntry>Délégation interministérielle au revenu minimum d'insertion</relationEntry>
            <dateRange>
               <fromDate standardDate="1988-01-01">1988</fromDate>
               <toDate standardDate="2000-12-31">2000</toDate>
            </dateRange>
         </cpfRelation>
         <cpfRelation xmlns:xlink="http://www.w3.org/1999/xlink"
                      cpfRelationType="hierarchical-child"
                      xlink:href="FRAN_NP_004638"
                      xlink:type="simple">
            <relationEntry>Comité interministériel de coordination en matière de sécurité sociale</relationEntry>
            <dateRange>
               <fromDate standardDate="1969-06-22">22 juin 1969</fromDate>
               <toDate standardDate="2004-12-31">2004</toDate>
            </dateRange>
         </cpfRelation>
         <cpfRelation xmlns:xlink="http://www.w3.org/1999/xlink"
                      cpfRelationType="hierarchical-child"
                      xlink:href="FRAN_NP_004659"
                      xlink:type="simple">
            <relationEntry>Mission de liaison interministérielle pour la lutte contre le travail clandestin, l'emploi non déclaré et les trafics de main-d'œuvre</relationEntry>
            <dateRange>
               <fromDate standardDate="1976-01-01">1976</fromDate>
               <toDate standardDate="1997-12-31">1997</toDate>
            </dateRange>
         </cpfRelation>
         <cpfRelation xmlns:xlink="http://www.w3.org/1999/xlink"
                      cpfRelationType="hierarchical-child"
                      xlink:href="FRAN_NP_004685"
                      xlink:type="simple">
            <relationEntry>Service de l'emploi et de la formation professionnelle</relationEntry>
            <dateRange>
               <fromDate standardDate="1969-06-22">22 juin 1969</fromDate>
               <toDate standardDate="1975-12-31">1975</toDate>
            </dateRange>
         </cpfRelation>
         <cpfRelation xmlns:xlink="http://www.w3.org/1999/xlink"
                      cpfRelationType="hierarchical-child"
                      xlink:href="FRAN_NP_004771"
                      xlink:type="simple">
            <relationEntry>Délégation à la formation professionnelle</relationEntry>
            <dateRange>
               <fromDate standardDate="1984-01-01">1984</fromDate>
               <toDate standardDate="1997-12-31">1997</toDate>
            </dateRange>
         </cpfRelation>
         <cpfRelation xmlns:xlink="http://www.w3.org/1999/xlink"
                      cpfRelationType="hierarchical-child"
                      xlink:href="FRAN_NP_004781"
                      xlink:type="simple">
            <relationEntry>Direction de la population et des migrations (1966-1980)</relationEntry>
            <dateRange>
               <fromDate standardDate="1969-06-22">22 juin 1969</fromDate>
               <toDate standardDate="1980-12-31">1980</toDate>
            </dateRange>
         </cpfRelation>
         <cpfRelation xmlns:xlink="http://www.w3.org/1999/xlink"
                      cpfRelationType="hierarchical-child"
                      xlink:href="FRAN_NP_004489"
                      xlink:type="simple">
            <relationEntry>Direction de l'administration générale, du personnel et du budget (ministères chargés de la santé et de la solidarité)</relationEntry>
            <dateRange>
               <fromDate standardDate="1990-01-01">1990</fromDate>
               <toDate standardDate="2009-12-31">2009</toDate>
            </dateRange>
         </cpfRelation>
         <cpfRelation xmlns:xlink="http://www.w3.org/1999/xlink"
                      cpfRelationType="hierarchical-child"
                      xlink:href="FRAN_NP_004491"
                      xlink:type="simple">
            <relationEntry>Service de l'information et de la communication (ministères chargés de la santé et de la solidarité)</relationEntry>
            <dateRange>
               <fromDate standardDate="1990-01-01">1990</fromDate>
               <toDate standardDate="2006-12-31">2006</toDate>
            </dateRange>
         </cpfRelation>
         <cpfRelation xmlns:xlink="http://www.w3.org/1999/xlink"
                      cpfRelationType="hierarchical-child"
                      xlink:href="FRAN_NP_004912"
                      xlink:type="simple">
            <relationEntry>Délégation générale à l'emploi et à la formation professionnelle</relationEntry>
            <dateRange>
               <fromDate standardDate="2010-11-14">14 novembre 2010</fromDate>
            </dateRange>
         </cpfRelation>
         <cpfRelation xmlns:xlink="http://www.w3.org/1999/xlink"
                      cpfRelationType="hierarchical-child"
                      xlink:href="FRAN_NP_004915"
                      xlink:type="simple">
            <relationEntry>Délégation interministérielle à l'insertion professionnelle et sociale des jeunes en difficulté</relationEntry>
            <dateRange>
               <fromDate standardDate="1983-01-01">1983</fromDate>
               <toDate standardDate="2002-12-31">2002</toDate>
            </dateRange>
         </cpfRelation>
         <cpfRelation xmlns:xlink="http://www.w3.org/1999/xlink"
                      cpfRelationType="hierarchical-child"
                      xlink:href="FRAN_NP_004916"
                      xlink:type="simple">
            <relationEntry>Délégation interministérielle à la lutte contre le travail illégal</relationEntry>
            <dateRange>
               <fromDate standardDate="1997-01-01">1997</fromDate>
               <toDate standardDate="2008-12-31">2008</toDate>
            </dateRange>
         </cpfRelation>
         <cpfRelation xmlns:xlink="http://www.w3.org/1999/xlink"
                      cpfRelationType="hierarchical-child"
                      xlink:href="FRAN_NP_004917"
                      xlink:type="simple">
            <relationEntry>Groupe permanent de lutte contre l'illettrisme</relationEntry>
            <dateRange>
               <fromDate standardDate="1984-01-01">1984</fromDate>
               <toDate standardDate="2000-12-31">2000</toDate>
            </dateRange>
         </cpfRelation>
         <cpfRelation xmlns:xlink="http://www.w3.org/1999/xlink"
                      cpfRelationType="hierarchical-child"
                      xlink:href="FRAN_NP_005843"
                      xlink:type="simple">
            <relationEntry>Direction des ressources humaines, de l'administration et de la coordination générale (ministères chargés de la jeunesse, des sports et de la vie associative)</relationEntry>
            <dateRange>
               <fromDate standardDate="2007-05-18">18 mai 2007</fromDate>
               <toDate standardDate="2009-12-31">2009</toDate>
            </dateRange>
         </cpfRelation>
         <cpfRelation xmlns:xlink="http://www.w3.org/1999/xlink"
                      cpfRelationType="hierarchical-child"
                      xlink:href="FRAN_NP_005897"
                      xlink:type="simple">
            <relationEntry>Direction des sports</relationEntry>
            <dateRange>
               <fromDate standardDate="2007-05-18">18 mai 2007</fromDate>
            </dateRange>
         </cpfRelation>
         <cpfRelation xmlns:xlink="http://www.w3.org/1999/xlink"
                      cpfRelationType="hierarchical-child"
                      xlink:href="FRAN_NP_005967"
                      xlink:type="simple">
            <relationEntry>Direction de la jeunesse, de l'éducation populaire et de la vie associative</relationEntry>
            <dateRange>
               <fromDate standardDate="2007-05-18">18 mai 2007</fromDate>
            </dateRange>
         </cpfRelation>
         <cpfRelation xmlns:xlink="http://www.w3.org/1999/xlink"
                      cpfRelationType="hierarchical-child"
                      xlink:href="FRAN_NP_005974"
                      xlink:type="simple">
            <relationEntry>Direction de la vie associative, de l'emploi et des formations (ministère chargé de la jeunesse, des sports et de la vie associative)</relationEntry>
            <dateRange>
               <fromDate standardDate="2007-05-18">18 mai 2007</fromDate>
               <toDate standardDate="2008-12-31">2008</toDate>
            </dateRange>
         </cpfRelation>
         <resourceRelation xmlns:xlink="http://www.w3.org/1999/xlink"
                           resourceRelationType="subjectOf"
                           xlink:href="FRAN_IR_015683"
                           xlink:type="simple">
            <relationEntry localType="archival">Affaires sociales santé et ville ; Office des migrations internationales (OMI) (1984-1992)</relationEntry>
         </resourceRelation>
      </relations>
   </cpfDescription>
</eac-cpf>
