<eac-cpf xmlns="urn:isbn:1-931666-33-4"
         xmlns:xsi="http://www.w3.org/2001/XMLSchema-instance"
         xsi:schemaLocation="urn:isbn:1-931666-33-4 cpf.xsd">
   <control>
      <recordId>FRAN_NP_000170</recordId>
      <otherRecordId localType="Ancien_identifiant">1202/FP6</otherRecordId>
      <maintenanceStatus>revised</maintenanceStatus>
      <maintenanceAgency>
         <agencyName>Archives nationales de France</agencyName>
      </maintenanceAgency>
      <languageDeclaration>
         <language languageCode="fre">Français</language>
         <script scriptCode="Latn"/>
      </languageDeclaration>
      <conventionDeclaration>
         <citation>Notice établie conformément à la norme ICA-ISAAR (CPF) 2004, aux normes ISO 8601 pour le système de normalisation des dates utilisé, ainsi que AFNOR NF Z 44-061, juin 1986. Catalogage : forme et structure des vedettes noms de personne, des vedettes titres, des rubriques de classement et des titres forgés.</citation>
      </conventionDeclaration>
      <localControl localType="niveau_de_detail">
         <term>Moyenne</term>
      </localControl>
      <maintenanceHistory>
         <maintenanceEvent>
            <eventType>derived</eventType>
            <eventDateTime>2013-04-23</eventDateTime>
            <agentType>machine</agentType>
            <agent>Import_SIA</agent>
         </maintenanceEvent>
         <maintenanceEvent>
            <eventType>revised</eventType>
            <eventDateTime>2013-08-06</eventDateTime>
            <agentType>human</agentType>
            <agent>Blandine WAGNER</agent>
            <eventDescription>Anciens identifiants : 1202/FP6, 1202/BPCE</eventDescription>
         </maintenanceEvent>
      </maintenanceHistory>
   </control>
   <cpfDescription>
      <identity>
         <entityType>corporateBody</entityType>
         <nameEntry localType="autorisée" scriptCode="Latn" xml:lang="fre">
            <part>Bureau des personnels d'encadrement (direction générale de l'administration et de la fonction publique)</part>
         </nameEntry>
         <nameEntry>
            <part>Bureau B6</part>
            <useDates>
               <dateRange>
                  <fromDate standardDate="2007-01-01">2007</fromDate>
                  <toDate standardDate="2012-12-31">2012</toDate>
               </dateRange>
            </useDates>
         </nameEntry>
         <nameEntry>
            <part>Bureau des personnels de conception et d'encadrement (bureau FP6)</part>
            <useDates>
               <dateRange>
                  <fromDate standardDate="1988-01-01">1988</fromDate>
                  <toDate standardDate="2007-12-31">2007</toDate>
               </dateRange>
            </useDates>
         </nameEntry>
      </identity>
      <description>
         <existDates>
            <dateRange>
               <fromDate standardDate="1988-01-01">1988</fromDate>
               <toDate standardDate="2012-12-31">2012</toDate>
            </dateRange>
         </existDates>
         <legalStatuses>
            <legalStatus>
               <term vocabularySource="d5blonaxbw--1mt8t42bokzts">service d'administration centrale</term>
            </legalStatus>
         </legalStatuses>
      </description>
      <relations>
         <cpfRelation xmlns:xlink="http://www.w3.org/1999/xlink"
                      cpfRelationType="hierarchical-parent"
                      xlink:href="FRAN_NP_000373"
                      xlink:type="simple">
            <relationEntry>Sous-direction des carrières et des rémunérations (direction générale de l'administration et de la fonction publique)</relationEntry>
            <dateRange>
               <fromDate standardDate="2007-01-16">16 janvier 2007</fromDate>
               <toDate standardDate="2012-12-31">2012</toDate>
            </dateRange>
         </cpfRelation>
         <resourceRelation xmlns:xlink="http://www.w3.org/1999/xlink"
                           resourceRelationType="subjectOf"
                           xlink:href="FRAN_IR_013718"
                           xlink:type="simple">
            <relationEntry localType="archival">Premier ministre ; Direction générale de l'administration et de la Fonction publique ; Bureau des personnels de conception et d'encadrement (1964-1986)</relationEntry>
         </resourceRelation>
         <resourceRelation xmlns:xlink="http://www.w3.org/1999/xlink"
                           resourceRelationType="subjectOf"
                           xlink:href="FRAN_IR_013819"
                           xlink:type="simple">
            <relationEntry localType="archival">Premier ministre ; Direction générale de l'administration et de la Fonction publique ; Bureau des personnels de conception et d'encadrement (1959-1997)</relationEntry>
         </resourceRelation>
         <resourceRelation xmlns:xlink="http://www.w3.org/1999/xlink"
                           resourceRelationType="subjectOf"
                           xlink:href="FRAN_IR_016067"
                           xlink:type="simple">
            <relationEntry localType="archival">Premier ministre ; Direction générale de l'administration et de la Fonction publique ; Bureau des personnels de conception et d'encadrement (1946-1989)</relationEntry>
         </resourceRelation>
         <resourceRelation xmlns:xlink="http://www.w3.org/1999/xlink"
                           resourceRelationType="subjectOf"
                           xlink:href="FRAN_IR_023410"
                           xlink:type="simple">
            <relationEntry localType="archival">Premier ministre ; Direction générale de l'administration et de la Fonction publique ; Bureau des personnels de conception et d'encadrement (1966-1997)</relationEntry>
         </resourceRelation>
         <resourceRelation xmlns:xlink="http://www.w3.org/1999/xlink"
                           resourceRelationType="subjectOf"
                           xlink:href="FRAN_IR_013717"
                           xlink:type="simple">
            <relationEntry localType="archival">Premier ministre ; Direction générale de l'administration et de la Fonction publique ; Bureau des personnels de conception et d'encadrement (1998-1998)</relationEntry>
         </resourceRelation>
         <resourceRelation xmlns:xlink="http://www.w3.org/1999/xlink"
                           resourceRelationType="subjectOf"
                           xlink:href="FRAN_IR_015780"
                           xlink:type="simple">
            <relationEntry localType="archival">Premier ministre ; Direction générale de l'administration et de la Fonction publique ; Bureau des personnels de conception et d'encadrement (1989)</relationEntry>
         </resourceRelation>
         <resourceRelation xmlns:xlink="http://www.w3.org/1999/xlink"
                           resourceRelationType="subjectOf"
                           xlink:href="FRAN_IR_013696"
                           xlink:type="simple">
            <relationEntry localType="archival">Premier ministre ; Direction Générale de l'Administration et de la Fonction publique ; Bureau des personnels de conception et d'encadrement (1995)</relationEntry>
         </resourceRelation>
         <resourceRelation xmlns:xlink="http://www.w3.org/1999/xlink"
                           resourceRelationType="subjectOf"
                           xlink:href="FRAN_IR_007370"
                           xlink:type="simple">
            <relationEntry localType="archival">Premier ministre ; Direction générale de l'Administration et de la Fonction publique ; Bureau des personnels de conception et d'encadrement (1984)</relationEntry>
         </resourceRelation>
      </relations>
   </cpfDescription>
</eac-cpf>
