<eac-cpf xmlns="urn:isbn:1-931666-33-4"
         xmlns:xsi="http://www.w3.org/2001/XMLSchema-instance"
         xsi:schemaLocation="urn:isbn:1-931666-33-4 cpf.xsd">
   <control>
      <recordId>FRAN_NP_000507</recordId>
      <otherRecordId localType="Ancien_identifiant">2105/G4</otherRecordId>
      <maintenanceStatus>revised</maintenanceStatus>
      <maintenanceAgency>
         <agencyName>Archives nationales de France</agencyName>
      </maintenanceAgency>
      <languageDeclaration>
         <language languageCode="fre">Français</language>
         <script scriptCode="Latn"/>
      </languageDeclaration>
      <conventionDeclaration>
         <citation>Notice établie conformément à la norme ICA-ISAAR (CPF) 2004, aux normes ISO 8601 pour le système de normalisation des dates utilisé, ainsi que AFNOR NF Z 44-061, juin 1986. Catalogage : forme et structure des vedettes noms de personne, des vedettes titres, des rubriques de classement et des titres forgés.</citation>
      </conventionDeclaration>
      <localControl localType="niveau_de_detail">
         <term>Moyenne</term>
      </localControl>
      <maintenanceHistory>
         <maintenanceEvent>
            <eventType>derived</eventType>
            <eventDateTime>2013-04-23</eventDateTime>
            <agentType>machine</agentType>
            <agent>Import_SIA</agent>
         </maintenanceEvent>
         <maintenanceEvent>
            <eventType>revised</eventType>
            <eventDateTime>2013-07-16</eventDateTime>
            <agentType>human</agentType>
            <agent>Blandine WAGNER</agent>
            <eventDescription>Anciens identifiants : 2105/GH3, 2107/G4</eventDescription>
         </maintenanceEvent>
      </maintenanceHistory>
   </control>
   <cpfDescription>
      <identity>
         <entityType>corporateBody</entityType>
         <nameEntry localType="autorisée" scriptCode="Latn" xml:lang="fre">
            <part>Bureau des alternatives à l'incarcération (sous-direction de l'exécution des décisions judiciaires, direction de l'administration pénitentiaire)</part>
         </nameEntry>
      </identity>
      <description>
         <existDates>
            <dateRange>
               <fromDate standardDate="1990-01-01">1990</fromDate>
               <toDate standardDate="1998-12-31">1998</toDate>
            </dateRange>
         </existDates>
         <legalStatuses>
            <legalStatus>
               <term vocabularySource="d5blonaxbw--1mt8t42bokzts">service d'administration centrale</term>
            </legalStatus>
         </legalStatuses>
      </description>
      <relations>
         <cpfRelation xmlns:xlink="http://www.w3.org/1999/xlink"
                      cpfRelationType="hierarchical-parent"
                      xlink:href="FRAN_NP_000511"
                      xlink:type="simple">
            <relationEntry>Sous-direction de l'exécution des décisions judiciaires (direction de l'administration pénitentiaire)</relationEntry>
            <dateRange>
               <fromDate standardDate="1990-01-01">1990</fromDate>
               <toDate standardDate="1998-12-31">1998</toDate>
            </dateRange>
         </cpfRelation>
         <cpfRelation xmlns:xlink="http://www.w3.org/1999/xlink"
                      cpfRelationType="temporal-earlier"
                      xlink:href="FRAN_NP_000542"
                      xlink:type="simple">
            <relationEntry>Division du milieu ouvert (direction de l'administration pénitentiaire)</relationEntry>
            <dateRange>
               <fromDate standardDate="1990-01-01">1990</fromDate>
            </dateRange>
         </cpfRelation>
         <resourceRelation xmlns:xlink="http://www.w3.org/1999/xlink"
                           resourceRelationType="subjectOf"
                           xlink:href="FRAN_IR_015924"
                           xlink:type="simple">
            <relationEntry localType="archival">Justice ; Direction de l'administration pénitentiaire ; Sous-direction des personnes placées sous main de justice ; Bureau des alternatives à l'incarceration (1972-1972)</relationEntry>
         </resourceRelation>
         <resourceRelation xmlns:xlink="http://www.w3.org/1999/xlink"
                           resourceRelationType="subjectOf"
                           xlink:href="FRAN_IR_015923"
                           xlink:type="simple">
            <relationEntry localType="archival">Justice ; Direction de l'administration pénitentiaire ; Sous-direction des personnes placées sous main de justice ; Bureau des alternatives à l'incarceration (1972-1972)</relationEntry>
         </resourceRelation>
         <resourceRelation xmlns:xlink="http://www.w3.org/1999/xlink"
                           resourceRelationType="subjectOf"
                           xlink:href="FRAN_IR_015922"
                           xlink:type="simple">
            <relationEntry localType="archival">Justice ; Direction de l'administration pénitentiaire ; Sous-direction des personnes placées sous main de justice ; Bureau des alternatives à l'incarceration (1971-1971)</relationEntry>
         </resourceRelation>
         <resourceRelation xmlns:xlink="http://www.w3.org/1999/xlink"
                           resourceRelationType="subjectOf"
                           xlink:href="FRAN_IR_015921"
                           xlink:type="simple">
            <relationEntry localType="archival">Justice ; Direction de l'administration pénitentiaire ; Sous-direction des personnes placées sous main de justice ; Bureau des alternatives à l'incarceration (1971-1971)</relationEntry>
         </resourceRelation>
         <resourceRelation xmlns:xlink="http://www.w3.org/1999/xlink"
                           resourceRelationType="subjectOf"
                           xlink:href="FRAN_IR_019056"
                           xlink:type="simple">
            <relationEntry localType="archival">Justice ; Direction de l'administration pénitentiaire ; Sous-direction des personnes placées sous main de justice ; Bureau des alternatives à l'incarceration (1973-1973)</relationEntry>
         </resourceRelation>
         <resourceRelation xmlns:xlink="http://www.w3.org/1999/xlink"
                           resourceRelationType="subjectOf"
                           xlink:href="FRAN_IR_019057"
                           xlink:type="simple">
            <relationEntry localType="archival">Justice ; Direction de l'administration pénitentiaire ; Sous-direction des personnes placées sous main de justice ; Bureau des alternatives à l'incarceration (1973-1973)</relationEntry>
         </resourceRelation>
      </relations>
   </cpfDescription>
</eac-cpf>
