<eac-cpf xmlns="urn:isbn:1-931666-33-4"
         xmlns:xsi="http://www.w3.org/2001/XMLSchema-instance"
         xsi:schemaLocation="urn:isbn:1-931666-33-4 cpf.xsd">
   <control>
      <recordId>FRAN_NP_000221</recordId>
      <otherRecordId localType="Ancien_identifiant">1205</otherRecordId>
      <maintenanceStatus>derived</maintenanceStatus>
      <maintenanceAgency>
         <agencyName>Archives nationales de France</agencyName>
      </maintenanceAgency>
      <languageDeclaration>
         <language languageCode="fre">Français</language>
         <script scriptCode="Latn"/>
      </languageDeclaration>
      <conventionDeclaration>
         <citation>Notice établie conformément à la norme ICA-ISAAR (CPF) 2004, aux normes ISO 8601 pour le système de normalisation des dates utilisé, ainsi que AFNOR NF Z 44-061, juin 1986. Catalogage : forme et structure des vedettes noms de personne, des vedettes titres, des rubriques de classement et des titres forgés.</citation>
      </conventionDeclaration>
      <localControl localType="niveau_de_detail">
         <term>Moyenne</term>
      </localControl>
      <maintenanceHistory>
         <maintenanceEvent>
            <eventType>derived</eventType>
            <eventDateTime>2015-12-04</eventDateTime>
            <agentType>machine</agentType>
            <agent>Import_SIA</agent>
         </maintenanceEvent>
      </maintenanceHistory>
   </control>
   <cpfDescription>
      <identity>
         <entityType>corporateBody</entityType>
         <nameEntry localType="autorisée" scriptCode="Latn" xml:lang="fre">
            <part>Secrétariat général du Gouvernement</part>
         </nameEntry>
         <nameEntry>
            <part>SGG</part>
            <useDates>
               <dateRange>
                  <fromDate standardDate="1946-01-01">1946</fromDate>
                  <toDate/>
               </dateRange>
            </useDates>
         </nameEntry>
         <nameEntry>
            <part>Services de la présidence du Conseil</part>
            <useDates>
               <dateRange>
                  <fromDate standardDate="1935-01-01">1935</fromDate>
                  <toDate standardDate="1946-12-31">1946</toDate>
               </dateRange>
            </useDates>
         </nameEntry>
      </identity>
      <description>
         <existDates>
            <dateRange>
               <fromDate standardDate="1935-01-01">1935</fromDate>
            </dateRange>
         </existDates>
         <legalStatuses>
            <legalStatus>
               <term vocabularySource="d5blonaxbw--1mt8t42bokzts">service d'administration centrale</term>
            </legalStatus>
         </legalStatuses>
      </description>
      <relations>
         <cpfRelation xmlns:xlink="http://www.w3.org/1999/xlink"
                      cpfRelationType="associative"
                      xlink:href="FRAN_NP_000263"
                      xlink:type="simple">
            <relationEntry>Service juridique et technique de l'information et de la communication</relationEntry>
            <dateRange>
               <fromDate standardDate="1947-01-01">1947</fromDate>
               <toDate standardDate="2000-12-31">2000</toDate>
            </dateRange>
         </cpfRelation>
         <cpfRelation xmlns:xlink="http://www.w3.org/1999/xlink"
                      cpfRelationType="hierarchical-child"
                      xlink:href="FRAN_NP_000290"
                      xlink:type="simple">
            <relationEntry>Commission de coordination de la documentation administrative</relationEntry>
            <dateRange>
               <fromDate standardDate="1971-01-01">1971</fromDate>
               <toDate standardDate="1998-12-31">1998</toDate>
            </dateRange>
         </cpfRelation>
         <cpfRelation xmlns:xlink="http://www.w3.org/1999/xlink"
                      cpfRelationType="hierarchical-child"
                      xlink:href="FRAN_NP_000293"
                      xlink:type="simple">
            <relationEntry>Centre d'enregistrement et de révision des formulaires administratifs</relationEntry>
            <dateRange>
               <fromDate standardDate="1966-01-01">1966</fromDate>
               <toDate standardDate="1998-12-31">1998</toDate>
            </dateRange>
         </cpfRelation>
         <cpfRelation xmlns:xlink="http://www.w3.org/1999/xlink"
                      cpfRelationType="associative"
                      xlink:href="FRAN_NP_000302"
                      xlink:type="simple">
            <relationEntry>Comité national chargé de la publication des travaux préparatoires des institutions de la Ve République</relationEntry>
            <dateRange>
               <fromDate standardDate="1984-01-01">1984</fromDate>
               <toDate standardDate="2002-12-31">2002</toDate>
            </dateRange>
         </cpfRelation>
         <cpfRelation xmlns:xlink="http://www.w3.org/1999/xlink"
                      cpfRelationType="hierarchical-child"
                      xlink:href="FRAN_NP_000205"
                      xlink:type="simple">
            <relationEntry>Mission d'organisation des services du Premier ministre</relationEntry>
            <dateRange>
               <fromDate standardDate="1984-01-01">1984</fromDate>
            </dateRange>
         </cpfRelation>
         <cpfRelation xmlns:xlink="http://www.w3.org/1999/xlink"
                      cpfRelationType="associative"
                      xlink:href="FRAN_NP_000202"
                      xlink:type="simple">
            <relationEntry>Long, Marceau</relationEntry>
            <dateRange>
               <fromDate standardDate="1975-02-13">13 février 1975</fromDate>
               <toDate standardDate="1982-07-10">10 juillet 1982</toDate>
            </dateRange>
         </cpfRelation>
         <cpfRelation xmlns:xlink="http://www.w3.org/1999/xlink"
                      cpfRelationType="associative"
                      xlink:href="FRAN_NP_000196"
                      xlink:type="simple">
            <relationEntry>Service d'information et de diffusion (Premier ministre)</relationEntry>
            <dateRange>
               <fromDate standardDate="1976-01-01">1976</fromDate>
               <toDate standardDate="2000-12-31">2000</toDate>
            </dateRange>
         </cpfRelation>
         <cpfRelation xmlns:xlink="http://www.w3.org/1999/xlink"
                      cpfRelationType="hierarchical-child"
                      xlink:href="FRAN_NP_000188"
                      xlink:type="simple">
            <relationEntry>Service de la législation et de la qualité du droit (secrétariat général du Gouvernement)</relationEntry>
            <dateRange>
               <fromDate standardDate="1944-01-01">1944</fromDate>
            </dateRange>
         </cpfRelation>
         <cpfRelation xmlns:xlink="http://www.w3.org/1999/xlink"
                      cpfRelationType="hierarchical-child"
                      xlink:href="FRAN_NP_000184"
                      xlink:type="simple">
            <relationEntry>Service du courrier (secrétariat général du Gouvernement)</relationEntry>
            <dateRange>
               <fromDate standardDate="1944-01-01">1944</fromDate>
            </dateRange>
         </cpfRelation>
         <cpfRelation xmlns:xlink="http://www.w3.org/1999/xlink"
                      cpfRelationType="hierarchical-child"
                      xlink:href="FRAN_NP_000183"
                      xlink:type="simple">
            <relationEntry>Commission interministérielle de la politique immobilière de l'État</relationEntry>
            <dateRange>
               <fromDate standardDate="1992-01-01">1992</fromDate>
            </dateRange>
         </cpfRelation>
         <cpfRelation xmlns:xlink="http://www.w3.org/1999/xlink"
                      cpfRelationType="associative"
                      xlink:href="FRAN_NP_009924"
                      xlink:type="simple">
            <relationEntry>Direction de l'information légale et administrative</relationEntry>
            <dateRange>
               <fromDate standardDate="2010-01-01">2010</fromDate>
            </dateRange>
         </cpfRelation>
         <cpfRelation xmlns:xlink="http://www.w3.org/1999/xlink"
                      cpfRelationType="associative"
                      xlink:href="FRAN_NP_010007"
                      xlink:type="simple">
            <relationEntry>Direction interministérielle des systèmes d'information et de communication de l'État</relationEntry>
            <dateRange>
               <fromDate standardDate="2011-01-01">2011</fromDate>
               <toDate standardDate="2012-10-30">30 octobre 2012</toDate>
            </dateRange>
         </cpfRelation>
         <cpfRelation xmlns:xlink="http://www.w3.org/1999/xlink"
                      cpfRelationType="associative"
                      xlink:href="FRAN_NP_010014"
                      xlink:type="simple">
            <relationEntry>Mission « Etalab »</relationEntry>
            <dateRange>
               <fromDate standardDate="2011-01-01">2011</fromDate>
               <toDate standardDate="2012-10-30">30 octobre 2012</toDate>
            </dateRange>
         </cpfRelation>
         <cpfRelation xmlns:xlink="http://www.w3.org/1999/xlink"
                      cpfRelationType="hierarchical-child"
                      xlink:href="FRAN_NP_051002"
                      xlink:type="simple">
            <relationEntry>France. Secrétariat général du gouvernement. Secrétariat général de la présidence française des sommets du G8 et du G20 (2010-2011)</relationEntry>
            <dateRange>
               <fromDate standardDate="2010-07-22">22 juillet 2010</fromDate>
               <toDate standardDate="2011-12-31">2011</toDate>
            </dateRange>
            <descriptiveNote>
               <p>
     rattachement pour la gestion administrative
    </p>
            </descriptiveNote>
         </cpfRelation>
         <cpfRelation xmlns:xlink="http://www.w3.org/1999/xlink"
                      cpfRelationType="associative"
                      xlink:href="FRAN_NP_051265"
                      xlink:type="simple">
            <relationEntry>France. Présidence de la République. Coordination nationale du renseignement (2008-....)</relationEntry>
            <dateRange>
               <fromDate standardDate="2008-01-01">2008</fromDate>
            </dateRange>
            <descriptiveNote>
               <p>
     La coordination nationale du renseignement est rattachée au SGG pour sa gestion administrative et financière
    </p>
            </descriptiveNote>
         </cpfRelation>
         <cpfRelation xmlns:xlink="http://www.w3.org/1999/xlink"
                      cpfRelationType="associative"
                      xlink:href="FRAN_NP_051465"
                      xlink:type="simple">
            <relationEntry>Besnard, Pierre (1966-....)</relationEntry>
            <dateRange>
               <fromDate standardDate="1992-01-01">1992</fromDate>
               <toDate standardDate="1997-12-31">1997</toDate>
            </dateRange>
            <descriptiveNote>
               <p>
     P. Besnard, juriste au service du fichier législatif du SGG @employeeOf@
    </p>
            </descriptiveNote>
         </cpfRelation>
         <cpfRelation xmlns:xlink="http://www.w3.org/1999/xlink"
                      cpfRelationType="associative"
                      xlink:href="FRAN_NP_050350"
                      xlink:type="simple">
            <relationEntry>Donnedieu de Vabres, Jean (1918-2009)</relationEntry>
            <dateRange>
               <fromDate standardDate="1964-01-01">1964</fromDate>
               <toDate standardDate="1974-12-31">1974</toDate>
            </dateRange>
            <descriptiveNote>
               <p>
     secrétaire général du Gouvernement
    </p>
            </descriptiveNote>
         </cpfRelation>
         <cpfRelation xmlns:xlink="http://www.w3.org/1999/xlink"
                      cpfRelationType="associative"
                      xlink:href="FRAN_NP_010005"
                      xlink:type="simple">
            <relationEntry>France. Secrétariat général pour la modernisation de l'action publique (2012-....)</relationEntry>
            <dateRange>
               <fromDate standardDate="2012-10-30">30 octobre 2012</fromDate>
            </dateRange>
         </cpfRelation>
         <cpfRelation xmlns:xlink="http://www.w3.org/1999/xlink"
                      cpfRelationType="associative"
                      xlink:href="FRAN_NP_006626"
                      xlink:type="simple">
            <relationEntry>Comité interministériel d'aménagement et de développement du territoire</relationEntry>
            <dateRange>
               <fromDate standardDate="1960-01-01">1960</fromDate>
            </dateRange>
         </cpfRelation>
         <cpfRelation xmlns:xlink="http://www.w3.org/1999/xlink"
                      cpfRelationType="hierarchical-child"
                      xlink:href="FRAN_NP_000182"
                      xlink:type="simple">
            <relationEntry>Cabinet du secrétaire général du Gouvernement</relationEntry>
            <dateRange>
               <fromDate standardDate="1944-01-01">1944</fromDate>
            </dateRange>
         </cpfRelation>
         <cpfRelation xmlns:xlink="http://www.w3.org/1999/xlink"
                      cpfRelationType="hierarchical-child"
                      xlink:href="FRAN_NP_000186"
                      xlink:type="simple">
            <relationEntry>Service de documentation (secrétariat général du Gouvernement)</relationEntry>
            <dateRange>
               <fromDate standardDate="1970-01-01">1970</fromDate>
            </dateRange>
         </cpfRelation>
         <cpfRelation xmlns:xlink="http://www.w3.org/1999/xlink"
                      cpfRelationType="hierarchical-child"
                      xlink:href="FRAN_NP_000185"
                      xlink:type="simple">
            <relationEntry>Chargé de mission (secrétariat général du Gouvernement)</relationEntry>
            <dateRange>
               <fromDate standardDate="1944-01-01">1944</fromDate>
            </dateRange>
         </cpfRelation>
         <cpfRelation xmlns:xlink="http://www.w3.org/1999/xlink"
                      cpfRelationType="hierarchical-child"
                      xlink:href="FRAN_NP_000189"
                      xlink:type="simple">
            <relationEntry>Directeur au secrétariat général du Gouvernement</relationEntry>
            <dateRange>
               <fromDate standardDate="1946-01-01">1946</fromDate>
            </dateRange>
         </cpfRelation>
         <cpfRelation xmlns:xlink="http://www.w3.org/1999/xlink"
                      cpfRelationType="associative"
                      xlink:href="FRAN_NP_000213"
                      xlink:type="simple">
            <relationEntry>Direction de la Documentation française</relationEntry>
            <dateRange>
               <fromDate standardDate="1945-01-01">1945</fromDate>
               <toDate standardDate="2010-12-31">2010</toDate>
            </dateRange>
         </cpfRelation>
         <cpfRelation xmlns:xlink="http://www.w3.org/1999/xlink"
                      cpfRelationType="associative"
                      xlink:href="FRAN_NP_000201"
                      xlink:type="simple">
            <relationEntry>Direction des Journaux officiels</relationEntry>
            <dateRange>
               <fromDate standardDate="1935-01-01">1935</fromDate>
               <toDate standardDate="2010-12-31">2010</toDate>
            </dateRange>
         </cpfRelation>
         <cpfRelation xmlns:xlink="http://www.w3.org/1999/xlink"
                      cpfRelationType="hierarchical-child"
                      xlink:href="FRAN_NP_000203"
                      xlink:type="simple">
            <relationEntry>Mission de l'organisation administrative (secrétariat général du Gouvernement)</relationEntry>
            <dateRange>
               <fromDate standardDate="1975-01-01">1975</fromDate>
            </dateRange>
         </cpfRelation>
         <cpfRelation xmlns:xlink="http://www.w3.org/1999/xlink"
                      cpfRelationType="associative"
                      xlink:href="FRAN_NP_000363"
                      xlink:type="simple">
            <relationEntry>Fournier, Jacques</relationEntry>
            <dateRange>
               <fromDate standardDate="1982-07-10">10 juillet 1982</fromDate>
               <toDate standardDate="1986-03-26">26 mars 1986</toDate>
            </dateRange>
         </cpfRelation>
         <cpfRelation xmlns:xlink="http://www.w3.org/1999/xlink"
                      cpfRelationType="associative"
                      xlink:href="FRAN_NP_000367"
                      xlink:type="simple">
            <relationEntry>Service d'information du Gouvernement</relationEntry>
            <dateRange>
               <fromDate standardDate="2000-01-01">2000</fromDate>
            </dateRange>
         </cpfRelation>
         <cpfRelation xmlns:xlink="http://www.w3.org/1999/xlink"
                      cpfRelationType="associative"
                      xlink:href="FRAN_NP_000369"
                      xlink:type="simple">
            <relationEntry>Direction du développement des médias</relationEntry>
            <dateRange>
               <fromDate standardDate="2000-01-01">2000</fromDate>
               <toDate standardDate="2010-12-31">2010</toDate>
            </dateRange>
         </cpfRelation>
         <cpfRelation xmlns:xlink="http://www.w3.org/1999/xlink"
                      cpfRelationType="hierarchical-parent"
                      xlink:href="FRAN_NP_000002"
                      xlink:type="simple">
            <relationEntry>Premier ministre</relationEntry>
            <dateRange>
               <fromDate standardDate="1959-01-08">8 janvier 1959</fromDate>
               <toDate/>
            </dateRange>
         </cpfRelation>
         <resourceRelation xmlns:xlink="http://www.w3.org/1999/xlink"
                           resourceRelationType="subjectOf"
                           xlink:href="FRAN_IR_009235"
                           xlink:type="simple">
            <relationEntry localType="archival">Premier ministre ; Secrétariat général du Gouvernement (1985-1986)</relationEntry>
         </resourceRelation>
         <resourceRelation xmlns:xlink="http://www.w3.org/1999/xlink"
                           resourceRelationType="subjectOf"
                           xlink:href="FRAN_IR_009289"
                           xlink:type="simple">
            <relationEntry localType="archival">Premier ministre ; Enquête sur la commémoration du bicentenaire de la révolution française dans les communes rurales en 1989 (1992)</relationEntry>
         </resourceRelation>
         <resourceRelation xmlns:xlink="http://www.w3.org/1999/xlink"
                           resourceRelationType="subjectOf"
                           xlink:href="FRAN_IR_009365"
                           xlink:type="simple">
            <relationEntry localType="archival">Premier ministre ; Secrétariat général du Gouvernement (1936-1992)</relationEntry>
         </resourceRelation>
         <resourceRelation xmlns:xlink="http://www.w3.org/1999/xlink"
                           resourceRelationType="subjectOf"
                           xlink:href="FRAN_IR_010102"
                           xlink:type="simple">
            <relationEntry localType="archival">Premier ministre ; Secrétariat général du Gouvernement (1974-1988)</relationEntry>
         </resourceRelation>
         <resourceRelation xmlns:xlink="http://www.w3.org/1999/xlink"
                           resourceRelationType="subjectOf"
                           xlink:href="FRAN_IR_010103"
                           xlink:type="simple">
            <relationEntry localType="archival">Premier ministre ; Secrétariat général du Gouvernement (1993-1994)</relationEntry>
         </resourceRelation>
         <resourceRelation xmlns:xlink="http://www.w3.org/1999/xlink"
                           resourceRelationType="subjectOf"
                           xlink:href="FRAN_IR_014085"
                           xlink:type="simple">
            <relationEntry localType="archival">Premier ministre ; Secrétariat général du Gouvernement (1982-1986)</relationEntry>
         </resourceRelation>
         <resourceRelation xmlns:xlink="http://www.w3.org/1999/xlink"
                           resourceRelationType="subjectOf"
                           xlink:href="FRAN_IR_021298"
                           xlink:type="simple">
            <relationEntry localType="archival">Premier ministre ; Secrétariat général du gouvernement (1973-1975)</relationEntry>
         </resourceRelation>
         <resourceRelation xmlns:xlink="http://www.w3.org/1999/xlink"
                           resourceRelationType="subjectOf"
                           xlink:href="FRAN_IR_021489"
                           xlink:type="simple">
            <relationEntry localType="archival">Premier ministre ; Secrétariat général du gouvernement (1979-1983)</relationEntry>
         </resourceRelation>
         <resourceRelation xmlns:xlink="http://www.w3.org/1999/xlink"
                           resourceRelationType="subjectOf"
                           xlink:href="FRAN_IR_023271"
                           xlink:type="simple">
            <relationEntry localType="archival">Premier ministre ; Secrétariat général du Gouvernement (1919-1982)</relationEntry>
         </resourceRelation>
         <resourceRelation xmlns:xlink="http://www.w3.org/1999/xlink"
                           resourceRelationType="subjectOf"
                           xlink:href="FRAN_IR_015804"
                           xlink:type="simple">
            <relationEntry localType="archival">Premier ministre ; Secrétariat général du Gouvernement (1984-1985)</relationEntry>
         </resourceRelation>
         <resourceRelation xmlns:xlink="http://www.w3.org/1999/xlink"
                           resourceRelationType="subjectOf"
                           xlink:href="FRAN_IR_030002"
                           xlink:type="simple">
            <relationEntry localType="archival">SECRETARIAT GENERAL DU GOUVERNEMENT DOSSIERS DE JEAN-MARC SAUVE, SECRETAIRE GENERAL DU GOUVERNEMENT</relationEntry>
         </resourceRelation>
      </relations>
   </cpfDescription>
</eac-cpf>
