<eac-cpf xmlns="urn:isbn:1-931666-33-4"
         xmlns:xsi="http://www.w3.org/2001/XMLSchema-instance"
         xsi:schemaLocation="urn:isbn:1-931666-33-4 cpf.xsd">
   <control>
      <recordId>FRAN_NP_000250</recordId>
      <otherRecordId localType="Ancien_identifiant">1210/GINF</otherRecordId>
      <maintenanceStatus>derived</maintenanceStatus>
      <maintenanceAgency>
         <agencyName>Archives nationales de France</agencyName>
      </maintenanceAgency>
      <languageDeclaration>
         <language languageCode="fre">Français</language>
         <script scriptCode="Latn"/>
      </languageDeclaration>
      <conventionDeclaration>
         <citation>Notice établie conformément à la norme ICA-ISAAR (CPF) 2004, aux normes ISO 8601 pour le système de normalisation des dates utilisé, ainsi que AFNOR NF Z 44-061, juin 1986. Catalogage : forme et structure des vedettes noms de personne, des vedettes titres, des rubriques de classement et des titres forgés.</citation>
      </conventionDeclaration>
      <localControl localType="niveau_de_detail">
         <term>Moyenne</term>
      </localControl>
      <maintenanceHistory>
         <maintenanceEvent>
            <eventType>derived</eventType>
            <eventDateTime>2013-04-23</eventDateTime>
            <agentType>machine</agentType>
            <agent>Import_SIA</agent>
         </maintenanceEvent>
      </maintenanceHistory>
   </control>
   <cpfDescription>
      <identity>
         <entityType>corporateBody</entityType>
         <nameEntry scriptCode="Latn" localType="autorisée" xml:lang="fre">
            <part>Bureau informatique (service juridique et technique de l'information et de la communication)</part>
         </nameEntry>
         <nameEntry>
            <part>Département de l'informatique</part>
            <useDates>
               <dateRange>
                  <fromDate standardDate="1986-01-01">1986</fromDate>
                  <toDate standardDate="1995-12-31">1995</toDate>
               </dateRange>
            </useDates>
         </nameEntry>
      </identity>
      <description>
         <existDates>
            <dateRange>
               <fromDate standardDate="1986-01-01">1986</fromDate>
               <toDate standardDate="2000-12-31">2000</toDate>
            </dateRange>
         </existDates>
         <legalStatuses>
            <legalStatus>
               <term vocabularySource="d5blonaxbw--1mt8t42bokzts">service d'administration centrale</term>
            </legalStatus>
         </legalStatuses>
      </description>
      <relations>
         <cpfRelation xmlns:xlink="http://www.w3.org/1999/xlink"
                      cpfRelationType="hierarchical-parent"
                      xlink:href="FRAN_NP_000251"
                      xlink:type="simple">
            <relationEntry>Secrétariat général (service juridique et technique de l'information et de la communication)</relationEntry>
            <dateRange>
               <fromDate standardDate="1986-01-01">1986</fromDate>
               <toDate standardDate="2000-12-31">2000</toDate>
            </dateRange>
         </cpfRelation>
         <resourceRelation xmlns:xlink="http://www.w3.org/1999/xlink"
                           resourceRelationType="subjectOf"
                           xlink:href="FRAN_IR_012141"
                           xlink:type="simple">
            <relationEntry localType="archival">Premier ministre ; Service juridique et technique de l'information ; Secrétariat général ; Département informatique (1957-1963)</relationEntry>
         </resourceRelation>
         <resourceRelation xmlns:xlink="http://www.w3.org/1999/xlink"
                           resourceRelationType="subjectOf"
                           xlink:href="FRAN_IR_012162"
                           xlink:type="simple">
            <relationEntry localType="archival">Premier ministre ; Service juridique et technique de l'information ; Secrétariat général ; Département informatique (1968-1971)</relationEntry>
         </resourceRelation>
         <resourceRelation xmlns:xlink="http://www.w3.org/1999/xlink"
                           resourceRelationType="subjectOf"
                           xlink:href="FRAN_IR_012255"
                           xlink:type="simple">
            <relationEntry localType="archival">Premier ministre ; Service juridique et technique de l'information ; Secrétariat général ; Département informatique (1960-1978)</relationEntry>
         </resourceRelation>
         <resourceRelation xmlns:xlink="http://www.w3.org/1999/xlink"
                           resourceRelationType="subjectOf"
                           xlink:href="FRAN_IR_012678"
                           xlink:type="simple">
            <relationEntry localType="archival">Premier ministre ; Service juridique et technique de l'information ; Secrétariat général ; Département informatique (1941-1980)</relationEntry>
         </resourceRelation>
         <resourceRelation xmlns:xlink="http://www.w3.org/1999/xlink"
                           resourceRelationType="subjectOf"
                           xlink:href="FRAN_IR_012801"
                           xlink:type="simple">
            <relationEntry localType="archival">Premier Ministre ; Service juridique et technique de l'information ; Secrétariat général ; Département informatique (1963-1984)</relationEntry>
         </resourceRelation>
         <resourceRelation xmlns:xlink="http://www.w3.org/1999/xlink"
                           resourceRelationType="subjectOf"
                           xlink:href="FRAN_IR_007254"
                           xlink:type="simple">
            <relationEntry localType="archival">Premier ministre ; Service juridique et technique de l'information ; Secrétariat général ; Département informatique (1976-1983)</relationEntry>
         </resourceRelation>
         <resourceRelation xmlns:xlink="http://www.w3.org/1999/xlink"
                           resourceRelationType="subjectOf"
                           xlink:href="FRAN_IR_006069"
                           xlink:type="simple">
            <relationEntry localType="archival">Premier ministre ; Service juridique et technique de l'information ; Secrétariat général ; Département informatique (1960-1975)</relationEntry>
         </resourceRelation>
         <resourceRelation xmlns:xlink="http://www.w3.org/1999/xlink"
                           resourceRelationType="subjectOf"
                           xlink:href="FRAN_IR_006070"
                           xlink:type="simple">
            <relationEntry localType="archival">Premier ministre ; Service juridique et technique de l'information ; Secrétariat général ; Département informatique (1949-1980)</relationEntry>
         </resourceRelation>
         <resourceRelation xmlns:xlink="http://www.w3.org/1999/xlink"
                           resourceRelationType="subjectOf"
                           xlink:href="FRAN_IR_006173"
                           xlink:type="simple">
            <relationEntry localType="archival">Premier ministre ; Service juridique et technique de l'information ; Secrétariat général ; Département informatique (1940-1978)</relationEntry>
         </resourceRelation>
         <resourceRelation xmlns:xlink="http://www.w3.org/1999/xlink"
                           resourceRelationType="subjectOf"
                           xlink:href="FRAN_IR_006174"
                           xlink:type="simple">
            <relationEntry localType="archival">Premier ministre ; Service juridique et technique de l'information ; Secrétariat général ; Département informatique (1963-1974)</relationEntry>
         </resourceRelation>
         <resourceRelation xmlns:xlink="http://www.w3.org/1999/xlink"
                           resourceRelationType="subjectOf"
                           xlink:href="FRAN_IR_012256"
                           xlink:type="simple">
            <relationEntry localType="archival">Premier ministre ; Service juridique et technique de l'information ; Secrétariat général ; Département informatique (1948-1978)</relationEntry>
         </resourceRelation>
         <resourceRelation xmlns:xlink="http://www.w3.org/1999/xlink"
                           resourceRelationType="subjectOf"
                           xlink:href="FRAN_IR_012169"
                           xlink:type="simple">
            <relationEntry localType="archival">Premier ministre ; Service juridique et technique de l'information ; Secrétariat général ; Département informatique (1972-1975)</relationEntry>
         </resourceRelation>
         <resourceRelation xmlns:xlink="http://www.w3.org/1999/xlink"
                           resourceRelationType="subjectOf"
                           xlink:href="FRAN_IR_016466"
                           xlink:type="simple">
            <relationEntry localType="archival">Premier Ministre ; Service juridique et technique de l'information ; Secrétariat général ; Département informatique (1945-1969)</relationEntry>
         </resourceRelation>
         <resourceRelation xmlns:xlink="http://www.w3.org/1999/xlink"
                           resourceRelationType="subjectOf"
                           xlink:href="FRAN_IR_018556"
                           xlink:type="simple">
            <relationEntry localType="archival">Premier ministre ; Service juridique et technique de l'information ; Secrétariat général ; Département informatique (1980-1985)</relationEntry>
         </resourceRelation>
         <resourceRelation xmlns:xlink="http://www.w3.org/1999/xlink"
                           resourceRelationType="subjectOf"
                           xlink:href="FRAN_IR_020602"
                           xlink:type="simple">
            <relationEntry localType="archival">Premier ministre ; Service juridique et technique de l'information ; Secrétariat général ; Département informatique (1978-1979)</relationEntry>
         </resourceRelation>
      </relations>
   </cpfDescription>
</eac-cpf>
