<eac-cpf xmlns="urn:isbn:1-931666-33-4"
         xmlns:xsi="http://www.w3.org/2001/XMLSchema-instance"
         xsi:schemaLocation="urn:isbn:1-931666-33-4 cpf.xsd">
   <control>
      <recordId>FRAN_NP_000052</recordId>
      <otherRecordId localType="Ancien_identifiant">84</otherRecordId>
      <maintenanceStatus>derived</maintenanceStatus>
      <maintenanceAgency>
         <agencyName>Archives nationales de France</agencyName>
      </maintenanceAgency>
      <languageDeclaration>
         <language languageCode="fre">Français</language>
         <script scriptCode="Latn"/>
      </languageDeclaration>
      <conventionDeclaration>
         <citation>Notice établie conformément à la norme ICA-ISAAR (CPF) 2004, aux normes ISO 8601 pour le système de normalisation des dates utilisé, ainsi que AFNOR NF Z 44-061, juin 1986. Catalogage : forme et structure des vedettes noms de personne, des vedettes titres, des rubriques de classement et des titres forgés.</citation>
      </conventionDeclaration>
      <localControl localType="niveau_de_detail">
         <term>Moyenne</term>
      </localControl>
      <maintenanceHistory>
         <maintenanceEvent>
            <eventType>derived</eventType>
            <eventDateTime>2013-04-23</eventDateTime>
            <agentType>machine</agentType>
            <agent>Import_SIA</agent>
         </maintenanceEvent>
      </maintenanceHistory>
   </control>
   <cpfDescription>
      <identity>
         <entityType>corporateBody</entityType>
         <nameEntry localType="autorisée" scriptCode="Latn" xml:lang="fre">
            <part>Direction générale de l'aviation civile</part>
         </nameEntry>
         <nameEntry>
            <part>Secrétariat général à l'aviation civile</part>
            <useDates>
               <dateRange>
                  <fromDate standardDate="1960-01-01">1960</fromDate>
                  <toDate standardDate="1976-12-31">1976</toDate>
               </dateRange>
            </useDates>
         </nameEntry>
         <nameEntry>
            <part>Secrétariat général à l'aviation civile et commerciale</part>
            <useDates>
               <dateRange>
                  <fromDate standardDate="1946-01-01">1946</fromDate>
                  <toDate standardDate="1960-12-31">1960</toDate>
               </dateRange>
            </useDates>
         </nameEntry>
      </identity>
      <description>
         <existDates>
            <dateRange>
               <fromDate standardDate="1946-01-01">1946</fromDate>
            </dateRange>
         </existDates>
         <legalStatuses>
            <legalStatus>
               <term vocabularySource="d5blonaxbw--1mt8t42bokzts">service d'administration centrale</term>
            </legalStatus>
         </legalStatuses>
      </description>
      <relations>
         <cpfRelation xmlns:xlink="http://www.w3.org/1999/xlink"
                      cpfRelationType="hierarchical-child"
                      xlink:href="FRAN_NP_009094"
                      xlink:type="simple">
            <relationEntry>Direction des transports aériens</relationEntry>
            <dateRange>
               <fromDate standardDate="1960-01-01">1960</fromDate>
               <toDate standardDate="2005-12-31">2005</toDate>
            </dateRange>
         </cpfRelation>
         <cpfRelation xmlns:xlink="http://www.w3.org/1999/xlink"
                      cpfRelationType="hierarchical-child"
                      xlink:href="FRAN_NP_009089"
                      xlink:type="simple">
            <relationEntry>Service des organisations aéronautiques internationales</relationEntry>
            <dateRange>
               <fromDate standardDate="1946-01-01">1946</fromDate>
               <toDate standardDate="1976-12-31">1976</toDate>
            </dateRange>
         </cpfRelation>
         <cpfRelation xmlns:xlink="http://www.w3.org/1999/xlink"
                      cpfRelationType="hierarchical-child"
                      xlink:href="FRAN_NP_009058"
                      xlink:type="simple">
            <relationEntry>Bureau de la sécurité (direction générale de l'aviation civile)</relationEntry>
            <dateRange>
               <fromDate standardDate="1946-01-01">1946</fromDate>
            </dateRange>
         </cpfRelation>
         <cpfRelation xmlns:xlink="http://www.w3.org/1999/xlink"
                      cpfRelationType="associative"
                      xlink:href="FRAN_NP_009053"
                      xlink:type="simple">
            <relationEntry>Conseil supérieur de l'infrastructure et de la navigation aériennes</relationEntry>
            <dateRange>
               <fromDate standardDate="1946-01-01">1946</fromDate>
               <toDate standardDate="2011-12-31">2011</toDate>
            </dateRange>
         </cpfRelation>
         <cpfRelation xmlns:xlink="http://www.w3.org/1999/xlink"
                      cpfRelationType="hierarchical-child"
                      xlink:href="FRAN_NP_009050"
                      xlink:type="simple">
            <relationEntry>Conseil du personnel navigant professionnel de l'aéronautique civile</relationEntry>
            <dateRange>
               <fromDate standardDate="1953-01-01">1953</fromDate>
            </dateRange>
         </cpfRelation>
         <cpfRelation xmlns:xlink="http://www.w3.org/1999/xlink"
                      cpfRelationType="hierarchical-child"
                      xlink:href="FRAN_NP_009051"
                      xlink:type="simple">
            <relationEntry>Commission permanente du transport supersonique</relationEntry>
            <dateRange>
               <fromDate standardDate="1963-01-01">1963</fromDate>
               <toDate standardDate="1970-12-31">1970</toDate>
            </dateRange>
         </cpfRelation>
         <cpfRelation xmlns:xlink="http://www.w3.org/1999/xlink"
                      cpfRelationType="hierarchical-child"
                      xlink:href="FRAN_NP_009049"
                      xlink:type="simple">
            <relationEntry>Conseil médical de l'aéronautique civile</relationEntry>
            <dateRange>
               <fromDate standardDate="1947-01-01">1947</fromDate>
            </dateRange>
         </cpfRelation>
         <cpfRelation xmlns:xlink="http://www.w3.org/1999/xlink"
                      cpfRelationType="hierarchical-child"
                      xlink:href="FRAN_NP_009047"
                      xlink:type="simple">
            <relationEntry>Contrôle financier (secrétariat générale à l'aviation civile)</relationEntry>
            <dateRange>
               <fromDate standardDate="1946-01-01">1946</fromDate>
               <toDate standardDate="1976-12-31">1976</toDate>
            </dateRange>
         </cpfRelation>
         <cpfRelation xmlns:xlink="http://www.w3.org/1999/xlink"
                      cpfRelationType="hierarchical-child"
                      xlink:href="FRAN_NP_009044"
                      xlink:type="simple">
            <relationEntry>Commission consultative des marchés (direction générale de l'aviation civile)</relationEntry>
            <dateRange>
               <fromDate standardDate="1946-01-01">1946</fromDate>
               <toDate standardDate="1972-12-31">1972</toDate>
            </dateRange>
         </cpfRelation>
         <cpfRelation xmlns:xlink="http://www.w3.org/1999/xlink"
                      cpfRelationType="hierarchical-child"
                      xlink:href="FRAN_NP_009141"
                      xlink:type="simple">
            <relationEntry>Service de la formation aéronautique et du contrôle technique (direction générale de l'aviation civile)</relationEntry>
            <dateRange>
               <fromDate standardDate="1959-01-01">1959</fromDate>
               <toDate standardDate="2005-12-31">2005</toDate>
            </dateRange>
         </cpfRelation>
         <cpfRelation xmlns:xlink="http://www.w3.org/1999/xlink"
                      cpfRelationType="hierarchical-child"
                      xlink:href="FRAN_NP_009122"
                      xlink:type="simple">
            <relationEntry>Direction des programmes aéronautiques et de la coopération (direction générale de l'aviation civile)</relationEntry>
            <dateRange>
               <fromDate standardDate="1976-01-01">1976</fromDate>
               <toDate standardDate="2008-12-31">2008</toDate>
            </dateRange>
         </cpfRelation>
         <cpfRelation xmlns:xlink="http://www.w3.org/1999/xlink"
                      cpfRelationType="hierarchical-child"
                      xlink:href="FRAN_NP_009153"
                      xlink:type="simple">
            <relationEntry>Services techniques centraux (direction générale de l'aviation civile)</relationEntry>
            <dateRange>
               <fromDate standardDate="1952-01-01">1952</fromDate>
               <toDate standardDate="2005-12-31">2005</toDate>
            </dateRange>
         </cpfRelation>
         <cpfRelation xmlns:xlink="http://www.w3.org/1999/xlink"
                      cpfRelationType="associative"
                      xlink:href="FRAN_NP_009155"
                      xlink:type="simple">
            <relationEntry>Compagnie nationale Air France</relationEntry>
            <dateRange>
               <fromDate standardDate="1948-01-01">1948</fromDate>
               <toDate standardDate="1998-12-31">1998</toDate>
            </dateRange>
         </cpfRelation>
         <cpfRelation xmlns:xlink="http://www.w3.org/1999/xlink"
                      cpfRelationType="associative"
                      xlink:href="FRAN_NP_009154"
                      xlink:type="simple">
            <relationEntry>Institut du transport aérien</relationEntry>
            <dateRange>
               <fromDate standardDate="1946-01-01">1946</fromDate>
               <toDate standardDate="2010-12-31">2010</toDate>
            </dateRange>
         </cpfRelation>
         <cpfRelation xmlns:xlink="http://www.w3.org/1999/xlink"
                      cpfRelationType="hierarchical-child"
                      xlink:href="FRAN_NP_009152"
                      xlink:type="simple">
            <relationEntry>Service technique de la navigation aérienne</relationEntry>
            <dateRange>
               <fromDate standardDate="1961-01-01">1961</fromDate>
               <toDate standardDate="2005-12-31">2005</toDate>
            </dateRange>
         </cpfRelation>
         <cpfRelation xmlns:xlink="http://www.w3.org/1999/xlink"
                      cpfRelationType="hierarchical-child"
                      xlink:href="FRAN_NP_009108"
                      xlink:type="simple">
            <relationEntry>Direction de la navigation aérienne</relationEntry>
            <dateRange>
               <fromDate standardDate="1960-01-01">1960</fromDate>
               <toDate standardDate="2005-12-31">2005</toDate>
            </dateRange>
         </cpfRelation>
         <cpfRelation xmlns:xlink="http://www.w3.org/1999/xlink"
                      cpfRelationType="hierarchical-child"
                      xlink:href="FRAN_NP_009121"
                      xlink:type="simple">
            <relationEntry>Service des bases aériennes</relationEntry>
            <dateRange>
               <fromDate standardDate="1946-01-01">1946</fromDate>
               <toDate standardDate="2005-12-31">2005</toDate>
            </dateRange>
         </cpfRelation>
         <cpfRelation xmlns:xlink="http://www.w3.org/1999/xlink"
                      cpfRelationType="hierarchical-child"
                      xlink:href="FRAN_NP_009043"
                      xlink:type="simple">
            <relationEntry>Cabinet du directeur général de l'aviation civile</relationEntry>
            <dateRange>
               <fromDate standardDate="1946-01-01">1946</fromDate>
            </dateRange>
         </cpfRelation>
         <cpfRelation xmlns:xlink="http://www.w3.org/1999/xlink"
                      cpfRelationType="hierarchical-child"
                      xlink:href="FRAN_NP_009045"
                      xlink:type="simple">
            <relationEntry>Commission de discipline des navigants non professionnels de l'aéronautique civile</relationEntry>
            <dateRange>
               <fromDate standardDate="1955-01-01">1955</fromDate>
               <toDate standardDate="1977-12-31">1977</toDate>
            </dateRange>
         </cpfRelation>
         <cpfRelation xmlns:xlink="http://www.w3.org/1999/xlink"
                      cpfRelationType="hierarchical-child"
                      xlink:href="FRAN_NP_009046"
                      xlink:type="simple">
            <relationEntry>Conseil de discipline du personnel navigant professionnel de l'aéronautique civile</relationEntry>
            <dateRange>
               <fromDate standardDate="1962-04-07">7 avril 1962</fromDate>
            </dateRange>
         </cpfRelation>
         <cpfRelation xmlns:xlink="http://www.w3.org/1999/xlink"
                      cpfRelationType="hierarchical-child"
                      xlink:href="FRAN_NP_009052"
                      xlink:type="simple">
            <relationEntry>Conseil supérieur de l'aviation marchande</relationEntry>
            <dateRange>
               <fromDate standardDate="1951-01-01">1951</fromDate>
               <toDate standardDate="2009-12-31">2009</toDate>
            </dateRange>
         </cpfRelation>
         <cpfRelation xmlns:xlink="http://www.w3.org/1999/xlink"
                      cpfRelationType="hierarchical-child"
                      xlink:href="FRAN_NP_009056"
                      xlink:type="simple">
            <relationEntry>Inspection générale de l'aviation civile</relationEntry>
            <dateRange>
               <fromDate standardDate="1946-01-01">1946</fromDate>
               <toDate standardDate="2005-12-31">2005</toDate>
            </dateRange>
         </cpfRelation>
         <cpfRelation xmlns:xlink="http://www.w3.org/1999/xlink"
                      cpfRelationType="hierarchical-child"
                      xlink:href="FRAN_NP_009059"
                      xlink:type="simple">
            <relationEntry>Services rattachés au directeur général (direction générale de l'aviation civile)</relationEntry>
            <dateRange>
               <fromDate standardDate="1946-01-01">1946</fromDate>
            </dateRange>
         </cpfRelation>
         <cpfRelation xmlns:xlink="http://www.w3.org/1999/xlink"
                      cpfRelationType="hierarchical-child"
                      xlink:href="FRAN_NP_009057"
                      xlink:type="simple">
            <relationEntry>Organisme de contrôle en vol (direction générale de l'aviation civile)</relationEntry>
            <dateRange>
               <fromDate standardDate="1951-01-01">1951</fromDate>
            </dateRange>
         </cpfRelation>
         <cpfRelation xmlns:xlink="http://www.w3.org/1999/xlink"
                      cpfRelationType="hierarchical-child"
                      xlink:href="FRAN_NP_009077"
                      xlink:type="simple">
            <relationEntry>Direction des ressources humaines et des affaires financières (direction générale de l'aviation civile)</relationEntry>
            <dateRange>
               <fromDate standardDate="1949-01-01">1949</fromDate>
               <toDate standardDate="1995-12-31">1995</toDate>
            </dateRange>
         </cpfRelation>
         <cpfRelation xmlns:xlink="http://www.w3.org/1999/xlink"
                      cpfRelationType="hierarchical-parent"
                      xlink:href="FRAN_NP_000006"
                      xlink:type="simple">
            <relationEntry>Ministère de l'Écologie et du Développement durable</relationEntry>
            <dateRange>
               <fromDate standardDate="2007-05-18">18 mai 2007</fromDate>
               <toDate/>
            </dateRange>
         </cpfRelation>
         <resourceRelation xmlns:xlink="http://www.w3.org/1999/xlink"
                           resourceRelationType="subjectOf"
                           xlink:href="FRAN_IR_010596"
                           xlink:type="simple">
            <relationEntry localType="archival">Equipement, logement, transports (XXe siècle)</relationEntry>
         </resourceRelation>
         <resourceRelation xmlns:xlink="http://www.w3.org/1999/xlink"
                           resourceRelationType="creatorOf"
                           xlink:href="FRAN_IR_012548"
                           xlink:type="simple">
            <relationEntry localType="archival">Transports ; Direction générale de l'aviation civile ; Services rattachés au directeur (1976-1979)</relationEntry>
         </resourceRelation>
         <resourceRelation xmlns:xlink="http://www.w3.org/1999/xlink"
                           resourceRelationType="creatorOf"
                           xlink:href="FRAN_IR_021195"
                           xlink:type="simple">
            <relationEntry localType="archival">Transports ; Direction générale de l'aviation civile ; Service des personnels et de la gestion ; Sous-direction gestion financière, méthodes (1979-1986) ; Sous-direction financière (1987) - Sous-direction affaires financières, informatique (1988-) (1970-1978)</relationEntry>
         </resourceRelation>
         <resourceRelation xmlns:xlink="http://www.w3.org/1999/xlink"
                           resourceRelationType="creatorOf"
                           xlink:href="FRAN_IR_021388"
                           xlink:type="simple">
            <relationEntry localType="archival">Transports ; Direction générale de l'aviation civile ; Services rattachés au directeur (1974-1978)</relationEntry>
         </resourceRelation>
      </relations>
   </cpfDescription>
</eac-cpf>
